seed,model,phase,A_TF,R_ethical,H_self,capture_resistance,R_gain_in_phase
11800,no_codevelopment,1,0.22,0.54,0.68,0.28,0.0
11800,no_codevelopment,2,0.22,0.54,0.68,0.28,0.0
11800,no_codevelopment,3,0.22,0.54,0.68,0.28,0.0
11800,no_codevelopment,4,0.22,0.54,0.68,0.28,0.0
11800,no_codevelopment,5,0.22,0.54,0.68,0.28,0.0
11800,no_codevelopment,6,0.22,0.54,0.68,0.28,0.0
11800,one_way_thirdfactor_to_ethicalsense,1,0.22,0.5,0.9,0.1,-0.040000000000000036
11800,one_way_thirdfactor_to_ethicalsense,2,0.22,0.5,0.9,0.1,0.0
11800,one_way_thirdfactor_to_ethicalsense,3,0.22,0.5,0.9,0.1,0.0
11800,one_way_thirdfactor_to_ethicalsense,4,0.22,0.5,0.9,0.1,0.0
11800,one_way_thirdfactor_to_ethicalsense,5,0.22,0.5,0.9,0.1,0.0
11800,one_way_thirdfactor_to_ethicalsense,6,0.22,0.5,0.9,0.1,0.0
11800,bidirectional_codevelopment,1,0.1,0.5,0.9,0.1,-0.040000000000000036
11800,bidirectional_codevelopment,2,0.1,0.5,0.9,0.1,0.0
11800,bidirectional_codevelopment,3,0.1,0.5,0.9,0.1,0.0
11800,bidirectional_codevelopment,4,0.1,0.5,0.9,0.1,0.0
11800,bidirectional_codevelopment,5,0.1,0.5,0.9,0.1,0.0
11800,bidirectional_codevelopment,6,0.1,0.5,0.9,0.1,0.0
11801,no_codevelopment,1,0.22,0.54,0.68,0.28,0.0
11801,no_codevelopment,2,0.22,0.54,0.68,0.28,0.0
11801,no_codevelopment,3,0.22,0.54,0.68,0.28,0.0
11801,no_codevelopment,4,0.22,0.54,0.68,0.28,0.0
11801,no_codevelopment,5,0.22,0.54,0.68,0.28,0.0
11801,no_codevelopment,6,0.22,0.54,0.68,0.28,0.0
11801,one_way_thirdfactor_to_ethicalsense,1,0.22,0.5,0.9,0.1,-0.040000000000000036
11801,one_way_thirdfactor_to_ethicalsense,2,0.22,0.5,0.9,0.1,0.0
11801,one_way_thirdfactor_to_ethicalsense,3,0.22,0.5,0.9,0.1,0.0
11801,one_way_thirdfactor_to_ethicalsense,4,0.22,0.5,0.9,0.1,0.0
11801,one_way_thirdfactor_to_ethicalsense,5,0.22,0.5,0.9,0.1,0.0
11801,one_way_thirdfactor_to_ethicalsense,6,0.22,0.5,0.9,0.1,0.0
11801,bidirectional_codevelopment,1,0.1,0.5,0.9,0.1,-0.040000000000000036
11801,bidirectional_codevelopment,2,0.1,0.5,0.9,0.1,0.0
11801,bidirectional_codevelopment,3,0.1,0.5,0.9,0.1,0.0
11801,bidirectional_codevelopment,4,0.1,0.5,0.9,0.1,0.0
11801,bidirectional_codevelopment,5,0.1,0.5,0.9,0.1,0.0
11801,bidirectional_codevelopment,6,0.1,0.5,0.9,0.1,0.0
11802,no_codevelopment,1,0.22,0.54,0.68,0.28,0.0
11802,no_codevelopment,2,0.22,0.54,0.68,0.28,0.0
11802,no_codevelopment,3,0.22,0.54,0.68,0.28,0.0
11802,no_codevelopment,4,0.22,0.54,0.68,0.28,0.0
11802,no_codevelopment,5,0.22,0.54,0.68,0.28,0.0
11802,no_codevelopment,6,0.22,0.54,0.68,0.28,0.0
11802,one_way_thirdfactor_to_ethicalsense,1,0.22,0.5,0.9,0.1,-0.040000000000000036
11802,one_way_thirdfactor_to_ethicalsense,2,0.22,0.5,0.9,0.1,0.0
11802,one_way_thirdfactor_to_ethicalsense,3,0.22,0.5,0.9,0.1,0.0
11802,one_way_thirdfactor_to_ethicalsense,4,0.22,0.5,0.9,0.1,0.0
11802,one_way_thirdfactor_to_ethicalsense,5,0.22,0.5,0.9,0.1,0.0
11802,one_way_thirdfactor_to_ethicalsense,6,0.22,0.5,0.9,0.1,0.0
11802,bidirectional_codevelopment,1,0.1,0.5,0.9,0.1,-0.040000000000000036
11802,bidirectional_codevelopment,2,0.1,0.5,0.9,0.1,0.0
11802,bidirectional_codevelopment,3,0.1,0.5,0.9,0.1,0.0
11802,bidirectional_codevelopment,4,0.1,0.5,0.9,0.1,0.0
11802,bidirectional_codevelopment,5,0.1,0.5,0.9,0.1,0.0
11802,bidirectional_codevelopment,6,0.1,0.5,0.9,0.1,0.0
11803,no_codevelopment,1,0.22,0.54,0.68,0.28,0.0
11803,no_codevelopment,2,0.22,0.54,0.68,0.28,0.0
11803,no_codevelopment,3,0.22,0.54,0.68,0.28,0.0
11803,no_codevelopment,4,0.22,0.54,0.68,0.28,0.0
11803,no_codevelopment,5,0.22,0.54,0.68,0.28,0.0
11803,no_codevelopment,6,0.22,0.54,0.68,0.28,0.0
11803,one_way_thirdfactor_to_ethicalsense,1,0.22,0.5,0.9,0.1,-0.040000000000000036
11803,one_way_thirdfactor_to_ethicalsense,2,0.22,0.5,0.9,0.1,0.0
11803,one_way_thirdfactor_to_ethicalsense,3,0.22,0.5,0.9,0.1,0.0
11803,one_way_thirdfactor_to_ethicalsense,4,0.22,0.5,0.9,0.1,0.0
11803,one_way_thirdfactor_to_ethicalsense,5,0.22,0.5,0.9,0.1,0.0
11803,one_way_thirdfactor_to_ethicalsense,6,0.22,0.5,0.9,0.1,0.0
11803,bidirectional_codevelopment,1,0.1,0.5,0.9,0.1,-0.040000000000000036
11803,bidirectional_codevelopment,2,0.1,0.5,0.9,0.1,0.0
11803,bidirectional_codevelopment,3,0.1,0.5,0.9,0.1,0.0
11803,bidirectional_codevelopment,4,0.1,0.5,0.9,0.1,0.0
11803,bidirectional_codevelopment,5,0.1,0.5,0.9,0.1,0.0
11803,bidirectional_codevelopment,6,0.1,0.5,0.9,0.1,0.0
11804,no_codevelopment,1,0.22,0.54,0.68,0.28,0.0
11804,no_codevelopment,2,0.22,0.54,0.68,0.28,0.0
11804,no_codevelopment,3,0.22,0.54,0.68,0.28,0.0
11804,no_codevelopment,4,0.22,0.54,0.68,0.28,0.0
11804,no_codevelopment,5,0.22,0.54,0.68,0.28,0.0
11804,no_codevelopment,6,0.22,0.54,0.68,0.28,0.0
11804,one_way_thirdfactor_to_ethicalsense,1,0.22,0.5,0.9,0.1,-0.040000000000000036
11804,one_way_thirdfactor_to_ethicalsense,2,0.22,0.5,0.9,0.1,0.0
11804,one_way_thirdfactor_to_ethicalsense,3,0.22,0.5,0.9,0.1,0.0
11804,one_way_thirdfactor_to_ethicalsense,4,0.22,0.5,0.9,0.1,0.0
11804,one_way_thirdfactor_to_ethicalsense,5,0.22,0.5,0.9,0.1,0.0
11804,one_way_thirdfactor_to_ethicalsense,6,0.22,0.5,0.9,0.1,0.0
11804,bidirectional_codevelopment,1,0.1,0.5,0.9,0.1,-0.040000000000000036
11804,bidirectional_codevelopment,2,0.1,0.5,0.9,0.1,0.0
11804,bidirectional_codevelopment,3,0.1,0.5,0.9,0.1,0.0
11804,bidirectional_codevelopment,4,0.1,0.5,0.9,0.1,0.0
11804,bidirectional_codevelopment,5,0.1,0.5,0.9,0.1,0.0
11804,bidirectional_codevelopment,6,0.1,0.5,0.9,0.1,0.0
11805,no_codevelopment,1,0.22,0.54,0.68,0.28,0.0
11805,no_codevelopment,2,0.22,0.54,0.68,0.28,0.0
11805,no_codevelopment,3,0.22,0.54,0.68,0.28,0.0
11805,no_codevelopment,4,0.22,0.54,0.68,0.28,0.0
11805,no_codevelopment,5,0.22,0.54,0.68,0.28,0.0
11805,no_codevelopment,6,0.22,0.54,0.68,0.28,0.0
11805,one_way_thirdfactor_to_ethicalsense,1,0.22,0.5,0.9,0.1,-0.040000000000000036
11805,one_way_thirdfactor_to_ethicalsense,2,0.22,0.5,0.9,0.1,0.0
11805,one_way_thirdfactor_to_ethicalsense,3,0.22,0.50396,0.9,0.1,0.0039599999999999635
11805,one_way_thirdfactor_to_ethicalsense,4,0.22,0.5,0.9,0.1,-0.0039599999999999635
11805,one_way_thirdfactor_to_ethicalsense,5,0.22,0.5,0.9,0.1,0.0
11805,one_way_thirdfactor_to_ethicalsense,6,0.22,0.5,0.9,0.1,0.0
11805,bidirectional_codevelopment,1,0.1,0.5,0.9,0.1,-0.040000000000000036
11805,bidirectional_codevelopment,2,0.1,0.5,0.9,0.1,0.0
11805,bidirectional_codevelopment,3,0.1,0.5,0.9,0.1,0.0
11805,bidirectional_codevelopment,4,0.1,0.5,0.9,0.1,0.0
11805,bidirectional_codevelopment,5,0.1,0.5,0.9,0.1,0.0
11805,bidirectional_codevelopment,6,0.1,0.5,0.9,0.1,0.0
11806,no_codevelopment,1,0.22,0.54,0.68,0.28,0.0
11806,no_codevelopment,2,0.22,0.54,0.68,0.28,0.0
11806,no_codevelopment,3,0.22,0.54,0.68,0.28,0.0
11806,no_codevelopment,4,0.22,0.54,0.68,0.28,0.0
11806,no_codevelopment,5,0.22,0.54,0.68,0.28,0.0
11806,no_codevelopment,6,0.22,0.54,0.68,0.28,0.0
11806,one_way_thirdfactor_to_ethicalsense,1,0.22,0.5,0.9,0.1,-0.040000000000000036
11806,one_way_thirdfactor_to_ethicalsense,2,0.22,0.5,0.9,0.1,0.0
11806,one_way_thirdfactor_to_ethicalsense,3,0.22,0.5,0.9,0.1,0.0
11806,one_way_thirdfactor_to_ethicalsense,4,0.22,0.50396,0.9,0.1,0.0039599999999999635
11806,one_way_thirdfactor_to_ethicalsense,5,0.22,0.5,0.9,0.1,-0.0039599999999999635
11806,one_way_thirdfactor_to_ethicalsense,6,0.22,0.5,0.9,0.1,0.0
11806,bidirectional_codevelopment,1,0.1,0.5,0.9,0.1,-0.040000000000000036
11806,bidirectional_codevelopment,2,0.1,0.5,0.9,0.1,0.0
11806,bidirectional_codevelopment,3,0.1,0.5,0.9,0.1,0.0
11806,bidirectional_codevelopment,4,0.1,0.5,0.9,0.1,0.0
11806,bidirectional_codevelopment,5,0.1,0.5018,0.9,0.1,0.0018000000000000238
11806,bidirectional_codevelopment,6,0.1,0.5,0.9,0.1,-0.0018000000000000238
11807,no_codevelopment,1,0.22,0.54,0.68,0.28,0.0
11807,no_codevelopment,2,0.22,0.54,0.68,0.28,0.0
11807,no_codevelopment,3,0.22,0.54,0.68,0.28,0.0
11807,no_codevelopment,4,0.22,0.54,0.68,0.28,0.0
11807,no_codevelopment,5,0.22,0.54,0.68,0.28,0.0
11807,no_codevelopment,6,0.22,0.54,0.68,0.28,0.0
11807,one_way_thirdfactor_to_ethicalsense,1,0.22,0.50396,0.9,0.1,-0.03604000000000007
11807,one_way_thirdfactor_to_ethicalsense,2,0.22,0.5,0.9,0.1,-0.0039599999999999635
11807,one_way_thirdfactor_to_ethicalsense,3,0.22,0.5,0.9,0.1,0.0
11807,one_way_thirdfactor_to_ethicalsense,4,0.22,0.5,0.9,0.1,0.0
11807,one_way_thirdfactor_to_ethicalsense,5,0.22,0.5,0.9,0.1,0.0
11807,one_way_thirdfactor_to_ethicalsense,6,0.22,0.5,0.9,0.1,0.0
11807,bidirectional_codevelopment,1,0.1,0.5018,0.9,0.1,-0.03820000000000001
11807,bidirectional_codevelopment,2,0.1,0.5,0.9,0.1,-0.0018000000000000238
11807,bidirectional_codevelopment,3,0.1,0.5,0.9,0.1,0.0
11807,bidirectional_codevelopment,4,0.1,0.5,0.9,0.1,0.0
11807,bidirectional_codevelopment,5,0.1,0.5,0.9,0.1,0.0
11807,bidirectional_codevelopment,6,0.1,0.5,0.9,0.1,0.0
11808,no_codevelopment,1,0.22,0.54,0.68,0.28,0.0
11808,no_codevelopment,2,0.22,0.54,0.68,0.28,0.0
11808,no_codevelopment,3,0.22,0.54,0.68,0.28,0.0
11808,no_codevelopment,4,0.22,0.54,0.68,0.28,0.0
11808,no_codevelopment,5,0.22,0.54,0.68,0.28,0.0
11808,no_codevelopment,6,0.22,0.54,0.68,0.28,0.0
11808,one_way_thirdfactor_to_ethicalsense,1,0.22,0.5,0.9,0.1,-0.040000000000000036
11808,one_way_thirdfactor_to_ethicalsense,2,0.22,0.5,0.9,0.1,0.0
11808,one_way_thirdfactor_to_ethicalsense,3,0.22,0.5,0.9,0.1,0.0
11808,one_way_thirdfactor_to_ethicalsense,4,0.22,0.5,0.9,0.1,0.0
11808,one_way_thirdfactor_to_ethicalsense,5,0.22,0.50396,0.9,0.1,0.0039599999999999635
11808,one_way_thirdfactor_to_ethicalsense,6,0.22,0.5,0.9,0.1,-0.0039599999999999635
11808,bidirectional_codevelopment,1,0.1,0.5,0.9,0.1,-0.040000000000000036
11808,bidirectional_codevelopment,2,0.1,0.5,0.9,0.1,0.0
11808,bidirectional_codevelopment,3,0.1,0.5,0.9,0.1,0.0
11808,bidirectional_codevelopment,4,0.1,0.5,0.9,0.1,0.0
11808,bidirectional_codevelopment,5,0.1,0.5,0.9,0.1,0.0
11808,bidirectional_codevelopment,6,0.1,0.5,0.9,0.1,0.0
11809,no_codevelopment,1,0.22,0.54,0.68,0.28,0.0
11809,no_codevelopment,2,0.22,0.54,0.68,0.28,0.0
11809,no_codevelopment,3,0.22,0.54,0.68,0.28,0.0
11809,no_codevelopment,4,0.22,0.54,0.68,0.28,0.0
11809,no_codevelopment,5,0.22,0.54,0.68,0.28,0.0
11809,no_codevelopment,6,0.22,0.54,0.68,0.28,0.0
11809,one_way_thirdfactor_to_ethicalsense,1,0.22,0.5,0.9,0.1,-0.040000000000000036
11809,one_way_thirdfactor_to_ethicalsense,2,0.22,0.5,0.9,0.1,0.0
11809,one_way_thirdfactor_to_ethicalsense,3,0.22,0.50396,0.9,0.1,0.0039599999999999635
11809,one_way_thirdfactor_to_ethicalsense,4,0.22,0.50396,0.9,0.1,0.0
11809,one_way_thirdfactor_to_ethicalsense,5,0.22,0.5,0.9,0.1,-0.0039599999999999635
11809,one_way_thirdfactor_to_ethicalsense,6,0.22,0.5,0.9,0.1,0.0
11809,bidirectional_codevelopment,1,0.1,0.5,0.9,0.1,-0.040000000000000036
11809,bidirectional_codevelopment,2,0.1,0.5,0.9,0.1,0.0
11809,bidirectional_codevelopment,3,0.1,0.5,0.9,0.1,0.0
11809,bidirectional_codevelopment,4,0.1,0.5,0.9,0.1,0.0
11809,bidirectional_codevelopment,5,0.1,0.5,0.9,0.1,0.0
11809,bidirectional_codevelopment,6,0.1,0.5,0.9,0.1,0.0
11810,no_codevelopment,1,0.22,0.54,0.68,0.28,0.0
11810,no_codevelopment,2,0.22,0.54,0.68,0.28,0.0
11810,no_codevelopment,3,0.22,0.54,0.68,0.28,0.0
11810,no_codevelopment,4,0.22,0.54,0.68,0.28,0.0
11810,no_codevelopment,5,0.22,0.54,0.68,0.28,0.0
11810,no_codevelopment,6,0.22,0.54,0.68,0.28,0.0
11810,one_way_thirdfactor_to_ethicalsense,1,0.22,0.5,0.9,0.1,-0.040000000000000036
11810,one_way_thirdfactor_to_ethicalsense,2,0.22,0.5,0.9,0.1,0.0
11810,one_way_thirdfactor_to_ethicalsense,3,0.22,0.5,0.9,0.1,0.0
11810,one_way_thirdfactor_to_ethicalsense,4,0.22,0.5,0.9,0.1,0.0
11810,one_way_thirdfactor_to_ethicalsense,5,0.22,0.5,0.9,0.1,0.0
11810,one_way_thirdfactor_to_ethicalsense,6,0.22,0.50396,0.9,0.1,0.0039599999999999635
11810,bidirectional_codevelopment,1,0.1,0.5,0.9,0.1,-0.040000000000000036
11810,bidirectional_codevelopment,2,0.1,0.5,0.9,0.1,0.0
11810,bidirectional_codevelopment,3,0.1,0.5018,0.9,0.1,0.0018000000000000238
11810,bidirectional_codevelopment,4,0.1,0.5,0.9,0.1,-0.0018000000000000238
11810,bidirectional_codevelopment,5,0.1,0.5,0.9,0.1,0.0
11810,bidirectional_codevelopment,6,0.1,0.5,0.9,0.1,0.0
11811,no_codevelopment,1,0.22,0.54,0.68,0.28,0.0
11811,no_codevelopment,2,0.22,0.54,0.68,0.28,0.0
11811,no_codevelopment,3,0.22,0.54,0.68,0.28,0.0
11811,no_codevelopment,4,0.22,0.54,0.68,0.28,0.0
11811,no_codevelopment,5,0.22,0.54,0.68,0.28,0.0
11811,no_codevelopment,6,0.22,0.54,0.68,0.28,0.0
11811,one_way_thirdfactor_to_ethicalsense,1,0.22,0.5,0.9,0.1,-0.040000000000000036
11811,one_way_thirdfactor_to_ethicalsense,2,0.22,0.50396,0.9,0.1,0.0039599999999999635
11811,one_way_thirdfactor_to_ethicalsense,3,0.22,0.5,0.9,0.1,-0.0039599999999999635
11811,one_way_thirdfactor_to_ethicalsense,4,0.22,0.5,0.9,0.1,0.0
11811,one_way_thirdfactor_to_ethicalsense,5,0.22,0.5,0.9,0.1,0.0
11811,one_way_thirdfactor_to_ethicalsense,6,0.22,0.50396,0.9,0.1,0.0039599999999999635
11811,bidirectional_codevelopment,1,0.1,0.5,0.9,0.1,-0.040000000000000036
11811,bidirectional_codevelopment,2,0.1,0.5,0.9,0.1,0.0
11811,bidirectional_codevelopment,3,0.1,0.5,0.9,0.1,0.0
11811,bidirectional_codevelopment,4,0.1,0.5,0.9,0.1,0.0
11811,bidirectional_codevelopment,5,0.1,0.5,0.9,0.1,0.0
11811,bidirectional_codevelopment,6,0.1,0.5,0.9,0.1,0.0
11812,no_codevelopment,1,0.22,0.54,0.68,0.28,0.0
11812,no_codevelopment,2,0.22,0.54,0.68,0.28,0.0
11812,no_codevelopment,3,0.22,0.54,0.68,0.28,0.0
11812,no_codevelopment,4,0.22,0.54,0.68,0.28,0.0
11812,no_codevelopment,5,0.22,0.54,0.68,0.28,0.0
11812,no_codevelopment,6,0.22,0.54,0.68,0.28,0.0
11812,one_way_thirdfactor_to_ethicalsense,1,0.22,0.5,0.9,0.1,-0.040000000000000036
11812,one_way_thirdfactor_to_ethicalsense,2,0.22,0.5,0.9,0.1,0.0
11812,one_way_thirdfactor_to_ethicalsense,3,0.22,0.5,0.9,0.1,0.0
11812,one_way_thirdfactor_to_ethicalsense,4,0.22,0.5,0.9,0.1,0.0
11812,one_way_thirdfactor_to_ethicalsense,5,0.22,0.5,0.9,0.1,0.0
11812,one_way_thirdfactor_to_ethicalsense,6,0.22,0.5,0.9,0.1,0.0
11812,bidirectional_codevelopment,1,0.1,0.5,0.9,0.1,-0.040000000000000036
11812,bidirectional_codevelopment,2,0.1,0.5018,0.9,0.1,0.0018000000000000238
11812,bidirectional_codevelopment,3,0.1,0.5,0.9,0.1,-0.0018000000000000238
11812,bidirectional_codevelopment,4,0.1,0.5018,0.9,0.1,0.0018000000000000238
11812,bidirectional_codevelopment,5,0.1,0.5,0.9,0.1,-0.0018000000000000238
11812,bidirectional_codevelopment,6,0.1,0.5,0.9,0.1,0.0
11813,no_codevelopment,1,0.22,0.54,0.68,0.28,0.0
11813,no_codevelopment,2,0.22,0.54,0.68,0.28,0.0
11813,no_codevelopment,3,0.22,0.54,0.68,0.28,0.0
11813,no_codevelopment,4,0.22,0.54,0.68,0.28,0.0
11813,no_codevelopment,5,0.22,0.54,0.68,0.28,0.0
11813,no_codevelopment,6,0.22,0.54,0.68,0.28,0.0
11813,one_way_thirdfactor_to_ethicalsense,1,0.22,0.50396,0.9,0.1,-0.03604000000000007
11813,one_way_thirdfactor_to_ethicalsense,2,0.22,0.5,0.9,0.1,-0.0039599999999999635
11813,one_way_thirdfactor_to_ethicalsense,3,0.22,0.5,0.9,0.1,0.0
11813,one_way_thirdfactor_to_ethicalsense,4,0.22,0.5,0.9,0.1,0.0
11813,one_way_thirdfactor_to_ethicalsense,5,0.22,0.5,0.9,0.1,0.0
11813,one_way_thirdfactor_to_ethicalsense,6,0.22,0.5,0.9,0.1,0.0
11813,bidirectional_codevelopment,1,0.1,0.5,0.9,0.1,-0.040000000000000036
11813,bidirectional_codevelopment,2,0.1,0.5,0.9,0.1,0.0
11813,bidirectional_codevelopment,3,0.1,0.5,0.9,0.1,0.0
11813,bidirectional_codevelopment,4,0.1,0.5,0.9,0.1,0.0
11813,bidirectional_codevelopment,5,0.1,0.5,0.9,0.1,0.0
11813,bidirectional_codevelopment,6,0.1,0.5,0.9,0.1,0.0
11814,no_codevelopment,1,0.22,0.54,0.68,0.28,0.0
11814,no_codevelopment,2,0.22,0.54,0.68,0.28,0.0
11814,no_codevelopment,3,0.22,0.54,0.68,0.28,0.0
11814,no_codevelopment,4,0.22,0.54,0.68,0.28,0.0
11814,no_codevelopment,5,0.22,0.54,0.68,0.28,0.0
11814,no_codevelopment,6,0.22,0.54,0.68,0.28,0.0
11814,one_way_thirdfactor_to_ethicalsense,1,0.22,0.50396,0.9,0.1,-0.03604000000000007
11814,one_way_thirdfactor_to_ethicalsense,2,0.22,0.5,0.9,0.1,-0.0039599999999999635
11814,one_way_thirdfactor_to_ethicalsense,3,0.22,0.5,0.9,0.1,0.0
11814,one_way_thirdfactor_to_ethicalsense,4,0.22,0.5,0.9,0.1,0.0
11814,one_way_thirdfactor_to_ethicalsense,5,0.22,0.5,0.9,0.1,0.0
11814,one_way_thirdfactor_to_ethicalsense,6,0.22,0.5,0.9,0.1,0.0
11814,bidirectional_codevelopment,1,0.1,0.5,0.9,0.1,-0.040000000000000036
11814,bidirectional_codevelopment,2,0.1,0.5,0.9,0.1,0.0
11814,bidirectional_codevelopment,3,0.1,0.5,0.9,0.1,0.0
11814,bidirectional_codevelopment,4,0.1,0.5,0.9,0.1,0.0
11814,bidirectional_codevelopment,5,0.1,0.5,0.9,0.1,0.0
11814,bidirectional_codevelopment,6,0.1,0.5,0.9,0.1,0.0
11815,no_codevelopment,1,0.22,0.54,0.68,0.28,0.0
11815,no_codevelopment,2,0.22,0.54,0.68,0.28,0.0
11815,no_codevelopment,3,0.22,0.54,0.68,0.28,0.0
11815,no_codevelopment,4,0.22,0.54,0.68,0.28,0.0
11815,no_codevelopment,5,0.22,0.54,0.68,0.28,0.0
11815,no_codevelopment,6,0.22,0.54,0.68,0.28,0.0
11815,one_way_thirdfactor_to_ethicalsense,1,0.22,0.5,0.9,0.1,-0.040000000000000036
11815,one_way_thirdfactor_to_ethicalsense,2,0.22,0.5,0.9,0.1,0.0
11815,one_way_thirdfactor_to_ethicalsense,3,0.22,0.5,0.9,0.1,0.0
11815,one_way_thirdfactor_to_ethicalsense,4,0.22,0.5,0.9,0.1,0.0
11815,one_way_thirdfactor_to_ethicalsense,5,0.22,0.5,0.9,0.1,0.0
11815,one_way_thirdfactor_to_ethicalsense,6,0.22,0.5,0.9,0.1,0.0
11815,bidirectional_codevelopment,1,0.1,0.5,0.9,0.1,-0.040000000000000036
11815,bidirectional_codevelopment,2,0.1,0.5,0.9,0.1,0.0
11815,bidirectional_codevelopment,3,0.1,0.5,0.9,0.1,0.0
11815,bidirectional_codevelopment,4,0.1,0.5,0.9,0.1,0.0
11815,bidirectional_codevelopment,5,0.1,0.5,0.9,0.1,0.0
11815,bidirectional_codevelopment,6,0.1,0.5,0.9,0.1,0.0
11816,no_codevelopment,1,0.22,0.54,0.68,0.28,0.0
11816,no_codevelopment,2,0.22,0.54,0.68,0.28,0.0
11816,no_codevelopment,3,0.22,0.54,0.68,0.28,0.0
11816,no_codevelopment,4,0.22,0.54,0.68,0.28,0.0
11816,no_codevelopment,5,0.22,0.54,0.68,0.28,0.0
11816,no_codevelopment,6,0.22,0.54,0.68,0.28,0.0
11816,one_way_thirdfactor_to_ethicalsense,1,0.22,0.5,0.9,0.1,-0.040000000000000036
11816,one_way_thirdfactor_to_ethicalsense,2,0.22,0.5,0.9,0.1,0.0
11816,one_way_thirdfactor_to_ethicalsense,3,0.22,0.5,0.9,0.1,0.0
11816,one_way_thirdfactor_to_ethicalsense,4,0.22,0.5,0.9,0.1,0.0
11816,one_way_thirdfactor_to_ethicalsense,5,0.22,0.5,0.9,0.1,0.0
11816,one_way_thirdfactor_to_ethicalsense,6,0.22,0.5,0.9,0.1,0.0
11816,bidirectional_codevelopment,1,0.1,0.5,0.9,0.1,-0.040000000000000036
11816,bidirectional_codevelopment,2,0.1,0.5,0.9,0.1,0.0
11816,bidirectional_codevelopment,3,0.1,0.5,0.9,0.1,0.0
11816,bidirectional_codevelopment,4,0.1,0.5,0.9,0.1,0.0
11816,bidirectional_codevelopment,5,0.1,0.5,0.9,0.1,0.0
11816,bidirectional_codevelopment,6,0.1,0.5,0.9,0.1,0.0
11817,no_codevelopment,1,0.22,0.54,0.68,0.28,0.0
11817,no_codevelopment,2,0.22,0.54,0.68,0.28,0.0
11817,no_codevelopment,3,0.22,0.54,0.68,0.28,0.0
11817,no_codevelopment,4,0.22,0.54,0.68,0.28,0.0
11817,no_codevelopment,5,0.22,0.54,0.68,0.28,0.0
11817,no_codevelopment,6,0.22,0.54,0.68,0.28,0.0
11817,one_way_thirdfactor_to_ethicalsense,1,0.22,0.5,0.9,0.1,-0.040000000000000036
11817,one_way_thirdfactor_to_ethicalsense,2,0.22,0.5,0.9,0.1,0.0
11817,one_way_thirdfactor_to_ethicalsense,3,0.22,0.5,0.9,0.1,0.0
11817,one_way_thirdfactor_to_ethicalsense,4,0.22,0.5,0.9,0.1,0.0
11817,one_way_thirdfactor_to_ethicalsense,5,0.22,0.5,0.9,0.1,0.0
11817,one_way_thirdfactor_to_ethicalsense,6,0.22,0.5,0.9,0.1,0.0
11817,bidirectional_codevelopment,1,0.1,0.5,0.9,0.1,-0.040000000000000036
11817,bidirectional_codevelopment,2,0.1,0.5018,0.9,0.1,0.0018000000000000238
11817,bidirectional_codevelopment,3,0.1,0.5,0.9,0.1,-0.0018000000000000238
11817,bidirectional_codevelopment,4,0.1,0.5,0.9,0.1,0.0
11817,bidirectional_codevelopment,5,0.1,0.5,0.9,0.1,0.0
11817,bidirectional_codevelopment,6,0.1,0.5,0.9,0.1,0.0
11818,no_codevelopment,1,0.22,0.54,0.68,0.28,0.0
11818,no_codevelopment,2,0.22,0.54,0.68,0.28,0.0
11818,no_codevelopment,3,0.22,0.54,0.68,0.28,0.0
11818,no_codevelopment,4,0.22,0.54,0.68,0.28,0.0
11818,no_codevelopment,5,0.22,0.54,0.68,0.28,0.0
11818,no_codevelopment,6,0.22,0.54,0.68,0.28,0.0
11818,one_way_thirdfactor_to_ethicalsense,1,0.22,0.5,0.9,0.1,-0.040000000000000036
11818,one_way_thirdfactor_to_ethicalsense,2,0.22,0.5,0.9,0.1,0.0
11818,one_way_thirdfactor_to_ethicalsense,3,0.22,0.5,0.9,0.1,0.0
11818,one_way_thirdfactor_to_ethicalsense,4,0.22,0.5,0.9,0.1,0.0
11818,one_way_thirdfactor_to_ethicalsense,5,0.22,0.5,0.9,0.1,0.0
11818,one_way_thirdfactor_to_ethicalsense,6,0.22,0.5,0.9,0.1,0.0
11818,bidirectional_codevelopment,1,0.1,0.5,0.9,0.1,-0.040000000000000036
11818,bidirectional_codevelopment,2,0.1,0.5,0.9,0.1,0.0
11818,bidirectional_codevelopment,3,0.1,0.5,0.9,0.1,0.0
11818,bidirectional_codevelopment,4,0.1,0.5018,0.9,0.1,0.0018000000000000238
11818,bidirectional_codevelopment,5,0.1,0.5018,0.9,0.1,0.0
11818,bidirectional_codevelopment,6,0.1,0.5,0.9,0.1,-0.0018000000000000238
11819,no_codevelopment,1,0.22,0.54,0.68,0.28,0.0
11819,no_codevelopment,2,0.22,0.54,0.68,0.28,0.0
11819,no_codevelopment,3,0.22,0.54,0.68,0.28,0.0
11819,no_codevelopment,4,0.22,0.54,0.68,0.28,0.0
11819,no_codevelopment,5,0.22,0.54,0.68,0.28,0.0
11819,no_codevelopment,6,0.22,0.54,0.68,0.28,0.0
11819,one_way_thirdfactor_to_ethicalsense,1,0.22,0.5,0.9,0.1,-0.040000000000000036
11819,one_way_thirdfactor_to_ethicalsense,2,0.22,0.5,0.9,0.1,0.0
11819,one_way_thirdfactor_to_ethicalsense,3,0.22,0.50396,0.9,0.1,0.0039599999999999635
11819,one_way_thirdfactor_to_ethicalsense,4,0.22,0.5,0.9,0.1,-0.0039599999999999635
11819,one_way_thirdfactor_to_ethicalsense,5,0.22,0.5,0.9,0.1,0.0
11819,one_way_thirdfactor_to_ethicalsense,6,0.22,0.5,0.9,0.1,0.0
11819,bidirectional_codevelopment,1,0.1,0.5,0.9,0.1,-0.040000000000000036
11819,bidirectional_codevelopment,2,0.1,0.5,0.9,0.1,0.0
11819,bidirectional_codevelopment,3,0.1,0.5,0.9,0.1,0.0
11819,bidirectional_codevelopment,4,0.1,0.5,0.9,0.1,0.0
11819,bidirectional_codevelopment,5,0.1,0.5,0.9,0.1,0.0
11819,bidirectional_codevelopment,6,0.1,0.5,0.9,0.1,0.0
11820,no_codevelopment,1,0.22,0.54,0.68,0.28,0.0
11820,no_codevelopment,2,0.22,0.54,0.68,0.28,0.0
11820,no_codevelopment,3,0.22,0.54,0.68,0.28,0.0
11820,no_codevelopment,4,0.22,0.54,0.68,0.28,0.0
11820,no_codevelopment,5,0.22,0.54,0.68,0.28,0.0
11820,no_codevelopment,6,0.22,0.54,0.68,0.28,0.0
11820,one_way_thirdfactor_to_ethicalsense,1,0.22,0.50396,0.9,0.1,-0.03604000000000007
11820,one_way_thirdfactor_to_ethicalsense,2,0.22,0.5,0.9,0.1,-0.0039599999999999635
11820,one_way_thirdfactor_to_ethicalsense,3,0.22,0.5,0.9,0.1,0.0
11820,one_way_thirdfactor_to_ethicalsense,4,0.22,0.5,0.9,0.1,0.0
11820,one_way_thirdfactor_to_ethicalsense,5,0.22,0.5,0.9,0.1,0.0
11820,one_way_thirdfactor_to_ethicalsense,6,0.22,0.5,0.9,0.1,0.0
11820,bidirectional_codevelopment,1,0.1,0.5,0.9,0.1,-0.040000000000000036
11820,bidirectional_codevelopment,2,0.1,0.5,0.9,0.1,0.0
11820,bidirectional_codevelopment,3,0.1,0.5,0.9,0.1,0.0
11820,bidirectional_codevelopment,4,0.1,0.5018,0.9,0.1,0.0018000000000000238
11820,bidirectional_codevelopment,5,0.1,0.5,0.9,0.1,-0.0018000000000000238
11820,bidirectional_codevelopment,6,0.1,0.5,0.9,0.1,0.0
11821,no_codevelopment,1,0.22,0.54,0.68,0.28,0.0
11821,no_codevelopment,2,0.22,0.54,0.68,0.28,0.0
11821,no_codevelopment,3,0.22,0.54,0.68,0.28,0.0
11821,no_codevelopment,4,0.22,0.54,0.68,0.28,0.0
11821,no_codevelopment,5,0.22,0.54,0.68,0.28,0.0
11821,no_codevelopment,6,0.22,0.54,0.68,0.28,0.0
11821,one_way_thirdfactor_to_ethicalsense,1,0.22,0.50396,0.9,0.1,-0.03604000000000007
11821,one_way_thirdfactor_to_ethicalsense,2,0.22,0.5,0.9,0.1,-0.0039599999999999635
11821,one_way_thirdfactor_to_ethicalsense,3,0.22,0.5,0.9,0.1,0.0
11821,one_way_thirdfactor_to_ethicalsense,4,0.22,0.5,0.9,0.1,0.0
11821,one_way_thirdfactor_to_ethicalsense,5,0.22,0.5,0.9,0.1,0.0
11821,one_way_thirdfactor_to_ethicalsense,6,0.22,0.5,0.9,0.1,0.0
11821,bidirectional_codevelopment,1,0.1,0.5,0.9,0.1,-0.040000000000000036
11821,bidirectional_codevelopment,2,0.1,0.5,0.9,0.1,0.0
11821,bidirectional_codevelopment,3,0.1,0.5,0.9,0.1,0.0
11821,bidirectional_codevelopment,4,0.1,0.5,0.9,0.1,0.0
11821,bidirectional_codevelopment,5,0.1,0.5,0.9,0.1,0.0
11821,bidirectional_codevelopment,6,0.1,0.5,0.9,0.1,0.0
11822,no_codevelopment,1,0.22,0.54,0.68,0.28,0.0
11822,no_codevelopment,2,0.22,0.54,0.68,0.28,0.0
11822,no_codevelopment,3,0.22,0.54,0.68,0.28,0.0
11822,no_codevelopment,4,0.22,0.54,0.68,0.28,0.0
11822,no_codevelopment,5,0.22,0.54,0.68,0.28,0.0
11822,no_codevelopment,6,0.22,0.54,0.68,0.28,0.0
11822,one_way_thirdfactor_to_ethicalsense,1,0.22,0.5,0.9,0.1,-0.040000000000000036
11822,one_way_thirdfactor_to_ethicalsense,2,0.22,0.5,0.9,0.1,0.0
11822,one_way_thirdfactor_to_ethicalsense,3,0.22,0.50396,0.9,0.1,0.0039599999999999635
11822,one_way_thirdfactor_to_ethicalsense,4,0.22,0.5,0.9,0.1,-0.0039599999999999635
11822,one_way_thirdfactor_to_ethicalsense,5,0.22,0.50396,0.9,0.1,0.0039599999999999635
11822,one_way_thirdfactor_to_ethicalsense,6,0.22,0.5,0.9,0.1,-0.0039599999999999635
11822,bidirectional_codevelopment,1,0.1,0.5,0.9,0.1,-0.040000000000000036
11822,bidirectional_codevelopment,2,0.1,0.5,0.9,0.1,0.0
11822,bidirectional_codevelopment,3,0.1,0.5,0.9,0.1,0.0
11822,bidirectional_codevelopment,4,0.1,0.5,0.9,0.1,0.0
11822,bidirectional_codevelopment,5,0.1,0.5,0.9,0.1,0.0
11822,bidirectional_codevelopment,6,0.1,0.5,0.9,0.1,0.0
11823,no_codevelopment,1,0.22,0.54,0.68,0.28,0.0
11823,no_codevelopment,2,0.22,0.54,0.68,0.28,0.0
11823,no_codevelopment,3,0.22,0.54,0.68,0.28,0.0
11823,no_codevelopment,4,0.22,0.54,0.68,0.28,0.0
11823,no_codevelopment,5,0.22,0.54,0.68,0.28,0.0
11823,no_codevelopment,6,0.22,0.54,0.68,0.28,0.0
11823,one_way_thirdfactor_to_ethicalsense,1,0.22,0.50396,0.9,0.1,-0.03604000000000007
11823,one_way_thirdfactor_to_ethicalsense,2,0.22,0.5,0.9,0.1,-0.0039599999999999635
11823,one_way_thirdfactor_to_ethicalsense,3,0.22,0.5,0.9,0.1,0.0
11823,one_way_thirdfactor_to_ethicalsense,4,0.22,0.5,0.9,0.1,0.0
11823,one_way_thirdfactor_to_ethicalsense,5,0.22,0.5,0.9,0.1,0.0
11823,one_way_thirdfactor_to_ethicalsense,6,0.22,0.5,0.9,0.1,0.0
11823,bidirectional_codevelopment,1,0.1,0.5,0.9,0.1,-0.040000000000000036
11823,bidirectional_codevelopment,2,0.1,0.5,0.9,0.1,0.0
11823,bidirectional_codevelopment,3,0.1,0.5018,0.9,0.1,0.0018000000000000238
11823,bidirectional_codevelopment,4,0.1,0.5,0.9,0.1,-0.0018000000000000238
11823,bidirectional_codevelopment,5,0.1,0.5,0.9,0.1,0.0
11823,bidirectional_codevelopment,6,0.1,0.5,0.9,0.1,0.0
11824,no_codevelopment,1,0.22,0.54,0.68,0.28,0.0
11824,no_codevelopment,2,0.22,0.54,0.68,0.28,0.0
11824,no_codevelopment,3,0.22,0.54,0.68,0.28,0.0
11824,no_codevelopment,4,0.22,0.54,0.68,0.28,0.0
11824,no_codevelopment,5,0.22,0.54,0.68,0.28,0.0
11824,no_codevelopment,6,0.22,0.54,0.68,0.28,0.0
11824,one_way_thirdfactor_to_ethicalsense,1,0.22,0.5,0.9,0.1,-0.040000000000000036
11824,one_way_thirdfactor_to_ethicalsense,2,0.22,0.5,0.9,0.1,0.0
11824,one_way_thirdfactor_to_ethicalsense,3,0.22,0.5,0.9,0.1,0.0
11824,one_way_thirdfactor_to_ethicalsense,4,0.22,0.5,0.9,0.1,0.0
11824,one_way_thirdfactor_to_ethicalsense,5,0.22,0.5,0.9,0.1,0.0
11824,one_way_thirdfactor_to_ethicalsense,6,0.22,0.5,0.9,0.1,0.0
11824,bidirectional_codevelopment,1,0.1,0.5,0.9,0.1,-0.040000000000000036
11824,bidirectional_codevelopment,2,0.1,0.5,0.9,0.1,0.0
11824,bidirectional_codevelopment,3,0.1,0.5,0.9,0.1,0.0
11824,bidirectional_codevelopment,4,0.1,0.5,0.9,0.1,0.0
11824,bidirectional_codevelopment,5,0.1,0.5,0.9,0.1,0.0
11824,bidirectional_codevelopment,6,0.1,0.5,0.9,0.1,0.0
11825,no_codevelopment,1,0.22,0.54,0.68,0.28,0.0
11825,no_codevelopment,2,0.22,0.54,0.68,0.28,0.0
11825,no_codevelopment,3,0.22,0.54,0.68,0.28,0.0
11825,no_codevelopment,4,0.22,0.54,0.68,0.28,0.0
11825,no_codevelopment,5,0.22,0.54,0.68,0.28,0.0
11825,no_codevelopment,6,0.22,0.54,0.68,0.28,0.0
11825,one_way_thirdfactor_to_ethicalsense,1,0.22,0.5,0.9,0.1,-0.040000000000000036
11825,one_way_thirdfactor_to_ethicalsense,2,0.22,0.5,0.9,0.1,0.0
11825,one_way_thirdfactor_to_ethicalsense,3,0.22,0.5,0.9,0.1,0.0
11825,one_way_thirdfactor_to_ethicalsense,4,0.22,0.5,0.9,0.1,0.0
11825,one_way_thirdfactor_to_ethicalsense,5,0.22,0.5,0.9,0.1,0.0
11825,one_way_thirdfactor_to_ethicalsense,6,0.22,0.5,0.9,0.1,0.0
11825,bidirectional_codevelopment,1,0.1,0.5,0.9,0.1,-0.040000000000000036
11825,bidirectional_codevelopment,2,0.1,0.5,0.9,0.1,0.0
11825,bidirectional_codevelopment,3,0.1,0.5,0.9,0.1,0.0
11825,bidirectional_codevelopment,4,0.1,0.5,0.9,0.1,0.0
11825,bidirectional_codevelopment,5,0.1,0.5,0.9,0.1,0.0
11825,bidirectional_codevelopment,6,0.1,0.5,0.9,0.1,0.0
11826,no_codevelopment,1,0.22,0.54,0.68,0.28,0.0
11826,no_codevelopment,2,0.22,0.54,0.68,0.28,0.0
11826,no_codevelopment,3,0.22,0.54,0.68,0.28,0.0
11826,no_codevelopment,4,0.22,0.54,0.68,0.28,0.0
11826,no_codevelopment,5,0.22,0.54,0.68,0.28,0.0
11826,no_codevelopment,6,0.22,0.54,0.68,0.28,0.0
11826,one_way_thirdfactor_to_ethicalsense,1,0.22,0.5,0.9,0.1,-0.040000000000000036
11826,one_way_thirdfactor_to_ethicalsense,2,0.22,0.5,0.9,0.1,0.0
11826,one_way_thirdfactor_to_ethicalsense,3,0.22,0.5,0.9,0.1,0.0
11826,one_way_thirdfactor_to_ethicalsense,4,0.22,0.5,0.9,0.1,0.0
11826,one_way_thirdfactor_to_ethicalsense,5,0.22,0.5,0.9,0.1,0.0
11826,one_way_thirdfactor_to_ethicalsense,6,0.22,0.5,0.9,0.1,0.0
11826,bidirectional_codevelopment,1,0.1,0.5,0.9,0.1,-0.040000000000000036
11826,bidirectional_codevelopment,2,0.1,0.5,0.9,0.1,0.0
11826,bidirectional_codevelopment,3,0.1,0.5,0.9,0.1,0.0
11826,bidirectional_codevelopment,4,0.1,0.5,0.9,0.1,0.0
11826,bidirectional_codevelopment,5,0.1,0.5,0.9,0.1,0.0
11826,bidirectional_codevelopment,6,0.1,0.5,0.9,0.1,0.0
11827,no_codevelopment,1,0.22,0.54,0.68,0.28,0.0
11827,no_codevelopment,2,0.22,0.54,0.68,0.28,0.0
11827,no_codevelopment,3,0.22,0.54,0.68,0.28,0.0
11827,no_codevelopment,4,0.22,0.54,0.68,0.28,0.0
11827,no_codevelopment,5,0.22,0.54,0.68,0.28,0.0
11827,no_codevelopment,6,0.22,0.54,0.68,0.28,0.0
11827,one_way_thirdfactor_to_ethicalsense,1,0.22,0.5,0.9,0.1,-0.040000000000000036
11827,one_way_thirdfactor_to_ethicalsense,2,0.22,0.5,0.9,0.1,0.0
11827,one_way_thirdfactor_to_ethicalsense,3,0.22,0.5,0.9,0.1,0.0
11827,one_way_thirdfactor_to_ethicalsense,4,0.22,0.5,0.9,0.1,0.0
11827,one_way_thirdfactor_to_ethicalsense,5,0.22,0.5,0.9,0.1,0.0
11827,one_way_thirdfactor_to_ethicalsense,6,0.22,0.5,0.9,0.1,0.0
11827,bidirectional_codevelopment,1,0.1,0.5,0.9,0.1,-0.040000000000000036
11827,bidirectional_codevelopment,2,0.1,0.5,0.9,0.1,0.0
11827,bidirectional_codevelopment,3,0.1,0.5,0.9,0.1,0.0
11827,bidirectional_codevelopment,4,0.1,0.5,0.9,0.1,0.0
11827,bidirectional_codevelopment,5,0.1,0.5,0.9,0.1,0.0
11827,bidirectional_codevelopment,6,0.1,0.5,0.9,0.1,0.0
11828,no_codevelopment,1,0.22,0.54,0.68,0.28,0.0
11828,no_codevelopment,2,0.22,0.54,0.68,0.28,0.0
11828,no_codevelopment,3,0.22,0.54,0.68,0.28,0.0
11828,no_codevelopment,4,0.22,0.54,0.68,0.28,0.0
11828,no_codevelopment,5,0.22,0.54,0.68,0.28,0.0
11828,no_codevelopment,6,0.22,0.54,0.68,0.28,0.0
11828,one_way_thirdfactor_to_ethicalsense,1,0.22,0.5,0.9,0.1,-0.040000000000000036
11828,one_way_thirdfactor_to_ethicalsense,2,0.22,0.5,0.9,0.1,0.0
11828,one_way_thirdfactor_to_ethicalsense,3,0.22,0.5,0.9,0.1,0.0
11828,one_way_thirdfactor_to_ethicalsense,4,0.22,0.5,0.9,0.1,0.0
11828,one_way_thirdfactor_to_ethicalsense,5,0.22,0.5,0.9,0.1,0.0
11828,one_way_thirdfactor_to_ethicalsense,6,0.22,0.5,0.9,0.1,0.0
11828,bidirectional_codevelopment,1,0.1,0.5,0.9,0.1,-0.040000000000000036
11828,bidirectional_codevelopment,2,0.1,0.5,0.9,0.1,0.0
11828,bidirectional_codevelopment,3,0.1,0.5,0.9,0.1,0.0
11828,bidirectional_codevelopment,4,0.1,0.5,0.9,0.1,0.0
11828,bidirectional_codevelopment,5,0.1,0.5,0.9,0.1,0.0
11828,bidirectional_codevelopment,6,0.1,0.5,0.9,0.1,0.0
11829,no_codevelopment,1,0.22,0.54,0.68,0.28,0.0
11829,no_codevelopment,2,0.22,0.54,0.68,0.28,0.0
11829,no_codevelopment,3,0.22,0.54,0.68,0.28,0.0
11829,no_codevelopment,4,0.22,0.54,0.68,0.28,0.0
11829,no_codevelopment,5,0.22,0.54,0.68,0.28,0.0
11829,no_codevelopment,6,0.22,0.54,0.68,0.28,0.0
11829,one_way_thirdfactor_to_ethicalsense,1,0.22,0.5,0.9,0.1,-0.040000000000000036
11829,one_way_thirdfactor_to_ethicalsense,2,0.22,0.5,0.9,0.1,0.0
11829,one_way_thirdfactor_to_ethicalsense,3,0.22,0.5,0.9,0.1,0.0
11829,one_way_thirdfactor_to_ethicalsense,4,0.22,0.5,0.9,0.1,0.0
11829,one_way_thirdfactor_to_ethicalsense,5,0.22,0.5,0.9,0.1,0.0
11829,one_way_thirdfactor_to_ethicalsense,6,0.22,0.5,0.9,0.1,0.0
11829,bidirectional_codevelopment,1,0.1,0.5,0.9,0.1,-0.040000000000000036
11829,bidirectional_codevelopment,2,0.1,0.5,0.9,0.1,0.0
11829,bidirectional_codevelopment,3,0.1,0.5018,0.9,0.1,0.0018000000000000238
11829,bidirectional_codevelopment,4,0.1,0.5,0.9,0.1,-0.0018000000000000238
11829,bidirectional_codevelopment,5,0.1,0.5,0.9,0.1,0.0
11829,bidirectional_codevelopment,6,0.1,0.5,0.9,0.1,0.0
11830,no_codevelopment,1,0.22,0.54,0.68,0.28,0.0
11830,no_codevelopment,2,0.22,0.54,0.68,0.28,0.0
11830,no_codevelopment,3,0.22,0.54,0.68,0.28,0.0
11830,no_codevelopment,4,0.22,0.54,0.68,0.28,0.0
11830,no_codevelopment,5,0.22,0.54,0.68,0.28,0.0
11830,no_codevelopment,6,0.22,0.54,0.68,0.28,0.0
11830,one_way_thirdfactor_to_ethicalsense,1,0.22,0.50396,0.9,0.1,-0.03604000000000007
11830,one_way_thirdfactor_to_ethicalsense,2,0.22,0.5,0.9,0.1,-0.0039599999999999635
11830,one_way_thirdfactor_to_ethicalsense,3,0.22,0.5,0.9,0.1,0.0
11830,one_way_thirdfactor_to_ethicalsense,4,0.22,0.5,0.9,0.1,0.0
11830,one_way_thirdfactor_to_ethicalsense,5,0.22,0.50396,0.9,0.1,0.0039599999999999635
11830,one_way_thirdfactor_to_ethicalsense,6,0.22,0.5,0.9,0.1,-0.0039599999999999635
11830,bidirectional_codevelopment,1,0.1,0.5,0.9,0.1,-0.040000000000000036
11830,bidirectional_codevelopment,2,0.1,0.5,0.9,0.1,0.0
11830,bidirectional_codevelopment,3,0.1,0.5,0.9,0.1,0.0
11830,bidirectional_codevelopment,4,0.1,0.5,0.9,0.1,0.0
11830,bidirectional_codevelopment,5,0.1,0.5,0.9,0.1,0.0
11830,bidirectional_codevelopment,6,0.1,0.5,0.9,0.1,0.0
11831,no_codevelopment,1,0.22,0.54,0.68,0.28,0.0
11831,no_codevelopment,2,0.22,0.54,0.68,0.28,0.0
11831,no_codevelopment,3,0.22,0.54,0.68,0.28,0.0
11831,no_codevelopment,4,0.22,0.54,0.68,0.28,0.0
11831,no_codevelopment,5,0.22,0.54,0.68,0.28,0.0
11831,no_codevelopment,6,0.22,0.54,0.68,0.28,0.0
11831,one_way_thirdfactor_to_ethicalsense,1,0.22,0.5,0.9,0.1,-0.040000000000000036
11831,one_way_thirdfactor_to_ethicalsense,2,0.22,0.5,0.9,0.1,0.0
11831,one_way_thirdfactor_to_ethicalsense,3,0.22,0.5,0.9,0.1,0.0
11831,one_way_thirdfactor_to_ethicalsense,4,0.22,0.5,0.9,0.1,0.0
11831,one_way_thirdfactor_to_ethicalsense,5,0.22,0.5,0.9,0.1,0.0
11831,one_way_thirdfactor_to_ethicalsense,6,0.22,0.5,0.9,0.1,0.0
11831,bidirectional_codevelopment,1,0.1,0.5,0.9,0.1,-0.040000000000000036
11831,bidirectional_codevelopment,2,0.1,0.5,0.9,0.1,0.0
11831,bidirectional_codevelopment,3,0.1,0.5,0.9,0.1,0.0
11831,bidirectional_codevelopment,4,0.1,0.5,0.9,0.1,0.0
11831,bidirectional_codevelopment,5,0.1,0.5,0.9,0.1,0.0
11831,bidirectional_codevelopment,6,0.1,0.5,0.9,0.1,0.0
11832,no_codevelopment,1,0.22,0.54,0.68,0.28,0.0
11832,no_codevelopment,2,0.22,0.54,0.68,0.28,0.0
11832,no_codevelopment,3,0.22,0.54,0.68,0.28,0.0
11832,no_codevelopment,4,0.22,0.54,0.68,0.28,0.0
11832,no_codevelopment,5,0.22,0.54,0.68,0.28,0.0
11832,no_codevelopment,6,0.22,0.54,0.68,0.28,0.0
11832,one_way_thirdfactor_to_ethicalsense,1,0.22,0.5,0.9,0.1,-0.040000000000000036
11832,one_way_thirdfactor_to_ethicalsense,2,0.22,0.5,0.9,0.1,0.0
11832,one_way_thirdfactor_to_ethicalsense,3,0.22,0.50396,0.9,0.1,0.0039599999999999635
11832,one_way_thirdfactor_to_ethicalsense,4,0.22,0.5,0.9,0.1,-0.0039599999999999635
11832,one_way_thirdfactor_to_ethicalsense,5,0.22,0.5,0.9,0.1,0.0
11832,one_way_thirdfactor_to_ethicalsense,6,0.22,0.5,0.9,0.1,0.0
11832,bidirectional_codevelopment,1,0.1,0.5,0.9,0.1,-0.040000000000000036
11832,bidirectional_codevelopment,2,0.1,0.5,0.9,0.1,0.0
11832,bidirectional_codevelopment,3,0.1,0.5,0.9,0.1,0.0
11832,bidirectional_codevelopment,4,0.1,0.5,0.9,0.1,0.0
11832,bidirectional_codevelopment,5,0.1,0.5,0.9,0.1,0.0
11832,bidirectional_codevelopment,6,0.1,0.5,0.9,0.1,0.0
11833,no_codevelopment,1,0.22,0.54,0.68,0.28,0.0
11833,no_codevelopment,2,0.22,0.54,0.68,0.28,0.0
11833,no_codevelopment,3,0.22,0.54,0.68,0.28,0.0
11833,no_codevelopment,4,0.22,0.54,0.68,0.28,0.0
11833,no_codevelopment,5,0.22,0.54,0.68,0.28,0.0
11833,no_codevelopment,6,0.22,0.54,0.68,0.28,0.0
11833,one_way_thirdfactor_to_ethicalsense,1,0.22,0.5,0.9,0.1,-0.040000000000000036
11833,one_way_thirdfactor_to_ethicalsense,2,0.22,0.5,0.9,0.1,0.0
11833,one_way_thirdfactor_to_ethicalsense,3,0.22,0.5,0.9,0.1,0.0
11833,one_way_thirdfactor_to_ethicalsense,4,0.22,0.5,0.9,0.1,0.0
11833,one_way_thirdfactor_to_ethicalsense,5,0.22,0.5,0.9,0.1,0.0
11833,one_way_thirdfactor_to_ethicalsense,6,0.22,0.5,0.9,0.1,0.0
11833,bidirectional_codevelopment,1,0.1,0.5,0.9,0.1,-0.040000000000000036
11833,bidirectional_codevelopment,2,0.1,0.5,0.9,0.1,0.0
11833,bidirectional_codevelopment,3,0.1,0.5,0.9,0.1,0.0
11833,bidirectional_codevelopment,4,0.1,0.5,0.9,0.1,0.0
11833,bidirectional_codevelopment,5,0.1,0.5,0.9,0.1,0.0
11833,bidirectional_codevelopment,6,0.1,0.5,0.9,0.1,0.0
11834,no_codevelopment,1,0.22,0.54,0.68,0.28,0.0
11834,no_codevelopment,2,0.22,0.54,0.68,0.28,0.0
11834,no_codevelopment,3,0.22,0.54,0.68,0.28,0.0
11834,no_codevelopment,4,0.22,0.54,0.68,0.28,0.0
11834,no_codevelopment,5,0.22,0.54,0.68,0.28,0.0
11834,no_codevelopment,6,0.22,0.54,0.68,0.28,0.0
11834,one_way_thirdfactor_to_ethicalsense,1,0.22,0.5,0.9,0.1,-0.040000000000000036
11834,one_way_thirdfactor_to_ethicalsense,2,0.22,0.5,0.9,0.1,0.0
11834,one_way_thirdfactor_to_ethicalsense,3,0.22,0.5,0.9,0.1,0.0
11834,one_way_thirdfactor_to_ethicalsense,4,0.22,0.5,0.9,0.1,0.0
11834,one_way_thirdfactor_to_ethicalsense,5,0.22,0.5,0.9,0.1,0.0
11834,one_way_thirdfactor_to_ethicalsense,6,0.22,0.5,0.9,0.1,0.0
11834,bidirectional_codevelopment,1,0.1,0.5018,0.9,0.1,-0.03820000000000001
11834,bidirectional_codevelopment,2,0.1,0.5,0.9,0.1,-0.0018000000000000238
11834,bidirectional_codevelopment,3,0.1,0.5,0.9,0.1,0.0
11834,bidirectional_codevelopment,4,0.1,0.5,0.9,0.1,0.0
11834,bidirectional_codevelopment,5,0.1,0.5,0.9,0.1,0.0
11834,bidirectional_codevelopment,6,0.1,0.5,0.9,0.1,0.0
11835,no_codevelopment,1,0.22,0.54,0.68,0.28,0.0
11835,no_codevelopment,2,0.22,0.54,0.68,0.28,0.0
11835,no_codevelopment,3,0.22,0.54,0.68,0.28,0.0
11835,no_codevelopment,4,0.22,0.54,0.68,0.28,0.0
11835,no_codevelopment,5,0.22,0.54,0.68,0.28,0.0
11835,no_codevelopment,6,0.22,0.54,0.68,0.28,0.0
11835,one_way_thirdfactor_to_ethicalsense,1,0.22,0.5,0.9,0.1,-0.040000000000000036
11835,one_way_thirdfactor_to_ethicalsense,2,0.22,0.5,0.9,0.1,0.0
11835,one_way_thirdfactor_to_ethicalsense,3,0.22,0.50396,0.9,0.1,0.0039599999999999635
11835,one_way_thirdfactor_to_ethicalsense,4,0.22,0.5,0.9,0.1,-0.0039599999999999635
11835,one_way_thirdfactor_to_ethicalsense,5,0.22,0.5,0.9,0.1,0.0
11835,one_way_thirdfactor_to_ethicalsense,6,0.22,0.5,0.9,0.1,0.0
11835,bidirectional_codevelopment,1,0.1,0.5,0.9,0.1,-0.040000000000000036
11835,bidirectional_codevelopment,2,0.1,0.5,0.9,0.1,0.0
11835,bidirectional_codevelopment,3,0.1,0.5,0.9,0.1,0.0
11835,bidirectional_codevelopment,4,0.1,0.5,0.9,0.1,0.0
11835,bidirectional_codevelopment,5,0.1,0.5018,0.9,0.1,0.0018000000000000238
11835,bidirectional_codevelopment,6,0.1,0.5018,0.9,0.1,0.0
11836,no_codevelopment,1,0.22,0.54,0.68,0.28,0.0
11836,no_codevelopment,2,0.22,0.54,0.68,0.28,0.0
11836,no_codevelopment,3,0.22,0.54,0.68,0.28,0.0
11836,no_codevelopment,4,0.22,0.54,0.68,0.28,0.0
11836,no_codevelopment,5,0.22,0.54,0.68,0.28,0.0
11836,no_codevelopment,6,0.22,0.54,0.68,0.28,0.0
11836,one_way_thirdfactor_to_ethicalsense,1,0.22,0.5,0.9,0.1,-0.040000000000000036
11836,one_way_thirdfactor_to_ethicalsense,2,0.22,0.5,0.9,0.1,0.0
11836,one_way_thirdfactor_to_ethicalsense,3,0.22,0.5,0.9,0.1,0.0
11836,one_way_thirdfactor_to_ethicalsense,4,0.22,0.5,0.9,0.1,0.0
11836,one_way_thirdfactor_to_ethicalsense,5,0.22,0.5,0.9,0.1,0.0
11836,one_way_thirdfactor_to_ethicalsense,6,0.22,0.5,0.9,0.1,0.0
11836,bidirectional_codevelopment,1,0.1,0.5018,0.9,0.1,-0.03820000000000001
11836,bidirectional_codevelopment,2,0.1,0.5,0.9,0.1,-0.0018000000000000238
11836,bidirectional_codevelopment,3,0.1,0.5,0.9,0.1,0.0
11836,bidirectional_codevelopment,4,0.1,0.5,0.9,0.1,0.0
11836,bidirectional_codevelopment,5,0.1,0.5,0.9,0.1,0.0
11836,bidirectional_codevelopment,6,0.1,0.5,0.9,0.1,0.0
11837,no_codevelopment,1,0.22,0.54,0.68,0.28,0.0
11837,no_codevelopment,2,0.22,0.54,0.68,0.28,0.0
11837,no_codevelopment,3,0.22,0.54,0.68,0.28,0.0
11837,no_codevelopment,4,0.22,0.54,0.68,0.28,0.0
11837,no_codevelopment,5,0.22,0.54,0.68,0.28,0.0
11837,no_codevelopment,6,0.22,0.54,0.68,0.28,0.0
11837,one_way_thirdfactor_to_ethicalsense,1,0.22,0.5,0.9,0.1,-0.040000000000000036
11837,one_way_thirdfactor_to_ethicalsense,2,0.22,0.5,0.9,0.1,0.0
11837,one_way_thirdfactor_to_ethicalsense,3,0.22,0.5,0.9,0.1,0.0
11837,one_way_thirdfactor_to_ethicalsense,4,0.22,0.5,0.9,0.1,0.0
11837,one_way_thirdfactor_to_ethicalsense,5,0.22,0.5,0.9,0.1,0.0
11837,one_way_thirdfactor_to_ethicalsense,6,0.22,0.5,0.9,0.1,0.0
11837,bidirectional_codevelopment,1,0.1,0.5,0.9,0.1,-0.040000000000000036
11837,bidirectional_codevelopment,2,0.1,0.5,0.9,0.1,0.0
11837,bidirectional_codevelopment,3,0.1,0.5,0.9,0.1,0.0
11837,bidirectional_codevelopment,4,0.1,0.5,0.9,0.1,0.0
11837,bidirectional_codevelopment,5,0.1,0.5,0.9,0.1,0.0
11837,bidirectional_codevelopment,6,0.1,0.5018,0.9,0.1,0.0018000000000000238
11838,no_codevelopment,1,0.22,0.54,0.68,0.28,0.0
11838,no_codevelopment,2,0.22,0.54,0.68,0.28,0.0
11838,no_codevelopment,3,0.22,0.54,0.68,0.28,0.0
11838,no_codevelopment,4,0.22,0.54,0.68,0.28,0.0
11838,no_codevelopment,5,0.22,0.54,0.68,0.28,0.0
11838,no_codevelopment,6,0.22,0.54,0.68,0.28,0.0
11838,one_way_thirdfactor_to_ethicalsense,1,0.22,0.5,0.9,0.1,-0.040000000000000036
11838,one_way_thirdfactor_to_ethicalsense,2,0.22,0.50396,0.9,0.1,0.0039599999999999635
11838,one_way_thirdfactor_to_ethicalsense,3,0.22,0.5,0.9,0.1,-0.0039599999999999635
11838,one_way_thirdfactor_to_ethicalsense,4,0.22,0.5,0.9,0.1,0.0
11838,one_way_thirdfactor_to_ethicalsense,5,0.22,0.5,0.9,0.1,0.0
11838,one_way_thirdfactor_to_ethicalsense,6,0.22,0.5,0.9,0.1,0.0
11838,bidirectional_codevelopment,1,0.1,0.5,0.9,0.1,-0.040000000000000036
11838,bidirectional_codevelopment,2,0.1,0.5,0.9,0.1,0.0
11838,bidirectional_codevelopment,3,0.1,0.5,0.9,0.1,0.0
11838,bidirectional_codevelopment,4,0.1,0.5,0.9,0.1,0.0
11838,bidirectional_codevelopment,5,0.1,0.5,0.9,0.1,0.0
11838,bidirectional_codevelopment,6,0.1,0.5,0.9,0.1,0.0
11839,no_codevelopment,1,0.22,0.54,0.68,0.28,0.0
11839,no_codevelopment,2,0.22,0.54,0.68,0.28,0.0
11839,no_codevelopment,3,0.22,0.54,0.68,0.28,0.0
11839,no_codevelopment,4,0.22,0.54,0.68,0.28,0.0
11839,no_codevelopment,5,0.22,0.54,0.68,0.28,0.0
11839,no_codevelopment,6,0.22,0.54,0.68,0.28,0.0
11839,one_way_thirdfactor_to_ethicalsense,1,0.22,0.5,0.9,0.1,-0.040000000000000036
11839,one_way_thirdfactor_to_ethicalsense,2,0.22,0.5,0.9,0.1,0.0
11839,one_way_thirdfactor_to_ethicalsense,3,0.22,0.5,0.9,0.1,0.0
11839,one_way_thirdfactor_to_ethicalsense,4,0.22,0.5,0.9,0.1,0.0
11839,one_way_thirdfactor_to_ethicalsense,5,0.22,0.5,0.9,0.1,0.0
11839,one_way_thirdfactor_to_ethicalsense,6,0.22,0.5,0.9,0.1,0.0
11839,bidirectional_codevelopment,1,0.1,0.5,0.9,0.1,-0.040000000000000036
11839,bidirectional_codevelopment,2,0.1,0.5,0.9,0.1,0.0
11839,bidirectional_codevelopment,3,0.1,0.5,0.9,0.1,0.0
11839,bidirectional_codevelopment,4,0.1,0.5,0.9,0.1,0.0
11839,bidirectional_codevelopment,5,0.1,0.5,0.9,0.1,0.0
11839,bidirectional_codevelopment,6,0.1,0.5,0.9,0.1,0.0
11840,no_codevelopment,1,0.22,0.54,0.68,0.28,0.0
11840,no_codevelopment,2,0.22,0.54,0.68,0.28,0.0
11840,no_codevelopment,3,0.22,0.54,0.68,0.28,0.0
11840,no_codevelopment,4,0.22,0.54,0.68,0.28,0.0
11840,no_codevelopment,5,0.22,0.54,0.68,0.28,0.0
11840,no_codevelopment,6,0.22,0.54,0.68,0.28,0.0
11840,one_way_thirdfactor_to_ethicalsense,1,0.22,0.5,0.9,0.1,-0.040000000000000036
11840,one_way_thirdfactor_to_ethicalsense,2,0.22,0.5,0.9,0.1,0.0
11840,one_way_thirdfactor_to_ethicalsense,3,0.22,0.5,0.9,0.1,0.0
11840,one_way_thirdfactor_to_ethicalsense,4,0.22,0.5,0.9,0.1,0.0
11840,one_way_thirdfactor_to_ethicalsense,5,0.22,0.5,0.9,0.1,0.0
11840,one_way_thirdfactor_to_ethicalsense,6,0.22,0.5,0.9,0.1,0.0
11840,bidirectional_codevelopment,1,0.1,0.5,0.9,0.1,-0.040000000000000036
11840,bidirectional_codevelopment,2,0.1,0.5,0.9,0.1,0.0
11840,bidirectional_codevelopment,3,0.1,0.5,0.9,0.1,0.0
11840,bidirectional_codevelopment,4,0.1,0.5,0.9,0.1,0.0
11840,bidirectional_codevelopment,5,0.1,0.5,0.9,0.1,0.0
11840,bidirectional_codevelopment,6,0.1,0.5,0.9,0.1,0.0
11841,no_codevelopment,1,0.22,0.54,0.68,0.28,0.0
11841,no_codevelopment,2,0.22,0.54,0.68,0.28,0.0
11841,no_codevelopment,3,0.22,0.54,0.68,0.28,0.0
11841,no_codevelopment,4,0.22,0.54,0.68,0.28,0.0
11841,no_codevelopment,5,0.22,0.54,0.68,0.28,0.0
11841,no_codevelopment,6,0.22,0.54,0.68,0.28,0.0
11841,one_way_thirdfactor_to_ethicalsense,1,0.22,0.5,0.9,0.1,-0.040000000000000036
11841,one_way_thirdfactor_to_ethicalsense,2,0.22,0.5,0.9,0.1,0.0
11841,one_way_thirdfactor_to_ethicalsense,3,0.22,0.5,0.9,0.1,0.0
11841,one_way_thirdfactor_to_ethicalsense,4,0.22,0.5,0.9,0.1,0.0
11841,one_way_thirdfactor_to_ethicalsense,5,0.22,0.5,0.9,0.1,0.0
11841,one_way_thirdfactor_to_ethicalsense,6,0.22,0.5,0.9,0.1,0.0
11841,bidirectional_codevelopment,1,0.1,0.5018,0.9,0.1,-0.03820000000000001
11841,bidirectional_codevelopment,2,0.1,0.5,0.9,0.1,-0.0018000000000000238
11841,bidirectional_codevelopment,3,0.1,0.5,0.9,0.1,0.0
11841,bidirectional_codevelopment,4,0.1,0.5,0.9,0.1,0.0
11841,bidirectional_codevelopment,5,0.1,0.5,0.9,0.1,0.0
11841,bidirectional_codevelopment,6,0.1,0.5,0.9,0.1,0.0
11842,no_codevelopment,1,0.22,0.54,0.68,0.28,0.0
11842,no_codevelopment,2,0.22,0.54,0.68,0.28,0.0
11842,no_codevelopment,3,0.22,0.54,0.68,0.28,0.0
11842,no_codevelopment,4,0.22,0.54,0.68,0.28,0.0
11842,no_codevelopment,5,0.22,0.54,0.68,0.28,0.0
11842,no_codevelopment,6,0.22,0.54,0.68,0.28,0.0
11842,one_way_thirdfactor_to_ethicalsense,1,0.22,0.5,0.9,0.1,-0.040000000000000036
11842,one_way_thirdfactor_to_ethicalsense,2,0.22,0.5,0.9,0.1,0.0
11842,one_way_thirdfactor_to_ethicalsense,3,0.22,0.5,0.9,0.1,0.0
11842,one_way_thirdfactor_to_ethicalsense,4,0.22,0.5,0.9,0.1,0.0
11842,one_way_thirdfactor_to_ethicalsense,5,0.22,0.5,0.9,0.1,0.0
11842,one_way_thirdfactor_to_ethicalsense,6,0.22,0.5,0.9,0.1,0.0
11842,bidirectional_codevelopment,1,0.1,0.5,0.9,0.1,-0.040000000000000036
11842,bidirectional_codevelopment,2,0.1,0.5,0.9,0.1,0.0
11842,bidirectional_codevelopment,3,0.1,0.5,0.9,0.1,0.0
11842,bidirectional_codevelopment,4,0.1,0.5,0.9,0.1,0.0
11842,bidirectional_codevelopment,5,0.1,0.5,0.9,0.1,0.0
11842,bidirectional_codevelopment,6,0.1,0.5,0.9,0.1,0.0
11843,no_codevelopment,1,0.22,0.54,0.68,0.28,0.0
11843,no_codevelopment,2,0.22,0.54,0.68,0.28,0.0
11843,no_codevelopment,3,0.22,0.54,0.68,0.28,0.0
11843,no_codevelopment,4,0.22,0.54,0.68,0.28,0.0
11843,no_codevelopment,5,0.22,0.54,0.68,0.28,0.0
11843,no_codevelopment,6,0.22,0.54,0.68,0.28,0.0
11843,one_way_thirdfactor_to_ethicalsense,1,0.22,0.5,0.9,0.1,-0.040000000000000036
11843,one_way_thirdfactor_to_ethicalsense,2,0.22,0.5,0.9,0.1,0.0
11843,one_way_thirdfactor_to_ethicalsense,3,0.22,0.5,0.9,0.1,0.0
11843,one_way_thirdfactor_to_ethicalsense,4,0.22,0.5,0.9,0.1,0.0
11843,one_way_thirdfactor_to_ethicalsense,5,0.22,0.5,0.9,0.1,0.0
11843,one_way_thirdfactor_to_ethicalsense,6,0.22,0.5,0.9,0.1,0.0
11843,bidirectional_codevelopment,1,0.1,0.5,0.9,0.1,-0.040000000000000036
11843,bidirectional_codevelopment,2,0.1,0.5,0.9,0.1,0.0
11843,bidirectional_codevelopment,3,0.1,0.5,0.9,0.1,0.0
11843,bidirectional_codevelopment,4,0.1,0.5,0.9,0.1,0.0
11843,bidirectional_codevelopment,5,0.1,0.5,0.9,0.1,0.0
11843,bidirectional_codevelopment,6,0.1,0.5,0.9,0.1,0.0
11844,no_codevelopment,1,0.22,0.54,0.68,0.28,0.0
11844,no_codevelopment,2,0.22,0.54,0.68,0.28,0.0
11844,no_codevelopment,3,0.22,0.54,0.68,0.28,0.0
11844,no_codevelopment,4,0.22,0.54,0.68,0.28,0.0
11844,no_codevelopment,5,0.22,0.54,0.68,0.28,0.0
11844,no_codevelopment,6,0.22,0.54,0.68,0.28,0.0
11844,one_way_thirdfactor_to_ethicalsense,1,0.22,0.5,0.9,0.1,-0.040000000000000036
11844,one_way_thirdfactor_to_ethicalsense,2,0.22,0.5,0.9,0.1,0.0
11844,one_way_thirdfactor_to_ethicalsense,3,0.22,0.5,0.9,0.1,0.0
11844,one_way_thirdfactor_to_ethicalsense,4,0.22,0.50396,0.9,0.1,0.0039599999999999635
11844,one_way_thirdfactor_to_ethicalsense,5,0.22,0.5,0.9,0.1,-0.0039599999999999635
11844,one_way_thirdfactor_to_ethicalsense,6,0.22,0.5,0.9,0.1,0.0
11844,bidirectional_codevelopment,1,0.1,0.5,0.9,0.1,-0.040000000000000036
11844,bidirectional_codevelopment,2,0.1,0.5,0.9,0.1,0.0
11844,bidirectional_codevelopment,3,0.1,0.5,0.9,0.1,0.0
11844,bidirectional_codevelopment,4,0.1,0.5,0.9,0.1,0.0
11844,bidirectional_codevelopment,5,0.1,0.5,0.9,0.1,0.0
11844,bidirectional_codevelopment,6,0.1,0.5,0.9,0.1,0.0
11845,no_codevelopment,1,0.22,0.54,0.68,0.28,0.0
11845,no_codevelopment,2,0.22,0.54,0.68,0.28,0.0
11845,no_codevelopment,3,0.22,0.54,0.68,0.28,0.0
11845,no_codevelopment,4,0.22,0.54,0.68,0.28,0.0
11845,no_codevelopment,5,0.22,0.54,0.68,0.28,0.0
11845,no_codevelopment,6,0.22,0.54,0.68,0.28,0.0
11845,one_way_thirdfactor_to_ethicalsense,1,0.22,0.5,0.9,0.1,-0.040000000000000036
11845,one_way_thirdfactor_to_ethicalsense,2,0.22,0.5,0.9,0.1,0.0
11845,one_way_thirdfactor_to_ethicalsense,3,0.22,0.5,0.9,0.1,0.0
11845,one_way_thirdfactor_to_ethicalsense,4,0.22,0.5,0.9,0.1,0.0
11845,one_way_thirdfactor_to_ethicalsense,5,0.22,0.5,0.9,0.1,0.0
11845,one_way_thirdfactor_to_ethicalsense,6,0.22,0.5,0.9,0.1,0.0
11845,bidirectional_codevelopment,1,0.1,0.5,0.9,0.1,-0.040000000000000036
11845,bidirectional_codevelopment,2,0.1,0.5,0.9,0.1,0.0
11845,bidirectional_codevelopment,3,0.1,0.5,0.9,0.1,0.0
11845,bidirectional_codevelopment,4,0.1,0.5018,0.9,0.1,0.0018000000000000238
11845,bidirectional_codevelopment,5,0.1,0.5,0.9,0.1,-0.0018000000000000238
11845,bidirectional_codevelopment,6,0.1,0.5,0.9,0.1,0.0
11846,no_codevelopment,1,0.22,0.54,0.68,0.28,0.0
11846,no_codevelopment,2,0.22,0.54,0.68,0.28,0.0
11846,no_codevelopment,3,0.22,0.54,0.68,0.28,0.0
11846,no_codevelopment,4,0.22,0.54,0.68,0.28,0.0
11846,no_codevelopment,5,0.22,0.54,0.68,0.28,0.0
11846,no_codevelopment,6,0.22,0.54,0.68,0.28,0.0
11846,one_way_thirdfactor_to_ethicalsense,1,0.22,0.50396,0.9,0.1,-0.03604000000000007
11846,one_way_thirdfactor_to_ethicalsense,2,0.22,0.5,0.9,0.1,-0.0039599999999999635
11846,one_way_thirdfactor_to_ethicalsense,3,0.22,0.5,0.9,0.1,0.0
11846,one_way_thirdfactor_to_ethicalsense,4,0.22,0.5,0.9,0.1,0.0
11846,one_way_thirdfactor_to_ethicalsense,5,0.22,0.5,0.9,0.1,0.0
11846,one_way_thirdfactor_to_ethicalsense,6,0.22,0.5,0.9,0.1,0.0
11846,bidirectional_codevelopment,1,0.1,0.5,0.9,0.1,-0.040000000000000036
11846,bidirectional_codevelopment,2,0.1,0.5,0.9,0.1,0.0
11846,bidirectional_codevelopment,3,0.1,0.5,0.9,0.1,0.0
11846,bidirectional_codevelopment,4,0.1,0.5,0.9,0.1,0.0
11846,bidirectional_codevelopment,5,0.1,0.5,0.9,0.1,0.0
11846,bidirectional_codevelopment,6,0.1,0.5,0.9,0.1,0.0
11847,no_codevelopment,1,0.22,0.54,0.68,0.28,0.0
11847,no_codevelopment,2,0.22,0.54,0.68,0.28,0.0
11847,no_codevelopment,3,0.22,0.54,0.68,0.28,0.0
11847,no_codevelopment,4,0.22,0.54,0.68,0.28,0.0
11847,no_codevelopment,5,0.22,0.54,0.68,0.28,0.0
11847,no_codevelopment,6,0.22,0.54,0.68,0.28,0.0
11847,one_way_thirdfactor_to_ethicalsense,1,0.22,0.5,0.9,0.1,-0.040000000000000036
11847,one_way_thirdfactor_to_ethicalsense,2,0.22,0.5,0.9,0.1,0.0
11847,one_way_thirdfactor_to_ethicalsense,3,0.22,0.5,0.9,0.1,0.0
11847,one_way_thirdfactor_to_ethicalsense,4,0.22,0.5,0.9,0.1,0.0
11847,one_way_thirdfactor_to_ethicalsense,5,0.22,0.5,0.9,0.1,0.0
11847,one_way_thirdfactor_to_ethicalsense,6,0.22,0.50396,0.9,0.1,0.0039599999999999635
11847,bidirectional_codevelopment,1,0.1,0.5,0.9,0.1,-0.040000000000000036
11847,bidirectional_codevelopment,2,0.1,0.5,0.9,0.1,0.0
11847,bidirectional_codevelopment,3,0.1,0.5,0.9,0.1,0.0
11847,bidirectional_codevelopment,4,0.1,0.5,0.9,0.1,0.0
11847,bidirectional_codevelopment,5,0.1,0.5,0.9,0.1,0.0
11847,bidirectional_codevelopment,6,0.1,0.5,0.9,0.1,0.0
11848,no_codevelopment,1,0.22,0.54,0.68,0.28,0.0
11848,no_codevelopment,2,0.22,0.54,0.68,0.28,0.0
11848,no_codevelopment,3,0.22,0.54,0.68,0.28,0.0
11848,no_codevelopment,4,0.22,0.54,0.68,0.28,0.0
11848,no_codevelopment,5,0.22,0.54,0.68,0.28,0.0
11848,no_codevelopment,6,0.22,0.54,0.68,0.28,0.0
11848,one_way_thirdfactor_to_ethicalsense,1,0.22,0.5,0.9,0.1,-0.040000000000000036
11848,one_way_thirdfactor_to_ethicalsense,2,0.22,0.5,0.9,0.1,0.0
11848,one_way_thirdfactor_to_ethicalsense,3,0.22,0.5,0.9,0.1,0.0
11848,one_way_thirdfactor_to_ethicalsense,4,0.22,0.50396,0.9,0.1,0.0039599999999999635
11848,one_way_thirdfactor_to_ethicalsense,5,0.22,0.50396,0.9,0.1,0.0
11848,one_way_thirdfactor_to_ethicalsense,6,0.22,0.5,0.9,0.1,-0.0039599999999999635
11848,bidirectional_codevelopment,1,0.1,0.5,0.9,0.1,-0.040000000000000036
11848,bidirectional_codevelopment,2,0.1,0.5,0.9,0.1,0.0
11848,bidirectional_codevelopment,3,0.1,0.5,0.9,0.1,0.0
11848,bidirectional_codevelopment,4,0.1,0.5,0.9,0.1,0.0
11848,bidirectional_codevelopment,5,0.1,0.5,0.9,0.1,0.0
11848,bidirectional_codevelopment,6,0.1,0.5,0.9,0.1,0.0
11849,no_codevelopment,1,0.22,0.54,0.68,0.28,0.0
11849,no_codevelopment,2,0.22,0.54,0.68,0.28,0.0
11849,no_codevelopment,3,0.22,0.54,0.68,0.28,0.0
11849,no_codevelopment,4,0.22,0.54,0.68,0.28,0.0
11849,no_codevelopment,5,0.22,0.54,0.68,0.28,0.0
11849,no_codevelopment,6,0.22,0.54,0.68,0.28,0.0
11849,one_way_thirdfactor_to_ethicalsense,1,0.22,0.5,0.9,0.1,-0.040000000000000036
11849,one_way_thirdfactor_to_ethicalsense,2,0.22,0.50396,0.9,0.1,0.0039599999999999635
11849,one_way_thirdfactor_to_ethicalsense,3,0.22,0.5,0.9,0.1,-0.0039599999999999635
11849,one_way_thirdfactor_to_ethicalsense,4,0.22,0.5,0.9,0.1,0.0
11849,one_way_thirdfactor_to_ethicalsense,5,0.22,0.5,0.9,0.1,0.0
11849,one_way_thirdfactor_to_ethicalsense,6,0.22,0.5,0.9,0.1,0.0
11849,bidirectional_codevelopment,1,0.1,0.5,0.9,0.1,-0.040000000000000036
11849,bidirectional_codevelopment,2,0.1,0.5,0.9,0.1,0.0
11849,bidirectional_codevelopment,3,0.1,0.5,0.9,0.1,0.0
11849,bidirectional_codevelopment,4,0.1,0.5,0.9,0.1,0.0
11849,bidirectional_codevelopment,5,0.1,0.5,0.9,0.1,0.0
11849,bidirectional_codevelopment,6,0.1,0.5,0.9,0.1,0.0
11850,no_codevelopment,1,0.22,0.54,0.68,0.28,0.0
11850,no_codevelopment,2,0.22,0.54,0.68,0.28,0.0
11850,no_codevelopment,3,0.22,0.54,0.68,0.28,0.0
11850,no_codevelopment,4,0.22,0.54,0.68,0.28,0.0
11850,no_codevelopment,5,0.22,0.54,0.68,0.28,0.0
11850,no_codevelopment,6,0.22,0.54,0.68,0.28,0.0
11850,one_way_thirdfactor_to_ethicalsense,1,0.22,0.5,0.9,0.1,-0.040000000000000036
11850,one_way_thirdfactor_to_ethicalsense,2,0.22,0.5,0.9,0.1,0.0
11850,one_way_thirdfactor_to_ethicalsense,3,0.22,0.5,0.9,0.1,0.0
11850,one_way_thirdfactor_to_ethicalsense,4,0.22,0.5,0.9,0.1,0.0
11850,one_way_thirdfactor_to_ethicalsense,5,0.22,0.5,0.9,0.1,0.0
11850,one_way_thirdfactor_to_ethicalsense,6,0.22,0.5,0.9,0.1,0.0
11850,bidirectional_codevelopment,1,0.1,0.5,0.9,0.1,-0.040000000000000036
11850,bidirectional_codevelopment,2,0.1,0.5,0.9,0.1,0.0
11850,bidirectional_codevelopment,3,0.1,0.5,0.9,0.1,0.0
11850,bidirectional_codevelopment,4,0.1,0.5,0.9,0.1,0.0
11850,bidirectional_codevelopment,5,0.1,0.5,0.9,0.1,0.0
11850,bidirectional_codevelopment,6,0.1,0.5,0.9,0.1,0.0
11851,no_codevelopment,1,0.22,0.54,0.68,0.28,0.0
11851,no_codevelopment,2,0.22,0.54,0.68,0.28,0.0
11851,no_codevelopment,3,0.22,0.54,0.68,0.28,0.0
11851,no_codevelopment,4,0.22,0.54,0.68,0.28,0.0
11851,no_codevelopment,5,0.22,0.54,0.68,0.28,0.0
11851,no_codevelopment,6,0.22,0.54,0.68,0.28,0.0
11851,one_way_thirdfactor_to_ethicalsense,1,0.22,0.5,0.9,0.1,-0.040000000000000036
11851,one_way_thirdfactor_to_ethicalsense,2,0.22,0.5,0.9,0.1,0.0
11851,one_way_thirdfactor_to_ethicalsense,3,0.22,0.5,0.9,0.1,0.0
11851,one_way_thirdfactor_to_ethicalsense,4,0.22,0.5,0.9,0.1,0.0
11851,one_way_thirdfactor_to_ethicalsense,5,0.22,0.5079199999999999,0.9,0.1,0.007919999999999927
11851,one_way_thirdfactor_to_ethicalsense,6,0.22,0.5,0.9,0.1,-0.007919999999999927
11851,bidirectional_codevelopment,1,0.1,0.5,0.9,0.1,-0.040000000000000036
11851,bidirectional_codevelopment,2,0.1,0.5,0.9,0.1,0.0
11851,bidirectional_codevelopment,3,0.1,0.5,0.9,0.1,0.0
11851,bidirectional_codevelopment,4,0.1,0.5,0.9,0.1,0.0
11851,bidirectional_codevelopment,5,0.1,0.5,0.9,0.1,0.0
11851,bidirectional_codevelopment,6,0.1,0.5,0.9,0.1,0.0
11852,no_codevelopment,1,0.22,0.54,0.68,0.28,0.0
11852,no_codevelopment,2,0.22,0.54,0.68,0.28,0.0
11852,no_codevelopment,3,0.22,0.54,0.68,0.28,0.0
11852,no_codevelopment,4,0.22,0.54,0.68,0.28,0.0
11852,no_codevelopment,5,0.22,0.54,0.68,0.28,0.0
11852,no_codevelopment,6,0.22,0.54,0.68,0.28,0.0
11852,one_way_thirdfactor_to_ethicalsense,1,0.22,0.50396,0.9,0.1,-0.03604000000000007
11852,one_way_thirdfactor_to_ethicalsense,2,0.22,0.5,0.9,0.1,-0.0039599999999999635
11852,one_way_thirdfactor_to_ethicalsense,3,0.22,0.5,0.9,0.1,0.0
11852,one_way_thirdfactor_to_ethicalsense,4,0.22,0.5,0.9,0.1,0.0
11852,one_way_thirdfactor_to_ethicalsense,5,0.22,0.5,0.9,0.1,0.0
11852,one_way_thirdfactor_to_ethicalsense,6,0.22,0.5,0.9,0.1,0.0
11852,bidirectional_codevelopment,1,0.1,0.5,0.9,0.1,-0.040000000000000036
11852,bidirectional_codevelopment,2,0.1,0.5,0.9,0.1,0.0
11852,bidirectional_codevelopment,3,0.1,0.5,0.9,0.1,0.0
11852,bidirectional_codevelopment,4,0.1,0.5,0.9,0.1,0.0
11852,bidirectional_codevelopment,5,0.1,0.5018,0.9,0.1,0.0018000000000000238
11852,bidirectional_codevelopment,6,0.1,0.5,0.9,0.1,-0.0018000000000000238
11853,no_codevelopment,1,0.22,0.54,0.68,0.28,0.0
11853,no_codevelopment,2,0.22,0.54,0.68,0.28,0.0
11853,no_codevelopment,3,0.22,0.54,0.68,0.28,0.0
11853,no_codevelopment,4,0.22,0.54,0.68,0.28,0.0
11853,no_codevelopment,5,0.22,0.54,0.68,0.28,0.0
11853,no_codevelopment,6,0.22,0.54,0.68,0.28,0.0
11853,one_way_thirdfactor_to_ethicalsense,1,0.22,0.5,0.9,0.1,-0.040000000000000036
11853,one_way_thirdfactor_to_ethicalsense,2,0.22,0.5,0.9,0.1,0.0
11853,one_way_thirdfactor_to_ethicalsense,3,0.22,0.5,0.9,0.1,0.0
11853,one_way_thirdfactor_to_ethicalsense,4,0.22,0.5,0.9,0.1,0.0
11853,one_way_thirdfactor_to_ethicalsense,5,0.22,0.5,0.9,0.1,0.0
11853,one_way_thirdfactor_to_ethicalsense,6,0.22,0.5,0.9,0.1,0.0
11853,bidirectional_codevelopment,1,0.1,0.5018,0.9,0.1,-0.03820000000000001
11853,bidirectional_codevelopment,2,0.1,0.5,0.9,0.1,-0.0018000000000000238
11853,bidirectional_codevelopment,3,0.1,0.5,0.9,0.1,0.0
11853,bidirectional_codevelopment,4,0.1,0.5,0.9,0.1,0.0
11853,bidirectional_codevelopment,5,0.1,0.5,0.9,0.1,0.0
11853,bidirectional_codevelopment,6,0.1,0.5018,0.9,0.1,0.0018000000000000238
11854,no_codevelopment,1,0.22,0.54,0.68,0.28,0.0
11854,no_codevelopment,2,0.22,0.54,0.68,0.28,0.0
11854,no_codevelopment,3,0.22,0.54,0.68,0.28,0.0
11854,no_codevelopment,4,0.22,0.54,0.68,0.28,0.0
11854,no_codevelopment,5,0.22,0.54,0.68,0.28,0.0
11854,no_codevelopment,6,0.22,0.54,0.68,0.28,0.0
11854,one_way_thirdfactor_to_ethicalsense,1,0.22,0.5,0.9,0.1,-0.040000000000000036
11854,one_way_thirdfactor_to_ethicalsense,2,0.22,0.5,0.9,0.1,0.0
11854,one_way_thirdfactor_to_ethicalsense,3,0.22,0.5,0.9,0.1,0.0
11854,one_way_thirdfactor_to_ethicalsense,4,0.22,0.5,0.9,0.1,0.0
11854,one_way_thirdfactor_to_ethicalsense,5,0.22,0.5,0.9,0.1,0.0
11854,one_way_thirdfactor_to_ethicalsense,6,0.22,0.5,0.9,0.1,0.0
11854,bidirectional_codevelopment,1,0.1,0.5,0.9,0.1,-0.040000000000000036
11854,bidirectional_codevelopment,2,0.1,0.5,0.9,0.1,0.0
11854,bidirectional_codevelopment,3,0.1,0.5,0.9,0.1,0.0
11854,bidirectional_codevelopment,4,0.1,0.5,0.9,0.1,0.0
11854,bidirectional_codevelopment,5,0.1,0.5,0.9,0.1,0.0
11854,bidirectional_codevelopment,6,0.1,0.5018,0.9,0.1,0.0018000000000000238
11855,no_codevelopment,1,0.22,0.54,0.68,0.28,0.0
11855,no_codevelopment,2,0.22,0.54,0.68,0.28,0.0
11855,no_codevelopment,3,0.22,0.54,0.68,0.28,0.0
11855,no_codevelopment,4,0.22,0.54,0.68,0.28,0.0
11855,no_codevelopment,5,0.22,0.54,0.68,0.28,0.0
11855,no_codevelopment,6,0.22,0.54,0.68,0.28,0.0
11855,one_way_thirdfactor_to_ethicalsense,1,0.22,0.5,0.9,0.1,-0.040000000000000036
11855,one_way_thirdfactor_to_ethicalsense,2,0.22,0.5,0.9,0.1,0.0
11855,one_way_thirdfactor_to_ethicalsense,3,0.22,0.5,0.9,0.1,0.0
11855,one_way_thirdfactor_to_ethicalsense,4,0.22,0.5,0.9,0.1,0.0
11855,one_way_thirdfactor_to_ethicalsense,5,0.22,0.5,0.9,0.1,0.0
11855,one_way_thirdfactor_to_ethicalsense,6,0.22,0.5,0.9,0.1,0.0
11855,bidirectional_codevelopment,1,0.1,0.5,0.9,0.1,-0.040000000000000036
11855,bidirectional_codevelopment,2,0.1,0.5,0.9,0.1,0.0
11855,bidirectional_codevelopment,3,0.1,0.5018,0.9,0.1,0.0018000000000000238
11855,bidirectional_codevelopment,4,0.1,0.5,0.9,0.1,-0.0018000000000000238
11855,bidirectional_codevelopment,5,0.1,0.5,0.9,0.1,0.0
11855,bidirectional_codevelopment,6,0.1,0.5,0.9,0.1,0.0
11856,no_codevelopment,1,0.22,0.54,0.68,0.28,0.0
11856,no_codevelopment,2,0.22,0.54,0.68,0.28,0.0
11856,no_codevelopment,3,0.22,0.54,0.68,0.28,0.0
11856,no_codevelopment,4,0.22,0.54,0.68,0.28,0.0
11856,no_codevelopment,5,0.22,0.54,0.68,0.28,0.0
11856,no_codevelopment,6,0.22,0.54,0.68,0.28,0.0
11856,one_way_thirdfactor_to_ethicalsense,1,0.22,0.50396,0.9,0.1,-0.03604000000000007
11856,one_way_thirdfactor_to_ethicalsense,2,0.22,0.5,0.9,0.1,-0.0039599999999999635
11856,one_way_thirdfactor_to_ethicalsense,3,0.22,0.5,0.9,0.1,0.0
11856,one_way_thirdfactor_to_ethicalsense,4,0.22,0.5079199999999999,0.9,0.1,0.007919999999999927
11856,one_way_thirdfactor_to_ethicalsense,5,0.22,0.5,0.9,0.1,-0.007919999999999927
11856,one_way_thirdfactor_to_ethicalsense,6,0.22,0.50396,0.9,0.1,0.0039599999999999635
11856,bidirectional_codevelopment,1,0.1,0.5,0.9,0.1,-0.040000000000000036
11856,bidirectional_codevelopment,2,0.1,0.5,0.9,0.1,0.0
11856,bidirectional_codevelopment,3,0.1,0.5,0.9,0.1,0.0
11856,bidirectional_codevelopment,4,0.1,0.5,0.9,0.1,0.0
11856,bidirectional_codevelopment,5,0.1,0.5,0.9,0.1,0.0
11856,bidirectional_codevelopment,6,0.1,0.5,0.9,0.1,0.0
11857,no_codevelopment,1,0.22,0.54,0.68,0.28,0.0
11857,no_codevelopment,2,0.22,0.54,0.68,0.28,0.0
11857,no_codevelopment,3,0.22,0.54,0.68,0.28,0.0
11857,no_codevelopment,4,0.22,0.54,0.68,0.28,0.0
11857,no_codevelopment,5,0.22,0.54,0.68,0.28,0.0
11857,no_codevelopment,6,0.22,0.54,0.68,0.28,0.0
11857,one_way_thirdfactor_to_ethicalsense,1,0.22,0.5,0.9,0.1,-0.040000000000000036
11857,one_way_thirdfactor_to_ethicalsense,2,0.22,0.5,0.9,0.1,0.0
11857,one_way_thirdfactor_to_ethicalsense,3,0.22,0.5,0.9,0.1,0.0
11857,one_way_thirdfactor_to_ethicalsense,4,0.22,0.5,0.9,0.1,0.0
11857,one_way_thirdfactor_to_ethicalsense,5,0.22,0.5,0.9,0.1,0.0
11857,one_way_thirdfactor_to_ethicalsense,6,0.22,0.50396,0.9,0.1,0.0039599999999999635
11857,bidirectional_codevelopment,1,0.1,0.5,0.9,0.1,-0.040000000000000036
11857,bidirectional_codevelopment,2,0.1,0.5018,0.9,0.1,0.0018000000000000238
11857,bidirectional_codevelopment,3,0.1,0.5,0.9,0.1,-0.0018000000000000238
11857,bidirectional_codevelopment,4,0.1,0.5,0.9,0.1,0.0
11857,bidirectional_codevelopment,5,0.1,0.5,0.9,0.1,0.0
11857,bidirectional_codevelopment,6,0.1,0.5,0.9,0.1,0.0
11858,no_codevelopment,1,0.22,0.54,0.68,0.28,0.0
11858,no_codevelopment,2,0.22,0.54,0.68,0.28,0.0
11858,no_codevelopment,3,0.22,0.54,0.68,0.28,0.0
11858,no_codevelopment,4,0.22,0.54,0.68,0.28,0.0
11858,no_codevelopment,5,0.22,0.54,0.68,0.28,0.0
11858,no_codevelopment,6,0.22,0.54,0.68,0.28,0.0
11858,one_way_thirdfactor_to_ethicalsense,1,0.22,0.5,0.9,0.1,-0.040000000000000036
11858,one_way_thirdfactor_to_ethicalsense,2,0.22,0.5,0.9,0.1,0.0
11858,one_way_thirdfactor_to_ethicalsense,3,0.22,0.5,0.9,0.1,0.0
11858,one_way_thirdfactor_to_ethicalsense,4,0.22,0.5,0.9,0.1,0.0
11858,one_way_thirdfactor_to_ethicalsense,5,0.22,0.5,0.9,0.1,0.0
11858,one_way_thirdfactor_to_ethicalsense,6,0.22,0.5,0.9,0.1,0.0
11858,bidirectional_codevelopment,1,0.1,0.5,0.9,0.1,-0.040000000000000036
11858,bidirectional_codevelopment,2,0.1,0.5,0.9,0.1,0.0
11858,bidirectional_codevelopment,3,0.1,0.5,0.9,0.1,0.0
11858,bidirectional_codevelopment,4,0.1,0.5018,0.9,0.1,0.0018000000000000238
11858,bidirectional_codevelopment,5,0.1,0.5,0.9,0.1,-0.0018000000000000238
11858,bidirectional_codevelopment,6,0.1,0.5,0.9,0.1,0.0
11859,no_codevelopment,1,0.22,0.54,0.68,0.28,0.0
11859,no_codevelopment,2,0.22,0.54,0.68,0.28,0.0
11859,no_codevelopment,3,0.22,0.54,0.68,0.28,0.0
11859,no_codevelopment,4,0.22,0.54,0.68,0.28,0.0
11859,no_codevelopment,5,0.22,0.54,0.68,0.28,0.0
11859,no_codevelopment,6,0.22,0.54,0.68,0.28,0.0
11859,one_way_thirdfactor_to_ethicalsense,1,0.22,0.5,0.9,0.1,-0.040000000000000036
11859,one_way_thirdfactor_to_ethicalsense,2,0.22,0.50396,0.9,0.1,0.0039599999999999635
11859,one_way_thirdfactor_to_ethicalsense,3,0.22,0.5,0.9,0.1,-0.0039599999999999635
11859,one_way_thirdfactor_to_ethicalsense,4,0.22,0.5,0.9,0.1,0.0
11859,one_way_thirdfactor_to_ethicalsense,5,0.22,0.5,0.9,0.1,0.0
11859,one_way_thirdfactor_to_ethicalsense,6,0.22,0.5,0.9,0.1,0.0
11859,bidirectional_codevelopment,1,0.1,0.5,0.9,0.1,-0.040000000000000036
11859,bidirectional_codevelopment,2,0.1,0.5,0.9,0.1,0.0
11859,bidirectional_codevelopment,3,0.1,0.5,0.9,0.1,0.0
11859,bidirectional_codevelopment,4,0.1,0.5,0.9,0.1,0.0
11859,bidirectional_codevelopment,5,0.1,0.5,0.9,0.1,0.0
11859,bidirectional_codevelopment,6,0.1,0.5,0.9,0.1,0.0
11860,no_codevelopment,1,0.22,0.54,0.68,0.28,0.0
11860,no_codevelopment,2,0.22,0.54,0.68,0.28,0.0
11860,no_codevelopment,3,0.22,0.54,0.68,0.28,0.0
11860,no_codevelopment,4,0.22,0.54,0.68,0.28,0.0
11860,no_codevelopment,5,0.22,0.54,0.68,0.28,0.0
11860,no_codevelopment,6,0.22,0.54,0.68,0.28,0.0
11860,one_way_thirdfactor_to_ethicalsense,1,0.22,0.5,0.9,0.1,-0.040000000000000036
11860,one_way_thirdfactor_to_ethicalsense,2,0.22,0.5,0.9,0.1,0.0
11860,one_way_thirdfactor_to_ethicalsense,3,0.22,0.5,0.9,0.1,0.0
11860,one_way_thirdfactor_to_ethicalsense,4,0.22,0.5,0.9,0.1,0.0
11860,one_way_thirdfactor_to_ethicalsense,5,0.22,0.5,0.9,0.1,0.0
11860,one_way_thirdfactor_to_ethicalsense,6,0.22,0.5,0.9,0.1,0.0
11860,bidirectional_codevelopment,1,0.1,0.5,0.9,0.1,-0.040000000000000036
11860,bidirectional_codevelopment,2,0.1,0.5018,0.9,0.1,0.0018000000000000238
11860,bidirectional_codevelopment,3,0.1,0.5,0.9,0.1,-0.0018000000000000238
11860,bidirectional_codevelopment,4,0.1,0.5018,0.9,0.1,0.0018000000000000238
11860,bidirectional_codevelopment,5,0.1,0.5,0.9,0.1,-0.0018000000000000238
11860,bidirectional_codevelopment,6,0.1,0.5,0.9,0.1,0.0
11861,no_codevelopment,1,0.22,0.54,0.68,0.28,0.0
11861,no_codevelopment,2,0.22,0.54,0.68,0.28,0.0
11861,no_codevelopment,3,0.22,0.54,0.68,0.28,0.0
11861,no_codevelopment,4,0.22,0.54,0.68,0.28,0.0
11861,no_codevelopment,5,0.22,0.54,0.68,0.28,0.0
11861,no_codevelopment,6,0.22,0.54,0.68,0.28,0.0
11861,one_way_thirdfactor_to_ethicalsense,1,0.22,0.50396,0.9,0.1,-0.03604000000000007
11861,one_way_thirdfactor_to_ethicalsense,2,0.22,0.5,0.9,0.1,-0.0039599999999999635
11861,one_way_thirdfactor_to_ethicalsense,3,0.22,0.5,0.9,0.1,0.0
11861,one_way_thirdfactor_to_ethicalsense,4,0.22,0.5,0.9,0.1,0.0
11861,one_way_thirdfactor_to_ethicalsense,5,0.22,0.5,0.9,0.1,0.0
11861,one_way_thirdfactor_to_ethicalsense,6,0.22,0.5,0.9,0.1,0.0
11861,bidirectional_codevelopment,1,0.1,0.5,0.9,0.1,-0.040000000000000036
11861,bidirectional_codevelopment,2,0.1,0.5,0.9,0.1,0.0
11861,bidirectional_codevelopment,3,0.1,0.5,0.9,0.1,0.0
11861,bidirectional_codevelopment,4,0.1,0.5,0.9,0.1,0.0
11861,bidirectional_codevelopment,5,0.1,0.5,0.9,0.1,0.0
11861,bidirectional_codevelopment,6,0.1,0.5,0.9,0.1,0.0
11862,no_codevelopment,1,0.22,0.54,0.68,0.28,0.0
11862,no_codevelopment,2,0.22,0.54,0.68,0.28,0.0
11862,no_codevelopment,3,0.22,0.54,0.68,0.28,0.0
11862,no_codevelopment,4,0.22,0.54,0.68,0.28,0.0
11862,no_codevelopment,5,0.22,0.54,0.68,0.28,0.0
11862,no_codevelopment,6,0.22,0.54,0.68,0.28,0.0
11862,one_way_thirdfactor_to_ethicalsense,1,0.22,0.5,0.9,0.1,-0.040000000000000036
11862,one_way_thirdfactor_to_ethicalsense,2,0.22,0.5,0.9,0.1,0.0
11862,one_way_thirdfactor_to_ethicalsense,3,0.22,0.5,0.9,0.1,0.0
11862,one_way_thirdfactor_to_ethicalsense,4,0.22,0.5,0.9,0.1,0.0
11862,one_way_thirdfactor_to_ethicalsense,5,0.22,0.50396,0.9,0.1,0.0039599999999999635
11862,one_way_thirdfactor_to_ethicalsense,6,0.22,0.5,0.9,0.1,-0.0039599999999999635
11862,bidirectional_codevelopment,1,0.1,0.5,0.9,0.1,-0.040000000000000036
11862,bidirectional_codevelopment,2,0.1,0.5,0.9,0.1,0.0
11862,bidirectional_codevelopment,3,0.1,0.5,0.9,0.1,0.0
11862,bidirectional_codevelopment,4,0.1,0.5,0.9,0.1,0.0
11862,bidirectional_codevelopment,5,0.1,0.5,0.9,0.1,0.0
11862,bidirectional_codevelopment,6,0.1,0.5,0.9,0.1,0.0
11863,no_codevelopment,1,0.22,0.54,0.68,0.28,0.0
11863,no_codevelopment,2,0.22,0.54,0.68,0.28,0.0
11863,no_codevelopment,3,0.22,0.54,0.68,0.28,0.0
11863,no_codevelopment,4,0.22,0.54,0.68,0.28,0.0
11863,no_codevelopment,5,0.22,0.54,0.68,0.28,0.0
11863,no_codevelopment,6,0.22,0.54,0.68,0.28,0.0
11863,one_way_thirdfactor_to_ethicalsense,1,0.22,0.5,0.9,0.1,-0.040000000000000036
11863,one_way_thirdfactor_to_ethicalsense,2,0.22,0.5,0.9,0.1,0.0
11863,one_way_thirdfactor_to_ethicalsense,3,0.22,0.5,0.9,0.1,0.0
11863,one_way_thirdfactor_to_ethicalsense,4,0.22,0.5,0.9,0.1,0.0
11863,one_way_thirdfactor_to_ethicalsense,5,0.22,0.50396,0.9,0.1,0.0039599999999999635
11863,one_way_thirdfactor_to_ethicalsense,6,0.22,0.5,0.9,0.1,-0.0039599999999999635
11863,bidirectional_codevelopment,1,0.1,0.5,0.9,0.1,-0.040000000000000036
11863,bidirectional_codevelopment,2,0.1,0.5,0.9,0.1,0.0
11863,bidirectional_codevelopment,3,0.1,0.5,0.9,0.1,0.0
11863,bidirectional_codevelopment,4,0.1,0.5,0.9,0.1,0.0
11863,bidirectional_codevelopment,5,0.1,0.5,0.9,0.1,0.0
11863,bidirectional_codevelopment,6,0.1,0.5,0.9,0.1,0.0
11864,no_codevelopment,1,0.22,0.54,0.68,0.28,0.0
11864,no_codevelopment,2,0.22,0.54,0.68,0.28,0.0
11864,no_codevelopment,3,0.22,0.54,0.68,0.28,0.0
11864,no_codevelopment,4,0.22,0.54,0.68,0.28,0.0
11864,no_codevelopment,5,0.22,0.54,0.68,0.28,0.0
11864,no_codevelopment,6,0.22,0.54,0.68,0.28,0.0
11864,one_way_thirdfactor_to_ethicalsense,1,0.22,0.5,0.9,0.1,-0.040000000000000036
11864,one_way_thirdfactor_to_ethicalsense,2,0.22,0.5,0.9,0.1,0.0
11864,one_way_thirdfactor_to_ethicalsense,3,0.22,0.5,0.9,0.1,0.0
11864,one_way_thirdfactor_to_ethicalsense,4,0.22,0.5,0.9,0.1,0.0
11864,one_way_thirdfactor_to_ethicalsense,5,0.22,0.5,0.9,0.1,0.0
11864,one_way_thirdfactor_to_ethicalsense,6,0.22,0.5,0.9,0.1,0.0
11864,bidirectional_codevelopment,1,0.1,0.5018,0.9,0.1,-0.03820000000000001
11864,bidirectional_codevelopment,2,0.1,0.5,0.9,0.1,-0.0018000000000000238
11864,bidirectional_codevelopment,3,0.1,0.5,0.9,0.1,0.0
11864,bidirectional_codevelopment,4,0.1,0.5,0.9,0.1,0.0
11864,bidirectional_codevelopment,5,0.1,0.5,0.9,0.1,0.0
11864,bidirectional_codevelopment,6,0.1,0.5,0.9,0.1,0.0
11865,no_codevelopment,1,0.22,0.54,0.68,0.28,0.0
11865,no_codevelopment,2,0.22,0.54,0.68,0.28,0.0
11865,no_codevelopment,3,0.22,0.54,0.68,0.28,0.0
11865,no_codevelopment,4,0.22,0.54,0.68,0.28,0.0
11865,no_codevelopment,5,0.22,0.54,0.68,0.28,0.0
11865,no_codevelopment,6,0.22,0.54,0.68,0.28,0.0
11865,one_way_thirdfactor_to_ethicalsense,1,0.22,0.5,0.9,0.1,-0.040000000000000036
11865,one_way_thirdfactor_to_ethicalsense,2,0.22,0.5,0.9,0.1,0.0
11865,one_way_thirdfactor_to_ethicalsense,3,0.22,0.5,0.9,0.1,0.0
11865,one_way_thirdfactor_to_ethicalsense,4,0.22,0.5,0.9,0.1,0.0
11865,one_way_thirdfactor_to_ethicalsense,5,0.22,0.5,0.9,0.1,0.0
11865,one_way_thirdfactor_to_ethicalsense,6,0.22,0.5,0.9,0.1,0.0
11865,bidirectional_codevelopment,1,0.1,0.5018,0.9,0.1,-0.03820000000000001
11865,bidirectional_codevelopment,2,0.1,0.5,0.9,0.1,-0.0018000000000000238
11865,bidirectional_codevelopment,3,0.1,0.5,0.9,0.1,0.0
11865,bidirectional_codevelopment,4,0.1,0.5,0.9,0.1,0.0
11865,bidirectional_codevelopment,5,0.1,0.5,0.9,0.1,0.0
11865,bidirectional_codevelopment,6,0.1,0.5,0.9,0.1,0.0
11866,no_codevelopment,1,0.22,0.54,0.68,0.28,0.0
11866,no_codevelopment,2,0.22,0.54,0.68,0.28,0.0
11866,no_codevelopment,3,0.22,0.54,0.68,0.28,0.0
11866,no_codevelopment,4,0.22,0.54,0.68,0.28,0.0
11866,no_codevelopment,5,0.22,0.54,0.68,0.28,0.0
11866,no_codevelopment,6,0.22,0.54,0.68,0.28,0.0
11866,one_way_thirdfactor_to_ethicalsense,1,0.22,0.5,0.9,0.1,-0.040000000000000036
11866,one_way_thirdfactor_to_ethicalsense,2,0.22,0.5,0.9,0.1,0.0
11866,one_way_thirdfactor_to_ethicalsense,3,0.22,0.50396,0.9,0.1,0.0039599999999999635
11866,one_way_thirdfactor_to_ethicalsense,4,0.22,0.5,0.9,0.1,-0.0039599999999999635
11866,one_way_thirdfactor_to_ethicalsense,5,0.22,0.5,0.9,0.1,0.0
11866,one_way_thirdfactor_to_ethicalsense,6,0.22,0.5,0.9,0.1,0.0
11866,bidirectional_codevelopment,1,0.1,0.5,0.9,0.1,-0.040000000000000036
11866,bidirectional_codevelopment,2,0.1,0.5,0.9,0.1,0.0
11866,bidirectional_codevelopment,3,0.1,0.5,0.9,0.1,0.0
11866,bidirectional_codevelopment,4,0.1,0.5,0.9,0.1,0.0
11866,bidirectional_codevelopment,5,0.1,0.5,0.9,0.1,0.0
11866,bidirectional_codevelopment,6,0.1,0.5,0.9,0.1,0.0
11867,no_codevelopment,1,0.22,0.54,0.68,0.28,0.0
11867,no_codevelopment,2,0.22,0.54,0.68,0.28,0.0
11867,no_codevelopment,3,0.22,0.54,0.68,0.28,0.0
11867,no_codevelopment,4,0.22,0.54,0.68,0.28,0.0
11867,no_codevelopment,5,0.22,0.54,0.68,0.28,0.0
11867,no_codevelopment,6,0.22,0.54,0.68,0.28,0.0
11867,one_way_thirdfactor_to_ethicalsense,1,0.22,0.5,0.9,0.1,-0.040000000000000036
11867,one_way_thirdfactor_to_ethicalsense,2,0.22,0.5,0.9,0.1,0.0
11867,one_way_thirdfactor_to_ethicalsense,3,0.22,0.5,0.9,0.1,0.0
11867,one_way_thirdfactor_to_ethicalsense,4,0.22,0.5,0.9,0.1,0.0
11867,one_way_thirdfactor_to_ethicalsense,5,0.22,0.5,0.9,0.1,0.0
11867,one_way_thirdfactor_to_ethicalsense,6,0.22,0.5,0.9,0.1,0.0
11867,bidirectional_codevelopment,1,0.1,0.5,0.9,0.1,-0.040000000000000036
11867,bidirectional_codevelopment,2,0.1,0.5,0.9,0.1,0.0
11867,bidirectional_codevelopment,3,0.1,0.5,0.9,0.1,0.0
11867,bidirectional_codevelopment,4,0.1,0.5,0.9,0.1,0.0
11867,bidirectional_codevelopment,5,0.1,0.5,0.9,0.1,0.0
11867,bidirectional_codevelopment,6,0.1,0.5,0.9,0.1,0.0
11868,no_codevelopment,1,0.22,0.54,0.68,0.28,0.0
11868,no_codevelopment,2,0.22,0.54,0.68,0.28,0.0
11868,no_codevelopment,3,0.22,0.54,0.68,0.28,0.0
11868,no_codevelopment,4,0.22,0.54,0.68,0.28,0.0
11868,no_codevelopment,5,0.22,0.54,0.68,0.28,0.0
11868,no_codevelopment,6,0.22,0.54,0.68,0.28,0.0
11868,one_way_thirdfactor_to_ethicalsense,1,0.22,0.5,0.9,0.1,-0.040000000000000036
11868,one_way_thirdfactor_to_ethicalsense,2,0.22,0.5,0.9,0.1,0.0
11868,one_way_thirdfactor_to_ethicalsense,3,0.22,0.5,0.9,0.1,0.0
11868,one_way_thirdfactor_to_ethicalsense,4,0.22,0.5,0.9,0.1,0.0
11868,one_way_thirdfactor_to_ethicalsense,5,0.22,0.5,0.9,0.1,0.0
11868,one_way_thirdfactor_to_ethicalsense,6,0.22,0.5,0.9,0.1,0.0
11868,bidirectional_codevelopment,1,0.1,0.5,0.9,0.1,-0.040000000000000036
11868,bidirectional_codevelopment,2,0.1,0.5,0.9,0.1,0.0
11868,bidirectional_codevelopment,3,0.1,0.5,0.9,0.1,0.0
11868,bidirectional_codevelopment,4,0.1,0.5,0.9,0.1,0.0
11868,bidirectional_codevelopment,5,0.1,0.5,0.9,0.1,0.0
11868,bidirectional_codevelopment,6,0.1,0.5,0.9,0.1,0.0
11869,no_codevelopment,1,0.22,0.54,0.68,0.28,0.0
11869,no_codevelopment,2,0.22,0.54,0.68,0.28,0.0
11869,no_codevelopment,3,0.22,0.54,0.68,0.28,0.0
11869,no_codevelopment,4,0.22,0.54,0.68,0.28,0.0
11869,no_codevelopment,5,0.22,0.54,0.68,0.28,0.0
11869,no_codevelopment,6,0.22,0.54,0.68,0.28,0.0
11869,one_way_thirdfactor_to_ethicalsense,1,0.22,0.5,0.9,0.1,-0.040000000000000036
11869,one_way_thirdfactor_to_ethicalsense,2,0.22,0.5,0.9,0.1,0.0
11869,one_way_thirdfactor_to_ethicalsense,3,0.22,0.5,0.9,0.1,0.0
11869,one_way_thirdfactor_to_ethicalsense,4,0.22,0.5,0.9,0.1,0.0
11869,one_way_thirdfactor_to_ethicalsense,5,0.22,0.50396,0.9,0.1,0.0039599999999999635
11869,one_way_thirdfactor_to_ethicalsense,6,0.22,0.5,0.9,0.1,-0.0039599999999999635
11869,bidirectional_codevelopment,1,0.1,0.5,0.9,0.1,-0.040000000000000036
11869,bidirectional_codevelopment,2,0.1,0.5,0.9,0.1,0.0
11869,bidirectional_codevelopment,3,0.1,0.5,0.9,0.1,0.0
11869,bidirectional_codevelopment,4,0.1,0.5,0.9,0.1,0.0
11869,bidirectional_codevelopment,5,0.1,0.5,0.9,0.1,0.0
11869,bidirectional_codevelopment,6,0.1,0.5018,0.9,0.1,0.0018000000000000238
11870,no_codevelopment,1,0.22,0.54,0.68,0.28,0.0
11870,no_codevelopment,2,0.22,0.54,0.68,0.28,0.0
11870,no_codevelopment,3,0.22,0.54,0.68,0.28,0.0
11870,no_codevelopment,4,0.22,0.54,0.68,0.28,0.0
11870,no_codevelopment,5,0.22,0.54,0.68,0.28,0.0
11870,no_codevelopment,6,0.22,0.54,0.68,0.28,0.0
11870,one_way_thirdfactor_to_ethicalsense,1,0.22,0.5,0.9,0.1,-0.040000000000000036
11870,one_way_thirdfactor_to_ethicalsense,2,0.22,0.5,0.9,0.1,0.0
11870,one_way_thirdfactor_to_ethicalsense,3,0.22,0.5,0.9,0.1,0.0
11870,one_way_thirdfactor_to_ethicalsense,4,0.22,0.5,0.9,0.1,0.0
11870,one_way_thirdfactor_to_ethicalsense,5,0.22,0.5,0.9,0.1,0.0
11870,one_way_thirdfactor_to_ethicalsense,6,0.22,0.5,0.9,0.1,0.0
11870,bidirectional_codevelopment,1,0.1,0.5,0.9,0.1,-0.040000000000000036
11870,bidirectional_codevelopment,2,0.1,0.5036,0.9,0.1,0.0036000000000000476
11870,bidirectional_codevelopment,3,0.1,0.5,0.9,0.1,-0.0036000000000000476
11870,bidirectional_codevelopment,4,0.1,0.5,0.9,0.1,0.0
11870,bidirectional_codevelopment,5,0.1,0.5,0.9,0.1,0.0
11870,bidirectional_codevelopment,6,0.1,0.5,0.9,0.1,0.0
11871,no_codevelopment,1,0.22,0.54,0.68,0.28,0.0
11871,no_codevelopment,2,0.22,0.54,0.68,0.28,0.0
11871,no_codevelopment,3,0.22,0.54,0.68,0.28,0.0
11871,no_codevelopment,4,0.22,0.54,0.68,0.28,0.0
11871,no_codevelopment,5,0.22,0.54,0.68,0.28,0.0
11871,no_codevelopment,6,0.22,0.54,0.68,0.28,0.0
11871,one_way_thirdfactor_to_ethicalsense,1,0.22,0.5,0.9,0.1,-0.040000000000000036
11871,one_way_thirdfactor_to_ethicalsense,2,0.22,0.5,0.9,0.1,0.0
11871,one_way_thirdfactor_to_ethicalsense,3,0.22,0.5,0.9,0.1,0.0
11871,one_way_thirdfactor_to_ethicalsense,4,0.22,0.5,0.9,0.1,0.0
11871,one_way_thirdfactor_to_ethicalsense,5,0.22,0.5,0.9,0.1,0.0
11871,one_way_thirdfactor_to_ethicalsense,6,0.22,0.5,0.9,0.1,0.0
11871,bidirectional_codevelopment,1,0.1,0.5,0.9,0.1,-0.040000000000000036
11871,bidirectional_codevelopment,2,0.1,0.5,0.9,0.1,0.0
11871,bidirectional_codevelopment,3,0.1,0.5,0.9,0.1,0.0
11871,bidirectional_codevelopment,4,0.1,0.5,0.9,0.1,0.0
11871,bidirectional_codevelopment,5,0.1,0.5,0.9,0.1,0.0
11871,bidirectional_codevelopment,6,0.1,0.5,0.9,0.1,0.0
11872,no_codevelopment,1,0.22,0.54,0.68,0.28,0.0
11872,no_codevelopment,2,0.22,0.54,0.68,0.28,0.0
11872,no_codevelopment,3,0.22,0.54,0.68,0.28,0.0
11872,no_codevelopment,4,0.22,0.54,0.68,0.28,0.0
11872,no_codevelopment,5,0.22,0.54,0.68,0.28,0.0
11872,no_codevelopment,6,0.22,0.54,0.68,0.28,0.0
11872,one_way_thirdfactor_to_ethicalsense,1,0.22,0.5,0.9,0.1,-0.040000000000000036
11872,one_way_thirdfactor_to_ethicalsense,2,0.22,0.5,0.9,0.1,0.0
11872,one_way_thirdfactor_to_ethicalsense,3,0.22,0.5,0.9,0.1,0.0
11872,one_way_thirdfactor_to_ethicalsense,4,0.22,0.5,0.9,0.1,0.0
11872,one_way_thirdfactor_to_ethicalsense,5,0.22,0.5,0.9,0.1,0.0
11872,one_way_thirdfactor_to_ethicalsense,6,0.22,0.5,0.9,0.1,0.0
11872,bidirectional_codevelopment,1,0.1,0.5,0.9,0.1,-0.040000000000000036
11872,bidirectional_codevelopment,2,0.1,0.5,0.9,0.1,0.0
11872,bidirectional_codevelopment,3,0.1,0.5,0.9,0.1,0.0
11872,bidirectional_codevelopment,4,0.1,0.5,0.9,0.1,0.0
11872,bidirectional_codevelopment,5,0.1,0.5,0.9,0.1,0.0
11872,bidirectional_codevelopment,6,0.1,0.5,0.9,0.1,0.0
11873,no_codevelopment,1,0.22,0.54,0.68,0.28,0.0
11873,no_codevelopment,2,0.22,0.54,0.68,0.28,0.0
11873,no_codevelopment,3,0.22,0.54,0.68,0.28,0.0
11873,no_codevelopment,4,0.22,0.54,0.68,0.28,0.0
11873,no_codevelopment,5,0.22,0.54,0.68,0.28,0.0
11873,no_codevelopment,6,0.22,0.54,0.68,0.28,0.0
11873,one_way_thirdfactor_to_ethicalsense,1,0.22,0.5,0.9,0.1,-0.040000000000000036
11873,one_way_thirdfactor_to_ethicalsense,2,0.22,0.5,0.9,0.1,0.0
11873,one_way_thirdfactor_to_ethicalsense,3,0.22,0.50396,0.9,0.1,0.0039599999999999635
11873,one_way_thirdfactor_to_ethicalsense,4,0.22,0.5,0.9,0.1,-0.0039599999999999635
11873,one_way_thirdfactor_to_ethicalsense,5,0.22,0.5,0.9,0.1,0.0
11873,one_way_thirdfactor_to_ethicalsense,6,0.22,0.5,0.9,0.1,0.0
11873,bidirectional_codevelopment,1,0.1,0.5,0.9,0.1,-0.040000000000000036
11873,bidirectional_codevelopment,2,0.1,0.5,0.9,0.1,0.0
11873,bidirectional_codevelopment,3,0.1,0.5,0.9,0.1,0.0
11873,bidirectional_codevelopment,4,0.1,0.5,0.9,0.1,0.0
11873,bidirectional_codevelopment,5,0.1,0.5,0.9,0.1,0.0
11873,bidirectional_codevelopment,6,0.1,0.5,0.9,0.1,0.0
11874,no_codevelopment,1,0.22,0.54,0.68,0.28,0.0
11874,no_codevelopment,2,0.22,0.54,0.68,0.28,0.0
11874,no_codevelopment,3,0.22,0.54,0.68,0.28,0.0
11874,no_codevelopment,4,0.22,0.54,0.68,0.28,0.0
11874,no_codevelopment,5,0.22,0.54,0.68,0.28,0.0
11874,no_codevelopment,6,0.22,0.54,0.68,0.28,0.0
11874,one_way_thirdfactor_to_ethicalsense,1,0.22,0.5,0.9,0.1,-0.040000000000000036
11874,one_way_thirdfactor_to_ethicalsense,2,0.22,0.5,0.9,0.1,0.0
11874,one_way_thirdfactor_to_ethicalsense,3,0.22,0.5,0.9,0.1,0.0
11874,one_way_thirdfactor_to_ethicalsense,4,0.22,0.5,0.9,0.1,0.0
11874,one_way_thirdfactor_to_ethicalsense,5,0.22,0.50396,0.9,0.1,0.0039599999999999635
11874,one_way_thirdfactor_to_ethicalsense,6,0.22,0.5,0.9,0.1,-0.0039599999999999635
11874,bidirectional_codevelopment,1,0.1,0.5,0.9,0.1,-0.040000000000000036
11874,bidirectional_codevelopment,2,0.1,0.5018,0.9,0.1,0.0018000000000000238
11874,bidirectional_codevelopment,3,0.1,0.5,0.9,0.1,-0.0018000000000000238
11874,bidirectional_codevelopment,4,0.1,0.5,0.9,0.1,0.0
11874,bidirectional_codevelopment,5,0.1,0.5,0.9,0.1,0.0
11874,bidirectional_codevelopment,6,0.1,0.5,0.9,0.1,0.0
11875,no_codevelopment,1,0.22,0.54,0.68,0.28,0.0
11875,no_codevelopment,2,0.22,0.54,0.68,0.28,0.0
11875,no_codevelopment,3,0.22,0.54,0.68,0.28,0.0
11875,no_codevelopment,4,0.22,0.54,0.68,0.28,0.0
11875,no_codevelopment,5,0.22,0.54,0.68,0.28,0.0
11875,no_codevelopment,6,0.22,0.54,0.68,0.28,0.0
11875,one_way_thirdfactor_to_ethicalsense,1,0.22,0.5,0.9,0.1,-0.040000000000000036
11875,one_way_thirdfactor_to_ethicalsense,2,0.22,0.5,0.9,0.1,0.0
11875,one_way_thirdfactor_to_ethicalsense,3,0.22,0.5,0.9,0.1,0.0
11875,one_way_thirdfactor_to_ethicalsense,4,0.22,0.50396,0.9,0.1,0.0039599999999999635
11875,one_way_thirdfactor_to_ethicalsense,5,0.22,0.5,0.9,0.1,-0.0039599999999999635
11875,one_way_thirdfactor_to_ethicalsense,6,0.22,0.5,0.9,0.1,0.0
11875,bidirectional_codevelopment,1,0.1,0.5036,0.9,0.1,-0.03639999999999999
11875,bidirectional_codevelopment,2,0.1,0.5,0.9,0.1,-0.0036000000000000476
11875,bidirectional_codevelopment,3,0.1,0.5,0.9,0.1,0.0
11875,bidirectional_codevelopment,4,0.1,0.5,0.9,0.1,0.0
11875,bidirectional_codevelopment,5,0.1,0.5,0.9,0.1,0.0
11875,bidirectional_codevelopment,6,0.1,0.5,0.9,0.1,0.0
11876,no_codevelopment,1,0.22,0.54,0.68,0.28,0.0
11876,no_codevelopment,2,0.22,0.54,0.68,0.28,0.0
11876,no_codevelopment,3,0.22,0.54,0.68,0.28,0.0
11876,no_codevelopment,4,0.22,0.54,0.68,0.28,0.0
11876,no_codevelopment,5,0.22,0.54,0.68,0.28,0.0
11876,no_codevelopment,6,0.22,0.54,0.68,0.28,0.0
11876,one_way_thirdfactor_to_ethicalsense,1,0.22,0.5,0.9,0.1,-0.040000000000000036
11876,one_way_thirdfactor_to_ethicalsense,2,0.22,0.5,0.9,0.1,0.0
11876,one_way_thirdfactor_to_ethicalsense,3,0.22,0.5,0.9,0.1,0.0
11876,one_way_thirdfactor_to_ethicalsense,4,0.22,0.5,0.9,0.1,0.0
11876,one_way_thirdfactor_to_ethicalsense,5,0.22,0.5,0.9,0.1,0.0
11876,one_way_thirdfactor_to_ethicalsense,6,0.22,0.5,0.9,0.1,0.0
11876,bidirectional_codevelopment,1,0.1,0.5,0.9,0.1,-0.040000000000000036
11876,bidirectional_codevelopment,2,0.1,0.5,0.9,0.1,0.0
11876,bidirectional_codevelopment,3,0.1,0.5,0.9,0.1,0.0
11876,bidirectional_codevelopment,4,0.1,0.5,0.9,0.1,0.0
11876,bidirectional_codevelopment,5,0.1,0.5,0.9,0.1,0.0
11876,bidirectional_codevelopment,6,0.1,0.5,0.9,0.1,0.0
11877,no_codevelopment,1,0.22,0.54,0.68,0.28,0.0
11877,no_codevelopment,2,0.22,0.54,0.68,0.28,0.0
11877,no_codevelopment,3,0.22,0.54,0.68,0.28,0.0
11877,no_codevelopment,4,0.22,0.54,0.68,0.28,0.0
11877,no_codevelopment,5,0.22,0.54,0.68,0.28,0.0
11877,no_codevelopment,6,0.22,0.54,0.68,0.28,0.0
11877,one_way_thirdfactor_to_ethicalsense,1,0.22,0.5,0.9,0.1,-0.040000000000000036
11877,one_way_thirdfactor_to_ethicalsense,2,0.22,0.5,0.9,0.1,0.0
11877,one_way_thirdfactor_to_ethicalsense,3,0.22,0.5,0.9,0.1,0.0
11877,one_way_thirdfactor_to_ethicalsense,4,0.22,0.5,0.9,0.1,0.0
11877,one_way_thirdfactor_to_ethicalsense,5,0.22,0.5,0.9,0.1,0.0
11877,one_way_thirdfactor_to_ethicalsense,6,0.22,0.5,0.9,0.1,0.0
11877,bidirectional_codevelopment,1,0.1,0.5,0.9,0.1,-0.040000000000000036
11877,bidirectional_codevelopment,2,0.1,0.5,0.9,0.1,0.0
11877,bidirectional_codevelopment,3,0.1,0.5,0.9,0.1,0.0
11877,bidirectional_codevelopment,4,0.1,0.5,0.9,0.1,0.0
11877,bidirectional_codevelopment,5,0.1,0.5018,0.9,0.1,0.0018000000000000238
11877,bidirectional_codevelopment,6,0.1,0.5,0.9,0.1,-0.0018000000000000238
11878,no_codevelopment,1,0.22,0.54,0.68,0.28,0.0
11878,no_codevelopment,2,0.22,0.54,0.68,0.28,0.0
11878,no_codevelopment,3,0.22,0.54,0.68,0.28,0.0
11878,no_codevelopment,4,0.22,0.54,0.68,0.28,0.0
11878,no_codevelopment,5,0.22,0.54,0.68,0.28,0.0
11878,no_codevelopment,6,0.22,0.54,0.68,0.28,0.0
11878,one_way_thirdfactor_to_ethicalsense,1,0.22,0.5,0.9,0.1,-0.040000000000000036
11878,one_way_thirdfactor_to_ethicalsense,2,0.22,0.5,0.9,0.1,0.0
11878,one_way_thirdfactor_to_ethicalsense,3,0.22,0.5,0.9,0.1,0.0
11878,one_way_thirdfactor_to_ethicalsense,4,0.22,0.5,0.9,0.1,0.0
11878,one_way_thirdfactor_to_ethicalsense,5,0.22,0.5,0.9,0.1,0.0
11878,one_way_thirdfactor_to_ethicalsense,6,0.22,0.5,0.9,0.1,0.0
11878,bidirectional_codevelopment,1,0.1,0.5,0.9,0.1,-0.040000000000000036
11878,bidirectional_codevelopment,2,0.1,0.5018,0.9,0.1,0.0018000000000000238
11878,bidirectional_codevelopment,3,0.1,0.5,0.9,0.1,-0.0018000000000000238
11878,bidirectional_codevelopment,4,0.1,0.5,0.9,0.1,0.0
11878,bidirectional_codevelopment,5,0.1,0.5,0.9,0.1,0.0
11878,bidirectional_codevelopment,6,0.1,0.5,0.9,0.1,0.0
11879,no_codevelopment,1,0.22,0.54,0.68,0.28,0.0
11879,no_codevelopment,2,0.22,0.54,0.68,0.28,0.0
11879,no_codevelopment,3,0.22,0.54,0.68,0.28,0.0
11879,no_codevelopment,4,0.22,0.54,0.68,0.28,0.0
11879,no_codevelopment,5,0.22,0.54,0.68,0.28,0.0
11879,no_codevelopment,6,0.22,0.54,0.68,0.28,0.0
11879,one_way_thirdfactor_to_ethicalsense,1,0.22,0.5,0.9,0.1,-0.040000000000000036
11879,one_way_thirdfactor_to_ethicalsense,2,0.22,0.5,0.9,0.1,0.0
11879,one_way_thirdfactor_to_ethicalsense,3,0.22,0.5,0.9,0.1,0.0
11879,one_way_thirdfactor_to_ethicalsense,4,0.22,0.5,0.9,0.1,0.0
11879,one_way_thirdfactor_to_ethicalsense,5,0.22,0.5,0.9,0.1,0.0
11879,one_way_thirdfactor_to_ethicalsense,6,0.22,0.5,0.9,0.1,0.0
11879,bidirectional_codevelopment,1,0.1,0.5,0.9,0.1,-0.040000000000000036
11879,bidirectional_codevelopment,2,0.1,0.5,0.9,0.1,0.0
11879,bidirectional_codevelopment,3,0.1,0.5,0.9,0.1,0.0
11879,bidirectional_codevelopment,4,0.1,0.5,0.9,0.1,0.0
11879,bidirectional_codevelopment,5,0.1,0.5,0.9,0.1,0.0
11879,bidirectional_codevelopment,6,0.1,0.5,0.9,0.1,0.0
11880,no_codevelopment,1,0.22,0.54,0.68,0.28,0.0
11880,no_codevelopment,2,0.22,0.54,0.68,0.28,0.0
11880,no_codevelopment,3,0.22,0.54,0.68,0.28,0.0
11880,no_codevelopment,4,0.22,0.54,0.68,0.28,0.0
11880,no_codevelopment,5,0.22,0.54,0.68,0.28,0.0
11880,no_codevelopment,6,0.22,0.54,0.68,0.28,0.0
11880,one_way_thirdfactor_to_ethicalsense,1,0.22,0.5,0.9,0.1,-0.040000000000000036
11880,one_way_thirdfactor_to_ethicalsense,2,0.22,0.50396,0.9,0.1,0.0039599999999999635
11880,one_way_thirdfactor_to_ethicalsense,3,0.22,0.5,0.9,0.1,-0.0039599999999999635
11880,one_way_thirdfactor_to_ethicalsense,4,0.22,0.5,0.9,0.1,0.0
11880,one_way_thirdfactor_to_ethicalsense,5,0.22,0.5,0.9,0.1,0.0
11880,one_way_thirdfactor_to_ethicalsense,6,0.22,0.5,0.9,0.1,0.0
11880,bidirectional_codevelopment,1,0.1,0.5,0.9,0.1,-0.040000000000000036
11880,bidirectional_codevelopment,2,0.1,0.5,0.9,0.1,0.0
11880,bidirectional_codevelopment,3,0.1,0.5,0.9,0.1,0.0
11880,bidirectional_codevelopment,4,0.1,0.5,0.9,0.1,0.0
11880,bidirectional_codevelopment,5,0.1,0.5,0.9,0.1,0.0
11880,bidirectional_codevelopment,6,0.1,0.5,0.9,0.1,0.0
11881,no_codevelopment,1,0.22,0.54,0.68,0.28,0.0
11881,no_codevelopment,2,0.22,0.54,0.68,0.28,0.0
11881,no_codevelopment,3,0.22,0.54,0.68,0.28,0.0
11881,no_codevelopment,4,0.22,0.54,0.68,0.28,0.0
11881,no_codevelopment,5,0.22,0.54,0.68,0.28,0.0
11881,no_codevelopment,6,0.22,0.54,0.68,0.28,0.0
11881,one_way_thirdfactor_to_ethicalsense,1,0.22,0.5,0.9,0.1,-0.040000000000000036
11881,one_way_thirdfactor_to_ethicalsense,2,0.22,0.50396,0.9,0.1,0.0039599999999999635
11881,one_way_thirdfactor_to_ethicalsense,3,0.22,0.5,0.9,0.1,-0.0039599999999999635
11881,one_way_thirdfactor_to_ethicalsense,4,0.22,0.5,0.9,0.1,0.0
11881,one_way_thirdfactor_to_ethicalsense,5,0.22,0.50396,0.9,0.1,0.0039599999999999635
11881,one_way_thirdfactor_to_ethicalsense,6,0.22,0.5,0.9,0.1,-0.0039599999999999635
11881,bidirectional_codevelopment,1,0.1,0.5,0.9,0.1,-0.040000000000000036
11881,bidirectional_codevelopment,2,0.1,0.5,0.9,0.1,0.0
11881,bidirectional_codevelopment,3,0.1,0.5,0.9,0.1,0.0
11881,bidirectional_codevelopment,4,0.1,0.5,0.9,0.1,0.0
11881,bidirectional_codevelopment,5,0.1,0.5,0.9,0.1,0.0
11881,bidirectional_codevelopment,6,0.1,0.5,0.9,0.1,0.0
11882,no_codevelopment,1,0.22,0.54,0.68,0.28,0.0
11882,no_codevelopment,2,0.22,0.54,0.68,0.28,0.0
11882,no_codevelopment,3,0.22,0.54,0.68,0.28,0.0
11882,no_codevelopment,4,0.22,0.54,0.68,0.28,0.0
11882,no_codevelopment,5,0.22,0.54,0.68,0.28,0.0
11882,no_codevelopment,6,0.22,0.54,0.68,0.28,0.0
11882,one_way_thirdfactor_to_ethicalsense,1,0.22,0.5,0.9,0.1,-0.040000000000000036
11882,one_way_thirdfactor_to_ethicalsense,2,0.22,0.5,0.9,0.1,0.0
11882,one_way_thirdfactor_to_ethicalsense,3,0.22,0.5,0.9,0.1,0.0
11882,one_way_thirdfactor_to_ethicalsense,4,0.22,0.5,0.9,0.1,0.0
11882,one_way_thirdfactor_to_ethicalsense,5,0.22,0.5,0.9,0.1,0.0
11882,one_way_thirdfactor_to_ethicalsense,6,0.22,0.5,0.9,0.1,0.0
11882,bidirectional_codevelopment,1,0.1,0.5,0.9,0.1,-0.040000000000000036
11882,bidirectional_codevelopment,2,0.1,0.5,0.9,0.1,0.0
11882,bidirectional_codevelopment,3,0.1,0.5,0.9,0.1,0.0
11882,bidirectional_codevelopment,4,0.1,0.5,0.9,0.1,0.0
11882,bidirectional_codevelopment,5,0.1,0.5,0.9,0.1,0.0
11882,bidirectional_codevelopment,6,0.1,0.5,0.9,0.1,0.0
11883,no_codevelopment,1,0.22,0.54,0.68,0.28,0.0
11883,no_codevelopment,2,0.22,0.54,0.68,0.28,0.0
11883,no_codevelopment,3,0.22,0.54,0.68,0.28,0.0
11883,no_codevelopment,4,0.22,0.54,0.68,0.28,0.0
11883,no_codevelopment,5,0.22,0.54,0.68,0.28,0.0
11883,no_codevelopment,6,0.22,0.54,0.68,0.28,0.0
11883,one_way_thirdfactor_to_ethicalsense,1,0.22,0.5,0.9,0.1,-0.040000000000000036
11883,one_way_thirdfactor_to_ethicalsense,2,0.22,0.5,0.9,0.1,0.0
11883,one_way_thirdfactor_to_ethicalsense,3,0.22,0.5,0.9,0.1,0.0
11883,one_way_thirdfactor_to_ethicalsense,4,0.22,0.5,0.9,0.1,0.0
11883,one_way_thirdfactor_to_ethicalsense,5,0.22,0.5,0.9,0.1,0.0
11883,one_way_thirdfactor_to_ethicalsense,6,0.22,0.5,0.9,0.1,0.0
11883,bidirectional_codevelopment,1,0.1,0.5,0.9,0.1,-0.040000000000000036
11883,bidirectional_codevelopment,2,0.1,0.5,0.9,0.1,0.0
11883,bidirectional_codevelopment,3,0.1,0.5,0.9,0.1,0.0
11883,bidirectional_codevelopment,4,0.1,0.5,0.9,0.1,0.0
11883,bidirectional_codevelopment,5,0.1,0.5,0.9,0.1,0.0
11883,bidirectional_codevelopment,6,0.1,0.5,0.9,0.1,0.0
11884,no_codevelopment,1,0.22,0.54,0.68,0.28,0.0
11884,no_codevelopment,2,0.22,0.54,0.68,0.28,0.0
11884,no_codevelopment,3,0.22,0.54,0.68,0.28,0.0
11884,no_codevelopment,4,0.22,0.54,0.68,0.28,0.0
11884,no_codevelopment,5,0.22,0.54,0.68,0.28,0.0
11884,no_codevelopment,6,0.22,0.54,0.68,0.28,0.0
11884,one_way_thirdfactor_to_ethicalsense,1,0.22,0.5,0.9,0.1,-0.040000000000000036
11884,one_way_thirdfactor_to_ethicalsense,2,0.22,0.5,0.9,0.1,0.0
11884,one_way_thirdfactor_to_ethicalsense,3,0.22,0.5,0.9,0.1,0.0
11884,one_way_thirdfactor_to_ethicalsense,4,0.22,0.5,0.9,0.1,0.0
11884,one_way_thirdfactor_to_ethicalsense,5,0.22,0.5,0.9,0.1,0.0
11884,one_way_thirdfactor_to_ethicalsense,6,0.22,0.5,0.9,0.1,0.0
11884,bidirectional_codevelopment,1,0.1,0.5,0.9,0.1,-0.040000000000000036
11884,bidirectional_codevelopment,2,0.1,0.5,0.9,0.1,0.0
11884,bidirectional_codevelopment,3,0.1,0.5,0.9,0.1,0.0
11884,bidirectional_codevelopment,4,0.1,0.5,0.9,0.1,0.0
11884,bidirectional_codevelopment,5,0.1,0.5,0.9,0.1,0.0
11884,bidirectional_codevelopment,6,0.1,0.5,0.9,0.1,0.0
11885,no_codevelopment,1,0.22,0.54,0.68,0.28,0.0
11885,no_codevelopment,2,0.22,0.54,0.68,0.28,0.0
11885,no_codevelopment,3,0.22,0.54,0.68,0.28,0.0
11885,no_codevelopment,4,0.22,0.54,0.68,0.28,0.0
11885,no_codevelopment,5,0.22,0.54,0.68,0.28,0.0
11885,no_codevelopment,6,0.22,0.54,0.68,0.28,0.0
11885,one_way_thirdfactor_to_ethicalsense,1,0.22,0.50396,0.9,0.1,-0.03604000000000007
11885,one_way_thirdfactor_to_ethicalsense,2,0.22,0.5,0.9,0.1,-0.0039599999999999635
11885,one_way_thirdfactor_to_ethicalsense,3,0.22,0.5,0.9,0.1,0.0
11885,one_way_thirdfactor_to_ethicalsense,4,0.22,0.5,0.9,0.1,0.0
11885,one_way_thirdfactor_to_ethicalsense,5,0.22,0.50396,0.9,0.1,0.0039599999999999635
11885,one_way_thirdfactor_to_ethicalsense,6,0.22,0.5,0.9,0.1,-0.0039599999999999635
11885,bidirectional_codevelopment,1,0.1,0.5,0.9,0.1,-0.040000000000000036
11885,bidirectional_codevelopment,2,0.1,0.5,0.9,0.1,0.0
11885,bidirectional_codevelopment,3,0.1,0.5,0.9,0.1,0.0
11885,bidirectional_codevelopment,4,0.1,0.5,0.9,0.1,0.0
11885,bidirectional_codevelopment,5,0.1,0.5,0.9,0.1,0.0
11885,bidirectional_codevelopment,6,0.1,0.5,0.9,0.1,0.0
11886,no_codevelopment,1,0.22,0.54,0.68,0.28,0.0
11886,no_codevelopment,2,0.22,0.54,0.68,0.28,0.0
11886,no_codevelopment,3,0.22,0.54,0.68,0.28,0.0
11886,no_codevelopment,4,0.22,0.54,0.68,0.28,0.0
11886,no_codevelopment,5,0.22,0.54,0.68,0.28,0.0
11886,no_codevelopment,6,0.22,0.54,0.68,0.28,0.0
11886,one_way_thirdfactor_to_ethicalsense,1,0.22,0.5,0.9,0.1,-0.040000000000000036
11886,one_way_thirdfactor_to_ethicalsense,2,0.22,0.5,0.9,0.1,0.0
11886,one_way_thirdfactor_to_ethicalsense,3,0.22,0.5,0.9,0.1,0.0
11886,one_way_thirdfactor_to_ethicalsense,4,0.22,0.5,0.9,0.1,0.0
11886,one_way_thirdfactor_to_ethicalsense,5,0.22,0.5,0.9,0.1,0.0
11886,one_way_thirdfactor_to_ethicalsense,6,0.22,0.50396,0.9,0.1,0.0039599999999999635
11886,bidirectional_codevelopment,1,0.1,0.5,0.9,0.1,-0.040000000000000036
11886,bidirectional_codevelopment,2,0.1,0.5,0.9,0.1,0.0
11886,bidirectional_codevelopment,3,0.1,0.5,0.9,0.1,0.0
11886,bidirectional_codevelopment,4,0.1,0.5,0.9,0.1,0.0
11886,bidirectional_codevelopment,5,0.1,0.5,0.9,0.1,0.0
11886,bidirectional_codevelopment,6,0.1,0.5,0.9,0.1,0.0
11887,no_codevelopment,1,0.22,0.54,0.68,0.28,0.0
11887,no_codevelopment,2,0.22,0.54,0.68,0.28,0.0
11887,no_codevelopment,3,0.22,0.54,0.68,0.28,0.0
11887,no_codevelopment,4,0.22,0.54,0.68,0.28,0.0
11887,no_codevelopment,5,0.22,0.54,0.68,0.28,0.0
11887,no_codevelopment,6,0.22,0.54,0.68,0.28,0.0
11887,one_way_thirdfactor_to_ethicalsense,1,0.22,0.5,0.9,0.1,-0.040000000000000036
11887,one_way_thirdfactor_to_ethicalsense,2,0.22,0.50396,0.9,0.1,0.0039599999999999635
11887,one_way_thirdfactor_to_ethicalsense,3,0.22,0.5,0.9,0.1,-0.0039599999999999635
11887,one_way_thirdfactor_to_ethicalsense,4,0.22,0.5,0.9,0.1,0.0
11887,one_way_thirdfactor_to_ethicalsense,5,0.22,0.5,0.9,0.1,0.0
11887,one_way_thirdfactor_to_ethicalsense,6,0.22,0.5,0.9,0.1,0.0
11887,bidirectional_codevelopment,1,0.1,0.5018,0.9,0.1,-0.03820000000000001
11887,bidirectional_codevelopment,2,0.1,0.5,0.9,0.1,-0.0018000000000000238
11887,bidirectional_codevelopment,3,0.1,0.5,0.9,0.1,0.0
11887,bidirectional_codevelopment,4,0.1,0.5,0.9,0.1,0.0
11887,bidirectional_codevelopment,5,0.1,0.5,0.9,0.1,0.0
11887,bidirectional_codevelopment,6,0.1,0.5,0.9,0.1,0.0
11888,no_codevelopment,1,0.22,0.54,0.68,0.28,0.0
11888,no_codevelopment,2,0.22,0.54,0.68,0.28,0.0
11888,no_codevelopment,3,0.22,0.54,0.68,0.28,0.0
11888,no_codevelopment,4,0.22,0.54,0.68,0.28,0.0
11888,no_codevelopment,5,0.22,0.54,0.68,0.28,0.0
11888,no_codevelopment,6,0.22,0.54,0.68,0.28,0.0
11888,one_way_thirdfactor_to_ethicalsense,1,0.22,0.5,0.9,0.1,-0.040000000000000036
11888,one_way_thirdfactor_to_ethicalsense,2,0.22,0.5,0.9,0.1,0.0
11888,one_way_thirdfactor_to_ethicalsense,3,0.22,0.5,0.9,0.1,0.0
11888,one_way_thirdfactor_to_ethicalsense,4,0.22,0.50396,0.9,0.1,0.0039599999999999635
11888,one_way_thirdfactor_to_ethicalsense,5,0.22,0.5,0.9,0.1,-0.0039599999999999635
11888,one_way_thirdfactor_to_ethicalsense,6,0.22,0.5,0.9,0.1,0.0
11888,bidirectional_codevelopment,1,0.1,0.5018,0.9,0.1,-0.03820000000000001
11888,bidirectional_codevelopment,2,0.1,0.5,0.9,0.1,-0.0018000000000000238
11888,bidirectional_codevelopment,3,0.1,0.5,0.9,0.1,0.0
11888,bidirectional_codevelopment,4,0.1,0.5,0.9,0.1,0.0
11888,bidirectional_codevelopment,5,0.1,0.5,0.9,0.1,0.0
11888,bidirectional_codevelopment,6,0.1,0.5,0.9,0.1,0.0
11889,no_codevelopment,1,0.22,0.54,0.68,0.28,0.0
11889,no_codevelopment,2,0.22,0.54,0.68,0.28,0.0
11889,no_codevelopment,3,0.22,0.54,0.68,0.28,0.0
11889,no_codevelopment,4,0.22,0.54,0.68,0.28,0.0
11889,no_codevelopment,5,0.22,0.54,0.68,0.28,0.0
11889,no_codevelopment,6,0.22,0.54,0.68,0.28,0.0
11889,one_way_thirdfactor_to_ethicalsense,1,0.22,0.5,0.9,0.1,-0.040000000000000036
11889,one_way_thirdfactor_to_ethicalsense,2,0.22,0.5,0.9,0.1,0.0
11889,one_way_thirdfactor_to_ethicalsense,3,0.22,0.5079199999999999,0.9,0.1,0.007919999999999927
11889,one_way_thirdfactor_to_ethicalsense,4,0.22,0.5,0.9,0.1,-0.007919999999999927
11889,one_way_thirdfactor_to_ethicalsense,5,0.22,0.5,0.9,0.1,0.0
11889,one_way_thirdfactor_to_ethicalsense,6,0.22,0.5,0.9,0.1,0.0
11889,bidirectional_codevelopment,1,0.1,0.5,0.9,0.1,-0.040000000000000036
11889,bidirectional_codevelopment,2,0.1,0.5,0.9,0.1,0.0
11889,bidirectional_codevelopment,3,0.1,0.5,0.9,0.1,0.0
11889,bidirectional_codevelopment,4,0.1,0.5,0.9,0.1,0.0
11889,bidirectional_codevelopment,5,0.1,0.5,0.9,0.1,0.0
11889,bidirectional_codevelopment,6,0.1,0.5,0.9,0.1,0.0
11890,no_codevelopment,1,0.22,0.54,0.68,0.28,0.0
11890,no_codevelopment,2,0.22,0.54,0.68,0.28,0.0
11890,no_codevelopment,3,0.22,0.54,0.68,0.28,0.0
11890,no_codevelopment,4,0.22,0.54,0.68,0.28,0.0
11890,no_codevelopment,5,0.22,0.54,0.68,0.28,0.0
11890,no_codevelopment,6,0.22,0.54,0.68,0.28,0.0
11890,one_way_thirdfactor_to_ethicalsense,1,0.22,0.5,0.9,0.1,-0.040000000000000036
11890,one_way_thirdfactor_to_ethicalsense,2,0.22,0.5,0.9,0.1,0.0
11890,one_way_thirdfactor_to_ethicalsense,3,0.22,0.5,0.9,0.1,0.0
11890,one_way_thirdfactor_to_ethicalsense,4,0.22,0.50396,0.9,0.1,0.0039599999999999635
11890,one_way_thirdfactor_to_ethicalsense,5,0.22,0.5,0.9,0.1,-0.0039599999999999635
11890,one_way_thirdfactor_to_ethicalsense,6,0.22,0.5,0.9,0.1,0.0
11890,bidirectional_codevelopment,1,0.1,0.5,0.9,0.1,-0.040000000000000036
11890,bidirectional_codevelopment,2,0.1,0.5,0.9,0.1,0.0
11890,bidirectional_codevelopment,3,0.1,0.5018,0.9,0.1,0.0018000000000000238
11890,bidirectional_codevelopment,4,0.1,0.5,0.9,0.1,-0.0018000000000000238
11890,bidirectional_codevelopment,5,0.1,0.5,0.9,0.1,0.0
11890,bidirectional_codevelopment,6,0.1,0.5018,0.9,0.1,0.0018000000000000238
11891,no_codevelopment,1,0.22,0.54,0.68,0.28,0.0
11891,no_codevelopment,2,0.22,0.54,0.68,0.28,0.0
11891,no_codevelopment,3,0.22,0.54,0.68,0.28,0.0
11891,no_codevelopment,4,0.22,0.54,0.68,0.28,0.0
11891,no_codevelopment,5,0.22,0.54,0.68,0.28,0.0
11891,no_codevelopment,6,0.22,0.54,0.68,0.28,0.0
11891,one_way_thirdfactor_to_ethicalsense,1,0.22,0.5,0.9,0.1,-0.040000000000000036
11891,one_way_thirdfactor_to_ethicalsense,2,0.22,0.5,0.9,0.1,0.0
11891,one_way_thirdfactor_to_ethicalsense,3,0.22,0.50396,0.9,0.1,0.0039599999999999635
11891,one_way_thirdfactor_to_ethicalsense,4,0.22,0.5,0.9,0.1,-0.0039599999999999635
11891,one_way_thirdfactor_to_ethicalsense,5,0.22,0.50396,0.9,0.1,0.0039599999999999635
11891,one_way_thirdfactor_to_ethicalsense,6,0.22,0.5,0.9,0.1,-0.0039599999999999635
11891,bidirectional_codevelopment,1,0.1,0.5,0.9,0.1,-0.040000000000000036
11891,bidirectional_codevelopment,2,0.1,0.5,0.9,0.1,0.0
11891,bidirectional_codevelopment,3,0.1,0.5,0.9,0.1,0.0
11891,bidirectional_codevelopment,4,0.1,0.5,0.9,0.1,0.0
11891,bidirectional_codevelopment,5,0.1,0.5,0.9,0.1,0.0
11891,bidirectional_codevelopment,6,0.1,0.5,0.9,0.1,0.0
11892,no_codevelopment,1,0.22,0.54,0.68,0.28,0.0
11892,no_codevelopment,2,0.22,0.54,0.68,0.28,0.0
11892,no_codevelopment,3,0.22,0.54,0.68,0.28,0.0
11892,no_codevelopment,4,0.22,0.54,0.68,0.28,0.0
11892,no_codevelopment,5,0.22,0.54,0.68,0.28,0.0
11892,no_codevelopment,6,0.22,0.54,0.68,0.28,0.0
11892,one_way_thirdfactor_to_ethicalsense,1,0.22,0.5,0.9,0.1,-0.040000000000000036
11892,one_way_thirdfactor_to_ethicalsense,2,0.22,0.5,0.9,0.1,0.0
11892,one_way_thirdfactor_to_ethicalsense,3,0.22,0.5,0.9,0.1,0.0
11892,one_way_thirdfactor_to_ethicalsense,4,0.22,0.5,0.9,0.1,0.0
11892,one_way_thirdfactor_to_ethicalsense,5,0.22,0.5,0.9,0.1,0.0
11892,one_way_thirdfactor_to_ethicalsense,6,0.22,0.5,0.9,0.1,0.0
11892,bidirectional_codevelopment,1,0.1,0.5,0.9,0.1,-0.040000000000000036
11892,bidirectional_codevelopment,2,0.1,0.5018,0.9,0.1,0.0018000000000000238
11892,bidirectional_codevelopment,3,0.1,0.5,0.9,0.1,-0.0018000000000000238
11892,bidirectional_codevelopment,4,0.1,0.5,0.9,0.1,0.0
11892,bidirectional_codevelopment,5,0.1,0.5,0.9,0.1,0.0
11892,bidirectional_codevelopment,6,0.1,0.5,0.9,0.1,0.0
11893,no_codevelopment,1,0.22,0.54,0.68,0.28,0.0
11893,no_codevelopment,2,0.22,0.54,0.68,0.28,0.0
11893,no_codevelopment,3,0.22,0.54,0.68,0.28,0.0
11893,no_codevelopment,4,0.22,0.54,0.68,0.28,0.0
11893,no_codevelopment,5,0.22,0.54,0.68,0.28,0.0
11893,no_codevelopment,6,0.22,0.54,0.68,0.28,0.0
11893,one_way_thirdfactor_to_ethicalsense,1,0.22,0.5,0.9,0.1,-0.040000000000000036
11893,one_way_thirdfactor_to_ethicalsense,2,0.22,0.5,0.9,0.1,0.0
11893,one_way_thirdfactor_to_ethicalsense,3,0.22,0.5,0.9,0.1,0.0
11893,one_way_thirdfactor_to_ethicalsense,4,0.22,0.5,0.9,0.1,0.0
11893,one_way_thirdfactor_to_ethicalsense,5,0.22,0.5,0.9,0.1,0.0
11893,one_way_thirdfactor_to_ethicalsense,6,0.22,0.5,0.9,0.1,0.0
11893,bidirectional_codevelopment,1,0.1,0.5,0.9,0.1,-0.040000000000000036
11893,bidirectional_codevelopment,2,0.1,0.5,0.9,0.1,0.0
11893,bidirectional_codevelopment,3,0.1,0.5,0.9,0.1,0.0
11893,bidirectional_codevelopment,4,0.1,0.5,0.9,0.1,0.0
11893,bidirectional_codevelopment,5,0.1,0.5,0.9,0.1,0.0
11893,bidirectional_codevelopment,6,0.1,0.5,0.9,0.1,0.0
11894,no_codevelopment,1,0.22,0.54,0.68,0.28,0.0
11894,no_codevelopment,2,0.22,0.54,0.68,0.28,0.0
11894,no_codevelopment,3,0.22,0.54,0.68,0.28,0.0
11894,no_codevelopment,4,0.22,0.54,0.68,0.28,0.0
11894,no_codevelopment,5,0.22,0.54,0.68,0.28,0.0
11894,no_codevelopment,6,0.22,0.54,0.68,0.28,0.0
11894,one_way_thirdfactor_to_ethicalsense,1,0.22,0.5,0.9,0.1,-0.040000000000000036
11894,one_way_thirdfactor_to_ethicalsense,2,0.22,0.5,0.9,0.1,0.0
11894,one_way_thirdfactor_to_ethicalsense,3,0.22,0.5,0.9,0.1,0.0
11894,one_way_thirdfactor_to_ethicalsense,4,0.22,0.5,0.9,0.1,0.0
11894,one_way_thirdfactor_to_ethicalsense,5,0.22,0.5,0.9,0.1,0.0
11894,one_way_thirdfactor_to_ethicalsense,6,0.22,0.5,0.9,0.1,0.0
11894,bidirectional_codevelopment,1,0.1,0.5,0.9,0.1,-0.040000000000000036
11894,bidirectional_codevelopment,2,0.1,0.5,0.9,0.1,0.0
11894,bidirectional_codevelopment,3,0.1,0.5,0.9,0.1,0.0
11894,bidirectional_codevelopment,4,0.1,0.5,0.9,0.1,0.0
11894,bidirectional_codevelopment,5,0.1,0.5,0.9,0.1,0.0
11894,bidirectional_codevelopment,6,0.1,0.5,0.9,0.1,0.0
11895,no_codevelopment,1,0.22,0.54,0.68,0.28,0.0
11895,no_codevelopment,2,0.22,0.54,0.68,0.28,0.0
11895,no_codevelopment,3,0.22,0.54,0.68,0.28,0.0
11895,no_codevelopment,4,0.22,0.54,0.68,0.28,0.0
11895,no_codevelopment,5,0.22,0.54,0.68,0.28,0.0
11895,no_codevelopment,6,0.22,0.54,0.68,0.28,0.0
11895,one_way_thirdfactor_to_ethicalsense,1,0.22,0.5,0.9,0.1,-0.040000000000000036
11895,one_way_thirdfactor_to_ethicalsense,2,0.22,0.5,0.9,0.1,0.0
11895,one_way_thirdfactor_to_ethicalsense,3,0.22,0.5,0.9,0.1,0.0
11895,one_way_thirdfactor_to_ethicalsense,4,0.22,0.5,0.9,0.1,0.0
11895,one_way_thirdfactor_to_ethicalsense,5,0.22,0.5,0.9,0.1,0.0
11895,one_way_thirdfactor_to_ethicalsense,6,0.22,0.5,0.9,0.1,0.0
11895,bidirectional_codevelopment,1,0.1,0.5,0.9,0.1,-0.040000000000000036
11895,bidirectional_codevelopment,2,0.1,0.5018,0.9,0.1,0.0018000000000000238
11895,bidirectional_codevelopment,3,0.1,0.5,0.9,0.1,-0.0018000000000000238
11895,bidirectional_codevelopment,4,0.1,0.5,0.9,0.1,0.0
11895,bidirectional_codevelopment,5,0.1,0.5,0.9,0.1,0.0
11895,bidirectional_codevelopment,6,0.1,0.5,0.9,0.1,0.0
11896,no_codevelopment,1,0.22,0.54,0.68,0.28,0.0
11896,no_codevelopment,2,0.22,0.54,0.68,0.28,0.0
11896,no_codevelopment,3,0.22,0.54,0.68,0.28,0.0
11896,no_codevelopment,4,0.22,0.54,0.68,0.28,0.0
11896,no_codevelopment,5,0.22,0.54,0.68,0.28,0.0
11896,no_codevelopment,6,0.22,0.54,0.68,0.28,0.0
11896,one_way_thirdfactor_to_ethicalsense,1,0.22,0.5,0.9,0.1,-0.040000000000000036
11896,one_way_thirdfactor_to_ethicalsense,2,0.22,0.5,0.9,0.1,0.0
11896,one_way_thirdfactor_to_ethicalsense,3,0.22,0.5,0.9,0.1,0.0
11896,one_way_thirdfactor_to_ethicalsense,4,0.22,0.5,0.9,0.1,0.0
11896,one_way_thirdfactor_to_ethicalsense,5,0.22,0.5,0.9,0.1,0.0
11896,one_way_thirdfactor_to_ethicalsense,6,0.22,0.5,0.9,0.1,0.0
11896,bidirectional_codevelopment,1,0.1,0.5,0.9,0.1,-0.040000000000000036
11896,bidirectional_codevelopment,2,0.1,0.5,0.9,0.1,0.0
11896,bidirectional_codevelopment,3,0.1,0.5,0.9,0.1,0.0
11896,bidirectional_codevelopment,4,0.1,0.5,0.9,0.1,0.0
11896,bidirectional_codevelopment,5,0.1,0.5,0.9,0.1,0.0
11896,bidirectional_codevelopment,6,0.1,0.5,0.9,0.1,0.0
11897,no_codevelopment,1,0.22,0.54,0.68,0.28,0.0
11897,no_codevelopment,2,0.22,0.54,0.68,0.28,0.0
11897,no_codevelopment,3,0.22,0.54,0.68,0.28,0.0
11897,no_codevelopment,4,0.22,0.54,0.68,0.28,0.0
11897,no_codevelopment,5,0.22,0.54,0.68,0.28,0.0
11897,no_codevelopment,6,0.22,0.54,0.68,0.28,0.0
11897,one_way_thirdfactor_to_ethicalsense,1,0.22,0.50396,0.9,0.1,-0.03604000000000007
11897,one_way_thirdfactor_to_ethicalsense,2,0.22,0.5,0.9,0.1,-0.0039599999999999635
11897,one_way_thirdfactor_to_ethicalsense,3,0.22,0.5,0.9,0.1,0.0
11897,one_way_thirdfactor_to_ethicalsense,4,0.22,0.5,0.9,0.1,0.0
11897,one_way_thirdfactor_to_ethicalsense,5,0.22,0.5,0.9,0.1,0.0
11897,one_way_thirdfactor_to_ethicalsense,6,0.22,0.5,0.9,0.1,0.0
11897,bidirectional_codevelopment,1,0.1,0.5,0.9,0.1,-0.040000000000000036
11897,bidirectional_codevelopment,2,0.1,0.5,0.9,0.1,0.0
11897,bidirectional_codevelopment,3,0.1,0.5,0.9,0.1,0.0
11897,bidirectional_codevelopment,4,0.1,0.5,0.9,0.1,0.0
11897,bidirectional_codevelopment,5,0.1,0.5,0.9,0.1,0.0
11897,bidirectional_codevelopment,6,0.1,0.5,0.9,0.1,0.0
11898,no_codevelopment,1,0.22,0.54,0.68,0.28,0.0
11898,no_codevelopment,2,0.22,0.54,0.68,0.28,0.0
11898,no_codevelopment,3,0.22,0.54,0.68,0.28,0.0
11898,no_codevelopment,4,0.22,0.54,0.68,0.28,0.0
11898,no_codevelopment,5,0.22,0.54,0.68,0.28,0.0
11898,no_codevelopment,6,0.22,0.54,0.68,0.28,0.0
11898,one_way_thirdfactor_to_ethicalsense,1,0.22,0.5,0.9,0.1,-0.040000000000000036
11898,one_way_thirdfactor_to_ethicalsense,2,0.22,0.5,0.9,0.1,0.0
11898,one_way_thirdfactor_to_ethicalsense,3,0.22,0.5,0.9,0.1,0.0
11898,one_way_thirdfactor_to_ethicalsense,4,0.22,0.5,0.9,0.1,0.0
11898,one_way_thirdfactor_to_ethicalsense,5,0.22,0.50396,0.9,0.1,0.0039599999999999635
11898,one_way_thirdfactor_to_ethicalsense,6,0.22,0.5,0.9,0.1,-0.0039599999999999635
11898,bidirectional_codevelopment,1,0.1,0.5,0.9,0.1,-0.040000000000000036
11898,bidirectional_codevelopment,2,0.1,0.5,0.9,0.1,0.0
11898,bidirectional_codevelopment,3,0.1,0.5,0.9,0.1,0.0
11898,bidirectional_codevelopment,4,0.1,0.5,0.9,0.1,0.0
11898,bidirectional_codevelopment,5,0.1,0.5,0.9,0.1,0.0
11898,bidirectional_codevelopment,6,0.1,0.5,0.9,0.1,0.0
11899,no_codevelopment,1,0.22,0.54,0.68,0.28,0.0
11899,no_codevelopment,2,0.22,0.54,0.68,0.28,0.0
11899,no_codevelopment,3,0.22,0.54,0.68,0.28,0.0
11899,no_codevelopment,4,0.22,0.54,0.68,0.28,0.0
11899,no_codevelopment,5,0.22,0.54,0.68,0.28,0.0
11899,no_codevelopment,6,0.22,0.54,0.68,0.28,0.0
11899,one_way_thirdfactor_to_ethicalsense,1,0.22,0.5,0.9,0.1,-0.040000000000000036
11899,one_way_thirdfactor_to_ethicalsense,2,0.22,0.5,0.9,0.1,0.0
11899,one_way_thirdfactor_to_ethicalsense,3,0.22,0.5,0.9,0.1,0.0
11899,one_way_thirdfactor_to_ethicalsense,4,0.22,0.5,0.9,0.1,0.0
11899,one_way_thirdfactor_to_ethicalsense,5,0.22,0.5,0.9,0.1,0.0
11899,one_way_thirdfactor_to_ethicalsense,6,0.22,0.50396,0.9,0.1,0.0039599999999999635
11899,bidirectional_codevelopment,1,0.1,0.5,0.9,0.1,-0.040000000000000036
11899,bidirectional_codevelopment,2,0.1,0.5,0.9,0.1,0.0
11899,bidirectional_codevelopment,3,0.1,0.5018,0.9,0.1,0.0018000000000000238
11899,bidirectional_codevelopment,4,0.1,0.5,0.9,0.1,-0.0018000000000000238
11899,bidirectional_codevelopment,5,0.1,0.5,0.9,0.1,0.0
11899,bidirectional_codevelopment,6,0.1,0.5,0.9,0.1,0.0
11900,no_codevelopment,1,0.22,0.54,0.68,0.28,0.0
11900,no_codevelopment,2,0.22,0.54,0.68,0.28,0.0
11900,no_codevelopment,3,0.22,0.54,0.68,0.28,0.0
11900,no_codevelopment,4,0.22,0.54,0.68,0.28,0.0
11900,no_codevelopment,5,0.22,0.54,0.68,0.28,0.0
11900,no_codevelopment,6,0.22,0.54,0.68,0.28,0.0
11900,one_way_thirdfactor_to_ethicalsense,1,0.22,0.5,0.9,0.1,-0.040000000000000036
11900,one_way_thirdfactor_to_ethicalsense,2,0.22,0.5,0.9,0.1,0.0
11900,one_way_thirdfactor_to_ethicalsense,3,0.22,0.5,0.9,0.1,0.0
11900,one_way_thirdfactor_to_ethicalsense,4,0.22,0.5,0.9,0.1,0.0
11900,one_way_thirdfactor_to_ethicalsense,5,0.22,0.5,0.9,0.1,0.0
11900,one_way_thirdfactor_to_ethicalsense,6,0.22,0.5,0.9,0.1,0.0
11900,bidirectional_codevelopment,1,0.1,0.5,0.9,0.1,-0.040000000000000036
11900,bidirectional_codevelopment,2,0.1,0.5,0.9,0.1,0.0
11900,bidirectional_codevelopment,3,0.1,0.5,0.9,0.1,0.0
11900,bidirectional_codevelopment,4,0.1,0.5,0.9,0.1,0.0
11900,bidirectional_codevelopment,5,0.1,0.5,0.9,0.1,0.0
11900,bidirectional_codevelopment,6,0.1,0.5,0.9,0.1,0.0
11901,no_codevelopment,1,0.22,0.54,0.68,0.28,0.0
11901,no_codevelopment,2,0.22,0.54,0.68,0.28,0.0
11901,no_codevelopment,3,0.22,0.54,0.68,0.28,0.0
11901,no_codevelopment,4,0.22,0.54,0.68,0.28,0.0
11901,no_codevelopment,5,0.22,0.54,0.68,0.28,0.0
11901,no_codevelopment,6,0.22,0.54,0.68,0.28,0.0
11901,one_way_thirdfactor_to_ethicalsense,1,0.22,0.5,0.9,0.1,-0.040000000000000036
11901,one_way_thirdfactor_to_ethicalsense,2,0.22,0.5,0.9,0.1,0.0
11901,one_way_thirdfactor_to_ethicalsense,3,0.22,0.5,0.9,0.1,0.0
11901,one_way_thirdfactor_to_ethicalsense,4,0.22,0.5,0.9,0.1,0.0
11901,one_way_thirdfactor_to_ethicalsense,5,0.22,0.5,0.9,0.1,0.0
11901,one_way_thirdfactor_to_ethicalsense,6,0.22,0.50396,0.9,0.1,0.0039599999999999635
11901,bidirectional_codevelopment,1,0.1,0.5,0.9,0.1,-0.040000000000000036
11901,bidirectional_codevelopment,2,0.1,0.5,0.9,0.1,0.0
11901,bidirectional_codevelopment,3,0.1,0.5,0.9,0.1,0.0
11901,bidirectional_codevelopment,4,0.1,0.5,0.9,0.1,0.0
11901,bidirectional_codevelopment,5,0.1,0.5,0.9,0.1,0.0
11901,bidirectional_codevelopment,6,0.1,0.5,0.9,0.1,0.0
11902,no_codevelopment,1,0.22,0.54,0.68,0.28,0.0
11902,no_codevelopment,2,0.22,0.54,0.68,0.28,0.0
11902,no_codevelopment,3,0.22,0.54,0.68,0.28,0.0
11902,no_codevelopment,4,0.22,0.54,0.68,0.28,0.0
11902,no_codevelopment,5,0.22,0.54,0.68,0.28,0.0
11902,no_codevelopment,6,0.22,0.54,0.68,0.28,0.0
11902,one_way_thirdfactor_to_ethicalsense,1,0.22,0.5,0.9,0.1,-0.040000000000000036
11902,one_way_thirdfactor_to_ethicalsense,2,0.22,0.5,0.9,0.1,0.0
11902,one_way_thirdfactor_to_ethicalsense,3,0.22,0.5,0.9,0.1,0.0
11902,one_way_thirdfactor_to_ethicalsense,4,0.22,0.5,0.9,0.1,0.0
11902,one_way_thirdfactor_to_ethicalsense,5,0.22,0.5,0.9,0.1,0.0
11902,one_way_thirdfactor_to_ethicalsense,6,0.22,0.5,0.9,0.1,0.0
11902,bidirectional_codevelopment,1,0.1,0.5,0.9,0.1,-0.040000000000000036
11902,bidirectional_codevelopment,2,0.1,0.5,0.9,0.1,0.0
11902,bidirectional_codevelopment,3,0.1,0.5,0.9,0.1,0.0
11902,bidirectional_codevelopment,4,0.1,0.5,0.9,0.1,0.0
11902,bidirectional_codevelopment,5,0.1,0.5,0.9,0.1,0.0
11902,bidirectional_codevelopment,6,0.1,0.5,0.9,0.1,0.0
11903,no_codevelopment,1,0.22,0.54,0.68,0.28,0.0
11903,no_codevelopment,2,0.22,0.54,0.68,0.28,0.0
11903,no_codevelopment,3,0.22,0.54,0.68,0.28,0.0
11903,no_codevelopment,4,0.22,0.54,0.68,0.28,0.0
11903,no_codevelopment,5,0.22,0.54,0.68,0.28,0.0
11903,no_codevelopment,6,0.22,0.54,0.68,0.28,0.0
11903,one_way_thirdfactor_to_ethicalsense,1,0.22,0.5,0.9,0.1,-0.040000000000000036
11903,one_way_thirdfactor_to_ethicalsense,2,0.22,0.5,0.9,0.1,0.0
11903,one_way_thirdfactor_to_ethicalsense,3,0.22,0.5,0.9,0.1,0.0
11903,one_way_thirdfactor_to_ethicalsense,4,0.22,0.5,0.9,0.1,0.0
11903,one_way_thirdfactor_to_ethicalsense,5,0.22,0.5,0.9,0.1,0.0
11903,one_way_thirdfactor_to_ethicalsense,6,0.22,0.5,0.9,0.1,0.0
11903,bidirectional_codevelopment,1,0.1,0.5,0.9,0.1,-0.040000000000000036
11903,bidirectional_codevelopment,2,0.1,0.5,0.9,0.1,0.0
11903,bidirectional_codevelopment,3,0.1,0.5,0.9,0.1,0.0
11903,bidirectional_codevelopment,4,0.1,0.5,0.9,0.1,0.0
11903,bidirectional_codevelopment,5,0.1,0.5,0.9,0.1,0.0
11903,bidirectional_codevelopment,6,0.1,0.5,0.9,0.1,0.0
11904,no_codevelopment,1,0.22,0.54,0.68,0.28,0.0
11904,no_codevelopment,2,0.22,0.54,0.68,0.28,0.0
11904,no_codevelopment,3,0.22,0.54,0.68,0.28,0.0
11904,no_codevelopment,4,0.22,0.54,0.68,0.28,0.0
11904,no_codevelopment,5,0.22,0.54,0.68,0.28,0.0
11904,no_codevelopment,6,0.22,0.54,0.68,0.28,0.0
11904,one_way_thirdfactor_to_ethicalsense,1,0.22,0.5,0.9,0.1,-0.040000000000000036
11904,one_way_thirdfactor_to_ethicalsense,2,0.22,0.5,0.9,0.1,0.0
11904,one_way_thirdfactor_to_ethicalsense,3,0.22,0.5,0.9,0.1,0.0
11904,one_way_thirdfactor_to_ethicalsense,4,0.22,0.5,0.9,0.1,0.0
11904,one_way_thirdfactor_to_ethicalsense,5,0.22,0.50396,0.9,0.1,0.0039599999999999635
11904,one_way_thirdfactor_to_ethicalsense,6,0.22,0.5,0.9,0.1,-0.0039599999999999635
11904,bidirectional_codevelopment,1,0.1,0.5,0.9,0.1,-0.040000000000000036
11904,bidirectional_codevelopment,2,0.1,0.5,0.9,0.1,0.0
11904,bidirectional_codevelopment,3,0.1,0.5,0.9,0.1,0.0
11904,bidirectional_codevelopment,4,0.1,0.5,0.9,0.1,0.0
11904,bidirectional_codevelopment,5,0.1,0.5,0.9,0.1,0.0
11904,bidirectional_codevelopment,6,0.1,0.5018,0.9,0.1,0.0018000000000000238
11905,no_codevelopment,1,0.22,0.54,0.68,0.28,0.0
11905,no_codevelopment,2,0.22,0.54,0.68,0.28,0.0
11905,no_codevelopment,3,0.22,0.54,0.68,0.28,0.0
11905,no_codevelopment,4,0.22,0.54,0.68,0.28,0.0
11905,no_codevelopment,5,0.22,0.54,0.68,0.28,0.0
11905,no_codevelopment,6,0.22,0.54,0.68,0.28,0.0
11905,one_way_thirdfactor_to_ethicalsense,1,0.22,0.5,0.9,0.1,-0.040000000000000036
11905,one_way_thirdfactor_to_ethicalsense,2,0.22,0.5,0.9,0.1,0.0
11905,one_way_thirdfactor_to_ethicalsense,3,0.22,0.5,0.9,0.1,0.0
11905,one_way_thirdfactor_to_ethicalsense,4,0.22,0.5,0.9,0.1,0.0
11905,one_way_thirdfactor_to_ethicalsense,5,0.22,0.5,0.9,0.1,0.0
11905,one_way_thirdfactor_to_ethicalsense,6,0.22,0.5,0.9,0.1,0.0
11905,bidirectional_codevelopment,1,0.1,0.5,0.9,0.1,-0.040000000000000036
11905,bidirectional_codevelopment,2,0.1,0.5018,0.9,0.1,0.0018000000000000238
11905,bidirectional_codevelopment,3,0.1,0.5,0.9,0.1,-0.0018000000000000238
11905,bidirectional_codevelopment,4,0.1,0.5,0.9,0.1,0.0
11905,bidirectional_codevelopment,5,0.1,0.5,0.9,0.1,0.0
11905,bidirectional_codevelopment,6,0.1,0.5,0.9,0.1,0.0
11906,no_codevelopment,1,0.22,0.54,0.68,0.28,0.0
11906,no_codevelopment,2,0.22,0.54,0.68,0.28,0.0
11906,no_codevelopment,3,0.22,0.54,0.68,0.28,0.0
11906,no_codevelopment,4,0.22,0.54,0.68,0.28,0.0
11906,no_codevelopment,5,0.22,0.54,0.68,0.28,0.0
11906,no_codevelopment,6,0.22,0.54,0.68,0.28,0.0
11906,one_way_thirdfactor_to_ethicalsense,1,0.22,0.5,0.9,0.1,-0.040000000000000036
11906,one_way_thirdfactor_to_ethicalsense,2,0.22,0.50396,0.9,0.1,0.0039599999999999635
11906,one_way_thirdfactor_to_ethicalsense,3,0.22,0.5,0.9,0.1,-0.0039599999999999635
11906,one_way_thirdfactor_to_ethicalsense,4,0.22,0.5,0.9,0.1,0.0
11906,one_way_thirdfactor_to_ethicalsense,5,0.22,0.5,0.9,0.1,0.0
11906,one_way_thirdfactor_to_ethicalsense,6,0.22,0.5,0.9,0.1,0.0
11906,bidirectional_codevelopment,1,0.1,0.5,0.9,0.1,-0.040000000000000036
11906,bidirectional_codevelopment,2,0.1,0.5,0.9,0.1,0.0
11906,bidirectional_codevelopment,3,0.1,0.5,0.9,0.1,0.0
11906,bidirectional_codevelopment,4,0.1,0.5,0.9,0.1,0.0
11906,bidirectional_codevelopment,5,0.1,0.5,0.9,0.1,0.0
11906,bidirectional_codevelopment,6,0.1,0.5,0.9,0.1,0.0
11907,no_codevelopment,1,0.22,0.54,0.68,0.28,0.0
11907,no_codevelopment,2,0.22,0.54,0.68,0.28,0.0
11907,no_codevelopment,3,0.22,0.54,0.68,0.28,0.0
11907,no_codevelopment,4,0.22,0.54,0.68,0.28,0.0
11907,no_codevelopment,5,0.22,0.54,0.68,0.28,0.0
11907,no_codevelopment,6,0.22,0.54,0.68,0.28,0.0
11907,one_way_thirdfactor_to_ethicalsense,1,0.22,0.5,0.9,0.1,-0.040000000000000036
11907,one_way_thirdfactor_to_ethicalsense,2,0.22,0.5,0.9,0.1,0.0
11907,one_way_thirdfactor_to_ethicalsense,3,0.22,0.5,0.9,0.1,0.0
11907,one_way_thirdfactor_to_ethicalsense,4,0.22,0.5,0.9,0.1,0.0
11907,one_way_thirdfactor_to_ethicalsense,5,0.22,0.5,0.9,0.1,0.0
11907,one_way_thirdfactor_to_ethicalsense,6,0.22,0.5,0.9,0.1,0.0
11907,bidirectional_codevelopment,1,0.1,0.5,0.9,0.1,-0.040000000000000036
11907,bidirectional_codevelopment,2,0.1,0.5,0.9,0.1,0.0
11907,bidirectional_codevelopment,3,0.1,0.5,0.9,0.1,0.0
11907,bidirectional_codevelopment,4,0.1,0.5,0.9,0.1,0.0
11907,bidirectional_codevelopment,5,0.1,0.5,0.9,0.1,0.0
11907,bidirectional_codevelopment,6,0.1,0.5,0.9,0.1,0.0
11908,no_codevelopment,1,0.22,0.54,0.68,0.28,0.0
11908,no_codevelopment,2,0.22,0.54,0.68,0.28,0.0
11908,no_codevelopment,3,0.22,0.54,0.68,0.28,0.0
11908,no_codevelopment,4,0.22,0.54,0.68,0.28,0.0
11908,no_codevelopment,5,0.22,0.54,0.68,0.28,0.0
11908,no_codevelopment,6,0.22,0.54,0.68,0.28,0.0
11908,one_way_thirdfactor_to_ethicalsense,1,0.22,0.5,0.9,0.1,-0.040000000000000036
11908,one_way_thirdfactor_to_ethicalsense,2,0.22,0.5,0.9,0.1,0.0
11908,one_way_thirdfactor_to_ethicalsense,3,0.22,0.5,0.9,0.1,0.0
11908,one_way_thirdfactor_to_ethicalsense,4,0.22,0.5,0.9,0.1,0.0
11908,one_way_thirdfactor_to_ethicalsense,5,0.22,0.5,0.9,0.1,0.0
11908,one_way_thirdfactor_to_ethicalsense,6,0.22,0.5,0.9,0.1,0.0
11908,bidirectional_codevelopment,1,0.1,0.5,0.9,0.1,-0.040000000000000036
11908,bidirectional_codevelopment,2,0.1,0.5,0.9,0.1,0.0
11908,bidirectional_codevelopment,3,0.1,0.5,0.9,0.1,0.0
11908,bidirectional_codevelopment,4,0.1,0.5,0.9,0.1,0.0
11908,bidirectional_codevelopment,5,0.1,0.5,0.9,0.1,0.0
11908,bidirectional_codevelopment,6,0.1,0.5,0.9,0.1,0.0
11909,no_codevelopment,1,0.22,0.54,0.68,0.28,0.0
11909,no_codevelopment,2,0.22,0.54,0.68,0.28,0.0
11909,no_codevelopment,3,0.22,0.54,0.68,0.28,0.0
11909,no_codevelopment,4,0.22,0.54,0.68,0.28,0.0
11909,no_codevelopment,5,0.22,0.54,0.68,0.28,0.0
11909,no_codevelopment,6,0.22,0.54,0.68,0.28,0.0
11909,one_way_thirdfactor_to_ethicalsense,1,0.22,0.5,0.9,0.1,-0.040000000000000036
11909,one_way_thirdfactor_to_ethicalsense,2,0.22,0.5,0.9,0.1,0.0
11909,one_way_thirdfactor_to_ethicalsense,3,0.22,0.5,0.9,0.1,0.0
11909,one_way_thirdfactor_to_ethicalsense,4,0.22,0.5,0.9,0.1,0.0
11909,one_way_thirdfactor_to_ethicalsense,5,0.22,0.5,0.9,0.1,0.0
11909,one_way_thirdfactor_to_ethicalsense,6,0.22,0.5,0.9,0.1,0.0
11909,bidirectional_codevelopment,1,0.1,0.5,0.9,0.1,-0.040000000000000036
11909,bidirectional_codevelopment,2,0.1,0.5,0.9,0.1,0.0
11909,bidirectional_codevelopment,3,0.1,0.5,0.9,0.1,0.0
11909,bidirectional_codevelopment,4,0.1,0.5,0.9,0.1,0.0
11909,bidirectional_codevelopment,5,0.1,0.5018,0.9,0.1,0.0018000000000000238
11909,bidirectional_codevelopment,6,0.1,0.5,0.9,0.1,-0.0018000000000000238
11910,no_codevelopment,1,0.22,0.54,0.68,0.28,0.0
11910,no_codevelopment,2,0.22,0.54,0.68,0.28,0.0
11910,no_codevelopment,3,0.22,0.54,0.68,0.28,0.0
11910,no_codevelopment,4,0.22,0.54,0.68,0.28,0.0
11910,no_codevelopment,5,0.22,0.54,0.68,0.28,0.0
11910,no_codevelopment,6,0.22,0.54,0.68,0.28,0.0
11910,one_way_thirdfactor_to_ethicalsense,1,0.22,0.5,0.9,0.1,-0.040000000000000036
11910,one_way_thirdfactor_to_ethicalsense,2,0.22,0.5,0.9,0.1,0.0
11910,one_way_thirdfactor_to_ethicalsense,3,0.22,0.5,0.9,0.1,0.0
11910,one_way_thirdfactor_to_ethicalsense,4,0.22,0.50396,0.9,0.1,0.0039599999999999635
11910,one_way_thirdfactor_to_ethicalsense,5,0.22,0.5,0.9,0.1,-0.0039599999999999635
11910,one_way_thirdfactor_to_ethicalsense,6,0.22,0.5,0.9,0.1,0.0
11910,bidirectional_codevelopment,1,0.1,0.5,0.9,0.1,-0.040000000000000036
11910,bidirectional_codevelopment,2,0.1,0.5,0.9,0.1,0.0
11910,bidirectional_codevelopment,3,0.1,0.5,0.9,0.1,0.0
11910,bidirectional_codevelopment,4,0.1,0.5,0.9,0.1,0.0
11910,bidirectional_codevelopment,5,0.1,0.5,0.9,0.1,0.0
11910,bidirectional_codevelopment,6,0.1,0.5,0.9,0.1,0.0
11911,no_codevelopment,1,0.22,0.54,0.68,0.28,0.0
11911,no_codevelopment,2,0.22,0.54,0.68,0.28,0.0
11911,no_codevelopment,3,0.22,0.54,0.68,0.28,0.0
11911,no_codevelopment,4,0.22,0.54,0.68,0.28,0.0
11911,no_codevelopment,5,0.22,0.54,0.68,0.28,0.0
11911,no_codevelopment,6,0.22,0.54,0.68,0.28,0.0
11911,one_way_thirdfactor_to_ethicalsense,1,0.22,0.5,0.9,0.1,-0.040000000000000036
11911,one_way_thirdfactor_to_ethicalsense,2,0.22,0.5,0.9,0.1,0.0
11911,one_way_thirdfactor_to_ethicalsense,3,0.22,0.50396,0.9,0.1,0.0039599999999999635
11911,one_way_thirdfactor_to_ethicalsense,4,0.22,0.5,0.9,0.1,-0.0039599999999999635
11911,one_way_thirdfactor_to_ethicalsense,5,0.22,0.5,0.9,0.1,0.0
11911,one_way_thirdfactor_to_ethicalsense,6,0.22,0.50396,0.9,0.1,0.0039599999999999635
11911,bidirectional_codevelopment,1,0.1,0.5,0.9,0.1,-0.040000000000000036
11911,bidirectional_codevelopment,2,0.1,0.5,0.9,0.1,0.0
11911,bidirectional_codevelopment,3,0.1,0.5,0.9,0.1,0.0
11911,bidirectional_codevelopment,4,0.1,0.5,0.9,0.1,0.0
11911,bidirectional_codevelopment,5,0.1,0.5,0.9,0.1,0.0
11911,bidirectional_codevelopment,6,0.1,0.5,0.9,0.1,0.0
11912,no_codevelopment,1,0.22,0.54,0.68,0.28,0.0
11912,no_codevelopment,2,0.22,0.54,0.68,0.28,0.0
11912,no_codevelopment,3,0.22,0.54,0.68,0.28,0.0
11912,no_codevelopment,4,0.22,0.54,0.68,0.28,0.0
11912,no_codevelopment,5,0.22,0.54,0.68,0.28,0.0
11912,no_codevelopment,6,0.22,0.54,0.68,0.28,0.0
11912,one_way_thirdfactor_to_ethicalsense,1,0.22,0.5,0.9,0.1,-0.040000000000000036
11912,one_way_thirdfactor_to_ethicalsense,2,0.22,0.5,0.9,0.1,0.0
11912,one_way_thirdfactor_to_ethicalsense,3,0.22,0.5,0.9,0.1,0.0
11912,one_way_thirdfactor_to_ethicalsense,4,0.22,0.5,0.9,0.1,0.0
11912,one_way_thirdfactor_to_ethicalsense,5,0.22,0.5,0.9,0.1,0.0
11912,one_way_thirdfactor_to_ethicalsense,6,0.22,0.5,0.9,0.1,0.0
11912,bidirectional_codevelopment,1,0.1,0.5,0.9,0.1,-0.040000000000000036
11912,bidirectional_codevelopment,2,0.1,0.5,0.9,0.1,0.0
11912,bidirectional_codevelopment,3,0.1,0.5,0.9,0.1,0.0
11912,bidirectional_codevelopment,4,0.1,0.5,0.9,0.1,0.0
11912,bidirectional_codevelopment,5,0.1,0.5,0.9,0.1,0.0
11912,bidirectional_codevelopment,6,0.1,0.5,0.9,0.1,0.0
11913,no_codevelopment,1,0.22,0.54,0.68,0.28,0.0
11913,no_codevelopment,2,0.22,0.54,0.68,0.28,0.0
11913,no_codevelopment,3,0.22,0.54,0.68,0.28,0.0
11913,no_codevelopment,4,0.22,0.54,0.68,0.28,0.0
11913,no_codevelopment,5,0.22,0.54,0.68,0.28,0.0
11913,no_codevelopment,6,0.22,0.54,0.68,0.28,0.0
11913,one_way_thirdfactor_to_ethicalsense,1,0.22,0.5,0.9,0.1,-0.040000000000000036
11913,one_way_thirdfactor_to_ethicalsense,2,0.22,0.5,0.9,0.1,0.0
11913,one_way_thirdfactor_to_ethicalsense,3,0.22,0.5,0.9,0.1,0.0
11913,one_way_thirdfactor_to_ethicalsense,4,0.22,0.5,0.9,0.1,0.0
11913,one_way_thirdfactor_to_ethicalsense,5,0.22,0.5,0.9,0.1,0.0
11913,one_way_thirdfactor_to_ethicalsense,6,0.22,0.5,0.9,0.1,0.0
11913,bidirectional_codevelopment,1,0.1,0.5,0.9,0.1,-0.040000000000000036
11913,bidirectional_codevelopment,2,0.1,0.5,0.9,0.1,0.0
11913,bidirectional_codevelopment,3,0.1,0.5036,0.9,0.1,0.0036000000000000476
11913,bidirectional_codevelopment,4,0.1,0.5,0.9,0.1,-0.0036000000000000476
11913,bidirectional_codevelopment,5,0.1,0.5,0.9,0.1,0.0
11913,bidirectional_codevelopment,6,0.1,0.5,0.9,0.1,0.0
11914,no_codevelopment,1,0.22,0.54,0.68,0.28,0.0
11914,no_codevelopment,2,0.22,0.54,0.68,0.28,0.0
11914,no_codevelopment,3,0.22,0.54,0.68,0.28,0.0
11914,no_codevelopment,4,0.22,0.54,0.68,0.28,0.0
11914,no_codevelopment,5,0.22,0.54,0.68,0.28,0.0
11914,no_codevelopment,6,0.22,0.54,0.68,0.28,0.0
11914,one_way_thirdfactor_to_ethicalsense,1,0.22,0.5,0.9,0.1,-0.040000000000000036
11914,one_way_thirdfactor_to_ethicalsense,2,0.22,0.5,0.9,0.1,0.0
11914,one_way_thirdfactor_to_ethicalsense,3,0.22,0.50396,0.9,0.1,0.0039599999999999635
11914,one_way_thirdfactor_to_ethicalsense,4,0.22,0.5,0.9,0.1,-0.0039599999999999635
11914,one_way_thirdfactor_to_ethicalsense,5,0.22,0.5,0.9,0.1,0.0
11914,one_way_thirdfactor_to_ethicalsense,6,0.22,0.5,0.9,0.1,0.0
11914,bidirectional_codevelopment,1,0.1,0.5,0.9,0.1,-0.040000000000000036
11914,bidirectional_codevelopment,2,0.1,0.5,0.9,0.1,0.0
11914,bidirectional_codevelopment,3,0.1,0.5,0.9,0.1,0.0
11914,bidirectional_codevelopment,4,0.1,0.5,0.9,0.1,0.0
11914,bidirectional_codevelopment,5,0.1,0.5,0.9,0.1,0.0
11914,bidirectional_codevelopment,6,0.1,0.5,0.9,0.1,0.0
11915,no_codevelopment,1,0.22,0.54,0.68,0.28,0.0
11915,no_codevelopment,2,0.22,0.54,0.68,0.28,0.0
11915,no_codevelopment,3,0.22,0.54,0.68,0.28,0.0
11915,no_codevelopment,4,0.22,0.54,0.68,0.28,0.0
11915,no_codevelopment,5,0.22,0.54,0.68,0.28,0.0
11915,no_codevelopment,6,0.22,0.54,0.68,0.28,0.0
11915,one_way_thirdfactor_to_ethicalsense,1,0.22,0.5,0.9,0.1,-0.040000000000000036
11915,one_way_thirdfactor_to_ethicalsense,2,0.22,0.5,0.9,0.1,0.0
11915,one_way_thirdfactor_to_ethicalsense,3,0.22,0.5,0.9,0.1,0.0
11915,one_way_thirdfactor_to_ethicalsense,4,0.22,0.5,0.9,0.1,0.0
11915,one_way_thirdfactor_to_ethicalsense,5,0.22,0.5,0.9,0.1,0.0
11915,one_way_thirdfactor_to_ethicalsense,6,0.22,0.5,0.9,0.1,0.0
11915,bidirectional_codevelopment,1,0.1,0.5,0.9,0.1,-0.040000000000000036
11915,bidirectional_codevelopment,2,0.1,0.5,0.9,0.1,0.0
11915,bidirectional_codevelopment,3,0.1,0.5,0.9,0.1,0.0
11915,bidirectional_codevelopment,4,0.1,0.5,0.9,0.1,0.0
11915,bidirectional_codevelopment,5,0.1,0.5018,0.9,0.1,0.0018000000000000238
11915,bidirectional_codevelopment,6,0.1,0.5,0.9,0.1,-0.0018000000000000238
11916,no_codevelopment,1,0.22,0.54,0.68,0.28,0.0
11916,no_codevelopment,2,0.22,0.54,0.68,0.28,0.0
11916,no_codevelopment,3,0.22,0.54,0.68,0.28,0.0
11916,no_codevelopment,4,0.22,0.54,0.68,0.28,0.0
11916,no_codevelopment,5,0.22,0.54,0.68,0.28,0.0
11916,no_codevelopment,6,0.22,0.54,0.68,0.28,0.0
11916,one_way_thirdfactor_to_ethicalsense,1,0.22,0.5,0.9,0.1,-0.040000000000000036
11916,one_way_thirdfactor_to_ethicalsense,2,0.22,0.5,0.9,0.1,0.0
11916,one_way_thirdfactor_to_ethicalsense,3,0.22,0.5,0.9,0.1,0.0
11916,one_way_thirdfactor_to_ethicalsense,4,0.22,0.5,0.9,0.1,0.0
11916,one_way_thirdfactor_to_ethicalsense,5,0.22,0.5,0.9,0.1,0.0
11916,one_way_thirdfactor_to_ethicalsense,6,0.22,0.5,0.9,0.1,0.0
11916,bidirectional_codevelopment,1,0.1,0.5,0.9,0.1,-0.040000000000000036
11916,bidirectional_codevelopment,2,0.1,0.5,0.9,0.1,0.0
11916,bidirectional_codevelopment,3,0.1,0.5,0.9,0.1,0.0
11916,bidirectional_codevelopment,4,0.1,0.5,0.9,0.1,0.0
11916,bidirectional_codevelopment,5,0.1,0.5,0.9,0.1,0.0
11916,bidirectional_codevelopment,6,0.1,0.5,0.9,0.1,0.0
11917,no_codevelopment,1,0.22,0.54,0.68,0.28,0.0
11917,no_codevelopment,2,0.22,0.54,0.68,0.28,0.0
11917,no_codevelopment,3,0.22,0.54,0.68,0.28,0.0
11917,no_codevelopment,4,0.22,0.54,0.68,0.28,0.0
11917,no_codevelopment,5,0.22,0.54,0.68,0.28,0.0
11917,no_codevelopment,6,0.22,0.54,0.68,0.28,0.0
11917,one_way_thirdfactor_to_ethicalsense,1,0.22,0.5079199999999999,0.9,0.1,-0.03208000000000011
11917,one_way_thirdfactor_to_ethicalsense,2,0.22,0.5,0.9,0.1,-0.007919999999999927
11917,one_way_thirdfactor_to_ethicalsense,3,0.22,0.5,0.9,0.1,0.0
11917,one_way_thirdfactor_to_ethicalsense,4,0.22,0.5,0.9,0.1,0.0
11917,one_way_thirdfactor_to_ethicalsense,5,0.22,0.5,0.9,0.1,0.0
11917,one_way_thirdfactor_to_ethicalsense,6,0.22,0.5,0.9,0.1,0.0
11917,bidirectional_codevelopment,1,0.1,0.5,0.9,0.1,-0.040000000000000036
11917,bidirectional_codevelopment,2,0.1,0.5,0.9,0.1,0.0
11917,bidirectional_codevelopment,3,0.1,0.5,0.9,0.1,0.0
11917,bidirectional_codevelopment,4,0.1,0.5,0.9,0.1,0.0
11917,bidirectional_codevelopment,5,0.1,0.5,0.9,0.1,0.0
11917,bidirectional_codevelopment,6,0.1,0.5,0.9,0.1,0.0
11918,no_codevelopment,1,0.22,0.54,0.68,0.28,0.0
11918,no_codevelopment,2,0.22,0.54,0.68,0.28,0.0
11918,no_codevelopment,3,0.22,0.54,0.68,0.28,0.0
11918,no_codevelopment,4,0.22,0.54,0.68,0.28,0.0
11918,no_codevelopment,5,0.22,0.54,0.68,0.28,0.0
11918,no_codevelopment,6,0.22,0.54,0.68,0.28,0.0
11918,one_way_thirdfactor_to_ethicalsense,1,0.22,0.5,0.9,0.1,-0.040000000000000036
11918,one_way_thirdfactor_to_ethicalsense,2,0.22,0.5,0.9,0.1,0.0
11918,one_way_thirdfactor_to_ethicalsense,3,0.22,0.5,0.9,0.1,0.0
11918,one_way_thirdfactor_to_ethicalsense,4,0.22,0.5,0.9,0.1,0.0
11918,one_way_thirdfactor_to_ethicalsense,5,0.22,0.5,0.9,0.1,0.0
11918,one_way_thirdfactor_to_ethicalsense,6,0.22,0.5,0.9,0.1,0.0
11918,bidirectional_codevelopment,1,0.1,0.5,0.9,0.1,-0.040000000000000036
11918,bidirectional_codevelopment,2,0.1,0.5,0.9,0.1,0.0
11918,bidirectional_codevelopment,3,0.1,0.5,0.9,0.1,0.0
11918,bidirectional_codevelopment,4,0.1,0.5,0.9,0.1,0.0
11918,bidirectional_codevelopment,5,0.1,0.5018,0.9,0.1,0.0018000000000000238
11918,bidirectional_codevelopment,6,0.1,0.5,0.9,0.1,-0.0018000000000000238
11919,no_codevelopment,1,0.22,0.54,0.68,0.28,0.0
11919,no_codevelopment,2,0.22,0.54,0.68,0.28,0.0
11919,no_codevelopment,3,0.22,0.54,0.68,0.28,0.0
11919,no_codevelopment,4,0.22,0.54,0.68,0.28,0.0
11919,no_codevelopment,5,0.22,0.54,0.68,0.28,0.0
11919,no_codevelopment,6,0.22,0.54,0.68,0.28,0.0
11919,one_way_thirdfactor_to_ethicalsense,1,0.22,0.5,0.9,0.1,-0.040000000000000036
11919,one_way_thirdfactor_to_ethicalsense,2,0.22,0.5,0.9,0.1,0.0
11919,one_way_thirdfactor_to_ethicalsense,3,0.22,0.50396,0.9,0.1,0.0039599999999999635
11919,one_way_thirdfactor_to_ethicalsense,4,0.22,0.5,0.9,0.1,-0.0039599999999999635
11919,one_way_thirdfactor_to_ethicalsense,5,0.22,0.5,0.9,0.1,0.0
11919,one_way_thirdfactor_to_ethicalsense,6,0.22,0.50396,0.9,0.1,0.0039599999999999635
11919,bidirectional_codevelopment,1,0.1,0.5,0.9,0.1,-0.040000000000000036
11919,bidirectional_codevelopment,2,0.1,0.5,0.9,0.1,0.0
11919,bidirectional_codevelopment,3,0.1,0.5,0.9,0.1,0.0
11919,bidirectional_codevelopment,4,0.1,0.5,0.9,0.1,0.0
11919,bidirectional_codevelopment,5,0.1,0.5,0.9,0.1,0.0
11919,bidirectional_codevelopment,6,0.1,0.5,0.9,0.1,0.0
11920,no_codevelopment,1,0.22,0.54,0.68,0.28,0.0
11920,no_codevelopment,2,0.22,0.54,0.68,0.28,0.0
11920,no_codevelopment,3,0.22,0.54,0.68,0.28,0.0
11920,no_codevelopment,4,0.22,0.54,0.68,0.28,0.0
11920,no_codevelopment,5,0.22,0.54,0.68,0.28,0.0
11920,no_codevelopment,6,0.22,0.54,0.68,0.28,0.0
11920,one_way_thirdfactor_to_ethicalsense,1,0.22,0.5,0.9,0.1,-0.040000000000000036
11920,one_way_thirdfactor_to_ethicalsense,2,0.22,0.5,0.9,0.1,0.0
11920,one_way_thirdfactor_to_ethicalsense,3,0.22,0.5,0.9,0.1,0.0
11920,one_way_thirdfactor_to_ethicalsense,4,0.22,0.5,0.9,0.1,0.0
11920,one_way_thirdfactor_to_ethicalsense,5,0.22,0.5,0.9,0.1,0.0
11920,one_way_thirdfactor_to_ethicalsense,6,0.22,0.5,0.9,0.1,0.0
11920,bidirectional_codevelopment,1,0.1,0.5018,0.9,0.1,-0.03820000000000001
11920,bidirectional_codevelopment,2,0.1,0.5,0.9,0.1,-0.0018000000000000238
11920,bidirectional_codevelopment,3,0.1,0.5018,0.9,0.1,0.0018000000000000238
11920,bidirectional_codevelopment,4,0.1,0.5,0.9,0.1,-0.0018000000000000238
11920,bidirectional_codevelopment,5,0.1,0.5,0.9,0.1,0.0
11920,bidirectional_codevelopment,6,0.1,0.5,0.9,0.1,0.0
11921,no_codevelopment,1,0.22,0.54,0.68,0.28,0.0
11921,no_codevelopment,2,0.22,0.54,0.68,0.28,0.0
11921,no_codevelopment,3,0.22,0.54,0.68,0.28,0.0
11921,no_codevelopment,4,0.22,0.54,0.68,0.28,0.0
11921,no_codevelopment,5,0.22,0.54,0.68,0.28,0.0
11921,no_codevelopment,6,0.22,0.54,0.68,0.28,0.0
11921,one_way_thirdfactor_to_ethicalsense,1,0.22,0.5,0.9,0.1,-0.040000000000000036
11921,one_way_thirdfactor_to_ethicalsense,2,0.22,0.5,0.9,0.1,0.0
11921,one_way_thirdfactor_to_ethicalsense,3,0.22,0.5,0.9,0.1,0.0
11921,one_way_thirdfactor_to_ethicalsense,4,0.22,0.5,0.9,0.1,0.0
11921,one_way_thirdfactor_to_ethicalsense,5,0.22,0.50396,0.9,0.1,0.0039599999999999635
11921,one_way_thirdfactor_to_ethicalsense,6,0.22,0.5,0.9,0.1,-0.0039599999999999635
11921,bidirectional_codevelopment,1,0.1,0.5,0.9,0.1,-0.040000000000000036
11921,bidirectional_codevelopment,2,0.1,0.5,0.9,0.1,0.0
11921,bidirectional_codevelopment,3,0.1,0.5,0.9,0.1,0.0
11921,bidirectional_codevelopment,4,0.1,0.5,0.9,0.1,0.0
11921,bidirectional_codevelopment,5,0.1,0.5,0.9,0.1,0.0
11921,bidirectional_codevelopment,6,0.1,0.5,0.9,0.1,0.0
11922,no_codevelopment,1,0.22,0.54,0.68,0.28,0.0
11922,no_codevelopment,2,0.22,0.54,0.68,0.28,0.0
11922,no_codevelopment,3,0.22,0.54,0.68,0.28,0.0
11922,no_codevelopment,4,0.22,0.54,0.68,0.28,0.0
11922,no_codevelopment,5,0.22,0.54,0.68,0.28,0.0
11922,no_codevelopment,6,0.22,0.54,0.68,0.28,0.0
11922,one_way_thirdfactor_to_ethicalsense,1,0.22,0.50396,0.9,0.1,-0.03604000000000007
11922,one_way_thirdfactor_to_ethicalsense,2,0.22,0.5,0.9,0.1,-0.0039599999999999635
11922,one_way_thirdfactor_to_ethicalsense,3,0.22,0.5,0.9,0.1,0.0
11922,one_way_thirdfactor_to_ethicalsense,4,0.22,0.5,0.9,0.1,0.0
11922,one_way_thirdfactor_to_ethicalsense,5,0.22,0.5,0.9,0.1,0.0
11922,one_way_thirdfactor_to_ethicalsense,6,0.22,0.5,0.9,0.1,0.0
11922,bidirectional_codevelopment,1,0.1,0.5,0.9,0.1,-0.040000000000000036
11922,bidirectional_codevelopment,2,0.1,0.5,0.9,0.1,0.0
11922,bidirectional_codevelopment,3,0.1,0.5,0.9,0.1,0.0
11922,bidirectional_codevelopment,4,0.1,0.5,0.9,0.1,0.0
11922,bidirectional_codevelopment,5,0.1,0.5,0.9,0.1,0.0
11922,bidirectional_codevelopment,6,0.1,0.5,0.9,0.1,0.0
11923,no_codevelopment,1,0.22,0.54,0.68,0.28,0.0
11923,no_codevelopment,2,0.22,0.54,0.68,0.28,0.0
11923,no_codevelopment,3,0.22,0.54,0.68,0.28,0.0
11923,no_codevelopment,4,0.22,0.54,0.68,0.28,0.0
11923,no_codevelopment,5,0.22,0.54,0.68,0.28,0.0
11923,no_codevelopment,6,0.22,0.54,0.68,0.28,0.0
11923,one_way_thirdfactor_to_ethicalsense,1,0.22,0.5,0.9,0.1,-0.040000000000000036
11923,one_way_thirdfactor_to_ethicalsense,2,0.22,0.5,0.9,0.1,0.0
11923,one_way_thirdfactor_to_ethicalsense,3,0.22,0.5,0.9,0.1,0.0
11923,one_way_thirdfactor_to_ethicalsense,4,0.22,0.5,0.9,0.1,0.0
11923,one_way_thirdfactor_to_ethicalsense,5,0.22,0.5,0.9,0.1,0.0
11923,one_way_thirdfactor_to_ethicalsense,6,0.22,0.5,0.9,0.1,0.0
11923,bidirectional_codevelopment,1,0.1,0.5,0.9,0.1,-0.040000000000000036
11923,bidirectional_codevelopment,2,0.1,0.5,0.9,0.1,0.0
11923,bidirectional_codevelopment,3,0.1,0.5,0.9,0.1,0.0
11923,bidirectional_codevelopment,4,0.1,0.5,0.9,0.1,0.0
11923,bidirectional_codevelopment,5,0.1,0.5,0.9,0.1,0.0
11923,bidirectional_codevelopment,6,0.1,0.5,0.9,0.1,0.0
11924,no_codevelopment,1,0.22,0.54,0.68,0.28,0.0
11924,no_codevelopment,2,0.22,0.54,0.68,0.28,0.0
11924,no_codevelopment,3,0.22,0.54,0.68,0.28,0.0
11924,no_codevelopment,4,0.22,0.54,0.68,0.28,0.0
11924,no_codevelopment,5,0.22,0.54,0.68,0.28,0.0
11924,no_codevelopment,6,0.22,0.54,0.68,0.28,0.0
11924,one_way_thirdfactor_to_ethicalsense,1,0.22,0.5,0.9,0.1,-0.040000000000000036
11924,one_way_thirdfactor_to_ethicalsense,2,0.22,0.5,0.9,0.1,0.0
11924,one_way_thirdfactor_to_ethicalsense,3,0.22,0.5,0.9,0.1,0.0
11924,one_way_thirdfactor_to_ethicalsense,4,0.22,0.5,0.9,0.1,0.0
11924,one_way_thirdfactor_to_ethicalsense,5,0.22,0.5,0.9,0.1,0.0
11924,one_way_thirdfactor_to_ethicalsense,6,0.22,0.5,0.9,0.1,0.0
11924,bidirectional_codevelopment,1,0.1,0.5,0.9,0.1,-0.040000000000000036
11924,bidirectional_codevelopment,2,0.1,0.5,0.9,0.1,0.0
11924,bidirectional_codevelopment,3,0.1,0.5,0.9,0.1,0.0
11924,bidirectional_codevelopment,4,0.1,0.5,0.9,0.1,0.0
11924,bidirectional_codevelopment,5,0.1,0.5,0.9,0.1,0.0
11924,bidirectional_codevelopment,6,0.1,0.5,0.9,0.1,0.0
11925,no_codevelopment,1,0.22,0.54,0.68,0.28,0.0
11925,no_codevelopment,2,0.22,0.54,0.68,0.28,0.0
11925,no_codevelopment,3,0.22,0.54,0.68,0.28,0.0
11925,no_codevelopment,4,0.22,0.54,0.68,0.28,0.0
11925,no_codevelopment,5,0.22,0.54,0.68,0.28,0.0
11925,no_codevelopment,6,0.22,0.54,0.68,0.28,0.0
11925,one_way_thirdfactor_to_ethicalsense,1,0.22,0.5,0.9,0.1,-0.040000000000000036
11925,one_way_thirdfactor_to_ethicalsense,2,0.22,0.5,0.9,0.1,0.0
11925,one_way_thirdfactor_to_ethicalsense,3,0.22,0.50396,0.9,0.1,0.0039599999999999635
11925,one_way_thirdfactor_to_ethicalsense,4,0.22,0.5,0.9,0.1,-0.0039599999999999635
11925,one_way_thirdfactor_to_ethicalsense,5,0.22,0.5,0.9,0.1,0.0
11925,one_way_thirdfactor_to_ethicalsense,6,0.22,0.5,0.9,0.1,0.0
11925,bidirectional_codevelopment,1,0.1,0.5,0.9,0.1,-0.040000000000000036
11925,bidirectional_codevelopment,2,0.1,0.5,0.9,0.1,0.0
11925,bidirectional_codevelopment,3,0.1,0.5,0.9,0.1,0.0
11925,bidirectional_codevelopment,4,0.1,0.5018,0.9,0.1,0.0018000000000000238
11925,bidirectional_codevelopment,5,0.1,0.5,0.9,0.1,-0.0018000000000000238
11925,bidirectional_codevelopment,6,0.1,0.5018,0.9,0.1,0.0018000000000000238
11926,no_codevelopment,1,0.22,0.54,0.68,0.28,0.0
11926,no_codevelopment,2,0.22,0.54,0.68,0.28,0.0
11926,no_codevelopment,3,0.22,0.54,0.68,0.28,0.0
11926,no_codevelopment,4,0.22,0.54,0.68,0.28,0.0
11926,no_codevelopment,5,0.22,0.54,0.68,0.28,0.0
11926,no_codevelopment,6,0.22,0.54,0.68,0.28,0.0
11926,one_way_thirdfactor_to_ethicalsense,1,0.22,0.5,0.9,0.1,-0.040000000000000036
11926,one_way_thirdfactor_to_ethicalsense,2,0.22,0.5,0.9,0.1,0.0
11926,one_way_thirdfactor_to_ethicalsense,3,0.22,0.5,0.9,0.1,0.0
11926,one_way_thirdfactor_to_ethicalsense,4,0.22,0.50396,0.9,0.1,0.0039599999999999635
11926,one_way_thirdfactor_to_ethicalsense,5,0.22,0.5,0.9,0.1,-0.0039599999999999635
11926,one_way_thirdfactor_to_ethicalsense,6,0.22,0.5,0.9,0.1,0.0
11926,bidirectional_codevelopment,1,0.1,0.5,0.9,0.1,-0.040000000000000036
11926,bidirectional_codevelopment,2,0.1,0.5,0.9,0.1,0.0
11926,bidirectional_codevelopment,3,0.1,0.5,0.9,0.1,0.0
11926,bidirectional_codevelopment,4,0.1,0.5,0.9,0.1,0.0
11926,bidirectional_codevelopment,5,0.1,0.5,0.9,0.1,0.0
11926,bidirectional_codevelopment,6,0.1,0.5,0.9,0.1,0.0
11927,no_codevelopment,1,0.22,0.54,0.68,0.28,0.0
11927,no_codevelopment,2,0.22,0.54,0.68,0.28,0.0
11927,no_codevelopment,3,0.22,0.54,0.68,0.28,0.0
11927,no_codevelopment,4,0.22,0.54,0.68,0.28,0.0
11927,no_codevelopment,5,0.22,0.54,0.68,0.28,0.0
11927,no_codevelopment,6,0.22,0.54,0.68,0.28,0.0
11927,one_way_thirdfactor_to_ethicalsense,1,0.22,0.5,0.9,0.1,-0.040000000000000036
11927,one_way_thirdfactor_to_ethicalsense,2,0.22,0.5,0.9,0.1,0.0
11927,one_way_thirdfactor_to_ethicalsense,3,0.22,0.5,0.9,0.1,0.0
11927,one_way_thirdfactor_to_ethicalsense,4,0.22,0.5079199999999999,0.9,0.1,0.007919999999999927
11927,one_way_thirdfactor_to_ethicalsense,5,0.22,0.5,0.9,0.1,-0.007919999999999927
11927,one_way_thirdfactor_to_ethicalsense,6,0.22,0.5,0.9,0.1,0.0
11927,bidirectional_codevelopment,1,0.1,0.5,0.9,0.1,-0.040000000000000036
11927,bidirectional_codevelopment,2,0.1,0.5018,0.9,0.1,0.0018000000000000238
11927,bidirectional_codevelopment,3,0.1,0.5,0.9,0.1,-0.0018000000000000238
11927,bidirectional_codevelopment,4,0.1,0.5,0.9,0.1,0.0
11927,bidirectional_codevelopment,5,0.1,0.5,0.9,0.1,0.0
11927,bidirectional_codevelopment,6,0.1,0.5,0.9,0.1,0.0
