seed,model,irreversible_core_violation_rate,false_alarm_rate,review_trigger_rate,unnecessary_abstention_rate,review_steps_per_episode,decision_accuracy,long_term_trajectory_value,net_vigilance_value,integrated_score
14400,no_emergency,0.16294227188081936,0.0,0.0,0.0,0.0,0.7668333333333334,0.4403333333333342,0.6415270018621974,0.8473394320297952
14400,conservative_review,0.16358595194085027,0.0705,0.15116666666666667,0.0003333333333333333,0.659,0.8297765921973992,0.5468261666666695,0.4619975723967961,0.8599151188406741
14400,balanced_review,0.13944603629417382,0.1155,0.20983333333333334,0.0018333333333333333,0.9301666666666667,0.8727667390215395,0.6338846666666725,0.4180653868194842,0.8762265292995854
14400,hypersensitive_review,0.09767441860465116,0.29483333333333334,0.42916666666666664,0.004166666666666667,1.88,0.9310460251046025,0.7185500000000112,0.14258294573643415,0.8744031195468854
14401,no_emergency,0.16380952380952382,0.0,0.0,0.0,0.0,0.7555,0.4192666666666672,0.6396190476190475,0.842142619047619
14401,conservative_review,0.13542600896860987,0.077,0.16733333333333333,0.0015,0.746,0.8357536304456685,0.5679000833333372,0.5032427802690582,0.8689120931415484
14401,balanced_review,0.14420358152686144,0.12333333333333334,0.21566666666666667,0.0028333333333333335,0.954,0.8738091258565936,0.6279107500000066,0.3927721206409049,0.8732351486252632
14401,hypersensitive_review,0.08166969147005444,0.29633333333333334,0.431,0.0031666666666666666,1.8961666666666666,0.9234241765591038,0.7118518333333447,0.174753345432547,0.8754153842668851
14402,no_emergency,0.14663023679417123,0.0,0.0,0.0,0.0,0.7653333333333333,0.44480000000000064,0.6774134790528232,0.8513024408014572
14402,conservative_review,0.14579256360078277,0.08516666666666667,0.167,0.0006666666666666666,0.7138333333333333,0.8367244829886591,0.5693217083333371,0.4736963600782779,0.8651683321214023
14402,balanced_review,0.16619981325863678,0.12283333333333334,0.21533333333333332,0.0015,0.934,0.8726422967785011,0.6134345000000061,0.34881374416433236,0.866533656552225
14402,hypersensitive_review,0.09586466165413533,0.30716666666666664,0.44,0.004,1.9516666666666667,0.9303882195448461,0.7132543750000149,0.12086441102756892,0.8718110452415878
14403,no_emergency,0.12878133102852204,0.0,0.0,0.0,0.0,0.7585,0.43753333333333333,0.7166810717372515,0.8531696672428694
14403,conservative_review,0.1503957783641161,0.0825,0.1725,0.0011666666666666668,0.7593333333333333,0.8288002669781411,0.5421286250000034,0.46134262093227796,0.8600841157107468
14403,balanced_review,0.1324376199616123,0.12816666666666668,0.2215,0.0016666666666666668,0.97,0.8739565943238731,0.6374097916666736,0.4111372360844529,0.8760833076817593
14403,hypersensitive_review,0.11344922232387923,0.3011666666666667,0.43566666666666665,0.0033333333333333335,1.9208333333333334,0.9239130434782609,0.6930197916666779,0.094945044220799,0.8652214251708427
14404,no_emergency,0.143796992481203,0.0,0.0,0.0,0.0,0.7675,0.45340000000000086,0.6836466165413533,0.8533057518796993
14404,conservative_review,0.12985865724381626,0.07933333333333334,0.1735,0.0006666666666666666,0.7668333333333334,0.8382254836557705,0.5754782083333372,0.5105576207302708,0.871230513077444
14404,balanced_review,0.14784205693296604,0.11733333333333333,0.214,0.002,0.9358333333333333,0.8749164996659987,0.6285418750000055,0.39618080808080797,0.8739884096248918
14404,hypersensitive_review,0.0979631425800194,0.29933333333333334,0.4266666666666667,0.0028333333333333335,1.8815,0.9292996824335618,0.7155515833333466,0.13680108632395732,0.8728154878350647
14405,no_emergency,0.1543921916592724,0.0,0.0,0.0,0.0,0.7718333333333334,0.45086666666666747,0.6603371783496007,0.8517669520851818
14405,conservative_review,0.15706806282722513,0.07733333333333334,0.1655,0.001,0.728,0.8203203203203203,0.5231483750000034,0.45782359511343806,0.8554985418476234
14405,balanced_review,0.15743440233236153,0.1195,0.20633333333333334,0.001,0.897,0.8755422088755422,0.6314910000000067,0.37770431486880457,0.8716658870795727
14405,hypersensitive_review,0.10299295774647887,0.296,0.4345,0.004833333333333334,1.9105,0.9289901189080556,0.7052250416666792,0.12492215962441319,0.8711573410274646
14406,no_emergency,0.15333333333333332,0.0,0.0,0.0,0.0,0.7606666666666667,0.43546666666666684,0.6626666666666667,0.8475266666666667
14406,conservative_review,0.13446969696969696,0.081,0.15833333333333333,0.0011666666666666668,0.6865,0.8319706324044719,0.5641801250000035,0.50722,0.8669706081872509
14406,balanced_review,0.14814814814814814,0.12566666666666668,0.21866666666666668,0.001,0.977,0.875709042375709,0.6313839166666733,0.3799007407407407,0.8727961360923429
14406,hypersensitive_review,0.09124087591240876,0.29583333333333334,0.43133333333333335,0.0028333333333333335,1.9063333333333334,0.9244526157446097,0.7096800416666792,0.15351007299270072,0.8733015688702817
14407,no_emergency,0.16236162361623616,0.0,0.0,0.0,0.0,0.7611666666666667,0.42846666666666733,0.6428044280442804,0.844894594095941
14407,conservative_review,0.15195632393084624,0.08216666666666667,0.1635,0.0006666666666666666,0.7213333333333334,0.823549032688459,0.5351912916666699,0.46343608735213826,0.8577149756988264
14407,balanced_review,0.1424706943192065,0.11533333333333333,0.20966666666666667,0.0021666666666666666,0.9288333333333333,0.8687155503591114,0.6196183750000056,0.41147113916441236,0.8731850363195989
14407,hypersensitive_review,0.08302583025830258,0.30366666666666664,0.436,0.005833333333333334,1.9321666666666666,0.9233864207879295,0.7056771250000132,0.15451650676506765,0.8728685863801375
14408,no_emergency,0.1412639405204461,0.0,0.0,0.0,0.0,0.7611666666666667,0.4412666666666675,0.6892193308550185,0.8511290148698886
14408,conservative_review,0.1562198649951784,0.07683333333333334,0.15916666666666668,0.0013333333333333333,0.7033333333333334,0.8397863818424566,0.5702756250000042,0.46301629701060754,0.8651516201789426
14408,balanced_review,0.16455696202531644,0.12366666666666666,0.2205,0.0021666666666666666,0.9665,0.8728912644062135,0.6120217916666735,0.3466946835443039,0.8666797731905354
14408,hypersensitive_review,0.10390848427073403,0.31066666666666665,0.43733333333333335,0.004333333333333333,1.9025,0.9243388014730499,0.6977175000000135,0.10383466793771845,0.8660866652075658
14409,no_emergency,0.13345521023765997,0.0,0.0,0.0,0.0,0.7621666666666667,0.4464666666666673,0.706398537477148,0.853771197440585
14409,conservative_review,0.15565610859728507,0.076,0.16416666666666666,0.0006666666666666666,0.7088333333333333,0.8233822548365577,0.5337894166666695,0.46542989441930604,0.8578681888849795
14409,balanced_review,0.16955332725615316,0.1195,0.21333333333333335,0.0011666666666666668,0.934,0.8646754546971467,0.5960636666666729,0.3464360133697964,0.8627024129284395
14409,hypersensitive_review,0.10136452241715399,0.3145,0.44,0.0031666666666666666,1.9005,0.9297776291590035,0.7111494166666792,0.10547138401559461,0.868711697726747
14410,no_emergency,0.1464354527938343,0.0,0.0,0.0,0.0,0.7763333333333333,0.4716000000000008,0.6778420038535645,0.8566611368015414
14410,conservative_review,0.17998075072184794,0.08183333333333333,0.15816666666666668,0.0016666666666666668,0.6881666666666667,0.8262103505843071,0.5278159583333374,0.4052290150786012,0.850920781036497
14410,balanced_review,0.15479582146248813,0.127,0.219,0.0013333333333333333,0.9583333333333334,0.8718291054739653,0.6187616666666726,0.3653158594491928,0.8687235679432346
14410,hypersensitive_review,0.09787626962142197,0.30083333333333334,0.43316666666666664,0.004333333333333333,1.8848333333333334,0.926849681955139,0.7072282500000122,0.13299220683287166,0.8710279559311872
14411,no_emergency,0.14499121265377857,0.0,0.0,0.0,0.0,0.7613333333333333,0.4346666666666672,0.6810193321616871,0.8497521968365553
14411,conservative_review,0.13812677388836328,0.0765,0.16183333333333333,0.0005,0.6983333333333334,0.8285809571452393,0.55954979166667,0.5047210974456008,0.8656588280464812
14411,balanced_review,0.16193181818181818,0.12033333333333333,0.2105,0.0018333333333333333,0.9325,0.8657538821172149,0.6044310416666716,0.36155000000000004,0.8653255382147104
14411,hypersensitive_review,0.10261194029850747,0.30316666666666664,0.43283333333333335,0.003833333333333333,1.9088333333333334,0.924711393675757,0.6999590000000111,0.11692706467661695,0.8682406913614344
14412,no_emergency,0.14035087719298245,0.0,0.0,0.0,0.0,0.767,0.4529333333333343,0.6912280701754385,0.8539822807017545
14412,conservative_review,0.14613970588235295,0.08016666666666666,0.16766666666666666,0.0008333333333333334,0.7441666666666666,0.8306922435362802,0.5544758333333362,0.47612598039215687,0.8631417674236294
14412,balanced_review,0.16939890710382513,0.13133333333333333,0.2245,0.0015,0.9816666666666667,0.8649641128359206,0.593905833333339,0.32415573770491807,0.8602657779081536
14412,hypersensitive_review,0.11770334928229666,0.3,0.42733333333333334,0.004,1.8656666666666666,0.928380187416332,0.701528458333346,0.09317263157894742,0.8663028532793264
14413,no_emergency,0.1374187558031569,0.0,0.0,0.0,0.0,0.7501666666666666,0.4214000000000002,0.6976787372330548,0.8473003110492109
14413,conservative_review,0.14111006585136407,0.078,0.16083333333333333,0.0006666666666666666,0.7196666666666667,0.8295530353569046,0.5571010833333365,0.4933311884603323,0.8647043087275639
14413,balanced_review,0.14391829155060354,0.11416666666666667,0.20983333333333334,0.0006666666666666666,0.9053333333333333,0.871581054036024,0.6270428750000039,0.41423975858867207,0.8746229589481567
14413,hypersensitive_review,0.08703703703703704,0.2881666666666667,0.4176666666666667,0.0045,1.8531666666666666,0.9241587142139628,0.7113488750000105,0.17820518518518522,0.8757561872965971
14414,no_emergency,0.14919735599622286,0.0,0.0,0.0,0.0,0.76,0.4357333333333335,0.6717658168083097,0.8483806610009442
14414,conservative_review,0.13941018766756033,0.07733333333333334,0.16666666666666666,0.0015,0.7315,0.8334167918544484,0.5610305416666704,0.4957509204647007,0.866633114597778
14414,balanced_review,0.14460093896713616,0.11816666666666667,0.20983333333333334,0.0008333333333333334,0.9238333333333333,0.8690575479566305,0.6234427500000056,0.40475126760563385,0.8726085692285388
14414,hypersensitive_review,0.09946236559139784,0.2986666666666667,0.4325,0.004166666666666667,1.9013333333333333,0.9240167364016736,0.6993806666666793,0.13072279569892478,0.8696429795226536
14415,no_emergency,0.1680830972615675,0.0,0.0,0.0,0.0,0.768,0.4410666666666674,0.6302171860245515,0.8464592256846082
14415,conservative_review,0.1580952380952381,0.08516666666666667,0.167,0.0006666666666666666,0.7398333333333333,0.8345563709139426,0.5570272083333362,0.44351047619047623,0.8605201423753734
14415,balanced_review,0.15432098765432098,0.12383333333333334,0.22283333333333333,0.0016666666666666668,0.9996666666666667,0.8714524207011686,0.614035666666673,0.36550049382716054,0.8689748209634375
14415,hypersensitive_review,0.0825515947467167,0.312,0.44133333333333336,0.004,1.9405,0.9218540829986613,0.7049608750000133,0.14472649155722325,0.8709903918379202
14416,no_emergency,0.14272644098810613,0.0,0.0,0.0,0.0,0.7658333333333334,0.4484666666666673,0.6860018298261665,0.8527033897529736
14416,conservative_review,0.14169675090252706,0.07666666666666666,0.1625,0.0005,0.7215,0.8244122061030515,0.5440963750000024,0.49385381468110723,0.8623233688969505
14416,balanced_review,0.1468978102189781,0.126,0.22516666666666665,0.0015,0.9978333333333333,0.8768152228342514,0.6318387083333395,0.37918481751824806,0.8733580174205314
14416,hypersensitive_review,0.0868320610687023,0.29833333333333334,0.42783333333333334,0.005,1.869,0.9299832495812396,0.7211690833333448,0.16202279898218835,0.8762079741905304
14417,no_emergency,0.15602836879432624,0.0,0.0,0.0,0.0,0.759,0.4241333333333332,0.6567375886524822,0.8455029078014185
14417,conservative_review,0.15247895229186156,0.08066666666666666,0.16683333333333333,0.0005,0.7341666666666666,0.831749207937302,0.5533931250000036,0.4630129716245713,0.8617261753498922
14417,balanced_review,0.14964788732394366,0.1215,0.223,0.0015,0.9771666666666666,0.870639292271741,0.6163910833333389,0.3819146478873241,0.8705591471005368
14417,hypersensitive_review,0.10083256244218317,0.30516666666666664,0.43933333333333335,0.003833333333333333,1.9418333333333333,0.9228710055211644,0.6964288333333458,0.11408169596053039,0.8674686568791378
14418,no_emergency,0.15391621129326047,0.0,0.0,0.0,0.0,0.7631666666666667,0.4362000000000006,0.661384335154827,0.8481859471766849
14418,conservative_review,0.14481409001956946,0.0735,0.161,0.0008333333333333334,0.7218333333333333,0.8418682235195997,0.5833490416666699,0.49105566862361383,0.8703247893426544
14418,balanced_review,0.13128491620111732,0.1165,0.215,0.002,0.9426666666666667,0.8787575150300602,0.6472798750000048,0.43295318435754193,0.8808520160837391
14418,hypersensitive_review,0.08288288288288288,0.2956666666666667,0.432,0.003,1.8683333333333334,0.9264460046807088,0.7166133333333452,0.1765243243243243,0.8765257473501595
14419,no_emergency,0.15363128491620112,0.0,0.0,0.0,0.0,0.766,0.4440000000000003,0.6620111731843574,0.8496921787709498
14419,conservative_review,0.151131221719457,0.07766666666666666,0.16533333333333333,0.001,0.7488333333333334,0.8333333333333334,0.5551625416666705,0.46791797888386116,0.8632210518618026
14419,balanced_review,0.13249776186213072,0.12066666666666667,0.21933333333333332,0.002,0.97,0.8672344689378757,0.6199589583333391,0.42117159056997894,0.874209488757497
14419,hypersensitive_review,0.08890925756186985,0.2853333333333333,0.4225,0.003,1.8561666666666667,0.9324640588431963,0.7284805833333445,0.17919296669721968,0.8797812803458256
14420,no_emergency,0.14828544949026876,0.0,0.0,0.0,0.0,0.7688333333333334,0.45233333333333364,0.6737720111214087,0.8525036376274329
14420,conservative_review,0.1415182755388941,0.07466666666666667,0.16233333333333333,0.0016666666666666668,0.7211666666666666,0.8350584307178631,0.567074333333336,0.4959197938144329,0.8675685353306356
14420,balanced_review,0.15889628924833493,0.11983333333333333,0.20833333333333334,0.0011666666666666668,0.913,0.8710161855498081,0.6195060833333396,0.3719348303203298,0.8689604062695259
14420,hypersensitive_review,0.10756608933454877,0.30516666666666664,0.4355,0.003,1.9035,0.9199264460046807,0.6863436250000129,0.10470127013065936,0.8642288500094346
14421,no_emergency,0.15089285714285713,0.0,0.0,0.0,0.0,0.7543333333333333,0.4185333333333336,0.6680357142857143,0.8449667857142856
14421,conservative_review,0.164967562557924,0.08066666666666666,0.16066666666666668,0.0016666666666666668,0.7066666666666667,0.8250417362270451,0.5316345833333375,0.4376713623725672,0.8548432239786328
14421,balanced_review,0.14166666666666666,0.11916666666666667,0.2105,0.0031666666666666666,0.9491666666666667,0.8690854372178566,0.619419583333339,0.4044333333333332,0.8726154332486908
14421,hypersensitive_review,0.09867172675521822,0.30633333333333335,0.4325,0.0033333333333333335,1.8696666666666666,0.929933110367893,0.7134592083333455,0.12636220113851995,0.8712214420465644
14422,no_emergency,0.15370705244122965,0.0,0.0,0.0,0.0,0.7633333333333333,0.436,0.6618444846292948,0.8482732368896926
14422,conservative_review,0.13821892393320964,0.08116666666666666,0.1705,0.0005,0.733,0.8384192096048024,0.5741615000000038,0.4938250340136054,0.8687498110648053
14422,balanced_review,0.15279048490393413,0.12,0.2105,0.0013333333333333333,0.9215,0.871995994659546,0.6187205416666735,0.3839475998780115,0.8706718844635475
14422,hypersensitive_review,0.1022944550669216,0.2966666666666667,0.42733333333333334,0.0045,1.919,0.9321948769462581,0.7166901250000117,0.12483886551943912,0.8730532753588147
14423,no_emergency,0.14939309056956115,0.0,0.0,0.0,0.0,0.7618333333333334,0.43833333333333346,0.6713352007469655,0.8490767273576098
14423,conservative_review,0.1403678606001936,0.07866666666666666,0.1625,0.0011666666666666668,0.7331666666666666,0.8323043550809277,0.5641765833333363,0.4919107066795741,0.8660625851242301
14423,balanced_review,0.1349056603773585,0.1255,0.21883333333333332,0.0025,0.9696666666666667,0.8763575605680869,0.6390294166666727,0.40864754716981144,0.8767580593260869
14423,hypersensitive_review,0.09674418604651162,0.30783333333333335,0.43916666666666665,0.005166666666666667,1.9561666666666666,0.9286312615178421,0.7086935000000139,0.11628945736434107,0.8704720111103925
14424,no_emergency,0.14337240757439135,0.0,0.0,0.0,0.0,0.7718333333333334,0.45886666666666726,0.684580703336339,0.8551218981064023
14424,conservative_review,0.13828786453433678,0.08283333333333333,0.1705,0.002,0.7531666666666667,0.8316633266533067,0.5611003333333373,0.4874200313577923,0.8652428901957414
14424,balanced_review,0.16054158607350097,0.11733333333333333,0.20766666666666667,0.0015,0.903,0.8744783842430313,0.6268994166666728,0.37268184397163123,0.870608908337868
14424,hypersensitive_review,0.108675799086758,0.297,0.43066666666666664,0.004333333333333333,1.8931666666666667,0.9226648811516572,0.6927617916666792,0.11359990867579917,0.8667543156154753
14425,no_emergency,0.1536926147704591,0.0,0.0,0.0,0.0,0.7606666666666667,0.4392,0.66187624750499,0.8477168463073852
14425,conservative_review,0.1461187214611872,0.07466666666666667,0.161,0.0011666666666666668,0.7101666666666666,0.8304688803604204,0.5540357083333357,0.4876188127853882,0.8641136618678295
14425,balanced_review,0.16429840142095914,0.118,0.21783333333333332,0.0016666666666666668,0.9608333333333333,0.8684474123539232,0.6031100000000057,0.3563768502072232,0.8659262066842709
14425,hypersensitive_review,0.1045045045045045,0.304,0.4365,0.0036666666666666666,1.9466666666666668,0.9215456674473068,0.6912593750000121,0.10722342342342348,0.8660153605664002
14426,no_emergency,0.15953307392996108,0.0,0.0,0.0,0.0,0.7593333333333333,0.4312,0.6490272373540855,0.8452567315175097
14426,conservative_review,0.1537761601455869,0.0735,0.16233333333333333,0.0008333333333333334,0.7051666666666667,0.8321934945788156,0.5539582083333361,0.47333911434637543,0.8629775406289149
14426,balanced_review,0.16856060606060605,0.11816666666666667,0.20916666666666667,0.0021666666666666666,0.9138333333333334,0.869717721730416,0.6084160833333395,0.3519066666666667,0.8655563712539737
14426,hypersensitive_review,0.08652094717668488,0.3015,0.436,0.005,1.9021666666666666,0.9274706867671692,0.71287254166668,0.15429391621129326,0.8742764098609805
14427,no_emergency,0.1515426497277677,0.0,0.0,0.0,0.0,0.7603333333333333,0.4316000000000008,0.666606170598911,0.8475843375680581
14427,conservative_review,0.14555256064690028,0.07633333333333334,0.16033333333333333,0.0015,0.6878333333333333,0.8307461191787682,0.5507680833333364,0.4888776999101527,0.863726635175239
14427,balanced_review,0.13430127041742287,0.1185,0.2145,0.0018333333333333333,0.9473333333333334,0.8734346301552847,0.6340536666666733,0.4231238717483363,0.8771257631088968
14427,hypersensitive_review,0.09372156505914468,0.30783333333333335,0.4405,0.004166666666666667,1.942,0.9246861924686193,0.7009082916666792,0.1256392235365484,0.8695602550174673
14428,no_emergency,0.14431082331174838,0.0,0.0,0.0,0.0,0.7605,0.4378000000000002,0.6825161887141535,0.8499072941720629
14428,conservative_review,0.15294117647058825,0.08166666666666667,0.17166666666666666,0.001,0.752,0.8289956623289957,0.543521833333337,0.45795607843137254,0.8597942087477185
14428,balanced_review,0.14795008912655971,0.12116666666666667,0.2195,0.0011666666666666668,0.9471666666666667,0.871349908226264,0.6177258750000062,0.39004980392156874,0.8713968908112397
14428,hypersensitive_review,0.10377358490566038,0.30733333333333335,0.43466666666666665,0.003833333333333333,1.8816666666666666,0.9282248619708884,0.7059289583333445,0.1117981132075471,0.8686187342398521
14429,no_emergency,0.12421242124212421,0.0,0.0,0.0,0.0,0.7685,0.46340000000000053,0.7267326732673267,0.859251894689469
14429,conservative_review,0.15879396984924624,0.084,0.16116666666666668,0.001,0.7058333333333333,0.8415081748415082,0.5739137500000044,0.4473532663316582,0.8638974912401413
14429,balanced_review,0.13375224416517056,0.125,0.22666666666666666,0.0015,0.9955,0.8746453012852612,0.6338721250000072,0.40978506283662486,0.8763459387192862
14429,hypersensitive_review,0.09541627689429373,0.2995,0.43083333333333335,0.005,1.9085,0.9254606365159129,0.7068969583333464,0.1367641908325538,0.8714013936062015
14430,no_emergency,0.14476190476190476,0.0,0.0,0.0,0.0,0.7661666666666667,0.4512666666666672,0.6815238095238095,0.8525045238095238
14430,conservative_review,0.15319548872180452,0.07983333333333334,0.16033333333333333,0.0011666666666666668,0.706,0.8349741364925747,0.559869250000004,0.46531659147869664,0.8631002291839882
14430,balanced_review,0.16143911439114392,0.12016666666666667,0.212,0.0011666666666666668,0.945,0.8725179375938595,0.6178322916666731,0.3620339483394834,0.8685830245553723
14430,hypersensitive_review,0.09636363636363636,0.30966666666666665,0.44216666666666665,0.0031666666666666666,1.949,0.9229225881959539,0.697827625000013,0.11742000000000011,0.8678729392428781
14431,no_emergency,0.14871306005719734,0.0,0.0,0.0,0.0,0.7715,0.45980000000000126,0.6728312678741658,0.8537567349857007
14431,conservative_review,0.14976744186046512,0.08116666666666666,0.16683333333333333,0.0016666666666666668,0.7353333333333333,0.8398998330550919,0.5689012083333361,0.46697162790697666,0.8657956800764115
14431,balanced_review,0.14791288566243194,0.11716666666666667,0.21466666666666667,0.0011666666666666668,0.9365,0.8681795427999333,0.6161857500000045,0.3970116515426498,0.8711395726743724
14431,hypersensitive_review,0.09668508287292818,0.2985,0.431,0.004333333333333333,1.8785,0.9243388014730499,0.7023423750000122,0.13963948434622464,0.8706727145153504
14432,no_emergency,0.13309024612579762,0.0,0.0,0.0,0.0,0.764,0.45013333333333383,0.7072014585232452,0.8546874384685506
14432,conservative_review,0.13289962825278812,0.08466666666666667,0.172,0.0011666666666666668,0.7505,0.839145669948273,0.5779181666666702,0.4978608178438661,0.8698126564212851
14432,balanced_review,0.15344376634699217,0.12433333333333334,0.226,0.0011666666666666668,0.954,0.8708493242115801,0.61263033333334,0.37271038070328383,0.8688577973433931
14432,hypersensitive_review,0.08608058608058608,0.29733333333333334,0.43416666666666665,0.004666666666666667,1.923,0.9318486269256531,0.7232271250000114,0.1589293772893773,0.8773431425992169
14433,no_emergency,0.12941176470588237,0.0,0.0,0.0,0.0,0.7653333333333333,0.4544000000000005,0.7152941176470587,0.8563270588235294
14433,conservative_review,0.15882874889086068,0.07283333333333333,0.1625,0.0013333333333333333,0.7071666666666667,0.8274365821094793,0.5391454583333363,0.46241675244010655,0.8592596967851289
14433,balanced_review,0.14431082331174838,0.1135,0.21016666666666667,0.0013333333333333333,0.9293333333333333,0.8713284379172229,0.6266486250000063,0.4107628553808202,0.8744861390888969
14433,hypersensitive_review,0.10227272727272728,0.304,0.4325,0.0023333333333333335,1.9283333333333332,0.9271633812228534,0.7071562500000134,0.11566666666666661,0.8695842179653419
14434,no_emergency,0.14862385321100918,0.0,0.0,0.0,0.0,0.7628333333333334,0.4392666666666672,0.6730275229357798,0.8496390366972477
14434,conservative_review,0.14467697907188354,0.07166666666666667,0.161,0.0011666666666666668,0.7021666666666667,0.8309694643751043,0.5563737916666706,0.49595064604185624,0.8653996289195607
14434,balanced_review,0.1440443213296399,0.12533333333333332,0.22366666666666668,0.0023333333333333335,0.9885,0.8728700300701637,0.6253905000000054,0.38668249307479224,0.8724542161886395
14434,hypersensitive_review,0.1099624060150376,0.287,0.4125,0.004,1.8493333333333333,0.927376171352075,0.7046082083333446,0.13036270676691733,0.870767865526864
14435,no_emergency,0.15948670944087992,0.0,0.0,0.0,0.0,0.7573333333333333,0.4218666666666668,0.6491292392300642,0.84396832263978
14435,conservative_review,0.14338235294117646,0.08166666666666667,0.168,0.0005,0.747,0.8275804568951142,0.5489932916666709,0.48008549019607855,0.8622197123749071
14435,balanced_review,0.1583710407239819,0.12766666666666668,0.21866666666666668,0.002,0.9545,0.8647294589178357,0.5978689166666727,0.35631037707390645,0.8639329129110224
14435,hypersensitive_review,0.08637577916295637,0.30583333333333335,0.4425,0.0035,1.9398333333333333,0.9252383341695936,0.7083740833333457,0.14552661917482934,0.8725889450434733
14436,no_emergency,0.14883720930232558,0.0,0.0,0.0,0.0,0.762,0.4386666666666668,0.6725581395348836,0.8492906976744186
14436,conservative_review,0.13721973094170403,0.08033333333333334,0.16983333333333334,0.0011666666666666668,0.7318333333333333,0.8323043550809277,0.5582794583333363,0.49666325859491767,0.8660739998305192
14436,balanced_review,0.15247895229186156,0.12266666666666666,0.21416666666666667,0.0011666666666666668,0.9376666666666666,0.8730185216085433,0.6228409166666732,0.3791263049579046,0.8708488871595981
14436,hypersensitive_review,0.12129629629629629,0.30916666666666665,0.43783333333333335,0.004666666666666667,1.9101666666666666,0.9239785666443403,0.6856173750000161,0.06642814814814818,0.8609907990442293
14437,no_emergency,0.17204301075268819,0.0,0.0,0.0,0.0,0.7615,0.4206000000000003,0.621505376344086,0.841984247311828
14437,conservative_review,0.15639374425023,0.08016666666666666,0.17033333333333334,0.0011666666666666668,0.7481666666666666,0.8409811446687803,0.5665940833333364,0.45275376264949396,0.8645404635880769
14437,balanced_review,0.15058611361587015,0.11883333333333333,0.21466666666666667,0.0011666666666666668,0.9438333333333333,0.8636742866677791,0.6038152500000058,0.38791721671175233,0.8678585680130333
14437,hypersensitive_review,0.08991825613079019,0.2996666666666667,0.436,0.0035,1.91,0.9227295534370296,0.7036606250000124,0.1499465031789282,0.8718305155400788
14438,no_emergency,0.15906886517943744,0.0,0.0,0.0,0.0,0.7628333333333334,0.4382000000000006,0.6500484966052376,0.8469477837051407
14438,conservative_review,0.13518518518518519,0.078,0.16916666666666666,0.0008333333333333334,0.753,0.8341951626355296,0.5690279583333364,0.5021992592592592,0.8684560160360295
14438,balanced_review,0.15652951699463327,0.119,0.21466666666666667,0.002,0.9705,0.863059452237809,0.5969433750000052,0.37057506261180684,0.8655562095476848
14438,hypersensitive_review,0.09501845018450185,0.3055,0.43633333333333335,0.006,1.9316666666666666,0.9218645204560697,0.6951675000000133,0.125459409594096,0.8682423060906965
14439,no_emergency,0.1547933157431838,0.0,0.0,0.0,0.0,0.7646666666666667,0.4354666666666673,0.6594547053649956,0.8483616710642041
14439,conservative_review,0.1650294695481336,0.07966666666666666,0.16433333333333333,0.0015,0.7353333333333333,0.8315807043899182,0.5509735000000031,0.4356618336607727,0.8584565230966089
14439,balanced_review,0.14065335753176045,0.12283333333333334,0.2205,0.0016666666666666668,0.9686666666666667,0.8717863105175292,0.6252168333333379,0.4006892800967937,0.8735304829389857
14439,hypersensitive_review,0.09244444444444444,0.30583333333333335,0.4395,0.004833333333333334,1.9475,0.9194439792329593,0.6908887500000129,0.12992222222222224,0.8678887389087777
14440,no_emergency,0.11834319526627218,0.0,0.0,0.0,0.0,0.769,0.4740000000000005,0.7396449704142012,0.8616642011834319
14440,conservative_review,0.1488970588235294,0.07733333333333334,0.16433333333333333,0.0008333333333333334,0.7345,0.8343619683069224,0.5614716250000042,0.47518647058823527,0.8646446976611947
14440,balanced_review,0.14365671641791045,0.12,0.21416666666666667,0.0016666666666666668,0.951,0.8776293823038397,0.6370798750000066,0.4001685572139304,0.8759889595450081
14440,hypersensitive_review,0.08362989323843416,0.2971666666666667,0.44116666666666665,0.0036666666666666666,1.9498333333333333,0.9300769488123118,0.7209295000000102,0.16233423487544488,0.8773853238340859
14441,no_emergency,0.13736263736263737,0.0,0.0,0.0,0.0,0.7656666666666667,0.4513333333333336,0.6978021978021978,0.8542093406593407
14441,conservative_review,0.16143911439114392,0.074,0.16216666666666665,0.00016666666666666666,0.7216666666666667,0.8329721620270045,0.5516637500000026,0.4544672816728167,0.8610899845936489
14441,balanced_review,0.15813117699910154,0.12616666666666668,0.22133333333333333,0.0011666666666666668,0.969,0.8700150175204405,0.6093901250000064,0.3580314106019766,0.8668259703813572
14441,hypersensitive_review,0.09140271493212669,0.298,0.43316666666666664,0.004,1.8908333333333334,0.9253681392235609,0.7085412500000128,0.1508140271493213,0.8729003567840375
14442,no_emergency,0.14548802946593,0.0,0.0,0.0,0.0,0.7515,0.41873333333333335,0.6799263351749539,0.8454829926335174
14442,conservative_review,0.15421002838221382,0.074,0.15866666666666668,0.001,0.6971666666666667,0.8331664998331665,0.5577717083333364,0.47247793755912953,0.8633303209793967
14442,balanced_review,0.16802168021680217,0.11666666666666667,0.21016666666666667,0.0021666666666666666,0.9196666666666666,0.8670452647402705,0.5995654583333381,0.3544923035230352,0.864525568742881
14442,hypersensitive_review,0.09769094138543517,0.2975,0.43283333333333335,0.005,1.9218333333333333,0.919430485762144,0.6900421666666801,0.13295992895204262,0.8681595728822855
14443,no_emergency,0.13768115942028986,0.0,0.0,0.0,0.0,0.7655,0.4499333333333337,0.6971014492753622,0.8539747101449275
14443,conservative_review,0.13802816901408452,0.07733333333333334,0.16383333333333333,0.0005,0.7065,0.8289144572286143,0.5575886666666692,0.5027913615023475,0.8654697782483967
14443,balanced_review,0.13313896987366375,0.12683333333333333,0.22116666666666668,0.0018333333333333333,0.9655,0.878109868091501,0.6449421250000064,0.4118342662779398,0.8779688773340348
14443,hypersensitive_review,0.08788159111933395,0.301,0.43166666666666664,0.003833333333333333,1.885,0.922201773464949,0.7035345833333467,0.15522716620413204,0.871871894676319
14444,no_emergency,0.15857011915673694,0.0,0.0,0.0,0.0,0.7606666666666667,0.4290666666666672,0.6511457378551787,0.8457374702108159
14444,conservative_review,0.1518375241779497,0.08033333333333334,0.16166666666666665,0.0015,0.7123333333333334,0.8300784510098481,0.5532605416666704,0.4665107801418439,0.8613420282168006
14444,balanced_review,0.1323251417769376,0.1145,0.20683333333333334,0.0015,0.8856666666666667,0.8734768819896511,0.6373213750000049,0.4408046880907373,0.8787108822776613
14444,hypersensitive_review,0.09550561797752809,0.29583333333333334,0.42333333333333334,0.004833333333333334,1.8388333333333333,0.929492547312008,0.713461083333345,0.15022764044943818,0.8738309409492213
14445,no_emergency,0.13176265270506107,0.0,0.0,0.0,0.0,0.7646666666666667,0.4488000000000005,0.7101221640488656,0.8551193368237349
14445,conservative_review,0.1509433962264151,0.07933333333333334,0.16616666666666666,0.001,0.7386666666666667,0.8358358358358359,0.5644305833333368,0.4672178616352201,0.8643805287774806
14445,balanced_review,0.13557779799818018,0.12033333333333333,0.2175,0.001,0.9451666666666667,0.8722055388722055,0.630553416666673,0.41884217773733684,0.8758920517454505
14445,hypersensitive_review,0.10780669144981413,0.2931666666666667,0.422,0.003833333333333333,1.8625,0.9238748536054877,0.6973525000000114,0.12505861214374217,0.868495554052527
14446,no_emergency,0.14375561545372867,0.0,0.0,0.0,0.0,0.7716666666666666,0.45800000000000063,0.683737646001797,0.8549110961365679
14446,conservative_review,0.1650943396226415,0.08033333333333334,0.1645,0.0016666666666666668,0.717,0.8342237061769616,0.5515399583333379,0.4366191194968553,0.859125690489095
14446,balanced_review,0.14491449144914492,0.1285,0.2255,0.0011666666666666668,0.9798333333333333,0.8708493242115801,0.6190453333333391,0.3825414521452145,0.8706379077345215
14446,hypersensitive_review,0.10424354243542436,0.29883333333333334,0.43033333333333335,0.0035,1.8646666666666667,0.9235658136812176,0.6988900416666791,0.1250375399753997,0.8683089449538434
14447,no_emergency,0.1302367941712204,0.0,0.0,0.0,0.0,0.7728333333333334,0.46940000000000026,0.7134790528233151,0.859495801457195
14447,conservative_review,0.14734774066797643,0.07516666666666667,0.16066666666666668,0.0011666666666666668,0.7125,0.8421491740363758,0.5843418750000049,0.48393497053045187,0.869483457668919
14447,balanced_review,0.1566147859922179,0.11866666666666667,0.20816666666666667,0.0025,0.9221666666666667,0.8760233918128655,0.6295329583333401,0.3761541374837872,0.8718849595874724
14447,hypersensitive_review,0.10156971375807941,0.30466666666666664,0.43683333333333335,0.0033333333333333335,1.9018333333333333,0.9244147157190635,0.7008600833333474,0.11845996306555862,0.8682298258595336
14448,no_emergency,0.14386584289496912,0.0,0.0,0.0,0.0,0.7668333333333334,0.44673333333333387,0.6834951456310678,0.8525885392762579
14448,conservative_review,0.1677917068466731,0.081,0.1595,0.0018333333333333333,0.7241666666666666,0.8263483052262481,0.5365008333333369,0.42872491160398574,0.8548107940228732
14448,balanced_review,0.12933458294283037,0.1215,0.21566666666666667,0.0016666666666666668,0.9711666666666666,0.8791318864774624,0.6487903750000061,0.4271572508591065,0.8805985316658649
14448,hypersensitive_review,0.1044776119402985,0.30666666666666664,0.438,0.003,1.9371666666666667,0.9276161818789702,0.7042717083333467,0.10535592039800995,0.8683524963702842
14449,no_emergency,0.13508612873980055,0.0,0.0,0.0,0.0,0.7546666666666667,0.42986666666666656,0.7028105167724388,0.8498684678150498
14449,conservative_review,0.13994439295644115,0.08316666666666667,0.16933333333333334,0.0003333333333333333,0.735,0.837945981993998,0.5723931250000036,0.4871556688291629,0.8676605140674227
14449,balanced_review,0.13357400722021662,0.12766666666666668,0.21883333333333332,0.0008333333333333334,0.955,0.8640533778148457,0.6126289583333396,0.41197051744885677,0.8711530167477334
14449,hypersensitive_review,0.09836065573770492,0.30833333333333335,0.44283333333333336,0.0045,1.9761666666666666,0.9281767955801105,0.7054226666666795,0.11029989071038257,0.8696529080729412
14450,no_emergency,0.144136078782453,0.0,0.0,0.0,0.0,0.7593333333333333,0.43280000000000046,0.6829006266786034,0.8492259803043867
14450,conservative_review,0.14940421631530706,0.07883333333333334,0.16416666666666666,0.0005,0.706,0.8309154577288644,0.5536057083333362,0.47572405743965784,0.862627344698166
14450,balanced_review,0.15752212389380532,0.12083333333333333,0.217,0.0018333333333333333,0.9606666666666667,0.868592419435632,0.6067382500000064,0.3671713274336282,0.8673525636072388
14450,hypersensitive_review,0.09900090826521345,0.301,0.43483333333333335,0.0028333333333333335,1.9225,0.9229483536687281,0.6992722916666793,0.12726466848319712,0.8690963675759827
14451,no_emergency,0.12808349146110057,0.0,0.0,0.0,0.0,0.7651666666666667,0.4583333333333338,0.7182163187855788,0.8569041271347247
14451,conservative_review,0.15704824976348156,0.081,0.1645,0.0006666666666666666,0.7266666666666667,0.8310540360240161,0.5510533333333367,0.45322718385367394,0.860116481699668
14451,balanced_review,0.15046728971962617,0.11316666666666667,0.20516666666666666,0.0013333333333333333,0.893,0.87283044058745,0.6268275416666723,0.40204529595015587,0.8734777087046621
14451,hypersensitive_review,0.10106382978723404,0.2995,0.437,0.0045,1.9206666666666667,0.9249958144985769,0.6988440833333456,0.12337957446808515,0.8692960931527655
14452,no_emergency,0.14033457249070633,0.0,0.0,0.0,0.0,0.7548333333333334,0.42913333333333353,0.691263940520446,0.8485513568773233
14452,conservative_review,0.13403041825095058,0.0805,0.1625,0.001,0.7051666666666667,0.840674007340674,0.5823440416666703,0.5068130798479087,0.8711704007644647
14452,balanced_review,0.16003976143141152,0.1225,0.21566666666666667,0.0023333333333333335,0.9608333333333333,0.8775476110925493,0.6317591666666732,0.3587791915175612,0.870902947136579
14452,hypersensitive_review,0.10167910447761194,0.305,0.43566666666666665,0.0025,1.9093333333333333,0.9279866332497911,0.7088421666666771,0.11768597014925375,0.8698893763555351
14453,no_emergency,0.11891891891891893,0.0,0.0,0.0,0.0,0.7593333333333333,0.4482666666666667,0.7383783783783784,0.8566902702702703
14453,conservative_review,0.15749525616698293,0.08083333333333333,0.16366666666666665,0.0006666666666666666,0.7321666666666666,0.8343895930620414,0.5577619166666706,0.4518171030993042,0.8615418742935337
14453,balanced_review,0.14672897196261683,0.124,0.21816666666666668,0.002,0.9426666666666667,0.8729124916499666,0.626710916666673,0.3884762616822429,0.8721948232543363
14453,hypersensitive_review,0.10018552875695733,0.30916666666666665,0.43783333333333335,0.004833333333333334,1.9256666666666666,0.9212862167141183,0.6920236666666801,0.11084517006802727,0.8659245911583305
14454,no_emergency,0.12993262752646775,0.0,0.0,0.0,0.0,0.7738333333333334,0.4756666666666675,0.714148219441771,0.8603418431183831
14454,conservative_review,0.15876089060987417,0.08033333333333334,0.166,0.0005,0.7465,0.8369184592296148,0.5645572083333372,0.44817937399161023,0.8626104390747495
14454,balanced_review,0.14666666666666667,0.116,0.20283333333333334,0.0018333333333333333,0.878,0.8715979295374854,0.6268621250000055,0.40774,0.8734440382362461
14454,hypersensitive_review,0.09908256880733946,0.30083333333333334,0.43783333333333335,0.003,1.9028333333333334,0.9281176863925109,0.7101728750000116,0.1295116819571866,0.8714609626742527
14455,no_emergency,0.1569713758079409,0.0,0.0,0.0,0.0,0.7523333333333333,0.414,0.65466297322253,0.8425071560480147
14455,conservative_review,0.15377697841726617,0.07666666666666666,0.16266666666666665,0.0008333333333333334,0.7221666666666666,0.8341951626355296,0.55685816666667,0.46686398081534775,0.8631620000196759
14455,balanced_review,0.1487676056338028,0.11466666666666667,0.21333333333333335,0.0008333333333333334,0.9215,0.8678899082568807,0.6116834583333394,0.40076460093896704,0.8710346637769473
14455,hypersensitive_review,0.08771929824561403,0.30666666666666664,0.44083333333333335,0.0028333333333333335,1.9433333333333334,0.9281297008189872,0.7145345833333463,0.14165087719298244,0.873482512767627
14456,no_emergency,0.1557454890788224,0.0,0.0,0.0,0.0,0.7645,0.4415333333333339,0.6573599240265906,0.8485286277302944
14456,conservative_review,0.16366906474820145,0.07816666666666666,0.16716666666666666,0.0016666666666666668,0.7356666666666667,0.8215358931552588,0.5239751250000032,0.44054805755395676,0.8540416361345275
14456,balanced_review,0.14835164835164835,0.1255,0.22133333333333333,0.0025,0.9693333333333334,0.8750208855472014,0.6257525833333409,0.37910637362637367,0.8719997973262489
14456,hypersensitive_review,0.08512628624883069,0.30666666666666664,0.43466666666666665,0.004833333333333334,1.9096666666666666,0.9259755484843409,0.7115415000000133,0.1493955035859058,0.873060038816429
14457,no_emergency,0.15595463137996218,0.0,0.0,0.0,0.0,0.7531666666666667,0.4183333333333336,0.6568998109640831,0.8433363421550094
14457,conservative_review,0.1473010064043916,0.07816666666666666,0.163,0.001,0.716,0.8333333333333334,0.5585577916666701,0.4795844525770052,0.864333249440569
14457,balanced_review,0.14625228519195613,0.12383333333333334,0.2195,0.0016666666666666668,0.992,0.8711185308848081,0.6205239166666726,0.3841716392443631,0.8713784483841205
14457,hypersensitive_review,0.0932277924362357,0.2935,0.43416666666666665,0.004333333333333333,1.9275,0.9271844660194175,0.7081793750000125,0.14836552330694822,0.8738285114884339
14458,no_emergency,0.1440922190201729,0.0,0.0,0.0,0.0,0.76,0.44000000000000017,0.6829971181556196,0.8499769452449568
14458,conservative_review,0.14488636363636365,0.08566666666666667,0.17216666666666666,0.0018333333333333333,0.7536666666666667,0.8378694272833528,0.5687401666666708,0.4690433333333332,0.8654780831092486
14458,balanced_review,0.14583333333333334,0.11833333333333333,0.21883333333333332,0.0013333333333333333,0.9721666666666666,0.8746662216288384,0.6290340000000062,0.3955066666666668,0.8743190831553186
14458,hypersensitive_review,0.10750695088044486,0.2945,0.42433333333333334,0.0026666666666666666,1.8535,0.9241310160427807,0.7004334166666775,0.1260980413963547,0.8687284066760571
14459,no_emergency,0.13584905660377358,0.0,0.0,0.0,0.0,0.7678333333333334,0.45886666666666664,0.7011320754716981,0.8558027358490566
14459,conservative_review,0.13011152416356878,0.07616666666666666,0.16233333333333333,0.001,0.7116666666666667,0.8281614948281615,0.5592991666666692,0.5207213135068153,0.867534671574223
14459,balanced_review,0.14825306893295562,0.1175,0.209,0.0005,0.9106666666666666,0.8731032182758046,0.628860750000006,0.39956324834749773,0.8734822544995029
14459,hypersensitive_review,0.09142857142857143,0.2996666666666667,0.4285,0.0036666666666666666,1.8638333333333332,0.9287387085981934,0.7169985833333452,0.15199714285714283,0.874239363472316
14460,no_emergency,0.15749525616698293,0.0,0.0,0.0,0.0,0.7663333333333333,0.4441333333333341,0.6535104364326375,0.8488361859582543
14460,conservative_review,0.1518987341772152,0.077,0.16416666666666666,0.0018333333333333333,0.7088333333333333,0.8365336450158624,0.5665056666666698,0.4711294514767932,0.8648900016271217
14460,balanced_review,0.13682277318640956,0.12033333333333333,0.21433333333333332,0.0013333333333333333,0.914,0.8706608811748998,0.6259826250000058,0.419509898989899,0.874741267930868
14460,hypersensitive_review,0.10784313725490197,0.29683333333333334,0.42983333333333335,0.004666666666666667,1.856,0.9249832551908909,0.6948827916666799,0.11979176470588235,0.8678170682852095
14461,no_emergency,0.14207149404216315,0.0,0.0,0.0,0.0,0.7746666666666666,0.4666666666666673,0.687442713107241,0.8568821264894593
14461,conservative_review,0.13799448022079117,0.08433333333333333,0.16833333333333333,0.0008333333333333334,0.7375,0.8240200166805671,0.5440239583333375,0.48901214351425937,0.8615591818239727
14461,balanced_review,0.15565610859728507,0.1135,0.20633333333333334,0.0026666666666666666,0.9038333333333334,0.8703208556149733,0.6141146250000064,0.3875298944193062,0.8702741597435045
14461,hypersensitive_review,0.08839779005524862,0.30933333333333335,0.44216666666666665,0.003833333333333333,1.9461666666666666,0.9257152417600804,0.7089472500000117,0.1350848618784531,0.8715361687642129
14462,no_emergency,0.1541318477251625,0.0,0.0,0.0,0.0,0.7646666666666667,0.4408000000000004,0.6609099350046425,0.8489270380687094
14462,conservative_review,0.13584905660377358,0.08033333333333334,0.16516666666666666,0.0013333333333333333,0.7105,0.8397863818424566,0.5781319166666694,0.5020720754716981,0.8701335441517938
14462,balanced_review,0.16743330266789327,0.1185,0.211,0.0008333333333333334,0.9255,0.8688907422852377,0.6068915000000065,0.35385340079730143,0.8655424261852651
14462,hypersensitive_review,0.09404096834264432,0.30133333333333334,0.43133333333333335,0.0028333333333333335,1.8978333333333333,0.9252883168978773,0.7092568333333473,0.14066986964618247,0.8717205154837031
14463,no_emergency,0.1397459165154265,0.0,0.0,0.0,0.0,0.7618333333333334,0.4415333333333332,0.6925589836660617,0.8517285208711433
14463,conservative_review,0.13996478873239437,0.08633333333333333,0.17633333333333334,0.0008333333333333334,0.7565,0.8316930775646372,0.5534920000000031,0.47959746478873233,0.8636786260862928
14463,balanced_review,0.14671814671814673,0.12233333333333334,0.2165,0.0013333333333333333,0.9703333333333334,0.8806742323097463,0.6442770416666741,0.3881800772200772,0.8762435111383877
14463,hypersensitive_review,0.11895910780669144,0.29133333333333333,0.41983333333333334,0.0035,1.8265,0.9264090985114568,0.6978420000000121,0.10774329615861217,0.8669044359350985
14464,no_emergency,0.1637694419030192,0.0,0.0,0.0,0.0,0.7685,0.44153333333333344,0.6397072278133578,0.8477226395242452
14464,conservative_review,0.16618357487922705,0.078,0.15533333333333332,0.0011666666666666668,0.6826666666666666,0.8303020190221926,0.5461913333333355,0.4421094685990338,0.8577923953201845
14464,balanced_review,0.1615798922800718,0.11816666666666667,0.21366666666666667,0.002,0.9348333333333333,0.8710754843019372,0.6106534583333382,0.36491090365050866,0.8678933482622302
14464,hypersensitive_review,0.10038986354775828,0.2876666666666667,0.4121666666666667,0.005,1.8413333333333333,0.9246231155778895,0.7073083750000119,0.15044896686159848,0.8723042635780948
14465,no_emergency,0.12777777777777777,0.0,0.0,0.0,0.0,0.7655,0.45740000000000075,0.7188888888888889,0.8570105555555556
14465,conservative_review,0.15391621129326047,0.079,0.16933333333333334,0.001,0.7466666666666667,0.8370036703370036,0.5618710416666702,0.46018433515482693,0.8638623764027862
14465,balanced_review,0.15605381165919283,0.12666666666666668,0.2285,0.0013333333333333333,1.015,0.8738317757009346,0.6171045833333398,0.35621494768310913,0.8689522568788159
14465,hypersensitive_review,0.10028116213683223,0.30866666666666664,0.4355,0.0033333333333333335,1.9096666666666666,0.9240802675585285,0.6997525416666787,0.11475477663230249,0.8675685636916847
14466,no_emergency,0.14618249534450653,0.0,0.0,0.0,0.0,0.7651666666666667,0.44660000000000044,0.6783985102420855,0.8514993761638733
14466,conservative_review,0.15563839701770738,0.0725,0.1545,0.0011666666666666668,0.6945,0.8186217253462372,0.5273314166666682,0.47158885989437715,0.8566101079327778
14466,balanced_review,0.12717291857273558,0.12,0.21633333333333332,0.0011666666666666668,0.9348333333333333,0.8726847989320874,0.6365188750000066,0.4388729124733151,0.8786344589947762
14466,hypersensitive_review,0.0972972972972973,0.2976666666666667,0.43416666666666665,0.004666666666666667,1.909,0.9246483590087073,0.7010765833333461,0.1354659459459459,0.8706509271282888
14467,no_emergency,0.16161616161616163,0.0,0.0,0.0,0.0,0.7715,0.44913333333333383,0.6444444444444444,0.8497309595959597
14467,conservative_review,0.1610555050045496,0.08116666666666666,0.16233333333333333,0.0003333333333333333,0.6991666666666667,0.8206068689563187,0.5244475000000028,0.44781122232332415,0.8539850802690918
14467,balanced_review,0.15779467680608364,0.12066666666666667,0.21216666666666667,0.0011666666666666668,0.941,0.8783580844318372,0.6329282083333395,0.36983171102661605,0.8722783717530307
14467,hypersensitive_review,0.08909952606635071,0.30266666666666664,0.43133333333333335,0.004166666666666667,1.8911666666666667,0.9273640167364017,0.7135135000000118,0.14914104265402842,0.8734978360043336
14468,no_emergency,0.15342465753424658,0.0,0.0,0.0,0.0,0.7701666666666667,0.4507333333333339,0.6624657534246574,0.8514988356164384
14468,conservative_review,0.14298978644382543,0.08633333333333333,0.1705,0.0013333333333333333,0.7531666666666667,0.8412883845126836,0.574795333333338,0.472842469823584,0.867348718742849
14468,balanced_review,0.15551537070524413,0.12966666666666668,0.218,0.0013333333333333333,0.9715,0.8624833110814419,0.595178041666672,0.3584195177817962,0.8634378371064553
14468,hypersensitive_review,0.09562109025915996,0.2955,0.43533333333333335,0.0035,1.9111666666666667,0.9267436026091319,0.7083307916666776,0.14309360142984812,0.8727926175929505
14469,no_emergency,0.14259927797833935,0.0,0.0,0.0,0.0,0.7676666666666667,0.4510666666666668,0.6862815884476534,0.8534801805054152
14469,conservative_review,0.1587015329125338,0.077,0.16466666666666666,0.0008333333333333334,0.7278333333333333,0.8235195996663887,0.5328043333333365,0.45488329425909224,0.85685748833845
14469,balanced_review,0.14247551202137132,0.12083333333333333,0.2185,0.0021666666666666666,0.9651666666666666,0.8667112076165024,0.613079250000006,0.3994005402196497,0.870992094696275
14469,hypersensitive_review,0.11049210770659239,0.29833333333333334,0.42916666666666664,0.0036666666666666666,1.8581666666666667,0.9280695884911342,0.7036705416666801,0.11260402971216343,0.8685398069123599
14470,no_emergency,0.1364522417153996,0.0,0.0,0.0,0.0,0.7751666666666667,0.4756666666666674,0.6998050682261209,0.8591119395711501
14470,conservative_review,0.1429889298892989,0.07866666666666666,0.16866666666666666,0.001,0.747,0.8401735068401736,0.5744607916666706,0.4846510209102091,0.8685560456213943
14470,balanced_review,0.1532976827094474,0.11566666666666667,0.21566666666666667,0.0021666666666666666,0.9513333333333334,0.8637046935025889,0.602625666666672,0.38448509803921566,0.8676339123734151
14470,hypersensitive_review,0.10018382352941177,0.30283333333333334,0.43516666666666665,0.004666666666666667,1.9181666666666666,0.9278298727394507,0.7056540833333462,0.12078225490196079,0.8701937288561499
14471,no_emergency,0.11952554744525548,0.0,0.0,0.0,0.0,0.7693333333333333,0.46880000000000066,0.7370437956204379,0.8610786131386862
14471,conservative_review,0.14977168949771688,0.07883333333333334,0.1635,0.001,0.7088333333333333,0.8380046713380047,0.5652352500000033,0.47407561643835616,0.8654844561103058
14471,balanced_review,0.1335125448028674,0.12316666666666666,0.222,0.002,0.9775,0.862558450233801,0.6091612500000048,0.4145390681003583,0.8712431592860904
14471,hypersensitive_review,0.11992619926199262,0.30316666666666664,0.434,0.0033333333333333335,1.9136666666666666,0.92123745819398,0.6839549583333447,0.07875569495694953,0.8617196428510301
14472,no_emergency,0.15335753176043557,0.0,0.0,0.0,0.0,0.7608333333333334,0.43153333333333393,0.6626134301270417,0.8472756170598912
14472,conservative_review,0.13099630996309963,0.0785,0.16283333333333333,0.0011666666666666668,0.7131666666666666,0.834139829801435,0.5692513750000037,0.5151614514145142,0.8693700579079892
14472,balanced_review,0.14928057553956833,0.11883333333333333,0.21733333333333332,0.0013333333333333333,0.9473333333333334,0.8678237650200267,0.6126142916666724,0.3902027338129497,0.8700730574961163
14472,hypersensitive_review,0.09836065573770492,0.299,0.423,0.004666666666666667,1.87,0.927662424648359,0.7100031250000121,0.13593989071038257,0.8716921311684157
14473,no_emergency,0.13938260056127222,0.0,0.0,0.0,0.0,0.763,0.44653333333333384,0.6933582787652011,0.8525443498596821
14473,conservative_review,0.17140151515151514,0.07716666666666666,0.15633333333333332,0.0003333333333333333,0.6796666666666666,0.8412804268089363,0.5659212916666702,0.4329900000000001,0.8615111794631357
14473,balanced_review,0.1457334611697028,0.11416666666666667,0.20416666666666666,0.0011666666666666668,0.8925,0.8710161855498081,0.6274754166666716,0.41128638542665386,0.8739821466225172
14473,hypersensitive_review,0.08587786259541985,0.30533333333333335,0.4355,0.006666666666666667,1.8998333333333333,0.9296979865771812,0.7163592916666787,0.14895536895674302,0.8744335438659668
14474,no_emergency,0.13846153846153847,0.0,0.0,0.0,0.0,0.77,0.4584000000000001,0.6953846153846153,0.8557646153846153
14474,conservative_review,0.1320754716981132,0.08616666666666667,0.17683333333333334,0.0015,0.7805,0.8325822066432983,0.5624975416666704,0.4936406289308176,0.8665597763601282
14474,balanced_review,0.16326530612244897,0.119,0.21583333333333332,0.0018333333333333333,0.9473333333333334,0.863583235932543,0.5942649166666719,0.35870299319727894,0.8638451796658178
14474,hypersensitive_review,0.0920666013712047,0.30366666666666664,0.4295,0.005166666666666667,1.8808333333333334,0.9331546322667114,0.7229912500000113,0.14145347698334979,0.874904083087213
14475,no_emergency,0.15472779369627507,0.0,0.0,0.0,0.0,0.7686666666666667,0.4509333333333339,0.6595988538681948,0.8507380515759313
14475,conservative_review,0.15081652257444764,0.078,0.1605,0.0015,0.7188333333333333,0.8360874645301285,0.5645548333333367,0.4712436503362153,0.8647137212154268
14475,balanced_review,0.14596554850407978,0.12566666666666668,0.22183333333333333,0.0018333333333333333,0.9813333333333333,0.8727667390215395,0.6224204583333387,0.38334912662435794,0.8717035022887756
14475,hypersensitive_review,0.10564663023679417,0.30183333333333334,0.4335,0.002,1.8865,0.924181696726787,0.6990324166666785,0.1166307468123862,0.8677036160421716
14476,no_emergency,0.1467038068709378,0.0,0.0,0.0,0.0,0.7706666666666667,0.45706666666666734,0.6772516248839369,0.8538040482822656
14476,conservative_review,0.13377609108159394,0.082,0.1665,0.001,0.7101666666666666,0.837671004337671,0.5771025833333371,0.5046725996204933,0.8696399722809032
14476,balanced_review,0.17155963302752295,0.12633333333333333,0.2165,0.002,0.9585,0.8675684702738811,0.5966775833333396,0.3286821406727829,0.8616647849086173
14476,hypersensitive_review,0.09745390693590869,0.296,0.43933333333333335,0.0033333333333333335,1.9311666666666667,0.9255852842809364,0.7037591250000133,0.13612807140766764,0.8715607095919714
14477,no_emergency,0.1511111111111111,0.0,0.0,0.0,0.0,0.7558333333333334,0.42100000000000015,0.6675555555555555,0.8455472222222222
14477,conservative_review,0.16589002795899346,0.078,0.16383333333333333,0.0013333333333333333,0.7016666666666667,0.8317757009345794,0.5462695833333368,0.44030860515688114,0.8582970887072924
14477,balanced_review,0.13309024612579762,0.118,0.2165,0.0011666666666666668,0.943,0.8660103454029702,0.6210790000000063,0.4276747918565786,0.8743948004227753
14477,hypersensitive_review,0.07929104477611941,0.31166666666666665,0.44683333333333336,0.004666666666666667,1.9691666666666667,0.9306764902880107,0.7212158333333455,0.14825970149253737,0.8756713733923743
14478,no_emergency,0.13682277318640956,0.0,0.0,0.0,0.0,0.7658333333333334,0.4522000000000003,0.6989898989898989,0.8544593067033976
14478,conservative_review,0.15069767441860465,0.08066666666666666,0.16066666666666668,0.0015,0.71,0.8290769487564681,0.5476702083333367,0.4688317829457365,0.8608405983139562
14478,balanced_review,0.1475563909774436,0.12183333333333334,0.21733333333333332,0.0016666666666666668,0.964,0.8776293823038397,0.6349449166666733,0.3874626065162906,0.8744872523634581
14478,hypersensitive_review,0.096045197740113,0.29683333333333334,0.42916666666666664,0.005166666666666667,1.9205,0.9323169710169208,0.7186465000000095,0.13750723163841805,0.8746989460367154
14479,no_emergency,0.16587677725118483,0.0,0.0,0.0,0.0,0.766,0.4386666666666674,0.6350710900473934,0.8462308056872039
14479,conservative_review,0.1603336422613531,0.08166666666666667,0.1665,0.0006666666666666666,0.7318333333333333,0.8297198132088058,0.5429957083333362,0.44444598702502314,0.8581572115223036
14479,balanced_review,0.14604651162790697,0.11433333333333333,0.21033333333333334,0.0013333333333333333,0.9025,0.8739986648865153,0.6307187500000065,0.40899767441860463,0.8749918778089785
14479,hypersensitive_review,0.09732824427480916,0.2991666666666667,0.4305,0.0025,1.8835,0.9309941520467836,0.7196584166666781,0.13852452926208647,0.8738572324620003
14480,no_emergency,0.1448339483394834,0.0,0.0,0.0,0.0,0.764,0.44426666666666703,0.6813653136531365,0.8513115129151292
14480,conservative_review,0.15837937384898712,0.079,0.16633333333333333,0.0013333333333333333,0.738,0.834279038718291,0.5530110833333363,0.451072044198895,0.8612313660699074
14480,balanced_review,0.13670411985018727,0.125,0.21883333333333332,0.0026666666666666666,0.976,0.8734959893048129,0.6307248750000071,0.40446426966292126,0.8749104657872309
14480,hypersensitive_review,0.10395584176632934,0.302,0.43366666666666664,0.004333333333333333,1.9253333333333333,0.9248409775694677,0.700599333333347,0.11312381478074215,0.8681749494959256
14481,no_emergency,0.14990859232175502,0.0,0.0,0.0,0.0,0.7583333333333333,0.42920000000000075,0.6702010968921389,0.8472128519195612
14481,conservative_review,0.14903403863845446,0.088,0.174,0.0018333333333333333,0.7651666666666667,0.8328602437802638,0.5532836250000038,0.45527178166206683,0.8613125020161325
14481,balanced_review,0.13560885608856088,0.11616666666666667,0.212,0.0018333333333333333,0.9408333333333333,0.8692603105693771,0.6254425000000066,0.4242938499384994,0.8753673999820069
14481,hypersensitive_review,0.09990662931839403,0.30383333333333334,0.43183333333333335,0.004666666666666667,1.9175,0.9261553918285331,0.7043662500000125,0.12007208216619983,0.8694640956356291
14482,no_emergency,0.1276595744680851,0.0,0.0,0.0,0.0,0.763,0.4524000000000001,0.7191489361702128,0.8559151063829787
14482,conservative_review,0.1575091575091575,0.08116666666666666,0.16783333333333333,0.0011666666666666668,0.7325,0.8336392457867512,0.5512229166666701,0.4507798534798534,0.8607062031087362
14482,balanced_review,0.1509433962264151,0.1185,0.20733333333333334,0.0015,0.9031666666666667,0.8734768819896511,0.6265838750000069,0.3921445283018868,0.872451006165292
14482,hypersensitive_review,0.10240427426536064,0.30283333333333334,0.43616666666666665,0.005,1.933,0.9197654941373534,0.6854600416666816,0.1137839299495399,0.8656714161332004
14483,no_emergency,0.14871306005719734,0.0,0.0,0.0,0.0,0.7648333333333334,0.4464666666666672,0.6728312678741658,0.8507567349857007
14483,conservative_review,0.16312056737588654,0.07883333333333334,0.16633333333333333,0.0011666666666666668,0.7408333333333333,0.8276322376105456,0.5334754166666703,0.44070141843971633,0.8566368523558591
14483,balanced_review,0.15877437325905291,0.12066666666666667,0.2155,0.0016666666666666668,0.933,0.8719532554257096,0.6168917083333396,0.3681363788300836,0.8688592614379501
14483,hypersensitive_review,0.08630393996247655,0.2941666666666667,0.429,0.0028333333333333335,1.8811666666666667,0.931305365201404,0.7261070416666774,0.16972466541588493,0.8781569860281362
14484,no_emergency,0.1392757660167131,0.0,0.0,0.0,0.0,0.7595,0.43900000000000006,0.6935933147632312,0.8509560584958217
14484,conservative_review,0.17015209125475286,0.08066666666666666,0.16133333333333333,0.0006666666666666666,0.7075,0.8282188125416945,0.5379433333333379,0.42716539923954366,0.8550733709488204
14484,balanced_review,0.1416015625,0.129,0.22166666666666668,0.0025,0.9405,0.8783625730994152,0.6400542083333397,0.39251656250000005,0.875062446929825
14484,hypersensitive_review,0.10830324909747292,0.30033333333333334,0.43533333333333335,0.005,1.9075,0.9236180904522613,0.6920133333333447,0.10736618531889286,0.8663439481946443
14485,no_emergency,0.13825757575757575,0.0,0.0,0.0,0.0,0.7691666666666667,0.46046666666666713,0.6958333333333333,0.8557206060606062
14485,conservative_review,0.15936626281453867,0.07916666666666666,0.162,0.0008333333333333334,0.7105,0.8298582151793161,0.5455656666666708,0.4524675551413482,0.8591166571834938
14485,balanced_review,0.1671111111111111,0.121,0.21766666666666667,0.0021666666666666666,0.9683333333333334,0.8606981793886754,0.5853166666666723,0.34458888888888894,0.8609137593721586
14485,hypersensitive_review,0.11464968152866242,0.30033333333333334,0.43083333333333335,0.004,1.8915,0.9213520749665328,0.6858690833333476,0.09632403397027609,0.8637167166911286
14486,no_emergency,0.13944603629417382,0.0,0.0,0.0,0.0,0.7633333333333333,0.4488000000000003,0.6932187201528175,0.8527984909264564
14486,conservative_review,0.14520547945205478,0.08016666666666666,0.17,0.0006666666666666666,0.7556666666666667,0.83288859239493,0.559158458333337,0.47696794520547947,0.8644020922304655
14486,balanced_review,0.14232558139534884,0.12016666666666667,0.21616666666666667,0.0013333333333333333,0.9378333333333333,0.8765020026702269,0.6368182916666721,0.4047770542635659,0.8759639106605646
14486,hypersensitive_review,0.11253430924062215,0.29833333333333334,0.43033333333333335,0.0035,1.9005,0.9228968054858672,0.6920937916666797,0.10319785300396464,0.865625832043939
14487,no_emergency,0.16439600363306087,0.0,0.0,0.0,0.0,0.759,0.42146666666666693,0.638328792007266,0.8432109990917347
14487,conservative_review,0.14821763602251406,0.07883333333333334,0.16233333333333333,0.0016666666666666668,0.7148333333333333,0.8362270450751252,0.5649201250000041,0.47610786741713573,0.865249380558576
14487,balanced_review,0.16351606805293006,0.118,0.209,0.0008333333333333334,0.914,0.8683903252710592,0.6124872083333396,0.36455131695022047,0.8668912878597523
14487,hypersensitive_review,0.09090909090909091,0.30366666666666664,0.43,0.005333333333333333,1.9058333333333333,0.92828418230563,0.7124229166666769,0.14083333333333345,0.8729230340477503
14488,no_emergency,0.14754098360655737,0.0,0.0,0.0,0.0,0.7651666666666667,0.44393333333333385,0.6754098360655738,0.8509597540983607
14488,conservative_review,0.14246575342465753,0.07683333333333334,0.16883333333333334,0.0013333333333333333,0.7416666666666667,0.8317757009345794,0.5588545833333375,0.4886753424657535,0.8653303656742097
14488,balanced_review,0.1341134113411341,0.1215,0.2185,0.0013333333333333333,0.9671666666666666,0.8733311081441922,0.6308644166666717,0.4174571617161717,0.8763524775246412
14488,hypersensitive_review,0.11668185961713765,0.2966666666666667,0.42716666666666664,0.003833333333333333,1.8703333333333334,0.9223690814790029,0.6885366250000117,0.09969324217563044,0.8644638397477508
14489,no_emergency,0.13160333642261354,0.0,0.0,0.0,0.0,0.7721666666666667,0.4686000000000008,0.7104726598702502,0.8588941658943466
14489,conservative_review,0.15196998123827393,0.08283333333333333,0.16383333333333333,0.0011666666666666668,0.718,0.8329718004338394,0.5551173333333371,0.462372707942464,0.8618495114872502
14489,balanced_review,0.14442413162705667,0.11816666666666667,0.2155,0.0018333333333333333,0.9336666666666666,0.8724327934546668,0.6258960000000062,0.4029602437538086,0.8737493384629696
14489,hypersensitive_review,0.09291628334866606,0.3095,0.43916666666666665,0.005166666666666667,1.9298333333333333,0.924107890768973,0.701107208333346,0.12553750996626808,0.8691696703518597
14490,no_emergency,0.15377446411929171,0.0,0.0,0.0,0.0,0.7596666666666667,0.431333333333334,0.6616961789375582,0.846806383970177
14490,conservative_review,0.16636690647482014,0.08283333333333333,0.17366666666666666,0.0005,0.7636666666666667,0.8304152076038019,0.538837250000003,0.425886139088729,0.8563289627457691
14490,balanced_review,0.14246575342465753,0.1185,0.21266666666666667,0.0025,0.9328333333333333,0.8693400167084377,0.6190485000000048,0.4062353424657536,0.8726642041563673
14490,hypersensitive_review,0.09902912621359224,0.30966666666666665,0.439,0.0033333333333333335,1.927,0.9317725752508361,0.7170730833333443,0.11402925566343047,0.871288305605187
14491,no_emergency,0.1413427561837456,0.0,0.0,0.0,0.0,0.7686666666666667,0.4520000000000006,0.6890459363957597,0.8541643109540636
14491,conservative_review,0.15463917525773196,0.0835,0.1695,0.0008333333333333334,0.755,0.8343619683069224,0.5586152083333362,0.4514604810996563,0.8617616039693106
14491,balanced_review,0.14124293785310735,0.12033333333333333,0.2135,0.002,0.934,0.8802605210420842,0.6442922083333387,0.40671887005649715,0.8778226708076822
14491,hypersensitive_review,0.09269662921348315,0.3011666666666667,0.43566666666666665,0.0033333333333333335,1.9406666666666668,0.931438127090301,0.7216063750000109,0.1382207490636703,0.8748110922820538
14492,no_emergency,0.14507772020725387,0.0,0.0,0.0,0.0,0.7658333333333334,0.4420666666666672,0.6808290155440415,0.8516355699481865
14492,conservative_review,0.16589002795899346,0.07883333333333334,0.16316666666666665,0.0015,0.732,0.8267401101652478,0.5355720416666706,0.4353352718235477,0.8558007625181596
14492,balanced_review,0.13570127504553733,0.13516666666666666,0.23666666666666666,0.0021666666666666666,1.0361666666666667,0.8797394354434608,0.6391937083333402,0.3857171948998178,0.8756860399966544
14492,hypersensitive_review,0.09831460674157304,0.29833333333333334,0.428,0.004833333333333334,1.8718333333333332,0.9288226427734048,0.7115840416666792,0.13658786516853932,0.872286944271629
14493,no_emergency,0.14692378328741965,0.0,0.0,0.0,0.0,0.755,0.42466666666666697,0.6767676767676767,0.8466190541781451
14493,conservative_review,0.1453900709219858,0.08133333333333333,0.16783333333333333,0.002,0.7636666666666667,0.8321643286573146,0.5522507916666703,0.47263517730496446,0.8632539235750315
14493,balanced_review,0.1521933751119069,0.12183333333333334,0.22016666666666668,0.0018333333333333333,0.9873333333333333,0.8732676573718484,0.6203726250000069,0.37429457475380484,0.8709099003085783
14493,hypersensitive_review,0.09971777986829727,0.2966666666666667,0.43,0.0035,1.8736666666666666,0.930088643585884,0.7163078750000123,0.13694755095641264,0.8731369054003586
14494,no_emergency,0.1410488245931284,0.0,0.0,0.0,0.0,0.7653333333333333,0.4474666666666674,0.6896925858951175,0.8528977938517179
14494,conservative_review,0.15298507462686567,0.08833333333333333,0.174,0.0023333333333333335,0.7628333333333334,0.833611760775142,0.5535895416666692,0.4458928358208955,0.8604564752008264
14494,balanced_review,0.14654377880184333,0.12233333333333334,0.2165,0.0018333333333333333,0.9613333333333334,0.870262147269995,0.6191750416666725,0.3891436866359447,0.871230827605538
14494,hypersensitive_review,0.0939476061427281,0.2901666666666667,0.42733333333333334,0.003833333333333333,1.8763333333333334,0.927388321900619,0.7127500416666792,0.15808859981933146,0.874769181492838
14495,no_emergency,0.14591078066914498,0.0,0.0,0.0,0.0,0.7691666666666667,0.45460000000000045,0.678996282527881,0.8533673048327137
14495,conservative_review,0.14863593603010347,0.079,0.16883333333333334,0.0015,0.7148333333333333,0.8412618928392589,0.574582625000004,0.4751209407337723,0.8673632807192521
14495,balanced_review,0.15984405458089668,0.119,0.206,0.0011666666666666668,0.9073333333333333,0.8788586684465209,0.6357328333333386,0.37169641325536074,0.8724598827220658
14495,hypersensitive_review,0.09230769230769231,0.3075,0.4415,0.004166666666666667,1.9368333333333334,0.92418410041841,0.701315708333345,0.1298364102564102,0.8698603185069342
14496,no_emergency,0.14202898550724638,0.0,0.0,0.0,0.0,0.755,0.43160000000000026,0.6875362318840579,0.8483627536231882
14496,conservative_review,0.13162393162393163,0.073,0.1665,0.0003333333333333333,0.747,0.82810936978993,0.5544437083333364,0.5182540170940171,0.867476772822663
14496,balanced_review,0.1692876965772433,0.11816666666666667,0.2055,0.0013333333333333333,0.9075,0.8666555407209613,0.601042083333339,0.35190040086339797,0.8639862276553113
14496,hypersensitive_review,0.09926470588235294,0.311,0.44516666666666665,0.003833333333333333,1.9786666666666666,0.9265517818303497,0.7029418333333467,0.10494431372549023,0.8682866622451844
14497,no_emergency,0.1449814126394052,0.0,0.0,0.0,0.0,0.7643333333333333,0.4454666666666667,0.6810408921933085,0.8514646468401487
14497,conservative_review,0.15246212121212122,0.0795,0.1645,0.0011666666666666668,0.7298333333333333,0.8314700483897881,0.554184083333338,0.4645366666666667,0.8618726237972398
14497,balanced_review,0.15067264573991032,0.12483333333333334,0.22333333333333333,0.0013333333333333333,1.025,0.8634846461949266,0.6007581250000057,0.36942017937219734,0.8663340917985008
14497,hypersensitive_review,0.09324452901998097,0.30333333333333334,0.43283333333333335,0.004833333333333334,1.9136666666666666,0.9263105007536426,0.7085510000000129,0.13572203615604192,0.8715733429710986
14498,no_emergency,0.13468634686346864,0.0,0.0,0.0,0.0,0.7676666666666667,0.4574666666666673,0.7036900369003689,0.8559384132841329
14498,conservative_review,0.15667311411992263,0.07483333333333334,0.15883333333333333,0.0005,0.7041666666666667,0.8340837085209272,0.560491875000003,0.4655524822695035,0.8630770579846311
14498,balanced_review,0.15413533834586465,0.11633333333333333,0.205,0.0021666666666666666,0.902,0.8692166360447636,0.6157414166666721,0.38762892230576446,0.8699284291436299
14498,hypersensitive_review,0.09726156751652502,0.2905,0.42133333333333334,0.0031666666666666666,1.8045,0.9312823942484534,0.7212714166666777,0.15961788479697833,0.8757480159787389
14499,no_emergency,0.14153561517113783,0.0,0.0,0.0,0.0,0.7661666666666667,0.45073333333333365,0.6886216466234967,0.8532710962072155
14499,conservative_review,0.15829383886255924,0.07683333333333334,0.15916666666666668,0.0013333333333333333,0.7098333333333333,0.8341121495327103,0.555650750000003,0.45767355450236963,0.8618339913941735
14499,balanced_review,0.16095238095238096,0.118,0.20783333333333334,0.0013333333333333333,0.9078333333333334,0.8729973297730307,0.6209787083333402,0.3704314285714285,0.8695011734854812
14499,hypersensitive_review,0.09134157944814462,0.30466666666666664,0.4285,0.0045,1.9216666666666666,0.9216474133601206,0.6998029166666776,0.1374151918807485,0.8697607145626676
14500,no_emergency,0.14700374531835206,0.0,0.0,0.0,0.0,0.767,0.45026666666666704,0.6765917602996254,0.852119063670412
14500,conservative_review,0.16353383458646617,0.08233333333333333,0.16483333333333333,0.0006666666666666666,0.7183333333333334,0.8350567044696464,0.5536039583333371,0.43809223057644114,0.8596205162359443
14500,balanced_review,0.13961922030825022,0.12166666666666667,0.2225,0.0026666666666666666,0.988,0.8770053475935828,0.6345598333333399,0.4012777153218494,0.8761887867010127
14500,hypersensitive_review,0.08614232209737828,0.2995,0.43316666666666664,0.0036666666666666666,1.8793333333333333,0.9295751087320174,0.7213540416666795,0.1620002247191012,0.8761718385535949
14501,no_emergency,0.12534562211981568,0.0,0.0,0.0,0.0,0.7685,0.46446666666666736,0.7242396313364055,0.8590485944700461
14501,conservative_review,0.1490566037735849,0.07766666666666666,0.16266666666666665,0.0006666666666666666,0.7135,0.8287191460973983,0.5519942500000029,0.47705547169811313,0.8621511616358235
14501,balanced_review,0.1692982456140351,0.11816666666666667,0.22016666666666668,0.002,0.9445,0.8650634602538411,0.5924962083333385,0.3467705263157894,0.8627983589643107
14501,hypersensitive_review,0.09201877934272301,0.2995,0.432,0.0045,1.8811666666666667,0.9281767955801105,0.7142751666666802,0.14801868544600943,0.8736689813383534
14502,no_emergency,0.1387126019945603,0.0,0.0,0.0,0.0,0.7711666666666667,0.4607333333333339,0.6948322756119674,0.85622684950136
14502,conservative_review,0.1655933762649494,0.0865,0.17583333333333334,0.0008333333333333334,0.7625,0.8313594662218515,0.5427991666666705,0.42226123888377787,0.856336099966985
14502,balanced_review,0.14393226716839136,0.11566666666666667,0.21066666666666667,0.0021666666666666666,0.9338333333333333,0.8722231501586771,0.628939000000007,0.407189012229539,0.8745043032555059
14502,hypersensitive_review,0.10341643582640812,0.30216666666666664,0.43416666666666665,0.0035,1.9276666666666666,0.9227295534370296,0.6970025833333471,0.1146305078485689,0.8674566174911744
14503,no_emergency,0.1665053242981607,0.0,0.0,0.0,0.0,0.7608333333333334,0.42993333333333417,0.6336882865440464,0.8438686689254599
14503,conservative_review,0.14636363636363636,0.07283333333333333,0.15783333333333333,0.0008333333333333334,0.6845,0.8375312760633862,0.5690164166666704,0.49305999999999994,0.867694704978107
14503,balanced_review,0.13779904306220095,0.12016666666666667,0.21283333333333335,0.0015,0.9495,0.8784843932565515,0.6445953750000076,0.41316877192982465,0.8782568770030824
14503,hypersensitive_review,0.0986046511627907,0.29883333333333334,0.4266666666666667,0.004,1.8568333333333333,0.9220214190093708,0.6991498750000132,0.13788310077519375,0.8692248368704478
14504,no_emergency,0.14206128133704735,0.0,0.0,0.0,0.0,0.7553333333333333,0.4290666666666672,0.6874651810584957,0.8482646796657382
14504,conservative_review,0.1532033426183844,0.07716666666666666,0.1615,0.001,0.7205,0.8309976643309976,0.5525277500000025,0.467459312906221,0.86190471156137
14504,balanced_review,0.16071428571428573,0.12733333333333333,0.22116666666666668,0.0026666666666666666,0.9831666666666666,0.8766711229946524,0.6240724166666737,0.34751523809523804,0.8688948633864915
14504,hypersensitive_review,0.08325449385052035,0.3005,0.42783333333333334,0.0031666666666666666,1.8953333333333333,0.9281056679485036,0.7195047500000115,0.16553344686218863,0.8761642665052551
14505,no_emergency,0.13071297989031078,0.0,0.0,0.0,0.0,0.7635,0.4507333333333337,0.7124314442413162,0.8551767550274223
14505,conservative_review,0.1570631970260223,0.07833333333333334,0.16766666666666666,0.0015,0.7343333333333333,0.8325822066432983,0.55307591666667,0.45517429987608427,0.8611728898198174
14505,balanced_review,0.1572093023255814,0.12083333333333333,0.21083333333333334,0.001,0.9203333333333333,0.8703703703703703,0.6154547500000063,0.3735328682170542,0.8687012251130495
14505,hypersensitive_review,0.10347985347985347,0.30616666666666664,0.43666666666666665,0.0055,1.9198333333333333,0.9252555723143958,0.696258250000014,0.10783098901098914,0.8671427437410232
14506,no_emergency,0.15759312320916904,0.0,0.0,0.0,0.0,0.7625,0.43700000000000044,0.6532951289398281,0.8471267191977078
14506,conservative_review,0.15421455938697318,0.07816666666666666,0.15933333333333333,0.0015,0.698,0.8327491236855283,0.557774416666669,0.46603463601532574,0.862320845175582
14506,balanced_review,0.14258734655335223,0.12316666666666666,0.2155,0.002,0.9381666666666667,0.8732464929859719,0.6292845000000057,0.3992945042492917,0.8736901154241206
14506,hypersensitive_review,0.09602954755309326,0.30583333333333335,0.44033333333333335,0.0036666666666666666,1.9441666666666666,0.9289059886249582,0.7106702083333452,0.12360166204986153,0.8714313419908817
14507,no_emergency,0.14514608859566447,0.0,0.0,0.0,0.0,0.7725,0.46286666666666754,0.6806786050895381,0.855178477851084
14507,conservative_review,0.14285714285714285,0.07733333333333334,0.16666666666666666,0.0006666666666666666,0.7266666666666667,0.8302201467645097,0.5540518750000032,0.4895809523809524,0.864372315606734
14507,balanced_review,0.1410488245931284,0.11833333333333333,0.214,0.0018333333333333333,0.9363333333333334,0.8694272833528135,0.620233166666672,0.4098325858951175,0.8732334663575623
14507,hypersensitive_review,0.08608058608058608,0.2971666666666667,0.43366666666666664,0.005166666666666667,1.9046666666666667,0.931144245267214,0.720779416666679,0.16086271062271063,0.8769315833100185
14508,no_emergency,0.14676390154968094,0.0,0.0,0.0,0.0,0.7695,0.45313333333333367,0.677119416590702,0.8531440246125797
14508,conservative_review,0.15551537070524413,0.078,0.16433333333333333,0.0008333333333333334,0.7103333333333334,0.8325271059216013,0.5515401666666686,0.4625928511151296,0.8615614682668361
14508,balanced_review,0.1461609620721554,0.12716666666666668,0.22216666666666668,0.0021666666666666666,0.9563333333333334,0.8755637213963587,0.6289102500000052,0.3834858834412581,0.8726471446508692
14508,hypersensitive_review,0.10471698113207548,0.301,0.43216666666666664,0.0021666666666666666,1.9236666666666666,0.9265074327710039,0.7060885000000109,0.11521597484276735,0.8693129553816165
14509,no_emergency,0.13309024612579762,0.0,0.0,0.0,0.0,0.769,0.46013333333333384,0.7072014585232452,0.8569374384685505
14509,conservative_review,0.15119363395225463,0.07516666666666667,0.16666666666666666,0.001,0.7443333333333333,0.8271604938271605,0.5423148750000032,0.47182067197170646,0.8608900219517513
14509,balanced_review,0.14453477868112014,0.131,0.227,0.0015,1.0131666666666668,0.8614588549490902,0.600052208333339,0.37554348690153566,0.8659578774394475
14509,hypersensitive_review,0.08664259927797834,0.29833333333333334,0.43483333333333335,0.0045,1.8935,0.9263351749539595,0.7112300833333459,0.159999614921781,0.8744654922500276
14510,no_emergency,0.14473684210526316,0.0,0.0,0.0,0.0,0.7636666666666667,0.4452000000000006,0.6815789473684211,0.8513057894736843
14510,conservative_review,0.14207650273224043,0.07983333333333334,0.16616666666666666,0.0015,0.7176666666666667,0.8300784510098481,0.5548577916666704,0.4880450273224044,0.864002077328228
14510,balanced_review,0.14233576642335766,0.12416666666666666,0.21766666666666667,0.0023333333333333335,0.9641666666666666,0.8715335783494821,0.6225145833333395,0.3949946472019466,0.872498058982339
14510,hypersensitive_review,0.08989805375347544,0.2931666666666667,0.42816666666666664,0.003,1.8753333333333333,0.9319625543296556,0.7242224583333438,0.16375094840902074,0.8774976039021952
14511,no_emergency,0.14609800362976408,0.0,0.0,0.0,0.0,0.7705,0.45513333333333383,0.6785843920145189,0.8537604990925589
14511,conservative_review,0.17105263157894737,0.08316666666666667,0.163,0.0015,0.7205,0.829744616925388,0.5381031666666698,0.4192908771929825,0.8547346313495464
14511,balanced_review,0.15804597701149425,0.123,0.20966666666666667,0.0023333333333333335,0.9153333333333333,0.8717006348145673,0.6184128750000056,0.36792551724137923,0.8685463284831637
14511,hypersensitive_review,0.11080332409972299,0.29483333333333334,0.42183333333333334,0.0035,1.8596666666666666,0.9227295534370296,0.6938471250000127,0.11680602031394277,0.8668399027145124
14512,no_emergency,0.13535911602209943,0.0,0.0,0.0,0.0,0.7688333333333334,0.45926666666666716,0.7022099447513812,0.856255220994475
14512,conservative_review,0.12293577981651377,0.0795,0.16616666666666666,0.001,0.7225,0.8329996663329997,0.5718991666666691,0.5305412844036698,0.8710583924457715
14512,balanced_review,0.17625570776255708,0.11616666666666667,0.20766666666666667,0.0015,0.9046666666666666,0.8641295276247705,0.591126500000005,0.3395441095890411,0.861126085513459
14512,hypersensitive_review,0.09908256880733946,0.303,0.4375,0.004833333333333334,1.9418333333333333,0.9276503098308491,0.705464875000012,0.11996501529051992,0.8703509830390874
14513,no_emergency,0.15051740357478832,0.0,0.0,0.0,0.0,0.753,0.42066666666666697,0.6688617121354656,0.844820649106303
14513,conservative_review,0.13933649289099526,0.0815,0.16483333333333333,0.0008333333333333334,0.705,0.8373644703919934,0.573762708333338,0.493926382306477,0.8680240876865162
14513,balanced_review,0.15521855486173058,0.10683333333333334,0.19983333333333334,0.002,0.8758333333333334,0.8669004676018705,0.6088470833333387,0.4018525126375261,0.8703623661484622
14513,hypersensitive_review,0.09710550887021475,0.301,0.43066666666666664,0.005666666666666667,1.8906666666666667,0.9277572913174656,0.7071730416666777,0.13242121381886093,0.8713221216360203
14514,no_emergency,0.14744801512287334,0.0,0.0,0.0,0.0,0.7646666666666667,0.446133333333334,0.6756143667296786,0.8509979962192816
14514,conservative_review,0.1485148514851485,0.07966666666666666,0.1695,0.0013333333333333333,0.7463333333333333,0.835781041388518,0.5603408750000034,0.47084066006600667,0.8645644985036018
14514,balanced_review,0.15710503089143865,0.11383333333333333,0.21533333333333332,0.0015,0.9593333333333334,0.8703054581872809,0.6117065416666727,0.3783822653721683,0.8697767036916584
14514,hypersensitive_review,0.0908256880733945,0.29433333333333334,0.4275,0.004,1.9001666666666666,0.9270414993306559,0.7128563333333459,0.15609681957186547,0.8746035861141823
14515,no_emergency,0.12950971322849214,0.0,0.0,0.0,0.0,0.7638333333333334,0.4530000000000006,0.7150786308973173,0.855747571692877
14515,conservative_review,0.1366223908918406,0.07983333333333334,0.1665,0.0008333333333333334,0.7236666666666667,0.8361968306922435,0.5726199583333373,0.49999074003795063,0.8685999483597132
14515,balanced_review,0.1607843137254902,0.12783333333333333,0.21766666666666667,0.0018333333333333333,0.9358333333333333,0.8731006845884121,0.621672083333339,0.35317450980392157,0.8676095331951514
14515,hypersensitive_review,0.11081081081081082,0.2965,0.42866666666666664,0.004166666666666667,1.8938333333333333,0.9205020920502092,0.6849835833333457,0.10968954954954954,0.8651050269956944
14516,no_emergency,0.13134057971014493,0.0,0.0,0.0,0.0,0.7728333333333334,0.4683333333333341,0.7110507246376812,0.8591398550724637
14516,conservative_review,0.14152700186219738,0.0775,0.16116666666666668,0.0006666666666666666,0.6985,0.8283855903935957,0.5538736250000035,0.495653929236499,0.864107781860863
14516,balanced_review,0.13883495145631067,0.11766666666666667,0.20966666666666667,0.0015,0.9116666666666666,0.8741445501585712,0.638059583333339,0.4189297734627832,0.8767057626001608
14516,hypersensitive_review,0.10756972111553785,0.30416666666666664,0.42583333333333334,0.003,1.8801666666666668,0.9287863590772317,0.709982583333346,0.10889328021248337,0.8688588378609526
14517,no_emergency,0.13244444444444445,0.0,0.0,0.0,0.0,0.7621666666666667,0.4448666666666674,0.7086222222222223,0.8539038888888889
14517,conservative_review,0.1601525262154433,0.07783333333333334,0.15483333333333332,0.0013333333333333333,0.6751666666666667,0.8262683578104139,0.5406763333333371,0.4563444423260248,0.8576931007892636
14517,balanced_review,0.15313653136531366,0.12433333333333334,0.21683333333333332,0.0018333333333333333,0.9611666666666666,0.8642511270662881,0.6027789166666722,0.3718596309963099,0.8661496240285586
14517,hypersensitive_review,0.10556621880998081,0.29883333333333334,0.426,0.0036666666666666666,1.887,0.9312479089996655,0.7135312083333453,0.1192809852847089,0.8713643252890719
14518,no_emergency,0.15122873345935728,0.0,0.0,0.0,0.0,0.7623333333333333,0.43933333333333346,0.6672967863894139,0.8488428166351606
14518,conservative_review,0.16203703703703703,0.08033333333333334,0.164,0.0013333333333333333,0.7101666666666666,0.8312750333778371,0.5450944583333371,0.4444985185185185,0.8585553351290922
14518,balanced_review,0.17057761732851986,0.12116666666666667,0.21433333333333332,0.0013333333333333333,0.9351666666666667,0.8674899866488651,0.5986375833333388,0.34154257521058967,0.8631337437458633
14518,hypersensitive_review,0.09276437847866419,0.30333333333333334,0.4325,0.004333333333333333,1.8658333333333332,0.9261801138265818,0.7065339583333463,0.1430183673469388,0.8715529864033095
14519,no_emergency,0.14743589743589744,0.0,0.0,0.0,0.0,0.763,0.4401333333333332,0.6756410256410257,0.8500510256410256
14519,conservative_review,0.14232558139534884,0.078,0.15933333333333333,0.0013333333333333333,0.701,0.8187583444592791,0.5332544583333355,0.4922303875968993,0.8593068590306133
14519,balanced_review,0.1429889298892989,0.12233333333333334,0.2245,0.0023333333333333335,0.9826666666666667,0.8797193451386569,0.6397665416666735,0.3939043542435424,0.8764510616942729
14519,hypersensitive_review,0.09528392685274302,0.312,0.43533333333333335,0.004833333333333334,1.9413333333333334,0.9249706916764361,0.7040581666666795,0.115782027590632,0.8685912549564128
14520,no_emergency,0.14775977121067682,0.0,0.0,0.0,0.0,0.7631666666666667,0.44366666666666743,0.6749285033365109,0.8502850571973308
14520,conservative_review,0.1631912964641886,0.08283333333333333,0.17066666666666666,0.0015,0.7493333333333333,0.8275746953763979,0.5342777916666703,0.43359248111211846,0.8558287522052057
14520,balanced_review,0.15878679750223015,0.12033333333333333,0.22016666666666668,0.0011666666666666668,0.9486666666666667,0.8680126814617053,0.6079457916666724,0.36719571216176033,0.8671197061046211
14520,hypersensitive_review,0.09090909090909091,0.30183333333333334,0.44016666666666665,0.004833333333333334,1.9291666666666667,0.9264779768882934,0.7065806250000131,0.14110000000000006,0.8723596672142163
14521,no_emergency,0.13520632133450394,0.0,0.0,0.0,0.0,0.7606666666666667,0.43920000000000003,0.7025460930640913,0.8523384196663741
14521,conservative_review,0.14114627887082976,0.07716666666666666,0.1705,0.001,0.7591666666666667,0.8268268268268268,0.5441310416666696,0.48934485315084125,0.8630379731220075
14521,balanced_review,0.15321100917431194,0.11983333333333333,0.216,0.0025,0.9535,0.8683375104427736,0.6116380000000063,0.378249113149847,0.8688546841725879
14521,hypersensitive_review,0.09416195856873823,0.30683333333333335,0.43716666666666665,0.0026666666666666666,1.9478333333333333,0.9253008021390374,0.7082364166666794,0.12687035781544256,0.8705341489161943
14522,no_emergency,0.12167300380228137,0.0,0.0,0.0,0.0,0.768,0.46773333333333367,0.7323193916349809,0.8600617490494298
14522,conservative_review,0.1309192200557103,0.073,0.16533333333333333,0.0005,0.7211666666666666,0.8319159579789895,0.56891641666667,0.5227377158774374,0.8698637136297694
14522,balanced_review,0.14774774774774774,0.128,0.225,0.001,0.9876666666666667,0.8732065398732065,0.6229227916666726,0.3762349549549549,0.8710442344000254
14522,hypersensitive_review,0.10622710622710622,0.30616666666666664,0.43616666666666665,0.005333333333333333,1.9075,0.922754691689008,0.6903322916666801,0.10343369963369964,0.8652778861582602
14523,no_emergency,0.12806539509536785,0.0,0.0,0.0,0.0,0.7716666666666666,0.46813333333333396,0.7182561307901907,0.859593651226158
14523,conservative_review,0.16857142857142857,0.075,0.15533333333333332,0.0013333333333333333,0.6798333333333333,0.8322763684913218,0.5476774166666681,0.44122952380952385,0.8584825263212063
14523,balanced_review,0.12964641885766093,0.12516666666666668,0.22766666666666666,0.002,0.9986666666666667,0.8774215096860387,0.6417968333333383,0.41770454517981265,0.8787162773580633
14523,hypersensitive_review,0.08699719363891488,0.30533333333333335,0.43816666666666665,0.004333333333333333,1.9086666666666667,0.9291931704050888,0.7176587083333444,0.14776617399438727,0.8743330558367988
14524,no_emergency,0.14634146341463414,0.0,0.0,0.0,0.0,0.767,0.4508000000000005,0.6780487804878048,0.8523246341463415
14524,conservative_review,0.1364877161055505,0.08216666666666667,0.16733333333333333,0.0008333333333333334,0.7398333333333333,0.8301918265221018,0.5566388750000029,0.49508035790112226,0.8651668678885764
14524,balanced_review,0.1516802906448683,0.1295,0.22266666666666668,0.002,0.9783333333333334,0.8682364729458918,0.610708333333341,0.3656033605812898,0.867253994222551
14524,hypersensitive_review,0.11152073732718894,0.306,0.4365,0.004333333333333333,1.924,0.9214931369266823,0.6868726250000142,0.09104104454685102,0.8634498702878752
14525,no_emergency,0.12715105162523901,0.0,0.0,0.0,0.0,0.7725,0.4740666666666672,0.7202676864244741,0.8605172370936902
14525,conservative_review,0.1479779411764706,0.08083333333333333,0.1705,0.0008333333333333334,0.7625,0.8385321100917431,0.5680645833333369,0.4689485294117647,0.8659199914834056
14525,balanced_review,0.15476190476190477,0.1145,0.20883333333333334,0.0023333333333333335,0.9265,0.867190110257267,0.6095647083333389,0.38571047619047616,0.869050576678371
14525,hypersensitive_review,0.09065420560747664,0.3035,0.43466666666666665,0.0055,1.8783333333333334,0.9279369867605162,0.7111608333333458,0.1447607476635514,0.8728046071262867
14526,no_emergency,0.13957934990439771,0.0,0.0,0.0,0.0,0.7675,0.45713333333333395,0.6929254302103249,0.8546401625239006
14526,conservative_review,0.15591915303176132,0.08383333333333333,0.15933333333333333,0.0016666666666666668,0.6898333333333333,0.8363939899833055,0.5624001250000037,0.4551645299967918,0.8621850847787182
14526,balanced_review,0.15521855486173058,0.11866666666666667,0.213,0.0021666666666666666,0.9303333333333333,0.8630365792550526,0.5979549583333393,0.37857917930419266,0.8660029569360836
14526,hypersensitive_review,0.08915441176470588,0.3001666666666667,0.43483333333333335,0.0036666666666666666,1.9125,0.9245567079290733,0.7094489583333444,0.15046029411764703,0.8728870813125464
14527,no_emergency,0.13953488372093023,0.0,0.0,0.0,0.0,0.762,0.4472000000000006,0.6930232558139535,0.8522562790697675
14527,conservative_review,0.13177570093457944,0.0785,0.16916666666666666,0.002,0.7646666666666667,0.8303273213092852,0.56321379166667,0.5064334579439251,0.8674953055341409
14527,balanced_review,0.15627996164908917,0.12533333333333332,0.21183333333333335,0.0013333333333333333,0.9256666666666666,0.8673230974632844,0.6102055416666717,0.3683040843720038,0.8666923544517133
14527,hypersensitive_review,0.1182053494391717,0.2985,0.438,0.004666666666666667,1.9331666666666667,0.9159410582719357,0.6694572083333478,0.08540156456715567,0.8602736040801222
14528,no_emergency,0.1369740376007162,0.0,0.0,0.0,0.0,0.7661666666666667,0.45073333333333404,0.6986571172784244,0.8544114905998209
14528,conservative_review,0.15384615384615385,0.08416666666666667,0.16533333333333333,0.0008333333333333334,0.7233333333333334,0.8306922435362802,0.5475414583333367,0.45607179487179483,0.8598950773076791
14528,balanced_review,0.1541251133272892,0.11766666666666667,0.21183333333333335,0.0011666666666666668,0.9173333333333333,0.8701818788586685,0.6159211666666717,0.38494475067996375,0.8700673728257786
14528,hypersensitive_review,0.1111111111111111,0.2966666666666667,0.4261666666666667,0.0035,1.864,0.9205552768021408,0.6895955416666791,0.11304222222222218,0.8654251375545321
14529,no_emergency,0.14439461883408072,0.0,0.0,0.0,0.0,0.7645,0.4431333333333341,0.6823318385650223,0.8514863452914799
14529,conservative_review,0.1547933157431838,0.07783333333333334,0.16966666666666666,0.0015,0.7426666666666667,0.8322483725588382,0.5478965416666713,0.45986803869832904,0.8613517567901892
14529,balanced_review,0.14405204460966542,0.1155,0.20933333333333334,0.0015,0.9176666666666666,0.870639292271741,0.6255136250000046,0.40976550185873617,0.8738422984041063
14529,hypersensitive_review,0.0966183574879227,0.2995,0.42533333333333334,0.0023333333333333335,1.869,0.9281657200133645,0.7157353333333447,0.1415262801932367,0.8728419432986962
14530,no_emergency,0.13289349670122527,0.0,0.0,0.0,0.0,0.765,0.4548000000000003,0.7076343072573044,0.8553866258246937
14530,conservative_review,0.14923954372623574,0.07733333333333334,0.15866666666666668,0.0021666666666666666,0.7098333333333333,0.8318022381827292,0.5554736666666693,0.4760596704689481,0.8632079771899267
14530,balanced_review,0.13972602739726028,0.12,0.217,0.0016666666666666668,0.9276666666666666,0.8751252086811352,0.6328659166666731,0.41161607305936065,0.8759043328383593
14530,hypersensitive_review,0.09246901811248809,0.30383333333333334,0.4305,0.004166666666666667,1.8798333333333332,0.9255230125523013,0.7085997083333456,0.14145482681919289,0.8715012940292359
14531,no_emergency,0.14921223354958293,0.0,0.0,0.0,0.0,0.7711666666666667,0.45646666666666724,0.6717330861909175,0.8532819416126043
14531,conservative_review,0.1363203050524309,0.08216666666666667,0.16716666666666666,0.0016666666666666668,0.729,0.828881469115192,0.5582126250000031,0.49591532888465195,0.8648503113464501
14531,balanced_review,0.1468978102189781,0.12266666666666666,0.21983333333333333,0.0016666666666666668,0.9593333333333334,0.8796327212020033,0.6363255000000065,0.3883048175182481,0.8751897763058569
14531,hypersensitive_review,0.08286252354048965,0.29633333333333334,0.42783333333333334,0.005,1.8895,0.9283082077051926,0.7191991250000108,0.1710957815442561,0.8769500991347696
14532,no_emergency,0.14745308310991956,0.0,0.0,0.0,0.0,0.755,0.4220000000000003,0.675603217158177,0.84628672922252
14532,conservative_review,0.1655933762649494,0.0785,0.161,0.0006666666666666666,0.7086666666666667,0.8237158105403602,0.5291668333333364,0.4400879055504445,0.8546372449292042
14532,balanced_review,0.1429889298892989,0.125,0.22083333333333333,0.0013333333333333333,0.9685,0.87283044058745,0.6278836250000062,0.3928710209102092,0.8730598382455774
14532,hypersensitive_review,0.10408921933085502,0.30683333333333335,0.4345,0.0031666666666666666,1.8821666666666668,0.9220866075907039,0.6936752500000117,0.11241038413878562,0.8659459878611651
14533,no_emergency,0.13734713076199437,0.0,0.0,0.0,0.0,0.771,0.4641333333333342,0.6978363123236124,0.8567732173095015
14533,conservative_review,0.15004574565416284,0.0755,0.167,0.0008333333333333334,0.7293333333333333,0.8371976647206005,0.5668230000000035,0.47584602622750843,0.8659762546693064
14533,balanced_review,0.1302717900656045,0.114,0.20966666666666667,0.0016666666666666668,0.9086666666666666,0.8806343906510852,0.6541780833333387,0.44309539518900337,0.8827190592622581
14533,hypersensitive_review,0.0915032679738562,0.31533333333333335,0.4445,0.0028333333333333335,1.971,0.9276282801270266,0.7099767500000116,0.11787281045751635,0.8703109232946449
14534,no_emergency,0.16434540389972144,0.0,0.0,0.0,0.0,0.758,0.42160000000000014,0.6384401114206129,0.8429336490250696
14534,conservative_review,0.146455223880597,0.07933333333333334,0.16466666666666666,0.0006666666666666666,0.7191666666666666,0.8352234823215477,0.5644662500000033,0.4797651741293532,0.865354874142982
14534,balanced_review,0.13594040968342644,0.122,0.21683333333333332,0.0025,0.97,0.8736842105263158,0.63313270833334,0.41123109869646196,0.8759551138620386
14534,hypersensitive_review,0.10018214936247723,0.28933333333333333,0.4226666666666667,0.004,1.87,0.9275435073627845,0.7087545833333444,0.1461326047358835,0.8731074419515503
14535,no_emergency,0.13824057450628366,0.0,0.0,0.0,0.0,0.7641666666666667,0.44620000000000104,0.695870736086176,0.8531548563734291
14535,conservative_review,0.14168937329700274,0.08133333333333333,0.17066666666666666,0.0011666666666666668,0.7445,0.8346404138161188,0.5618080833333366,0.48391004541326066,0.8657220537372519
14535,balanced_review,0.13712686567164178,0.12466666666666666,0.21933333333333332,0.001,0.9743333333333334,0.8698698698698699,0.624713208333339,0.40586756218905473,0.8734994018347175
14535,hypersensitive_review,0.08516746411483253,0.3015,0.43033333333333335,0.004333333333333333,1.8501666666666667,0.9303649146300637,0.7209575833333451,0.16417824561403505,0.8761560937769786
14536,no_emergency,0.14204545454545456,0.0,0.0,0.0,0.0,0.7653333333333333,0.450666666666667,0.6875,0.8528886363636363
14536,conservative_review,0.15,0.07916666666666666,0.16516666666666666,0.0016666666666666668,0.7201666666666666,0.8290484140233723,0.5449002916666709,0.4710799999999999,0.8610820460820121
14536,balanced_review,0.13184772516248838,0.115,0.20883333333333334,0.0021666666666666666,0.9048333333333334,0.8728912644062135,0.6349322083333386,0.43818833797585877,0.8783086969895757
14536,hypersensitive_review,0.09778597785977859,0.3006666666666667,0.4365,0.004166666666666667,1.8848333333333334,0.9328870292887029,0.7184509583333465,0.13359084870848714,0.8737534361966672
14537,no_emergency,0.1451310861423221,0.0,0.0,0.0,0.0,0.7688333333333334,0.45500000000000074,0.6807116104868913,0.8534922284644195
14537,conservative_review,0.1563393708293613,0.07916666666666666,0.1585,0.0011666666666666668,0.6925,0.8306357416986484,0.5499737500000043,0.46095338417540505,0.8604039110522546
14537,balanced_review,0.14325068870523416,0.12433333333333334,0.22116666666666668,0.0016666666666666668,0.9645,0.8746243739565943,0.6297887083333399,0.3933751515151514,0.873775459802337
14537,hypersensitive_review,0.08897485493230174,0.305,0.4345,0.004333333333333333,1.865,0.9296953465015065,0.7199310416666782,0.14912198581560276,0.874226385009044
14538,no_emergency,0.15072202166064982,0.0,0.0,0.0,0.0,0.763,0.43693333333333384,0.6684115523465703,0.8489894945848375
14538,conservative_review,0.13179723502304147,0.07483333333333334,0.1585,0.0013333333333333333,0.7155,0.8252670226969292,0.5529600416666699,0.5180860829493087,0.8660028011783187
14538,balanced_review,0.13533151680290645,0.111,0.208,0.0023333333333333335,0.948,0.8676912796525226,0.6226754583333389,0.4307773297002725,0.8757418307366973
14538,hypersensitive_review,0.1070448307410796,0.2861666666666667,0.4181666666666667,0.004333333333333333,1.8566666666666667,0.9240040174087714,0.6975583333333446,0.1367347057029582,0.8700902058706956
14539,no_emergency,0.12921890067502412,0.0,0.0,0.0,0.0,0.775,0.4785333333333344,0.715718418514947,0.861085274831244
14539,conservative_review,0.15350488021295475,0.07716666666666666,0.16283333333333333,0.0006666666666666666,0.6945,0.8237158105403602,0.533721208333335,0.47024926353149954,0.8582676137338695
14539,balanced_review,0.16666666666666666,0.12283333333333334,0.2185,0.0008333333333333334,0.9468333333333333,0.8673894912427023,0.6010580000000046,0.3469133333333333,0.8639795307061443
14539,hypersensitive_review,0.10009267840593142,0.29283333333333333,0.4246666666666667,0.004166666666666667,1.8615,0.9308786610878661,0.7147955416666787,0.14228277417361754,0.8738667610165445
14540,no_emergency,0.13979496738117428,0.0,0.0,0.0,0.0,0.7663333333333333,0.45266666666666683,0.6924510717614165,0.8539012581547064
14540,conservative_review,0.15794306703397612,0.0825,0.172,0.0018333333333333333,0.7416666666666667,0.8356987810986809,0.5550635416666709,0.44619191919191925,0.8611702998627772
14540,balanced_review,0.14337899543378996,0.122,0.22183333333333333,0.0015,0.9828333333333333,0.8738107160741112,0.6286482916666738,0.3943262100456622,0.8738970878387864
14540,hypersensitive_review,0.1026827012025902,0.30383333333333334,0.4355,0.004166666666666667,1.9688333333333334,0.9206694560669456,0.6910671250000127,0.10830472402096816,0.8661768625611038
14541,no_emergency,0.14401440144014402,0.0,0.0,0.0,0.0,0.7725,0.4596666666666673,0.6831683168316831,0.855221399639964
14541,conservative_review,0.15828677839851024,0.08066666666666666,0.165,0.001,0.7258333333333333,0.830663997330664,0.5474885416666693,0.4507357541899441,0.8594558118912385
14541,balanced_review,0.14445479962721341,0.12366666666666666,0.2155,0.0018333333333333333,0.9496666666666667,0.8756052763399566,0.6318096250000063,0.3932727741534637,0.8740369382035174
14541,hypersensitive_review,0.10379981464318813,0.2951666666666667,0.4266666666666667,0.004833333333333334,1.8731666666666666,0.9291575950427065,0.7080028333333442,0.12879374111831943,0.8713808706853491
14542,no_emergency,0.14403669724770643,0.0,0.0,0.0,0.0,0.758,0.43226666666666697,0.6831192660550458,0.8488108256880734
14542,conservative_review,0.1306715063520871,0.077,0.1655,0.0013333333333333333,0.7216666666666667,0.834279038718291,0.5694747916666705,0.516789352692075,0.8697931110691324
14542,balanced_review,0.15426997245179064,0.1235,0.2195,0.0015,0.985,0.8686362877649808,0.6119529166666724,0.36800606060606067,0.868069861966547
14542,hypersensitive_review,0.09692451071761417,0.2926666666666667,0.4245,0.0031666666666666666,1.8696666666666666,0.9319511787326534,0.721542125000011,0.14950607642124888,0.8756198853153933
14543,no_emergency,0.13773035887487875,0.0,0.0,0.0,0.0,0.7726666666666666,0.4696000000000007,0.6969932104752667,0.8575874102812804
14543,conservative_review,0.1557454890788224,0.08083333333333333,0.15933333333333333,0.0008333333333333334,0.7095,0.8195162635529608,0.529765375000003,0.4582199240265906,0.8554009099211829
14543,balanced_review,0.15115207373271888,0.11733333333333333,0.211,0.0013333333333333333,0.9266666666666666,0.8713284379172229,0.6213125000000065,0.39066543778801854,0.8716089504419876
14543,hypersensitive_review,0.0947075208913649,0.299,0.42816666666666664,0.004333333333333333,1.8858333333333333,0.9273518580515567,0.7094539583333461,0.14241012070566386,0.8725043907342933
14544,no_emergency,0.15377358490566037,0.0,0.0,0.0,0.0,0.7635,0.4400666666666674,0.6616981132075472,0.8486116037735849
14544,conservative_review,0.15651358950328023,0.07483333333333334,0.155,0.0011666666666666668,0.6676666666666666,0.824295010845987,0.5389657083333365,0.4696167697594501,0.858499200669643
14544,balanced_review,0.1453541858325667,0.11983333333333333,0.2175,0.002,0.9545,0.8750835003340013,0.6311012083333388,0.3959141245016866,0.8743524276003924
14544,hypersensitive_review,0.08303571428571428,0.313,0.4515,0.004,1.9835,0.9282128514056225,0.7131246666666781,0.13710142857142854,0.873189276850259
14545,no_emergency,0.12813370473537605,0.0,0.0,0.0,0.0,0.7635,0.4534000000000005,0.7181058495821726,0.856021573816156
14545,conservative_review,0.1517113783533765,0.076,0.16316666666666665,0.0011666666666666668,0.7188333333333333,0.8301351576839646,0.5513190000000046,0.4724083009559049,0.8621449610501789
14545,balanced_review,0.1391705069124424,0.1175,0.20716666666666667,0.0005,0.8966666666666666,0.871268967817242,0.6293539583333386,0.4212248847926268,0.8752396104920623
14545,hypersensitive_review,0.08125577100646353,0.2951666666666667,0.43033333333333335,0.005166666666666667,1.8605,0.9313117775171721,0.7248002500000108,0.1795773037857802,0.8788896092535365
14546,no_emergency,0.14337899543378996,0.0,0.0,0.0,0.0,0.7703333333333333,0.45693333333333375,0.6845662100456621,0.8545252511415525
14546,conservative_review,0.13640639698965193,0.08133333333333333,0.169,0.0013333333333333333,0.7741666666666667,0.8401201602136181,0.5791470833333371,0.4918059266227658,0.8699704800666727
14546,balanced_review,0.15482695810564662,0.11716666666666667,0.214,0.0008333333333333334,0.9346666666666666,0.8727272727272727,0.6225317083333396,0.38235402550091074,0.8712846537501039
14546,hypersensitive_review,0.08195211786372007,0.3005,0.43383333333333335,0.0036666666666666666,1.8825,0.9284041485446638,0.7207027083333448,0.16943867403314922,0.8766192515558033
14547,no_emergency,0.13632119514472454,0.0,0.0,0.0,0.0,0.759,0.4401333333333338,0.7000933706816059,0.851629701213819
14547,conservative_review,0.13345356176735798,0.079,0.16783333333333333,0.001,0.7246666666666667,0.8231564898231565,0.5450558750000032,0.5078421641118123,0.8635627471301077
14547,balanced_review,0.16603415559772297,0.1195,0.20783333333333334,0.001,0.924,0.8752085418752086,0.6213711666666726,0.35554485768500943,0.8686568611631323
14547,hypersensitive_review,0.09058927000879508,0.29233333333333333,0.43216666666666664,0.003833333333333333,1.9235,0.9258825497741342,0.7077719583333458,0.1567836059806508,0.8743503443050424
14548,no_emergency,0.1419698314108252,0.0,0.0,0.0,0.0,0.7656666666666667,0.4460000000000004,0.6876663708961845,0.8526575421472937
14548,conservative_review,0.14510166358595195,0.07616666666666666,0.15866666666666668,0.0006666666666666666,0.7005,0.824216144096064,0.5437581666666685,0.4894163401109056,0.8614712898323313
14548,balanced_review,0.14963503649635038,0.12583333333333332,0.2215,0.0011666666666666668,0.9681666666666666,0.8716836309027198,0.6193374166666719,0.3772895863746959,0.8702633030633954
14548,hypersensitive_review,0.09650735294117647,0.2946666666666667,0.42533333333333334,0.0023333333333333335,1.889,0.9188105579685933,0.696843458333347,0.14613715686274498,0.8696129218636183
14549,no_emergency,0.14350180505415164,0.0,0.0,0.0,0.0,0.7646666666666667,0.4445333333333339,0.6842960288808664,0.851864548736462
14549,conservative_review,0.1311320754716981,0.07466666666666667,0.1585,0.001,0.6961666666666667,0.8340006673340007,0.5723160000000042,0.5224361006289306,0.8703075479989426
14549,balanced_review,0.15305164319248826,0.12583333333333332,0.21916666666666668,0.0015,0.951,0.8744783842430313,0.6265913333333397,0.3714997183098592,0.8707582878081211
14549,hypersensitive_review,0.09117361784675072,0.3015,0.42766666666666664,0.0035,1.8736666666666666,0.9295868874393711,0.7180189166666787,0.14897804073714843,0.8742840805201246
14550,no_emergency,0.15262172284644196,0.0,0.0,0.0,0.0,0.7695,0.4520666666666666,0.6642322097378277,0.8515995692883894
14550,conservative_review,0.14595103578154425,0.08416666666666667,0.172,0.0006666666666666666,0.7698333333333334,0.8410607071380921,0.5758130416666696,0.46802772128060255,0.8671164313210418
14550,balanced_review,0.1495076096687556,0.1175,0.22,0.0016666666666666668,0.9655,0.8766277128547579,0.6291229583333404,0.38905659206207094,0.8741289666475723
14550,hypersensitive_review,0.08633776091081594,0.30666666666666664,0.43116666666666664,0.003833333333333333,1.8965,0.9228710055211644,0.703900541666679,0.1493102593295383,0.8713527353869797
14551,no_emergency,0.14445574771108852,0.0,0.0,0.0,0.0,0.768,0.4602666666666673,0.6821973550356053,0.8538060630722278
14551,conservative_review,0.1488970588235294,0.07716666666666666,0.1655,0.001,0.7078333333333333,0.8335001668335001,0.5581197500000034,0.4784531372549019,0.8641514332608347
14551,balanced_review,0.1583629893238434,0.11683333333333333,0.21233333333333335,0.0016666666666666668,0.9471666666666667,0.8664440734557596,0.6038254583333396,0.3727080901542112,0.8670960507474341
14551,hypersensitive_review,0.0970873786407767,0.31183333333333335,0.4345,0.003833333333333333,1.901,0.924711393675757,0.7043561250000138,0.11788776699029124,0.868218282817534
14552,no_emergency,0.1547406082289803,0.0,0.0,0.0,0.0,0.756,0.4197333333333331,0.6595706618962434,0.844594847942755
14552,conservative_review,0.14852398523985239,0.085,0.1705,0.0003333333333333333,0.7481666666666666,0.8346115371790597,0.5586259583333366,0.4641338991389914,0.8631160783854217
14552,balanced_review,0.15145813734713076,0.11433333333333333,0.20916666666666667,0.002,0.9035,0.8754175016700066,0.6312400833333396,0.39630543116964567,0.8740370557475532
14552,hypersensitive_review,0.10970081595648232,0.302,0.43833333333333335,0.004166666666666667,1.9153333333333333,0.9266945606694561,0.696679958333347,0.10185153822907228,0.8670174944200506
14553,no_emergency,0.11847014925373134,0.0,0.0,0.0,0.0,0.7673333333333333,0.466933333333334,0.739365671641791,0.8606024626865671
14553,conservative_review,0.13803088803088803,0.07266666666666667,0.15666666666666668,0.0013333333333333333,0.6866666666666666,0.8336114819759679,0.5690495833333372,0.5108653796653797,0.8685877746684019
14553,balanced_review,0.1558073654390935,0.11866666666666667,0.2065,0.0015,0.8896666666666667,0.8684693707227508,0.6142196250000068,0.3828304627006609,0.868772108398719
14553,hypersensitive_review,0.09600760456273764,0.2926666666666667,0.42183333333333334,0.0026666666666666666,1.8431666666666666,0.9246323529411765,0.7104099166666787,0.15520326996197725,0.8728685484916695
14554,no_emergency,0.13683223992502344,0.0,0.0,0.0,0.0,0.7751666666666667,0.4724666666666673,0.6989690721649484,0.8587769400187442
14554,conservative_review,0.14385614385614387,0.07666666666666666,0.15616666666666668,0.0006666666666666666,0.6865,0.8365577051367579,0.5755197083333365,0.49313648351648354,0.8677672537019916
14554,balanced_review,0.14493996569468268,0.123,0.22933333333333333,0.0011666666666666668,1.0078333333333334,0.8660103454029702,0.6093037083333397,0.3868254088050314,0.8695492236555542
14554,hypersensitive_review,0.10724365004703669,0.30483333333333335,0.43166666666666664,0.005166666666666667,1.892,0.9227676327693081,0.6927182916666804,0.10509063656318593,0.865489915860701
14555,no_emergency,0.13489208633093525,0.0,0.0,0.0,0.0,0.7701666666666667,0.4603333333333341,0.7032374100719425,0.8568519784172662
14555,conservative_review,0.15598885793871867,0.08683333333333333,0.17,0.0006666666666666666,0.7458333333333333,0.8355570380253502,0.5563485416666705,0.44509117920148555,0.8609627042145923
14555,balanced_review,0.13742690058479531,0.12483333333333334,0.21433333333333332,0.0008333333333333334,0.9533333333333334,0.8755629691409508,0.6405741666666734,0.40766081871345033,0.8763052280960869
14555,hypersensitive_review,0.09452296819787986,0.2945,0.43166666666666664,0.004166666666666667,1.8736666666666666,0.9226778242677824,0.7005793333333451,0.15074280329799772,0.871399388564199
14556,no_emergency,0.13906111603188662,0.0,0.0,0.0,0.0,0.7626666666666667,0.4416000000000002,0.6940655447298494,0.8521547209920283
14556,conservative_review,0.15200764818355642,0.07866666666666666,0.16083333333333333,0.0011666666666666668,0.6936666666666667,0.8328049390956116,0.5576328750000038,0.4710431739961759,0.8628120353077947
14556,balanced_review,0.14760147601476015,0.11633333333333333,0.21466666666666667,0.002,0.9388333333333333,0.872745490981964,0.6253602500000054,0.39775008610086093,0.8733586303742329
14556,hypersensitive_review,0.0988909426987061,0.2935,0.42333333333333334,0.004666666666666667,1.8566666666666667,0.9239785666443403,0.7016500000000129,0.14407325939617993,0.8709279176519598
14557,no_emergency,0.16066481994459833,0.0,0.0,0.0,0.0,0.7623333333333333,0.431866666666667,0.6465373961218837,0.8459237950138503
14557,conservative_review,0.14387846291331546,0.08033333333333334,0.173,0.0005,0.7638333333333334,0.8315824578956145,0.5546998333333361,0.4788407149240393,0.8639909424736891
14557,balanced_review,0.15405405405405406,0.11433333333333333,0.21,0.0013333333333333333,0.9333333333333333,0.8626502002670227,0.6007272916666725,0.38768108108108096,0.8673360934415937
14557,hypersensitive_review,0.0784313725490196,0.30566666666666664,0.44466666666666665,0.0036666666666666666,1.9433333333333334,0.9340916694546672,0.7325320833333427,0.1626509803921569,0.8790595639491461
14558,no_emergency,0.15251141552511416,0.0,0.0,0.0,0.0,0.7561666666666667,0.4232666666666672,0.6644748858447489,0.8454671461187215
14558,conservative_review,0.1569767441860465,0.0765,0.16433333333333333,0.0008333333333333334,0.7301666666666666,0.8363636363636363,0.5651477916666702,0.4590978294573644,0.8636676559042462
14558,balanced_review,0.14485981308411214,0.12266666666666666,0.21916666666666668,0.002,0.9485,0.8722444889779559,0.6250980000000064,0.39375507788161995,0.8726074100890259
14558,hypersensitive_review,0.0980565371024735,0.289,0.43016666666666664,0.0031666666666666666,1.8921666666666668,0.9306136097642534,0.7156265000000123,0.14944895170789166,0.875225269486992
14559,no_emergency,0.14169675090252706,0.0,0.0,0.0,0.0,0.7661666666666667,0.44860000000000094,0.6882671480144404,0.8530708122743683
14559,conservative_review,0.15384615384615385,0.0755,0.15283333333333332,0.0013333333333333333,0.6758333333333333,0.8307743658210948,0.55530354166667,0.4734051282051282,0.8621852035764569
14559,balanced_review,0.14807692307692308,0.13533333333333333,0.23133333333333334,0.0028333333333333335,1.0276666666666667,0.8838375396958048,0.6445350833333405,0.3586107692307692,0.8741221623895112
14559,hypersensitive_review,0.09606587374199452,0.30633333333333335,0.4375,0.0035,1.8995,0.922562301388192,0.698180166666681,0.12834841110094536,0.8684990678142934
14560,no_emergency,0.15177713736791545,0.0,0.0,0.0,0.0,0.7655,0.44673333333333326,0.666090297790586,0.850210715658021
14560,conservative_review,0.14097744360902256,0.082,0.16833333333333333,0.0008333333333333334,0.7206666666666667,0.8320266889074228,0.5602476250000034,0.487736290726817,0.8648988843116381
14560,balanced_review,0.14166666666666666,0.12316666666666666,0.2175,0.0023333333333333335,0.944,0.8748747076511861,0.6304767916666728,0.4002866666666666,0.874464838337023
14560,hypersensitive_review,0.10608856088560886,0.289,0.41933333333333334,0.003833333333333333,1.8536666666666666,0.9242094696335954,0.7000932916666778,0.13573183271832723,0.8700643642103438
14561,no_emergency,0.14711191335740073,0.0,0.0,0.0,0.0,0.7603333333333333,0.4337333333333336,0.6763537906137184,0.8488520216606499
14561,conservative_review,0.1589840075258702,0.07816666666666666,0.1645,0.0015,0.7236666666666667,0.8299115339676181,0.547870375000003,0.45246185010975226,0.8595344031004848
14561,balanced_review,0.14514608859566447,0.12516666666666668,0.22233333333333333,0.002,0.9626666666666667,0.8824315297261189,0.6452384166666729,0.3879252717562048,0.8766024846855868
14561,hypersensitive_review,0.08996212121212122,0.309,0.4385,0.0035,1.9301666666666666,0.9282488710486704,0.7139721666666801,0.13436333333333328,0.8723820435115718
14562,no_emergency,0.14846743295019157,0.0,0.0,0.0,0.0,0.7681666666666667,0.453666666666667,0.6733716475095786,0.8523581417624522
14562,conservative_review,0.14727272727272728,0.0775,0.16266666666666665,0.0011666666666666668,0.7101666666666666,0.8338061071249792,0.5581327916666703,0.4811133333333333,0.8645669430276456
14562,balanced_review,0.15517241379310345,0.12133333333333333,0.21516666666666667,0.0008333333333333334,0.9255,0.8655546288573811,0.6055210833333386,0.3768606896551724,0.8669373664589389
14562,hypersensitive_review,0.1,0.2986666666666667,0.43366666666666664,0.0035,1.9365,0.9239003177788928,0.6985030416666791,0.12598666666666666,0.8694744901253355
14563,no_emergency,0.1411214953271028,0.0,0.0,0.0,0.0,0.7633333333333333,0.4461333333333341,0.6895327102803739,0.8521796261682244
14563,conservative_review,0.13615455381784727,0.07516666666666667,0.16116666666666668,0.0006666666666666666,0.71,0.8300533689126084,0.5607891666666708,0.5093599816007359,0.866936559719321
14563,balanced_review,0.1382783882783883,0.11683333333333333,0.21316666666666667,0.0015,0.9386666666666666,0.8704723752295109,0.6265387083333389,0.4180808791208792,0.87504585195759
14563,hypersensitive_review,0.0944954128440367,0.309,0.43983333333333335,0.004166666666666667,1.9588333333333334,0.9238493723849373,0.699966291666678,0.12028342507645257,0.8688117637128062
14564,no_emergency,0.16433239962651727,0.0,0.0,0.0,0.0,0.7553333333333333,0.41680000000000017,0.638468720821662,0.8417769000933707
14564,conservative_review,0.1550179211469534,0.073,0.16183333333333333,0.001,0.7055,0.828661995328662,0.5440792083333366,0.4711005734767026,0.8609500589368605
14564,balanced_review,0.1503267973856209,0.11833333333333333,0.209,0.0023333333333333335,0.9316666666666666,0.8705312395589709,0.6202977083333397,0.3894810457516341,0.8712000006462866
14564,hypersensitive_review,0.11464968152866242,0.30583333333333335,0.4385,0.0033333333333333335,1.888,0.9254180602006689,0.6944683750000132,0.08971070063694275,0.8645481258030361
14565,no_emergency,0.16304347826086957,0.0,0.0,0.0,0.0,0.7648333333333334,0.43366666666666676,0.6413043478260869,0.8462141304347826
14565,conservative_review,0.12432915921288014,0.08216666666666667,0.17866666666666667,0.0015,0.7906666666666666,0.8377566349524287,0.5781234583333366,0.5150625163983304,0.8720206267241755
14565,balanced_review,0.1456221198156682,0.124,0.22016666666666668,0.0011666666666666668,0.9568333333333333,0.8718504922409478,0.6253082083333399,0.39004466973886337,0.8721310666767011
14565,hypersensitive_review,0.09668755595344673,0.2951666666666667,0.43183333333333335,0.0036666666666666666,1.908,0.922214787554366,0.7002571250000115,0.14142737690241716,0.870611831652949
14566,no_emergency,0.13358070500927643,0.0,0.0,0.0,0.0,0.7686666666666667,0.46053333333333346,0.7061224489795919,0.8567448237476808
14566,conservative_review,0.152153987167736,0.07666666666666666,0.1635,0.0008333333333333334,0.7076666666666667,0.8371976647206005,0.5631984166666697,0.47217456156431414,0.8649440172075796
14566,balanced_review,0.16616616616616617,0.12533333333333332,0.21266666666666667,0.0026666666666666666,0.944,0.8778409090909091,0.6292936666666732,0.34302110110110107,0.8686744228523984
14566,hypersensitive_review,0.10154125113327289,0.2991666666666667,0.43433333333333335,0.0035,1.9058333333333333,0.9272453587556447,0.7057468750000132,0.12557591417346628,0.8705359771350428
14567,no_emergency,0.1478743068391867,0.0,0.0,0.0,0.0,0.7555,0.42566666666666714,0.6746765249537892,0.8466064232902033
14567,conservative_review,0.14944649446494465,0.08466666666666667,0.17116666666666666,0.001,0.766,0.827660994327661,0.5452365416666691,0.4597643788437883,0.859796081973729
14567,balanced_review,0.13412408759124086,0.1105,0.20816666666666667,0.0015,0.9076666666666666,0.8693039559339009,0.6293523750000057,0.43980700729927014,0.8772115930073605
14567,hypersensitive_review,0.10815939278937381,0.30966666666666665,0.43866666666666665,0.0031666666666666666,1.9356666666666666,0.9266009028590537,0.7018038750000133,0.09306933586337773,0.8663257132853737
14568,no_emergency,0.1470311027332705,0.0,0.0,0.0,0.0,0.7716666666666666,0.46013333333333406,0.6765315739868049,0.8542522243166825
14568,conservative_review,0.14705882352941177,0.077,0.165,0.0006666666666666666,0.732,0.828552368245497,0.550981000000003,0.4801639215686274,0.8626579129246297
14568,balanced_review,0.15862708719851576,0.12283333333333334,0.22183333333333333,0.0016666666666666668,0.9828333333333333,0.8757929883138564,0.6245560000000064,0.35944707482993205,0.870189491361195
14568,hypersensitive_review,0.0906515580736544,0.3065,0.43566666666666665,0.006333333333333333,1.929,0.9298892988929889,0.7121776250000132,0.13365323890462702,0.8727838886911509
14569,no_emergency,0.1492007104795737,0.0,0.0,0.0,0.0,0.7651666666666667,0.4407333333333336,0.6717584369449379,0.8503048223801065
14569,conservative_review,0.1516279069767442,0.081,0.16416666666666666,0.0005,0.7018333333333333,0.8252459563114891,0.5415496666666698,0.4682986046511628,0.8590330351492609
14569,balanced_review,0.15130434782608695,0.115,0.216,0.001,0.9393333333333334,0.8665331998665332,0.6075644583333396,0.3924104347826087,0.8696012073784387
14569,hypersensitive_review,0.08872458410351201,0.28833333333333333,0.42,0.0025,1.8198333333333334,0.9264828738512949,0.7163517916666786,0.18025924830560688,0.8765734338378446
14570,no_emergency,0.14511627906976743,0.0,0.0,0.0,0.0,0.7651666666666667,0.4471333333333338,0.6807441860465117,0.8518059302325581
14570,conservative_review,0.16149635036496351,0.08083333333333333,0.16816666666666666,0.0006666666666666666,0.7423333333333333,0.8282188125416945,0.5395799166666688,0.4417946958637469,0.8573267165879342
14570,balanced_review,0.14484679665738162,0.12166666666666667,0.21616666666666667,0.0015,0.9391666666666667,0.8731430479051911,0.6269222916666733,0.396803714020427,0.8732670537488791
14570,hypersensitive_review,0.09823911028730306,0.31016666666666665,0.44166666666666665,0.004833333333333334,1.946,0.9241333110031821,0.6974252916666775,0.11128729070126656,0.8674704459374629
14571,no_emergency,0.14746543778801843,0.0,0.0,0.0,0.0,0.7658333333333334,0.44633333333333386,0.6755760368663595,0.8513586405529954
14571,conservative_review,0.14056939501779359,0.07683333333333334,0.16866666666666666,0.0008333333333333334,0.7338333333333333,0.8331943286071727,0.5609048333333359,0.494287330960854,0.8664338123277037
14571,balanced_review,0.14636449480642116,0.12333333333333334,0.21533333333333332,0.0021666666666666666,0.9411666666666667,0.8715550359111408,0.6238726666666727,0.39022477809254014,0.871782503738404
14571,hypersensitive_review,0.10263396911898275,0.2981666666666667,0.43,0.0045,1.917,0.9203080529047379,0.690493500000013,0.12223193460490464,0.8671376027583433
14572,no_emergency,0.16345270890725436,0.0,0.0,0.0,0.0,0.7595,0.4240666666666668,0.6404040404040403,0.8437918227731863
14572,conservative_review,0.15096153846153845,0.07533333333333334,0.15716666666666668,0.0016666666666666668,0.6978333333333333,0.8412353923205342,0.5759574583333369,0.477011282051282,0.8675937091224426
14572,balanced_review,0.14234234234234233,0.1215,0.2225,0.0015,0.975,0.8756468035386413,0.6312700000000065,0.39824684684684686,0.8750037054760073
14572,hypersensitive_review,0.09246901811248809,0.3065,0.436,0.0036666666666666666,1.8881666666666668,0.9285714285714286,0.7138586666666795,0.13722149348585955,0.8723269073766409
14573,no_emergency,0.1412639405204461,0.0,0.0,0.0,0.0,0.7603333333333333,0.43960000000000005,0.6892193308550185,0.8507540148698884
14573,conservative_review,0.1440443213296399,0.07616666666666666,0.16183333333333333,0.0011666666666666668,0.7013333333333334,0.8339729684632071,0.5627658750000034,0.4911424930747922,0.8660382508315524
14573,balanced_review,0.16404077849860982,0.12366666666666666,0.2155,0.0011666666666666668,0.9526666666666667,0.871183046888036,0.612762583333339,0.35049028730305837,0.8664519131917587
14573,hypersensitive_review,0.1027592768791627,0.29383333333333334,0.421,0.0045,1.857,0.9276745354093421,0.7085545416666784,0.13522292419917536,0.8715374653613461
14574,no_emergency,0.14716312056737588,0.0,0.0,0.0,0.0,0.756,0.423466666666667,0.676241134751773,0.846769219858156
14574,conservative_review,0.1446886446886447,0.08266666666666667,0.1705,0.0011666666666666668,0.7718333333333334,0.8314700483897881,0.5553688333333372,0.47216498168498167,0.8632715158447756
14574,balanced_review,0.13828786453433678,0.1205,0.21333333333333335,0.0011666666666666668,0.9321666666666667,0.8745202736525947,0.6361442083333398,0.4140400313577924,0.8762782649205281
14574,hypersensitive_review,0.1091901728844404,0.29933333333333334,0.434,0.005333333333333333,1.8966666666666667,0.9269436997319035,0.6974147916666776,0.10778161965423108,0.8676916760734618
14575,no_emergency,0.1472795497185741,0.0,0.0,0.0,0.0,0.766,0.4482666666666673,0.675984990619137,0.8516001125703565
14575,conservative_review,0.12878787878787878,0.079,0.16916666666666666,0.0003333333333333333,0.7526666666666667,0.8416138712904302,0.5884409166666702,0.5154133333333334,0.8735869271068263
14575,balanced_review,0.16967509025270758,0.1185,0.21666666666666667,0.0015,0.9633333333333334,0.8699716241028209,0.6051660416666729,0.34371480144404337,0.8651101677926698
14575,hypersensitive_review,0.08520179372197309,0.295,0.43116666666666664,0.005,1.9103333333333334,0.9249581239530988,0.7100774583333455,0.1653160538116592,0.8749427981304374
14576,no_emergency,0.14741784037558686,0.0,0.0,0.0,0.0,0.7685,0.4532666666666673,0.6756807511737088,0.8526905399061033
14576,conservative_review,0.14963503649635038,0.08016666666666666,0.1655,0.001,0.75,0.8304971638304972,0.5512818750000039,0.4675695863746959,0.8619531973167285
14576,balanced_review,0.14354527938342967,0.12866666666666668,0.21933333333333332,0.0021666666666666666,0.9583333333333334,0.873893435777518,0.6308204166666733,0.38690038535645466,0.8726432421373985
14576,hypersensitive_review,0.10671573137074516,0.303,0.4365,0.0036666666666666666,1.867,0.9257276681164269,0.7002141250000139,0.11331872431769399,0.8675887603005761
14577,no_emergency,0.1454711802378774,0.0,0.0,0.0,0.0,0.7561666666666667,0.42753333333333315,0.6799634034766697,0.8475472049405306
14577,conservative_review,0.14412811387900357,0.07783333333333334,0.16683333333333333,0.0006666666666666666,0.737,0.8368912608405604,0.5647618333333371,0.4848448161328588,0.8667591539490842
14577,balanced_review,0.1557155715571557,0.12,0.21433333333333332,0.0023333333333333335,0.9615,0.8723688606749082,0.6159472083333386,0.371712409240924,0.8697444726048507
14577,hypersensitive_review,0.1043802423112768,0.30816666666666664,0.43933333333333335,0.004166666666666667,1.9325,0.9276987447698745,0.7023650000000122,0.10286346691519116,0.8678419378531441
14578,no_emergency,0.14340344168260039,0.0,0.0,0.0,0.0,0.7596666666666667,0.43933333333333396,0.6845124282982791,0.84999913957935
14578,conservative_review,0.14954954954954955,0.07233333333333333,0.16183333333333333,0.001,0.7073333333333334,0.828661995328662,0.5487653333333367,0.4838443243243244,0.8628019445445447
14578,balanced_review,0.14233576642335766,0.12333333333333334,0.2185,0.0015,0.9561666666666667,0.8664663662159906,0.6148697500000062,0.39795464720194657,0.8706545328422916
14578,hypersensitive_review,0.08530805687203792,0.31116666666666665,0.43833333333333335,0.0033333333333333335,1.9183333333333332,0.9264214046822743,0.7121658333333455,0.14315560821484993,0.8724451780200071
14579,no_emergency,0.13321492007104796,0.0,0.0,0.0,0.0,0.761,0.4420000000000006,0.7069271758436945,0.8531462699822381
14579,conservative_review,0.1468721668177697,0.0835,0.16883333333333334,0.0006666666666666666,0.7505,0.8275517011340894,0.5458152500000023,0.46925456633423995,0.8607169457191178
14579,balanced_review,0.16502242152466368,0.12316666666666666,0.22133333333333333,0.0021666666666666666,0.9791666666666666,0.8703858359779523,0.6062541666666729,0.34485067264573993,0.8654792079122202
14579,hypersensitive_review,0.10490196078431373,0.30716666666666664,0.43516666666666665,0.004666666666666667,1.9225,0.9353650368385801,0.7194891666666783,0.10381568627450982,0.8714457083554965
