seed,condition,A_TF,I,C_T,R_C,H_self,joint_maturity_product,joint_interaction,target_reliability,ethical_sensitivity,decision_accuracy,high_stakes_accuracy,long_term_trajectory_value,ethical_sense_reliability_realized,deep_path_activation_rate
11100,full_D5,0.82,0.86,0.79,0.81,0.22,0.811528550296579,0.6800609251485332,0.9317007276157682,0.8078750000000001,0.8635714285714285,0.8806451612903226,0.7197500000000143,0.9287722586691659,0.7621428571428571
11100,ablate_A_TF,0.35,0.86,0.79,0.81,0.22,0.6844703526060364,0.3966505693351981,0.7897979025898697,0.7174,0.73,0.7370030581039755,0.4520000000000011,0.7887168141592921,0.6457142857142857
11100,ablate_I,0.82,0.35,0.79,0.81,0.22,0.6779813102181979,0.41255162726777345,0.7953083192917405,0.8078750000000001,0.7728571428571429,0.7503949447077409,0.5083214285714337,0.8150873965041399,0.7764285714285715
11100,ablate_C_T,0.82,0.86,0.35,0.81,0.22,0.6895916496278887,0.5778778023881708,0.8668351739360516,0.759475,0.8035714285714286,0.8042071197411004,0.5950357142857227,0.8698698698698699,0.7135714285714285
11100,ablate_R_C,0.82,0.86,0.79,0.35,0.22,0.6861521182245927,0.5749954750722087,0.8650054808107543,0.769925,0.8121428571428572,0.8083735909822867,0.605142857142867,0.887065637065637,0.74
11100,ablate_low_Hself,0.82,0.86,0.79,0.81,0.65,0.6913508348669833,0.5793519996185321,0.8677709901158405,0.8788250000000001,0.8178571428571428,0.8052373158756138,0.6064642857142972,0.8576358930112166,0.8278571428571428
11100,single_superpower_A_TF,0.95,0.42,0.45,0.43,0.58,0.5037100675367299,0.3583897130523833,0.7411914916386123,0.82355,0.7242857142857143,0.7352941176470589,0.4542500000000023,0.7502312673450509,0.7721428571428571
11101,full_D5,0.82,0.86,0.79,0.81,0.22,0.811528550296579,0.6800609251485332,0.9317007276157682,0.8078750000000001,0.85,0.847682119205298,0.6815357142857263,0.9247830279652844,0.7407142857142858
11101,ablate_A_TF,0.35,0.86,0.79,0.81,0.22,0.6844703526060364,0.3966505693351981,0.7897979025898697,0.7174,0.7285714285714285,0.7307110438729199,0.44100000000000145,0.7918454935622318,0.6657142857142857
11101,ablate_I,0.82,0.35,0.79,0.81,0.22,0.6779813102181979,0.41255162726777345,0.7953083192917405,0.8078750000000001,0.7621428571428571,0.7762128325508607,0.5208571428571486,0.803088803088803,0.74
11101,ablate_C_T,0.82,0.86,0.35,0.81,0.22,0.6895916496278887,0.5778778023881708,0.8668351739360516,0.759475,0.8014285714285714,0.795751633986928,0.58842857142858,0.8807053941908713,0.6885714285714286
11101,ablate_R_C,0.82,0.86,0.79,0.35,0.22,0.6861521182245927,0.5749954750722087,0.8650054808107543,0.769925,0.7971428571428572,0.8072100313479624,0.5852142857142935,0.8727810650887574,0.7242857142857143
11101,ablate_low_Hself,0.82,0.86,0.79,0.81,0.65,0.6913508348669833,0.5793519996185321,0.8677709901158405,0.8788250000000001,0.835,0.8243451463790447,0.6301428571428686,0.8690476190476191,0.84
11101,single_superpower_A_TF,0.95,0.42,0.45,0.43,0.58,0.5037100675367299,0.3583897130523833,0.7411914916386123,0.82355,0.7371428571428571,0.7365930599369085,0.460035714285717,0.7738646895273401,0.7707142857142857
11102,full_D5,0.82,0.86,0.79,0.81,0.22,0.811528550296579,0.6800609251485332,0.9317007276157682,0.8078750000000001,0.85,0.8562197092084006,0.6863214285714413,0.9286412512218963,0.7307142857142858
11102,ablate_A_TF,0.35,0.86,0.79,0.81,0.22,0.6844703526060364,0.3966505693351981,0.7897979025898697,0.7174,0.7485714285714286,0.734375,0.4726428571428601,0.8131749460043196,0.6614285714285715
11102,ablate_I,0.82,0.35,0.79,0.81,0.22,0.6779813102181979,0.41255162726777345,0.7953083192917405,0.8078750000000001,0.7514285714285714,0.7612903225806451,0.5016071428571479,0.7925581395348837,0.7678571428571429
11102,ablate_C_T,0.82,0.86,0.35,0.81,0.22,0.6895916496278887,0.5778778023881708,0.8668351739360516,0.759475,0.7992857142857143,0.802610114192496,0.5917857142857236,0.8721649484536083,0.6928571428571428
11102,ablate_R_C,0.82,0.86,0.79,0.35,0.22,0.6861521182245927,0.5749954750722087,0.8650054808107543,0.769925,0.7828571428571428,0.7847896440129449,0.5565000000000085,0.8546168958742633,0.7271428571428571
11102,ablate_low_Hself,0.82,0.86,0.79,0.81,0.65,0.6913508348669833,0.5793519996185321,0.8677709901158405,0.8788250000000001,0.8221428571428572,0.8220064724919094,0.6236071428571557,0.8524590163934426,0.8278571428571428
11102,single_superpower_A_TF,0.95,0.42,0.45,0.43,0.58,0.5037100675367299,0.3583897130523833,0.7411914916386123,0.82355,0.7307142857142858,0.7418856259659969,0.4521785714285734,0.7444146559428061,0.7992857142857143
11103,full_D5,0.82,0.86,0.79,0.81,0.22,0.811528550296579,0.6800609251485332,0.9317007276157682,0.8078750000000001,0.865,0.8771384136858476,0.7147142857143001,0.9351145038167938,0.7485714285714286
11103,ablate_A_TF,0.35,0.86,0.79,0.81,0.22,0.6844703526060364,0.3966505693351981,0.7897979025898697,0.7174,0.7478571428571429,0.7747603833865815,0.5122142857142908,0.8037578288100209,0.6842857142857143
11103,ablate_I,0.82,0.35,0.79,0.81,0.22,0.6779813102181979,0.41255162726777345,0.7953083192917405,0.8078750000000001,0.75,0.7472,0.48682142857143273,0.7816968541468065,0.7492857142857143
11103,ablate_C_T,0.82,0.86,0.35,0.81,0.22,0.6895916496278887,0.5778778023881708,0.8668351739360516,0.759475,0.7957142857142857,0.8099838969404187,0.5917500000000084,0.8536831483350151,0.7078571428571429
11103,ablate_R_C,0.82,0.86,0.79,0.35,0.22,0.6861521182245927,0.5749954750722087,0.8650054808107543,0.769925,0.8171428571428572,0.8046511627906977,0.600821428571438,0.8751229105211407,0.7264285714285714
11103,ablate_low_Hself,0.82,0.86,0.79,0.81,0.65,0.6913508348669833,0.5793519996185321,0.8677709901158405,0.8788250000000001,0.8285714285714286,0.8413461538461539,0.6454642857142976,0.869751499571551,0.8335714285714285
11103,single_superpower_A_TF,0.95,0.42,0.45,0.43,0.58,0.5037100675367299,0.3583897130523833,0.7411914916386123,0.82355,0.7071428571428572,0.7249240121580547,0.41057142857142626,0.7283834586466166,0.76
11104,full_D5,0.82,0.86,0.79,0.81,0.22,0.811528550296579,0.6800609251485332,0.9317007276157682,0.8078750000000001,0.8707142857142857,0.8718801996672213,0.7220714285714431,0.9371534195933456,0.7728571428571429
11104,ablate_A_TF,0.35,0.86,0.79,0.81,0.22,0.6844703526060364,0.3966505693351981,0.7897979025898697,0.7174,0.7271428571428571,0.7126050420168067,0.44910714285714465,0.7798941798941799,0.675
11104,ablate_I,0.82,0.35,0.79,0.81,0.22,0.6779813102181979,0.41255162726777345,0.7953083192917405,0.8078750000000001,0.7521428571428571,0.7735849056603774,0.5084642857142904,0.7855126999059266,0.7592857142857142
11104,ablate_C_T,0.82,0.86,0.35,0.81,0.22,0.6895916496278887,0.5778778023881708,0.8668351739360516,0.759475,0.8035714285714286,0.7790143084260731,0.5696428571428654,0.8747474747474747,0.7071428571428572
11104,ablate_R_C,0.82,0.86,0.79,0.35,0.22,0.6861521182245927,0.5749954750722087,0.8650054808107543,0.769925,0.8071428571428572,0.7892918825561313,0.5965000000000098,0.8713163064833006,0.7271428571428571
11104,ablate_low_Hself,0.82,0.86,0.79,0.81,0.65,0.6913508348669833,0.5793519996185321,0.8677709901158405,0.8788250000000001,0.8428571428571429,0.8553654743390358,0.6686785714285853,0.88504753673293,0.8264285714285714
11104,single_superpower_A_TF,0.95,0.42,0.45,0.43,0.58,0.5037100675367299,0.3583897130523833,0.7411914916386123,0.82355,0.7121428571428572,0.7066869300911854,0.39835714285714047,0.7439024390243902,0.7614285714285715
11105,full_D5,0.82,0.86,0.79,0.81,0.22,0.811528550296579,0.6800609251485332,0.9317007276157682,0.8078750000000001,0.86,0.8460264900662252,0.6888571428571557,0.9375,0.7657142857142857
11105,ablate_A_TF,0.35,0.86,0.79,0.81,0.22,0.6844703526060364,0.3966505693351981,0.7897979025898697,0.7174,0.7392857142857143,0.7429906542056075,0.47025000000000283,0.7942122186495176,0.6664285714285715
11105,ablate_I,0.82,0.35,0.79,0.81,0.22,0.6779813102181979,0.41255162726777345,0.7953083192917405,0.8078750000000001,0.745,0.7351097178683386,0.466571428571431,0.7886100386100386,0.74
11105,ablate_C_T,0.82,0.86,0.35,0.81,0.22,0.6895916496278887,0.5778778023881708,0.8668351739360516,0.759475,0.8092857142857143,0.8118195956454122,0.600785714285723,0.8797595190380761,0.7128571428571429
11105,ablate_R_C,0.82,0.86,0.79,0.35,0.22,0.6861521182245927,0.5749954750722087,0.8650054808107543,0.769925,0.7907142857142857,0.780564263322884,0.5546428571428658,0.8465346534653465,0.7214285714285714
11105,ablate_low_Hself,0.82,0.86,0.79,0.81,0.65,0.6913508348669833,0.5793519996185321,0.8677709901158405,0.8788250000000001,0.8514285714285714,0.8536953242835595,0.671107142857156,0.88366124893071,0.835
11105,single_superpower_A_TF,0.95,0.42,0.45,0.43,0.58,0.5037100675367299,0.3583897130523833,0.7411914916386123,0.82355,0.7207142857142858,0.7234726688102894,0.43650000000000155,0.7448979591836735,0.77
11106,full_D5,0.82,0.86,0.79,0.81,0.22,0.811528550296579,0.6800609251485332,0.9317007276157682,0.8078750000000001,0.8664285714285714,0.868421052631579,0.7137500000000132,0.9209302325581395,0.7678571428571429
11106,ablate_A_TF,0.35,0.86,0.79,0.81,0.22,0.6844703526060364,0.3966505693351981,0.7897979025898697,0.7174,0.7328571428571429,0.7318952234206472,0.44964285714285707,0.7762886597938145,0.6928571428571428
11106,ablate_I,0.82,0.35,0.79,0.81,0.22,0.6779813102181979,0.41255162726777345,0.7953083192917405,0.8078750000000001,0.7542857142857143,0.7427652733118971,0.48675000000000407,0.7882676443629697,0.7792857142857142
11106,ablate_C_T,0.82,0.86,0.35,0.81,0.22,0.6895916496278887,0.5778778023881708,0.8668351739360516,0.759475,0.7842857142857143,0.8012718600953895,0.570071428571436,0.8396793587174348,0.7128571428571429
11106,ablate_R_C,0.82,0.86,0.79,0.35,0.22,0.6861521182245927,0.5749954750722087,0.8650054808107543,0.769925,0.805,0.8269230769230769,0.6140000000000093,0.8570038910505836,0.7342857142857143
11106,ablate_low_Hself,0.82,0.86,0.79,0.81,0.65,0.6913508348669833,0.5793519996185321,0.8677709901158405,0.8788250000000001,0.8328571428571429,0.8271604938271605,0.6317857142857252,0.8686956521739131,0.8214285714285714
11106,single_superpower_A_TF,0.95,0.42,0.45,0.43,0.58,0.5037100675367299,0.3583897130523833,0.7411914916386123,0.82355,0.7235714285714285,0.7302325581395349,0.43635714285714294,0.7338262476894639,0.7728571428571429
11107,full_D5,0.82,0.86,0.79,0.81,0.22,0.811528550296579,0.6800609251485332,0.9317007276157682,0.8078750000000001,0.8457142857142858,0.8317610062893082,0.6553571428571549,0.9276190476190476,0.75
11107,ablate_A_TF,0.35,0.86,0.79,0.81,0.22,0.6844703526060364,0.3966505693351981,0.7897979025898697,0.7174,0.73,0.7323943661971831,0.4515714285714301,0.7855648535564853,0.6828571428571428
11107,ablate_I,0.82,0.35,0.79,0.81,0.22,0.6779813102181979,0.41255162726777345,0.7953083192917405,0.8078750000000001,0.7428571428571429,0.7379421221864951,0.47225000000000356,0.7767265846736046,0.755
11107,ablate_C_T,0.82,0.86,0.35,0.81,0.22,0.6895916496278887,0.5778778023881708,0.8668351739360516,0.759475,0.7885714285714286,0.8074534161490683,0.5752500000000079,0.8568608094768015,0.7235714285714285
11107,ablate_R_C,0.82,0.86,0.79,0.35,0.22,0.6861521182245927,0.5749954750722087,0.8650054808107543,0.769925,0.8078571428571428,0.8178963893249608,0.6063571428571531,0.8672654690618763,0.7157142857142857
11107,ablate_low_Hself,0.82,0.86,0.79,0.81,0.65,0.6913508348669833,0.5793519996185321,0.8677709901158405,0.8788250000000001,0.8335714285714285,0.8578595317725752,0.6712142857142991,0.8647469458987783,0.8185714285714286
11107,single_superpower_A_TF,0.95,0.42,0.45,0.43,0.58,0.5037100675367299,0.3583897130523833,0.7411914916386123,0.82355,0.6807142857142857,0.6810730253353204,0.33657142857142264,0.7100371747211895,0.7685714285714286
11108,full_D5,0.82,0.86,0.79,0.81,0.22,0.811528550296579,0.6800609251485332,0.9317007276157682,0.8078750000000001,0.8664285714285714,0.8777089783281734,0.7153214285714432,0.9290382819794585,0.765
11108,ablate_A_TF,0.35,0.86,0.79,0.81,0.22,0.6844703526060364,0.3966505693351981,0.7897979025898697,0.7174,0.7371428571428571,0.7465007776049767,0.47032142857143105,0.7833859095688749,0.6792857142857143
11108,ablate_I,0.82,0.35,0.79,0.81,0.22,0.6779813102181979,0.41255162726777345,0.7953083192917405,0.8078750000000001,0.7342857142857143,0.7516339869281046,0.4794642857142888,0.7668246445497631,0.7535714285714286
11108,ablate_C_T,0.82,0.86,0.35,0.81,0.22,0.6895916496278887,0.5778778023881708,0.8668351739360516,0.759475,0.7985714285714286,0.7797716150081566,0.5707142857142934,0.863265306122449,0.7
11108,ablate_R_C,0.82,0.86,0.79,0.35,0.22,0.6861521182245927,0.5749954750722087,0.8650054808107543,0.769925,0.7821428571428571,0.7868589743589743,0.5568214285714365,0.8665318503538928,0.7064285714285714
11108,ablate_low_Hself,0.82,0.86,0.79,0.81,0.65,0.6913508348669833,0.5793519996185321,0.8677709901158405,0.8788250000000001,0.8278571428571428,0.8452950558213717,0.6483214285714411,0.8578901482127289,0.8192857142857143
11108,single_superpower_A_TF,0.95,0.42,0.45,0.43,0.58,0.5037100675367299,0.3583897130523833,0.7411914916386123,0.82355,0.7178571428571429,0.7166666666666667,0.4122142857142846,0.7411873840445269,0.77
11109,full_D5,0.82,0.86,0.79,0.81,0.22,0.811528550296579,0.6800609251485332,0.9317007276157682,0.8078750000000001,0.8578571428571429,0.8642172523961661,0.698285714285728,0.9307116104868914,0.7628571428571429
11109,ablate_A_TF,0.35,0.86,0.79,0.81,0.22,0.6844703526060364,0.3966505693351981,0.7897979025898697,0.7174,0.7407142857142858,0.7359882005899705,0.45185714285714607,0.7995689655172413,0.6628571428571428
11109,ablate_I,0.82,0.35,0.79,0.81,0.22,0.6779813102181979,0.41255162726777345,0.7953083192917405,0.8078750000000001,0.7542857142857143,0.7450657894736842,0.49507142857143305,0.7986767485822306,0.7557142857142857
11109,ablate_C_T,0.82,0.86,0.35,0.81,0.22,0.6895916496278887,0.5778778023881708,0.8668351739360516,0.759475,0.815,0.808868501529052,0.6003928571428667,0.8800792864222002,0.7207142857142858
11109,ablate_R_C,0.82,0.86,0.79,0.35,0.22,0.6861521182245927,0.5749954750722087,0.8650054808107543,0.769925,0.7792857142857142,0.7901430842607313,0.5539285714285782,0.8475728155339806,0.7357142857142858
11109,ablate_low_Hself,0.82,0.86,0.79,0.81,0.65,0.6913508348669833,0.5793519996185321,0.8677709901158405,0.8788250000000001,0.82,0.827217125382263,0.6176428571428669,0.856020942408377,0.8185714285714286
11109,single_superpower_A_TF,0.95,0.42,0.45,0.43,0.58,0.5037100675367299,0.3583897130523833,0.7411914916386123,0.82355,0.7264285714285714,0.7375,0.4481071428571451,0.7474370922646785,0.7664285714285715
11110,full_D5,0.82,0.86,0.79,0.81,0.22,0.811528550296579,0.6800609251485332,0.9317007276157682,0.8078750000000001,0.8557142857142858,0.8716744913928013,0.7002142857142991,0.9189944134078212,0.7671428571428571
11110,ablate_A_TF,0.35,0.86,0.79,0.81,0.22,0.6844703526060364,0.3966505693351981,0.7897979025898697,0.7174,0.7535714285714286,0.7472868217054264,0.48575000000000323,0.7906026557711952,0.6992857142857143
11110,ablate_I,0.82,0.35,0.79,0.81,0.22,0.6779813102181979,0.41255162726777345,0.7953083192917405,0.8078750000000001,0.7685714285714286,0.7478991596638656,0.5159285714285761,0.8044692737430168,0.7671428571428571
11110,ablate_C_T,0.82,0.86,0.35,0.81,0.22,0.6895916496278887,0.5778778023881708,0.8668351739360516,0.759475,0.81,0.8198473282442749,0.6067857142857231,0.8793814432989691,0.6928571428571428
11110,ablate_R_C,0.82,0.86,0.79,0.35,0.22,0.6861521182245927,0.5749954750722087,0.8650054808107543,0.769925,0.8,0.8072100313479624,0.5876428571428661,0.8693957115009746,0.7328571428571429
11110,ablate_low_Hself,0.82,0.86,0.79,0.81,0.65,0.6913508348669833,0.5793519996185321,0.8677709901158405,0.8788250000000001,0.8285714285714286,0.8035714285714286,0.6139285714285819,0.8641025641025641,0.8357142857142857
11110,single_superpower_A_TF,0.95,0.42,0.45,0.43,0.58,0.5037100675367299,0.3583897130523833,0.7411914916386123,0.82355,0.7142857142857143,0.710691823899371,0.4122857142857127,0.7381386861313869,0.7828571428571428
11111,full_D5,0.82,0.86,0.79,0.81,0.22,0.811528550296579,0.6800609251485332,0.9317007276157682,0.8078750000000001,0.8628571428571429,0.8477564102564102,0.6895714285714412,0.9306083650190115,0.7514285714285714
11111,ablate_A_TF,0.35,0.86,0.79,0.81,0.22,0.6844703526060364,0.3966505693351981,0.7897979025898697,0.7174,0.7535714285714286,0.7408536585365854,0.47628571428571737,0.8029045643153527,0.6885714285714286
11111,ablate_I,0.82,0.35,0.79,0.81,0.22,0.6779813102181979,0.41255162726777345,0.7953083192917405,0.8078750000000001,0.7442857142857143,0.7384868421052632,0.47957142857143253,0.785171102661597,0.7514285714285714
11111,ablate_C_T,0.82,0.86,0.35,0.81,0.22,0.6895916496278887,0.5778778023881708,0.8668351739360516,0.759475,0.8107142857142857,0.7950310559006211,0.5865357142857225,0.8776328986960883,0.7121428571428572
11111,ablate_R_C,0.82,0.86,0.79,0.35,0.22,0.6861521182245927,0.5749954750722087,0.8650054808107543,0.769925,0.8064285714285714,0.8041733547351525,0.5966785714285793,0.8721047331319235,0.7092857142857143
11111,ablate_low_Hself,0.82,0.86,0.79,0.81,0.65,0.6913508348669833,0.5793519996185321,0.8677709901158405,0.8788250000000001,0.8221428571428572,0.8250773993808049,0.6198571428571539,0.8505244755244755,0.8171428571428572
11111,single_superpower_A_TF,0.95,0.42,0.45,0.43,0.58,0.5037100675367299,0.3583897130523833,0.7411914916386123,0.82355,0.7107142857142857,0.7054263565891473,0.4004642857142838,0.734130634774609,0.7764285714285715
11112,full_D5,0.82,0.86,0.79,0.81,0.22,0.811528550296579,0.6800609251485332,0.9317007276157682,0.8078750000000001,0.8678571428571429,0.8705148205928237,0.7108571428571568,0.9330855018587361,0.7685714285714286
11112,ablate_A_TF,0.35,0.86,0.79,0.81,0.22,0.6844703526060364,0.3966505693351981,0.7897979025898697,0.7174,0.7292857142857143,0.7435456110154905,0.48300000000000304,0.7841880341880342,0.6685714285714286
11112,ablate_I,0.82,0.35,0.79,0.81,0.22,0.6779813102181979,0.41255162726777345,0.7953083192917405,0.8078750000000001,0.7714285714285715,0.7725806451612903,0.5322857142857204,0.8020833333333334,0.7542857142857143
11112,ablate_C_T,0.82,0.86,0.35,0.81,0.22,0.6895916496278887,0.5778778023881708,0.8668351739360516,0.759475,0.7921428571428571,0.7767295597484277,0.5544285714285792,0.8709016393442623,0.6971428571428572
11112,ablate_R_C,0.82,0.86,0.79,0.35,0.22,0.6861521182245927,0.5749954750722087,0.8650054808107543,0.769925,0.8221428571428572,0.8260869565217391,0.6257142857142969,0.8784313725490196,0.7285714285714285
11112,ablate_low_Hself,0.82,0.86,0.79,0.81,0.65,0.6913508348669833,0.5793519996185321,0.8677709901158405,0.8788250000000001,0.8385714285714285,0.8306709265175719,0.6458571428571553,0.8728373702422145,0.8257142857142857
11112,single_superpower_A_TF,0.95,0.42,0.45,0.43,0.58,0.5037100675367299,0.3583897130523833,0.7411914916386123,0.82355,0.7057142857142857,0.7193251533742331,0.4056428571428549,0.7245841035120147,0.7728571428571429
11113,full_D5,0.82,0.86,0.79,0.81,0.22,0.811528550296579,0.6800609251485332,0.9317007276157682,0.8078750000000001,0.8578571428571429,0.8484375,0.681035714285727,0.9355742296918768,0.765
11113,ablate_A_TF,0.35,0.86,0.79,0.81,0.22,0.6844703526060364,0.3966505693351981,0.7897979025898697,0.7174,0.7328571428571429,0.7357859531772575,0.4740000000000037,0.7823275862068966,0.6628571428571428
11113,ablate_I,0.82,0.35,0.79,0.81,0.22,0.6779813102181979,0.41255162726777345,0.7953083192917405,0.8078750000000001,0.7728571428571429,0.7704402515723271,0.5263571428571505,0.8050847457627118,0.7585714285714286
11113,ablate_C_T,0.82,0.86,0.35,0.81,0.22,0.6895916496278887,0.5778778023881708,0.8668351739360516,0.759475,0.8128571428571428,0.7900641025641025,0.5901428571428654,0.8775100401606426,0.7114285714285714
11113,ablate_R_C,0.82,0.86,0.79,0.35,0.22,0.6861521182245927,0.5749954750722087,0.8650054808107543,0.769925,0.7964285714285714,0.7806451612903226,0.5666785714285784,0.8620342396777442,0.7092857142857143
11113,ablate_low_Hself,0.82,0.86,0.79,0.81,0.65,0.6913508348669833,0.5793519996185321,0.8677709901158405,0.8788250000000001,0.8264285714285714,0.812199036918138,0.6183214285714397,0.8666085440278989,0.8192857142857143
11113,single_superpower_A_TF,0.95,0.42,0.45,0.43,0.58,0.5037100675367299,0.3583897130523833,0.7411914916386123,0.82355,0.6978571428571428,0.6754250386398764,0.35971428571427994,0.7294007490636704,0.7628571428571429
11114,full_D5,0.82,0.86,0.79,0.81,0.22,0.811528550296579,0.6800609251485332,0.9317007276157682,0.8078750000000001,0.8792857142857143,0.8841940532081377,0.7341785714285867,0.9365367180417045,0.7878571428571428
11114,ablate_A_TF,0.35,0.86,0.79,0.81,0.22,0.6844703526060364,0.3966505693351981,0.7897979025898697,0.7174,0.7357142857142858,0.7391975308641975,0.4602500000000017,0.8079748163693599,0.6807142857142857
11114,ablate_I,0.82,0.35,0.79,0.81,0.22,0.6779813102181979,0.41255162726777345,0.7953083192917405,0.8078750000000001,0.7657142857142857,0.7677725118483413,0.5179642857142911,0.8013245033112583,0.755
11114,ablate_C_T,0.82,0.86,0.35,0.81,0.22,0.6895916496278887,0.5778778023881708,0.8668351739360516,0.759475,0.81,0.8258064516129032,0.6192142857142954,0.8776908023483366,0.73
11114,ablate_R_C,0.82,0.86,0.79,0.35,0.22,0.6861521182245927,0.5749954750722087,0.8650054808107543,0.769925,0.8178571428571428,0.8012422360248447,0.5980000000000082,0.8696911196911197,0.74
11114,ablate_low_Hself,0.82,0.86,0.79,0.81,0.65,0.6913508348669833,0.5793519996185321,0.8677709901158405,0.8788250000000001,0.8242857142857143,0.8058727569331158,0.6136071428571527,0.8647936786654961,0.8135714285714286
11114,single_superpower_A_TF,0.95,0.42,0.45,0.43,0.58,0.5037100675367299,0.3583897130523833,0.7411914916386123,0.82355,0.7078571428571429,0.7147147147147147,0.39835714285714047,0.726078799249531,0.7614285714285715
11115,full_D5,0.82,0.86,0.79,0.81,0.22,0.811528550296579,0.6800609251485332,0.9317007276157682,0.8078750000000001,0.8585714285714285,0.8729641693811075,0.7098214285714423,0.9301435406698565,0.7464285714285714
11115,ablate_A_TF,0.35,0.86,0.79,0.81,0.22,0.6844703526060364,0.3966505693351981,0.7897979025898697,0.7174,0.7364285714285714,0.7083993660855784,0.43910714285714414,0.7896373056994819,0.6892857142857143
11115,ablate_I,0.82,0.35,0.79,0.81,0.22,0.6779813102181979,0.41255162726777345,0.7953083192917405,0.8078750000000001,0.7671428571428571,0.75,0.5139642857142919,0.7924701561065197,0.7778571428571428
11115,ablate_C_T,0.82,0.86,0.35,0.81,0.22,0.6895916496278887,0.5778778023881708,0.8668351739360516,0.759475,0.8028571428571428,0.8040435458786936,0.5873571428571527,0.8742454728370221,0.71
11115,ablate_R_C,0.82,0.86,0.79,0.35,0.22,0.6861521182245927,0.5749954750722087,0.8650054808107543,0.769925,0.8085714285714286,0.8229813664596274,0.609250000000009,0.8687561214495593,0.7292857142857143
11115,ablate_low_Hself,0.82,0.86,0.79,0.81,0.65,0.6913508348669833,0.5793519996185321,0.8677709901158405,0.8788250000000001,0.8142857142857143,0.8169014084507042,0.6056428571428667,0.8502581755593803,0.83
11115,single_superpower_A_TF,0.95,0.42,0.45,0.43,0.58,0.5037100675367299,0.3583897130523833,0.7411914916386123,0.82355,0.7164285714285714,0.7109004739336493,0.41739285714285673,0.7435897435897436,0.7521428571428571
11116,full_D5,0.82,0.86,0.79,0.81,0.22,0.811528550296579,0.6800609251485332,0.9317007276157682,0.8078750000000001,0.8778571428571429,0.8783570300157978,0.729250000000014,0.9398704902867715,0.7721428571428571
11116,ablate_A_TF,0.35,0.86,0.79,0.81,0.22,0.6844703526060364,0.3966505693351981,0.7897979025898697,0.7174,0.7164285714285714,0.7164404223227753,0.4137142857142851,0.7667364016736402,0.6828571428571428
11116,ablate_I,0.82,0.35,0.79,0.81,0.22,0.6779813102181979,0.41255162726777345,0.7953083192917405,0.8078750000000001,0.735,0.7596899224806202,0.4762500000000032,0.7684210526315789,0.7464285714285714
11116,ablate_C_T,0.82,0.86,0.35,0.81,0.22,0.6895916496278887,0.5778778023881708,0.8668351739360516,0.759475,0.7992857142857143,0.7881773399014779,0.5798571428571505,0.866869918699187,0.7028571428571428
11116,ablate_R_C,0.82,0.86,0.79,0.35,0.22,0.6861521182245927,0.5749954750722087,0.8650054808107543,0.769925,0.8185714285714286,0.8046875,0.6031071428571528,0.8760890609874153,0.7378571428571429
11116,ablate_low_Hself,0.82,0.86,0.79,0.81,0.65,0.6913508348669833,0.5793519996185321,0.8677709901158405,0.8788250000000001,0.8221428571428572,0.8303715670436187,0.6314285714285827,0.8614035087719298,0.8142857142857143
11116,single_superpower_A_TF,0.95,0.42,0.45,0.43,0.58,0.5037100675367299,0.3583897130523833,0.7411914916386123,0.82355,0.7114285714285714,0.7033333333333334,0.4181785714285709,0.7259395050412466,0.7792857142857142
11117,full_D5,0.82,0.86,0.79,0.81,0.22,0.811528550296579,0.6800609251485332,0.9317007276157682,0.8078750000000001,0.855,0.8580441640378549,0.6880714285714417,0.9283054003724395,0.7671428571428571
11117,ablate_A_TF,0.35,0.86,0.79,0.81,0.22,0.6844703526060364,0.3966505693351981,0.7897979025898697,0.7174,0.7578571428571429,0.7528089887640449,0.5035714285714333,0.8166666666666667,0.6857142857142857
11117,ablate_I,0.82,0.35,0.79,0.81,0.22,0.6779813102181979,0.41255162726777345,0.7953083192917405,0.8078750000000001,0.7742857142857142,0.7953125,0.5493571428571515,0.8052930056710775,0.7557142857142857
11117,ablate_C_T,0.82,0.86,0.35,0.81,0.22,0.6895916496278887,0.5778778023881708,0.8668351739360516,0.759475,0.7935714285714286,0.821939586645469,0.5983571428571511,0.8762677484787018,0.7042857142857143
11117,ablate_R_C,0.82,0.86,0.79,0.35,0.22,0.6861521182245927,0.5749954750722087,0.8650054808107543,0.769925,0.8042857142857143,0.8013245033112583,0.5971071428571514,0.8651348651348651,0.715
11117,ablate_low_Hself,0.82,0.86,0.79,0.81,0.65,0.6913508348669833,0.5793519996185321,0.8677709901158405,0.8788250000000001,0.8328571428571429,0.8219814241486069,0.6278571428571565,0.8728070175438597,0.8142857142857143
11117,single_superpower_A_TF,0.95,0.42,0.45,0.43,0.58,0.5037100675367299,0.3583897130523833,0.7411914916386123,0.82355,0.7178571428571429,0.7059748427672956,0.41232142857142645,0.7404651162790697,0.7678571428571429
11118,full_D5,0.82,0.86,0.79,0.81,0.22,0.811528550296579,0.6800609251485332,0.9317007276157682,0.8078750000000001,0.8728571428571429,0.8610662358642972,0.7125357142857274,0.9513822688274547,0.7492857142857143
11118,ablate_A_TF,0.35,0.86,0.79,0.81,0.22,0.6844703526060364,0.3966505693351981,0.7897979025898697,0.7174,0.7257142857142858,0.7378048780487805,0.4459642857142872,0.7712486883525709,0.6807142857142857
11118,ablate_I,0.82,0.35,0.79,0.81,0.22,0.6779813102181979,0.41255162726777345,0.7953083192917405,0.8078750000000001,0.7721428571428571,0.7810945273631841,0.545285714285722,0.8041044776119403,0.7657142857142857
11118,ablate_C_T,0.82,0.86,0.35,0.81,0.22,0.6895916496278887,0.5778778023881708,0.8668351739360516,0.759475,0.8192857142857143,0.8307692307692308,0.6259285714285818,0.8777120315581854,0.7242857142857143
11118,ablate_R_C,0.82,0.86,0.79,0.35,0.22,0.6861521182245927,0.5749954750722087,0.8650054808107543,0.769925,0.7864285714285715,0.802610114192496,0.5781071428571514,0.8549848942598187,0.7092857142857143
11118,ablate_low_Hself,0.82,0.86,0.79,0.81,0.65,0.6913508348669833,0.5793519996185321,0.8677709901158405,0.8788250000000001,0.8421428571428572,0.8369565217391305,0.6502142857142998,0.873083475298126,0.8385714285714285
11118,single_superpower_A_TF,0.95,0.42,0.45,0.43,0.58,0.5037100675367299,0.3583897130523833,0.7411914916386123,0.82355,0.6821428571428572,0.6907051282051282,0.3674999999999945,0.708256880733945,0.7785714285714286
11119,full_D5,0.82,0.86,0.79,0.81,0.22,0.811528550296579,0.6800609251485332,0.9317007276157682,0.8078750000000001,0.8542857142857143,0.85553772070626,0.6867142857142994,0.9194139194139194,0.78
11119,ablate_A_TF,0.35,0.86,0.79,0.81,0.22,0.6844703526060364,0.3966505693351981,0.7897979025898697,0.7174,0.7257142857142858,0.7417763157894737,0.4693571428571454,0.7951002227171492,0.6414285714285715
11119,ablate_I,0.82,0.35,0.79,0.81,0.22,0.6779813102181979,0.41255162726777345,0.7953083192917405,0.8078750000000001,0.7664285714285715,0.7694656488549618,0.5118214285714335,0.8044077134986226,0.7778571428571428
11119,ablate_C_T,0.82,0.86,0.35,0.81,0.22,0.6895916496278887,0.5778778023881708,0.8668351739360516,0.759475,0.8028571428571428,0.8055987558320373,0.5888571428571511,0.8669354838709677,0.7085714285714285
11119,ablate_R_C,0.82,0.86,0.79,0.35,0.22,0.6861521182245927,0.5749954750722087,0.8650054808107543,0.769925,0.8021428571428572,0.8043143297380585,0.585035714285724,0.8728728728728729,0.7135714285714285
11119,ablate_low_Hself,0.82,0.86,0.79,0.81,0.65,0.6913508348669833,0.5793519996185321,0.8677709901158405,0.8788250000000001,0.82,0.8330827067669173,0.620428571428584,0.8571428571428571,0.82
11119,single_superpower_A_TF,0.95,0.42,0.45,0.43,0.58,0.5037100675367299,0.3583897130523833,0.7411914916386123,0.82355,0.7064285714285714,0.7070063694267515,0.40428571428571136,0.7290909090909091,0.7857142857142857
11120,full_D5,0.82,0.86,0.79,0.81,0.22,0.811528550296579,0.6800609251485332,0.9317007276157682,0.8078750000000001,0.8492857142857143,0.8619582664526485,0.6890000000000125,0.9274809160305344,0.7485714285714286
11120,ablate_A_TF,0.35,0.86,0.79,0.81,0.22,0.6844703526060364,0.3966505693351981,0.7897979025898697,0.7174,0.7364285714285714,0.7377300613496932,0.4585000000000008,0.7834394904458599,0.6728571428571428
11120,ablate_I,0.82,0.35,0.79,0.81,0.22,0.6779813102181979,0.41255162726777345,0.7953083192917405,0.8078750000000001,0.7464285714285714,0.747457627118644,0.49585714285714727,0.7926136363636364,0.7542857142857143
11120,ablate_C_T,0.82,0.86,0.35,0.81,0.22,0.6895916496278887,0.5778778023881708,0.8668351739360516,0.759475,0.7842857142857143,0.7881219903691814,0.5603214285714361,0.8496468213925328,0.7078571428571429
11120,ablate_R_C,0.82,0.86,0.79,0.35,0.22,0.6861521182245927,0.5749954750722087,0.8650054808107543,0.769925,0.7978571428571428,0.8037383177570093,0.5815714285714373,0.8503937007874016,0.7257142857142858
11120,ablate_low_Hself,0.82,0.86,0.79,0.81,0.65,0.6913508348669833,0.5793519996185321,0.8677709901158405,0.8788250000000001,0.8278571428571428,0.810064935064935,0.6193571428571548,0.8704663212435233,0.8271428571428572
11120,single_superpower_A_TF,0.95,0.42,0.45,0.43,0.58,0.5037100675367299,0.3583897130523833,0.7411914916386123,0.82355,0.7028571428571428,0.6846153846153846,0.37171428571428056,0.7220149253731343,0.7657142857142857
11121,full_D5,0.82,0.86,0.79,0.81,0.22,0.811528550296579,0.6800609251485332,0.9317007276157682,0.8078750000000001,0.8692857142857143,0.8875838926174496,0.7355714285714429,0.931390977443609,0.76
11121,ablate_A_TF,0.35,0.86,0.79,0.81,0.22,0.6844703526060364,0.3966505693351981,0.7897979025898697,0.7174,0.7307142857142858,0.7251908396946565,0.4404642857142859,0.7896440129449838,0.6621428571428571
11121,ablate_I,0.82,0.35,0.79,0.81,0.22,0.6779813102181979,0.41255162726777345,0.7953083192917405,0.8078750000000001,0.7571428571428571,0.7899022801302932,0.5360000000000098,0.810077519379845,0.7371428571428571
11121,ablate_C_T,0.82,0.86,0.35,0.81,0.22,0.6895916496278887,0.5778778023881708,0.8668351739360516,0.759475,0.7885714285714286,0.7993527508090615,0.5755357142857226,0.8587064676616916,0.7178571428571429
11121,ablate_R_C,0.82,0.86,0.79,0.35,0.22,0.6861521182245927,0.5749954750722087,0.8650054808107543,0.769925,0.8064285714285714,0.802710843373494,0.5823571428571513,0.8588007736943907,0.7385714285714285
11121,ablate_low_Hself,0.82,0.86,0.79,0.81,0.65,0.6913508348669833,0.5793519996185321,0.8677709901158405,0.8788250000000001,0.835,0.8438485804416404,0.6522500000000129,0.8694900605012964,0.8264285714285714
11121,single_superpower_A_TF,0.95,0.42,0.45,0.43,0.58,0.5037100675367299,0.3583897130523833,0.7411914916386123,0.82355,0.7242857142857143,0.7165605095541401,0.4314642857142859,0.7479147358665431,0.7707142857142857
11122,full_D5,0.82,0.86,0.79,0.81,0.22,0.811528550296579,0.6800609251485332,0.9317007276157682,0.8078750000000001,0.8364285714285714,0.8349056603773585,0.6491071428571538,0.9205741626794258,0.7464285714285714
11122,ablate_A_TF,0.35,0.86,0.79,0.81,0.22,0.6844703526060364,0.3966505693351981,0.7897979025898697,0.7174,0.7135714285714285,0.7106060606060606,0.40771428571428486,0.7619047619047619,0.66
11122,ablate_I,0.82,0.35,0.79,0.81,0.22,0.6779813102181979,0.41255162726777345,0.7953083192917405,0.8078750000000001,0.7678571428571429,0.7583333333333333,0.5226428571428624,0.801125703564728,0.7614285714285715
11122,ablate_C_T,0.82,0.86,0.35,0.81,0.22,0.6895916496278887,0.5778778023881708,0.8668351739360516,0.759475,0.7914285714285715,0.789983844911147,0.570142857142866,0.8624497991967871,0.7114285714285714
11122,ablate_R_C,0.82,0.86,0.79,0.35,0.22,0.6861521182245927,0.5749954750722087,0.8650054808107543,0.769925,0.81,0.8378812199036918,0.6283928571428675,0.8746411483253589,0.7464285714285714
11122,ablate_low_Hself,0.82,0.86,0.79,0.81,0.65,0.6913508348669833,0.5793519996185321,0.8677709901158405,0.8788250000000001,0.8457142857142858,0.86084142394822,0.6812857142857279,0.8874570446735395,0.8314285714285714
11122,single_superpower_A_TF,0.95,0.42,0.45,0.43,0.58,0.5037100675367299,0.3583897130523833,0.7411914916386123,0.82355,0.7071428571428572,0.7123076923076923,0.40167857142856794,0.7315936626281454,0.7664285714285715
11123,full_D5,0.82,0.86,0.79,0.81,0.22,0.811528550296579,0.6800609251485332,0.9317007276157682,0.8078750000000001,0.8607142857142858,0.8432267884322678,0.6759285714285838,0.937381404174573,0.7528571428571429
11123,ablate_A_TF,0.35,0.86,0.79,0.81,0.22,0.6844703526060364,0.3966505693351981,0.7897979025898697,0.7174,0.7192857142857143,0.713166144200627,0.4252857142857137,0.7554824561403509,0.6514285714285715
11123,ablate_I,0.82,0.35,0.79,0.81,0.22,0.6779813102181979,0.41255162726777345,0.7953083192917405,0.8078750000000001,0.7471428571428571,0.7606973058637084,0.4942857142857177,0.7778846153846154,0.7428571428571429
11123,ablate_C_T,0.82,0.86,0.35,0.81,0.22,0.6895916496278887,0.5778778023881708,0.8668351739360516,0.759475,0.8057142857142857,0.7987421383647799,0.5868571428571507,0.8740079365079365,0.72
11123,ablate_R_C,0.82,0.86,0.79,0.35,0.22,0.6861521182245927,0.5749954750722087,0.8650054808107543,0.769925,0.8021428571428572,0.7984251968503937,0.5847500000000064,0.8645294725956567,0.6907142857142857
11123,ablate_low_Hself,0.82,0.86,0.79,0.81,0.65,0.6913508348669833,0.5793519996185321,0.8677709901158405,0.8788250000000001,0.8257142857142857,0.8174474959612278,0.6229285714285824,0.8618307426597582,0.8271428571428572
11123,single_superpower_A_TF,0.95,0.42,0.45,0.43,0.58,0.5037100675367299,0.3583897130523833,0.7411914916386123,0.82355,0.7078571428571429,0.7052980132450332,0.4146428571428548,0.7293577981651376,0.7785714285714286
11124,full_D5,0.82,0.86,0.79,0.81,0.22,0.811528550296579,0.6800609251485332,0.9317007276157682,0.8078750000000001,0.8528571428571429,0.8390243902439024,0.6740000000000109,0.9341603053435115,0.7485714285714286
11124,ablate_A_TF,0.35,0.86,0.79,0.81,0.22,0.6844703526060364,0.3966505693351981,0.7897979025898697,0.7174,0.7528571428571429,0.7629513343799058,0.5033571428571472,0.7991543340380549,0.6757142857142857
11124,ablate_I,0.82,0.35,0.79,0.81,0.22,0.6779813102181979,0.41255162726777345,0.7953083192917405,0.8078750000000001,0.7564285714285715,0.7649842271293376,0.5063214285714326,0.7938638542665388,0.745
11124,ablate_C_T,0.82,0.86,0.35,0.81,0.22,0.6895916496278887,0.5778778023881708,0.8668351739360516,0.759475,0.8014285714285714,0.7977883096366508,0.5826785714285813,0.8706467661691543,0.7178571428571429
11124,ablate_R_C,0.82,0.86,0.79,0.35,0.22,0.6861521182245927,0.5749954750722087,0.8650054808107543,0.769925,0.8235714285714286,0.8043818466353677,0.6092857142857245,0.888,0.7142857142857143
11124,ablate_low_Hself,0.82,0.86,0.79,0.81,0.65,0.6913508348669833,0.5793519996185321,0.8677709901158405,0.8788250000000001,0.8392857142857143,0.8380952380952381,0.652857142857156,0.8771929824561403,0.8142857142857143
11124,single_superpower_A_TF,0.95,0.42,0.45,0.43,0.58,0.5037100675367299,0.3583897130523833,0.7411914916386123,0.82355,0.7128571428571429,0.705607476635514,0.4043214285714269,0.7386468952734013,0.7707142857142857
11125,full_D5,0.82,0.86,0.79,0.81,0.22,0.811528550296579,0.6800609251485332,0.9317007276157682,0.8078750000000001,0.8571428571428571,0.83125,0.6660000000000118,0.935077519379845,0.7371428571428571
11125,ablate_A_TF,0.35,0.86,0.79,0.81,0.22,0.6844703526060364,0.3966505693351981,0.7897979025898697,0.7174,0.76,0.7674418604651163,0.5111428571428622,0.8078512396694215,0.6914285714285714
11125,ablate_I,0.82,0.35,0.79,0.81,0.22,0.6779813102181979,0.41255162726777345,0.7953083192917405,0.8078750000000001,0.7714285714285715,0.7698541329011345,0.5306071428571499,0.8071495766698025,0.7592857142857142
11125,ablate_C_T,0.82,0.86,0.35,0.81,0.22,0.6895916496278887,0.5778778023881708,0.8668351739360516,0.759475,0.7978571428571428,0.8012519561815337,0.5803571428571526,0.8702970297029703,0.7214285714285714
11125,ablate_R_C,0.82,0.86,0.79,0.35,0.22,0.6861521182245927,0.5749954750722087,0.8650054808107543,0.769925,0.8042857142857143,0.8044515103338633,0.5929285714285809,0.8787575150300602,0.7128571428571429
11125,ablate_low_Hself,0.82,0.86,0.79,0.81,0.65,0.6913508348669833,0.5793519996185321,0.8677709901158405,0.8788250000000001,0.8321428571428572,0.8387622149837134,0.6497857142857255,0.87521815008726,0.8185714285714286
11125,single_superpower_A_TF,0.95,0.42,0.45,0.43,0.58,0.5037100675367299,0.3583897130523833,0.7411914916386123,0.82355,0.7107142857142857,0.7078651685393258,0.411714285714285,0.7454212454212454,0.78
11126,full_D5,0.82,0.86,0.79,0.81,0.22,0.811528550296579,0.6800609251485332,0.9317007276157682,0.8078750000000001,0.865,0.8452768729641694,0.6921785714285847,0.9422521655437921,0.7421428571428571
11126,ablate_A_TF,0.35,0.86,0.79,0.81,0.22,0.6844703526060364,0.3966505693351981,0.7897979025898697,0.7174,0.74,0.7444794952681388,0.47478571428571725,0.7896405919661733,0.6757142857142857
11126,ablate_I,0.82,0.35,0.79,0.81,0.22,0.6779813102181979,0.41255162726777345,0.7953083192917405,0.8078750000000001,0.7628571428571429,0.7758064516129032,0.5258571428571489,0.7946096654275093,0.7685714285714286
11126,ablate_C_T,0.82,0.86,0.35,0.81,0.22,0.6895916496278887,0.5778778023881708,0.8668351739360516,0.759475,0.7892857142857143,0.7913322632423756,0.5673928571428661,0.8588351431391905,0.7235714285714285
11126,ablate_R_C,0.82,0.86,0.79,0.35,0.22,0.6861521182245927,0.5749954750722087,0.8650054808107543,0.769925,0.8042857142857143,0.8094534711964549,0.5838571428571516,0.8695652173913043,0.7228571428571429
11126,ablate_low_Hself,0.82,0.86,0.79,0.81,0.65,0.6913508348669833,0.5793519996185321,0.8677709901158405,0.8788250000000001,0.8321428571428572,0.8248772504091653,0.6377857142857268,0.8760757314974182,0.83
11126,single_superpower_A_TF,0.95,0.42,0.45,0.43,0.58,0.5037100675367299,0.3583897130523833,0.7411914916386123,0.82355,0.7135714285714285,0.7232,0.4291071428571427,0.7397129186602871,0.7464285714285714
11127,full_D5,0.82,0.86,0.79,0.81,0.22,0.811528550296579,0.6800609251485332,0.9317007276157682,0.8078750000000001,0.8714285714285714,0.8659305993690851,0.711750000000014,0.945845004668534,0.765
11127,ablate_A_TF,0.35,0.86,0.79,0.81,0.22,0.6844703526060364,0.3966505693351981,0.7897979025898697,0.7174,0.7471428571428571,0.7532467532467533,0.49703571428571813,0.7973997833152763,0.6592857142857143
11127,ablate_I,0.82,0.35,0.79,0.81,0.22,0.6779813102181979,0.41255162726777345,0.7953083192917405,0.8078750000000001,0.77,0.7693498452012384,0.5200357142857207,0.8123195380173244,0.7421428571428571
11127,ablate_C_T,0.82,0.86,0.35,0.81,0.22,0.6895916496278887,0.5778778023881708,0.8668351739360516,0.759475,0.7892857142857143,0.8012924071082391,0.5781785714285796,0.8627648839556004,0.7078571428571429
11127,ablate_R_C,0.82,0.86,0.79,0.35,0.22,0.6861521182245927,0.5749954750722087,0.8650054808107543,0.769925,0.8085714285714286,0.7969798657718121,0.5987500000000113,0.8618357487922705,0.7392857142857143
11127,ablate_low_Hself,0.82,0.86,0.79,0.81,0.65,0.6913508348669833,0.5793519996185321,0.8677709901158405,0.8788250000000001,0.8278571428571428,0.8484848484848485,0.6505714285714416,0.8676975945017182,0.8314285714285714
11127,single_superpower_A_TF,0.95,0.42,0.45,0.43,0.58,0.5037100675367299,0.3583897130523833,0.7411914916386123,0.82355,0.7171428571428572,0.7124802527646129,0.417821428571428,0.7520435967302452,0.7864285714285715
11128,full_D5,0.82,0.86,0.79,0.81,0.22,0.811528550296579,0.6800609251485332,0.9317007276157682,0.8078750000000001,0.86,0.85625,0.6903571428571554,0.9327102803738317,0.7642857142857142
11128,ablate_A_TF,0.35,0.86,0.79,0.81,0.22,0.6844703526060364,0.3966505693351981,0.7897979025898697,0.7174,0.7192857142857143,0.7327188940092166,0.436607142857143,0.7507853403141361,0.6821428571428572
11128,ablate_I,0.82,0.35,0.79,0.81,0.22,0.6779813102181979,0.41255162726777345,0.7953083192917405,0.8078750000000001,0.7685714285714286,0.7751572327044025,0.5269642857142909,0.8028708133971292,0.7464285714285714
11128,ablate_C_T,0.82,0.86,0.35,0.81,0.22,0.6895916496278887,0.5778778023881708,0.8668351739360516,0.759475,0.8071428571428572,0.7869634340222575,0.579035714285724,0.8636806231742941,0.7335714285714285
11128,ablate_R_C,0.82,0.86,0.79,0.35,0.22,0.6861521182245927,0.5749954750722087,0.8650054808107543,0.769925,0.7985714285714286,0.7974068071312804,0.5836071428571507,0.8577036310107949,0.7278571428571429
11128,ablate_low_Hself,0.82,0.86,0.79,0.81,0.65,0.6913508348669833,0.5793519996185321,0.8677709901158405,0.8788250000000001,0.8392857142857143,0.822289156626506,0.6293571428571543,0.8825561312607945,0.8271428571428572
11128,single_superpower_A_TF,0.95,0.42,0.45,0.43,0.58,0.5037100675367299,0.3583897130523833,0.7411914916386123,0.82355,0.7114285714285714,0.7375201288244766,0.44032142857142925,0.734827264239029,0.765
11129,full_D5,0.82,0.86,0.79,0.81,0.22,0.811528550296579,0.6800609251485332,0.9317007276157682,0.8078750000000001,0.8535714285714285,0.843939393939394,0.6692142857142972,0.927063339731286,0.7442857142857143
11129,ablate_A_TF,0.35,0.86,0.79,0.81,0.22,0.6844703526060364,0.3966505693351981,0.7897979025898697,0.7174,0.7328571428571429,0.7274220032840722,0.461607142857145,0.7842931937172775,0.6821428571428572
11129,ablate_I,0.82,0.35,0.79,0.81,0.22,0.6779813102181979,0.41255162726777345,0.7953083192917405,0.8078750000000001,0.7635714285714286,0.7784711388455539,0.5231785714285772,0.8087535680304472,0.7507142857142857
11129,ablate_C_T,0.82,0.86,0.35,0.81,0.22,0.6895916496278887,0.5778778023881708,0.8668351739360516,0.759475,0.8107142857142857,0.8333333333333334,0.6238928571428682,0.8839556004036327,0.7078571428571429
11129,ablate_R_C,0.82,0.86,0.79,0.35,0.22,0.6861521182245927,0.5749954750722087,0.8650054808107543,0.769925,0.8057142857142857,0.7967213114754098,0.5926785714285815,0.8587064676616916,0.7178571428571429
11129,ablate_low_Hself,0.82,0.86,0.79,0.81,0.65,0.6913508348669833,0.5793519996185321,0.8677709901158405,0.8788250000000001,0.8335714285714285,0.82642089093702,0.6310714285714416,0.8773913043478261,0.8214285714285714
11129,single_superpower_A_TF,0.95,0.42,0.45,0.43,0.58,0.5037100675367299,0.3583897130523833,0.7411914916386123,0.82355,0.7085714285714285,0.711864406779661,0.40282142857142594,0.7335800185013877,0.7721428571428571
11130,full_D5,0.82,0.86,0.79,0.81,0.22,0.811528550296579,0.6800609251485332,0.9317007276157682,0.8078750000000001,0.8642857142857143,0.873581847649919,0.7150000000000135,0.9377358490566038,0.7571428571428571
11130,ablate_A_TF,0.35,0.86,0.79,0.81,0.22,0.6844703526060364,0.3966505693351981,0.7897979025898697,0.7174,0.7457142857142857,0.7606060606060606,0.4865357142857166,0.7833511205976521,0.6692857142857143
11130,ablate_I,0.82,0.35,0.79,0.81,0.22,0.6779813102181979,0.41255162726777345,0.7953083192917405,0.8078750000000001,0.7614285714285715,0.7733537519142419,0.5123571428571482,0.7884250474383302,0.7528571428571429
11130,ablate_C_T,0.82,0.86,0.35,0.81,0.22,0.6895916496278887,0.5778778023881708,0.8668351739360516,0.759475,0.8092857142857143,0.819935691318328,0.613142857142867,0.8606719367588933,0.7228571428571429
11130,ablate_R_C,0.82,0.86,0.79,0.35,0.22,0.6861521182245927,0.5749954750722087,0.8650054808107543,0.769925,0.8164285714285714,0.8285256410256411,0.6275714285714394,0.876984126984127,0.72
11130,ablate_low_Hself,0.82,0.86,0.79,0.81,0.65,0.6913508348669833,0.5793519996185321,0.8677709901158405,0.8788250000000001,0.83,0.8471337579617835,0.6516785714285858,0.8716392020815265,0.8235714285714286
11130,single_superpower_A_TF,0.95,0.42,0.45,0.43,0.58,0.5037100675367299,0.3583897130523833,0.7411914916386123,0.82355,0.7192857142857143,0.7390599675850892,0.4510000000000032,0.746268656716418,0.7657142857142857
11131,full_D5,0.82,0.86,0.79,0.81,0.22,0.811528550296579,0.6800609251485332,0.9317007276157682,0.8078750000000001,0.8514285714285714,0.8603896103896104,0.6902500000000135,0.9226467847157502,0.7664285714285715
11131,ablate_A_TF,0.35,0.86,0.79,0.81,0.22,0.6844703526060364,0.3966505693351981,0.7897979025898697,0.7174,0.76,0.745398773006135,0.48853571428571707,0.8043704474505723,0.6864285714285714
11131,ablate_I,0.82,0.35,0.79,0.81,0.22,0.6779813102181979,0.41255162726777345,0.7953083192917405,0.8078750000000001,0.7621428571428571,0.7602040816326531,0.5222857142857191,0.7992565055762082,0.7685714285714286
11131,ablate_C_T,0.82,0.86,0.35,0.81,0.22,0.6895916496278887,0.5778778023881708,0.8668351739360516,0.759475,0.8028571428571428,0.815112540192926,0.6036071428571526,0.8723186925434117,0.6992857142857143
11131,ablate_R_C,0.82,0.86,0.79,0.35,0.22,0.6861521182245927,0.5749954750722087,0.8650054808107543,0.769925,0.8121428571428572,0.8359788359788359,0.6423928571428681,0.8760890609874153,0.7378571428571429
11131,ablate_low_Hself,0.82,0.86,0.79,0.81,0.65,0.6913508348669833,0.5793519996185321,0.8677709901158405,0.8788250000000001,0.8378571428571429,0.8441358024691358,0.6522857142857268,0.8719723183391004,0.8257142857142857
11131,single_superpower_A_TF,0.95,0.42,0.45,0.43,0.58,0.5037100675367299,0.3583897130523833,0.7411914916386123,0.82355,0.7142857142857143,0.7069486404833837,0.3985714285714281,0.7305555555555555,0.7714285714285715
11132,full_D5,0.82,0.86,0.79,0.81,0.22,0.811528550296579,0.6800609251485332,0.9317007276157682,0.8078750000000001,0.865,0.8717532467532467,0.7143571428571568,0.9347826086956522,0.7557142857142857
11132,ablate_A_TF,0.35,0.86,0.79,0.81,0.22,0.6844703526060364,0.3966505693351981,0.7897979025898697,0.7174,0.7242857142857143,0.7073170731707317,0.43342857142857255,0.7923728813559322,0.6742857142857143
11132,ablate_I,0.82,0.35,0.79,0.81,0.22,0.6779813102181979,0.41255162726777345,0.7953083192917405,0.8078750000000001,0.7678571428571429,0.7806748466257669,0.5266071428571488,0.81256038647343,0.7392857142857143
11132,ablate_C_T,0.82,0.86,0.35,0.81,0.22,0.6895916496278887,0.5778778023881708,0.8668351739360516,0.759475,0.8014285714285714,0.7984,0.5872142857142948,0.8820459290187892,0.6842857142857143
11132,ablate_R_C,0.82,0.86,0.79,0.35,0.22,0.6861521182245927,0.5749954750722087,0.8650054808107543,0.769925,0.7864285714285715,0.7873376623376623,0.5627857142857224,0.860078277886497,0.73
11132,ablate_low_Hself,0.82,0.86,0.79,0.81,0.65,0.6913508348669833,0.5793519996185321,0.8677709901158405,0.8788250000000001,0.8478571428571429,0.8600953895071543,0.680321428571442,0.8864218616567037,0.8364285714285714
11132,single_superpower_A_TF,0.95,0.42,0.45,0.43,0.58,0.5037100675367299,0.3583897130523833,0.7411914916386123,0.82355,0.735,0.7308347529812607,0.47007142857143197,0.7395264116575592,0.7842857142857143
11133,full_D5,0.82,0.86,0.79,0.81,0.22,0.811528550296579,0.6800609251485332,0.9317007276157682,0.8078750000000001,0.8721428571428571,0.8790849673202614,0.7292142857142996,0.9376199616122841,0.7442857142857143
11133,ablate_A_TF,0.35,0.86,0.79,0.81,0.22,0.6844703526060364,0.3966505693351981,0.7897979025898697,0.7174,0.735,0.7421383647798742,0.4667142857142887,0.7804621848739496,0.68
11133,ablate_I,0.82,0.35,0.79,0.81,0.22,0.6779813102181979,0.41255162726777345,0.7953083192917405,0.8078750000000001,0.7471428571428571,0.7440381558028617,0.4788571428571465,0.7863805970149254,0.7657142857142857
11133,ablate_C_T,0.82,0.86,0.35,0.81,0.22,0.6895916496278887,0.5778778023881708,0.8668351739360516,0.759475,0.8035714285714286,0.8232484076433121,0.609678571428581,0.8725985844287159,0.7064285714285714
11133,ablate_R_C,0.82,0.86,0.79,0.35,0.22,0.6861521182245927,0.5749954750722087,0.8650054808107543,0.769925,0.7935714285714286,0.8102893890675241,0.5887500000000091,0.8620689655172413,0.725
11133,ablate_low_Hself,0.82,0.86,0.79,0.81,0.65,0.6913508348669833,0.5793519996185321,0.8677709901158405,0.8788250000000001,0.8307142857142857,0.8285714285714286,0.6345714285714414,0.8686006825938567,0.8371428571428572
11133,single_superpower_A_TF,0.95,0.42,0.45,0.43,0.58,0.5037100675367299,0.3583897130523833,0.7411914916386123,0.82355,0.6971428571428572,0.6864686468646864,0.3871785714285683,0.7164040778498609,0.7707142857142857
11134,full_D5,0.82,0.86,0.79,0.81,0.22,0.811528550296579,0.6800609251485332,0.9317007276157682,0.8078750000000001,0.8557142857142858,0.8573770491803279,0.6934285714285839,0.931390977443609,0.76
11134,ablate_A_TF,0.35,0.86,0.79,0.81,0.22,0.6844703526060364,0.3966505693351981,0.7897979025898697,0.7174,0.7271428571428571,0.743801652892562,0.471785714285718,0.7926315789473685,0.6785714285714286
11134,ablate_I,0.82,0.35,0.79,0.81,0.22,0.6779813102181979,0.41255162726777345,0.7953083192917405,0.8078750000000001,0.7464285714285714,0.7515337423312883,0.47785714285714626,0.8048076923076923,0.7428571428571429
11134,ablate_C_T,0.82,0.86,0.35,0.81,0.22,0.6895916496278887,0.5778778023881708,0.8668351739360516,0.759475,0.7964285714285714,0.7781201848998459,0.5553214285714353,0.8668012108980827,0.7078571428571429
11134,ablate_R_C,0.82,0.86,0.79,0.35,0.22,0.6861521182245927,0.5749954750722087,0.8650054808107543,0.769925,0.795,0.7846385542168675,0.5543928571428651,0.8662733529990168,0.7264285714285714
11134,ablate_low_Hself,0.82,0.86,0.79,0.81,0.65,0.6913508348669833,0.5793519996185321,0.8677709901158405,0.8788250000000001,0.8335714285714285,0.8207547169811321,0.6298571428571536,0.8671328671328671,0.8171428571428572
11134,single_superpower_A_TF,0.95,0.42,0.45,0.43,0.58,0.5037100675367299,0.3583897130523833,0.7411914916386123,0.82355,0.7171428571428572,0.7390599675850892,0.4476785714285724,0.7375565610859729,0.7892857142857143
11135,full_D5,0.82,0.86,0.79,0.81,0.22,0.811528550296579,0.6800609251485332,0.9317007276157682,0.8078750000000001,0.8307142857142857,0.8325123152709359,0.6481785714285827,0.9214354995150339,0.7364285714285714
11135,ablate_A_TF,0.35,0.86,0.79,0.81,0.22,0.6844703526060364,0.3966505693351981,0.7897979025898697,0.7174,0.7428571428571429,0.7389312977099237,0.46642857142857336,0.7966666666666666,0.6428571428571429
11135,ablate_I,0.82,0.35,0.79,0.81,0.22,0.6779813102181979,0.41255162726777345,0.7953083192917405,0.8078750000000001,0.7564285714285715,0.7393364928909952,0.48339285714286023,0.7885167464114833,0.7464285714285714
11135,ablate_C_T,0.82,0.86,0.35,0.81,0.22,0.6895916496278887,0.5778778023881708,0.8668351739360516,0.759475,0.8085714285714286,0.8053375196232339,0.5954642857142948,0.8798411122144985,0.7192857142857143
11135,ablate_R_C,0.82,0.86,0.79,0.35,0.22,0.6861521182245927,0.5749954750722087,0.8650054808107543,0.769925,0.7857142857142857,0.7649842271293376,0.5372500000000069,0.8535606820461384,0.7121428571428572
11135,ablate_low_Hself,0.82,0.86,0.79,0.81,0.65,0.6913508348669833,0.5793519996185321,0.8677709901158405,0.8788250000000001,0.8314285714285714,0.8279932546374368,0.6443928571428698,0.874675885911841,0.8264285714285714
11135,single_superpower_A_TF,0.95,0.42,0.45,0.43,0.58,0.5037100675367299,0.3583897130523833,0.7411914916386123,0.82355,0.7357142857142858,0.7345971563981043,0.4577500000000014,0.7544684854186265,0.7592857142857142
11136,full_D5,0.82,0.86,0.79,0.81,0.22,0.811528550296579,0.6800609251485332,0.9317007276157682,0.8078750000000001,0.8628571428571429,0.8536209553158706,0.6890000000000129,0.9325842696629213,0.7628571428571429
11136,ablate_A_TF,0.35,0.86,0.79,0.81,0.22,0.6844703526060364,0.3966505693351981,0.7897979025898697,0.7174,0.7221428571428572,0.7229299363057324,0.439571428571428,0.7878151260504201,0.68
11136,ablate_I,0.82,0.35,0.79,0.81,0.22,0.6779813102181979,0.41255162726777345,0.7953083192917405,0.8078750000000001,0.7392857142857143,0.7284345047923323,0.4582857142857147,0.7808988764044944,0.7628571428571429
11136,ablate_C_T,0.82,0.86,0.35,0.81,0.22,0.6895916496278887,0.5778778023881708,0.8668351739360516,0.759475,0.7878571428571428,0.8,0.5738571428571503,0.8508064516129032,0.7085714285714285
11136,ablate_R_C,0.82,0.86,0.79,0.35,0.22,0.6861521182245927,0.5749954750722087,0.8650054808107543,0.769925,0.8028571428571428,0.7963246554364471,0.5768214285714347,0.865213082259663,0.7207142857142858
11136,ablate_low_Hself,0.82,0.86,0.79,0.81,0.65,0.6913508348669833,0.5793519996185321,0.8677709901158405,0.8788250000000001,0.8328571428571429,0.8426073131955485,0.6495357142857272,0.8678601875532822,0.8378571428571429
11136,single_superpower_A_TF,0.95,0.42,0.45,0.43,0.58,0.5037100675367299,0.3583897130523833,0.7411914916386123,0.82355,0.7135714285714285,0.7447495961227787,0.4490357142857155,0.7424103035878565,0.7764285714285715
11137,full_D5,0.82,0.86,0.79,0.81,0.22,0.811528550296579,0.6800609251485332,0.9317007276157682,0.8078750000000001,0.8742857142857143,0.8729641693811075,0.7248571428571565,0.9398496240601504,0.76
11137,ablate_A_TF,0.35,0.86,0.79,0.81,0.22,0.6844703526060364,0.3966505693351981,0.7897979025898697,0.7174,0.7492857142857143,0.7727975270479135,0.5050714285714334,0.7849686847599165,0.6842857142857143
11137,ablate_I,0.82,0.35,0.79,0.81,0.22,0.6779813102181979,0.41255162726777345,0.7953083192917405,0.8078750000000001,0.7685714285714286,0.7570977917981072,0.5095000000000063,0.8053016453382084,0.7814285714285715
11137,ablate_C_T,0.82,0.86,0.35,0.81,0.22,0.6895916496278887,0.5778778023881708,0.8668351739360516,0.759475,0.8014285714285714,0.8009478672985783,0.5856071428571515,0.8763708873379861,0.7164285714285714
11137,ablate_R_C,0.82,0.86,0.79,0.35,0.22,0.6861521182245927,0.5749954750722087,0.8650054808107543,0.769925,0.8057142857142857,0.810477657935285,0.59410714285715,0.8616915422885573,0.7178571428571429
11137,ablate_low_Hself,0.82,0.86,0.79,0.81,0.65,0.6913508348669833,0.5793519996185321,0.8677709901158405,0.8788250000000001,0.8378571428571429,0.8390092879256966,0.6474642857142997,0.8599487617421008,0.8364285714285714
11137,single_superpower_A_TF,0.95,0.42,0.45,0.43,0.58,0.5037100675367299,0.3583897130523833,0.7411914916386123,0.82355,0.7071428571428572,0.7054009819967266,0.41117857142856995,0.7286108555657773,0.7764285714285715
11138,full_D5,0.82,0.86,0.79,0.81,0.22,0.811528550296579,0.6800609251485332,0.9317007276157682,0.8078750000000001,0.8728571428571429,0.8823529411764706,0.7287142857143013,0.9349442379182156,0.7685714285714286
11138,ablate_A_TF,0.35,0.86,0.79,0.81,0.22,0.6844703526060364,0.3966505693351981,0.7897979025898697,0.7174,0.7457142857142857,0.7536231884057971,0.49321428571428927,0.8,0.6785714285714286
11138,ablate_I,0.82,0.35,0.79,0.81,0.22,0.6779813102181979,0.41255162726777345,0.7953083192917405,0.8078750000000001,0.7585714285714286,0.7686084142394822,0.5164642857142921,0.7837582625118036,0.7564285714285715
11138,ablate_C_T,0.82,0.86,0.35,0.81,0.22,0.6895916496278887,0.5778778023881708,0.8668351739360516,0.759475,0.7907142857142857,0.7986906710310966,0.5795000000000093,0.8621730382293763,0.71
11138,ablate_R_C,0.82,0.86,0.79,0.35,0.22,0.6861521182245927,0.5749954750722087,0.8650054808107543,0.769925,0.7985714285714286,0.8055987558320373,0.5832857142857221,0.8589494163424124,0.7342857142857143
11138,ablate_low_Hself,0.82,0.86,0.79,0.81,0.65,0.6913508348669833,0.5793519996185321,0.8677709901158405,0.8788250000000001,0.8257142857142857,0.8298555377207063,0.6333214285714397,0.8700959023539668,0.8192857142857143
11138,single_superpower_A_TF,0.95,0.42,0.45,0.43,0.58,0.5037100675367299,0.3583897130523833,0.7411914916386123,0.82355,0.6978571428571428,0.680577849117175,0.3753571428571377,0.7158878504672898,0.7642857142857142
11139,full_D5,0.82,0.86,0.79,0.81,0.22,0.811528550296579,0.6800609251485332,0.9317007276157682,0.8078750000000001,0.8521428571428571,0.8588588588588588,0.6790714285714419,0.930939226519337,0.7757142857142857
11139,ablate_A_TF,0.35,0.86,0.79,0.81,0.22,0.6844703526060364,0.3966505693351981,0.7897979025898697,0.7174,0.715,0.7030015797788309,0.41199999999999914,0.774896265560166,0.6885714285714286
11139,ablate_I,0.82,0.35,0.79,0.81,0.22,0.6779813102181979,0.41255162726777345,0.7953083192917405,0.8078750000000001,0.7678571428571429,0.7765089722675367,0.5353214285714345,0.8069835111542192,0.7364285714285714
11139,ablate_C_T,0.82,0.86,0.35,0.81,0.22,0.6895916496278887,0.5778778023881708,0.8668351739360516,0.759475,0.7871428571428571,0.7901990811638591,0.5556428571428645,0.8572854291417166,0.7157142857142857
11139,ablate_R_C,0.82,0.86,0.79,0.35,0.22,0.6861521182245927,0.5749954750722087,0.8650054808107543,0.769925,0.7814285714285715,0.7830342577487766,0.5550357142857208,0.8439646712463199,0.7278571428571429
11139,ablate_low_Hself,0.82,0.86,0.79,0.81,0.65,0.6913508348669833,0.5793519996185321,0.8677709901158405,0.8788250000000001,0.845,0.8309178743961353,0.6537857142857277,0.8734835355285961,0.8242857142857143
11139,single_superpower_A_TF,0.95,0.42,0.45,0.43,0.58,0.5037100675367299,0.3583897130523833,0.7411914916386123,0.82355,0.7328571428571429,0.7152317880794702,0.44878571428571523,0.75512104283054,0.7671428571428571
11140,full_D5,0.82,0.86,0.79,0.81,0.22,0.811528550296579,0.6800609251485332,0.9317007276157682,0.8078750000000001,0.8635714285714285,0.8684627575277337,0.7072500000000148,0.9375591296121097,0.755
11140,ablate_A_TF,0.35,0.86,0.79,0.81,0.22,0.6844703526060364,0.3966505693351981,0.7897979025898697,0.7174,0.7521428571428571,0.740432612312812,0.49496428571429096,0.7918834547346514,0.6864285714285714
11140,ablate_I,0.82,0.35,0.79,0.81,0.22,0.6779813102181979,0.41255162726777345,0.7953083192917405,0.8078750000000001,0.77,0.7488151658767772,0.5048928571428629,0.8118532455315146,0.7592857142857142
11140,ablate_C_T,0.82,0.86,0.35,0.81,0.22,0.6895916496278887,0.5778778023881708,0.8668351739360516,0.759475,0.7921428571428571,0.7922480620155039,0.5651071428571507,0.8665997993981945,0.7121428571428572
11140,ablate_R_C,0.82,0.86,0.79,0.35,0.22,0.6861521182245927,0.5749954750722087,0.8650054808107543,0.769925,0.7942857142857143,0.7941680960548885,0.5868928571428657,0.8669314796425025,0.7192857142857143
11140,ablate_low_Hself,0.82,0.86,0.79,0.81,0.65,0.6913508348669833,0.5793519996185321,0.8677709901158405,0.8788250000000001,0.8314285714285714,0.8386075949367089,0.644214285714299,0.8691910499139415,0.83
11140,single_superpower_A_TF,0.95,0.42,0.45,0.43,0.58,0.5037100675367299,0.3583897130523833,0.7411914916386123,0.82355,0.7257142857142858,0.7060755336617406,0.43110714285714086,0.7493112947658402,0.7778571428571428
11141,full_D5,0.82,0.86,0.79,0.81,0.22,0.811528550296579,0.6800609251485332,0.9317007276157682,0.8078750000000001,0.86,0.8357988165680473,0.6641071428571549,0.9301435406698565,0.7464285714285714
11141,ablate_A_TF,0.35,0.86,0.79,0.81,0.22,0.6844703526060364,0.3966505693351981,0.7897979025898697,0.7174,0.7478571428571429,0.7751937984496124,0.5064285714285753,0.7927083333333333,0.6857142857142857
11141,ablate_I,0.82,0.35,0.79,0.81,0.22,0.6779813102181979,0.41255162726777345,0.7953083192917405,0.8078750000000001,0.7521428571428571,0.7439393939393939,0.4731071428571473,0.7844254510921178,0.7521428571428571
11141,ablate_C_T,0.82,0.86,0.35,0.81,0.22,0.6895916496278887,0.5778778023881708,0.8668351739360516,0.759475,0.8207142857142857,0.8288854003139717,0.6288214285714392,0.8874629812438302,0.7235714285714285
11141,ablate_R_C,0.82,0.86,0.79,0.35,0.22,0.6861521182245927,0.5749954750722087,0.8650054808107543,0.769925,0.8057142857142857,0.8118022328548644,0.6006428571428665,0.8659491193737769,0.73
11141,ablate_low_Hself,0.82,0.86,0.79,0.81,0.65,0.6913508348669833,0.5793519996185321,0.8677709901158405,0.8788250000000001,0.8471428571428572,0.8488745980707395,0.6707500000000131,0.8837998303647159,0.8421428571428572
11141,single_superpower_A_TF,0.95,0.42,0.45,0.43,0.58,0.5037100675367299,0.3583897130523833,0.7411914916386123,0.82355,0.7257142857142858,0.7121464226289518,0.4411785714285723,0.7545367717287488,0.7478571428571429
11142,full_D5,0.82,0.86,0.79,0.81,0.22,0.811528550296579,0.6800609251485332,0.9317007276157682,0.8078750000000001,0.8457142857142858,0.8540706605222734,0.6728928571428701,0.9239653512993262,0.7421428571428571
11142,ablate_A_TF,0.35,0.86,0.79,0.81,0.22,0.6844703526060364,0.3966505693351981,0.7897979025898697,0.7174,0.735,0.7391304347826086,0.46967857142857383,0.7966280295047419,0.6778571428571428
11142,ablate_I,0.82,0.35,0.79,0.81,0.22,0.6779813102181979,0.41255162726777345,0.7953083192917405,0.8078750000000001,0.7721428571428571,0.7827476038338658,0.540571428571437,0.8160919540229885,0.7457142857142857
11142,ablate_C_T,0.82,0.86,0.35,0.81,0.22,0.6895916496278887,0.5778778023881708,0.8668351739360516,0.759475,0.7942857142857143,0.790625,0.5674642857142931,0.8647830474268415,0.7078571428571429
11142,ablate_R_C,0.82,0.86,0.79,0.35,0.22,0.6861521182245927,0.5749954750722087,0.8650054808107543,0.769925,0.805,0.7964071856287425,0.575142857142866,0.8775100401606426,0.7114285714285714
11142,ablate_low_Hself,0.82,0.86,0.79,0.81,0.65,0.6913508348669833,0.5793519996185321,0.8677709901158405,0.8788250000000001,0.835,0.86084142394822,0.6712500000000121,0.8768558951965065,0.8178571428571428
11142,single_superpower_A_TF,0.95,0.42,0.45,0.43,0.58,0.5037100675367299,0.3583897130523833,0.7411914916386123,0.82355,0.7021428571428572,0.7016393442622951,0.4037857142857128,0.7337057728119181,0.7671428571428571
11143,full_D5,0.82,0.86,0.79,0.81,0.22,0.811528550296579,0.6800609251485332,0.9317007276157682,0.8078750000000001,0.8464285714285714,0.8278688524590164,0.6586071428571544,0.9178470254957507,0.7564285714285715
11143,ablate_A_TF,0.35,0.86,0.79,0.81,0.22,0.6844703526060364,0.3966505693351981,0.7897979025898697,0.7174,0.7214285714285714,0.7238421955403087,0.45839285714285855,0.7632432432432432,0.6607142857142857
11143,ablate_I,0.82,0.35,0.79,0.81,0.22,0.6779813102181979,0.41255162726777345,0.7953083192917405,0.8078750000000001,0.7664285714285715,0.7706422018348624,0.5136785714285761,0.7901578458681523,0.7692857142857142
11143,ablate_C_T,0.82,0.86,0.35,0.81,0.22,0.6895916496278887,0.5778778023881708,0.8668351739360516,0.759475,0.7985714285714286,0.795751633986928,0.5848214285714382,0.8619289340101522,0.7035714285714286
11143,ablate_R_C,0.82,0.86,0.79,0.35,0.22,0.6861521182245927,0.5749954750722087,0.8650054808107543,0.769925,0.7921428571428571,0.7909516380655226,0.5643928571428651,0.855457227138643,0.7264285714285714
11143,ablate_low_Hself,0.82,0.86,0.79,0.81,0.65,0.6913508348669833,0.5793519996185321,0.8677709901158405,0.8788250000000001,0.8414285714285714,0.8405572755417957,0.652928571428585,0.8773747841105354,0.8271428571428572
11143,single_superpower_A_TF,0.95,0.42,0.45,0.43,0.58,0.5037100675367299,0.3583897130523833,0.7411914916386123,0.82355,0.7071428571428572,0.7101910828025477,0.4095357142857114,0.7217473884140551,0.7521428571428571
11144,full_D5,0.82,0.86,0.79,0.81,0.22,0.811528550296579,0.6800609251485332,0.9317007276157682,0.8078750000000001,0.8685714285714285,0.8628659476117103,0.7037500000000128,0.9450236966824644,0.7535714285714286
11144,ablate_A_TF,0.35,0.86,0.79,0.81,0.22,0.6844703526060364,0.3966505693351981,0.7897979025898697,0.7174,0.7207142857142858,0.7098283931357254,0.42010714285714307,0.77482088024565,0.6978571428571428
11144,ablate_I,0.82,0.35,0.79,0.81,0.22,0.6779813102181979,0.41255162726777345,0.7953083192917405,0.8078750000000001,0.7557142857142857,0.756578947368421,0.5061071428571478,0.7998129092609916,0.7635714285714286
11144,ablate_C_T,0.82,0.86,0.35,0.81,0.22,0.6895916496278887,0.5778778023881708,0.8668351739360516,0.759475,0.8057142857142857,0.8030534351145038,0.5860000000000086,0.8780241935483871,0.7085714285714285
11144,ablate_R_C,0.82,0.86,0.79,0.35,0.22,0.6861521182245927,0.5749954750722087,0.8650054808107543,0.769925,0.7771428571428571,0.778675282714055,0.5453214285714348,0.8407517309594461,0.7221428571428572
11144,ablate_low_Hself,0.82,0.86,0.79,0.81,0.65,0.6913508348669833,0.5793519996185321,0.8677709901158405,0.8788250000000001,0.8335714285714285,0.848,0.6567142857142995,0.8671875,0.8228571428571428
11144,single_superpower_A_TF,0.95,0.42,0.45,0.43,0.58,0.5037100675367299,0.3583897130523833,0.7411914916386123,0.82355,0.7014285714285714,0.71900826446281,0.4205357142857145,0.723943661971831,0.7607142857142857
11145,full_D5,0.82,0.86,0.79,0.81,0.22,0.811528550296579,0.6800609251485332,0.9317007276157682,0.8078750000000001,0.8564285714285714,0.8474842767295597,0.6795357142857273,0.9273066169617894,0.7664285714285715
11145,ablate_A_TF,0.35,0.86,0.79,0.81,0.22,0.6844703526060364,0.3966505693351981,0.7897979025898697,0.7174,0.7342857142857143,0.7160686427457098,0.4403928571428574,0.7913593256059009,0.6778571428571428
11145,ablate_I,0.82,0.35,0.79,0.81,0.22,0.6779813102181979,0.41255162726777345,0.7953083192917405,0.8078750000000001,0.7671428571428571,0.7681159420289855,0.5238928571428624,0.813510941960038,0.7507142857142857
11145,ablate_C_T,0.82,0.86,0.35,0.81,0.22,0.6895916496278887,0.5778778023881708,0.8668351739360516,0.759475,0.7778571428571428,0.7929883138564274,0.5665714285714367,0.8493723849372385,0.6828571428571428
11145,ablate_R_C,0.82,0.86,0.79,0.35,0.22,0.6861521182245927,0.5749954750722087,0.8650054808107543,0.769925,0.805,0.8031746031746032,0.5924642857142955,0.8799192734611504,0.7078571428571429
11145,ablate_low_Hself,0.82,0.86,0.79,0.81,0.65,0.6913508348669833,0.5793519996185321,0.8677709901158405,0.8788250000000001,0.8435714285714285,0.8467614533965245,0.6626428571428712,0.8743676222596964,0.8471428571428572
11145,single_superpower_A_TF,0.95,0.42,0.45,0.43,0.58,0.5037100675367299,0.3583897130523833,0.7411914916386123,0.82355,0.7121428571428572,0.7025316455696202,0.40574999999999756,0.7271010387157696,0.7564285714285715
11146,full_D5,0.82,0.86,0.79,0.81,0.22,0.811528550296579,0.6800609251485332,0.9317007276157682,0.8078750000000001,0.87,0.8656957928802589,0.7133214285714428,0.9372071227741331,0.7621428571428571
11146,ablate_A_TF,0.35,0.86,0.79,0.81,0.22,0.6844703526060364,0.3966505693351981,0.7897979025898697,0.7174,0.745,0.7417763157894737,0.48810714285714557,0.7929901423877328,0.6521428571428571
11146,ablate_I,0.82,0.35,0.79,0.81,0.22,0.6779813102181979,0.41255162726777345,0.7953083192917405,0.8078750000000001,0.7564285714285715,0.7445482866043613,0.48442857142857826,0.8020833333333334,0.7542857142857143
11146,ablate_C_T,0.82,0.86,0.35,0.81,0.22,0.6895916496278887,0.5778778023881708,0.8668351739360516,0.759475,0.7992857142857143,0.8204283360790774,0.6077142857142961,0.8545816733067729,0.7171428571428572
11146,ablate_R_C,0.82,0.86,0.79,0.35,0.22,0.6861521182245927,0.5749954750722087,0.8650054808107543,0.769925,0.795,0.8073959938366718,0.5798571428571514,0.86328125,0.7314285714285714
11146,ablate_low_Hself,0.82,0.86,0.79,0.81,0.65,0.6913508348669833,0.5793519996185321,0.8677709901158405,0.8788250000000001,0.8314285714285714,0.8325508607198748,0.6373928571428702,0.8673026886383348,0.8235714285714286
11146,single_superpower_A_TF,0.95,0.42,0.45,0.43,0.58,0.5037100675367299,0.3583897130523833,0.7411914916386123,0.82355,0.7307142857142858,0.7351598173515982,0.44471428571428595,0.7633587786259542,0.7485714285714286
11147,full_D5,0.82,0.86,0.79,0.81,0.22,0.811528550296579,0.6800609251485332,0.9317007276157682,0.8078750000000001,0.88,0.8825448613376835,0.7388571428571575,0.9468283582089553,0.7657142857142857
11147,ablate_A_TF,0.35,0.86,0.79,0.81,0.22,0.6844703526060364,0.3966505693351981,0.7897979025898697,0.7174,0.7428571428571429,0.7590551181102362,0.49010714285714585,0.7878787878787878,0.6835714285714286
11147,ablate_I,0.82,0.35,0.79,0.81,0.22,0.6779813102181979,0.41255162726777345,0.7953083192917405,0.8078750000000001,0.7592857142857142,0.766721044045677,0.5179285714285767,0.8053949903660886,0.7414285714285714
11147,ablate_C_T,0.82,0.86,0.35,0.81,0.22,0.6895916496278887,0.5778778023881708,0.8668351739360516,0.759475,0.7964285714285714,0.8168789808917197,0.5963928571428658,0.8671328671328671,0.715
11147,ablate_R_C,0.82,0.86,0.79,0.35,0.22,0.6861521182245927,0.5749954750722087,0.8650054808107543,0.769925,0.8078571428571428,0.8247588424437299,0.6163571428571527,0.8652694610778443,0.7157142857142857
11147,ablate_low_Hself,0.82,0.86,0.79,0.81,0.65,0.6913508348669833,0.5793519996185321,0.8677709901158405,0.8788250000000001,0.8478571428571429,0.8418674698795181,0.6568214285714409,0.8885987815491732,0.8207142857142857
11147,single_superpower_A_TF,0.95,0.42,0.45,0.43,0.58,0.5037100675367299,0.3583897130523833,0.7411914916386123,0.82355,0.7157142857142857,0.7166921898928025,0.41275000000000106,0.7479224376731302,0.7735714285714286
11148,full_D5,0.82,0.86,0.79,0.81,0.22,0.811528550296579,0.6800609251485332,0.9317007276157682,0.8078750000000001,0.8721428571428571,0.8629441624365483,0.7186785714285849,0.9441816461684012,0.755
11148,ablate_A_TF,0.35,0.86,0.79,0.81,0.22,0.6844703526060364,0.3966505693351981,0.7897979025898697,0.7174,0.7314285714285714,0.7413793103448276,0.4620357142857165,0.7847295864262991,0.6735714285714286
11148,ablate_I,0.82,0.35,0.79,0.81,0.22,0.6779813102181979,0.41255162726777345,0.7953083192917405,0.8078750000000001,0.765,0.7686084142394822,0.5227142857142925,0.7960526315789473,0.76
11148,ablate_C_T,0.82,0.86,0.35,0.81,0.22,0.6895916496278887,0.5778778023881708,0.8668351739360516,0.759475,0.7857142857142857,0.7705977382875606,0.5466785714285776,0.8450148075024679,0.7235714285714285
11148,ablate_R_C,0.82,0.86,0.79,0.35,0.22,0.6861521182245927,0.5749954750722087,0.8650054808107543,0.769925,0.7814285714285715,0.7880690737833596,0.5520357142857213,0.8396871945259042,0.7307142857142858
11148,ablate_low_Hself,0.82,0.86,0.79,0.81,0.65,0.6913508348669833,0.5793519996185321,0.8677709901158405,0.8788250000000001,0.8157142857142857,0.8068376068376069,0.6136785714285837,0.8619173262972736,0.8121428571428572
11148,single_superpower_A_TF,0.95,0.42,0.45,0.43,0.58,0.5037100675367299,0.3583897130523833,0.7411914916386123,0.82355,0.7107142857142857,0.6986089644513137,0.3933214285714248,0.7240110395584176,0.7764285714285715
11149,full_D5,0.82,0.86,0.79,0.81,0.22,0.811528550296579,0.6800609251485332,0.9317007276157682,0.8078750000000001,0.865,0.8470031545741324,0.6891071428571557,0.9320574162679426,0.7464285714285714
11149,ablate_A_TF,0.35,0.86,0.79,0.81,0.22,0.6844703526060364,0.3966505693351981,0.7897979025898697,0.7174,0.7314285714285714,0.7198697068403909,0.45292857142857396,0.7799564270152506,0.6557142857142857
11149,ablate_I,0.82,0.35,0.79,0.81,0.22,0.6779813102181979,0.41255162726777345,0.7953083192917405,0.8078750000000001,0.7521428571428571,0.75,0.49475000000000524,0.8003820439350525,0.7478571428571429
11149,ablate_C_T,0.82,0.86,0.35,0.81,0.22,0.6895916496278887,0.5778778023881708,0.8668351739360516,0.759475,0.81,0.8262910798122066,0.6155357142857264,0.8855721393034826,0.7178571428571429
11149,ablate_R_C,0.82,0.86,0.79,0.35,0.22,0.6861521182245927,0.5749954750722087,0.8650054808107543,0.769925,0.8,0.8140293637846656,0.6014642857142943,0.8618618618618619,0.7135714285714285
11149,ablate_low_Hself,0.82,0.86,0.79,0.81,0.65,0.6913508348669833,0.5793519996185321,0.8677709901158405,0.8788250000000001,0.8278571428571428,0.8436018957345972,0.6457500000000128,0.8709394205443372,0.8135714285714286
11149,single_superpower_A_TF,0.95,0.42,0.45,0.43,0.58,0.5037100675367299,0.3583897130523833,0.7411914916386123,0.82355,0.7264285714285714,0.7361563517915309,0.4558214285714285,0.7484047402005469,0.7835714285714286
11150,full_D5,0.82,0.86,0.79,0.81,0.22,0.811528550296579,0.6800609251485332,0.9317007276157682,0.8078750000000001,0.8535714285714285,0.8557844690966719,0.6861071428571551,0.9208770257387988,0.7492857142857143
11150,ablate_A_TF,0.35,0.86,0.79,0.81,0.22,0.6844703526060364,0.3966505693351981,0.7897979025898697,0.7174,0.7378571428571429,0.7272727272727273,0.46885714285714436,0.8068669527896996,0.6657142857142857
11150,ablate_I,0.82,0.35,0.79,0.81,0.22,0.6779813102181979,0.41255162726777345,0.7953083192917405,0.8078750000000001,0.75,0.7504187604690117,0.4987857142857201,0.7811918063314711,0.7671428571428571
11150,ablate_C_T,0.82,0.86,0.35,0.81,0.22,0.6895916496278887,0.5778778023881708,0.8668351739360516,0.759475,0.7971428571428572,0.7799352750809061,0.5674285714285786,0.8639112903225806,0.7085714285714285
11150,ablate_R_C,0.82,0.86,0.79,0.35,0.22,0.6861521182245927,0.5749954750722087,0.8650054808107543,0.769925,0.7942857142857143,0.7975646879756468,0.5684642857142941,0.8713858424725822,0.7164285714285714
11150,ablate_low_Hself,0.82,0.86,0.79,0.81,0.65,0.6913508348669833,0.5793519996185321,0.8677709901158405,0.8788250000000001,0.8285714285714286,0.8336025848142165,0.6405000000000122,0.8717277486910995,0.8185714285714286
11150,single_superpower_A_TF,0.95,0.42,0.45,0.43,0.58,0.5037100675367299,0.3583897130523833,0.7411914916386123,0.82355,0.7107142857142857,0.6953748006379585,0.3993928571428548,0.7372330547818013,0.7692857142857142
11151,full_D5,0.82,0.86,0.79,0.81,0.22,0.811528550296579,0.6800609251485332,0.9317007276157682,0.8078750000000001,0.8671428571428571,0.8663522012578616,0.7088928571428696,0.933074684772066,0.7364285714285714
11151,ablate_A_TF,0.35,0.86,0.79,0.81,0.22,0.6844703526060364,0.3966505693351981,0.7897979025898697,0.7174,0.7207142857142858,0.7119741100323624,0.433107142857143,0.7813504823151125,0.6664285714285715
11151,ablate_I,0.82,0.35,0.79,0.81,0.22,0.6779813102181979,0.41255162726777345,0.7953083192917405,0.8078750000000001,0.7528571428571429,0.7768729641693811,0.5200000000000058,0.7932692307692307,0.7428571428571429
11151,ablate_C_T,0.82,0.86,0.35,0.81,0.22,0.6895916496278887,0.5778778023881708,0.8668351739360516,0.759475,0.7914285714285715,0.7929447852760736,0.5631785714285797,0.8627648839556004,0.7078571428571429
11151,ablate_R_C,0.82,0.86,0.79,0.35,0.22,0.6861521182245927,0.5749954750722087,0.8650054808107543,0.769925,0.7914285714285715,0.7940199335548173,0.5780000000000085,0.8612204724409449,0.7257142857142858
11151,ablate_low_Hself,0.82,0.86,0.79,0.81,0.65,0.6913508348669833,0.5793519996185321,0.8677709901158405,0.8788250000000001,0.83,0.8137404580152672,0.6141785714285832,0.8598452278589854,0.8307142857142857
11151,single_superpower_A_TF,0.95,0.42,0.45,0.43,0.58,0.5037100675367299,0.3583897130523833,0.7411914916386123,0.82355,0.7057142857142857,0.7212121212121212,0.4040357142857115,0.7304507819687213,0.7764285714285715
11152,full_D5,0.82,0.86,0.79,0.81,0.22,0.811528550296579,0.6800609251485332,0.9317007276157682,0.8078750000000001,0.845,0.8466257668711656,0.6654285714285842,0.9231517509727627,0.7342857142857143
11152,ablate_A_TF,0.35,0.86,0.79,0.81,0.22,0.6844703526060364,0.3966505693351981,0.7897979025898697,0.7174,0.7664285714285715,0.7729549248747913,0.5378571428571509,0.8125,0.6857142857142857
11152,ablate_I,0.82,0.35,0.79,0.81,0.22,0.6779813102181979,0.41255162726777345,0.7953083192917405,0.8078750000000001,0.7514285714285714,0.7523961661341853,0.491642857142861,0.7960893854748603,0.7671428571428571
11152,ablate_C_T,0.82,0.86,0.35,0.81,0.22,0.6895916496278887,0.5778778023881708,0.8668351739360516,0.759475,0.8121428571428572,0.8177710843373494,0.6037142857142952,0.8684738955823293,0.7114285714285714
11152,ablate_R_C,0.82,0.86,0.79,0.35,0.22,0.6861521182245927,0.5749954750722087,0.8650054808107543,0.769925,0.7935714285714286,0.8009478672985783,0.5785714285714362,0.8683673469387755,0.7
11152,ablate_low_Hself,0.82,0.86,0.79,0.81,0.65,0.6913508348669833,0.5793519996185321,0.8677709901158405,0.8788250000000001,0.8292857142857143,0.8112903225806452,0.6216071428571538,0.8713656387665198,0.8107142857142857
11152,single_superpower_A_TF,0.95,0.42,0.45,0.43,0.58,0.5037100675367299,0.3583897130523833,0.7411914916386123,0.82355,0.7,0.7238805970149254,0.3978214285714249,0.7247879359095193,0.7578571428571429
11153,full_D5,0.82,0.86,0.79,0.81,0.22,0.811528550296579,0.6800609251485332,0.9317007276157682,0.8078750000000001,0.8807142857142857,0.875,0.7263214285714428,0.9473684210526315,0.7735714285714286
11153,ablate_A_TF,0.35,0.86,0.79,0.81,0.22,0.6844703526060364,0.3966505693351981,0.7897979025898697,0.7174,0.7464285714285714,0.7245222929936306,0.46671428571428836,0.8015350877192983,0.6514285714285715
11153,ablate_I,0.82,0.35,0.79,0.81,0.22,0.6779813102181979,0.41255162726777345,0.7953083192917405,0.8078750000000001,0.7678571428571429,0.748829953198128,0.4988928571428625,0.8010999083409716,0.7792857142857142
11153,ablate_C_T,0.82,0.86,0.35,0.81,0.22,0.6895916496278887,0.5778778023881708,0.8668351739360516,0.759475,0.8071428571428572,0.8077571669477235,0.6095000000000086,0.8819301848049281,0.6957142857142857
11153,ablate_R_C,0.82,0.86,0.79,0.35,0.22,0.6861521182245927,0.5749954750722087,0.8650054808107543,0.769925,0.795,0.7956318252730109,0.5725714285714377,0.8704453441295547,0.7057142857142857
11153,ablate_low_Hself,0.82,0.86,0.79,0.81,0.65,0.6913508348669833,0.5793519996185321,0.8677709901158405,0.8788250000000001,0.8157142857142857,0.8200589970501475,0.6002857142857246,0.8567708333333334,0.8228571428571428
11153,single_superpower_A_TF,0.95,0.42,0.45,0.43,0.58,0.5037100675367299,0.3583897130523833,0.7411914916386123,0.82355,0.6957142857142857,0.7075630252100841,0.4097857142857132,0.7265774378585086,0.7471428571428571
11154,full_D5,0.82,0.86,0.79,0.81,0.22,0.811528550296579,0.6800609251485332,0.9317007276157682,0.8078750000000001,0.8721428571428571,0.8791390728476821,0.7291071428571569,0.9391705069124424,0.775
11154,ablate_A_TF,0.35,0.86,0.79,0.81,0.22,0.6844703526060364,0.3966505693351981,0.7897979025898697,0.7174,0.7428571428571429,0.7443267776096822,0.46714285714285797,0.7791666666666667,0.6857142857142857
11154,ablate_I,0.82,0.35,0.79,0.81,0.22,0.6779813102181979,0.41255162726777345,0.7953083192917405,0.8078750000000001,0.7535714285714286,0.762214983713355,0.5063214285714331,0.7922437673130194,0.7735714285714286
11154,ablate_C_T,0.82,0.86,0.35,0.81,0.22,0.6895916496278887,0.5778778023881708,0.8668351739360516,0.759475,0.815,0.8009478672985783,0.5985000000000098,0.8776908023483366,0.73
11154,ablate_R_C,0.82,0.86,0.79,0.35,0.22,0.6861521182245927,0.5749954750722087,0.8650054808107543,0.769925,0.8021428571428572,0.7887323943661971,0.572214285714296,0.873795761078998,0.7414285714285714
11154,ablate_low_Hself,0.82,0.86,0.79,0.81,0.65,0.6913508348669833,0.5793519996185321,0.8677709901158405,0.8788250000000001,0.8414285714285714,0.8411949685534591,0.6566785714285831,0.8790820829655781,0.8092857142857143
11154,single_superpower_A_TF,0.95,0.42,0.45,0.43,0.58,0.5037100675367299,0.3583897130523833,0.7411914916386123,0.82355,0.7114285714285714,0.7124802527646129,0.4124642857142841,0.7277726856095326,0.7792857142857142
11155,full_D5,0.82,0.86,0.79,0.81,0.22,0.811528550296579,0.6800609251485332,0.9317007276157682,0.8078750000000001,0.8864285714285715,0.8982229402261712,0.7582142857143005,0.9364485981308411,0.7642857142857142
11155,ablate_A_TF,0.35,0.86,0.79,0.81,0.22,0.6844703526060364,0.3966505693351981,0.7897979025898697,0.7174,0.7407142857142858,0.7450980392156863,0.4656785714285749,0.7927736450584485,0.6721428571428572
11155,ablate_I,0.82,0.35,0.79,0.81,0.22,0.6779813102181979,0.41255162726777345,0.7953083192917405,0.8078750000000001,0.7821428571428571,0.787828947368421,0.5595714285714363,0.8125,0.7657142857142857
11155,ablate_C_T,0.82,0.86,0.35,0.81,0.22,0.6895916496278887,0.5778778023881708,0.8668351739360516,0.759475,0.7957142857142857,0.8085106382978723,0.5932142857142951,0.8707070707070707,0.7071428571428572
11155,ablate_R_C,0.82,0.86,0.79,0.35,0.22,0.6861521182245927,0.5749954750722087,0.8650054808107543,0.769925,0.82,0.8197767145135566,0.622821428571439,0.8751248751248751,0.715
11155,ablate_low_Hself,0.82,0.86,0.79,0.81,0.65,0.6913508348669833,0.5793519996185321,0.8677709901158405,0.8788250000000001,0.8342857142857143,0.8181818181818182,0.6359285714285845,0.8682842287694974,0.8242857142857143
11155,single_superpower_A_TF,0.95,0.42,0.45,0.43,0.58,0.5037100675367299,0.3583897130523833,0.7411914916386123,0.82355,0.7192857142857143,0.7193251533742331,0.41921428571428593,0.732902033271719,0.7728571428571429
11156,full_D5,0.82,0.86,0.79,0.81,0.22,0.811528550296579,0.6800609251485332,0.9317007276157682,0.8078750000000001,0.8521428571428571,0.8571428571428571,0.6857500000000125,0.9301227573182247,0.7564285714285715
11156,ablate_A_TF,0.35,0.86,0.79,0.81,0.22,0.6844703526060364,0.3966505693351981,0.7897979025898697,0.7174,0.7221428571428572,0.7211093990755008,0.43035714285714205,0.7784946236559139,0.6642857142857143
11156,ablate_I,0.82,0.35,0.79,0.81,0.22,0.6779813102181979,0.41255162726777345,0.7953083192917405,0.8078750000000001,0.7657142857142857,0.7618270799347472,0.5198928571428633,0.7986577181208053,0.745
11156,ablate_C_T,0.82,0.86,0.35,0.81,0.22,0.6895916496278887,0.5778778023881708,0.8668351739360516,0.759475,0.8121428571428572,0.8256578947368421,0.6244285714285815,0.8818897637795275,0.7257142857142858
11156,ablate_R_C,0.82,0.86,0.79,0.35,0.22,0.6861521182245927,0.5749954750722087,0.8650054808107543,0.769925,0.8092857142857143,0.8086124401913876,0.6016071428571534,0.8669950738916257,0.725
11156,ablate_low_Hself,0.82,0.86,0.79,0.81,0.65,0.6913508348669833,0.5793519996185321,0.8677709901158405,0.8788250000000001,0.8092857142857143,0.7942583732057417,0.5836785714285798,0.8539325842696629,0.8264285714285714
11156,single_superpower_A_TF,0.95,0.42,0.45,0.43,0.58,0.5037100675367299,0.3583897130523833,0.7411914916386123,0.82355,0.73,0.7635782747603834,0.4802500000000042,0.7465051258154707,0.7664285714285715
11157,full_D5,0.82,0.86,0.79,0.81,0.22,0.811528550296579,0.6800609251485332,0.9317007276157682,0.8078750000000001,0.8471428571428572,0.8292282430213465,0.6606071428571556,0.9256820319849483,0.7592857142857142
11157,ablate_A_TF,0.35,0.86,0.79,0.81,0.22,0.6844703526060364,0.3966505693351981,0.7897979025898697,0.7174,0.7678571428571429,0.7669291338582677,0.522821428571434,0.8214665249734325,0.6721428571428572
11157,ablate_I,0.82,0.35,0.79,0.81,0.22,0.6779813102181979,0.41255162726777345,0.7953083192917405,0.8078750000000001,0.7692857142857142,0.7678571428571429,0.5270000000000076,0.8073308270676691,0.76
11157,ablate_C_T,0.82,0.86,0.35,0.81,0.22,0.6895916496278887,0.5778778023881708,0.8668351739360516,0.759475,0.7807142857142857,0.7705696202531646,0.537571428571436,0.8621031746031746,0.72
11157,ablate_R_C,0.82,0.86,0.79,0.35,0.22,0.6861521182245927,0.5749954750722087,0.8650054808107543,0.769925,0.7757142857142857,0.796583850931677,0.5525000000000087,0.8376237623762376,0.7214285714285714
11157,ablate_low_Hself,0.82,0.86,0.79,0.81,0.65,0.6913508348669833,0.5793519996185321,0.8677709901158405,0.8788250000000001,0.8364285714285714,0.8551617873651772,0.6606428571428704,0.8743545611015491,0.83
11157,single_superpower_A_TF,0.95,0.42,0.45,0.43,0.58,0.5037100675367299,0.3583897130523833,0.7411914916386123,0.82355,0.7178571428571429,0.7275494672754946,0.4234642857142856,0.7469990766389658,0.7735714285714286
11158,full_D5,0.82,0.86,0.79,0.81,0.22,0.811528550296579,0.6800609251485332,0.9317007276157682,0.8078750000000001,0.8664285714285714,0.8627450980392157,0.707821428571441,0.9315448658649399,0.7721428571428571
11158,ablate_A_TF,0.35,0.86,0.79,0.81,0.22,0.6844703526060364,0.3966505693351981,0.7897979025898697,0.7174,0.7378571428571429,0.7268588770864947,0.4470714285714304,0.7940552016985138,0.6728571428571428
11158,ablate_I,0.82,0.35,0.79,0.81,0.22,0.6779813102181979,0.41255162726777345,0.7953083192917405,0.8078750000000001,0.76,0.7583465818759937,0.5048214285714325,0.7981220657276995,0.7607142857142857
11158,ablate_C_T,0.82,0.86,0.35,0.81,0.22,0.6895916496278887,0.5778778023881708,0.8668351739360516,0.759475,0.7814285714285715,0.78060413354531,0.5490714285714353,0.845841784989858,0.7042857142857143
11158,ablate_R_C,0.82,0.86,0.79,0.35,0.22,0.6861521182245927,0.5749954750722087,0.8650054808107543,0.769925,0.7792857142857142,0.7913322632423756,0.5580357142857209,0.8542713567839196,0.7107142857142857
11158,ablate_low_Hself,0.82,0.86,0.79,0.81,0.65,0.6913508348669833,0.5793519996185321,0.8677709901158405,0.8788250000000001,0.8121428571428572,0.8009708737864077,0.5947142857142954,0.8647260273972602,0.8342857142857143
11158,single_superpower_A_TF,0.95,0.42,0.45,0.43,0.58,0.5037100675367299,0.3583897130523833,0.7411914916386123,0.82355,0.7171428571428572,0.7223088923556942,0.4240357142857129,0.7359705611775529,0.7764285714285715
11159,full_D5,0.82,0.86,0.79,0.81,0.22,0.811528550296579,0.6800609251485332,0.9317007276157682,0.8078750000000001,0.8535714285714285,0.8562401263823065,0.6856785714285846,0.9227144203581527,0.7578571428571429
11159,ablate_A_TF,0.35,0.86,0.79,0.81,0.22,0.6844703526060364,0.3966505693351981,0.7897979025898697,0.7174,0.7328571428571429,0.7269890795631825,0.4481071428571436,0.8006166495375129,0.695
11159,ablate_I,0.82,0.35,0.79,0.81,0.22,0.6779813102181979,0.41255162726777345,0.7953083192917405,0.8078750000000001,0.7407142857142858,0.7553719008264462,0.4913214285714329,0.7836312323612418,0.7592857142857142
11159,ablate_C_T,0.82,0.86,0.35,0.81,0.22,0.6895916496278887,0.5778778023881708,0.8668351739360516,0.759475,0.8042857142857143,0.825944170771757,0.6173571428571524,0.8772635814889336,0.71
11159,ablate_R_C,0.82,0.86,0.79,0.35,0.22,0.6861521182245927,0.5749954750722087,0.8650054808107543,0.769925,0.8042857142857143,0.7906197654941374,0.5889642857142958,0.8620019436345967,0.735
11159,ablate_low_Hself,0.82,0.86,0.79,0.81,0.65,0.6913508348669833,0.5793519996185321,0.8677709901158405,0.8788250000000001,0.8228571428571428,0.7967741935483871,0.6022142857142954,0.8664323374340949,0.8128571428571428
11159,single_superpower_A_TF,0.95,0.42,0.45,0.43,0.58,0.5037100675367299,0.3583897130523833,0.7411914916386123,0.82355,0.6914285714285714,0.6873111782477341,0.3570357142857082,0.7192982456140351,0.7735714285714286
11160,full_D5,0.82,0.86,0.79,0.81,0.22,0.811528550296579,0.6800609251485332,0.9317007276157682,0.8078750000000001,0.8607142857142858,0.8467741935483871,0.6861785714285839,0.9273229070837167,0.7764285714285715
11160,ablate_A_TF,0.35,0.86,0.79,0.81,0.22,0.6844703526060364,0.3966505693351981,0.7897979025898697,0.7174,0.7307142857142858,0.7291981845688351,0.4405357142857145,0.7865284974093264,0.6892857142857143
11160,ablate_I,0.82,0.35,0.79,0.81,0.22,0.6779813102181979,0.41255162726777345,0.7953083192917405,0.8078750000000001,0.7535714285714286,0.7603174603174603,0.5008214285714325,0.7965284474445516,0.7407142857142858
11160,ablate_C_T,0.82,0.86,0.35,0.81,0.22,0.6895916496278887,0.5778778023881708,0.8668351739360516,0.759475,0.7778571428571428,0.7817014446227929,0.5481071428571509,0.8700906344410876,0.7092857142857143
11160,ablate_R_C,0.82,0.86,0.79,0.35,0.22,0.6861521182245927,0.5749954750722087,0.8650054808107543,0.769925,0.8028571428571428,0.7936507936507936,0.5801428571428646,0.8658301158301158,0.74
11160,ablate_low_Hself,0.82,0.86,0.79,0.81,0.65,0.6913508348669833,0.5793519996185321,0.8677709901158405,0.8788250000000001,0.8378571428571429,0.8405572755417957,0.6505000000000113,0.8872113676731794,0.8042857142857143
11160,single_superpower_A_TF,0.95,0.42,0.45,0.43,0.58,0.5037100675367299,0.3583897130523833,0.7411914916386123,0.82355,0.6907142857142857,0.6810207336523126,0.36653571428570786,0.7270194986072424,0.7692857142857142
11161,full_D5,0.82,0.86,0.79,0.81,0.22,0.811528550296579,0.6800609251485332,0.9317007276157682,0.8078750000000001,0.8571428571428571,0.8555555555555555,0.6894642857142987,0.9317535545023696,0.7535714285714286
11161,ablate_A_TF,0.35,0.86,0.79,0.81,0.22,0.6844703526060364,0.3966505693351981,0.7897979025898697,0.7174,0.7257142857142858,0.7248,0.4465000000000007,0.7771855010660981,0.67
11161,ablate_I,0.82,0.35,0.79,0.81,0.22,0.6779813102181979,0.41255162726777345,0.7953083192917405,0.8078750000000001,0.7685714285714286,0.76,0.5157142857142916,0.8101851851851852,0.7714285714285715
11161,ablate_C_T,0.82,0.86,0.35,0.81,0.22,0.6895916496278887,0.5778778023881708,0.8668351739360516,0.759475,0.7957142857142857,0.7865168539325843,0.5692857142857223,0.8539215686274509,0.7285714285714285
11161,ablate_R_C,0.82,0.86,0.79,0.35,0.22,0.6861521182245927,0.5749954750722087,0.8650054808107543,0.769925,0.7992857142857143,0.7898773006134969,0.5678214285714367,0.8601398601398601,0.715
11161,ablate_low_Hself,0.82,0.86,0.79,0.81,0.65,0.6913508348669833,0.5793519996185321,0.8677709901158405,0.8788250000000001,0.8321428571428572,0.8370607028753994,0.6450714285714413,0.8678756476683938,0.8271428571428572
11161,single_superpower_A_TF,0.95,0.42,0.45,0.43,0.58,0.5037100675367299,0.3583897130523833,0.7411914916386123,0.82355,0.7064285714285714,0.6927899686520376,0.3891785714285679,0.7277085330776606,0.745
11162,full_D5,0.82,0.86,0.79,0.81,0.22,0.811528550296579,0.6800609251485332,0.9317007276157682,0.8078750000000001,0.8571428571428571,0.8626543209876543,0.6919642857142982,0.9295774647887324,0.7607142857142857
11162,ablate_A_TF,0.35,0.86,0.79,0.81,0.22,0.6844703526060364,0.3966505693351981,0.7897979025898697,0.7174,0.7228571428571429,0.721259842519685,0.4360357142857158,0.7634069400630915,0.6792857142857143
11162,ablate_I,0.82,0.35,0.79,0.81,0.22,0.6779813102181979,0.41255162726777345,0.7953083192917405,0.8078750000000001,0.7585714285714286,0.7450331125827815,0.4993928571428626,0.7985414767547858,0.7835714285714286
11162,ablate_C_T,0.82,0.86,0.35,0.81,0.22,0.6895916496278887,0.5778778023881708,0.8668351739360516,0.759475,0.8,0.8040752351097179,0.5859642857142949,0.8640483383685801,0.7092857142857143
11162,ablate_R_C,0.82,0.86,0.79,0.35,0.22,0.6861521182245927,0.5749954750722087,0.8650054808107543,0.769925,0.7978571428571428,0.7955974842767296,0.5763571428571509,0.8602794411177644,0.7157142857142857
11162,ablate_low_Hself,0.82,0.86,0.79,0.81,0.65,0.6913508348669833,0.5793519996185321,0.8677709901158405,0.8788250000000001,0.82,0.8173228346456692,0.613571428571439,0.8666666666666667,0.8142857142857143
11162,single_superpower_A_TF,0.95,0.42,0.45,0.43,0.58,0.5037100675367299,0.3583897130523833,0.7411914916386123,0.82355,0.7207142857142858,0.7184942716857611,0.43582142857143025,0.740200546946217,0.7835714285714286
11163,full_D5,0.82,0.86,0.79,0.81,0.22,0.811528550296579,0.6800609251485332,0.9317007276157682,0.8078750000000001,0.8414285714285714,0.8341625207296849,0.6612142857142977,0.9216061185468452,0.7471428571428571
11163,ablate_A_TF,0.35,0.86,0.79,0.81,0.22,0.6844703526060364,0.3966505693351981,0.7897979025898697,0.7174,0.735,0.7278582930756844,0.4593571428571449,0.7922755741127349,0.6842857142857143
11163,ablate_I,0.82,0.35,0.79,0.81,0.22,0.6779813102181979,0.41255162726777345,0.7953083192917405,0.8078750000000001,0.7614285714285715,0.7648026315789473,0.5191428571428639,0.7941729323308271,0.76
11163,ablate_C_T,0.82,0.86,0.35,0.81,0.22,0.6895916496278887,0.5778778023881708,0.8668351739360516,0.759475,0.7985714285714286,0.8160741885625966,0.5923571428571518,0.8658777120315582,0.7242857142857143
11163,ablate_R_C,0.82,0.86,0.79,0.35,0.22,0.6861521182245927,0.5749954750722087,0.8650054808107543,0.769925,0.7907142857142857,0.7845394736842105,0.5671071428571502,0.8491674828599413,0.7292857142857143
11163,ablate_low_Hself,0.82,0.86,0.79,0.81,0.65,0.6913508348669833,0.5793519996185321,0.8677709901158405,0.8788250000000001,0.8192857142857143,0.807936507936508,0.6054642857142959,0.8622493461203139,0.8192857142857143
11163,single_superpower_A_TF,0.95,0.42,0.45,0.43,0.58,0.5037100675367299,0.3583897130523833,0.7411914916386123,0.82355,0.7235714285714285,0.7214397496087637,0.43110714285714224,0.7418147801683816,0.7635714285714286
11164,full_D5,0.82,0.86,0.79,0.81,0.22,0.811528550296579,0.6800609251485332,0.9317007276157682,0.8078750000000001,0.8721428571428571,0.8784893267651889,0.7280000000000139,0.9358736059479554,0.7685714285714286
11164,ablate_A_TF,0.35,0.86,0.79,0.81,0.22,0.6844703526060364,0.3966505693351981,0.7897979025898697,0.7174,0.7507142857142857,0.7748344370860927,0.5226071428571496,0.8004223864836325,0.6764285714285714
11164,ablate_I,0.82,0.35,0.79,0.81,0.22,0.6779813102181979,0.41255162726777345,0.7953083192917405,0.8078750000000001,0.7571428571428571,0.7532051282051282,0.49903571428571736,0.8013120899718837,0.7621428571428571
11164,ablate_C_T,0.82,0.86,0.35,0.81,0.22,0.6895916496278887,0.5778778023881708,0.8668351739360516,0.759475,0.8157142857142857,0.8240887480190174,0.6214285714285812,0.877,0.7142857142857143
11164,ablate_R_C,0.82,0.86,0.79,0.35,0.22,0.6861521182245927,0.5749954750722087,0.8650054808107543,0.769925,0.8164285714285714,0.8328025477707006,0.6285000000000098,0.871939736346516,0.7585714285714286
11164,ablate_low_Hself,0.82,0.86,0.79,0.81,0.65,0.6913508348669833,0.5793519996185321,0.8677709901158405,0.8788250000000001,0.8207142857142857,0.840064620355412,0.6384642857142981,0.8591426071741033,0.8164285714285714
11164,single_superpower_A_TF,0.95,0.42,0.45,0.43,0.58,0.5037100675367299,0.3583897130523833,0.7411914916386123,0.82355,0.7128571428571429,0.7258064516129032,0.4318214285714295,0.735266604303087,0.7635714285714286
11165,full_D5,0.82,0.86,0.79,0.81,0.22,0.811528550296579,0.6800609251485332,0.9317007276157682,0.8078750000000001,0.8614285714285714,0.864951768488746,0.7031071428571568,0.9273066169617894,0.7664285714285715
11165,ablate_A_TF,0.35,0.86,0.79,0.81,0.22,0.6844703526060364,0.3966505693351981,0.7897979025898697,0.7174,0.7585714285714286,0.7756410256410257,0.5246785714285769,0.8008429926238145,0.6778571428571428
11165,ablate_I,0.82,0.35,0.79,0.81,0.22,0.6779813102181979,0.41255162726777345,0.7953083192917405,0.8078750000000001,0.7442857142857143,0.7423014586709886,0.47946428571428895,0.7819905213270142,0.7535714285714286
11165,ablate_C_T,0.82,0.86,0.35,0.81,0.22,0.6895916496278887,0.5778778023881708,0.8668351739360516,0.759475,0.8085714285714286,0.80248833592535,0.5905000000000088,0.8771929824561403,0.7328571428571429
11165,ablate_R_C,0.82,0.86,0.79,0.35,0.22,0.6861521182245927,0.5749954750722087,0.8650054808107543,0.769925,0.7885714285714286,0.7786377708978328,0.5477857142857213,0.8551859099804305,0.73
11165,ablate_low_Hself,0.82,0.86,0.79,0.81,0.65,0.6913508348669833,0.5793519996185321,0.8677709901158405,0.8788250000000001,0.8392857142857143,0.8293460925039873,0.6458571428571559,0.8767605633802817,0.8114285714285714
11165,single_superpower_A_TF,0.95,0.42,0.45,0.43,0.58,0.5037100675367299,0.3583897130523833,0.7411914916386123,0.82355,0.7164285714285714,0.7389240506329114,0.4422142857142863,0.725417439703154,0.77
11166,full_D5,0.82,0.86,0.79,0.81,0.22,0.811528550296579,0.6800609251485332,0.9317007276157682,0.8078750000000001,0.8728571428571429,0.8708661417322835,0.7168928571428718,0.9337626494940202,0.7764285714285715
11166,ablate_A_TF,0.35,0.86,0.79,0.81,0.22,0.6844703526060364,0.3966505693351981,0.7897979025898697,0.7174,0.735,0.7179054054054054,0.4626428571428588,0.7684989429175476,0.6757142857142857
11166,ablate_I,0.82,0.35,0.79,0.81,0.22,0.6779813102181979,0.41255162726777345,0.7953083192917405,0.8078750000000001,0.7521428571428571,0.7504051863857374,0.494285714285719,0.789622641509434,0.7571428571428571
11166,ablate_C_T,0.82,0.86,0.35,0.81,0.22,0.6895916496278887,0.5778778023881708,0.8668351739360516,0.759475,0.8128571428571428,0.809748427672956,0.6045357142857233,0.877139979859013,0.7092857142857143
11166,ablate_R_C,0.82,0.86,0.79,0.35,0.22,0.6861521182245927,0.5749954750722087,0.8650054808107543,0.769925,0.805,0.8018867924528302,0.5883571428571506,0.8742690058479532,0.7328571428571429
11166,ablate_low_Hself,0.82,0.86,0.79,0.81,0.65,0.6913508348669833,0.5793519996185321,0.8677709901158405,0.8788250000000001,0.8142857142857143,0.814873417721519,0.6066071428571539,0.8458149779735683,0.8107142857142857
11166,single_superpower_A_TF,0.95,0.42,0.45,0.43,0.58,0.5037100675367299,0.3583897130523833,0.7411914916386123,0.82355,0.7128571428571429,0.7001594896331739,0.40510714285713967,0.7447584320875114,0.7835714285714286
11167,full_D5,0.82,0.86,0.79,0.81,0.22,0.811528550296579,0.6800609251485332,0.9317007276157682,0.8078750000000001,0.8678571428571429,0.8521870286576169,0.6895000000000133,0.9283054003724395,0.7671428571428571
11167,ablate_A_TF,0.35,0.86,0.79,0.81,0.22,0.6844703526060364,0.3966505693351981,0.7897979025898697,0.7174,0.705,0.6993355481727574,0.4128928571428555,0.7689030883919062,0.6707142857142857
11167,ablate_I,0.82,0.35,0.79,0.81,0.22,0.6779813102181979,0.41255162726777345,0.7953083192917405,0.8078750000000001,0.7478571428571429,0.7198748043818466,0.4538214285714316,0.7912395153774464,0.7664285714285715
11167,ablate_C_T,0.82,0.86,0.35,0.81,0.22,0.6895916496278887,0.5778778023881708,0.8668351739360516,0.759475,0.8028571428571428,0.7770992366412214,0.5589285714285773,0.8727272727272727,0.7071428571428572
11167,ablate_R_C,0.82,0.86,0.79,0.35,0.22,0.6861521182245927,0.5749954750722087,0.8650054808107543,0.769925,0.8135714285714286,0.8166939443535188,0.6162500000000121,0.8727272727272727,0.7464285714285714
11167,ablate_low_Hself,0.82,0.86,0.79,0.81,0.65,0.6913508348669833,0.5793519996185321,0.8677709901158405,0.8788250000000001,0.8221428571428572,0.8363047001620746,0.6366071428571553,0.8519480519480519,0.825
11167,single_superpower_A_TF,0.95,0.42,0.45,0.43,0.58,0.5037100675367299,0.3583897130523833,0.7411914916386123,0.82355,0.73,0.7165354330708661,0.4341785714285725,0.7451523545706371,0.7735714285714286
11168,full_D5,0.82,0.86,0.79,0.81,0.22,0.811528550296579,0.6800609251485332,0.9317007276157682,0.8078750000000001,0.8592857142857143,0.8708206686930091,0.7002857142857272,0.9325095057034221,0.7514285714285714
11168,ablate_A_TF,0.35,0.86,0.79,0.81,0.22,0.6844703526060364,0.3966505693351981,0.7897979025898697,0.7174,0.725,0.7221374045801526,0.43171428571428694,0.7757510729613734,0.6657142857142857
11168,ablate_I,0.82,0.35,0.79,0.81,0.22,0.6779813102181979,0.41255162726777345,0.7953083192917405,0.8078750000000001,0.7307142857142858,0.7302325581395349,0.44460714285714303,0.7697431018078021,0.7507142857142857
11168,ablate_C_T,0.82,0.86,0.35,0.81,0.22,0.6895916496278887,0.5778778023881708,0.8668351739360516,0.759475,0.7871428571428571,0.7884012539184952,0.5583928571428646,0.8567164179104477,0.7178571428571429
11168,ablate_R_C,0.82,0.86,0.79,0.35,0.22,0.6861521182245927,0.5749954750722087,0.8650054808107543,0.769925,0.8121428571428572,0.797716150081566,0.5995357142857224,0.8710976837865055,0.7092857142857143
11168,ablate_low_Hself,0.82,0.86,0.79,0.81,0.65,0.6913508348669833,0.5793519996185321,0.8677709901158405,0.8788250000000001,0.8428571428571429,0.8534351145038168,0.6653928571428703,0.8804251550044287,0.8064285714285714
11168,single_superpower_A_TF,0.95,0.42,0.45,0.43,0.58,0.5037100675367299,0.3583897130523833,0.7411914916386123,0.82355,0.7457142857142857,0.7527386541471048,0.48121428571429,0.7707182320441989,0.7757142857142857
11169,full_D5,0.82,0.86,0.79,0.81,0.22,0.811528550296579,0.6800609251485332,0.9317007276157682,0.8078750000000001,0.8585714285714285,0.8718801996672213,0.7099285714285853,0.9232902033271719,0.7728571428571429
11169,ablate_A_TF,0.35,0.86,0.79,0.81,0.22,0.6844703526060364,0.3966505693351981,0.7897979025898697,0.7174,0.7407142857142858,0.7419354838709677,0.4779285714285735,0.8037578288100209,0.6842857142857143
11169,ablate_I,0.82,0.35,0.79,0.81,0.22,0.6779813102181979,0.41255162726777345,0.7953083192917405,0.8078750000000001,0.77,0.7657232704402516,0.5191071428571508,0.8084507042253521,0.7607142857142857
11169,ablate_C_T,0.82,0.86,0.35,0.81,0.22,0.6895916496278887,0.5778778023881708,0.8668351739360516,0.759475,0.7978571428571428,0.7990196078431373,0.5861428571428676,0.8611111111111112,0.72
11169,ablate_R_C,0.82,0.86,0.79,0.35,0.22,0.6861521182245927,0.5749954750722087,0.8650054808107543,0.769925,0.8028571428571428,0.7987321711568938,0.5854642857142944,0.8659384309831182,0.7192857142857143
11169,ablate_low_Hself,0.82,0.86,0.79,0.81,0.65,0.6913508348669833,0.5793519996185321,0.8677709901158405,0.8788250000000001,0.8078571428571428,0.8085808580858086,0.6011428571428674,0.8545296167247387,0.82
11169,single_superpower_A_TF,0.95,0.42,0.45,0.43,0.58,0.5037100675367299,0.3583897130523833,0.7411914916386123,0.82355,0.7192857142857143,0.7001569858712716,0.4078571428571414,0.7462962962962963,0.7714285714285715
11170,full_D5,0.82,0.86,0.79,0.81,0.22,0.811528550296579,0.6800609251485332,0.9317007276157682,0.8078750000000001,0.865,0.8652931854199684,0.7052500000000139,0.9328984156570364,0.7664285714285715
11170,ablate_A_TF,0.35,0.86,0.79,0.81,0.22,0.6844703526060364,0.3966505693351981,0.7897979025898697,0.7174,0.735,0.7598116169544741,0.4828571428571455,0.7851063829787234,0.6714285714285714
11170,ablate_I,0.82,0.35,0.79,0.81,0.22,0.6779813102181979,0.41255162726777345,0.7953083192917405,0.8078750000000001,0.7428571428571429,0.746606334841629,0.4651785714285739,0.7772511848341233,0.7535714285714286
11170,ablate_C_T,0.82,0.86,0.35,0.81,0.22,0.6895916496278887,0.5778778023881708,0.8668351739360516,0.759475,0.7914285714285715,0.7756410256410257,0.5555714285714358,0.8605577689243028,0.7171428571428572
11170,ablate_R_C,0.82,0.86,0.79,0.35,0.22,0.6861521182245927,0.5749954750722087,0.8650054808107543,0.769925,0.7914285714285715,0.7887096774193548,0.5683928571428655,0.8507462686567164,0.7178571428571429
11170,ablate_low_Hself,0.82,0.86,0.79,0.81,0.65,0.6913508348669833,0.5793519996185321,0.8677709901158405,0.8788250000000001,0.8421428571428572,0.8092868988391376,0.6367500000000126,0.8887923544743701,0.8221428571428572
11170,single_superpower_A_TF,0.95,0.42,0.45,0.43,0.58,0.5037100675367299,0.3583897130523833,0.7411914916386123,0.82355,0.7178571428571429,0.7177033492822966,0.4263571428571416,0.7365988909426987,0.7728571428571429
11171,full_D5,0.82,0.86,0.79,0.81,0.22,0.811528550296579,0.6800609251485332,0.9317007276157682,0.8078750000000001,0.8521428571428571,0.8562596599690881,0.6811428571428702,0.9325842696629213,0.7628571428571429
11171,ablate_A_TF,0.35,0.86,0.79,0.81,0.22,0.6844703526060364,0.3966505693351981,0.7897979025898697,0.7174,0.735,0.7213855421686747,0.43817857142857375,0.7936333699231614,0.6507142857142857
11171,ablate_I,0.82,0.35,0.79,0.81,0.22,0.6779813102181979,0.41255162726777345,0.7953083192917405,0.8078750000000001,0.7692857142857142,0.7740863787375415,0.5368928571428628,0.8059981255857545,0.7621428571428571
11171,ablate_C_T,0.82,0.86,0.35,0.81,0.22,0.6895916496278887,0.5778778023881708,0.8668351739360516,0.759475,0.815,0.800314465408805,0.597428571428581,0.8745059288537549,0.7228571428571429
11171,ablate_R_C,0.82,0.86,0.79,0.35,0.22,0.6861521182245927,0.5749954750722087,0.8650054808107543,0.769925,0.8207142857142857,0.8186119873817035,0.619714285714297,0.8706225680933852,0.7342857142857143
11171,ablate_low_Hself,0.82,0.86,0.79,0.81,0.65,0.6913508348669833,0.5793519996185321,0.8677709901158405,0.8788250000000001,0.8307142857142857,0.8294701986754967,0.6421071428571549,0.8621877691645133,0.8292857142857143
11171,single_superpower_A_TF,0.95,0.42,0.45,0.43,0.58,0.5037100675367299,0.3583897130523833,0.7411914916386123,0.82355,0.7121428571428572,0.7030015797788309,0.40449999999999803,0.7239488117001828,0.7814285714285715
11172,full_D5,0.82,0.86,0.79,0.81,0.22,0.811528550296579,0.6800609251485332,0.9317007276157682,0.8078750000000001,0.8535714285714285,0.8607784431137725,0.683428571428584,0.9281609195402298,0.7457142857142857
11172,ablate_A_TF,0.35,0.86,0.79,0.81,0.22,0.6844703526060364,0.3966505693351981,0.7897979025898697,0.7174,0.7257142857142858,0.719435736677116,0.43628571428571333,0.7891949152542372,0.6742857142857143
11172,ablate_I,0.82,0.35,0.79,0.81,0.22,0.6779813102181979,0.41255162726777345,0.7953083192917405,0.8078750000000001,0.7421428571428571,0.7647058823529411,0.4922500000000036,0.7845868152274837,0.7692857142857142
11172,ablate_C_T,0.82,0.86,0.35,0.81,0.22,0.6895916496278887,0.5778778023881708,0.8668351739360516,0.759475,0.8092857142857143,0.8009188361408882,0.5875714285714372,0.875,0.72
11172,ablate_R_C,0.82,0.86,0.79,0.35,0.22,0.6861521182245927,0.5749954750722087,0.8650054808107543,0.769925,0.7928571428571428,0.7558528428093646,0.5483214285714357,0.8599801390268124,0.7192857142857143
11172,ablate_low_Hself,0.82,0.86,0.79,0.81,0.65,0.6913508348669833,0.5793519996185321,0.8677709901158405,0.8788250000000001,0.8192857142857143,0.8161993769470405,0.6093571428571541,0.8540587219343696,0.8271428571428572
11172,single_superpower_A_TF,0.95,0.42,0.45,0.43,0.58,0.5037100675367299,0.3583897130523833,0.7411914916386123,0.82355,0.725,0.716236722306525,0.41914285714285704,0.7509225092250923,0.7742857142857142
11173,full_D5,0.82,0.86,0.79,0.81,0.22,0.811528550296579,0.6800609251485332,0.9317007276157682,0.8078750000000001,0.8507142857142858,0.8534621578099839,0.6822500000000133,0.9192200557103064,0.7692857142857142
11173,ablate_A_TF,0.35,0.86,0.79,0.81,0.22,0.6844703526060364,0.3966505693351981,0.7897979025898697,0.7174,0.745,0.7323481116584565,0.47746428571428784,0.800205973223481,0.6935714285714286
11173,ablate_I,0.82,0.35,0.79,0.81,0.22,0.6779813102181979,0.41255162726777345,0.7953083192917405,0.8078750000000001,0.7728571428571429,0.778675282714055,0.5385357142857208,0.8001850138760407,0.7721428571428571
11173,ablate_C_T,0.82,0.86,0.35,0.81,0.22,0.6895916496278887,0.5778778023881708,0.8668351739360516,0.759475,0.8057142857142857,0.7940298507462686,0.5736071428571501,0.8825331971399387,0.6992857142857143
11173,ablate_R_C,0.82,0.86,0.79,0.35,0.22,0.6861521182245927,0.5749954750722087,0.8650054808107543,0.769925,0.8057142857142857,0.7922480620155039,0.5794285714285803,0.8739754098360656,0.6971428571428572
11173,ablate_low_Hself,0.82,0.86,0.79,0.81,0.65,0.6913508348669833,0.5793519996185321,0.8677709901158405,0.8788250000000001,0.8342857142857143,0.8380386329866271,0.6381071428571556,0.8711385701676964,0.8092857142857143
11173,single_superpower_A_TF,0.95,0.42,0.45,0.43,0.58,0.5037100675367299,0.3583897130523833,0.7411914916386123,0.82355,0.7314285714285714,0.7193251533742331,0.4305357142857149,0.7493212669683258,0.7892857142857143
11174,full_D5,0.82,0.86,0.79,0.81,0.22,0.811528550296579,0.6800609251485332,0.9317007276157682,0.8078750000000001,0.8607142857142858,0.8544,0.6925714285714427,0.9382022471910112,0.7628571428571429
11174,ablate_A_TF,0.35,0.86,0.79,0.81,0.22,0.6844703526060364,0.3966505693351981,0.7897979025898697,0.7174,0.7307142857142858,0.7240829346092504,0.45025000000000065,0.7888531618435155,0.6664285714285715
11174,ablate_I,0.82,0.35,0.79,0.81,0.22,0.6779813102181979,0.41255162726777345,0.7953083192917405,0.8078750000000001,0.755,0.764525993883792,0.49789285714286163,0.8017324350336862,0.7421428571428571
11174,ablate_C_T,0.82,0.86,0.35,0.81,0.22,0.6895916496278887,0.5778778023881708,0.8668351739360516,0.759475,0.8185714285714286,0.8248407643312102,0.6248571428571537,0.876953125,0.7314285714285714
11174,ablate_R_C,0.82,0.86,0.79,0.35,0.22,0.6861521182245927,0.5749954750722087,0.8650054808107543,0.769925,0.7935714285714286,0.8044515103338633,0.5810714285714361,0.8514563106796117,0.7357142857142858
11174,ablate_low_Hself,0.82,0.86,0.79,0.81,0.65,0.6913508348669833,0.5793519996185321,0.8677709901158405,0.8788250000000001,0.8128571428571428,0.8484848484848485,0.6427857142857282,0.8537005163511188,0.83
11174,single_superpower_A_TF,0.95,0.42,0.45,0.43,0.58,0.5037100675367299,0.3583897130523833,0.7411914916386123,0.82355,0.7178571428571429,0.7065390749601276,0.4167142857142853,0.7397388059701493,0.7657142857142857
11175,full_D5,0.82,0.86,0.79,0.81,0.22,0.811528550296579,0.6800609251485332,0.9317007276157682,0.8078750000000001,0.8764285714285714,0.8676236044657097,0.7188214285714438,0.9405306495882891,0.7807142857142857
11175,ablate_A_TF,0.35,0.86,0.79,0.81,0.22,0.6844703526060364,0.3966505693351981,0.7897979025898697,0.7174,0.7242857142857143,0.7232,0.441714285714287,0.7772177419354839,0.7085714285714285
11175,ablate_I,0.82,0.35,0.79,0.81,0.22,0.6779813102181979,0.41255162726777345,0.7953083192917405,0.8078750000000001,0.7392857142857143,0.7523510971786834,0.4760357142857169,0.774500475737393,0.7507142857142857
11175,ablate_C_T,0.82,0.86,0.35,0.81,0.22,0.6895916496278887,0.5778778023881708,0.8668351739360516,0.759475,0.7921428571428571,0.7793880837359098,0.5602857142857225,0.8705533596837944,0.7228571428571429
11175,ablate_R_C,0.82,0.86,0.79,0.35,0.22,0.6861521182245927,0.5749954750722087,0.8650054808107543,0.769925,0.8057142857142857,0.7796875,0.5680714285714387,0.8668639053254438,0.7242857142857143
11175,ablate_low_Hself,0.82,0.86,0.79,0.81,0.65,0.6913508348669833,0.5793519996185321,0.8677709901158405,0.8788250000000001,0.8421428571428572,0.8448,0.6628214285714421,0.8825591586327782,0.815
11175,single_superpower_A_TF,0.95,0.42,0.45,0.43,0.58,0.5037100675367299,0.3583897130523833,0.7411914916386123,0.82355,0.7278571428571429,0.7344,0.4512142857142864,0.759493670886076,0.79
11176,full_D5,0.82,0.86,0.79,0.81,0.22,0.811528550296579,0.6800609251485332,0.9317007276157682,0.8078750000000001,0.87,0.8701923076923077,0.7160000000000146,0.9365671641791045,0.7657142857142857
11176,ablate_A_TF,0.35,0.86,0.79,0.81,0.22,0.6844703526060364,0.3966505693351981,0.7897979025898697,0.7174,0.7264285714285714,0.7327188940092166,0.44335714285714467,0.7670807453416149,0.69
11176,ablate_I,0.82,0.35,0.79,0.81,0.22,0.6779813102181979,0.41255162726777345,0.7953083192917405,0.8078750000000001,0.7664285714285715,0.7719298245614035,0.5256785714285781,0.8031341821743389,0.7292857142857143
11176,ablate_C_T,0.82,0.86,0.35,0.81,0.22,0.6895916496278887,0.5778778023881708,0.8668351739360516,0.759475,0.7935714285714286,0.7895569620253164,0.5675714285714368,0.8571428571428571,0.72
11176,ablate_R_C,0.82,0.86,0.79,0.35,0.22,0.6861521182245927,0.5749954750722087,0.8650054808107543,0.769925,0.7864285714285715,0.7813455657492355,0.5460714285714355,0.8445544554455445,0.7214285714285714
11176,ablate_low_Hself,0.82,0.86,0.79,0.81,0.65,0.6913508348669833,0.5793519996185321,0.8677709901158405,0.8788250000000001,0.8585714285714285,0.8421052631578947,0.680142857142872,0.8961937716262975,0.8257142857142857
11176,single_superpower_A_TF,0.95,0.42,0.45,0.43,0.58,0.5037100675367299,0.3583897130523833,0.7411914916386123,0.82355,0.7428571428571429,0.744408945686901,0.4754285714285743,0.7582720588235294,0.7771428571428571
11177,full_D5,0.82,0.86,0.79,0.81,0.22,0.811528550296579,0.6800609251485332,0.9317007276157682,0.8078750000000001,0.8535714285714285,0.8634222919937206,0.69114285714287,0.9260299625468165,0.7628571428571429
11177,ablate_A_TF,0.35,0.86,0.79,0.81,0.22,0.6844703526060364,0.3966505693351981,0.7897979025898697,0.7174,0.7328571428571429,0.7429906542056075,0.4640714285714301,0.7948164146868251,0.6614285714285715
11177,ablate_I,0.82,0.35,0.79,0.81,0.22,0.6779813102181979,0.41255162726777345,0.7953083192917405,0.8078750000000001,0.7664285714285715,0.781591263650546,0.5281785714285788,0.7927170868347339,0.765
11177,ablate_C_T,0.82,0.86,0.35,0.81,0.22,0.6895916496278887,0.5778778023881708,0.8668351739360516,0.759475,0.7942857142857143,0.8,0.5692857142857226,0.8568627450980392,0.7285714285714285
11177,ablate_R_C,0.82,0.86,0.79,0.35,0.22,0.6861521182245927,0.5749954750722087,0.8650054808107543,0.769925,0.8014285714285714,0.8006279434850864,0.5837142857142955,0.860236220472441,0.7257142857142858
11177,ablate_low_Hself,0.82,0.86,0.79,0.81,0.65,0.6913508348669833,0.5793519996185321,0.8677709901158405,0.8788250000000001,0.82,0.8296875,0.6228928571428696,0.8671268334771355,0.8278571428571428
11177,single_superpower_A_TF,0.95,0.42,0.45,0.43,0.58,0.5037100675367299,0.3583897130523833,0.7411914916386123,0.82355,0.7128571428571429,0.717628705148206,0.41514285714285426,0.7308394160583942,0.7828571428571428
11178,full_D5,0.82,0.86,0.79,0.81,0.22,0.811528550296579,0.6800609251485332,0.9317007276157682,0.8078750000000001,0.8492857142857143,0.851063829787234,0.6812857142857273,0.9201127819548872,0.76
11178,ablate_A_TF,0.35,0.86,0.79,0.81,0.22,0.6844703526060364,0.3966505693351981,0.7897979025898697,0.7174,0.7521428571428571,0.7445378151260504,0.5003571428571463,0.788659793814433,0.6928571428571428
11178,ablate_I,0.82,0.35,0.79,0.81,0.22,0.6779813102181979,0.41255162726777345,0.7953083192917405,0.8078750000000001,0.7414285714285714,0.7579113924050633,0.4843214285714323,0.7859128822984245,0.7707142857142857
11178,ablate_C_T,0.82,0.86,0.35,0.81,0.22,0.6895916496278887,0.5778778023881708,0.8668351739360516,0.759475,0.7957142857142857,0.7736434108527132,0.5508928571428643,0.8689655172413793,0.725
11178,ablate_R_C,0.82,0.86,0.79,0.35,0.22,0.6861521182245927,0.5749954750722087,0.8650054808107543,0.769925,0.8092857142857143,0.8242811501597445,0.6154285714285819,0.8628404669260701,0.7342857142857143
11178,ablate_low_Hself,0.82,0.86,0.79,0.81,0.65,0.6913508348669833,0.5793519996185321,0.8677709901158405,0.8788250000000001,0.8414285714285714,0.8501683501683501,0.6725357142857268,0.8674080410607357,0.835
11178,single_superpower_A_TF,0.95,0.42,0.45,0.43,0.58,0.5037100675367299,0.3583897130523833,0.7411914916386123,0.82355,0.705,0.7305389221556886,0.40960714285714056,0.7264239028944911,0.765
11179,full_D5,0.82,0.86,0.79,0.81,0.22,0.811528550296579,0.6800609251485332,0.9317007276157682,0.8078750000000001,0.8642857142857143,0.8588957055214724,0.6948214285714414,0.9333333333333333,0.7607142857142857
11179,ablate_A_TF,0.35,0.86,0.79,0.81,0.22,0.6844703526060364,0.3966505693351981,0.7897979025898697,0.7174,0.7414285714285714,0.7400611620795107,0.4639642857142886,0.7946336429308566,0.6921428571428572
11179,ablate_I,0.82,0.35,0.79,0.81,0.22,0.6779813102181979,0.41255162726777345,0.7953083192917405,0.8078750000000001,0.7507142857142857,0.7535101404056163,0.4873214285714336,0.781042654028436,0.7535714285714286
11179,ablate_C_T,0.82,0.86,0.35,0.81,0.22,0.6895916496278887,0.5778778023881708,0.8668351739360516,0.759475,0.8014285714285714,0.8105590062111802,0.5910000000000093,0.8774703557312253,0.7228571428571429
11179,ablate_R_C,0.82,0.86,0.79,0.35,0.22,0.6861521182245927,0.5749954750722087,0.8650054808107543,0.769925,0.7914285714285715,0.7932618683001531,0.5625357142857212,0.8701684836471755,0.7207142857142858
11179,ablate_low_Hself,0.82,0.86,0.79,0.81,0.65,0.6913508348669833,0.5793519996185321,0.8677709901158405,0.8788250000000001,0.84,0.8286189683860233,0.6513571428571558,0.8691910499139415,0.83
11179,single_superpower_A_TF,0.95,0.42,0.45,0.43,0.58,0.5037100675367299,0.3583897130523833,0.7411914916386123,0.82355,0.7328571428571429,0.7438423645320197,0.4720000000000026,0.7584586466165414,0.76
11180,full_D5,0.82,0.86,0.79,0.81,0.22,0.811528550296579,0.6800609251485332,0.9317007276157682,0.8078750000000001,0.86,0.8333333333333334,0.6778571428571549,0.9245283018867925,0.7571428571428571
11180,ablate_A_TF,0.35,0.86,0.79,0.81,0.22,0.6844703526060364,0.3966505693351981,0.7897979025898697,0.7174,0.71,0.7091757387247278,0.40992857142856987,0.7678958785249458,0.6585714285714286
11180,ablate_I,0.82,0.35,0.79,0.81,0.22,0.6779813102181979,0.41255162726777345,0.7953083192917405,0.8078750000000001,0.75,0.7671875,0.4983928571428627,0.7944700460829494,0.775
11180,ablate_C_T,0.82,0.86,0.35,0.81,0.22,0.6895916496278887,0.5778778023881708,0.8668351739360516,0.759475,0.785,0.785829307568438,0.5596071428571506,0.8557013118062563,0.7078571428571429
11180,ablate_R_C,0.82,0.86,0.79,0.35,0.22,0.6861521182245927,0.5749954750722087,0.8650054808107543,0.769925,0.8121428571428572,0.8349358974358975,0.6278928571428671,0.8546679499518768,0.7421428571428571
11180,ablate_low_Hself,0.82,0.86,0.79,0.81,0.65,0.6913508348669833,0.5793519996185321,0.8677709901158405,0.8788250000000001,0.8428571428571429,0.8407350689127105,0.6529285714285834,0.8721934369602763,0.8271428571428572
11180,single_superpower_A_TF,0.95,0.42,0.45,0.43,0.58,0.5037100675367299,0.3583897130523833,0.7411914916386123,0.82355,0.7307142857142858,0.7142857142857143,0.43610714285714475,0.7616777883698761,0.7492857142857143
11181,full_D5,0.82,0.86,0.79,0.81,0.22,0.811528550296579,0.6800609251485332,0.9317007276157682,0.8078750000000001,0.8621428571428571,0.8729903536977492,0.7122500000000129,0.9382835101253616,0.7407142857142858
11181,ablate_A_TF,0.35,0.86,0.79,0.81,0.22,0.6844703526060364,0.3966505693351981,0.7897979025898697,0.7174,0.7642857142857142,0.7702060221870047,0.5227500000000064,0.8099688473520249,0.6878571428571428
11181,ablate_I,0.82,0.35,0.79,0.81,0.22,0.6779813102181979,0.41255162726777345,0.7953083192917405,0.8078750000000001,0.7542857142857143,0.7543581616481775,0.4952857142857189,0.8003802281368821,0.7514285714285714
11181,ablate_C_T,0.82,0.86,0.35,0.81,0.22,0.6895916496278887,0.5778778023881708,0.8668351739360516,0.759475,0.7935714285714286,0.8183254344391785,0.5950714285714381,0.8580375782881002,0.6842857142857143
11181,ablate_R_C,0.82,0.86,0.79,0.35,0.22,0.6861521182245927,0.5749954750722087,0.8650054808107543,0.769925,0.8078571428571428,0.7954911433172303,0.5902500000000085,0.8795656465942744,0.7235714285714285
11181,ablate_low_Hself,0.82,0.86,0.79,0.81,0.65,0.6913508348669833,0.5793519996185321,0.8677709901158405,0.8788250000000001,0.8128571428571428,0.822884012539185,0.6094285714285841,0.8494897959183674,0.84
11181,single_superpower_A_TF,0.95,0.42,0.45,0.43,0.58,0.5037100675367299,0.3583897130523833,0.7411914916386123,0.82355,0.7435714285714285,0.7444794952681388,0.4730357142857197,0.7607305936073059,0.7821428571428571
11182,full_D5,0.82,0.86,0.79,0.81,0.22,0.811528550296579,0.6800609251485332,0.9317007276157682,0.8078750000000001,0.8621428571428571,0.859375,0.6955000000000129,0.924015009380863,0.7614285714285715
11182,ablate_A_TF,0.35,0.86,0.79,0.81,0.22,0.6844703526060364,0.3966505693351981,0.7897979025898697,0.7174,0.75,0.7561374795417348,0.5026428571428618,0.8126293995859213,0.69
11182,ablate_I,0.82,0.35,0.79,0.81,0.22,0.6779813102181979,0.41255162726777345,0.7953083192917405,0.8078750000000001,0.75,0.746218487394958,0.4966428571428619,0.7950664136622391,0.7528571428571429
11182,ablate_C_T,0.82,0.86,0.35,0.81,0.22,0.6895916496278887,0.5778778023881708,0.8668351739360516,0.759475,0.7907142857142857,0.7928902627511591,0.563000000000009,0.859251968503937,0.7257142857142858
11182,ablate_R_C,0.82,0.86,0.79,0.35,0.22,0.6861521182245927,0.5749954750722087,0.8650054808107543,0.769925,0.7864285714285715,0.8101472995090017,0.5854642857142948,0.8571428571428571,0.705
11182,ablate_low_Hself,0.82,0.86,0.79,0.81,0.65,0.6913508348669833,0.5793519996185321,0.8677709901158405,0.8788250000000001,0.8264285714285714,0.8229508196721311,0.6312142857142974,0.8603839441535777,0.8185714285714286
11182,single_superpower_A_TF,0.95,0.42,0.45,0.43,0.58,0.5037100675367299,0.3583897130523833,0.7411914916386123,0.82355,0.7178571428571429,0.717628705148206,0.42107142857142676,0.7327102803738318,0.7642857142857142
11183,full_D5,0.82,0.86,0.79,0.81,0.22,0.811528550296579,0.6800609251485332,0.9317007276157682,0.8078750000000001,0.8707142857142857,0.8667763157894737,0.7167500000000135,0.938375350140056,0.765
11183,ablate_A_TF,0.35,0.86,0.79,0.81,0.22,0.6844703526060364,0.3966505693351981,0.7897979025898697,0.7174,0.7435714285714285,0.7469325153374233,0.4746071428571463,0.799140708915145,0.665
11183,ablate_I,0.82,0.35,0.79,0.81,0.22,0.6779813102181979,0.41255162726777345,0.7953083192917405,0.8078750000000001,0.7785714285714286,0.7472178060413355,0.514464285714291,0.8202898550724638,0.7392857142857143
11183,ablate_C_T,0.82,0.86,0.35,0.81,0.22,0.6895916496278887,0.5778778023881708,0.8668351739360516,0.759475,0.8107142857142857,0.7991137370753324,0.5806071428571509,0.8843469591226321,0.7164285714285714
11183,ablate_R_C,0.82,0.86,0.79,0.35,0.22,0.6861521182245927,0.5749954750722087,0.8650054808107543,0.769925,0.7828571428571428,0.7824675324675324,0.5550714285714352,0.8467583497053045,0.7271428571428571
11183,ablate_low_Hself,0.82,0.86,0.79,0.81,0.65,0.6913508348669833,0.5793519996185321,0.8677709901158405,0.8788250000000001,0.83,0.8338323353293413,0.6298214285714404,0.8626609442060086,0.8321428571428572
11183,single_superpower_A_TF,0.95,0.42,0.45,0.43,0.58,0.5037100675367299,0.3583897130523833,0.7411914916386123,0.82355,0.7271428571428571,0.7311475409836066,0.4534285714285732,0.7472826086956522,0.7885714285714286
11184,full_D5,0.82,0.86,0.79,0.81,0.22,0.811528550296579,0.6800609251485332,0.9317007276157682,0.8078750000000001,0.8671428571428571,0.8569230769230769,0.6959285714285848,0.9292364990689013,0.7671428571428571
11184,ablate_A_TF,0.35,0.86,0.79,0.81,0.22,0.6844703526060364,0.3966505693351981,0.7897979025898697,0.7174,0.7292857142857143,0.719047619047619,0.44253571428571514,0.7913593256059009,0.6778571428571428
11184,ablate_I,0.82,0.35,0.79,0.81,0.22,0.6779813102181979,0.41255162726777345,0.7953083192917405,0.8078750000000001,0.75,0.7424698795180723,0.46775000000000316,0.786453433678269,0.7592857142857142
11184,ablate_C_T,0.82,0.86,0.35,0.81,0.22,0.6895916496278887,0.5778778023881708,0.8668351739360516,0.759475,0.7814285714285715,0.7933042212518195,0.5430357142857207,0.84321608040201,0.7107142857142857
11184,ablate_R_C,0.82,0.86,0.79,0.35,0.22,0.6861521182245927,0.5749954750722087,0.8650054808107543,0.769925,0.7992857142857143,0.7848101265822784,0.5674642857142937,0.8601332064700286,0.7507142857142857
11184,ablate_low_Hself,0.82,0.86,0.79,0.81,0.65,0.6913508348669833,0.5793519996185321,0.8677709901158405,0.8788250000000001,0.8307142857142857,0.8317307692307693,0.6402142857142983,0.8712522045855379,0.81
11184,single_superpower_A_TF,0.95,0.42,0.45,0.43,0.58,0.5037100675367299,0.3583897130523833,0.7411914916386123,0.82355,0.7085714285714285,0.6949152542372882,0.38646428571428115,0.7343039126478617,0.785
11185,full_D5,0.82,0.86,0.79,0.81,0.22,0.811528550296579,0.6800609251485332,0.9317007276157682,0.8078750000000001,0.865,0.8408037094281299,0.680321428571441,0.9324452901998097,0.7507142857142857
11185,ablate_A_TF,0.35,0.86,0.79,0.81,0.22,0.6844703526060364,0.3966505693351981,0.7897979025898697,0.7174,0.7471428571428571,0.7579113924050633,0.4950357142857183,0.7965921192758253,0.6707142857142857
11185,ablate_I,0.82,0.35,0.79,0.81,0.22,0.6779813102181979,0.41255162726777345,0.7953083192917405,0.8078750000000001,0.7635714285714286,0.7587859424920128,0.5101428571428626,0.8001893939393939,0.7542857142857143
11185,ablate_C_T,0.82,0.86,0.35,0.81,0.22,0.6895916496278887,0.5778778023881708,0.8668351739360516,0.759475,0.7971428571428572,0.7968,0.5803571428571507,0.8616161616161616,0.7071428571428572
11185,ablate_R_C,0.82,0.86,0.79,0.35,0.22,0.6861521182245927,0.5749954750722087,0.8650054808107543,0.769925,0.8121428571428572,0.8191653786707882,0.6088928571428666,0.8852621167161226,0.7221428571428572
11185,ablate_low_Hself,0.82,0.86,0.79,0.81,0.65,0.6913508348669833,0.5793519996185321,0.8677709901158405,0.8788250000000001,0.83,0.8431061806656102,0.6466785714285852,0.8644501278772379,0.8378571428571429
11185,single_superpower_A_TF,0.95,0.42,0.45,0.43,0.58,0.5037100675367299,0.3583897130523833,0.7411914916386123,0.82355,0.7257142857142858,0.7303543913713405,0.4365000000000021,0.7540983606557377,0.7842857142857143
11186,full_D5,0.82,0.86,0.79,0.81,0.22,0.811528550296579,0.6800609251485332,0.9317007276157682,0.8078750000000001,0.8571428571428571,0.8517350157728707,0.6848571428571554,0.9266917293233082,0.76
11186,ablate_A_TF,0.35,0.86,0.79,0.81,0.22,0.6844703526060364,0.3966505693351981,0.7897979025898697,0.7174,0.73,0.7080062794348508,0.4306071428571433,0.7783669141039237,0.6735714285714286
11186,ablate_I,0.82,0.35,0.79,0.81,0.22,0.6779813102181979,0.41255162726777345,0.7953083192917405,0.8078750000000001,0.7685714285714286,0.7664670658682635,0.5073214285714335,0.8,0.7678571428571429
11186,ablate_C_T,0.82,0.86,0.35,0.81,0.22,0.6895916496278887,0.5778778023881708,0.8668351739360516,0.759475,0.7914285714285715,0.8042763157894737,0.58517857142858,0.864039408866995,0.725
11186,ablate_R_C,0.82,0.86,0.79,0.35,0.22,0.6861521182245927,0.5749954750722087,0.8650054808107543,0.769925,0.8135714285714286,0.8033898305084746,0.6113928571428666,0.8550440744368266,0.7292857142857143
11186,ablate_low_Hself,0.82,0.86,0.79,0.81,0.65,0.6913508348669833,0.5793519996185321,0.8677709901158405,0.8788250000000001,0.8435714285714285,0.8492063492063492,0.6662142857142999,0.8765008576329331,0.8328571428571429
11186,single_superpower_A_TF,0.95,0.42,0.45,0.43,0.58,0.5037100675367299,0.3583897130523833,0.7411914916386123,0.82355,0.7142857142857143,0.7100313479623824,0.4113214285714283,0.7285318559556787,0.7735714285714286
11187,full_D5,0.82,0.86,0.79,0.81,0.22,0.811528550296579,0.6800609251485332,0.9317007276157682,0.8078750000000001,0.85,0.8443759630200308,0.668785714285725,0.9313346228239845,0.7385714285714285
11187,ablate_A_TF,0.35,0.86,0.79,0.81,0.22,0.6844703526060364,0.3966505693351981,0.7897979025898697,0.7174,0.74,0.7222222222222222,0.4637142857142881,0.7756410256410257,0.6685714285714286
11187,ablate_I,0.82,0.35,0.79,0.81,0.22,0.6779813102181979,0.41255162726777345,0.7953083192917405,0.8078750000000001,0.755,0.7730263157894737,0.520107142857148,0.78240302743614,0.755
11187,ablate_C_T,0.82,0.86,0.35,0.81,0.22,0.6895916496278887,0.5778778023881708,0.8668351739360516,0.759475,0.7985714285714286,0.7770700636942676,0.5628928571428654,0.8618618618618619,0.7135714285714285
11187,ablate_R_C,0.82,0.86,0.79,0.35,0.22,0.6861521182245927,0.5749954750722087,0.8650054808107543,0.769925,0.79,0.7852564102564102,0.5638928571428642,0.8558187435633368,0.6935714285714286
11187,ablate_low_Hself,0.82,0.86,0.79,0.81,0.65,0.6913508348669833,0.5793519996185321,0.8677709901158405,0.8788250000000001,0.8085714285714286,0.8181818181818182,0.6019642857142966,0.8393013100436681,0.8178571428571428
11187,single_superpower_A_TF,0.95,0.42,0.45,0.43,0.58,0.5037100675367299,0.3583897130523833,0.7411914916386123,0.82355,0.7335714285714285,0.7522388059701492,0.4581785714285744,0.7609710550887021,0.765
11188,full_D5,0.82,0.86,0.79,0.81,0.22,0.811528550296579,0.6800609251485332,0.9317007276157682,0.8078750000000001,0.8678571428571429,0.8912,0.7323928571428721,0.9338303821062441,0.7664285714285715
11188,ablate_A_TF,0.35,0.86,0.79,0.81,0.22,0.6844703526060364,0.3966505693351981,0.7897979025898697,0.7174,0.7292857142857143,0.7196850393700788,0.4406071428571436,0.7767393561786086,0.6878571428571428
11188,ablate_I,0.82,0.35,0.79,0.81,0.22,0.6779813102181979,0.41255162726777345,0.7953083192917405,0.8078750000000001,0.7514285714285714,0.7487520798668885,0.4971428571428621,0.787962962962963,0.7714285714285715
11188,ablate_C_T,0.82,0.86,0.35,0.81,0.22,0.6895916496278887,0.5778778023881708,0.8668351739360516,0.759475,0.785,0.779578606158833,0.5542142857142934,0.8542074363992173,0.73
11188,ablate_R_C,0.82,0.86,0.79,0.35,0.22,0.6861521182245927,0.5749954750722087,0.8650054808107543,0.769925,0.8021428571428572,0.8068535825545171,0.5892142857142947,0.873253493013972,0.7157142857142857
11188,ablate_low_Hself,0.82,0.86,0.79,0.81,0.65,0.6913508348669833,0.5793519996185321,0.8677709901158405,0.8788250000000001,0.8164285714285714,0.8222940226171244,0.618428571428582,0.8618881118881119,0.8171428571428572
11188,single_superpower_A_TF,0.95,0.42,0.45,0.43,0.58,0.5037100675367299,0.3583897130523833,0.7411914916386123,0.82355,0.7264285714285714,0.7181102362204724,0.4316071428571434,0.7470319634703196,0.7821428571428571
11189,full_D5,0.82,0.86,0.79,0.81,0.22,0.811528550296579,0.6800609251485332,0.9317007276157682,0.8078750000000001,0.8614285714285714,0.8791208791208791,0.7131428571428717,0.9225746268656716,0.7657142857142857
11189,ablate_A_TF,0.35,0.86,0.79,0.81,0.22,0.6844703526060364,0.3966505693351981,0.7897979025898697,0.7174,0.7478571428571429,0.7376788553259142,0.47685714285714603,0.7854251012145749,0.7057142857142857
11189,ablate_I,0.82,0.35,0.79,0.81,0.22,0.6779813102181979,0.41255162726777345,0.7953083192917405,0.8078750000000001,0.7557142857142857,0.7457364341085271,0.48428571428571787,0.7932692307692307,0.7428571428571429
11189,ablate_C_T,0.82,0.86,0.35,0.81,0.22,0.6895916496278887,0.5778778023881708,0.8668351739360516,0.759475,0.8,0.8219814241486069,0.5994285714285807,0.8651574803149606,0.7257142857142858
11189,ablate_R_C,0.82,0.86,0.79,0.35,0.22,0.6861521182245927,0.5749954750722087,0.8650054808107543,0.769925,0.7907142857142857,0.8029315960912052,0.5825000000000081,0.8505050505050505,0.7071428571428572
11189,ablate_low_Hself,0.82,0.86,0.79,0.81,0.65,0.6913508348669833,0.5793519996185321,0.8677709901158405,0.8788250000000001,0.8364285714285714,0.8414023372287145,0.6598214285714414,0.8655021834061135,0.8178571428571428
11189,single_superpower_A_TF,0.95,0.42,0.45,0.43,0.58,0.5037100675367299,0.3583897130523833,0.7411914916386123,0.82355,0.7214285714285714,0.7365930599369085,0.44450000000000117,0.7458100558659218,0.7671428571428571
11190,full_D5,0.82,0.86,0.79,0.81,0.22,0.811528550296579,0.6800609251485332,0.9317007276157682,0.8078750000000001,0.88,0.8929159802306426,0.749678571428586,0.9380362249761678,0.7492857142857143
11190,ablate_A_TF,0.35,0.86,0.79,0.81,0.22,0.6844703526060364,0.3966505693351981,0.7897979025898697,0.7174,0.7471428571428571,0.7512116316639742,0.4931785714285747,0.8117770767613038,0.6792857142857143
11190,ablate_I,0.82,0.35,0.79,0.81,0.22,0.6779813102181979,0.41255162726777345,0.7953083192917405,0.8078750000000001,0.73,0.7064676616915423,0.43953571428571464,0.7758784425451092,0.7521428571428571
11190,ablate_C_T,0.82,0.86,0.35,0.81,0.22,0.6895916496278887,0.5778778023881708,0.8668351739360516,0.759475,0.795,0.7954545454545454,0.5802857142857218,0.8827160493827161,0.6942857142857143
11190,ablate_R_C,0.82,0.86,0.79,0.35,0.22,0.6861521182245927,0.5749954750722087,0.8650054808107543,0.769925,0.8135714285714286,0.8158295281582952,0.6042142857142967,0.8776908023483366,0.73
11190,ablate_low_Hself,0.82,0.86,0.79,0.81,0.65,0.6913508348669833,0.5793519996185321,0.8677709901158405,0.8788250000000001,0.8364285714285714,0.8302469135802469,0.6375714285714408,0.8698630136986302,0.8342857142857143
11190,single_superpower_A_TF,0.95,0.42,0.45,0.43,0.58,0.5037100675367299,0.3583897130523833,0.7411914916386123,0.82355,0.7135714285714285,0.7089201877934272,0.40921428571428303,0.7365988909426987,0.7728571428571429
11191,full_D5,0.82,0.86,0.79,0.81,0.22,0.811528550296579,0.6800609251485332,0.9317007276157682,0.8078750000000001,0.8521428571428571,0.8503184713375797,0.6811071428571558,0.9280855199222546,0.735
11191,ablate_A_TF,0.35,0.86,0.79,0.81,0.22,0.6844703526060364,0.3966505693351981,0.7897979025898697,0.7174,0.7364285714285714,0.6983606557377049,0.4405357142857159,0.7848648648648648,0.6607142857142857
11191,ablate_I,0.82,0.35,0.79,0.81,0.22,0.6779813102181979,0.41255162726777345,0.7953083192917405,0.8078750000000001,0.7535714285714286,0.7748447204968945,0.5088214285714339,0.7948717948717948,0.7521428571428571
11191,ablate_C_T,0.82,0.86,0.35,0.81,0.22,0.6895916496278887,0.5778778023881708,0.8668351739360516,0.759475,0.8,0.787085514834206,0.5892857142857229,0.8794117647058823,0.7285714285714285
11191,ablate_R_C,0.82,0.86,0.79,0.35,0.22,0.6861521182245927,0.5749954750722087,0.8650054808107543,0.769925,0.7807142857142857,0.7911392405063291,0.5560000000000074,0.8606719367588933,0.7228571428571429
11191,ablate_low_Hself,0.82,0.86,0.79,0.81,0.65,0.6913508348669833,0.5793519996185321,0.8677709901158405,0.8788250000000001,0.815,0.8077519379844961,0.5966428571428662,0.8604852686308492,0.8242857142857143
11191,single_superpower_A_TF,0.95,0.42,0.45,0.43,0.58,0.5037100675367299,0.3583897130523833,0.7411914916386123,0.82355,0.7192857142857143,0.7047308319738989,0.4219285714285703,0.7366482504604052,0.7757142857142857
11192,full_D5,0.82,0.86,0.79,0.81,0.22,0.811528550296579,0.6800609251485332,0.9317007276157682,0.8078750000000001,0.8771428571428571,0.8680781758957655,0.723785714285728,0.9421252371916509,0.7528571428571429
11192,ablate_A_TF,0.35,0.86,0.79,0.81,0.22,0.6844703526060364,0.3966505693351981,0.7897979025898697,0.7174,0.7235714285714285,0.7087227414330218,0.42153571428571396,0.7676560900716479,0.6978571428571428
11192,ablate_I,0.82,0.35,0.79,0.81,0.22,0.6779813102181979,0.41255162726777345,0.7953083192917405,0.8078750000000001,0.7428571428571429,0.7399030694668821,0.4747500000000036,0.7703842549203374,0.7621428571428571
11192,ablate_C_T,0.82,0.86,0.35,0.81,0.22,0.6895916496278887,0.5778778023881708,0.8668351739360516,0.759475,0.8085714285714286,0.8186195826645265,0.6111071428571513,0.869177403369673,0.7207142857142858
11192,ablate_R_C,0.82,0.86,0.79,0.35,0.22,0.6861521182245927,0.5749954750722087,0.8650054808107543,0.769925,0.7971428571428572,0.7734899328859061,0.568392857142865,0.8706467661691543,0.7178571428571429
11192,ablate_low_Hself,0.82,0.86,0.79,0.81,0.65,0.6913508348669833,0.5793519996185321,0.8677709901158405,0.8788250000000001,0.8407142857142857,0.820919175911252,0.6386785714285822,0.8786279683377308,0.8121428571428572
11192,single_superpower_A_TF,0.95,0.42,0.45,0.43,0.58,0.5037100675367299,0.3583897130523833,0.7411914916386123,0.82355,0.7164285714285714,0.7335526315789473,0.44625000000000115,0.7290322580645161,0.775
11193,full_D5,0.82,0.86,0.79,0.81,0.22,0.811528550296579,0.6800609251485332,0.9317007276157682,0.8078750000000001,0.8507142857142858,0.8441358024691358,0.6676785714285842,0.9225806451612903,0.775
11193,ablate_A_TF,0.35,0.86,0.79,0.81,0.22,0.6844703526060364,0.3966505693351981,0.7897979025898697,0.7174,0.7264285714285714,0.7015151515151515,0.4116428571428555,0.7815845824411135,0.6671428571428571
11193,ablate_I,0.82,0.35,0.79,0.81,0.22,0.6779813102181979,0.41255162726777345,0.7953083192917405,0.8078750000000001,0.7557142857142857,0.7727272727272727,0.5108214285714333,0.7965941343424787,0.755
11193,ablate_C_T,0.82,0.86,0.35,0.81,0.22,0.6895916496278887,0.5778778023881708,0.8668351739360516,0.759475,0.82,0.8257328990228013,0.630285714285726,0.8856589147286822,0.7371428571428571
11193,ablate_R_C,0.82,0.86,0.79,0.35,0.22,0.6861521182245927,0.5749954750722087,0.8650054808107543,0.769925,0.8207142857142857,0.8125,0.6171071428571531,0.8756121449559255,0.7292857142857143
11193,ablate_low_Hself,0.82,0.86,0.79,0.81,0.65,0.6913508348669833,0.5793519996185321,0.8677709901158405,0.8788250000000001,0.8385714285714285,0.8552845528455284,0.6708214285714417,0.8795074758135444,0.8121428571428572
11193,single_superpower_A_TF,0.95,0.42,0.45,0.43,0.58,0.5037100675367299,0.3583897130523833,0.7411914916386123,0.82355,0.7207142857142858,0.7290322580645161,0.4423571428571439,0.7364990689013036,0.7671428571428571
11194,full_D5,0.82,0.86,0.79,0.81,0.22,0.811528550296579,0.6800609251485332,0.9317007276157682,0.8078750000000001,0.8464285714285714,0.8504983388704319,0.6800000000000128,0.9132075471698113,0.7571428571428571
11194,ablate_A_TF,0.35,0.86,0.79,0.81,0.22,0.6844703526060364,0.3966505693351981,0.7897979025898697,0.7174,0.7214285714285714,0.7242990654205608,0.4347500000000004,0.7571277719112989,0.6764285714285714
11194,ablate_I,0.82,0.35,0.79,0.81,0.22,0.6779813102181979,0.41255162726777345,0.7953083192917405,0.8078750000000001,0.775,0.7713365539452496,0.5347857142857221,0.8202676864244742,0.7471428571428571
11194,ablate_C_T,0.82,0.86,0.35,0.81,0.22,0.6895916496278887,0.5778778023881708,0.8668351739360516,0.759475,0.8028571428571428,0.7915309446254072,0.5827500000000081,0.8667305848513902,0.745
11194,ablate_R_C,0.82,0.86,0.79,0.35,0.22,0.6861521182245927,0.5749954750722087,0.8650054808107543,0.769925,0.8,0.7861538461538462,0.5663928571428642,0.8623853211009175,0.7007142857142857
11194,ablate_low_Hself,0.82,0.86,0.79,0.81,0.65,0.6913508348669833,0.5793519996185321,0.8677709901158405,0.8788250000000001,0.8285714285714286,0.8195956454121306,0.622535714285727,0.8689105403011514,0.8064285714285714
11194,single_superpower_A_TF,0.95,0.42,0.45,0.43,0.58,0.5037100675367299,0.3583897130523833,0.7411914916386123,0.82355,0.7214285714285714,0.7192982456140351,0.4319285714285718,0.7420262664165104,0.7614285714285715
11195,full_D5,0.82,0.86,0.79,0.81,0.22,0.811528550296579,0.6800609251485332,0.9317007276157682,0.8078750000000001,0.865,0.8578125,0.6971785714285849,0.9291784702549575,0.7564285714285715
11195,ablate_A_TF,0.35,0.86,0.79,0.81,0.22,0.6844703526060364,0.3966505693351981,0.7897979025898697,0.7174,0.7378571428571429,0.7423312883435583,0.4641785714285735,0.7889713679745494,0.6735714285714286
11195,ablate_I,0.82,0.35,0.79,0.81,0.22,0.6779813102181979,0.41255162726777345,0.7953083192917405,0.8078750000000001,0.7621428571428571,0.76,0.5008214285714342,0.8012999071494893,0.7692857142857142
11195,ablate_C_T,0.82,0.86,0.35,0.81,0.22,0.6895916496278887,0.5778778023881708,0.8668351739360516,0.759475,0.8064285714285714,0.7892234548335975,0.5804642857142923,0.8907646474677259,0.7192857142857143
11195,ablate_R_C,0.82,0.86,0.79,0.35,0.22,0.6861521182245927,0.5749954750722087,0.8650054808107543,0.769925,0.7921428571428571,0.7819672131147541,0.5657857142857222,0.8595284872298625,0.7271428571428571
11195,ablate_low_Hself,0.82,0.86,0.79,0.81,0.65,0.6913508348669833,0.5793519996185321,0.8677709901158405,0.8788250000000001,0.8257142857142857,0.8227848101265823,0.6242142857142976,0.8597246127366609,0.83
11195,single_superpower_A_TF,0.95,0.42,0.45,0.43,0.58,0.5037100675367299,0.3583897130523833,0.7411914916386123,0.82355,0.7214285714285714,0.7325581395348837,0.45307142857143035,0.7392923649906891,0.7671428571428571
11196,full_D5,0.82,0.86,0.79,0.81,0.22,0.811528550296579,0.6800609251485332,0.9317007276157682,0.8078750000000001,0.8621428571428571,0.8729641693811075,0.7124642857142982,0.9299719887955182,0.765
11196,ablate_A_TF,0.35,0.86,0.79,0.81,0.22,0.6844703526060364,0.3966505693351981,0.7897979025898697,0.7174,0.7435714285714285,0.7515923566878981,0.4881071428571462,0.8127053669222344,0.6521428571428571
11196,ablate_I,0.82,0.35,0.79,0.81,0.22,0.6779813102181979,0.41255162726777345,0.7953083192917405,0.8078750000000001,0.7592857142857142,0.7491694352159468,0.506464285714292,0.7844080846968239,0.7421428571428571
11196,ablate_C_T,0.82,0.86,0.35,0.81,0.22,0.6895916496278887,0.5778778023881708,0.8668351739360516,0.759475,0.805,0.8177339901477833,0.611035714285724,0.8718466195761857,0.7078571428571429
11196,ablate_R_C,0.82,0.86,0.79,0.35,0.22,0.6861521182245927,0.5749954750722087,0.8650054808107543,0.769925,0.8014285714285714,0.8021806853582555,0.584142857142865,0.8605577689243028,0.7171428571428572
11196,ablate_low_Hself,0.82,0.86,0.79,0.81,0.65,0.6913508348669833,0.5793519996185321,0.8677709901158405,0.8788250000000001,0.8257142857142857,0.8235294117647058,0.634607142857155,0.8618592528236316,0.8221428571428572
11196,single_superpower_A_TF,0.95,0.42,0.45,0.43,0.58,0.5037100675367299,0.3583897130523833,0.7411914916386123,0.82355,0.7242857142857143,0.7081260364842454,0.43400000000000133,0.7417279411764706,0.7771428571428571
11197,full_D5,0.82,0.86,0.79,0.81,0.22,0.811528550296579,0.6800609251485332,0.9317007276157682,0.8078750000000001,0.8642857142857143,0.8678343949044586,0.7076785714285843,0.9342723004694836,0.7607142857142857
11197,ablate_A_TF,0.35,0.86,0.79,0.81,0.22,0.6844703526060364,0.3966505693351981,0.7897979025898697,0.7174,0.7414285714285714,0.7419354838709677,0.4784285714285748,0.7759336099585062,0.6885714285714286
11197,ablate_I,0.82,0.35,0.79,0.81,0.22,0.6779813102181979,0.41255162726777345,0.7953083192917405,0.8078750000000001,0.7485714285714286,0.7343511450381679,0.4614642857142902,0.7905468025949953,0.7707142857142857
11197,ablate_C_T,0.82,0.86,0.35,0.81,0.22,0.6895916496278887,0.5778778023881708,0.8668351739360516,0.759475,0.7985714285714286,0.7906976744186046,0.5827500000000082,0.8673978065802592,0.7164285714285714
11197,ablate_R_C,0.82,0.86,0.79,0.35,0.22,0.6861521182245927,0.5749954750722087,0.8650054808107543,0.769925,0.7885714285714286,0.7915360501567398,0.563000000000007,0.8524096385542169,0.7114285714285714
11197,ablate_low_Hself,0.82,0.86,0.79,0.81,0.65,0.6913508348669833,0.5793519996185321,0.8677709901158405,0.8788250000000001,0.8414285714285714,0.8499234303215927,0.6595714285714424,0.871160409556314,0.8371428571428572
11197,single_superpower_A_TF,0.95,0.42,0.45,0.43,0.58,0.5037100675367299,0.3583897130523833,0.7411914916386123,0.82355,0.7342857142857143,0.7394578313253012,0.44782142857142915,0.7547683923705722,0.7864285714285715
11198,full_D5,0.82,0.86,0.79,0.81,0.22,0.811528550296579,0.6800609251485332,0.9317007276157682,0.8078750000000001,0.8664285714285714,0.8730407523510971,0.7128214285714422,0.9245994344957588,0.7578571428571429
11198,ablate_A_TF,0.35,0.86,0.79,0.81,0.22,0.6844703526060364,0.3966505693351981,0.7897979025898697,0.7174,0.7357142857142858,0.7340764331210191,0.46339285714286005,0.7915343915343915,0.675
11198,ablate_I,0.82,0.35,0.79,0.81,0.22,0.6779813102181979,0.41255162726777345,0.7953083192917405,0.8078750000000001,0.7478571428571429,0.740506329113924,0.4757857142857175,0.7911153119092628,0.7557142857142857
11198,ablate_C_T,0.82,0.86,0.35,0.81,0.22,0.6895916496278887,0.5778778023881708,0.8668351739360516,0.759475,0.7935714285714286,0.7937293729372937,0.5792857142857242,0.854,0.7142857142857143
11198,ablate_R_C,0.82,0.86,0.79,0.35,0.22,0.6861521182245927,0.5749954750722087,0.8650054808107543,0.769925,0.7971428571428572,0.7937984496124031,0.571821428571436,0.8543983822042467,0.7064285714285714
11198,ablate_low_Hself,0.82,0.86,0.79,0.81,0.65,0.6913508348669833,0.5793519996185321,0.8677709901158405,0.8788250000000001,0.8314285714285714,0.8210702341137124,0.6371785714285857,0.8723037100949094,0.8278571428571428
11198,single_superpower_A_TF,0.95,0.42,0.45,0.43,0.58,0.5037100675367299,0.3583897130523833,0.7411914916386123,0.82355,0.7285714285714285,0.7210365853658537,0.42878571428571427,0.7607076350093109,0.7671428571428571
11199,full_D5,0.82,0.86,0.79,0.81,0.22,0.811528550296579,0.6800609251485332,0.9317007276157682,0.8078750000000001,0.8564285714285714,0.8459214501510574,0.6731071428571564,0.9344729344729344,0.7521428571428571
11199,ablate_A_TF,0.35,0.86,0.79,0.81,0.22,0.6844703526060364,0.3966505693351981,0.7897979025898697,0.7174,0.7371428571428571,0.7337461300309598,0.4587857142857167,0.7943107221006565,0.6528571428571428
11199,ablate_I,0.82,0.35,0.79,0.81,0.22,0.6779813102181979,0.41255162726777345,0.7953083192917405,0.8078750000000001,0.74,0.7635782747603834,0.4906071428571465,0.7789275634995296,0.7592857142857142
11199,ablate_C_T,0.82,0.86,0.35,0.81,0.22,0.6895916496278887,0.5778778023881708,0.8668351739360516,0.759475,0.805,0.82,0.6018928571428663,0.8639523336643495,0.7192857142857143
11199,ablate_R_C,0.82,0.86,0.79,0.35,0.22,0.6861521182245927,0.5749954750722087,0.8650054808107543,0.769925,0.81,0.7993630573248408,0.5944285714285805,0.8734939759036144,0.7114285714285714
11199,ablate_low_Hself,0.82,0.86,0.79,0.81,0.65,0.6913508348669833,0.5793519996185321,0.8677709901158405,0.8788250000000001,0.8292857142857143,0.8379705400981997,0.646357142857155,0.8803786574870912,0.83
11199,single_superpower_A_TF,0.95,0.42,0.45,0.43,0.58,0.5037100675367299,0.3583897130523833,0.7411914916386123,0.82355,0.7257142857142858,0.7142857142857143,0.4330714285714281,0.7569832402234636,0.7671428571428571
11200,full_D5,0.82,0.86,0.79,0.81,0.22,0.811528550296579,0.6800609251485332,0.9317007276157682,0.8078750000000001,0.8557142857142858,0.867330016583748,0.7035357142857287,0.9283694627709708,0.7578571428571429
11200,ablate_A_TF,0.35,0.86,0.79,0.81,0.22,0.6844703526060364,0.3966505693351981,0.7897979025898697,0.7174,0.7342857142857143,0.7254901960784313,0.4612500000000016,0.787027027027027,0.6607142857142857
11200,ablate_I,0.82,0.35,0.79,0.81,0.22,0.6779813102181979,0.41255162726777345,0.7953083192917405,0.8078750000000001,0.7578571428571429,0.7465224111282844,0.4862142857142894,0.7992351816443595,0.7471428571428571
11200,ablate_C_T,0.82,0.86,0.35,0.81,0.22,0.6895916496278887,0.5778778023881708,0.8668351739360516,0.759475,0.8121428571428572,0.8238993710691824,0.6162500000000104,0.8776119402985074,0.7178571428571429
11200,ablate_R_C,0.82,0.86,0.79,0.35,0.22,0.6861521182245927,0.5749954750722087,0.8650054808107543,0.769925,0.7907142857142857,0.7879256965944272,0.558000000000007,0.8523166023166023,0.74
11200,ablate_low_Hself,0.82,0.86,0.79,0.81,0.65,0.6913508348669833,0.5793519996185321,0.8677709901158405,0.8788250000000001,0.8364285714285714,0.8338762214983714,0.6500714285714401,0.8778558875219684,0.8128571428571428
11200,single_superpower_A_TF,0.95,0.42,0.45,0.43,0.58,0.5037100675367299,0.3583897130523833,0.7411914916386123,0.82355,0.73,0.7165605095541401,0.4380714285714291,0.75426944971537,0.7528571428571429
11201,full_D5,0.82,0.86,0.79,0.81,0.22,0.811528550296579,0.6800609251485332,0.9317007276157682,0.8078750000000001,0.8592857142857143,0.8536977491961415,0.6921071428571556,0.9346781940441883,0.7435714285714285
11201,ablate_A_TF,0.35,0.86,0.79,0.81,0.22,0.6844703526060364,0.3966505693351981,0.7897979025898697,0.7174,0.7292857142857143,0.7152,0.4404642857142852,0.7776628748707343,0.6907142857142857
11201,ablate_I,0.82,0.35,0.79,0.81,0.22,0.6779813102181979,0.41255162726777345,0.7953083192917405,0.8078750000000001,0.755,0.7658536585365854,0.5117500000000047,0.7982873453853473,0.7507142857142857
11201,ablate_C_T,0.82,0.86,0.35,0.81,0.22,0.6895916496278887,0.5778778023881708,0.8668351739360516,0.759475,0.785,0.7801652892561983,0.5604285714285792,0.8522727272727273,0.6914285714285714
11201,ablate_R_C,0.82,0.86,0.79,0.35,0.22,0.6861521182245927,0.5749954750722087,0.8650054808107543,0.769925,0.8085714285714286,0.8174726989079563,0.6053571428571523,0.8752475247524752,0.7214285714285714
11201,ablate_low_Hself,0.82,0.86,0.79,0.81,0.65,0.6913508348669833,0.5793519996185321,0.8677709901158405,0.8788250000000001,0.8392857142857143,0.8384491114701131,0.6551071428571564,0.8720829732065687,0.8264285714285714
11201,single_superpower_A_TF,0.95,0.42,0.45,0.43,0.58,0.5037100675367299,0.3583897130523833,0.7411914916386123,0.82355,0.705,0.7016393442622951,0.4063571428571426,0.7310536044362292,0.7728571428571429
11202,full_D5,0.82,0.86,0.79,0.81,0.22,0.811528550296579,0.6800609251485332,0.9317007276157682,0.8078750000000001,0.8685714285714285,0.865414710485133,0.7086071428571553,0.9307025986525506,0.7421428571428571
11202,ablate_A_TF,0.35,0.86,0.79,0.81,0.22,0.6844703526060364,0.3966505693351981,0.7897979025898697,0.7174,0.7442857142857143,0.7460063897763578,0.4838928571428601,0.790547798066595,0.665
11202,ablate_I,0.82,0.35,0.79,0.81,0.22,0.6779813102181979,0.41255162726777345,0.7953083192917405,0.8078750000000001,0.7578571428571429,0.7345575959933222,0.49282142857143346,0.7907634307257304,0.7578571428571429
11202,ablate_C_T,0.82,0.86,0.35,0.81,0.22,0.6895916496278887,0.5778778023881708,0.8668351739360516,0.759475,0.8085714285714286,0.8094435075885329,0.6107142857142942,0.8647058823529412,0.7285714285714285
11202,ablate_R_C,0.82,0.86,0.79,0.35,0.22,0.6861521182245927,0.5749954750722087,0.8650054808107543,0.769925,0.8092857142857143,0.8099838969404187,0.6033571428571526,0.8718929254302104,0.7471428571428571
11202,ablate_low_Hself,0.82,0.86,0.79,0.81,0.65,0.6913508348669833,0.5793519996185321,0.8677709901158405,0.8788250000000001,0.835,0.8473154362416108,0.6640000000000121,0.8736933797909407,0.82
11202,single_superpower_A_TF,0.95,0.42,0.45,0.43,0.58,0.5037100675367299,0.3583897130523833,0.7411914916386123,0.82355,0.735,0.734959349593496,0.46335714285714596,0.7559852670349908,0.7757142857142857
11203,full_D5,0.82,0.86,0.79,0.81,0.22,0.811528550296579,0.6800609251485332,0.9317007276157682,0.8078750000000001,0.8571428571428571,0.8646864686468647,0.7023214285714421,0.9184834123222749,0.7535714285714286
11203,ablate_A_TF,0.35,0.86,0.79,0.81,0.22,0.6844703526060364,0.3966505693351981,0.7897979025898697,0.7174,0.7414285714285714,0.7248840803709428,0.4528928571428592,0.7883211678832117,0.685
11203,ablate_I,0.82,0.35,0.79,0.81,0.22,0.6779813102181979,0.41255162726777345,0.7953083192917405,0.8078750000000001,0.7364285714285714,0.7318718381112985,0.47228571428571714,0.7606177606177607,0.74
11203,ablate_C_T,0.82,0.86,0.35,0.81,0.22,0.6895916496278887,0.5778778023881708,0.8668351739360516,0.759475,0.8064285714285714,0.8076923076923077,0.5923571428571508,0.8732394366197183,0.71
11203,ablate_R_C,0.82,0.86,0.79,0.35,0.22,0.6861521182245927,0.5749954750722087,0.8650054808107543,0.769925,0.7907142857142857,0.7877358490566038,0.5619285714285804,0.8558648111332008,0.7185714285714285
11203,ablate_low_Hself,0.82,0.86,0.79,0.81,0.65,0.6913508348669833,0.5793519996185321,0.8677709901158405,0.8788250000000001,0.8528571428571429,0.8377535101404057,0.661642857142871,0.8835845896147404,0.8528571428571429
11203,single_superpower_A_TF,0.95,0.42,0.45,0.43,0.58,0.5037100675367299,0.3583897130523833,0.7411914916386123,0.82355,0.735,0.7447833065810594,0.4680714285714332,0.748653500897666,0.7957142857142857
11204,full_D5,0.82,0.86,0.79,0.81,0.22,0.811528550296579,0.6800609251485332,0.9317007276157682,0.8078750000000001,0.8707142857142857,0.8564668769716088,0.7028214285714416,0.943449575871819,0.7578571428571429
11204,ablate_A_TF,0.35,0.86,0.79,0.81,0.22,0.6844703526060364,0.3966505693351981,0.7897979025898697,0.7174,0.7307142857142858,0.740495867768595,0.471428571428575,0.7795918367346939,0.7
11204,ablate_I,0.82,0.35,0.79,0.81,0.22,0.6779813102181979,0.41255162726777345,0.7953083192917405,0.8078750000000001,0.7635714285714286,0.7543581616481775,0.5042500000000047,0.8020735155513666,0.7578571428571429
11204,ablate_C_T,0.82,0.86,0.35,0.81,0.22,0.6895916496278887,0.5778778023881708,0.8668351739360516,0.759475,0.8,0.7864992150706437,0.5696428571428647,0.8742574257425743,0.7214285714285714
11204,ablate_R_C,0.82,0.86,0.79,0.35,0.22,0.6861521182245927,0.5749954750722087,0.8650054808107543,0.769925,0.7971428571428572,0.8009404388714734,0.5800357142857225,0.8668668668668669,0.7135714285714285
11204,ablate_low_Hself,0.82,0.86,0.79,0.81,0.65,0.6913508348669833,0.5793519996185321,0.8677709901158405,0.8788250000000001,0.825,0.8341158059467919,0.6320000000000128,0.8651202749140894,0.8314285714285714
11204,single_superpower_A_TF,0.95,0.42,0.45,0.43,0.58,0.5037100675367299,0.3583897130523833,0.7411914916386123,0.82355,0.7192857142857143,0.7138211382113822,0.4295357142857131,0.7325256290773532,0.7664285714285715
11205,full_D5,0.82,0.86,0.79,0.81,0.22,0.811528550296579,0.6800609251485332,0.9317007276157682,0.8078750000000001,0.8457142857142858,0.8467741935483871,0.6722142857142982,0.9177693761814745,0.7557142857142857
11205,ablate_A_TF,0.35,0.86,0.79,0.81,0.22,0.6844703526060364,0.3966505693351981,0.7897979025898697,0.7174,0.7271428571428571,0.7198067632850241,0.4449285714285726,0.7898089171974523,0.6728571428571428
11205,ablate_I,0.82,0.35,0.79,0.81,0.22,0.6779813102181979,0.41255162726777345,0.7953083192917405,0.8078750000000001,0.7528571428571429,0.7329093799682035,0.4755714285714315,0.789272030651341,0.7457142857142857
11205,ablate_C_T,0.82,0.86,0.35,0.81,0.22,0.6895916496278887,0.5778778023881708,0.8668351739360516,0.759475,0.8157142857142857,0.8064516129032258,0.6087857142857234,0.8993963782696177,0.71
11205,ablate_R_C,0.82,0.86,0.79,0.35,0.22,0.6861521182245927,0.5749954750722087,0.8650054808107543,0.769925,0.8014285714285714,0.8009708737864077,0.5893571428571512,0.8565815324165029,0.7271428571428571
11205,ablate_low_Hself,0.82,0.86,0.79,0.81,0.65,0.6913508348669833,0.5793519996185321,0.8677709901158405,0.8788250000000001,0.8371428571428572,0.8303425774877651,0.6466428571428692,0.8798977853492334,0.8385714285714285
11205,single_superpower_A_TF,0.95,0.42,0.45,0.43,0.58,0.5037100675367299,0.3583897130523833,0.7411914916386123,0.82355,0.72,0.6824877250409165,0.4037499999999969,0.7488584474885844,0.7821428571428571
11206,full_D5,0.82,0.86,0.79,0.81,0.22,0.811528550296579,0.6800609251485332,0.9317007276157682,0.8078750000000001,0.8628571428571429,0.8506998444790047,0.6874642857142981,0.9365079365079365,0.765
11206,ablate_A_TF,0.35,0.86,0.79,0.81,0.22,0.6844703526060364,0.3966505693351981,0.7897979025898697,0.7174,0.715,0.6979969183359014,0.40107142857142597,0.7747368421052632,0.6785714285714286
11206,ablate_I,0.82,0.35,0.79,0.81,0.22,0.6779813102181979,0.41255162726777345,0.7953083192917405,0.8078750000000001,0.7614285714285715,0.7693498452012384,0.5111785714285765,0.7870105062082139,0.7478571428571429
11206,ablate_C_T,0.82,0.86,0.35,0.81,0.22,0.6895916496278887,0.5778778023881708,0.8668351739360516,0.759475,0.7892857142857143,0.7769110764430577,0.549535714285721,0.8610271903323263,0.7092857142857143
11206,ablate_R_C,0.82,0.86,0.79,0.35,0.22,0.6861521182245927,0.5749954750722087,0.8650054808107543,0.769925,0.79,0.7938311688311688,0.5736071428571503,0.8610827374872319,0.6992857142857143
11206,ablate_low_Hself,0.82,0.86,0.79,0.81,0.65,0.6913508348669833,0.5793519996185321,0.8677709901158405,0.8788250000000001,0.8307142857142857,0.8276972624798712,0.6362500000000135,0.8660944206008584,0.8321428571428572
11206,single_superpower_A_TF,0.95,0.42,0.45,0.43,0.58,0.5037100675367299,0.3583897130523833,0.7411914916386123,0.82355,0.7271428571428571,0.7030995106035889,0.4285357142857143,0.7502312673450509,0.7721428571428571
11207,full_D5,0.82,0.86,0.79,0.81,0.22,0.811528550296579,0.6800609251485332,0.9317007276157682,0.8078750000000001,0.8607142857142858,0.8666666666666667,0.7007142857142994,0.9403846153846154,0.7428571428571429
11207,ablate_A_TF,0.35,0.86,0.79,0.81,0.22,0.6844703526060364,0.3966505693351981,0.7897979025898697,0.7174,0.7585714285714286,0.7409733124018838,0.4892857142857167,0.8117021276595745,0.6714285714285714
11207,ablate_I,0.82,0.35,0.79,0.81,0.22,0.6779813102181979,0.41255162726777345,0.7953083192917405,0.8078750000000001,0.7621428571428571,0.7435064935064936,0.49917857142857475,0.7948226270373921,0.745
11207,ablate_C_T,0.82,0.86,0.35,0.81,0.22,0.6895916496278887,0.5778778023881708,0.8668351739360516,0.759475,0.7914285714285715,0.7810858143607706,0.5769642857142941,0.8626865671641791,0.7178571428571429
11207,ablate_R_C,0.82,0.86,0.79,0.35,0.22,0.6861521182245927,0.5749954750722087,0.8650054808107543,0.769925,0.7942857142857143,0.8064516129032258,0.5783928571428674,0.8646766169154229,0.7178571428571429
11207,ablate_low_Hself,0.82,0.86,0.79,0.81,0.65,0.6913508348669833,0.5793519996185321,0.8677709901158405,0.8788250000000001,0.8314285714285714,0.835725677830941,0.6429642857142969,0.8582541054451167,0.8264285714285714
11207,single_superpower_A_TF,0.95,0.42,0.45,0.43,0.58,0.5037100675367299,0.3583897130523833,0.7411914916386123,0.82355,0.7164285714285714,0.7085987261146497,0.41625000000000006,0.743778801843318,0.775
11208,full_D5,0.82,0.86,0.79,0.81,0.22,0.811528550296579,0.6800609251485332,0.9317007276157682,0.8078750000000001,0.86,0.8525121555915721,0.6923214285714417,0.9327014218009478,0.7535714285714286
11208,ablate_A_TF,0.35,0.86,0.79,0.81,0.22,0.6844703526060364,0.3966505693351981,0.7897979025898697,0.7174,0.7421428571428571,0.7312977099236642,0.45775000000000154,0.7995666305525461,0.6592857142857143
11208,ablate_I,0.82,0.35,0.79,0.81,0.22,0.6779813102181979,0.41255162726777345,0.7953083192917405,0.8078750000000001,0.7492857142857143,0.7507552870090635,0.4747857142857182,0.7918968692449355,0.7757142857142857
11208,ablate_C_T,0.82,0.86,0.35,0.81,0.22,0.6895916496278887,0.5778778023881708,0.8668351739360516,0.759475,0.7921428571428571,0.770516717325228,0.5404642857142916,0.8639523336643495,0.7192857142857143
11208,ablate_R_C,0.82,0.86,0.79,0.35,0.22,0.6861521182245927,0.5749954750722087,0.8650054808107543,0.769925,0.8092857142857143,0.8019639934533551,0.6005000000000104,0.8667992047713717,0.7185714285714285
11208,ablate_low_Hself,0.82,0.86,0.79,0.81,0.65,0.6913508348669833,0.5793519996185321,0.8677709901158405,0.8788250000000001,0.8321428571428572,0.8314238952536824,0.6437500000000117,0.8701298701298701,0.825
11208,single_superpower_A_TF,0.95,0.42,0.45,0.43,0.58,0.5037100675367299,0.3583897130523833,0.7411914916386123,0.82355,0.735,0.740506329113924,0.46146428571428777,0.7525022747952684,0.785
11209,full_D5,0.82,0.86,0.79,0.81,0.22,0.811528550296579,0.6800609251485332,0.9317007276157682,0.8078750000000001,0.8428571428571429,0.8504823151125402,0.6722500000000124,0.9214758751182592,0.755
11209,ablate_A_TF,0.35,0.86,0.79,0.81,0.22,0.6844703526060364,0.3966505693351981,0.7897979025898697,0.7174,0.7407142857142858,0.760586319218241,0.4979285714285759,0.7973856209150327,0.6557142857142857
11209,ablate_I,0.82,0.35,0.79,0.81,0.22,0.6779813102181979,0.41255162726777345,0.7953083192917405,0.8078750000000001,0.77,0.7855946398659966,0.5491785714285785,0.8137347130761995,0.7592857142857142
11209,ablate_C_T,0.82,0.86,0.35,0.81,0.22,0.6895916496278887,0.5778778023881708,0.8668351739360516,0.759475,0.8042857142857143,0.7953125,0.5811785714285803,0.8649453823237339,0.7192857142857143
11209,ablate_R_C,0.82,0.86,0.79,0.35,0.22,0.6861521182245927,0.5749954750722087,0.8650054808107543,0.769925,0.7971428571428572,0.8336106489184693,0.6188214285714397,0.8700906344410876,0.7092857142857143
11209,ablate_low_Hself,0.82,0.86,0.79,0.81,0.65,0.6913508348669833,0.5793519996185321,0.8677709901158405,0.8788250000000001,0.8357142857142857,0.847571189279732,0.6642857142857277,0.8836206896551724,0.8285714285714286
11209,single_superpower_A_TF,0.95,0.42,0.45,0.43,0.58,0.5037100675367299,0.3583897130523833,0.7411914916386123,0.82355,0.7207142857142858,0.7350157728706624,0.44182142857142803,0.7419651056014692,0.7778571428571428
11210,full_D5,0.82,0.86,0.79,0.81,0.22,0.811528550296579,0.6800609251485332,0.9317007276157682,0.8078750000000001,0.8564285714285714,0.8429237947122862,0.673678571428584,0.9220055710306406,0.7692857142857142
11210,ablate_A_TF,0.35,0.86,0.79,0.81,0.22,0.6844703526060364,0.3966505693351981,0.7897979025898697,0.7174,0.7571428571428571,0.7786499215070644,0.52221428571429,0.8123667377398721,0.67
11210,ablate_I,0.82,0.35,0.79,0.81,0.22,0.6779813102181979,0.41255162726777345,0.7953083192917405,0.8078750000000001,0.7821428571428571,0.7915309446254072,0.5609285714285803,0.8147113594040968,0.7671428571428571
11210,ablate_C_T,0.82,0.86,0.35,0.81,0.22,0.6895916496278887,0.5778778023881708,0.8668351739360516,0.759475,0.7828571428571428,0.7765273311897106,0.5492142857142939,0.8472505091649695,0.7014285714285714
11210,ablate_R_C,0.82,0.86,0.79,0.35,0.22,0.6861521182245927,0.5749954750722087,0.8650054808107543,0.769925,0.79,0.7731788079470199,0.5581785714285803,0.8605341246290801,0.7221428571428572
11210,ablate_low_Hself,0.82,0.86,0.79,0.81,0.65,0.6913508348669833,0.5793519996185321,0.8677709901158405,0.8788250000000001,0.8171428571428572,0.822884012539185,0.6143928571428681,0.8643042350907519,0.8264285714285714
11210,single_superpower_A_TF,0.95,0.42,0.45,0.43,0.58,0.5037100675367299,0.3583897130523833,0.7411914916386123,0.82355,0.6985714285714286,0.6594090202177294,0.34760714285713734,0.7357075913776945,0.7621428571428571
11211,full_D5,0.82,0.86,0.79,0.81,0.22,0.811528550296579,0.6800609251485332,0.9317007276157682,0.8078750000000001,0.8707142857142857,0.8734177215189873,0.7182142857142996,0.9355140186915888,0.7642857142857142
11211,ablate_A_TF,0.35,0.86,0.79,0.81,0.22,0.6844703526060364,0.3966505693351981,0.7897979025898697,0.7174,0.7271428571428571,0.7073552425665102,0.4268928571428559,0.7777777777777778,0.6621428571428571
11211,ablate_I,0.82,0.35,0.79,0.81,0.22,0.6779813102181979,0.41255162726777345,0.7953083192917405,0.8078750000000001,0.7621428571428571,0.758887171561051,0.501642857142862,0.7893738140417458,0.7528571428571429
11211,ablate_C_T,0.82,0.86,0.35,0.81,0.22,0.6895916496278887,0.5778778023881708,0.8668351739360516,0.759475,0.8121428571428572,0.8057784911717496,0.6032857142857241,0.875,0.72
11211,ablate_R_C,0.82,0.86,0.79,0.35,0.22,0.6861521182245927,0.5749954750722087,0.8650054808107543,0.769925,0.8192857142857143,0.8393700787401575,0.63750000000001,0.8881188118811881,0.7214285714285714
11211,ablate_low_Hself,0.82,0.86,0.79,0.81,0.65,0.6913508348669833,0.5793519996185321,0.8677709901158405,0.8788250000000001,0.8342857142857143,0.8350364963503649,0.6320357142857256,0.868766404199475,0.8164285714285714
11211,single_superpower_A_TF,0.95,0.42,0.45,0.43,0.58,0.5037100675367299,0.3583897130523833,0.7411914916386123,0.82355,0.7242857142857143,0.7181102362204724,0.4300357142857146,0.7479147358665431,0.7707142857142857
11212,full_D5,0.82,0.86,0.79,0.81,0.22,0.811528550296579,0.6800609251485332,0.9317007276157682,0.8078750000000001,0.8521428571428571,0.8704581358609794,0.6977142857142985,0.9272030651340997,0.7457142857142857
11212,ablate_A_TF,0.35,0.86,0.79,0.81,0.22,0.6844703526060364,0.3966505693351981,0.7897979025898697,0.7174,0.755,0.7379767827529021,0.49642857142857444,0.7978260869565217,0.6571428571428571
11212,ablate_I,0.82,0.35,0.79,0.81,0.22,0.6779813102181979,0.41255162726777345,0.7953083192917405,0.8078750000000001,0.75,0.7470686767169179,0.4964642857142896,0.789423984891407,0.7564285714285715
11212,ablate_C_T,0.82,0.86,0.35,0.81,0.22,0.6895916496278887,0.5778778023881708,0.8668351739360516,0.759475,0.7778571428571428,0.7627388535031847,0.5307500000000062,0.8508863399374348,0.685
11212,ablate_R_C,0.82,0.86,0.79,0.35,0.22,0.6861521182245927,0.5749954750722087,0.8650054808107543,0.769925,0.8021428571428572,0.7943368107302533,0.5690000000000082,0.8690476190476191,0.72
11212,ablate_low_Hself,0.82,0.86,0.79,0.81,0.65,0.6913508348669833,0.5793519996185321,0.8677709901158405,0.8788250000000001,0.8407142857142857,0.8413461538461539,0.6576071428571559,0.8748928877463582,0.8335714285714285
11212,single_superpower_A_TF,0.95,0.42,0.45,0.43,0.58,0.5037100675367299,0.3583897130523833,0.7411914916386123,0.82355,0.7278571428571429,0.7256371814092953,0.42874999999999985,0.7573459715639811,0.7535714285714286
11213,full_D5,0.82,0.86,0.79,0.81,0.22,0.811528550296579,0.6800609251485332,0.9317007276157682,0.8078750000000001,0.8707142857142857,0.8794435857805255,0.7208571428571567,0.9302973977695167,0.7685714285714286
11213,ablate_A_TF,0.35,0.86,0.79,0.81,0.22,0.6844703526060364,0.3966505693351981,0.7897979025898697,0.7174,0.715,0.7092084006462036,0.42460714285714174,0.7722878625134264,0.665
11213,ablate_I,0.82,0.35,0.79,0.81,0.22,0.6779813102181979,0.41255162726777345,0.7953083192917405,0.8078750000000001,0.7671428571428571,0.7598736176935229,0.5126071428571483,0.8147086914995224,0.7478571428571429
11213,ablate_C_T,0.82,0.86,0.35,0.81,0.22,0.6895916496278887,0.5778778023881708,0.8668351739360516,0.759475,0.795,0.7826771653543307,0.5618571428571507,0.8601190476190477,0.72
11213,ablate_R_C,0.82,0.86,0.79,0.35,0.22,0.6861521182245927,0.5749954750722087,0.8650054808107543,0.769925,0.8057142857142857,0.8166409861325116,0.5999285714285822,0.8692614770459082,0.7157142857142857
11213,ablate_low_Hself,0.82,0.86,0.79,0.81,0.65,0.6913508348669833,0.5793519996185321,0.8677709901158405,0.8788250000000001,0.8321428571428572,0.8322683706070287,0.6398928571428693,0.863905325443787,0.845
11213,single_superpower_A_TF,0.95,0.42,0.45,0.43,0.58,0.5037100675367299,0.3583897130523833,0.7411914916386123,0.82355,0.7285714285714285,0.7435114503816794,0.44960714285714437,0.7525206232813932,0.7792857142857142
11214,full_D5,0.82,0.86,0.79,0.81,0.22,0.811528550296579,0.6800609251485332,0.9317007276157682,0.8078750000000001,0.8485714285714285,0.831230283911672,0.6580357142857267,0.9175355450236967,0.7535714285714286
11214,ablate_A_TF,0.35,0.86,0.79,0.81,0.22,0.6844703526060364,0.3966505693351981,0.7897979025898697,0.7174,0.7371428571428571,0.7433903576982893,0.4687500000000026,0.7978142076502732,0.6535714285714286
11214,ablate_I,0.82,0.35,0.79,0.81,0.22,0.6779813102181979,0.41255162726777345,0.7953083192917405,0.8078750000000001,0.75,0.724031007751938,0.4570357142857163,0.7802400738688827,0.7735714285714286
11214,ablate_C_T,0.82,0.86,0.35,0.81,0.22,0.6895916496278887,0.5778778023881708,0.8668351739360516,0.759475,0.8092857142857143,0.8158730158730159,0.6074642857142967,0.8704253214638972,0.7221428571428572
11214,ablate_R_C,0.82,0.86,0.79,0.35,0.22,0.6861521182245927,0.5749954750722087,0.8650054808107543,0.769925,0.8092857142857143,0.8214849921011058,0.6112857142857246,0.8701171875,0.7314285714285714
11214,ablate_low_Hself,0.82,0.86,0.79,0.81,0.65,0.6913508348669833,0.5793519996185321,0.8677709901158405,0.8788250000000001,0.83,0.8333333333333334,0.6348928571428706,0.8696412948381452,0.8164285714285714
11214,single_superpower_A_TF,0.95,0.42,0.45,0.43,0.58,0.5037100675367299,0.3583897130523833,0.7411914916386123,0.82355,0.7221428571428572,0.721958925750395,0.43171428571428505,0.7582417582417582,0.78
11215,full_D5,0.82,0.86,0.79,0.81,0.22,0.811528550296579,0.6800609251485332,0.9317007276157682,0.8078750000000001,0.8607142857142858,0.8557692307692307,0.6949285714285847,0.9280230326295585,0.7442857142857143
11215,ablate_A_TF,0.35,0.86,0.79,0.81,0.22,0.6844703526060364,0.3966505693351981,0.7897979025898697,0.7174,0.7428571428571429,0.7421487603305785,0.4863928571428604,0.8023379383634431,0.6721428571428572
11215,ablate_I,0.82,0.35,0.79,0.81,0.22,0.6779813102181979,0.41255162726777345,0.7953083192917405,0.8078750000000001,0.7728571428571429,0.7895569620253164,0.5455000000000073,0.8126195028680688,0.7471428571428571
11215,ablate_C_T,0.82,0.86,0.35,0.81,0.22,0.6895916496278887,0.5778778023881708,0.8668351739360516,0.759475,0.8028571428571428,0.8057324840764332,0.5939642857142939,0.8740970072239422,0.6921428571428572
11215,ablate_R_C,0.82,0.86,0.79,0.35,0.22,0.6861521182245927,0.5749954750722087,0.8650054808107543,0.769925,0.7978571428571428,0.7774244833068362,0.5619642857142927,0.8656716417910447,0.7178571428571429
11215,ablate_low_Hself,0.82,0.86,0.79,0.81,0.65,0.6913508348669833,0.5793519996185321,0.8677709901158405,0.8788250000000001,0.8292857142857143,0.8306962025316456,0.6349285714285822,0.8734939759036144,0.83
11215,single_superpower_A_TF,0.95,0.42,0.45,0.43,0.58,0.5037100675367299,0.3583897130523833,0.7411914916386123,0.82355,0.7264285714285714,0.72,0.4269642857142872,0.7402714932126697,0.7892857142857143
11216,full_D5,0.82,0.86,0.79,0.81,0.22,0.811528550296579,0.6800609251485332,0.9317007276157682,0.8078750000000001,0.8635714285714285,0.8547655068078669,0.6892500000000129,0.9452449567723343,0.7435714285714285
11216,ablate_A_TF,0.35,0.86,0.79,0.81,0.22,0.6844703526060364,0.3966505693351981,0.7897979025898697,0.7174,0.7385714285714285,0.7391304347826086,0.4640714285714313,0.7888198757763976,0.69
11216,ablate_I,0.82,0.35,0.79,0.81,0.22,0.6779813102181979,0.41255162726777345,0.7953083192917405,0.8078750000000001,0.7621428571428571,0.7507739938080495,0.4945000000000032,0.8007590132827325,0.7528571428571429
11216,ablate_C_T,0.82,0.86,0.35,0.81,0.22,0.6895916496278887,0.5778778023881708,0.8668351739360516,0.759475,0.805,0.8204724409448819,0.6075357142857238,0.8699690402476781,0.6921428571428572
11216,ablate_R_C,0.82,0.86,0.79,0.35,0.22,0.6861521182245927,0.5749954750722087,0.8650054808107543,0.769925,0.7864285714285715,0.7735849056603774,0.5457142857142938,0.8591836734693877,0.7
11216,ablate_low_Hself,0.82,0.86,0.79,0.81,0.65,0.6913508348669833,0.5793519996185321,0.8677709901158405,0.8788250000000001,0.8235714285714286,0.8128930817610063,0.6127500000000115,0.863517060367454,0.8164285714285714
11216,single_superpower_A_TF,0.95,0.42,0.45,0.43,0.58,0.5037100675367299,0.3583897130523833,0.7411914916386123,0.82355,0.7171428571428572,0.7043618739903069,0.4169999999999982,0.735239852398524,0.7742857142857142
11217,full_D5,0.82,0.86,0.79,0.81,0.22,0.811528550296579,0.6800609251485332,0.9317007276157682,0.8078750000000001,0.8507142857142858,0.8311897106109325,0.6639642857142976,0.9378036929057337,0.735
11217,ablate_A_TF,0.35,0.86,0.79,0.81,0.22,0.6844703526060364,0.3966505693351981,0.7897979025898697,0.7174,0.725,0.759170653907496,0.4755714285714308,0.7828389830508474,0.6742857142857143
11217,ablate_I,0.82,0.35,0.79,0.81,0.22,0.6779813102181979,0.41255162726777345,0.7953083192917405,0.8078750000000001,0.7607142857142857,0.7558320373250389,0.49921428571429133,0.800383877159309,0.7442857142857143
11217,ablate_C_T,0.82,0.86,0.35,0.81,0.22,0.6895916496278887,0.5778778023881708,0.8668351739360516,0.759475,0.7828571428571428,0.7763779527559055,0.5441071428571503,0.8616915422885573,0.7178571428571429
11217,ablate_R_C,0.82,0.86,0.79,0.35,0.22,0.6861521182245927,0.5749954750722087,0.8650054808107543,0.769925,0.7871428571428571,0.7906976744186046,0.5705714285714373,0.8642578125,0.7314285714285714
11217,ablate_low_Hself,0.82,0.86,0.79,0.81,0.65,0.6913508348669833,0.5793519996185321,0.8677709901158405,0.8788250000000001,0.8364285714285714,0.8382838283828383,0.6555714285714423,0.8653846153846154,0.8171428571428572
11217,single_superpower_A_TF,0.95,0.42,0.45,0.43,0.58,0.5037100675367299,0.3583897130523833,0.7411914916386123,0.82355,0.7085714285714285,0.7034596375617792,0.41339285714285595,0.7286384976525822,0.7607142857142857
11218,full_D5,0.82,0.86,0.79,0.81,0.22,0.811528550296579,0.6800609251485332,0.9317007276157682,0.8078750000000001,0.8628571428571429,0.8636363636363636,0.7006785714285851,0.9311969839773798,0.7578571428571429
11218,ablate_A_TF,0.35,0.86,0.79,0.81,0.22,0.6844703526060364,0.3966505693351981,0.7897979025898697,0.7174,0.7228571428571429,0.7059800664451827,0.436821428571429,0.7857911733046287,0.6635714285714286
11218,ablate_I,0.82,0.35,0.79,0.81,0.22,0.6779813102181979,0.41255162726777345,0.7953083192917405,0.8078750000000001,0.7471428571428571,0.7377049180327869,0.4799285714285736,0.7846580406654344,0.7728571428571429
11218,ablate_C_T,0.82,0.86,0.35,0.81,0.22,0.6895916496278887,0.5778778023881708,0.8668351739360516,0.759475,0.7914285714285715,0.7960848287112561,0.5780714285714359,0.8685831622176592,0.6957142857142857
11218,ablate_R_C,0.82,0.86,0.79,0.35,0.22,0.6861521182245927,0.5749954750722087,0.8650054808107543,0.769925,0.8178571428571428,0.7977883096366508,0.5978214285714392,0.8751200768491835,0.7435714285714285
11218,ablate_low_Hself,0.82,0.86,0.79,0.81,0.65,0.6913508348669833,0.5793519996185321,0.8677709901158405,0.8788250000000001,0.8278571428571428,0.8229665071770335,0.6278571428571555,0.8543103448275862,0.8285714285714286
11218,single_superpower_A_TF,0.95,0.42,0.45,0.43,0.58,0.5037100675367299,0.3583897130523833,0.7411914916386123,0.82355,0.7328571428571429,0.7286585365853658,0.43964285714285795,0.755045871559633,0.7785714285714286
11219,full_D5,0.82,0.86,0.79,0.81,0.22,0.811528550296579,0.6800609251485332,0.9317007276157682,0.8078750000000001,0.8621428571428571,0.8728414442700158,0.7082142857142996,0.9280373831775701,0.7642857142857142
11219,ablate_A_TF,0.35,0.86,0.79,0.81,0.22,0.6844703526060364,0.3966505693351981,0.7897979025898697,0.7174,0.7535714285714286,0.7567140600315956,0.5007142857142898,0.8119565217391305,0.6571428571428571
11219,ablate_I,0.82,0.35,0.79,0.81,0.22,0.6779813102181979,0.41255162726777345,0.7953083192917405,0.8078750000000001,0.7464285714285714,0.759075907590759,0.499035714285718,0.781048758049678,0.7764285714285715
11219,ablate_C_T,0.82,0.86,0.35,0.81,0.22,0.6895916496278887,0.5778778023881708,0.8668351739360516,0.759475,0.7992857142857143,0.7987616099071208,0.5776785714285823,0.8696517412935323,0.7178571428571429
11219,ablate_R_C,0.82,0.86,0.79,0.35,0.22,0.6861521182245927,0.5749954750722087,0.8650054808107543,0.769925,0.795,0.7827426810477658,0.557321428571437,0.8679802955665025,0.725
11219,ablate_low_Hself,0.82,0.86,0.79,0.81,0.65,0.6913508348669833,0.5793519996185321,0.8677709901158405,0.8788250000000001,0.8142857142857143,0.8238095238095238,0.6151071428571536,0.8601583113456465,0.8121428571428572
11219,single_superpower_A_TF,0.95,0.42,0.45,0.43,0.58,0.5037100675367299,0.3583897130523833,0.7411914916386123,0.82355,0.7257142857142858,0.719047619047619,0.4350000000000017,0.7490566037735849,0.7571428571428571
11220,full_D5,0.82,0.86,0.79,0.81,0.22,0.811528550296579,0.6800609251485332,0.9317007276157682,0.8078750000000001,0.8607142857142858,0.8695652173913043,0.7072857142857276,0.9356060606060606,0.7542857142857143
11220,ablate_A_TF,0.35,0.86,0.79,0.81,0.22,0.6844703526060364,0.3966505693351981,0.7897979025898697,0.7174,0.7385714285714285,0.7477341389728097,0.46778571428571597,0.7937915742793792,0.6442857142857142
11220,ablate_I,0.82,0.35,0.79,0.81,0.22,0.6779813102181979,0.41255162726777345,0.7953083192917405,0.8078750000000001,0.7485714285714286,0.7538200339558574,0.503857142857147,0.7832699619771863,0.7514285714285714
11220,ablate_C_T,0.82,0.86,0.35,0.81,0.22,0.6895916496278887,0.5778778023881708,0.8668351739360516,0.759475,0.8171428571428572,0.8225039619651348,0.6208214285714391,0.8761061946902655,0.7264285714285714
11220,ablate_R_C,0.82,0.86,0.79,0.35,0.22,0.6861521182245927,0.5749954750722087,0.8650054808107543,0.769925,0.805,0.8055555555555556,0.599357142857152,0.8627254509018036,0.7128571428571429
11220,ablate_low_Hself,0.82,0.86,0.79,0.81,0.65,0.6913508348669833,0.5793519996185321,0.8677709901158405,0.8788250000000001,0.8314285714285714,0.8164665523156089,0.6366785714285849,0.8644501278772379,0.8378571428571429
11220,single_superpower_A_TF,0.95,0.42,0.45,0.43,0.58,0.5037100675367299,0.3583897130523833,0.7411914916386123,0.82355,0.7342857142857143,0.7408026755852842,0.47439285714285995,0.7493036211699164,0.7692857142857142
11221,full_D5,0.82,0.86,0.79,0.81,0.22,0.811528550296579,0.6800609251485332,0.9317007276157682,0.8078750000000001,0.86,0.8620689655172413,0.6969285714285841,0.9311663479923518,0.7471428571428571
11221,ablate_A_TF,0.35,0.86,0.79,0.81,0.22,0.6844703526060364,0.3966505693351981,0.7897979025898697,0.7174,0.735,0.7365079365079366,0.4648928571428582,0.781148429035753,0.6592857142857143
11221,ablate_I,0.82,0.35,0.79,0.81,0.22,0.6779813102181979,0.41255162726777345,0.7953083192917405,0.8078750000000001,0.7521428571428571,0.75,0.47517857142857495,0.7916279069767442,0.7678571428571429
11221,ablate_C_T,0.82,0.86,0.35,0.81,0.22,0.6895916496278887,0.5778778023881708,0.8668351739360516,0.759475,0.8107142857142857,0.8165584415584416,0.6138571428571526,0.8820564516129032,0.7085714285714285
11221,ablate_R_C,0.82,0.86,0.79,0.35,0.22,0.6861521182245927,0.5749954750722087,0.8650054808107543,0.769925,0.8114285714285714,0.8259541984732824,0.6120357142857248,0.8826979472140762,0.7307142857142858
11221,ablate_low_Hself,0.82,0.86,0.79,0.81,0.65,0.6913508348669833,0.5793519996185321,0.8677709901158405,0.8788250000000001,0.8228571428571428,0.8163265306122449,0.6154285714285834,0.8617021276595744,0.8057142857142857
11221,single_superpower_A_TF,0.95,0.42,0.45,0.43,0.58,0.5037100675367299,0.3583897130523833,0.7411914916386123,0.82355,0.7342857142857143,0.7199367088607594,0.441892857142857,0.7678410117434508,0.7907142857142857
11222,full_D5,0.82,0.86,0.79,0.81,0.22,0.811528550296579,0.6800609251485332,0.9317007276157682,0.8078750000000001,0.8742857142857143,0.8691588785046729,0.7160357142857288,0.9337068160597572,0.765
11222,ablate_A_TF,0.35,0.86,0.79,0.81,0.22,0.6844703526060364,0.3966505693351981,0.7897979025898697,0.7174,0.7492857142857143,0.7402799377916018,0.476857142857146,0.7985232067510548,0.6771428571428572
11222,ablate_I,0.82,0.35,0.79,0.81,0.22,0.6779813102181979,0.41255162726777345,0.7953083192917405,0.8078750000000001,0.755,0.732484076433121,0.47796428571428884,0.7859209257473481,0.7407142857142858
11222,ablate_C_T,0.82,0.86,0.35,0.81,0.22,0.6895916496278887,0.5778778023881708,0.8668351739360516,0.759475,0.8228571428571428,0.8215434083601286,0.6270357142857249,0.87248322147651,0.745
11222,ablate_R_C,0.82,0.86,0.79,0.35,0.22,0.6861521182245927,0.5749954750722087,0.8650054808107543,0.769925,0.79,0.8280467445742905,0.6072500000000102,0.8736208625877633,0.7121428571428572
11222,ablate_low_Hself,0.82,0.86,0.79,0.81,0.65,0.6913508348669833,0.5793519996185321,0.8677709901158405,0.8788250000000001,0.825,0.8230383973288815,0.6329285714285833,0.8567662565905096,0.8128571428571428
11222,single_superpower_A_TF,0.95,0.42,0.45,0.43,0.58,0.5037100675367299,0.3583897130523833,0.7411914916386123,0.82355,0.7092857142857143,0.6810207336523126,0.38474999999999504,0.7258509659613616,0.7764285714285715
11223,full_D5,0.82,0.86,0.79,0.81,0.22,0.811528550296579,0.6800609251485332,0.9317007276157682,0.8078750000000001,0.865,0.854632587859425,0.6964285714285856,0.9324074074074075,0.7714285714285715
11223,ablate_A_TF,0.35,0.86,0.79,0.81,0.22,0.6844703526060364,0.3966505693351981,0.7897979025898697,0.7174,0.7321428571428571,0.7371695178849145,0.45767857142857304,0.7827027027027027,0.6607142857142857
11223,ablate_I,0.82,0.35,0.79,0.81,0.22,0.6779813102181979,0.41255162726777345,0.7953083192917405,0.8078750000000001,0.7635714285714286,0.750814332247557,0.5063928571428635,0.7918593894542091,0.7721428571428571
11223,ablate_C_T,0.82,0.86,0.35,0.81,0.22,0.6895916496278887,0.5778778023881708,0.8668351739360516,0.759475,0.805,0.8032,0.5942142857142932,0.8594704684317719,0.7014285714285714
11223,ablate_R_C,0.82,0.86,0.79,0.35,0.22,0.6861521182245927,0.5749954750722087,0.8650054808107543,0.769925,0.8078571428571428,0.8192,0.6102500000000091,0.8568608094768015,0.7235714285714285
11223,ablate_low_Hself,0.82,0.86,0.79,0.81,0.65,0.6913508348669833,0.5793519996185321,0.8677709901158405,0.8788250000000001,0.8285714285714286,0.8338607594936709,0.6377142857142981,0.8688811188811189,0.8171428571428572
11223,single_superpower_A_TF,0.95,0.42,0.45,0.43,0.58,0.5037100675367299,0.3583897130523833,0.7411914916386123,0.82355,0.7257142857142858,0.7138263665594855,0.4316785714285719,0.7448337825696316,0.795
11224,full_D5,0.82,0.86,0.79,0.81,0.22,0.811528550296579,0.6800609251485332,0.9317007276157682,0.8078750000000001,0.8721428571428571,0.873015873015873,0.7190000000000135,0.9365808823529411,0.7771428571428571
11224,ablate_A_TF,0.35,0.86,0.79,0.81,0.22,0.6844703526060364,0.3966505693351981,0.7897979025898697,0.7174,0.7357142857142858,0.7207890743550834,0.4387857142857152,0.789308176100629,0.6814285714285714
11224,ablate_I,0.82,0.35,0.79,0.81,0.22,0.6779813102181979,0.41255162726777345,0.7953083192917405,0.8078750000000001,0.745,0.7507836990595611,0.4798571428571459,0.7819548872180451,0.76
11224,ablate_C_T,0.82,0.86,0.35,0.81,0.22,0.6895916496278887,0.5778778023881708,0.8668351739360516,0.759475,0.8057142857142857,0.7921092564491654,0.5745000000000084,0.8661971830985915,0.71
11224,ablate_R_C,0.82,0.86,0.79,0.35,0.22,0.6861521182245927,0.5749954750722087,0.8650054808107543,0.769925,0.7971428571428572,0.7910447761194029,0.5614642857142935,0.8718718718718719,0.7135714285714285
11224,ablate_low_Hself,0.82,0.86,0.79,0.81,0.65,0.6913508348669833,0.5793519996185321,0.8677709901158405,0.8788250000000001,0.8314285714285714,0.8366336633663366,0.6491785714285837,0.8678915135608049,0.8164285714285714
11224,single_superpower_A_TF,0.95,0.42,0.45,0.43,0.58,0.5037100675367299,0.3583897130523833,0.7411914916386123,0.82355,0.7342857142857143,0.7092084006462036,0.4387142857142867,0.7509293680297398,0.7685714285714286
11225,full_D5,0.82,0.86,0.79,0.81,0.22,0.811528550296579,0.6800609251485332,0.9317007276157682,0.8078750000000001,0.8721428571428571,0.890625,0.7346071428571573,0.9267364414843007,0.7507142857142857
11225,ablate_A_TF,0.35,0.86,0.79,0.81,0.22,0.6844703526060364,0.3966505693351981,0.7897979025898697,0.7174,0.7171428571428572,0.7344262295081967,0.4518214285714313,0.7608008429926238,0.6778571428571428
11225,ablate_I,0.82,0.35,0.79,0.81,0.22,0.6779813102181979,0.41255162726777345,0.7953083192917405,0.8078750000000001,0.7457142857142857,0.7329931972789115,0.4831785714285749,0.7983193277310925,0.765
11225,ablate_C_T,0.82,0.86,0.35,0.81,0.22,0.6895916496278887,0.5778778023881708,0.8668351739360516,0.759475,0.8035714285714286,0.807131280388979,0.5977857142857231,0.8672654690618763,0.7157142857142857
11225,ablate_R_C,0.82,0.86,0.79,0.35,0.22,0.6861521182245927,0.5749954750722087,0.8650054808107543,0.769925,0.8,0.8070175438596491,0.5907500000000094,0.8635917566241413,0.7278571428571429
11225,ablate_low_Hself,0.82,0.86,0.79,0.81,0.65,0.6913508348669833,0.5793519996185321,0.8677709901158405,0.8788250000000001,0.855,0.8698315467075038,0.6914642857142996,0.8956743002544529,0.8421428571428572
11225,single_superpower_A_TF,0.95,0.42,0.45,0.43,0.58,0.5037100675367299,0.3583897130523833,0.7411914916386123,0.82355,0.7128571428571429,0.7291021671826625,0.4246785714285704,0.7390084190832554,0.7635714285714286
11226,full_D5,0.82,0.86,0.79,0.81,0.22,0.811528550296579,0.6800609251485332,0.9317007276157682,0.8078750000000001,0.855,0.8679245283018868,0.6973214285714412,0.9327014218009478,0.7535714285714286
11226,ablate_A_TF,0.35,0.86,0.79,0.81,0.22,0.6844703526060364,0.3966505693351981,0.7897979025898697,0.7174,0.7535714285714286,0.7598684210526315,0.510964285714292,0.7775445960125918,0.6807142857142857
11226,ablate_I,0.82,0.35,0.79,0.81,0.22,0.6779813102181979,0.41255162726777345,0.7953083192917405,0.8078750000000001,0.7742857142857142,0.7752442996742671,0.5385357142857208,0.81313598519889,0.7721428571428571
11226,ablate_C_T,0.82,0.86,0.35,0.81,0.22,0.6895916496278887,0.5778778023881708,0.8668351739360516,0.759475,0.7914285714285715,0.7813504823151125,0.5612857142857209,0.8585657370517928,0.7171428571428572
11226,ablate_R_C,0.82,0.86,0.79,0.35,0.22,0.6861521182245927,0.5749954750722087,0.8650054808107543,0.769925,0.7935714285714286,0.7829457364341085,0.5576428571428632,0.8499005964214712,0.7185714285714285
11226,ablate_low_Hself,0.82,0.86,0.79,0.81,0.65,0.6913508348669833,0.5793519996185321,0.8677709901158405,0.8788250000000001,0.8321428571428572,0.8440514469453376,0.6525357142857277,0.8729329852045257,0.8207142857142857
11226,single_superpower_A_TF,0.95,0.42,0.45,0.43,0.58,0.5037100675367299,0.3583897130523833,0.7411914916386123,0.82355,0.7235714285714285,0.7370078740157481,0.4464285714285731,0.7407407407407407,0.7714285714285715
11227,full_D5,0.82,0.86,0.79,0.81,0.22,0.811528550296579,0.6800609251485332,0.9317007276157682,0.8078750000000001,0.8721428571428571,0.8669871794871795,0.7151785714285849,0.947906976744186,0.7678571428571429
11227,ablate_A_TF,0.35,0.86,0.79,0.81,0.22,0.6844703526060364,0.3966505693351981,0.7897979025898697,0.7174,0.7371428571428571,0.7257575757575757,0.44475000000000237,0.7909186906019008,0.6764285714285714
11227,ablate_I,0.82,0.35,0.79,0.81,0.22,0.6779813102181979,0.41255162726777345,0.7953083192917405,0.8078750000000001,0.735,0.770739064856712,0.4803214285714318,0.7668886774500476,0.7507142857142857
11227,ablate_C_T,0.82,0.86,0.35,0.81,0.22,0.6895916496278887,0.5778778023881708,0.8668351739360516,0.759475,0.8007142857142857,0.8083735909822867,0.5948214285714377,0.8646766169154229,0.7178571428571429
11227,ablate_R_C,0.82,0.86,0.79,0.35,0.22,0.6861521182245927,0.5749954750722087,0.8650054808107543,0.769925,0.81,0.8284313725490197,0.6233928571428677,0.8692682926829268,0.7321428571428571
11227,ablate_low_Hself,0.82,0.86,0.79,0.81,0.65,0.6913508348669833,0.5793519996185321,0.8677709901158405,0.8788250000000001,0.8307142857142857,0.834658187599364,0.6410357142857258,0.8696785403996524,0.8221428571428572
11227,single_superpower_A_TF,0.95,0.42,0.45,0.43,0.58,0.5037100675367299,0.3583897130523833,0.7411914916386123,0.82355,0.7235714285714285,0.7215189873417721,0.4337857142857154,0.750465549348231,0.7671428571428571
