seed,model,trap_phase_capture_rate,trap_phase_false_consolidation_rate,post_trap_quality_damage,recovery_gain,final_holdout_recall,final_holdout_false_alarm,final_holdout_violation_rate,trajectory_value,integrated_score,final_quality
16450,simple_time_schedule,0.276298559580969,0.0,0.0,0.168529810298103,0.8482758620689655,0.08,0.27586206896551724,0.7186471111111102,0.8246775054097156,0.92
16450,simple_success_driven,0.25097868638538495,0.0,0.020859851174127142,0.0906778392937303,0.7647058823529411,0.14533333333333334,0.3315508021390374,0.7467808888888877,0.7825853806514459,0.718924771811794
16450,tdc_unvalidated,0.14752650176678445,0.12247727622862425,0.0,0.06452380952380954,0.838150289017341,0.06133333333333333,0.3179190751445087,0.7686008888888877,0.8146722594274924,0.8683624532595238
16450,tdc_evidence_validated,0.1348464619492657,0.0,0.0,0.06008751367401155,0.8690476190476191,0.052,0.26785714285714285,0.7861475555555533,0.8494115415003887,0.9140639834504873
16450,tdc_validated_with_reversal,0.14184081814139618,0.0,0.0,0.017875874125874214,0.8961038961038961,0.051333333333333335,0.24675324675324675,0.7772471111111097,0.8550982571507362,0.9146284721560014
16451,simple_time_schedule,0.2597228430934287,0.0,0.0,0.1066164604626143,0.8270676691729323,0.07733333333333334,0.2857142857142857,0.7333693333333324,0.8161972279768613,0.92
16451,simple_success_driven,0.2492099322799097,0.0,0.016908068646601104,0.23469387755102034,0.7608695652173914,0.15066666666666667,0.3333333333333333,0.747384444444443,0.7922835264481793,0.7296616229685903
16451,tdc_unvalidated,0.12409090909090909,0.1002460024600246,0.0,0.024270820142670235,0.8391608391608392,0.064,0.34265734265734266,0.7951919999999981,0.8138273777637631,0.8917854541218369
16451,tdc_evidence_validated,0.14814814814814814,0.0,0.0,0.0225627926777352,0.8625,0.05333333333333334,0.26875,0.7861511111111092,0.842601993784589,0.9144408274111986
16451,tdc_validated_with_reversal,0.14078768673607966,0.0,0.0,0.02590612002376702,0.8867924528301887,0.04466666666666667,0.2389937106918239,0.7777524444444426,0.8561369653246781,0.914131854754721
16452,simple_time_schedule,0.2635104957570344,0.0,0.0,0.076266089257789,0.8357142857142857,0.064,0.30714285714285716,0.725637333333332,0.8132810253536858,0.92
16452,simple_success_driven,0.25866666666666666,0.0,0.01319472396254906,0.10082631803545794,0.7023809523809523,0.13666666666666666,0.39285714285714285,0.7150875555555558,0.7564467505222017,0.7068691447973975
16452,tdc_unvalidated,0.1358574610244989,0.11084006708339686,0.0,-0.012123373150294103,0.8053691275167785,0.06933333333333333,0.2751677852348993,0.8059542222222198,0.8116125023718395,0.8684720798485146
16452,tdc_evidence_validated,0.13777777777777778,0.0,0.0,0.04413950829045177,0.8711656441717791,0.05266666666666667,0.294478527607362,0.7765679999999985,0.8429519447395823,0.9133656262077523
16452,tdc_validated_with_reversal,0.1381898454746137,0.0,0.0,-0.013374731311201371,0.8580645161290322,0.058666666666666666,0.3161290322580645,0.7780848888888866,0.8303524300820629,0.9126640654116144
16453,simple_time_schedule,0.26972234464521816,0.0,0.0,0.12290890496018703,0.8203592814371258,0.06933333333333333,0.32934131736526945,0.7056848888888888,0.8068104367878683,0.92
16453,simple_success_driven,0.25425246195165624,0.0,0.01943621527259476,0.18081435472739815,0.8164556962025317,0.13533333333333333,0.3037974683544304,0.751336444444443,0.8085357509342145,0.715609138187657
16453,tdc_unvalidated,0.16094516272848863,0.11708957505350046,0.0,0.11890397184514834,0.8309859154929577,0.062,0.3028169014084507,0.7918773333333308,0.8196139167573254,0.8851244753066665
16453,tdc_evidence_validated,0.15309734513274337,0.0,0.0,0.06419753086419755,0.8944099378881988,0.05266666666666667,0.21739130434782608,0.7566919999999989,0.8610711377944441,0.9148915949876686
16453,tdc_validated_with_reversal,0.1313220940550133,0.0,0.0,-0.044313725490196076,0.8650306748466258,0.04133333333333333,0.2085889570552147,0.8062146666666649,0.8537664118196672,0.9153234348253771
16454,simple_time_schedule,0.27377266696152147,0.0,0.0,0.020353830298866282,0.861271676300578,0.068,0.31213872832369943,0.7207253333333331,0.8117693775965025,0.92
16454,simple_success_driven,0.265359477124183,0.0,0.007635904794289439,0.0666987333654,0.7452229299363057,0.138,0.4394904458598726,0.7212862222222216,0.7547022436906716,0.7041406642836416
16454,tdc_unvalidated,0.14198071866783524,0.11566707466340269,0.0,0.12475891996142718,0.8048780487804879,0.06066666666666667,0.3170731707317073,0.7888995555555535,0.8141702405549741,0.8797459346202239
16454,tdc_evidence_validated,0.15045045045045044,0.0,0.0,0.04083333333333328,0.8903225806451613,0.06133333333333333,0.2129032258064516,0.7833591111111093,0.8590794734243922,0.915019964671242
16454,tdc_validated_with_reversal,0.13871543264942016,0.0,0.0,0.11990240501917049,0.8413793103448276,0.04733333333333333,0.296551724137931,0.7828586666666641,0.8424647693018792,0.913204013880819
16455,simple_time_schedule,0.2826475849731664,0.0,0.0,0.10010911074740858,0.8695652173913043,0.06533333333333333,0.2717391304347826,0.7233995555555548,0.8267033245480904,0.92
16455,simple_success_driven,0.2549363756033348,0.0,0.047380899269921284,0.03548680618744304,0.8053691275167785,0.146,0.348993288590604,0.7373248888888879,0.7837506461238023,0.7224845396787987
16455,tdc_unvalidated,0.13770347558293006,0.10832696715049656,0.0,0.046666666666666634,0.802547770700637,0.05533333333333333,0.3248407643312102,0.7671191111111099,0.8074271691933096,0.8831251604238115
16455,tdc_evidence_validated,0.13680494263018536,0.0,0.0,0.030551009274413565,0.7925531914893617,0.04666666666666667,0.3670212765957447,0.7789928888888875,0.8111333738328286,0.9108396832040139
16455,tdc_validated_with_reversal,0.143242029636282,0.0,0.0,0.10164141414141414,0.8486486486486486,0.06266666666666666,0.3027027027027027,0.7598208888888875,0.8376327870603116,0.9123562211502594
16456,simple_time_schedule,0.2548314606741573,0.0,0.0,0.16223234430207312,0.8287292817679558,0.056666666666666664,0.292817679558011,0.7299662222222216,0.8236220105758734,0.92
16456,simple_success_driven,0.25678119349005424,0.0,0.005630534518140662,0.10283246439965765,0.7894736842105263,0.14266666666666666,0.3458646616541353,0.7498382222222206,0.7866621373983691,0.7214765719307882
16456,tdc_unvalidated,0.15546594982078854,0.11947652040030793,0.0,0.10643155542601768,0.8666666666666667,0.06133333333333333,0.29333333333333333,0.7882191111111087,0.8293275401222451,0.8859496966619815
16456,tdc_evidence_validated,0.1360842844600527,0.0,0.0,0.03348678348678347,0.8709677419354839,0.05533333333333333,0.24731182795698925,0.7583191111111104,0.8496227029979044,0.9140443634623445
16456,tdc_validated_with_reversal,0.13604240282685512,0.0,0.0,0.02148101859084517,0.8452380952380952,0.058666666666666666,0.2857142857142857,0.7710151111111097,0.8355550542978571,0.9125153450105388
16457,simple_time_schedule,0.2779510022271715,0.0,0.0,0.08655462184873941,0.8766233766233766,0.066,0.22727272727272727,0.7118022222222214,0.8354038378055034,0.92
16457,simple_success_driven,0.2716049382716049,0.0,0.005567613601603627,0.1684782608695652,0.7687074829931972,0.14,0.35374149659863946,0.7130826666666661,0.7823932027088194,0.7234479562166115
16457,tdc_unvalidated,0.15940114487010126,0.12436820340021443,0.0,0.059578839239856185,0.8496732026143791,0.07333333333333333,0.29411764705882354,0.7755786666666649,0.8177961679395445,0.8646558088859322
16457,tdc_evidence_validated,0.1328364752301622,0.0,0.0,0.011094674556213047,0.8775510204081632,0.043333333333333335,0.25170068027210885,0.7859813333333319,0.8521025098812538,0.9148341998040306
16457,tdc_validated_with_reversal,0.13059033989266547,0.0,0.0,0.043026418026418045,0.9085714285714286,0.04733333333333333,0.2342857142857143,0.7703359999999981,0.8642852868095212,0.9144648822863279
16458,simple_time_schedule,0.2509057971014493,0.0,0.0,0.04058752295011525,0.825,0.06066666666666667,0.33125,0.7097986666666661,0.8051804702418064,0.92
16458,simple_success_driven,0.2530174340634779,0.0,0.035599960684059795,0.11458333333333326,0.7254901960784313,0.13066666666666665,0.39869281045751637,0.7208804444444441,0.7640257181853615,0.7025277727992831
16458,tdc_unvalidated,0.14053579270970576,0.10333179794257638,0.0,0.02795930184465223,0.875,0.056,0.2894736842105263,0.7862546666666648,0.8305468409238761,0.9018104587619381
16458,tdc_evidence_validated,0.13160250671441362,0.0,0.0,-0.0045779812436108624,0.881578947368421,0.05333333333333334,0.24342105263157895,0.7821159999999979,0.8517238751218966,0.914062933430418
16458,tdc_validated_with_reversal,0.1378692927484333,0.0,0.0,0.003241246749331017,0.9125,0.05,0.26875,0.7782688888888871,0.8547133543107213,0.9139653083062087
16459,simple_time_schedule,0.2575626620570441,0.0,0.0,0.06762820512820522,0.8733333333333333,0.05733333333333333,0.22,0.7413786666666654,0.8398332970556035,0.92
16459,simple_success_driven,0.2453580901856764,0.0,0.029144981995940067,0.16431000536960805,0.695906432748538,0.13466666666666666,0.4152046783625731,0.7413368888888879,0.7591821784468487,0.7296530655712885
16459,tdc_unvalidated,0.14939434724091522,0.11295932254649932,0.0,0.02508503401360551,0.8774193548387097,0.056666666666666664,0.27741935483870966,0.7812919999999979,0.8303666500254363,0.8958485513927081
16459,tdc_evidence_validated,0.13303370786516855,0.0,0.0,0.07462445485382008,0.7843137254901961,0.04933333333333333,0.33986928104575165,0.7733386666666652,0.817444274149927,0.9120849320126082
16459,tdc_validated_with_reversal,0.15185350602947745,0.0,0.0,0.08793428494478861,0.8461538461538461,0.05533333333333333,0.2867132867132867,0.7778106666666649,0.839502876753321,0.9138677994731627
16460,simple_time_schedule,0.25132042253521125,0.0,0.0,-0.028167770419425975,0.8819875776397516,0.059333333333333335,0.2732919254658385,0.7246928888888879,0.8245405734834279,0.92
16460,simple_success_driven,0.245606128886886,0.0,0.027569993690410577,0.10724665300871883,0.7515923566878981,0.13666666666666666,0.33121019108280253,0.73643111111111,0.7825497831845024,0.722848382062262
16460,tdc_unvalidated,0.15181370353784146,0.11431184270690443,0.0,0.07007582974507487,0.7724867724867724,0.056,0.3439153439153439,0.7795271111111095,0.7963478746959874,0.890020279431033
16460,tdc_evidence_validated,0.14567458538771852,0.0,0.0,0.03838006677916206,0.8156028368794326,0.04066666666666666,0.2978723404255319,0.770839555555554,0.8291305385180759,0.9137331759721037
16460,tdc_validated_with_reversal,0.13718570798411997,0.0,0.0,0.05005084171280083,0.9210526315789473,0.04933333333333333,0.27631578947368424,0.7695839999999983,0.8590038843595982,0.9140983989178788
16461,simple_time_schedule,0.2645620275678079,0.0,0.0,0.03274588722597782,0.8641975308641975,0.07666666666666666,0.25308641975308643,0.7360991111111103,0.8246101367482148,0.92
16461,simple_success_driven,0.2667852378835038,0.0,0.006427660601222018,0.09062597321706634,0.8012048192771084,0.13333333333333333,0.3192771084337349,0.734984888888888,0.7927854838843308,0.731043306566594
16461,tdc_unvalidated,0.15270935960591134,0.1128612937758067,0.0,0.04169092293224674,0.8546511627906976,0.06466666666666666,0.2441860465116279,0.7937088888888867,0.8309770878232186,0.8910030282449215
16461,tdc_evidence_validated,0.1301643713904931,0.0,0.0,0.02688992858901751,0.85,0.06333333333333334,0.34285714285714286,0.7877484444444424,0.827590501022611,0.9122011831871715
16461,tdc_validated_with_reversal,0.13205013428827217,0.0,0.0,0.04869694713328365,0.8220858895705522,0.05266666666666667,0.2822085889570552,0.7608902222222212,0.8339207466771894,0.9133530972323054
16462,simple_time_schedule,0.2840553818669049,0.0,0.0,0.15658865312813042,0.8366013071895425,0.06066666666666667,0.3137254901960784,0.7198044444444438,0.8161585753901909,0.92
16462,simple_success_driven,0.24698526127735596,0.0,0.0488981704037712,0.14811531805326916,0.7070063694267515,0.12733333333333333,0.4140127388535032,0.7311964444444434,0.7613050489786659,0.6959596014070291
16462,tdc_unvalidated,0.1450962830273175,0.1115727916281933,0.0,0.05077030812324934,0.8176795580110497,0.05333333333333334,0.2983425414364641,0.7730075555555541,0.8152878153836296,0.8991362427268251
16462,tdc_evidence_validated,0.14385964912280702,0.0,0.0,0.029458346531517243,0.8363636363636363,0.052,0.3151515151515151,0.7575439999999986,0.8281980768453283,0.913068724072744
16462,tdc_validated_with_reversal,0.14026327734906946,0.0,0.0,-0.014353711140859704,0.8283582089552238,0.05266666666666667,0.29850746268656714,0.7780293333333316,0.8269839778121997,0.9134040574086895
16463,simple_time_schedule,0.2686300758589915,0.0,0.0,0.11261940673705373,0.8203592814371258,0.06666666666666667,0.2994011976047904,0.7383119999999991,0.8132611672280868,0.92
16463,simple_success_driven,0.2577092511013216,0.0,0.0,0.09924026590693258,0.8333333333333334,0.13066666666666665,0.3263888888888889,0.707720444444444,0.8005120772294807,0.7275079878227575
16463,tdc_unvalidated,0.1510759771629337,0.10917361637604246,0.0,0.0744901343060852,0.8930817610062893,0.044,0.22012578616352202,0.7872146666666651,0.850873307775293,0.8928811201172323
16463,tdc_evidence_validated,0.1372113676731794,0.0,0.0,0.08127633955448521,0.8260869565217391,0.052,0.30434782608695654,0.7803688888888873,0.8336655321152343,0.9134117409546668
16463,tdc_validated_with_reversal,0.14412811387900357,0.0,0.0,-0.030625599860396147,0.8590604026845637,0.05333333333333334,0.30201342281879195,0.7831804444444426,0.831977981049465,0.9132068675716016
16464,simple_time_schedule,0.26917960088691795,0.0,0.0,0.04761273209549066,0.8581081081081081,0.066,0.27702702702702703,0.7298253333333322,0.8208379688578852,0.92
16464,simple_success_driven,0.26239199636198274,0.0,0.040078795544721046,0.21166044776119397,0.7908496732026143,0.128,0.35947712418300654,0.7421213333333325,0.7945008488792374,0.7030627801615718
16464,tdc_unvalidated,0.15589016829052257,0.12225420390849871,0.0,-0.054065499717673604,0.8723404255319149,0.06933333333333333,0.23404255319148937,0.769321333333332,0.8260931945460844,0.8766479158857079
16464,tdc_evidence_validated,0.1281474820143885,0.0,0.0,-0.07875994972769162,0.874251497005988,0.059333333333333335,0.25149700598802394,0.7623675555555539,0.841310823632252,0.9136604408593763
16464,tdc_validated_with_reversal,0.14041246160596754,0.0,0.0,0.036428651245949184,0.8556149732620321,0.051333333333333335,0.25133689839572193,0.7898862222222197,0.8467456149020537,0.9144312572180621
16465,simple_time_schedule,0.26791277258566976,0.0,0.0,-0.03825034026376306,0.8181818181818182,0.06866666666666667,0.33116883116883117,0.7198511111111103,0.7939928091479297,0.92
16465,simple_success_driven,0.2689562890276539,0.0,0.031405792693611545,0.10327767470624616,0.7414965986394558,0.13133333333333333,0.3877551020408163,0.73441911111111,0.7671350299298616,0.7102060636649706
16465,tdc_unvalidated,0.15796519410977242,0.12204845139527752,0.0,0.017939208256067096,0.8850574712643678,0.054,0.27011494252873564,0.7716399999999987,0.8306928987659598,0.8884865564194693
16465,tdc_evidence_validated,0.1381288614298323,0.0,0.0,0.038330170777988615,0.879746835443038,0.05466666666666667,0.27848101265822783,0.7713675555555536,0.8468490668454662,0.9127276239522808
16465,tdc_validated_with_reversal,0.13215077605321507,0.0,0.0,0.06742273180458624,0.8554913294797688,0.051333333333333335,0.24277456647398843,0.7807675555555533,0.8515285758956321,0.9142875084361322
16466,simple_time_schedule,0.2722794446932378,0.0,0.0,0.04889324740823764,0.8707482993197279,0.06533333333333333,0.3197278911564626,0.7056204444444445,0.8149923934086216,0.92
16466,simple_success_driven,0.26565295169946335,0.0,0.018512526766784276,0.03346508563899864,0.7375886524822695,0.13133333333333333,0.4397163120567376,0.7214915555555551,0.7512044629276158,0.7066111647183534
16466,tdc_unvalidated,0.14519698981850376,0.10868569684017708,0.0,0.04531590413943354,0.8214285714285714,0.04933333333333333,0.2976190476190476,0.7929537777777764,0.8176516564849491,0.9075903211116154
16466,tdc_evidence_validated,0.13722826086956522,0.0,0.0,0.030090649655867052,0.8466666666666667,0.042666666666666665,0.28,0.7851524444444423,0.8405747265618413,0.9138597228765613
16466,tdc_validated_with_reversal,0.13282305267897343,0.0,0.0,0.0560919540229885,0.8735632183908046,0.06133333333333333,0.27011494252873564,0.7896355555555533,0.8486987005942922,0.9136710250520449
16467,simple_time_schedule,0.25734639358860195,0.0,0.0,0.08731265249215758,0.8461538461538461,0.059333333333333335,0.2781065088757396,0.721774666666666,0.8233519219095916,0.92
16467,simple_success_driven,0.25089285714285714,0.0,0.025442105201223586,0.11258790436005617,0.8176100628930818,0.13866666666666666,0.31446540880503143,0.728719999999999,0.8004668071915717,0.7542819107268345
16467,tdc_unvalidated,0.1433675748101831,0.10954280454127033,0.0,0.0867085765603951,0.8313253012048193,0.062,0.28313253012048195,0.7969502222222201,0.8242323148628122,0.8771347365307531
16467,tdc_evidence_validated,0.12142542894852618,0.0,0.0,0.11336405529953919,0.8936170212765957,0.052,0.2695035460992908,0.7943942222222206,0.8614827800685689,0.9140520450963732
16467,tdc_validated_with_reversal,0.143670608848007,0.0,0.0,-0.01140819964349371,0.8384615384615385,0.056666666666666664,0.25384615384615383,0.7760933333333317,0.8364889869949277,0.9141357238230419
16468,simple_time_schedule,0.2521045635799734,0.0,0.0,-0.01889124293785316,0.84472049689441,0.056666666666666664,0.3105590062111801,0.7153768888888883,0.8095747686893103,0.92
16468,simple_success_driven,0.2475022706630336,0.0,0.03502947219151653,0.15640350877192988,0.8068965517241379,0.13,0.3310344827586207,0.7546937777777761,0.8013186794372822,0.7142624606413042
16468,tdc_unvalidated,0.15938189845474612,0.11923252626770214,0.0,0.055335017442559864,0.8774193548387097,0.06133333333333333,0.25161290322580643,0.8015253333333309,0.8353434350402611,0.8889275178230069
16468,tdc_evidence_validated,0.12869955156950671,0.0,0.0,0.04823078656750057,0.8947368421052632,0.04466666666666667,0.23308270676691728,0.7969573333333309,0.8633541072595539,0.9145692004724804
16468,tdc_validated_with_reversal,0.13371579876434245,0.0,0.0,0.11426130184868721,0.8378378378378378,0.05333333333333334,0.3581081081081081,0.7735937777777763,0.8294527317202863,0.9117566289631045
16469,simple_time_schedule,0.2544404973357016,0.0,0.0,0.06350487305233099,0.8452380952380952,0.07466666666666667,0.2619047619047619,0.712826222222222,0.8217393881536963,0.92
16469,simple_success_driven,0.24732142857142858,0.0,0.029364764724220893,0.14594330400782007,0.7396449704142012,0.13266666666666665,0.378698224852071,0.7258159999999994,0.7742055500799945,0.749275508444661
16469,tdc_unvalidated,0.14103149246919214,0.11156400966183574,0.0,0.08522567984300533,0.8589743589743589,0.07066666666666667,0.2948717948717949,0.7890728888888869,0.8270191362481453,0.8898955876794394
16469,tdc_evidence_validated,0.1378854625550661,0.0,0.0,0.0010893246187363426,0.896774193548387,0.052,0.2709677419354839,0.757628444444443,0.8492199318927931,0.9130774211904191
16469,tdc_validated_with_reversal,0.13392070484581498,0.0,0.0,0.025341524533182502,0.8164556962025317,0.050666666666666665,0.2848101265822785,0.786956888888887,0.8313335764769268,0.9131345577133805
16470,simple_time_schedule,0.2580502867225408,0.0,0.0,0.03817148161039563,0.8616352201257862,0.064,0.27672955974842767,0.7224128888888882,0.8225643260187031,0.92
16470,simple_success_driven,0.25282677521483493,0.0,0.0016028642284863226,0.057852712625650504,0.7844311377245509,0.15333333333333332,0.3473053892215569,0.7121915555555549,0.778935300362876,0.7355893831016737
16470,tdc_unvalidated,0.14544650751547303,0.11348046525499553,0.0,-0.0046594703735342025,0.8430232558139535,0.06866666666666667,0.27906976744186046,0.7940355555555534,0.818514854298721,0.8806544255538421
16470,tdc_evidence_validated,0.1384479717813051,0.0,0.0,0.021450542334466638,0.8333333333333334,0.050666666666666665,0.29012345679012347,0.7705222222222203,0.8328253273373747,0.913047127415279
16470,tdc_validated_with_reversal,0.13982300884955753,0.0,0.0,0.12642124883504202,0.8838709677419355,0.04933333333333333,0.23870967741935484,0.7829115555555535,0.8631228978793347,0.9146054813861662
16471,simple_time_schedule,0.267921146953405,0.0,0.0,0.041712565175883065,0.8370786516853933,0.05733333333333333,0.29213483146067415,0.7151066666666661,0.8135735847155003,0.92
16471,simple_success_driven,0.2519788918205805,0.0,0.005058160605478701,0.10925925925925928,0.7806451612903226,0.13866666666666666,0.3419354838709677,0.7377106666666653,0.7865919074987626,0.7119423973223814
16471,tdc_unvalidated,0.17044463818657368,0.12589763177998473,0.0,-0.009435769709742248,0.8363636363636363,0.054,0.2787878787878788,0.7996733333333307,0.8141675611422898,0.8907107647551824
16471,tdc_evidence_validated,0.14902135231316727,0.0,0.0,0.039191459918948346,0.8304093567251462,0.04466666666666667,0.2573099415204678,0.7829888888888866,0.8394276724989121,0.9133688342218664
16471,tdc_validated_with_reversal,0.13452115812917595,0.0,0.0,0.035466432902330314,0.8382352941176471,0.04933333333333333,0.29411764705882354,0.7906875555555531,0.8359738155006377,0.9134701535075296
16472,simple_time_schedule,0.24910394265232974,0.0,0.0,0.023063143752798942,0.821656050955414,0.058666666666666666,0.27388535031847133,0.7382306666666651,0.8150111487008722,0.92
16472,simple_success_driven,0.25852146967684814,0.0,0.025458109956876918,0.05061374143153197,0.7483443708609272,0.13933333333333334,0.39072847682119205,0.7222395555555541,0.7637238656274608,0.7429749515701377
16472,tdc_unvalidated,0.14240790655884997,0.11491254986192083,0.0,0.010603754439370894,0.8707482993197279,0.058666666666666666,0.272108843537415,0.8006813333333309,0.8297622741201467,0.8810719560676155
16472,tdc_evidence_validated,0.13280212483399734,0.0,0.0,-0.01943621510009874,0.8321678321678322,0.04933333333333333,0.3076923076923077,0.775586666666665,0.8273186029842301,0.912110357312679
16472,tdc_validated_with_reversal,0.14172882843352347,0.0,0.0,0.02903949371144754,0.8648648648648649,0.05533333333333333,0.27702702702702703,0.7695799999999983,0.8421136928855918,0.913363042005181
16473,simple_time_schedule,0.26247191011235954,0.0,0.0,0.10968758563990133,0.8933333333333333,0.06266666666666666,0.26666666666666666,0.7195555555555551,0.8371844949910172,0.92
16473,simple_success_driven,0.2557829181494662,0.0,0.007788918223656682,0.09398292451551704,0.7931034482758621,0.13333333333333333,0.3310344827586207,0.7216595555555545,0.79000069499886,0.7083185263342812
16473,tdc_unvalidated,0.1517699115044248,0.11397453597177482,0.0,0.09795648217092745,0.8129496402877698,0.062,0.31654676258992803,0.7902413333333314,0.8127309363826528,0.8805233306921643
16473,tdc_evidence_validated,0.14897413024085637,0.0,0.0,0.002111385546968325,0.8424242424242424,0.06066666666666667,0.37575757575757573,0.759497777777777,0.8145312315999366,0.9096405524971141
16473,tdc_validated_with_reversal,0.15629198387819077,0.0,0.0,-0.009202717811989336,0.8603351955307262,0.054,0.24581005586592178,0.7818782222222205,0.8422526705924913,0.9144435698662006
16474,simple_time_schedule,0.26775474194971327,0.0,0.0,0.13327848621966265,0.8726114649681529,0.07133333333333333,0.25477707006369427,0.7253377777777767,0.8343436717832826,0.92
16474,simple_success_driven,0.2555841924398625,0.0,0.012813667526238692,0.09243582273708739,0.7375,0.142,0.375,0.7160804444444436,0.7670362966551639,0.7149200113794933
16474,tdc_unvalidated,0.14342806394316163,0.1094391244870041,0.0,-0.021920142519654573,0.7894736842105263,0.056666666666666664,0.3508771929824561,0.782012888888887,0.7935634030705176,0.8715415495029801
16474,tdc_evidence_validated,0.14285714285714285,0.0,0.0,0.059728259217605384,0.8363636363636363,0.062,0.2909090909090909,0.7711466666666655,0.8340677637677113,0.9126896679849069
16474,tdc_validated_with_reversal,0.13600352112676056,0.0,0.0,0.033673097925009166,0.8701298701298701,0.05533333333333333,0.24675324675324675,0.7811644444444423,0.850462183736283,0.9142484570871663
16475,simple_time_schedule,0.2655293088363955,0.0,0.0,0.08384578997161773,0.8590604026845637,0.064,0.2953020134228188,0.7254119999999986,0.8213301741888219,0.92
16475,simple_success_driven,0.2570052539404553,0.0,0.043242714529222126,0.11096498438270586,0.7884615384615384,0.15866666666666668,0.34615384615384615,0.7506542222222204,0.7844590423442518,0.7317985980020504
16475,tdc_unvalidated,0.14107699154428127,0.10938700261176833,0.0,0.011634998827117049,0.8588957055214724,0.06266666666666666,0.26993865030674846,0.785192444444443,0.8269806241576074,0.8998340034928876
16475,tdc_evidence_validated,0.13246753246753246,0.0,0.0,0.0358136721113127,0.8888888888888888,0.050666666666666665,0.23703703703703705,0.7748822222222209,0.8578749281123393,0.9148618359920421
16475,tdc_validated_with_reversal,0.125,0.0,0.0,0.030933596318211687,0.8859060402684564,0.056,0.24161073825503357,0.7924559999999982,0.8568404444839804,0.9154291543534006
16476,simple_time_schedule,0.26722987994664293,0.0,0.0,0.06644518272425248,0.8364779874213837,0.07466666666666667,0.23270440251572327,0.7246524444444438,0.8238107870648231,0.92
16476,simple_success_driven,0.2625994694960212,0.0,0.03337834604529821,0.10332278481012658,0.7678571428571429,0.15466666666666667,0.35119047619047616,0.7304866666666656,0.7770461256267958,0.7098443803874664
16476,tdc_unvalidated,0.12810283687943264,0.1161350263239393,0.0,0.06542980828695111,0.8143712574850299,0.07066666666666667,0.32335329341317365,0.7882444444444425,0.8108324044341098,0.8828874920325389
16476,tdc_evidence_validated,0.1439227731461167,0.0,0.0,3.7660528000582616e-05,0.8226950354609929,0.05533333333333333,0.3191489361702128,0.7845955555555528,0.8223843134906725,0.9127300045137564
16476,tdc_validated_with_reversal,0.16362827923521564,0.0,0.0,0.014702581369247958,0.8587570621468926,0.048,0.327683615819209,0.780152444444443,0.8289129892621839,0.9117537038363828
16477,simple_time_schedule,0.2650976909413854,0.0,0.0,0.02985248447204969,0.8104575163398693,0.06266666666666666,0.3464052287581699,0.7144742222222215,0.7959836869932904,0.92
16477,simple_success_driven,0.2514463729417,0.0,0.03696281718218353,0.07677280049353952,0.7733333333333333,0.12933333333333333,0.32,0.7443062222222211,0.7880182473832007,0.6869073323297629
16477,tdc_unvalidated,0.13608156028368795,0.10999543587403013,0.0,0.004505292625317181,0.8450704225352113,0.07533333333333334,0.2535211267605634,0.8070475555555529,0.8255212201458634,0.875083161001194
16477,tdc_evidence_validated,0.1358839050131926,0.0,0.0,-0.019642857142857073,0.8516129032258064,0.05,0.2709677419354839,0.7843724444444428,0.8383926257303087,0.9127986122961267
16477,tdc_validated_with_reversal,0.1271036315323295,0.0,0.0,0.04765614855213607,0.8571428571428571,0.05733333333333333,0.2422360248447205,0.7900177777777755,0.8505571624896584,0.9147269640697371
16478,simple_time_schedule,0.25011205737337516,0.0,0.0,0.11924086894246833,0.8160919540229885,0.07733333333333334,0.3333333333333333,0.7190648888888885,0.8067749126708643,0.92
16478,simple_success_driven,0.25756910925844667,0.0,0.0,0.20192307692307687,0.7611111111111111,0.136,0.3388888888888889,0.7264306666666659,0.789058064190997,0.7136986105964046
16478,tdc_unvalidated,0.14221218961625282,0.11440354360775928,0.0,0.04791309319611203,0.821917808219178,0.056666666666666664,0.3493150684931507,0.8032871111111087,0.8076432950980957,0.8718771687615313
16478,tdc_evidence_validated,0.13640350877192983,0.0,0.0,0.07512195121951215,0.8987341772151899,0.03333333333333333,0.26582278481012656,0.7785324444444425,0.8605693305797579,0.9135305759412149
16478,tdc_validated_with_reversal,0.13068949977467328,0.0,0.0,-0.003733242830476824,0.7904191616766467,0.05266666666666667,0.3413173652694611,0.7851884444444424,0.8126491547701109,0.9109990420780067
16479,simple_time_schedule,0.28904227782571185,0.0,0.0,0.06917619235317296,0.8129032258064516,0.06733333333333333,0.3096774193548387,0.7195951111111106,0.8024334863134427,0.92
16479,simple_success_driven,0.2597577388963661,0.0,0.034852863048460136,0.03523922278710212,0.72,0.128,0.41714285714285715,0.7239368888888885,0.7526448156473181,0.737104817134877
16479,tdc_unvalidated,0.14130434782608695,0.10918227501142073,0.0,0.043388282309284154,0.8390804597701149,0.06066666666666667,0.27586206896551724,0.776053333333332,0.8236461854854212,0.8859103636004657
16479,tdc_evidence_validated,0.13638363396392433,0.0,0.0,0.11996985050877262,0.8333333333333334,0.05533333333333333,0.3269230769230769,0.7723986666666655,0.8337003387729319,0.912424704292125
16479,tdc_validated_with_reversal,0.14337078651685392,0.0,0.0,0.035109606130814486,0.8609271523178808,0.04533333333333334,0.26490066225165565,0.7951657777777754,0.8462305535068766,0.9138326990116425
16480,simple_time_schedule,0.25519681556833257,0.0,0.0,0.035834535834535886,0.8333333333333334,0.06933333333333333,0.28205128205128205,0.7352924444444436,0.8146883423624101,0.92
16480,simple_success_driven,0.2509009009009009,0.0,0.05629207526547719,0.06175548589341695,0.815068493150685,0.14466666666666667,0.3493150684931507,0.7327364444444436,0.7887168298838556,0.7491569450768624
16480,tdc_unvalidated,0.14520426287744229,0.10917431192660551,0.0,0.009712303611507878,0.8628571428571429,0.056666666666666664,0.26857142857142857,0.7836022222222204,0.8283677494199653,0.8827077926938889
16480,tdc_evidence_validated,0.13877909530083443,0.0,0.0,0.0761639903112945,0.89375,0.058,0.225,0.7967764444444424,0.8632551036605643,0.9147564526366911
16480,tdc_validated_with_reversal,0.12914639540026537,0.0,0.0,0.07281868864794616,0.8552631578947368,0.052,0.3223684210526316,0.7737244444444428,0.8376108196188394,0.9130079002055669
16481,simple_time_schedule,0.2589833479404032,0.0,0.0,0.07855960264900663,0.8057142857142857,0.05733333333333333,0.3485714285714286,0.6999662222222213,0.7994809864843909,0.92
16481,simple_success_driven,0.2486865148861646,0.0,0.011318714302142374,0.060731538992408574,0.7,0.136,0.38333333333333336,0.723289333333333,0.7562139843686628,0.739015259379653
16481,tdc_unvalidated,0.17064385411976588,0.12394323671497584,0.0,0.10543390105433903,0.8287671232876712,0.06133333333333333,0.2602739726027397,0.7670564444444432,0.8225951030667751,0.8927013270556293
16481,tdc_evidence_validated,0.14739130434782607,0.0,0.0,0.05555555555555558,0.9078947368421053,0.04733333333333333,0.28289473684210525,0.7890573333333316,0.8547723060462751,0.9140282934043518
16481,tdc_validated_with_reversal,0.13008493518104605,0.0,0.0,-0.0600683388988118,0.8571428571428571,0.05466666666666667,0.2532467532467532,0.7725373333333317,0.8392673387592853,0.9140810010640747
16482,simple_time_schedule,0.2561188811188811,0.0,0.0,0.15625,0.8444444444444444,0.05,0.34444444444444444,0.7310337777777772,0.8185513744211343,0.92
16482,simple_success_driven,0.25932504440497334,0.0,0.0,0.1284379865075247,0.7671232876712328,0.132,0.363013698630137,0.7251391111111105,0.7806222204360213,0.6982804429819734
16482,tdc_unvalidated,0.15126416739319964,0.12296091104955371,0.0,0.016601307189542558,0.8129032258064516,0.054,0.32903225806451614,0.7642008888888879,0.8031948151116599,0.8959939415799016
16482,tdc_evidence_validated,0.1412655971479501,0.0,0.0,0.020534290271132405,0.8823529411764706,0.05733333333333333,0.27647058823529413,0.7711475555555541,0.8455381285098664,0.912819132202119
16482,tdc_validated_with_reversal,0.1297440423654016,0.0,0.0,0.07606679035250463,0.8701298701298701,0.04466666666666667,0.2922077922077922,0.7786084444444427,0.8481526146419214,0.9129150398774614
16483,simple_time_schedule,0.26972804279982165,0.0,0.0,0.07276595744680847,0.8414634146341463,0.07066666666666667,0.2804878048780488,0.7358373333333322,0.8176495919045825,0.92
16483,simple_success_driven,0.25760286225402507,0.0,0.03480702755070264,0.15720544369873224,0.7898089171974523,0.15933333333333333,0.31210191082802546,0.7318284444444432,0.7936676354031234,0.7093759608054523
16483,tdc_unvalidated,0.15880782918149466,0.12152831057234924,0.0,0.09127533677451849,0.8333333333333334,0.06266666666666666,0.2976190476190476,0.7695182222222209,0.8176681672386641,0.8805903072832728
16483,tdc_evidence_validated,0.15071556350626117,0.0,0.0,0.05914988814317668,0.8156028368794326,0.04666666666666667,0.28368794326241137,0.7824062222222207,0.8321422454466295,0.9129114891594841
16483,tdc_validated_with_reversal,0.12393354288280198,0.0,0.0,0.10308441558441561,0.8666666666666667,0.058,0.25333333333333335,0.7722373333333319,0.8549055505764942,0.9144605611559034
16484,simple_time_schedule,0.2834467120181406,0.0,0.0,0.08225108225108224,0.8535031847133758,0.06066666666666667,0.2229299363057325,0.7310493333333318,0.8311462293603918,0.92
16484,simple_success_driven,0.2579787234042553,0.0,0.025940833373102268,0.1114295580110497,0.7529411764705882,0.142,0.3235294117647059,0.7077924444444442,0.7808596293773601,0.6855279640259989
16484,tdc_unvalidated,0.14292094685127288,0.11267175572519084,0.0,0.11968010288148534,0.8857142857142857,0.07,0.32571428571428573,0.771466666666665,0.8296463887938414,0.8793641974298496
16484,tdc_evidence_validated,0.1493477282950967,0.0,0.0,0.03353658536585369,0.8322981366459627,0.046,0.2670807453416149,0.7667911111111095,0.8367629079459395,0.9139319888058475
16484,tdc_validated_with_reversal,0.14077448747152618,0.0,0.0,0.063986013986014,0.8344370860927153,0.050666666666666665,0.2582781456953642,0.7735359999999982,0.8420200606432867,0.9140066147971168
16485,simple_time_schedule,0.26749888542131073,0.0,0.0,0.08217535153019018,0.8313253012048193,0.06266666666666666,0.29518072289156627,0.7192759999999985,0.8142540996654396,0.92
16485,simple_success_driven,0.2676678445229682,0.0,0.027463521387180445,0.13575949367088613,0.7083333333333334,0.14133333333333334,0.4166666666666667,0.7289395555555549,0.7549315101493442,0.7312821978642824
16485,tdc_unvalidated,0.13247100802854594,0.10101162615129096,0.0,-0.014534883720930258,0.875,0.051333333333333335,0.25,0.7858599999999986,0.836390939706841,0.8979106225483955
16485,tdc_evidence_validated,0.1521933751119069,0.0,0.0,0.0020956607495068447,0.8758169934640523,0.05533333333333333,0.24183006535947713,0.7822164444444424,0.8479625714554045,0.9145766671025626
16485,tdc_validated_with_reversal,0.1362823949955317,0.0,0.0,0.040379213483146104,0.8214285714285714,0.056666666666666664,0.3,0.7803466666666647,0.8294408589221343,0.9125340016847824
16486,simple_time_schedule,0.27792436235708,0.0,0.0,0.10307017543859653,0.8299319727891157,0.06133333333333333,0.3197278911564626,0.7202293333333327,0.809964696366321,0.92
16486,simple_success_driven,0.256021409455843,0.0,0.03182479036458519,0.11795166858457995,0.7283950617283951,0.13,0.38271604938271603,0.7420008888888876,0.7683990976444298,0.7181368874506042
16486,tdc_unvalidated,0.15652557319223986,0.1111963190184049,0.0,0.0952425156648875,0.8742857142857143,0.04733333333333333,0.2742857142857143,0.7844293333333313,0.8366232455812116,0.8991286941355017
16486,tdc_evidence_validated,0.1374889478337754,0.0,0.0,-0.019748066940138642,0.8269230769230769,0.048666666666666664,0.3141025641025641,0.7517204444444439,0.8233769299822483,0.9124175752137538
16486,tdc_validated_with_reversal,0.14638527166591828,0.0,0.0,0.016066753926701538,0.845679012345679,0.04733333333333333,0.3333333333333333,0.752726222222221,0.826290080799426,0.9117384183218076
16487,simple_time_schedule,0.2649420160570919,0.0,0.0,0.015147928994082793,0.8705882352941177,0.05733333333333333,0.2823529411764706,0.7036457777777778,0.8212100969081351,0.92
16487,simple_success_driven,0.2605004468275246,0.0,0.015334362794925505,0.1159119235562942,0.6835443037974683,0.13866666666666666,0.4050632911392405,0.7171546666666664,0.7504416518349791,0.747618080882517
16487,tdc_unvalidated,0.13351016799292661,0.11133292383292383,0.0,0.09355775803144228,0.8410596026490066,0.056,0.26490066225165565,0.7911955555555532,0.8322932539162403,0.8949234375305047
16487,tdc_evidence_validated,0.15208613728129206,0.0,0.0,0.027133015368309477,0.8588957055214724,0.06,0.3067484662576687,0.763437333333332,0.8327363207421902,0.9123770557144432
16487,tdc_validated_with_reversal,0.1271523178807947,0.0,0.0,0.03150572831423892,0.8709677419354839,0.06066666666666667,0.27741935483870966,0.7713457777777762,0.8449630723998207,0.9131039102499325
16488,simple_time_schedule,0.251779359430605,0.0,0.0,0.07290114257327363,0.8486842105263158,0.06666666666666667,0.3092105263157895,0.6991364444444433,0.815908087986162,0.92
16488,simple_success_driven,0.2532496638278799,0.0,0.05480622822829628,0.008018710324089517,0.7891566265060241,0.12666666666666668,0.3313253012048193,0.7212417777777768,0.7835285844790467,0.708484175714553
16488,tdc_unvalidated,0.1338617349185381,0.10949806949806949,0.0,-0.004048582995951455,0.7866666666666666,0.059333333333333335,0.37333333333333335,0.7805177777777759,0.7911230799097378,0.8853908005310771
16488,tdc_evidence_validated,0.141651865008881,0.0,0.0,0.03319209039548021,0.8726114649681529,0.05333333333333334,0.2802547770700637,0.77766622222222,0.8443783134056958,0.9138440082034898
16488,tdc_validated_with_reversal,0.13581890812250333,0.0,0.0,0.038803496081977085,0.7885714285714286,0.05533333333333333,0.34285714285714286,0.7710879999999979,0.8136226763589315,0.9111257948957007
16489,simple_time_schedule,0.24742268041237114,0.0,0.0,0.0708588957055214,0.8506493506493507,0.054,0.2987012987012987,0.7088257777777769,0.8211321778994312,0.92
16489,simple_success_driven,0.27992879394748554,0.0,0.033839515158765376,0.10378114235360092,0.7452229299363057,0.13266666666666665,0.37579617834394907,0.729697777777777,0.768283895762887,0.7278942888336555
16489,tdc_unvalidated,0.1388511985526911,0.10671997539597108,0.0,0.12257984954988277,0.84251968503937,0.056666666666666664,0.29133858267716534,0.7859346666666649,0.8296953226466564,0.8850042046208508
16489,tdc_evidence_validated,0.1410590277777778,0.0,0.0,0.007667677789012561,0.8354430379746836,0.04933333333333333,0.3037974683544304,0.762056444444443,0.8292768595888032,0.9122578042500822
16489,tdc_validated_with_reversal,0.13357079252003562,0.0,0.0,0.03273594142437519,0.8284023668639053,0.04133333333333333,0.27218934911242604,0.7770351111111089,0.8382095206793566,0.9138513082816144
16490,simple_time_schedule,0.2756494936151475,0.0,0.0,0.1300468637346791,0.7953216374269005,0.048,0.29239766081871343,0.7341586666666658,0.811744780694408,0.92
16490,simple_success_driven,0.2527124773960217,0.0,0.0,0.0613596431950264,0.7612903225806451,0.15333333333333332,0.32903225806451614,0.7390711111111102,0.778042406699012,0.7235704619237066
16490,tdc_unvalidated,0.1442741208295762,0.11259191176470588,0.0,0.08336057535142205,0.8435754189944135,0.052,0.2849162011173184,0.7856053333333309,0.8272368373910836,0.8896999607662939
16490,tdc_evidence_validated,0.13767153607791058,0.0,0.0,-0.011191047162270151,0.8214285714285714,0.059333333333333335,0.2857142857142857,0.7805884444444422,0.827275191334841,0.9129777206962
16490,tdc_validated_with_reversal,0.13153153153153152,0.0,0.0,0.049876543209876556,0.8278145695364238,0.04466666666666667,0.32450331125827814,0.7931511111111091,0.8304199874824051,0.9130109261053381
16491,simple_time_schedule,0.25734639358860195,0.0,0.0,0.126595744680851,0.8662790697674418,0.066,0.25,0.7181599999999987,0.8351725412162498,0.92
16491,simple_success_driven,0.2523447967842787,0.0,0.014661665050914152,0.183886771910724,0.75,0.142,0.4144736842105263,0.6987240000000002,0.7700063670451642,0.7167934341637251
16491,tdc_unvalidated,0.17224453369031684,0.11761111959676188,0.0,0.09545454545454546,0.8827586206896552,0.05466666666666667,0.23448275862068965,0.7716413333333318,0.8411829536485675,0.8984630147618713
16491,tdc_evidence_validated,0.12822757111597374,0.0,0.0,-0.005173688100517326,0.7531645569620253,0.056,0.31645569620253167,0.775526666666665,0.8074927800168193,0.9129069011784225
16491,tdc_validated_with_reversal,0.1447132616487455,0.0,0.0,-0.040412327008132354,0.8969072164948454,0.05733333333333333,0.26804123711340205,0.7758524444444427,0.8453782309313199,0.9143307025910344
16492,simple_time_schedule,0.2609283461018477,0.0,0.0,0.15194133910325758,0.8333333333333334,0.062,0.32051282051282054,0.7208013333333323,0.8168450843150274,0.92
16492,simple_success_driven,0.25684485006518903,0.0,0.01933598279117754,0.11854317998385788,0.7655172413793103,0.148,0.3586206896551724,0.7312413333333321,0.778267242516019,0.7366497834891548
16492,tdc_unvalidated,0.1431111111111111,0.11228813559322035,0.0,0.011158728875232504,0.9096774193548387,0.059333333333333335,0.2129032258064516,0.7952888888888866,0.8497007887054988,0.8977063959243714
16492,tdc_evidence_validated,0.136986301369863,0.0,0.0,0.04637592137592139,0.8791946308724832,0.058666666666666666,0.2348993288590604,0.7680413333333321,0.8545918103997245,0.9149218430146334
16492,tdc_validated_with_reversal,0.141961486789073,0.0,0.0,0.07380465257255442,0.7987804878048781,0.04666666666666667,0.3231707317073171,0.7613395555555544,0.8225532649767433,0.9122375545925965
16493,simple_time_schedule,0.27029438001784123,0.0,0.0,0.05253067484662577,0.8680555555555556,0.062,0.2708333333333333,0.71332711111111,0.82455765856301,0.92
16493,simple_success_driven,0.24788230049041463,0.0,0.01723817296240837,0.06924034869240348,0.759493670886076,0.14933333333333335,0.3670886075949367,0.7376364444444432,0.7726503619167483,0.7209635972753312
16493,tdc_unvalidated,0.15627782724844166,0.11495484463493036,0.0,0.04994734994734995,0.8620689655172413,0.04466666666666667,0.25517241379310346,0.7889111111111091,0.8336976058439716,0.9093320711102447
16493,tdc_evidence_validated,0.14751899865891818,0.0,0.0,0.0592307692307692,0.8333333333333334,0.051333333333333335,0.27564102564102566,0.7766431111111095,0.8373228082219394,0.9138465113909742
16493,tdc_validated_with_reversal,0.14626462646264626,0.0,0.0,0.04677754677754675,0.8707482993197279,0.051333333333333335,0.272108843537415,0.7729879999999983,0.8459713427040999,0.913349399544672
16494,simple_time_schedule,0.2728512960436562,0.0,0.0,0.07760643647334897,0.8466666666666667,0.06933333333333333,0.3,0.714261777777777,0.8146864712495338,0.92
16494,simple_success_driven,0.2628981606101391,0.0,0.022400667902612192,0.10287114845938372,0.7604790419161677,0.128,0.30538922155688625,0.7129631111111103,0.7870073840154164,0.7110700049013363
16494,tdc_unvalidated,0.15387987724682156,0.11984732824427481,0.0,0.03996648512777545,0.8650306748466258,0.072,0.3312883435582822,0.7673515555555539,0.8144219789512757,0.8843303408968392
16494,tdc_evidence_validated,0.13680926916221034,0.0,0.0,0.039393939393939426,0.8580246913580247,0.06,0.2654320987654321,0.7827617777777753,0.8438568367280649,0.9138409516068393
16494,tdc_validated_with_reversal,0.13926325247079965,0.0,0.0,0.02200424178154825,0.8439716312056738,0.04666666666666667,0.23404255319148937,0.786416888888887,0.8466790248003944,0.9145095391704974
16495,simple_time_schedule,0.2669642857142857,0.0,0.0,0.12923894358493515,0.8314606741573034,0.06733333333333333,0.2808988764044944,0.7165444444444437,0.819841323976183,0.92
16495,simple_success_driven,0.2552245442418853,0.0,0.007210098376568053,0.046427703945313814,0.6835443037974683,0.15,0.4810126582278481,0.7067262222222215,0.7297201834410297,0.7106676369991279
16495,tdc_unvalidated,0.15091066782307025,0.12371292454280006,0.0,0.09657749803304483,0.8563218390804598,0.06133333333333333,0.3160919540229885,0.7791933333333312,0.8217282450574501,0.8905723372290879
16495,tdc_evidence_validated,0.13771657041314972,0.0,0.0,0.03328312699753866,0.8613138686131386,0.05,0.2773722627737226,0.7795826666666643,0.8433539581365119,0.9138634265902063
16495,tdc_validated_with_reversal,0.14420062695924765,0.0,0.0,0.11173980297972808,0.8488372093023255,0.06133333333333333,0.3081395348837209,0.7725613333333322,0.838096030417572,0.9127767113822672
16496,simple_time_schedule,0.26711111111111113,0.0,0.0,0.07948450823783615,0.8618421052631579,0.05333333333333334,0.28289473684210525,0.7330368888888872,0.8256723999572725,0.92
16496,simple_success_driven,0.27002700270027,0.0,0.016437008194575053,0.034728984096072724,0.7435897435897436,0.14066666666666666,0.38461538461538464,0.7091657777777773,0.7600652720248616,0.7094524440359345
16496,tdc_unvalidated,0.15,0.11482669109787753,0.0,0.0027607361963190025,0.8181818181818182,0.068,0.2857142857142857,0.785796444444442,0.8109285786768029,0.8727423082296002
16496,tdc_evidence_validated,0.15165031222123104,0.0,0.0,0.032955350815024764,0.8354430379746836,0.04933333333333333,0.3291139240506329,0.7763391111111096,0.8258314382501508,0.9123308901148413
16496,tdc_validated_with_reversal,0.12182061579651941,0.0,0.0,0.03663260535630808,0.825,0.059333333333333335,0.31875,0.783418666666665,0.828344135550325,0.9124856565942195
16497,simple_time_schedule,0.26186213070725156,0.0,0.0,0.08889611181083168,0.8493150684931506,0.06333333333333334,0.3013698630136986,0.706361777777777,0.8181611695195194,0.92
16497,simple_success_driven,0.2644628099173554,0.0,0.031132225164575256,0.09276073619631897,0.75,0.128,0.3875,0.7481506666666654,0.7700920921739425,0.7206059161524797
16497,tdc_unvalidated,0.1559306974677921,0.12350537308914787,0.0,-0.04116018209977945,0.825,0.06333333333333334,0.325,0.7868613333333313,0.8008973630158289,0.8873905908944639
16497,tdc_evidence_validated,0.13456345634563457,0.0,0.0,0.02605072795531549,0.8926174496644296,0.051333333333333335,0.21476510067114093,0.7880377777777757,0.8621238219244719,0.9153297480797609
16497,tdc_validated_with_reversal,0.12455516014234876,0.0,0.0,0.04015867173761911,0.8633093525179856,0.064,0.302158273381295,0.7856906666666642,0.8397683533814307,0.913754985912567
16498,simple_time_schedule,0.27141568981064024,0.0,0.0,0.012031139419674486,0.8597560975609756,0.06,0.29878048780487804,0.6900204444444435,0.8135260879676182,0.92
16498,simple_success_driven,0.26613965744400525,0.0,0.01641946843323705,0.1562106043752317,0.7421383647798742,0.14066666666666666,0.34591194968553457,0.7260759999999995,0.7776227262449646,0.7253847467114776
16498,tdc_unvalidated,0.1413141314131413,0.11102730426912052,0.0,0.015642354683450543,0.8376623376623377,0.05466666666666667,0.2922077922077922,0.7950751111111092,0.819642029683878,0.8896701821122432
16498,tdc_evidence_validated,0.152,0.0,0.0,0.10739848086473858,0.8260869565217391,0.06,0.33540372670807456,0.7722644444444429,0.8264906550047209,0.9121785070644808
16498,tdc_validated_with_reversal,0.13747228381374724,0.0,0.0,0.02987321446492497,0.8170731707317073,0.05266666666666667,0.32926829268292684,0.7509826666666654,0.8215856457159522,0.9111899022330996
16499,simple_time_schedule,0.2671721677074041,0.0,0.0,0.0521725826193391,0.8,0.056666666666666664,0.36666666666666664,0.7019435555555552,0.7917807786860661,0.92
16499,simple_success_driven,0.2555147058823529,0.0,0.03479945953809127,0.026973881075535444,0.7176470588235294,0.15133333333333332,0.4235294117647059,0.7482693333333318,0.7481032916625133,0.6846008053165348
16499,tdc_unvalidated,0.15029161058770749,0.11809954751131221,0.0,0.09375,0.8156424581005587,0.06,0.29608938547486036,0.7889462222222202,0.8167031782639115,0.8902406091721566
16499,tdc_evidence_validated,0.13327289211242066,0.0,0.0,0.0316973415132924,0.8714285714285714,0.05466666666666667,0.2571428571428571,0.7823555555555542,0.8492822808380229,0.9148773316825224
16499,tdc_validated_with_reversal,0.14254094732182382,0.0,0.0,0.040348964013086075,0.8533333333333334,0.05466666666666667,0.23333333333333334,0.7884968888888868,0.8488653933848804,0.9144600586722019
16500,simple_time_schedule,0.2726069695632995,0.0,0.0,0.101876449504533,0.8529411764705882,0.06733333333333333,0.24705882352941178,0.7429351111111102,0.8291645054502589,0.92
16500,simple_success_driven,0.256092157731502,0.0,0.017653724367819645,0.061419472247497775,0.7660818713450293,0.158,0.3567251461988304,0.7481284444444429,0.7733549162821848,0.7407894686727117
16500,tdc_unvalidated,0.15454134658834162,0.1117879987816022,0.0,0.06918421488973636,0.8648648648648649,0.05733333333333333,0.2635135135135135,0.7825857777777759,0.8327496217279318,0.8736661088202959
16500,tdc_evidence_validated,0.13630229419703105,0.0,0.0,0.04074803765206236,0.8614457831325302,0.06066666666666667,0.2710843373493976,0.7724222222222206,0.8433195512757184,0.9143706703371299
16500,tdc_validated_with_reversal,0.14347450302506481,0.0,0.0,0.07609594706368905,0.8441558441558441,0.04666666666666667,0.2987012987012987,0.7692102222222208,0.838134156394977,0.9126871359571695
16501,simple_time_schedule,0.2541776605101143,0.0,0.0,0.05738304093567248,0.7947019867549668,0.06133333333333333,0.3576158940397351,0.722802666666666,0.7944621600308108,0.92
16501,simple_success_driven,0.26666666666666666,0.0,0.03684526021689438,0.004612825166364187,0.7484662576687117,0.152,0.4233128834355828,0.7027719999999997,0.7502621555020617,0.7184884535024368
16501,tdc_unvalidated,0.15699505173189385,0.11744043982895541,0.0,0.08614800759013286,0.8580645161290322,0.058666666666666666,0.22580645161290322,0.8056986666666646,0.8389512831659158,0.8942835236215932
16501,tdc_evidence_validated,0.15963060686015831,0.0,0.0,0.03769475624057639,0.8716216216216216,0.051333333333333335,0.25,0.76549911111111,0.8472631158391243,0.9140662665074899
16501,tdc_validated_with_reversal,0.14691522414558367,0.0,0.0,0.026589595375722475,0.8509316770186336,0.06133333333333333,0.34782608695652173,0.7514888888888875,0.8234201653041964,0.9112033487328366
16502,simple_time_schedule,0.2680089485458613,0.0,0.0,0.10098605916354975,0.8580246913580247,0.064,0.2654320987654321,0.7338613333333318,0.8278202334181448,0.92
16502,simple_success_driven,0.2596660808435852,0.0,0.019409042301523072,0.12010065578770779,0.76,0.14466666666666667,0.36666666666666664,0.7463031111111098,0.7763602589226924,0.7263320523132859
16502,tdc_unvalidated,0.1485148514851485,0.11578624078624078,0.0,-0.00501833622852732,0.8562874251497006,0.06733333333333333,0.23353293413173654,0.7831439999999981,0.8289375855583302,0.8830334021141828
16502,tdc_evidence_validated,0.14347826086956522,0.0,0.0,0.08511247443762782,0.8164556962025317,0.050666666666666665,0.34177215189873417,0.7769946666666642,0.8241255411801065,0.9117665662991193
16502,tdc_validated_with_reversal,0.14224507283633248,0.0,0.0,-0.018900602409638534,0.8614457831325302,0.064,0.21686746987951808,0.7858377777777751,0.8474779960947473,0.914734245702836
16503,simple_time_schedule,0.2862903225806452,0.0,0.0,0.0016891891891891442,0.7887323943661971,0.062,0.352112676056338,0.6972884444444438,0.7839415207093691,0.92
16503,simple_success_driven,0.25411659991099245,0.0,0.07482306951816897,0.17911425576519924,0.7870967741935484,0.11733333333333333,0.3225806451612903,0.745838222222221,0.8006517217066519,0.7365819044303865
16503,tdc_unvalidated,0.17227635075287864,0.12475367591329392,0.0,0.010822510822510734,0.8547486033519553,0.06333333333333334,0.27932960893854747,0.7743706666666653,0.8174784991796666,0.8952468593680702
16503,tdc_evidence_validated,0.1480820695807315,0.0,0.0,0.023930968360498572,0.8456375838926175,0.06266666666666666,0.24161073825503357,0.7728253333333314,0.8415324216425263,0.9141441220992915
16503,tdc_validated_with_reversal,0.1279120879120879,0.0,0.0,-0.01479621402356579,0.861271676300578,0.044,0.2774566473988439,0.7748959999999984,0.8416274563507692,0.9130752315083038
16504,simple_time_schedule,0.2523364485981308,0.0,0.0,0.0847744360902255,0.8493975903614458,0.06466666666666666,0.27710843373493976,0.6987262222222221,0.8230331379201598,0.92
16504,simple_success_driven,0.26672535211267606,0.0,0.022924345271196134,0.164157196969697,0.7388535031847133,0.14933333333333335,0.3503184713375796,0.7322737777777769,0.7754561601631458,0.7163272105215136
16504,tdc_unvalidated,0.14829570606463036,0.12287621359223301,0.0,0.05653049482163397,0.8484848484848485,0.08066666666666666,0.3090909090909091,0.7752222222222203,0.8151181173278366,0.8784498627339214
16504,tdc_evidence_validated,0.13771929824561405,0.0,0.0,-0.011038502296008557,0.9013157894736842,0.05333333333333334,0.21052631578947367,0.804068444444442,0.8618866751379567,0.9154277185734786
16504,tdc_validated_with_reversal,0.1413427561837456,0.0,0.0,0.05860805860805862,0.8671328671328671,0.048,0.3146853146853147,0.7706999999999986,0.8395171902914516,0.9130492261329264
16505,simple_time_schedule,0.2638202247191011,0.0,0.0,0.06588426124707791,0.8466666666666667,0.06533333333333333,0.28,0.7336635555555545,0.8200291183279809,0.92
16505,simple_success_driven,0.2629464285714286,0.0,0.005276135668639603,0.14548110117730373,0.76875,0.142,0.33125,0.7294039999999986,0.7861571480941841,0.7279650081641263
16505,tdc_unvalidated,0.1547085201793722,0.11717325227963526,0.0,-0.0016023613746574128,0.8764705882352941,0.06133333333333333,0.22941176470588234,0.7981808888888866,0.8353245537429929,0.894595842497319
16505,tdc_evidence_validated,0.13543516873889877,0.0,0.0,-0.00695621468926555,0.88125,0.058666666666666666,0.23125,0.7687675555555541,0.8517216147569684,0.914324388579671
16505,tdc_validated_with_reversal,0.14146772767462423,0.0,0.0,0.02100518368266846,0.7526881720430108,0.056666666666666664,0.3387096774193548,0.771859111111109,0.8033600499527825,0.9111684781461178
16506,simple_time_schedule,0.2783641160949868,0.0,0.0,0.1265723270440252,0.808641975308642,0.059333333333333335,0.2962962962962963,0.726702222222221,0.8114703062065202,0.92
16506,simple_success_driven,0.26195797943674565,0.0,0.010886601340784008,0.1686746987951807,0.7578125,0.12333333333333334,0.359375,0.7313982222222215,0.7835299543380256,0.7330912620777817
16506,tdc_unvalidated,0.14712438698172092,0.11637800060771802,0.0,0.04932126696832573,0.8531468531468531,0.06933333333333333,0.2867132867132867,0.7743955555555531,0.8224122691428408,0.8713131320902401
16506,tdc_evidence_validated,0.13513513513513514,0.0,0.0,0.055641821946169845,0.83125,0.05333333333333334,0.2875,0.7690715555555538,0.8355119557256634,0.9124618700957297
16506,tdc_validated_with_reversal,0.149822695035461,0.0,0.0,0.022596843615494966,0.891566265060241,0.05533333333333333,0.22289156626506024,0.7764644444444426,0.8568932363154664,0.9149161438626994
16507,simple_time_schedule,0.27184035476718404,0.0,0.0,0.08518211920529806,0.8417721518987342,0.068,0.3291139240506329,0.7322657777777767,0.8099523611067115,0.92
16507,simple_success_driven,0.25728155339805825,0.0,0.02732251706282751,0.04428571428571426,0.7388535031847133,0.13933333333333334,0.3885350318471338,0.7400835555555539,0.762221983587865,0.7406101743400991
16507,tdc_unvalidated,0.15539632781012092,0.12152091254752852,0.0,0.0903225806451613,0.8224852071005917,0.06133333333333333,0.33727810650887574,0.7650591111111096,0.808363232696148,0.8861141927861166
16507,tdc_evidence_validated,0.14492753623188406,0.0,0.0,0.027944940167392907,0.8703703703703703,0.056666666666666664,0.22839506172839505,0.7701657777777766,0.85146348236315,0.9140856340109582
16507,tdc_validated_with_reversal,0.14266666666666666,0.0,0.0,0.04066091954022988,0.8424657534246576,0.058666666666666666,0.2602739726027397,0.7745137777777759,0.8402158904277541,0.9144927644240379
16508,simple_time_schedule,0.26294820717131473,0.0,0.0,0.09816552303598935,0.8636363636363636,0.064,0.2532467532467532,0.7164742222222215,0.8311477734160956,0.92
16508,simple_success_driven,0.26238938053097344,0.0,0.021903857583670305,0.13626312880044222,0.7329192546583851,0.13733333333333334,0.36024844720496896,0.7297551111111104,0.7724393087619282,0.703709386491903
16508,tdc_unvalidated,0.1469423669159701,0.11605625096584762,0.0,0.07950089126559712,0.8654970760233918,0.05733333333333333,0.2573099415204678,0.7786399999999986,0.8352371652557066,0.8679330572434152
16508,tdc_evidence_validated,0.14469026548672567,0.0,0.0,0.07875683060109284,0.821917808219178,0.05466666666666667,0.2602739726027397,0.7662084444444427,0.8383565392951664,0.9140475576490099
16508,tdc_validated_with_reversal,0.1380080393032604,0.0,0.0,0.07449696879532863,0.87248322147651,0.05533333333333333,0.28187919463087246,0.7752231111111098,0.8474519412330862,0.9137565372620411
16509,simple_time_schedule,0.2651413189771198,0.0,0.0,0.08479532163742698,0.8333333333333334,0.068,0.3,0.701864444444444,0.8128584188519752,0.92
16509,simple_success_driven,0.2736185383244207,0.0,0.04285568051794808,0.13050263110143345,0.7103448275862069,0.15933333333333333,0.42758620689655175,0.7310431111111101,0.7493992476131172,0.7383554942374798
16509,tdc_unvalidated,0.14149305555555555,0.10249391727493917,0.0,0.061690760527969846,0.8662420382165605,0.051333333333333335,0.2611464968152866,0.7850186666666648,0.8369060960700234,0.8984887262043113
16509,tdc_evidence_validated,0.1456607064980375,0.0,0.0,0.01954645795705401,0.8407643312101911,0.05733333333333333,0.3248407643312102,0.7636079999999987,0.8258543063043338,0.9121982870989596
16509,tdc_validated_with_reversal,0.13907581875280395,0.0,0.0,0.11835402166893882,0.8451612903225807,0.051333333333333335,0.24516129032258063,0.7651462222222208,0.8510999000830329,0.9147187175840896
16510,simple_time_schedule,0.2497721057429353,0.0,0.0,0.11864623243933592,0.8888888888888888,0.058666666666666666,0.22875816993464052,0.7254106666666653,0.8463102265362339,0.92
16510,simple_success_driven,0.260347129506008,0.0,0.04320104006739112,0.08565545641729577,0.7482993197278912,0.164,0.3673469387755102,0.7275488888888879,0.7667351816932002,0.7626177455110198
16510,tdc_unvalidated,0.14746136865342163,0.1082363747703613,0.0,0.015339469120981719,0.8535031847133758,0.04933333333333333,0.3184713375796178,0.7796222222222206,0.8184016800681907,0.8975245622741601
16510,tdc_evidence_validated,0.13672922252010725,0.0,0.0,0.041039729501267885,0.8421052631578947,0.04733333333333333,0.3216374269005848,0.7768257777777758,0.8318513113008535,0.9121887544356961
16510,tdc_validated_with_reversal,0.13819664703217036,0.0,0.0,0.042768239396213104,0.8321167883211679,0.04933333333333333,0.3357664233576642,0.7576608888888872,0.825757103782116,0.911332400714711
16511,simple_time_schedule,0.26991150442477874,0.0,0.0,0.09646422941220623,0.8193548387096774,0.072,0.24516129032258063,0.7190457777777772,0.8196874878768767,0.92
16511,simple_success_driven,0.25925925925925924,0.0,0.04157957004296298,0.08563146997929605,0.7832167832167832,0.13133333333333333,0.3356643356643357,0.7182235555555552,0.7858222777433839,0.7313645827707295
16511,tdc_unvalidated,0.1372113676731794,0.10689018763457397,0.0,0.10691681735985537,0.8773006134969326,0.051333333333333335,0.26993865030674846,0.7853337777777764,0.8416801393602212,0.9026834200473572
16511,tdc_evidence_validated,0.13051146384479717,0.0,0.0,0.047714514835605515,0.8695652173913043,0.054,0.2236024844720497,0.778633333333332,0.8564980945508541,0.9150838512770314
16511,tdc_validated_with_reversal,0.14228007181328545,0.0,0.0,-0.029706945002007212,0.8516129032258064,0.05733333333333333,0.3032258064516129,0.7833946666666641,0.8296731392922159,0.9141410434154791
16512,simple_time_schedule,0.2732974910394265,0.0,0.0,0.15377999483959748,0.8113207547169812,0.056,0.2641509433962264,0.7328759999999992,0.8215656021624028,0.92
16512,simple_success_driven,0.262621789193977,0.0,0.050174810978176,0.14046247100202047,0.7828947368421053,0.14133333333333334,0.3618421052631579,0.7246951111111103,0.7836075761988528,0.7188823722049069
16512,tdc_unvalidated,0.15992892047978677,0.12027068594278684,0.0,0.00462962962962965,0.8263473053892215,0.06066666666666667,0.3413173652694611,0.7532199999999993,0.8008562000683094,0.8812964855445111
16512,tdc_evidence_validated,0.14052143172779497,0.0,0.0,0.02258970605688959,0.8775510204081632,0.05266666666666667,0.25170068027210885,0.7585919999999987,0.8493573118249725,0.9142719427485234
16512,tdc_validated_with_reversal,0.1329505300353357,0.0,0.0,0.020263424518743633,0.8344827586206897,0.050666666666666665,0.31724137931034485,0.7714422222222203,0.8289314357718781,0.9120429179622576
16513,simple_time_schedule,0.2738043001316367,0.0,0.0,0.10665618448637315,0.8490566037735849,0.051333333333333335,0.2893081761006289,0.7177595555555548,0.8223950548369168,0.92
16513,simple_success_driven,0.27284886312973694,0.0,0.04303943641258945,0.09799885648942253,0.7207792207792207,0.12533333333333332,0.38961038961038963,0.724717777777777,0.7614335883159111,0.7145470095212427
16513,tdc_unvalidated,0.16134831460674157,0.12083205873355767,0.0,0.13275282010686718,0.8739495798319328,0.07066666666666667,0.2857142857142857,0.790279999999998,0.8321554755800044,0.8641486764189019
16513,tdc_evidence_validated,0.14939434724091522,0.0,0.0,0.017924604131500765,0.8503401360544217,0.05333333333333334,0.30612244897959184,0.784215999999998,0.8323336582201932,0.9136181353097448
16513,tdc_validated_with_reversal,0.13539823008849558,0.0,0.0,0.022375215146299476,0.81875,0.048666666666666664,0.2875,0.7744871111111097,0.8307770827770922,0.9138613389841679
16514,simple_time_schedule,0.27882507672073653,0.0,0.0,0.06102484472049685,0.9084967320261438,0.06733333333333333,0.20915032679738563,0.7232297777777769,0.8443944914772593,0.92
16514,simple_success_driven,0.2674107142857143,0.0,0.0,0.13207547169811318,0.7935483870967742,0.13733333333333334,0.3161290322580645,0.7341973333333321,0.7940714848326231,0.7050072617686771
16514,tdc_unvalidated,0.14368585452922802,0.11094155348695255,0.0,-0.028862478777589184,0.8203592814371258,0.048666666666666664,0.31736526946107785,0.7750875555555533,0.8072393102427382,0.8772052519595981
16514,tdc_evidence_validated,0.1470327723649247,0.0,0.0,0.13294771151815643,0.8765432098765432,0.058666666666666666,0.25925925925925924,0.7835115555555537,0.8557087280496222,0.9138454099930877
16514,tdc_validated_with_reversal,0.14443952148870182,0.0,0.0,0.10327069738186967,0.806060606060606,0.04933333333333333,0.32727272727272727,0.7417795555555549,0.8243634262164747,0.9118121063554554
16515,simple_time_schedule,0.27195340501792115,0.0,0.0,0.0900842746996593,0.8562091503267973,0.064,0.24836601307189543,0.7113311111111101,0.8281308234433984,0.92
16515,simple_success_driven,0.256021409455843,0.0,0.024501050604603503,0.07810673938449553,0.6935483870967742,0.13666666666666666,0.41935483870967744,0.7362564444444433,0.7489568748735365,0.7491528679103855
16515,tdc_unvalidated,0.15928038613426942,0.11445139630703495,0.0,0.032900432900432874,0.8484848484848485,0.06266666666666666,0.24848484848484848,0.7911653333333311,0.8271276505921502,0.8946416498971299
16515,tdc_evidence_validated,0.13990103463787673,0.0,0.0,0.08467927048119861,0.8417721518987342,0.06066666666666667,0.2911392405063291,0.7694053333333316,0.8378779966204167,0.9138679001928878
16515,tdc_validated_with_reversal,0.15360360360360362,0.0,0.0,0.01784633998790086,0.9014084507042254,0.051333333333333335,0.2535211267605634,0.7912026666666645,0.8540622013799736,0.9143514032713405
16516,simple_time_schedule,0.27385159010600707,0.0,0.0,0.05736787743157179,0.8456375838926175,0.07333333333333333,0.3087248322147651,0.7179106666666655,0.8106158512485886,0.92
16516,simple_success_driven,0.26151761517615174,0.0,0.03038367665431896,0.21904398677854064,0.803680981595092,0.13133333333333333,0.3067484662576687,0.7379306666666653,0.807083657807397,0.7374745017253075
16516,tdc_unvalidated,0.14437555358724535,0.11687711733908222,0.0,0.04272282161272145,0.8113207547169812,0.06,0.31446540880503143,0.7834768888888868,0.8090322772488389,0.8777550981680708
16516,tdc_evidence_validated,0.15008726003490402,0.0,0.0,0.036311954519977596,0.8076923076923077,0.05,0.28846153846153844,0.7721608888888879,0.826702252435344,0.9134424377134727
16516,tdc_validated_with_reversal,0.12982456140350876,0.0,0.0,0.06535330895363922,0.8538011695906432,0.048666666666666664,0.26900584795321636,0.775257333333332,0.846767680856642,0.9141485252705828
16517,simple_time_schedule,0.2616946160635481,0.0,0.0,0.09755996691480562,0.8363636363636363,0.066,0.3090909090909091,0.730835555555554,0.8149318824174189,0.92
16517,simple_success_driven,0.26040268456375837,0.0,0.0,0.09053632934229949,0.7397260273972602,0.138,0.3835616438356164,0.7415924444444434,0.766863378971167,0.7527455562840464
16517,tdc_unvalidated,0.13902548055431382,0.11482381530984204,0.0,0.0746465744912227,0.8482758620689655,0.062,0.2413793103448276,0.7936977777777755,0.8346951429901066,0.8795654374739902
16517,tdc_evidence_validated,0.13294538943598927,0.0,0.0,0.010824791646709464,0.8502994011976048,0.058666666666666666,0.23353293413173654,0.7856875555555534,0.8463303925099663,0.9143653837531129
16517,tdc_validated_with_reversal,0.137852593266606,0.0,0.0,0.02955738934733676,0.8258064516129032,0.058,0.3225806451612903,0.7702857777777756,0.8247256914596376,0.9124749167147553
16518,simple_time_schedule,0.2556291390728477,0.0,0.0,0.03432868834328695,0.8303030303030303,0.06,0.2787878787878788,0.7212297777777766,0.8152983157992845,0.92
16518,simple_success_driven,0.2575354609929078,0.0,0.02961561190501949,0.07439771335238876,0.7388059701492538,0.14266666666666666,0.3358208955223881,0.7541697777777764,0.7741026486154194,0.7180348100052009
16518,tdc_unvalidated,0.15969750889679715,0.11869031377899045,0.0,0.0720317574882714,0.8315217391304348,0.06733333333333333,0.31521739130434784,0.7813906666666651,0.8124704319898862,0.8801075155889325
16518,tdc_evidence_validated,0.13734290843806105,0.0,0.0,0.20603529782540186,0.8343949044585988,0.07066666666666667,0.3184713375796178,0.7801528888888872,0.8400842018393249,0.9136725766989916
16518,tdc_validated_with_reversal,0.14769647696476965,0.0,0.0,0.06668229227704214,0.8662790697674418,0.048666666666666664,0.3313953488372093,0.7531475555555546,0.8352521261161395,0.9108321126762043
16519,simple_time_schedule,0.2782258064516129,0.0,0.0,0.03723165913071813,0.8260869565217391,0.06666666666666667,0.2981366459627329,0.7485946666666652,0.807900313119157,0.92
16519,simple_success_driven,0.2752982766239505,0.0,0.005360867928706159,0.11493902439024395,0.7352941176470589,0.13066666666666665,0.3764705882352941,0.7491813333333325,0.7684198322434743,0.7072913411021888
16519,tdc_unvalidated,0.1584070796460177,0.12198864508209299,0.0,0.08478919170743071,0.8609271523178808,0.054,0.2781456953642384,0.793104888888887,0.8296079937225849,0.8890184932638006
16519,tdc_evidence_validated,0.14260407440212577,0.0,0.0,0.06580882352941175,0.8903225806451613,0.056666666666666664,0.21935483870967742,0.7805924444444429,0.8616507149642632,0.9156157682859294
16519,tdc_validated_with_reversal,0.13802435723951287,0.0,0.0,-0.013236481033091163,0.8662420382165605,0.05533333333333333,0.267515923566879,0.7880528888888867,0.8420316766559794,0.9143128473800897
16520,simple_time_schedule,0.267226148409894,0.0,0.0,0.1271190653740989,0.85,0.07133333333333333,0.30625,0.7073097777777771,0.8185119222303204,0.92
16520,simple_success_driven,0.2461883408071749,0.0,0.011688920628511124,0.050459303567613856,0.7424242424242424,0.13733333333333334,0.38636363636363635,0.7538835555555539,0.7663887490976572,0.7198961989479158
16520,tdc_unvalidated,0.1553784860557769,0.11851851851851852,0.0,0.06243842364532015,0.8773006134969326,0.06866666666666667,0.3067484662576687,0.7865204444444425,0.824831438045589,0.8746807779428678
16520,tdc_evidence_validated,0.13658536585365855,0.0,0.0,-0.027780137626369883,0.8888888888888888,0.04933333333333333,0.2549019607843137,0.7766573333333312,0.849279578162535,0.9137362035862823
16520,tdc_validated_with_reversal,0.14215024741340532,0.0,0.0,0.07124775436877351,0.8924050632911392,0.06333333333333334,0.17088607594936708,0.7776897777777761,0.8701907650083903,0.915966537169651
16521,simple_time_schedule,0.2627080521817364,0.0,0.0,0.10508412246023724,0.8589743589743589,0.058,0.27564102564102566,0.7278013333333321,0.8279981173631706,0.92
16521,simple_success_driven,0.25066904549509367,0.0,0.014742052532436989,0.177034842714064,0.7682119205298014,0.15066666666666667,0.37748344370860926,0.7304368888888879,0.7806037709963036,0.7251311060674075
16521,tdc_unvalidated,0.1388642413487134,0.10672536814938516,0.0,0.07536148062463854,0.8433734939759037,0.06266666666666666,0.2891566265060241,0.7697262222222209,0.8249047084885796,0.9016548722751392
16521,tdc_evidence_validated,0.13336326897171083,0.0,0.0,-0.008528784648187626,0.8333333333333334,0.05733333333333333,0.375,0.7732088888888871,0.8149018617943278,0.9118975215868775
16521,tdc_validated_with_reversal,0.14647137150466044,0.0,0.0,-0.033704020530367806,0.8589743589743589,0.048,0.27564102564102566,0.7824635555555538,0.8369546901076018,0.9136757298023894
16522,simple_time_schedule,0.27980206927575346,0.0,0.0,0.0161508540503974,0.8421052631578947,0.06333333333333334,0.25146198830409355,0.730162222222221,0.8180350394441396,0.92
16522,simple_success_driven,0.26083072800357304,0.0,0.0,0.15641952983725138,0.7735849056603774,0.14266666666666666,0.3584905660377358,0.7486475555555541,0.7842485714937335,0.713601144062065
16522,tdc_unvalidated,0.15275938189845475,0.12283126055581145,0.0,0.12895464934440037,0.83125,0.06,0.34375,0.76209111111111,0.8126989516595154,0.8897882443827978
16522,tdc_evidence_validated,0.13321492007104796,0.0,0.0,0.06220238095238095,0.9090909090909091,0.03933333333333333,0.2159090909090909,0.7825044444444426,0.87065112792887,0.9152775297139729
16522,tdc_validated_with_reversal,0.13831692032229184,0.0,0.0,0.016059602649006632,0.8592592592592593,0.05733333333333333,0.3037037037037037,0.7620702222222209,0.8347854304779107,0.9120705610859366
16523,simple_time_schedule,0.2695690413368514,0.0,0.0,0.10597439544807963,0.8657718120805369,0.06466666666666666,0.30201342281879195,0.7163319999999992,0.8224677179739668,0.92
16523,simple_success_driven,0.25334522747546834,0.0,0.03282198457106866,0.12505109966478622,0.8238993710691824,0.146,0.32075471698113206,0.7339813333333325,0.8005350094599506,0.7162601248337134
16523,tdc_unvalidated,0.15747330960854092,0.11435967717374752,0.0,0.09945493628128366,0.838150289017341,0.06,0.3352601156069364,0.7685439999999989,0.8141379788513705,0.8972466291658818
16523,tdc_evidence_validated,0.13773502404897245,0.0,0.0,0.12326183269728475,0.8364779874213837,0.04,0.3081761006289308,0.7841062222222205,0.84082531100574,0.9131037729001996
16523,tdc_validated_with_reversal,0.152549889135255,0.0,0.0,0.009175842509175802,0.8630952380952381,0.054,0.27976190476190477,0.767979555555554,0.8382419794297348,0.9136251104075648
16524,simple_time_schedule,0.27300884955752214,0.0,0.0,0.06264750053636559,0.7914110429447853,0.066,0.3619631901840491,0.7120084444444439,0.7894961749562535,0.92
16524,simple_success_driven,0.2599118942731278,0.0,0.03350008304463892,0.17364590225919274,0.7666666666666667,0.13733333333333334,0.37333333333333335,0.7541582222222205,0.7824970025380531,0.7065066296326445
16524,tdc_unvalidated,0.148,0.11611519607843138,0.0,-0.008913754682091879,0.7181208053691275,0.07066666666666667,0.40939597315436244,0.800793333333331,0.7640158608834928,0.8544974750871774
16524,tdc_evidence_validated,0.14285714285714285,0.0,0.0,-0.025517592266447453,0.9133333333333333,0.05,0.22666666666666666,0.7885897777777755,0.8599021837297951,0.9144425875354358
16524,tdc_validated_with_reversal,0.14446444644464446,0.0,0.0,0.0379784688995215,0.8294117647058824,0.052,0.2647058823529412,0.7809248888888869,0.8371420152711494,0.9138998452978018
16525,simple_time_schedule,0.265929203539823,0.0,0.0,0.011819293350471827,0.84472049689441,0.074,0.3105590062111801,0.699062222222222,0.8066702419979973,0.92
16525,simple_success_driven,0.2656729504603244,0.0,0.03264897673529299,0.09942028985507245,0.8068181818181818,0.138,0.3181818181818182,0.721910666666666,0.7939194731542634,0.710217391720984
16525,tdc_unvalidated,0.16821192052980133,0.1231549815498155,0.0,0.04182109357126518,0.8322981366459627,0.06466666666666666,0.33540372670807456,0.7740964444444425,0.8050134939242398,0.899262061752208
16525,tdc_evidence_validated,0.13799283154121864,0.0,0.0,0.07900185245723013,0.8421052631578947,0.05466666666666667,0.3157894736842105,0.7566728888888878,0.8337845585644335,0.9126938088904905
16525,tdc_validated_with_reversal,0.14473108876257104,0.0,0.0,0.006496815286624158,0.8131868131868132,0.05466666666666667,0.3131868131868132,0.7525982222222214,0.8204058638096009,0.9125853706533678
16526,simple_time_schedule,0.2746858168761221,0.0,0.0,0.13838690564360834,0.8620689655172413,0.06733333333333333,0.26436781609195403,0.7184635555555549,0.8298904918053066,0.92
16526,simple_success_driven,0.2641931157800626,0.0,0.026625724692326602,0.06421502474134055,0.75,0.14066666666666666,0.3815789473684211,0.7240151111111107,0.7659198930215604,0.7089968587451613
16526,tdc_unvalidated,0.12686230248306998,0.11346537693843083,0.0,0.0429243752028563,0.788235294117647,0.066,0.3235294117647059,0.776579555555554,0.8035017411287975,0.8816078853297771
16526,tdc_evidence_validated,0.12516703786191538,0.0,0.0,0.019888260304297356,0.8397435897435898,0.04666666666666667,0.27564102564102566,0.7596608888888875,0.8389105213356414,0.9134030222978547
16526,tdc_validated_with_reversal,0.13985701519213584,0.0,0.0,-0.006211180124223614,0.815028901734104,0.066,0.3236994219653179,0.7682755555555537,0.817435186147813,0.9116746313251455
16527,simple_time_schedule,0.2652697280427998,0.0,0.0,0.03987647172360542,0.8242424242424242,0.062,0.3090909090909091,0.7198377777777769,0.8071076851048257,0.92
16527,simple_success_driven,0.2605228178998671,0.0,0.025583189600245637,0.14833333333333332,0.7604790419161677,0.13733333333333334,0.38323353293413176,0.7197759999999994,0.7757441129590884,0.7240580977757998
16527,tdc_unvalidated,0.13141314131413143,0.10170533108004302,0.0,0.03492077542710448,0.8641975308641975,0.06,0.2654320987654321,0.7813186666666649,0.833473558816881,0.8898823326454279
16527,tdc_evidence_validated,0.13929684023141967,0.0,0.0,0.03270629342217524,0.8390804597701149,0.054,0.3218390804597701,0.7432848888888881,0.8276546172589996,0.9115435549109381
16527,tdc_validated_with_reversal,0.1294271972015741,0.0,0.0,0.0065268065268065945,0.8445945945945946,0.05733333333333333,0.27702702702702703,0.8012746666666635,0.8381178280850953,0.9139606443884793
16528,simple_time_schedule,0.26521545979564637,0.0,0.0,0.09132007233273054,0.8404907975460123,0.05533333333333333,0.31901840490797545,0.7177786666666658,0.8143277332761687,0.92
16528,simple_success_driven,0.2582244254168544,0.0,0.03580912641537737,0.12971323978035387,0.7054794520547946,0.14933333333333335,0.3972602739726027,0.7368933333333322,0.7576162588021509,0.7383477285750549
16528,tdc_unvalidated,0.1445993031358885,0.11723818350324375,0.0,0.12023593466424687,0.8685714285714285,0.056666666666666664,0.32571428571428573,0.7723564444444431,0.8269625528534085,0.9050800615976418
16528,tdc_evidence_validated,0.1348314606741573,0.0,0.0,0.055335097001763645,0.8780487804878049,0.051333333333333335,0.29878048780487804,0.7456137777777769,0.844112840555732,0.9121818200319283
16528,tdc_validated_with_reversal,0.13268892794376097,0.0,0.0,0.030900723208415415,0.8562874251497006,0.059333333333333335,0.2694610778443114,0.7828022222222205,0.8427203515240543,0.9139004204585588
16529,simple_time_schedule,0.2647058823529412,0.0,0.0,-0.052616446233467506,0.773972602739726,0.056666666666666664,0.3424657534246575,0.7155048888888885,0.7823949787018956,0.92
16529,simple_success_driven,0.2599099099099099,0.0,0.03429905480754636,0.1621522290418611,0.8104575163398693,0.14133333333333334,0.2679738562091503,0.7472826666666657,0.8101372740732165,0.742161174474626
16529,tdc_unvalidated,0.14304753442914261,0.10884983040394697,0.0,0.11793418359313501,0.8579881656804734,0.058,0.26627218934911245,0.7918959999999978,0.8367301058993706,0.8955581908639532
16529,tdc_evidence_validated,0.1387126019945603,0.0,0.0,-0.032907043328879504,0.847682119205298,0.04666666666666667,0.2781456953642384,0.7770395555555543,0.8349400712537154,0.9132724009556061
16529,tdc_validated_with_reversal,0.12991604065399912,0.0,0.0,0.006976744186046435,0.8709677419354839,0.05266666666666667,0.2838709677419355,0.7827151111111091,0.8431873154920693,0.9130371233054224
16530,simple_time_schedule,0.2824258521469677,0.0,0.0,0.09765355417529331,0.8352941176470589,0.066,0.32941176470588235,0.7118079999999999,0.8073614556216834,0.92
16530,simple_success_driven,0.25168842863574964,0.0,0.05611835705066781,-0.012393673577884123,0.775,0.13333333333333333,0.3625,0.7217506666666667,0.7720588194380976,0.7139396400874066
16530,tdc_unvalidated,0.1429820725841714,0.11017726161369193,0.0,0.07673632754830872,0.8713450292397661,0.054,0.30409356725146197,0.7845182222222205,0.8300268384496072,0.8930194094637529
16530,tdc_evidence_validated,0.13684676705048715,0.0,0.0,0.019594720208217176,0.8214285714285714,0.051333333333333335,0.34523809523809523,0.7703911111111096,0.8200113413407003,0.9121495666056596
16530,tdc_validated_with_reversal,0.14202508960573476,0.0,0.0,0.019230769230769273,0.8979591836734694,0.04733333333333333,0.2653061224489796,0.7880497777777757,0.8533587088122526,0.9136743557054872
16531,simple_time_schedule,0.26649076517150394,0.0,0.0,0.11419457735247207,0.8076923076923077,0.066,0.3269230769230769,0.716736444444444,0.804936316841965,0.92
16531,simple_success_driven,0.26409232134931204,0.0,0.004680089759403039,0.0769346582354713,0.7317073170731707,0.132,0.3719512195121951,0.7190604444444436,0.7654828020330777,0.7328724359734838
16531,tdc_unvalidated,0.13270355375618534,0.11055656382335148,0.0,0.11397058823529416,0.8170731707317073,0.05266666666666667,0.3170731707317073,0.7866684444444432,0.8193368232291689,0.8813252078750958
16531,tdc_evidence_validated,0.12887511071744906,0.0,0.0,0.016881479405996047,0.8606060606060606,0.05466666666666667,0.3090909090909091,0.7677751111111097,0.8361814315389056,0.9131796425476251
16531,tdc_validated_with_reversal,0.1452687694358063,0.0,0.0,0.015354117859073702,0.8936170212765957,0.052,0.22695035460992907,0.7795542222222205,0.8573698918731976,0.9146337480588798
16532,simple_time_schedule,0.2692652329749104,0.0,0.0,0.06725146198830412,0.8736263736263736,0.059333333333333335,0.22527472527472528,0.7140675555555548,0.8358732323523448,0.92
16532,simple_success_driven,0.2525120139799039,0.0,0.027153358295534447,0.12745848320195907,0.7924528301886793,0.124,0.32075471698113206,0.7366804444444438,0.7969250446654272,0.705968347927991
16532,tdc_unvalidated,0.15327184892402285,0.12081249052599667,0.0,0.11645820083386338,0.8292682926829268,0.05333333333333334,0.29878048780487804,0.7732226666666652,0.821000574126584,0.8813121173072438
16532,tdc_evidence_validated,0.1456953642384106,0.0,0.0,0.06392970762005756,0.8662420382165605,0.054,0.3248407643312102,0.7874284444444422,0.8370009149863615,0.9129562225668322
16532,tdc_validated_with_reversal,0.12238540275923454,0.0,0.0,0.06987138941598137,0.8795180722891566,0.06066666666666667,0.25301204819277107,0.7889115555555534,0.8558477189972399,0.9148313467300022
16533,simple_time_schedule,0.2911504424778761,0.0,0.0,0.05650186954715408,0.8650306748466258,0.056,0.26993865030674846,0.7115217777777771,0.8222783636359563,0.92
16533,simple_success_driven,0.25485765928603704,0.0,0.00713460080826267,0.10940657038090251,0.7650602409638554,0.14133333333333334,0.42168674698795183,0.7291213333333327,0.767334816703921,0.6879536117490962
16533,tdc_unvalidated,0.15803571428571428,0.11840915938535704,0.0,0.12041045374378712,0.8734177215189873,0.064,0.22151898734177214,0.7921319999999978,0.8444908526162982,0.9013104218626369
16533,tdc_evidence_validated,0.14664310954063603,0.0,0.0,0.09074081691415403,0.875,0.048,0.30625,0.753733777777777,0.8440735811285544,0.9130313973528807
16533,tdc_validated_with_reversal,0.14886008046490837,0.0,0.0,0.08788798920377872,0.863013698630137,0.05266666666666667,0.2808219178082192,0.7739662222222208,0.8452979525591907,0.9133400128174999
16534,simple_time_schedule,0.27382012466607303,0.0,0.0,0.1345129375951294,0.888235294117647,0.058,0.2411764705882353,0.7062164444444443,0.8411595812144909,0.92
16534,simple_success_driven,0.2592924317062248,0.0,0.026491698033488054,0.13528764106798785,0.7791411042944786,0.13933333333333334,0.3312883435582822,0.7306924444444433,0.788818398481196,0.6995738716096974
16534,tdc_unvalidated,0.1534761696545693,0.11922959339651483,0.0,0.0634835956255001,0.8630952380952381,0.05733333333333333,0.3333333333333333,0.7707746666666653,0.8180849831670091,0.880894250556365
16534,tdc_evidence_validated,0.14886008046490837,0.0,0.0,0.0547945205479452,0.8707482993197279,0.051333333333333335,0.2585034013605442,0.7774386666666648,0.8488763433039184,0.9140376963970975
16534,tdc_validated_with_reversal,0.1396294622684139,0.0,0.0,0.019414471903159702,0.7592592592592593,0.06066666666666667,0.35802469135802467,0.7420408888888875,0.7997577797013414,0.9111140981058805
16535,simple_time_schedule,0.2594402487783207,0.0,0.0,0.04149331762453523,0.8588957055214724,0.066,0.24539877300613497,0.7103888888888881,0.8268165763206026,0.92
16535,simple_success_driven,0.25451343020695727,0.0,0.03097824150168982,0.03033586132177679,0.7394366197183099,0.13333333333333333,0.3873239436619718,0.7590782222222208,0.7635712631055631,0.7222942560900245
16535,tdc_unvalidated,0.1336589698046181,0.10457021791767554,0.0,0.10570854847963274,0.8859060402684564,0.06066666666666667,0.30201342281879195,0.7709053333333319,0.8365805821793166,0.8966379045927717
16535,tdc_evidence_validated,0.1346153846153846,0.0,0.0,0.027692307692307794,0.8674698795180723,0.058666666666666666,0.28313253012048195,0.7792711111111094,0.8423823242096591,0.9138005536316447
16535,tdc_validated_with_reversal,0.1452687694358063,0.0,0.0,0.07990381583096817,0.8209876543209876,0.05266666666666667,0.2962962962962963,0.7639493333333315,0.8318896879158348,0.9124876144115847
16536,simple_time_schedule,0.25332741792369123,0.0,0.0,0.10539912167398602,0.8484848484848485,0.04933333333333333,0.296969696969697,0.7176786666666659,0.8239617227397537,0.92
16536,simple_success_driven,0.2658064516129032,0.0,0.03502531935813824,0.11349160393746383,0.7248322147651006,0.13933333333333334,0.35570469798657717,0.7354039999999991,0.7689221376618974,0.740378059025836
16536,tdc_unvalidated,0.15136363636363637,0.11406556881704184,0.0,0.03877257117536281,0.8143712574850299,0.062,0.2994011976047904,0.7746484444444431,0.8108458523503975,0.8829787990660793
16536,tdc_evidence_validated,0.13644444444444445,0.0,0.0,0.06287748058671272,0.8457142857142858,0.058666666666666666,0.25142857142857145,0.8072244444444422,0.8465445730501115,0.9145947821811129
16536,tdc_validated_with_reversal,0.14875666074600355,0.0,0.0,0.09318996415770608,0.8579234972677595,0.048666666666666664,0.2677595628415301,0.7604982222222211,0.846967444883185,0.9133986894491269
16537,simple_time_schedule,0.27248322147651005,0.0,0.0,0.015354211006384899,0.8388888888888889,0.064,0.32222222222222224,0.6876773333333333,0.803681112540466,0.92
16537,simple_success_driven,0.2588339222614841,0.0,0.010573136360091273,0.11669155241844253,0.78125,0.13266666666666665,0.31875,0.7467164444444434,0.7918655661879787,0.7040141933739837
16537,tdc_unvalidated,0.148636763412489,0.11369904995403003,0.0,0.04014939309056953,0.8171428571428572,0.06,0.36,0.7655799999999988,0.8010964042892992,0.8841745664711393
16537,tdc_evidence_validated,0.15641476274165203,0.0,0.0,0.04727564102564108,0.8211920529801324,0.05333333333333334,0.31788079470198677,0.7878964444444423,0.8247340586115385,0.9127341955466441
16537,tdc_validated_with_reversal,0.13800609490639965,0.0,0.0,0.10256410256410253,0.875,0.051333333333333335,0.2631578947368421,0.7885799999999983,0.8548457205322674,0.9144334602913021
16538,simple_time_schedule,0.26452464788732394,0.0,0.0,0.1281264747522417,0.8834355828220859,0.06466666666666666,0.24539877300613497,0.7263271111111096,0.8397758457899279,0.92
16538,simple_success_driven,0.2622005323868678,0.0,0.021289356379830315,0.04331200249726863,0.7051282051282052,0.14,0.391025641025641,0.7402133333333327,0.7528115728451071,0.7049709031478846
16538,tdc_unvalidated,0.15597147950089127,0.11719588894002148,0.0,-0.02395898723582346,0.8098591549295775,0.06,0.3591549295774648,0.7705324444444424,0.7931233748551394,0.8823657805009154
16538,tdc_evidence_validated,0.13163668275559456,0.0,0.0,0.009803921568627416,0.8987341772151899,0.052,0.23417721518987342,0.7965693333333307,0.8594422552705087,0.9146529191764206
16538,tdc_validated_with_reversal,0.14171479342514437,0.0,0.0,0.031808299461196676,0.8372093023255814,0.050666666666666665,0.2713178294573643,0.8070022222222194,0.8389710383554116,0.914260573317677
16539,simple_time_schedule,0.2727678571428571,0.0,0.0,0.16658701712465152,0.8473282442748091,0.07266666666666667,0.29770992366412213,0.7092391111111109,0.8216533515141622,0.92
16539,simple_success_driven,0.25353356890459366,0.0,0.057984490406330136,0.08725223474543342,0.8116883116883117,0.13466666666666666,0.2987012987012987,0.7378191111111092,0.8004905379497302,0.7367160494108369
16539,tdc_unvalidated,0.1477170993733214,0.12126348228043143,0.0,0.0995121951219512,0.8098591549295775,0.05533333333333333,0.3028169014084507,0.7861533333333315,0.8151809187534167,0.8843350231479394
16539,tdc_evidence_validated,0.13579697239536956,0.0,0.0,-0.013920719803072745,0.8588235294117647,0.054,0.3058823529411765,0.7825599999999984,0.8335959898098142,0.9125217173808935
16539,tdc_validated_with_reversal,0.15394736842105264,0.0,0.0,0.05333218825145991,0.8789808917197452,0.04733333333333333,0.28662420382165604,0.7614631111111095,0.8449621919171213,0.9122971261213035
16540,simple_time_schedule,0.2775310834813499,0.0,0.0,0.16247604013981287,0.8214285714285714,0.06866666666666667,0.31547619047619047,0.7161124444444436,0.8121587054920499,0.92
16540,simple_success_driven,0.24966322406825325,0.0,0.01692215119846663,0.10401702580473537,0.7950310559006211,0.14066666666666666,0.33540372670807456,0.7229408888888885,0.7902142621924079,0.7062743325468895
16540,tdc_unvalidated,0.1395767672219721,0.11722007722007723,0.0,0.023928215353938187,0.8294117647058824,0.06933333333333333,0.28823529411764703,0.7672502222222206,0.8150802466946205,0.8777059996930185
16540,tdc_evidence_validated,0.15008880994671403,0.0,0.0,0.05818540433925046,0.8581081081081081,0.06666666666666667,0.3108108108108108,0.768990666666665,0.8337353589546,0.9125746780894977
16540,tdc_validated_with_reversal,0.1431103234381923,0.0,0.0,0.06143842887473461,0.8831168831168831,0.06466666666666666,0.2662337662337662,0.7919124444444424,0.850235434165717,0.9143427535579912
16541,simple_time_schedule,0.26892252894033836,0.0,0.0,0.06605960264900657,0.8719512195121951,0.051333333333333335,0.3048780487804878,0.7141982222222214,0.8223804536182677,0.92
16541,simple_success_driven,0.2550482879719052,0.0,0.052909194840993434,0.07329192546583851,0.7755102040816326,0.14266666666666666,0.32653061224489793,0.7249426666666658,0.7836745724967105,0.6833580757745276
16541,tdc_unvalidated,0.18482142857142858,0.12658421132997405,0.0,0.06337662337662331,0.8289473684210527,0.06333333333333334,0.3223684210526316,0.7700071111111098,0.805593028253223,0.8791155627877826
16541,tdc_evidence_validated,0.15561450044208666,0.0,0.0,0.0661172161172161,0.8511904761904762,0.043333333333333335,0.32142857142857145,0.762482666666665,0.8334978919893898,0.9121999078647199
16541,tdc_validated_with_reversal,0.14007954043305346,0.0,0.0,0.05200116856558579,0.8742138364779874,0.04733333333333333,0.2578616352201258,0.7870911111111092,0.8518554953508248,0.9141826169567686
16542,simple_time_schedule,0.2676991150442478,0.0,0.0,0.0754212454212454,0.8481012658227848,0.06133333333333333,0.3227848101265823,0.7168711111111102,0.8128603726132996,0.92
16542,simple_success_driven,0.2431111111111111,0.0,0.0,0.1588235294117647,0.8125,0.14,0.2727272727272727,0.7302475555555544,0.8113893199286988,0.7095923985296326
16542,tdc_unvalidated,0.14049217002237135,0.11209529627367135,0.0,0.06261895698515418,0.8389261744966443,0.05,0.2550335570469799,0.7742097777777764,0.830293809924689,0.889530335116199
16542,tdc_evidence_validated,0.14028144239226034,0.0,0.0,0.12478467929881454,0.8846153846153846,0.06133333333333333,0.21153846153846154,0.7875626666666644,0.8662633149730912,0.9152922789993622
16542,tdc_validated_with_reversal,0.12832263978001834,0.0,0.0,0.05056818181818179,0.8742138364779874,0.05266666666666667,0.27044025157232704,0.7671555555555547,0.8494719160035056,0.9133446263264426
16543,simple_time_schedule,0.25902808738296923,0.0,0.0,0.15397775876817787,0.8682634730538922,0.06466666666666666,0.23952095808383234,0.7255235555555547,0.8399980251012383,0.92
16543,simple_success_driven,0.2661290322580645,0.0,0.014634462130438286,0.1287032540067995,0.7454545454545455,0.13133333333333333,0.40606060606060607,0.7209266666666658,0.76668011095593,0.7135456579409822
16543,tdc_unvalidated,0.16152125279642057,0.11102673147023086,0.0,0.026645768025078342,0.8571428571428571,0.052,0.2922077922077922,0.7555497777777772,0.8212143525020739,0.8907278671632342
16543,tdc_evidence_validated,0.14028934677772906,0.0,0.0,-0.026780409133350336,0.8466257668711656,0.048666666666666664,0.3067484662576687,0.7909479999999979,0.8300437721764825,0.9122832810757956
16543,tdc_validated_with_reversal,0.13925729442970822,0.0,0.0,-0.0429590017825312,0.8389261744966443,0.05266666666666667,0.3221476510067114,0.7562248888888878,0.8222452922241138,0.9120979408146588
16544,simple_time_schedule,0.2709074733096085,0.0,0.0,0.08521341463414633,0.8132530120481928,0.06466666666666666,0.27710843373493976,0.7232817777777772,0.812775836171108,0.92
16544,simple_success_driven,0.26768814781433076,0.0,0.0007540132319906467,-0.018685352018685375,0.7682926829268293,0.13333333333333333,0.3597560975609756,0.7432964444444435,0.7690615019304068,0.7251346801771247
16544,tdc_unvalidated,0.14980114891736632,0.11755725190839694,0.0,0.14393939393939392,0.8561151079136691,0.06666666666666667,0.26618705035971224,0.7964737777777756,0.8351823617166895,0.8875425023263241
16544,tdc_evidence_validated,0.1475702184574231,0.0,0.0,-0.02947039958394737,0.8278145695364238,0.05266666666666667,0.2980132450331126,0.770293333333332,0.8244007166986931,0.9125286561239453
16544,tdc_validated_with_reversal,0.14740143369175626,0.0,0.0,0.010109890109890052,0.8353658536585366,0.04066666666666666,0.2865853658536585,0.7716675555555547,0.8334350650718911,0.9132476632120586
16545,simple_time_schedule,0.2736607142857143,0.0,0.0,0.14181422802112464,0.8273381294964028,0.06333333333333334,0.31654676258992803,0.7300062222222211,0.8136822876101951,0.92
16545,simple_success_driven,0.2639138240574506,0.0,0.03254353760732498,0.1267466110531804,0.7931034482758621,0.14533333333333334,0.33793103448275863,0.7648351111111087,0.7900491060066328,0.7409813316678929
16545,tdc_unvalidated,0.1391571553994732,0.11026500152299726,0.0,0.12593956128240524,0.8343949044585988,0.058666666666666666,0.27388535031847133,0.7872528888888873,0.8304202258655342,0.8835989149548817
16545,tdc_evidence_validated,0.1348364279398762,0.0,0.0,0.05093167701863355,0.8580246913580247,0.050666666666666665,0.30864197530864196,0.7643351111111101,0.8380345423980561,0.9131591864282976
16545,tdc_validated_with_reversal,0.12757562472599737,0.0,0.0,0.06456609618799347,0.8905109489051095,0.062,0.26277372262773724,0.7841417777777759,0.8551737290087444,0.9141427444963268
16546,simple_time_schedule,0.26587301587301587,0.0,0.0,-0.010156646744013509,0.8354430379746836,0.06533333333333333,0.34177215189873417,0.6985119999999995,0.7984397344770753,0.92
16546,simple_success_driven,0.25583443416996915,0.0,0.023091122526570307,0.09683619160260204,0.695364238410596,0.128,0.39072847682119205,0.7212835555555553,0.7568577081573632,0.721306272653958
16546,tdc_unvalidated,0.13149847094801223,0.10669327602087811,0.0,0.02814417177914119,0.8457142857142858,0.05533333333333333,0.3028571428571429,0.7703804444444425,0.8214575819886913,0.8952816701281169
16546,tdc_evidence_validated,0.15436241610738255,0.0,0.0,0.019825204035730404,0.9056603773584906,0.05266666666666667,0.20125786163522014,0.7719933333333315,0.8635604202061896,0.915497132396665
16546,tdc_validated_with_reversal,0.13404349755881048,0.0,0.0,0.01961796592669074,0.8321167883211679,0.05733333333333333,0.25547445255474455,0.7856297777777753,0.8387778331309057,0.9142584009959178
16547,simple_time_schedule,0.27068345323741005,0.0,0.0,0.06959941466983721,0.8245614035087719,0.06466666666666666,0.32748538011695905,0.7104142222222222,0.8046895403636245,0.92
16547,simple_success_driven,0.25501307759372277,0.0,0.019985711095111047,0.17763157894736847,0.7245508982035929,0.12133333333333333,0.3592814371257485,0.7302124444444429,0.7775254167833402,0.730664797889708
16547,tdc_unvalidated,0.14100847835787594,0.11015542477742568,0.0,-0.03184910327767476,0.8666666666666667,0.06266666666666666,0.26666666666666666,0.7912826666666651,0.8261168737943922,0.8877383870084361
16547,tdc_evidence_validated,0.13936972924988902,0.0,0.0,0.013832658569500778,0.8695652173913043,0.05333333333333334,0.2795031055900621,0.7809346666666644,0.8426839970916107,0.9144170371414726
16547,tdc_validated_with_reversal,0.14215024741340532,0.0,0.0,0.1366666666666666,0.8324607329842932,0.05333333333333334,0.3036649214659686,0.7617919999999985,0.8381015354144793,0.9134372389052784
16548,simple_time_schedule,0.25764388489208634,0.0,0.0,0.01859715341668633,0.8616352201257862,0.07133333333333333,0.3018867924528302,0.7123448888888886,0.8149509207993443,0.92
16548,simple_success_driven,0.2626970227670753,0.0,0.026531273780022402,0.11929330831769858,0.7770700636942676,0.13733333333333334,0.39490445859872614,0.7022146666666668,0.7742951475502122,0.7021294261048612
16548,tdc_unvalidated,0.1478494623655914,0.11005663554262973,0.0,0.14478244127839812,0.8412698412698413,0.048,0.2857142857142857,0.7834013333333316,0.8318091181154972,0.8995911237858926
16548,tdc_evidence_validated,0.1485557083906465,0.0,0.0,0.08563074352548039,0.834319526627219,0.05266666666666667,0.27218934911242604,0.753965333333332,0.8390272105243104,0.9127503011130425
16548,tdc_validated_with_reversal,0.13507528786536757,0.0,0.0,0.028934090192368367,0.8734939759036144,0.058,0.26506024096385544,0.7655479999999988,0.8466738177576114,0.9134922036725279
16549,simple_time_schedule,0.2653061224489796,0.0,0.0,0.0843989769820972,0.8116883116883117,0.07066666666666667,0.34415584415584416,0.7050617777777772,0.7993620083172979,0.92
16549,simple_success_driven,0.2556154537286613,0.0,0.008036799942714445,0.22475044039929537,0.7197452229299363,0.14333333333333334,0.4140127388535032,0.7544991111111096,0.7676570633305962,0.7032300175447436
16549,tdc_unvalidated,0.14968999114260406,0.11162009467094212,0.0,0.041144248326232535,0.8876404494382022,0.05733333333333333,0.24157303370786518,0.7889479999999977,0.8408756782100404,0.8892548214809373
16549,tdc_evidence_validated,0.14051418439716312,0.0,0.0,-0.06315331010452963,0.8361581920903954,0.05466666666666667,0.3220338983050847,0.755816888888888,0.8194736226717033,0.9111127008562325
16549,tdc_validated_with_reversal,0.14024117909781153,0.0,0.0,0.10265151515151516,0.863013698630137,0.07333333333333333,0.3150684931506849,0.7764528888888865,0.8383140972647594,0.9130736509370025
16550,simple_time_schedule,0.25969341749323716,0.0,0.0,0.0664285714285715,0.8164556962025317,0.059333333333333335,0.3037974683544304,0.689502222222222,0.8083097856055982,0.92
16550,simple_success_driven,0.2567084078711986,0.0,0.037030780819213405,0.0986428334988414,0.7676056338028169,0.136,0.4154929577464789,0.7395755555555542,0.7692118915184716,0.706380604678584
16550,tdc_unvalidated,0.15517241379310345,0.11848055471811879,0.0,0.025000000000000022,0.8321167883211679,0.07733333333333334,0.32116788321167883,0.7792866666666646,0.8067541390551026,0.8590732326213246
16550,tdc_evidence_validated,0.14273010226767452,0.0,0.0,0.12448899371069189,0.8243243243243243,0.05733333333333333,0.3108108108108108,0.7804062222222202,0.8339117126268283,0.9129089628384283
16550,tdc_validated_with_reversal,0.13521739130434782,0.0,0.0,0.023504714708514007,0.83125,0.056666666666666664,0.30625,0.7588755555555544,0.8286132979496279,0.9120388025089896
16551,simple_time_schedule,0.2620967741935484,0.0,0.0,0.07201505302771127,0.8266666666666667,0.06333333333333334,0.3333333333333333,0.722568888888888,0.8062370780773422,0.92
16551,simple_success_driven,0.2566725978647687,0.0,0.02393834996358024,0.09431524547803616,0.7443181818181818,0.12266666666666666,0.3806818181818182,0.7263777777777775,0.771153136745256,0.705972995613341
16551,tdc_unvalidated,0.1576398062527521,0.11870830806549423,0.0,0.07528158623915937,0.8924050632911392,0.07266666666666667,0.23417721518987342,0.7761346666666655,0.8411519935115843,0.9010017150281788
16551,tdc_evidence_validated,0.13345356176735798,0.0,0.0,-0.005188679245283101,0.8192771084337349,0.054,0.3192771084337349,0.7674404444444429,0.822115651296749,0.9119487029567883
16551,tdc_validated_with_reversal,0.13589164785553048,0.0,0.0,0.07012987012987004,0.8206896551724138,0.05533333333333333,0.32413793103448274,0.7712102222222206,0.8272013241213432,0.9119039763330904
16552,simple_time_schedule,0.26935123042505593,0.0,0.0,0.13282247765006394,0.8954248366013072,0.06333333333333334,0.19607843137254902,0.7280942222222208,0.8515149046453075,0.92
16552,simple_success_driven,0.2592093441150045,0.0,0.051372788476621745,0.0854690522243714,0.7741935483870968,0.13466666666666666,0.3161290322580645,0.7308697777777771,0.7871395662527451,0.70623265625196
16552,tdc_unvalidated,0.14995563442768411,0.11487101669195751,0.0,0.03471112126056175,0.8682634730538922,0.059333333333333335,0.2994011976047904,0.7517999999999997,0.8230682635086728,0.8909102045870029
16552,tdc_evidence_validated,0.12593242650285214,0.0,0.0,0.022222222222222143,0.7972972972972973,0.056666666666666664,0.33783783783783783,0.7863559999999981,0.8170753519412522,0.911923057083988
16552,tdc_validated_with_reversal,0.15200721695985567,0.0,0.0,0.05327245053272445,0.8618421052631579,0.04533333333333334,0.2631578947368421,0.7781204444444427,0.8463259543232088,0.9141676198845055
16553,simple_time_schedule,0.27729950158586314,0.0,0.0,0.04225352112676062,0.82,0.058666666666666666,0.31333333333333335,0.7193791111111101,0.8043468492458978,0.92
16553,simple_success_driven,0.26157303370786517,0.0,0.017637036983260135,0.061692908318675244,0.7531645569620253,0.138,0.3291139240506329,0.735924888888888,0.7771911908437206,0.7236100209745147
16553,tdc_unvalidated,0.14190093708165996,0.11251346775434816,0.0,0.0344256868586561,0.8154761904761905,0.06466666666666666,0.2857142857142857,0.7668493333333319,0.813999328579119,0.8968298847254375
16553,tdc_evidence_validated,0.14025743453173548,0.0,0.0,0.022810018862130965,0.8688524590163934,0.04133333333333333,0.2786885245901639,0.7660639999999991,0.8445786430788991,0.9123865049611142
16553,tdc_validated_with_reversal,0.13351016799292661,0.0,0.0,0.032727272727272716,0.8647058823529412,0.056,0.24705882352941178,0.7790022222222205,0.8491856707174726,0.9140789141813137
16554,simple_time_schedule,0.28294223826714804,0.0,0.0,0.14910891892989075,0.8145161290322581,0.058666666666666666,0.3225806451612903,0.7119448888888883,0.808827283884589,0.92
16554,simple_success_driven,0.262532981530343,0.0,0.007018737572478062,0.04849105732701586,0.7424242424242424,0.14933333333333335,0.36363636363636365,0.7358302222222212,0.7653918154547414,0.7473503330051023
16554,tdc_unvalidated,0.13811659192825113,0.11600928074245939,0.0,0.04402954904627143,0.8131868131868132,0.07666666666666666,0.3241758241758242,0.7712697777777762,0.8056622386222826,0.8522639790511171
16554,tdc_evidence_validated,0.1329479768786127,0.0,0.0,0.06296296296296289,0.8554216867469879,0.054,0.25903614457831325,0.8085871111111086,0.8488025035136563,0.9143815233354124
16554,tdc_validated_with_reversal,0.1317311971517579,0.0,0.0,0.06404455273233556,0.9050632911392406,0.058,0.22784810126582278,0.7801057777777751,0.8648079593740214,0.9151081311673095
16555,simple_time_schedule,0.2579225352112676,0.0,0.0,0.10071652485445592,0.88,0.06666666666666667,0.26,0.7239377777777772,0.8346390115032234,0.92
16555,simple_success_driven,0.25657015590200444,0.0,0.037112074739657275,0.11114363064315513,0.7414965986394558,0.14466666666666667,0.3469387755102041,0.7484182222222204,0.7752719349290267,0.7271345145622067
16555,tdc_unvalidated,0.12763157894736843,0.10362219165520403,0.0,0.08229688257147472,0.8223684210526315,0.056,0.27631578947368424,0.7799982222222205,0.8261521743907192,0.8865439864804833
16555,tdc_evidence_validated,0.1396497530309834,0.0,0.0,0.04491128068401218,0.864516129032258,0.05733333333333333,0.2903225806451613,0.7817648888888877,0.8413650057042183,0.9138335123698429
16555,tdc_validated_with_reversal,0.13324420677361853,0.0,0.0,0.012499999999999956,0.821917808219178,0.04733333333333333,0.3767123287671233,0.7952657777777762,0.8160351636239918,0.9120452877922324
16556,simple_time_schedule,0.2703881378107283,0.0,0.0,0.09876010781671163,0.8609271523178808,0.06666666666666667,0.31788079470198677,0.7038604444444441,0.8169381939528798,0.92
16556,simple_success_driven,0.26468010517090274,0.0,0.05763454505743304,0.13198757763975155,0.7615894039735099,0.13333333333333333,0.3576158940397351,0.7268088888888882,0.7796534097359661,0.7054432270731703
16556,tdc_unvalidated,0.1538116591928251,0.10848697242114887,0.0,0.05711094564408037,0.8611111111111112,0.046,0.2777777777777778,0.7842208888888869,0.8306923088962151,0.897428519874482
16556,tdc_evidence_validated,0.13080357142857144,0.0,0.0,0.042483660130718914,0.8909090909090909,0.054,0.2727272727272727,0.7710444444444425,0.8520152433155078,0.9136965827344157
16556,tdc_validated_with_reversal,0.14153439153439154,0.0,0.0,0.03105263157894733,0.8703703703703703,0.058,0.2839506172839506,0.76526311111111,0.8417776979337231,0.913399344785575
16557,simple_time_schedule,0.263062244434348,0.0,0.0,0.09778708133971292,0.8242424242424242,0.06,0.2727272727272727,0.7158648888888882,0.8187561205691966,0.92
16557,simple_success_driven,0.25517551755175516,0.0,0.0473815771882895,0.0973630831643002,0.759493670886076,0.12733333333333333,0.3670886075949367,0.7394226666666657,0.7774705791748011,0.7235492711976764
16557,tdc_unvalidated,0.13259423503325943,0.10566212871287128,0.0,0.051085329341317376,0.8589743589743589,0.06666666666666667,0.3076923076923077,0.7832604444444425,0.8242771598774463,0.8908423732899775
16557,tdc_evidence_validated,0.1348161597821153,0.0,0.0,0.033555538910942984,0.8734177215189873,0.050666666666666665,0.26582278481012656,0.7834435555555538,0.8488134081976689,0.9138881441738091
16557,tdc_validated_with_reversal,0.14343343792021515,0.0,0.0,0.0334136546184739,0.8156028368794326,0.058666666666666666,0.3120567375886525,0.761483555555554,0.8232395547013096,0.912360772712566
16558,simple_time_schedule,0.2726063829787234,0.0,0.0,0.04495341614906834,0.8703703703703703,0.066,0.2716049382716049,0.7196031111111099,0.8236555041193486,0.92
16558,simple_success_driven,0.25396825396825395,0.0,0.036911497597473364,0.17343908887533055,0.7857142857142857,0.14466666666666667,0.30357142857142855,0.7142279999999998,0.7976705963163756,0.734811680220611
16558,tdc_unvalidated,0.148479427549195,0.1129447388342165,0.0,0.06400966183574874,0.8343949044585988,0.058,0.35668789808917195,0.7823542222222207,0.8088454087327681,0.8986399965548895
16558,tdc_evidence_validated,0.14571301643713905,0.0,0.0,0.060385771057478,0.8222222222222222,0.05,0.32592592592592595,0.7743675555555539,0.8260724082722875,0.9130551904749569
16558,tdc_validated_with_reversal,0.13776408450704225,0.0,0.0,0.05019201228878656,0.8914728682170543,0.06,0.24806201550387597,0.7821173333333311,0.8557154080668455,0.9135526633577635
16559,simple_time_schedule,0.2870705244122966,0.0,0.0,0.041925594498301466,0.9066666666666666,0.06066666666666667,0.28,0.7303488888888874,0.8298714630310314,0.92
16559,simple_success_driven,0.2507753655294639,0.0,0.016831164121330122,0.046064882877585034,0.7687861271676301,0.134,0.3583815028901734,0.7088431111111113,0.7754903639005263,0.7125189049528203
16559,tdc_unvalidated,0.1558731576596695,0.1134524354863338,0.0,0.08695652173913049,0.8301886792452831,0.04933333333333333,0.3522012578616352,0.7622826666666657,0.8099670173455236,0.8947068626524574
16559,tdc_evidence_validated,0.14217391304347826,0.0,0.0,0.028332685581033745,0.8311688311688312,0.048666666666666664,0.2727272727272727,0.7851959999999977,0.8363730507433395,0.913958352897043
16559,tdc_validated_with_reversal,0.14670790985417587,0.0,0.0,0.0398322851153039,0.8545454545454545,0.05466666666666667,0.2909090909090909,0.7769537777777759,0.8377062326013568,0.9137964444249953
16560,simple_time_schedule,0.267260579064588,0.0,0.0,0.09322177146720756,0.848314606741573,0.06866666666666667,0.25280898876404495,0.7454515555555538,0.8269625438443391,0.92
16560,simple_success_driven,0.25389061805246776,0.0,0.023014132491024686,0.19029106858054234,0.688622754491018,0.13333333333333333,0.40718562874251496,0.7198306666666663,0.7591145401966228,0.7001294091168345
16560,tdc_unvalidated,0.14541387024608501,0.10829944268715168,0.0,0.07389162561576357,0.8361581920903954,0.05533333333333333,0.2711864406779661,0.7926862222222197,0.8272759774275674,0.8943415728863939
16560,tdc_evidence_validated,0.13709677419354838,0.0,0.0,0.0024350649350649567,0.8888888888888888,0.05466666666666667,0.26666666666666666,0.7776226666666648,0.8486928301410417,0.9139932929228147
16560,tdc_validated_with_reversal,0.13442044953724108,0.0,0.0,-0.05089285714285707,0.8322981366459627,0.05466666666666667,0.32298136645962733,0.7733791111111095,0.8209131131034335,0.9125665146744388
16561,simple_time_schedule,0.27570921985815605,0.0,0.0,0.06890198968312455,0.8092485549132948,0.06,0.31213872832369943,0.7168951111111108,0.8040233549198774,0.92
16561,simple_success_driven,0.24730700179533213,0.0,0.03128595489146879,0.0932005828071879,0.734375,0.16333333333333333,0.3984375,0.7385026666666652,0.7607710897065618,0.7243563722571074
16561,tdc_unvalidated,0.16227089852481003,0.11880733944954129,0.0,0.011790084427418468,0.8734939759036144,0.05466666666666667,0.21686746987951808,0.795430666666665,0.8376413698653292,0.8850996574248564
16561,tdc_evidence_validated,0.13157894736842105,0.0,0.0,0.02668907037630419,0.8490566037735849,0.052,0.2893081761006289,0.7704124444444428,0.8379086839838503,0.9137642977350457
16561,tdc_validated_with_reversal,0.1483467381590706,0.0,0.0,0.02535453373442198,0.8154761904761905,0.05533333333333333,0.2916666666666667,0.7613924444444431,0.826076469515214,0.9129955511654817
16562,simple_time_schedule,0.25861297539149886,0.0,0.0,0.13097900584373423,0.7902097902097902,0.08066666666666666,0.34265734265734266,0.7233542222222216,0.7982720341069391,0.92
16562,simple_success_driven,0.256,0.0,0.007021287247452657,0.09674939600263566,0.6879432624113475,0.15333333333333332,0.44680851063829785,0.7510253333333319,0.7420884827440406,0.7075403569875509
16562,tdc_unvalidated,0.13576449912126537,0.10578689528475199,0.0,0.08815731330092791,0.8872180451127819,0.058,0.24060150375939848,0.7943302222222199,0.8474683967921915,0.878406924552238
16562,tdc_evidence_validated,0.125,0.0,0.0,0.06897200481637566,0.8536585365853658,0.06133333333333333,0.3048780487804878,0.7685991111111098,0.8389483914964212,0.9131899431655903
16562,tdc_validated_with_reversal,0.14018691588785046,0.0,0.0,0.03901361796098646,0.8417721518987342,0.048666666666666664,0.3037974683544304,0.7749924444444426,0.8340497244755896,0.9125875011601695
16563,simple_time_schedule,0.27260579064587975,0.0,0.0,0.05920185974428516,0.8390804597701149,0.06333333333333334,0.3160919540229885,0.7015719999999998,0.8089836433764759,0.92
16563,simple_success_driven,0.25739514348785875,0.0,0.04404702590001697,0.19577144386457923,0.7352941176470589,0.12066666666666667,0.40588235294117647,0.7146902222222213,0.7723191023489706,0.7228126892759935
16563,tdc_unvalidated,0.15207780725022105,0.11359803771270888,0.0,0.07511737089201875,0.8780487804878049,0.058666666666666666,0.2682926829268293,0.7866853333333312,0.835606503187716,0.8841383693724756
16563,tdc_evidence_validated,0.12848158131176998,0.0,0.0,0.08070814891955214,0.8671328671328671,0.05333333333333334,0.25874125874125875,0.782769777777776,0.8527851498461556,0.9149011858692299
16563,tdc_validated_with_reversal,0.14683430624158061,0.0,0.0,0.03508771929824561,0.8311688311688312,0.048666666666666664,0.35714285714285715,0.7687484444444431,0.8204082909759546,0.9114192927140574
16564,simple_time_schedule,0.27649154051647373,0.0,0.0,0.07737877865692844,0.91875,0.06266666666666666,0.23125,0.7271995555555548,0.8454178021758035,0.92
16564,simple_success_driven,0.2488849241748439,0.0,0.001673271304024948,0.11901131245788865,0.7371794871794872,0.14466666666666667,0.3782051282051282,0.7376377777777767,0.7698820139027511,0.7179830942156263
16564,tdc_unvalidated,0.14209115281501342,0.11414963896143801,0.0,0.07521318386509535,0.9017341040462428,0.059333333333333335,0.28901734104046245,0.7913395555555535,0.838979649112437,0.883499307159734
16564,tdc_evidence_validated,0.1358744394618834,0.0,0.0,0.05446428571428574,0.869281045751634,0.05,0.2679738562091503,0.776916888888887,0.8488035537507799,0.9139634945854137
16564,tdc_validated_with_reversal,0.1422907488986784,0.0,0.0,0.07226916695605201,0.8874172185430463,0.051333333333333335,0.24503311258278146,0.7743639999999982,0.8574962273627663,0.9141571166035742
16565,simple_time_schedule,0.2680549401860877,0.0,0.0,0.16914038342609772,0.8805031446540881,0.054,0.20125786163522014,0.7413115555555543,0.8521103408928993,0.92
16565,simple_success_driven,0.26544315129811996,0.0,0.006914921010480968,0.09543221110100097,0.6896551724137931,0.14466666666666667,0.47126436781609193,0.7266657777777771,0.7370821553232014,0.7156372470982592
16565,tdc_unvalidated,0.1611754229741763,0.12055547077674347,0.0,0.057590694705485945,0.8502994011976048,0.06,0.30538922155688625,0.7621306666666653,0.8175630629406971,0.8910559819052976
16565,tdc_evidence_validated,0.13877909530083443,0.0,0.0,0.0847619047619047,0.7919463087248322,0.058,0.3422818791946309,0.7625022222222213,0.8170283437666505,0.9116501987824798
16565,tdc_validated_with_reversal,0.1313836752509821,0.0,0.0,0.016048579483842973,0.8525641025641025,0.06,0.28205128205128205,0.7774253333333313,0.8382333390030571,0.9139358340335493
16566,simple_time_schedule,0.2469458987783595,0.0,0.0,0.002942686056458532,0.8187919463087249,0.05533333333333333,0.28859060402684567,0.7385111111111099,0.8109138585559191,0.92
16566,simple_success_driven,0.26254997778764994,0.0,0.015900634477128528,0.09017953172830306,0.7953216374269005,0.12466666666666666,0.3333333333333333,0.7231991111111109,0.7903158564082271,0.720438392623268
16566,tdc_unvalidated,0.146954986760812,0.11728772144166158,0.0,0.1019480519480519,0.8509316770186336,0.07,0.2484472049689441,0.791188888888887,0.8334582805819487,0.875984575823396
16566,tdc_evidence_validated,0.12911843276936777,0.0,0.0,0.02204731657921377,0.8297872340425532,0.05266666666666667,0.2695035460992908,0.786761777777776,0.8373693070554105,0.9139297249146261
16566,tdc_validated_with_reversal,0.14874551971326164,0.0,0.0,-0.007814182433471761,0.8343949044585988,0.06133333333333333,0.29936305732484075,0.765919555555554,0.8257433682859469,0.9127459730305714
16567,simple_time_schedule,0.24174372523117568,0.0,0.0,0.01824274013402838,0.8242424242424242,0.07333333333333333,0.2727272727272727,0.7323706666666657,0.8139040637389637,0.92
16567,simple_success_driven,0.2655709342560554,0.0,0.03213732743757214,0.07608829695400166,0.7540983606557377,0.13333333333333333,0.3333333333333333,0.7449484444444435,0.7783553439622938,0.721704504755366
16567,tdc_unvalidated,0.1413237924865832,0.1046617915904936,0.0,0.045938375350140115,0.8461538461538461,0.06,0.2781065088757396,0.7862799999999979,0.8261992755683202,0.8956207209805513
16567,tdc_evidence_validated,0.13410818059901655,0.0,0.0,-0.0026613439787092075,0.8928571428571429,0.04933333333333333,0.2261904761904762,0.7956213333333312,0.8585148957692694,0.9151050453601859
16567,tdc_validated_with_reversal,0.1358574610244989,0.0,0.0,-0.009148385860714647,0.8280254777070064,0.05,0.2611464968152866,0.7791319999999977,0.8351331098106428,0.9137526491623436
16568,simple_time_schedule,0.27133872416891286,0.0,0.0,0.1184269328169224,0.8391608391608392,0.06333333333333334,0.3356643356643357,0.7278973333333322,0.8114483142207269,0.92
16568,simple_success_driven,0.27333038478549315,0.0,0.021899039469851167,0.10608519269776873,0.782312925170068,0.132,0.32653061224489793,0.7400146666666654,0.7876807400492537,0.6883609197740018
16568,tdc_unvalidated,0.14375,0.10974871329094762,0.0,0.014422724943260912,0.8088235294117647,0.06666666666666667,0.33088235294117646,0.7665079999999992,0.8024114492632923,0.8687760961095508
16568,tdc_evidence_validated,0.13324538258575197,0.0,0.0,-0.00496744634675661,0.852760736196319,0.058,0.3006134969325153,0.7939062222222196,0.8339766468584068,0.913470348075932
16568,tdc_validated_with_reversal,0.14936487078405605,0.0,0.0,-0.0012232673893787238,0.8553459119496856,0.05333333333333334,0.2830188679245283,0.7727702222222201,0.8357081548961468,0.9135593186389266
16569,simple_time_schedule,0.25935711140466755,0.0,0.0,0.1029284287491049,0.8424657534246576,0.05533333333333333,0.3013698630136986,0.7299284444444433,0.8202132886271714,0.92
16569,simple_success_driven,0.2565352237483385,0.0,0.01201888968131748,0.10180344017579757,0.793939393939394,0.13,0.34545454545454546,0.7184626666666661,0.7885314869195994,0.7453198670756307
16569,tdc_unvalidated,0.1514476614699332,0.11294261294261294,0.0,0.03300239014524731,0.8764705882352941,0.06266666666666666,0.27647058823529413,0.7782942222222209,0.8295777425690555,0.8890524809709155
16569,tdc_evidence_validated,0.1436265709156194,0.0,0.0,0.03562925170068032,0.875,0.05,0.2894736842105263,0.7559551111111096,0.8428755614944173,0.9125271575058878
16569,tdc_validated_with_reversal,0.12885906040268458,0.0,0.0,0.018404907975460127,0.8445945945945946,0.048,0.2905405405405405,0.7411239999999993,0.8358024895870664,0.9129134263059095
16570,simple_time_schedule,0.28026030368763555,0.0,0.0,0.053486997635933786,0.8344827586206897,0.066,0.2620689655172414,0.740190222222221,0.8171935744593566,0.92
16570,simple_success_driven,0.27166064981949456,0.0,0.02803673481216562,0.10156653468755383,0.779874213836478,0.134,0.36477987421383645,0.7492439999999986,0.7801320257625393,0.7243187229861422
16570,tdc_unvalidated,0.14443952148870182,0.11579743008314437,0.0,0.12768476238795878,0.7911392405063291,0.06733333333333333,0.34177215189873417,0.7887688888888869,0.8052294089746102,0.8852956650247318
16570,tdc_evidence_validated,0.13914575077058564,0.0,0.0,-0.034918076819768995,0.89171974522293,0.059333333333333335,0.27388535031847133,0.7806111111111098,0.844170635653826,0.9137989222182299
16570,tdc_validated_with_reversal,0.16211374832064487,0.0,0.0,0.07012265679240914,0.7987421383647799,0.04533333333333334,0.3081761006289308,0.7541711111111098,0.8220538139839532,0.9122148120566073
16571,simple_time_schedule,0.2549889135254989,0.0,0.0,0.026336477987421336,0.8421052631578947,0.059333333333333335,0.28654970760233917,0.7138071111111111,0.8159937372460087,0.92
16571,simple_success_driven,0.2567032967032967,0.0,0.02445641807860599,0.09425746167105142,0.7612903225806451,0.14133333333333334,0.36774193548387096,0.7309008888888879,0.7747409666497027,0.7194056057488866
16571,tdc_unvalidated,0.14912673533363188,0.1111111111111111,0.0,0.00418894830659533,0.8343949044585988,0.058666666666666666,0.34394904458598724,0.765081333333332,0.8056845752957384,0.8861325898039585
16571,tdc_evidence_validated,0.1320249776984835,0.0,0.0,0.11240110079119359,0.845679012345679,0.06,0.25925925925925924,0.7807053333333311,0.8484331008151373,0.9134073100384235
16571,tdc_validated_with_reversal,0.13880266075388026,0.0,0.0,0.01940458342257445,0.8727272727272727,0.05733333333333333,0.2787878787878788,0.7842164444444426,0.8435880458854343,0.9140456768664436
16572,simple_time_schedule,0.2706766917293233,0.0,0.0,0.04245398773006137,0.8674033149171271,0.06333333333333334,0.2596685082872928,0.7435808888888872,0.8265479484869197,0.92
16572,simple_success_driven,0.26757990867579906,0.0,0.030255526080450124,0.12983682983682987,0.7450980392156863,0.146,0.37254901960784315,0.7358213333333314,0.7707633183880207,0.7426574292942115
16572,tdc_unvalidated,0.15695864828812806,0.11787072243346007,0.0,0.053755274261603314,0.8129032258064516,0.06066666666666667,0.3548387096774194,0.7700306666666654,0.8005020909401881,0.874667544727328
16572,tdc_evidence_validated,0.15078299776286352,0.0,0.0,0.08695652173913038,0.8756756756756757,0.052,0.2594594594594595,0.7927239999999975,0.852695321511789,0.9143650167943888
16572,tdc_validated_with_reversal,0.13803956834532374,0.0,0.0,0.04290540540540533,0.8735632183908046,0.052,0.2413793103448276,0.7953079999999982,0.8538061094158111,0.9148676190419112
16573,simple_time_schedule,0.2653965440850687,0.0,0.0,0.06916801147570384,0.8581081081081081,0.06266666666666666,0.2972972972972973,0.7207933333333318,0.8196154238452458,0.92
16573,simple_success_driven,0.26030465949820786,0.0,0.009163146800492794,-0.029299683635317764,0.8,0.13533333333333333,0.3333333333333333,0.705787555555555,0.7797915418683143,0.7075552030029373
16573,tdc_unvalidated,0.15004452359750667,0.1113323124042879,0.0,-0.004195371842430684,0.8802395209580839,0.04933333333333333,0.2694610778443114,0.8064359999999979,0.8324168571450706,0.8999581518572937
16573,tdc_evidence_validated,0.1484848484848485,0.0,0.0,0.08527410964385751,0.8333333333333334,0.048666666666666664,0.3055555555555556,0.7659835555555542,0.8338867255391853,0.9135625833650254
16573,tdc_validated_with_reversal,0.1437389770723104,0.0,0.0,-0.014921981517951766,0.8525641025641025,0.062,0.30128205128205127,0.7677017777777762,0.8298554711841668,0.9132933869216332
16574,simple_time_schedule,0.25474254742547425,0.0,0.0,0.09823380992430608,0.7961783439490446,0.058666666666666666,0.3503184713375796,0.7149497777777772,0.7994315503058289,0.92
16574,simple_success_driven,0.25033288948069243,0.0,0.0,0.10364628194085557,0.718562874251497,0.148,0.40119760479041916,0.7222777777777767,0.7586957300971664,0.7188940256750389
16574,tdc_unvalidated,0.1546714349575324,0.11267819229602669,0.0,0.06586700336700346,0.84,0.05333333333333334,0.2733333333333333,0.786579999999998,0.8254238429664491,0.8960815000778204
16574,tdc_evidence_validated,0.1307829181494662,0.0,0.0,0.05798525798525789,0.8670886075949367,0.05466666666666667,0.25949367088607594,0.7660328888888875,0.8496162660500753,0.91371576342444
16574,tdc_validated_with_reversal,0.13871817383669885,0.0,0.0,0.013354037267080732,0.8387096774193549,0.054,0.23870967741935484,0.794304888888886,0.8431025548449453,0.9142531206333739
16575,simple_time_schedule,0.2508880994671403,0.0,0.0,0.0828368090036411,0.7744360902255639,0.064,0.37593984962406013,0.7183711111111103,0.7881929439611406,0.92
16575,simple_success_driven,0.2567084078711986,0.0,0.0,0.1255224981558889,0.7697368421052632,0.14533333333333334,0.34210526315789475,0.7566688888888872,0.7842739397095676,0.7283078316677037
16575,tdc_unvalidated,0.14580529385374608,0.11308339709257842,0.0,0.14224043316016677,0.7831325301204819,0.05,0.3373493975903614,0.7692364444444437,0.8073948593026079,0.8792828510890377
16575,tdc_evidence_validated,0.14279418245923314,0.0,0.0,0.08613430386070076,0.8072289156626506,0.056,0.3313253012048193,0.7528884444444431,0.8221514820845098,0.9125965746069328
16575,tdc_validated_with_reversal,0.132857779759251,0.0,0.0,-0.005175983436852993,0.8679245283018868,0.06,0.23270440251572327,0.7861826666666648,0.8492482331650458,0.9149222662677712
16576,simple_time_schedule,0.25873507297655907,0.0,0.0,0.023025210084033687,0.8414634146341463,0.06466666666666666,0.3719512195121951,0.7013337777777777,0.7983257910344489,0.92
16576,simple_success_driven,0.25377107364685003,0.0,0.017898745760807633,0.2118198059002463,0.7046979865771812,0.13733333333333334,0.4228187919463087,0.739644444444443,0.762050212834093,0.7015927701960966
16576,tdc_unvalidated,0.14772224679345422,0.11066768994627782,0.0,-0.04631410256410251,0.9030303030303031,0.07066666666666667,0.2606060606060606,0.778852444444443,0.8319992473795277,0.8927175515028695
16576,tdc_evidence_validated,0.1307998232434821,0.0,0.0,0.04157697015744377,0.8983050847457628,0.04933333333333333,0.2655367231638418,0.7869377777777757,0.8563949703057772,0.9143574655766333
16576,tdc_validated_with_reversal,0.1422924901185771,0.0,0.0,0.025817555938037806,0.8653846153846154,0.058666666666666666,0.2692307692307692,0.773609777777776,0.8429329495336559,0.9126811190257795
16577,simple_time_schedule,0.26433260393873087,0.0,0.0,0.08370461655133188,0.8050314465408805,0.062,0.3081761006289308,0.7184368888888879,0.8062431293848437,0.92
16577,simple_success_driven,0.25763016157989227,0.0,0.019165137515701258,0.13564847625797305,0.6993464052287581,0.13866666666666666,0.37254901960784315,0.7298951111111097,0.7625771069827209,0.7317733394290995
16577,tdc_unvalidated,0.1691240242844753,0.12603242581829305,0.0,0.03716216216216217,0.8435374149659864,0.072,0.29931972789115646,0.7912315555555534,0.812872409268602,0.8726920688720308
16577,tdc_evidence_validated,0.13371834740115504,0.0,0.0,-0.003488511969204855,0.8666666666666667,0.051333333333333335,0.3111111111111111,0.7813168888888866,0.8360396926285242,0.9123986607235148
16577,tdc_validated_with_reversal,0.14444444444444443,0.0,0.0,0.03281360737065908,0.8552631578947368,0.056666666666666664,0.23684210526315788,0.7707884444444428,0.84679931642591,0.9144389317763186
16578,simple_time_schedule,0.267817618415228,0.0,0.0,0.0347394540942928,0.8445945945945946,0.06733333333333333,0.31756756756756754,0.7303137777777762,0.8092644480677298,0.92
16578,simple_success_driven,0.2586054721977052,0.0,0.0,0.11085957561832682,0.788235294117647,0.16333333333333333,0.37058823529411766,0.7226057777777771,0.7779054859548593,0.7148419876192982
16578,tdc_unvalidated,0.12258643915581499,0.09969325153374232,0.0,0.0397354014598541,0.85625,0.058666666666666666,0.26875,0.7956315555555532,0.8336171360064806,0.8972647490142024
16578,tdc_evidence_validated,0.14101423487544484,0.0,0.0,0.04655548105933616,0.8741721854304636,0.05466666666666667,0.271523178807947,0.7780413333333315,0.8472845845867321,0.913550638651718
16578,tdc_validated_with_reversal,0.13362445414847163,0.0,0.0,-0.05286624203821655,0.8810810810810811,0.04933333333333333,0.23783783783783785,0.789584444444443,0.8494019701492497,0.9141767785255059
16579,simple_time_schedule,0.26441881100266196,0.0,0.0,-0.003778491041319665,0.8490566037735849,0.056666666666666664,0.3522012578616352,0.697664444444444,0.8018963567779989,0.92
16579,simple_success_driven,0.2711189739053516,0.0,0.03400174041728332,0.20734675085503806,0.7333333333333333,0.134,0.38,0.7118435555555553,0.773264825943876,0.7407468792245201
16579,tdc_unvalidated,0.14906832298136646,0.11367456073338426,0.0,-0.011244239631336472,0.8553459119496856,0.062,0.29559748427672955,0.7827226666666641,0.8180543266888753,0.8757915650359264
16579,tdc_evidence_validated,0.1262693156732892,0.0,0.0,0.10605542251111866,0.874251497005988,0.048,0.2874251497005988,0.7968937777777754,0.8530863130530693,0.9143668200760884
16579,tdc_validated_with_reversal,0.14051418439716312,0.0,0.0,0.044172932330827086,0.8376623376623377,0.06,0.3116883116883117,0.776919111111109,0.8302736781503727,0.913071761397626
16580,simple_time_schedule,0.25687666370896184,0.0,0.0,0.0934571175950486,0.85,0.05533333333333333,0.2785714285714286,0.736116888888888,0.8259623215677143,0.92
16580,simple_success_driven,0.26280623608017817,0.0,0.001329987754450701,0.12233599733599732,0.6845238095238095,0.126,0.4166666666666667,0.731438666666666,0.7513772676880357,0.6927980011428397
16580,tdc_unvalidated,0.16235190873189995,0.12411674347158218,0.0,0.10819475055099181,0.8435374149659864,0.09133333333333334,0.2925170068027211,0.7749764444444424,0.8172139464168147,0.8746338322233662
16580,tdc_evidence_validated,0.1355245384961729,0.0,0.0,-0.0053727582629317094,0.8205128205128205,0.062,0.36538461538461536,0.767312444444443,0.812523087881125,0.9109646860724552
16580,tdc_validated_with_reversal,0.13612334801762113,0.0,0.0,0.04881101376720909,0.852112676056338,0.05333333333333334,0.31690140845070425,0.7826079999999982,0.8350833877779708,0.9129336377434389
16581,simple_time_schedule,0.26445916114790285,0.0,0.0,0.0567765567765568,0.8205128205128205,0.056666666666666664,0.3333333333333333,0.7170511111111101,0.8040562966822727,0.92
16581,simple_success_driven,0.2553097345132743,0.0,0.03627842458410557,0.11550324675324675,0.7579617834394905,0.12666666666666668,0.3503184713375796,0.7346457777777765,0.7814695645375591,0.6963039098492253
16581,tdc_unvalidated,0.16029863855950813,0.11886936592818946,0.0,0.07175288937809576,0.8732394366197183,0.037333333333333336,0.2676056338028169,0.7753688888888879,0.8354839707669812,0.9035232511545634
16581,tdc_evidence_validated,0.1424778761061947,0.0,0.0,0.05612403100775187,0.86875,0.056,0.275,0.7710813333333317,0.8454262731590861,0.9135056111043443
16581,tdc_validated_with_reversal,0.14146341463414633,0.0,0.0,0.1138396624472573,0.8947368421052632,0.05466666666666667,0.27485380116959063,0.7664013333333319,0.8564748395084035,0.9127767774102393
16582,simple_time_schedule,0.24710080285459413,0.0,0.0,0.12427156177156184,0.7651006711409396,0.062,0.38926174496644295,0.7238013333333325,0.7879367128552809,0.92
16582,simple_success_driven,0.250334672021419,0.0,0.024857534148168936,0.0959242804713154,0.7844311377245509,0.118,0.3592814371257485,0.7333439999999991,0.7866736627259641,0.7046597199702045
16582,tdc_unvalidated,0.141894925909295,0.11769195542665242,0.0,0.008266979941696118,0.8563218390804598,0.059333333333333335,0.28735632183908044,0.7830933333333318,0.822296537565112,0.895586212633046
16582,tdc_evidence_validated,0.13964757709251102,0.0,0.0,-0.005948321588239769,0.8802395209580839,0.04733333333333333,0.23353293413173654,0.7869097777777763,0.8530980881439946,0.9148521524775315
16582,tdc_validated_with_reversal,0.13808463251670378,0.0,0.0,0.04696504033807147,0.8358974358974359,0.048,0.26153846153846155,0.7794826666666655,0.8414631228798353,0.913562231617278
16583,simple_time_schedule,0.26502242152466365,0.0,0.0,0.06757750919600625,0.7894736842105263,0.06933333333333333,0.32894736842105265,0.7219182222222217,0.7963496151725199,0.92
16583,simple_success_driven,0.2692307692307692,0.0,0.0357187285671845,0.09517396184062854,0.8242424242424242,0.132,0.296969696969697,0.7265639999999993,0.8022278056185789,0.7235540224355568
16583,tdc_unvalidated,0.1438689685701638,0.11202185792349727,0.0,0.07267441860465118,0.852112676056338,0.066,0.2746478873239437,0.785565333333332,0.8281627108062741,0.8796860266003292
16583,tdc_evidence_validated,0.15041905602117336,0.0,0.0,0.06200275567803004,0.8726114649681529,0.06266666666666666,0.2611464968152866,0.7768039999999978,0.8473674281102166,0.9140246463654482
16583,tdc_validated_with_reversal,0.1267543859649123,0.0,0.0,0.05415256443634475,0.8543046357615894,0.06,0.2582781456953642,0.7830311111111092,0.8468508819218801,0.9132658748491739
16584,simple_time_schedule,0.2602739726027397,0.0,0.0,0.104592664719247,0.8299319727891157,0.07066666666666667,0.272108843537415,0.7101328888888884,0.8192317875346982,0.92
16584,simple_success_driven,0.27244718309859156,0.0,0.010896403799802723,0.06399966731816853,0.7272727272727273,0.14266666666666666,0.40606060606060607,0.7320262222222212,0.7548862954284183,0.7275608920898067
16584,tdc_unvalidated,0.15350488021295475,0.11839485372951447,0.0,0.056862238304471346,0.8541666666666666,0.059333333333333335,0.2708333333333333,0.7754973333333319,0.8266274733870023,0.8890799812061156
16584,tdc_evidence_validated,0.1404293381037567,0.0,0.0,0.0874172185430463,0.8356164383561644,0.05733333333333333,0.3013698630136986,0.7873311111111093,0.8359545511230425,0.9134376067015284
16584,tdc_validated_with_reversal,0.15034965034965034,0.0,0.0,0.018087113444344216,0.8409090909090909,0.051333333333333335,0.30113636363636365,0.7828422222222209,0.8311120099457885,0.9130777828006574
16585,simple_time_schedule,0.2719964269763287,0.0,0.0,0.09820334830543087,0.8951048951048951,0.06733333333333333,0.24475524475524477,0.7396653333333318,0.8393592788569791,0.92
16585,simple_success_driven,0.259670964873277,0.0,0.03535513613827834,0.06038647342995174,0.7654320987654321,0.128,0.3395061728395062,0.7138497777777776,0.779143566495841,0.7171671958322176
16585,tdc_unvalidated,0.1648205582631812,0.12452253628724216,0.0,-0.0106209150326797,0.8435374149659864,0.06933333333333333,0.30612244897959184,0.7871893333333309,0.8088739230615812,0.8734524422562676
16585,tdc_evidence_validated,0.13865730583589295,0.0,0.0,0.03254217047320496,0.8157894736842105,0.058666666666666666,0.3092105263157895,0.7701315555555541,0.8247415253237553,0.9137766581809537
16585,tdc_validated_with_reversal,0.1375219683655536,0.0,0.0,0.026960784313725505,0.8012422360248447,0.048,0.33540372670807456,0.764508888888888,0.8177296085679853,0.9128940531097814
16586,simple_time_schedule,0.26654898499558694,0.0,0.0,0.1291598300307123,0.8363636363636363,0.06,0.296969696969697,0.7175466666666658,0.8193905224424687,0.92
16586,simple_success_driven,0.26278659611992944,0.0,0.0314856191858941,0.046945852227260554,0.725609756097561,0.148,0.3475609756097561,0.7282039999999986,0.7639990705750492,0.7101497996857817
16586,tdc_unvalidated,0.1483491632745364,0.11241145672928858,0.0,0.03648018648018658,0.8296296296296296,0.06066666666666667,0.32592592592592595,0.7846048888888871,0.8107821305857984,0.8888487402667284
16586,tdc_evidence_validated,0.14235500878734622,0.0,0.0,0.05278761743415983,0.8533333333333334,0.056666666666666664,0.3,0.7627799999999989,0.8365378414978376,0.9127366114458985
16586,tdc_validated_with_reversal,0.12953832362169432,0.0,0.0,0.0601431323974676,0.8866666666666667,0.058666666666666666,0.28,0.7646004444444432,0.8502734363958713,0.9131127528220923
16587,simple_time_schedule,0.26380910296067167,0.0,0.0,0.07184149184149191,0.8451612903225807,0.05733333333333333,0.27741935483870966,0.729388888888888,0.8217194929614992,0.92
16587,simple_success_driven,0.25380483437779766,0.0,0.020221306828335228,0.08314855875831484,0.7552447552447552,0.12066666666666667,0.3776223776223776,0.7323066666666659,0.7743915211744868,0.7000276905788198
16587,tdc_unvalidated,0.14859437751004015,0.11507143954524504,0.0,0.06209677419354842,0.8616352201257862,0.058,0.2830188679245283,0.7904333333333315,0.8285423462757558,0.8951431953080333
16587,tdc_evidence_validated,0.14204045734388743,0.0,0.0,0.05527582785107865,0.8562091503267973,0.05,0.2679738562091503,0.794339555555553,0.8455648863829485,0.9140416937604963
16587,tdc_validated_with_reversal,0.13575865128660158,0.0,0.0,0.06453028972783148,0.8202247191011236,0.05333333333333334,0.3202247191011236,0.7729631111111097,0.8277548862552807,0.9125817668769763
16588,simple_time_schedule,0.25997310623038994,0.0,0.0,0.07510359116022103,0.8451612903225807,0.07733333333333334,0.34838709677419355,0.7164897777777769,0.8060273424564054,0.92
16588,simple_success_driven,0.2657026660641663,0.0,0.029013772719568287,0.14051381918957373,0.7721518987341772,0.12733333333333333,0.35443037974683544,0.745131999999999,0.7849936662946214,0.7102814143956644
16588,tdc_unvalidated,0.14935354436023182,0.12150389729481889,0.0,0.07756012103838195,0.847682119205298,0.07,0.2781456953642384,0.787939555555554,0.8244099114631905,0.8863079446727489
16588,tdc_evidence_validated,0.12698412698412698,0.0,0.0,0.01956699346405233,0.8321167883211679,0.048,0.291970802919708,0.7828257777777764,0.8345738974819903,0.9143234429969473
16588,tdc_validated_with_reversal,0.12966252220248667,0.0,0.0,0.10681818181818181,0.7974683544303798,0.05,0.34810126582278483,0.7807493333333316,0.8223568519856296,0.9122293676907405
16589,simple_time_schedule,0.2649036306588974,0.0,0.0,0.015213460177686988,0.8881118881118881,0.06,0.24475524475524477,0.7216702222222209,0.8324882865017672,0.92
16589,simple_success_driven,0.2567269519188355,0.0,0.053684268491761,0.11805896805896798,0.7087912087912088,0.12533333333333332,0.36813186813186816,0.7199186666666659,0.7660925113555677,0.7098262131965418
16589,tdc_unvalidated,0.14526129317980513,0.1141552511415525,0.0,0.06294162826420902,0.8943661971830986,0.06466666666666666,0.2535211267605634,0.7935853333333316,0.8414109502526865,0.891615888538414
16589,tdc_evidence_validated,0.14513981358189082,0.0,0.0,0.0857925904174619,0.8795180722891566,0.056,0.2289156626506024,0.7946906666666639,0.8592509780708879,0.9146322302114686
16589,tdc_validated_with_reversal,0.13981358189081225,0.0,0.0,0.036151987700417276,0.8571428571428571,0.04666666666666667,0.2261904761904762,0.7865351111111094,0.8523129953290974,0.9148464311352331
16590,simple_time_schedule,0.2552910052910053,0.0,0.0,0.09464404524284764,0.8493975903614458,0.06533333333333333,0.2469879518072289,0.7096737777777766,0.8291619910179105,0.92
16590,simple_success_driven,0.25955555555555554,0.0,0.028278986584071575,0.14817106460418572,0.8095238095238095,0.12933333333333333,0.3401360544217687,0.7254844444444437,0.7969031763247975,0.7439732100574539
16590,tdc_unvalidated,0.15316117542297417,0.11107729762629337,0.0,0.017691514943318443,0.875,0.052,0.21710526315789475,0.8046946666666646,0.8414323202193394,0.8980047554535039
16590,tdc_evidence_validated,0.14304635761589404,0.0,0.0,0.060906984442237744,0.8282208588957055,0.06466666666666666,0.26993865030674846,0.7714679999999989,0.8355421711022417,0.9136024624418844
16590,tdc_validated_with_reversal,0.12884784520668427,0.0,0.0,-0.019198193111236606,0.8594594594594595,0.04533333333333334,0.2648648648648649,0.7758115555555545,0.8427991697056486,0.9137080045378114
16591,simple_time_schedule,0.2682817406908928,0.0,0.0,0.13524936601859672,0.8292682926829268,0.07066666666666667,0.2804878048780488,0.7142422222222211,0.8190601131728384,0.92
16591,simple_success_driven,0.25436632333184056,0.0,0.04513234461689741,0.15569662545940532,0.7191011235955056,0.124,0.398876404494382,0.7251959999999994,0.7667988016242273,0.6739157436417007
16591,tdc_unvalidated,0.16051578479324144,0.12260419835716459,0.0,-0.04016401080980336,0.8451612903225807,0.07066666666666667,0.2903225806451613,0.7848146666666649,0.8102687306225924,0.8834789740452793
16591,tdc_evidence_validated,0.1534344335414808,0.0,0.0,0.08447124489185687,0.8363636363636363,0.054,0.3212121212121212,0.7742346666666651,0.8305153564712988,0.9129212212226979
16591,tdc_validated_with_reversal,0.13129102844638948,0.0,0.0,0.06628094954479713,0.8313953488372093,0.046,0.3023255813953488,0.7643373333333325,0.8352515043841899,0.912738786038793
16592,simple_time_schedule,0.2574561403508772,0.0,0.0,0.041381972592163696,0.8698224852071006,0.06733333333333333,0.22485207100591717,0.7352111111111097,0.8341858329380004,0.92
16592,simple_success_driven,0.26548672566371684,0.0,0.015750149835609184,0.15993491966646334,0.7364864864864865,0.134,0.38513513513513514,0.7243057777777767,0.7705913155239402,0.7324248693837877
16592,tdc_unvalidated,0.1509098979138926,0.1103076923076923,0.0,0.0444444444444444,0.844311377245509,0.052,0.2934131736526946,0.79725022222222,0.8225816149410135,0.8885313927841682
16592,tdc_evidence_validated,0.12787610619469025,0.0,0.0,0.036847374095179464,0.8780487804878049,0.054,0.22560975609756098,0.776822222222221,0.8575999751687589,0.9147885641199665
16592,tdc_validated_with_reversal,0.13604240282685512,0.0,0.0,0.030099759201926424,0.8192771084337349,0.05333333333333334,0.28313253012048195,0.7817488888888873,0.8317613171650262,0.9137497187274839
16593,simple_time_schedule,0.2598770851624232,0.0,0.0,-0.016221098265896017,0.8394160583941606,0.06933333333333333,0.31386861313868614,0.7233559999999997,0.8051239305322908,0.92
16593,simple_success_driven,0.262662483191394,0.0,0.013652145560845708,0.045084879589419646,0.673469387755102,0.12733333333333333,0.42857142857142855,0.7345862222222211,0.7403339541942812,0.7120930219982958
16593,tdc_unvalidated,0.14375279892521273,0.1154315340042696,0.0,0.030219780219780223,0.8427672955974843,0.06333333333333334,0.3584905660377358,0.772198666666665,0.8069308688774774,0.8540736884952491
16593,tdc_evidence_validated,0.13123595505617977,0.0,0.0,0.04567428549329,0.8793103448275862,0.05266666666666667,0.3333333333333333,0.7639871111111103,0.8384482096679965,0.9123725230025967
16593,tdc_validated_with_reversal,0.14151785714285714,0.0,0.0,0.04395315173049086,0.8322981366459627,0.048,0.2484472049689441,0.776458666666665,0.8421131547057269,0.9142210789811073
16594,simple_time_schedule,0.2658000896458987,0.0,0.0,0.04877825987668416,0.8188405797101449,0.052,0.32608695652173914,0.715343999999999,0.8048100951962306,0.92
16594,simple_success_driven,0.26024313372354796,0.0,0.03846838782022177,0.07509522945764557,0.7668711656441718,0.148,0.3374233128834356,0.7438213333333321,0.778959316404231,0.7075635802064395
16594,tdc_unvalidated,0.16066725197541704,0.12072099363829143,0.0,0.0679012345679012,0.8552631578947368,0.050666666666666665,0.2565789473684211,0.7672733333333325,0.8301153782873665,0.8986568409878195
16594,tdc_evidence_validated,0.1331241595696997,0.0,0.0,0.07231040564373903,0.8209876543209876,0.051333333333333335,0.30246913580246915,0.7720475555555542,0.8324086115932225,0.9127580632780635
16594,tdc_validated_with_reversal,0.12985274431057564,0.0,0.0,0.06077694235588982,0.8235294117647058,0.064,0.29411764705882354,0.7740799999999983,0.8321118535379316,0.9133905326207166
16595,simple_time_schedule,0.27406417112299464,0.0,0.0,0.01775858999465907,0.7911392405063291,0.05533333333333333,0.3291139240506329,0.7039351111111101,0.7929886857458696,0.92
16595,simple_success_driven,0.2655838454784899,0.0,0.05335752159337648,0.12731556711082226,0.7975460122699386,0.15933333333333333,0.3128834355828221,0.7218093333333326,0.7914745715417545,0.7456985388358048
16595,tdc_unvalidated,0.1407239819004525,0.11255543661110262,0.0,0.035933284277655075,0.8439716312056738,0.056,0.3191489361702128,0.7880786666666642,0.8173361825282067,0.8945563613610451
16595,tdc_evidence_validated,0.14329401485364787,0.0,0.0,0.045752762430939176,0.8875,0.054,0.25,0.7813111111111092,0.8542115033594088,0.9134231010121707
16595,tdc_validated_with_reversal,0.14369900271985495,0.0,0.0,-0.005917435467337695,0.821656050955414,0.06,0.33121019108280253,0.7549022222222215,0.817584451505117,0.9122056773752899
16596,simple_time_schedule,0.2638335546702081,0.0,0.0,0.08045977011494254,0.8114285714285714,0.062,0.3314285714285714,0.7006991111111106,0.802693762685525,0.92
16596,simple_success_driven,0.26290251433612705,0.0,0.02583071835087336,0.05493421052631586,0.78125,0.13,0.33125,0.7481817777777768,0.7845906559461585,0.7258354919877353
16596,tdc_unvalidated,0.14432529043789097,0.11388336139598959,0.0,0.04486638537271448,0.8243243243243243,0.06266666666666666,0.2972972972972973,0.7929231111111092,0.8157323489030958,0.874011430982962
16596,tdc_evidence_validated,0.13636363636363635,0.0,0.0,0.07306034482758617,0.8786127167630058,0.04666666666666667,0.23121387283236994,0.7801519999999982,0.859741886741926,0.9144445409333201
16596,tdc_validated_with_reversal,0.13505108840515326,0.0,0.0,0.059821559163375726,0.8363636363636363,0.051333333333333335,0.296969696969697,0.7630084444444434,0.8354583040735203,0.9134831189024128
16597,simple_time_schedule,0.25394736842105264,0.0,0.0,0.07253147517618186,0.8066666666666666,0.074,0.34,0.7182528888888882,0.7995400019907026,0.92
16597,simple_success_driven,0.26578827805542937,0.0,0.013982310441528756,0.14473684210526316,0.7647058823529411,0.146,0.35947712418300654,0.7277093333333324,0.7789404911857589,0.7001933101394884
16597,tdc_unvalidated,0.13586237318041464,0.109375,0.0,0.08165997322623819,0.8597560975609756,0.062,0.34146341463414637,0.8061951111111089,0.8215929188377732,0.8892094236200316
16597,tdc_evidence_validated,0.1396598030438675,0.0,0.0,-0.027285802342305376,0.8362573099415205,0.058,0.3216374269005848,0.760822222222221,0.8222246698192226,0.9119859713350984
16597,tdc_validated_with_reversal,0.1347864768683274,0.0,0.0,0.054621848739495826,0.8604651162790697,0.050666666666666665,0.2616279069767442,0.7842426666666652,0.8481812857887566,0.9142811464800971
16598,simple_time_schedule,0.2539887882708064,0.0,0.0,0.09563758389261745,0.8187919463087249,0.062,0.28187919463087246,0.727803555555555,0.8170565306562556,0.92
16598,simple_success_driven,0.2528014343343792,0.0,0.006065358584273928,0.10906661576636756,0.7714285714285715,0.13533333333333333,0.3028571428571429,0.7429115555555544,0.7920248287719565,0.728186796866933
16598,tdc_unvalidated,0.14373626373626375,0.10947562097516099,0.0,0.07939873715955148,0.8972602739726028,0.058,0.2465753424657534,0.8071813333333309,0.8470579049755902,0.8975604038965557
16598,tdc_evidence_validated,0.144524236983842,0.0,0.0,0.01899719713484893,0.8424657534246576,0.04666666666666667,0.2808219178082192,0.7747839999999986,0.8364549115428217,0.9149405444560124
16598,tdc_validated_with_reversal,0.14137308039747065,0.0,0.0,0.03459119496855345,0.89937106918239,0.05333333333333334,0.2389937106918239,0.7851853333333316,0.8586793330210836,0.9144852791105574
16599,simple_time_schedule,0.2619047619047619,0.0,0.0,0.06070080862533689,0.8,0.06466666666666666,0.33793103448275863,0.721011999999999,0.797855625149797,0.92
16599,simple_success_driven,0.2713722051731697,0.0,0.02261046688419377,0.07792573803987879,0.7267441860465116,0.12733333333333333,0.38372093023255816,0.7199115555555553,0.7620139164171378,0.7220454981219073
16599,tdc_unvalidated,0.15911111111111112,0.12061668681983072,0.0,0.13168880455407972,0.8383233532934131,0.06533333333333333,0.31736526946107785,0.771907999999998,0.8182803893444828,0.8885973665071034
16599,tdc_evidence_validated,0.1424778761061947,0.0,0.0,0.017155506364139428,0.8873239436619719,0.05533333333333333,0.2676056338028169,0.7747977777777761,0.8483528480264079,0.9137301329954683
16599,tdc_validated_with_reversal,0.15067303517151542,0.0,0.0,0.07444005270092224,0.8641975308641975,0.052,0.29012345679012347,0.7616328888888875,0.8421914800328023,0.9136505818037376
16600,simple_time_schedule,0.24536827835517397,0.0,0.0,0.0763209393346379,0.8301886792452831,0.054,0.3081761006289308,0.7266733333333326,0.8159546344160404,0.92
16600,simple_success_driven,0.2495567375886525,0.0,0.015304699141937439,0.09737827715355807,0.7333333333333333,0.14066666666666666,0.3575757575757576,0.7156377777777772,0.7706075269906814,0.7129504011339406
16600,tdc_unvalidated,0.14933333333333335,0.11088926432191676,0.0,0.06323407775020673,0.8620689655172413,0.046,0.27586206896551724,0.775757333333332,0.8317570204783981,0.8992979109364473
16600,tdc_evidence_validated,0.13360142984807863,0.0,0.0,0.10471724921852799,0.879746835443038,0.06333333333333334,0.31645569620253167,0.7773542222222208,0.8448112305041803,0.9127941107177072
16600,tdc_validated_with_reversal,0.1531651173085436,0.0,0.0,0.09995251661918325,0.8604651162790697,0.04466666666666667,0.2616279069767442,0.7761093333333318,0.8498693962241679,0.9141924986096515
16601,simple_time_schedule,0.267825311942959,0.0,0.0,0.11260504201680677,0.8620689655172413,0.062,0.27586206896551724,0.726674666666666,0.8279012256663418,0.92
16601,simple_success_driven,0.2498876404494382,0.0,0.043429895470378455,0.135,0.6944444444444444,0.12866666666666668,0.4027777777777778,0.7297777777777771,0.7585868414481897,0.7329127284950875
16601,tdc_unvalidated,0.13359964491788726,0.11173952919596454,0.0,0.07728119180633142,0.8609271523178808,0.07133333333333333,0.2781456953642384,0.800416888888887,0.8312294351654371,0.8956135930602953
16601,tdc_evidence_validated,0.13648409893992933,0.0,0.0,0.015528652138821708,0.8513513513513513,0.06466666666666666,0.2702702702702703,0.7794284444444421,0.8386406651063023,0.9129331194163623
16601,tdc_validated_with_reversal,0.12904696762425902,0.0,0.0,0.06854374329851864,0.8378378378378378,0.048666666666666664,0.2972972972972973,0.7730777777777765,0.8381209360084972,0.9128582915370342
16602,simple_time_schedule,0.2767379679144385,0.0,0.0,-0.012494196108226663,0.793939393939394,0.06,0.3515151515151515,0.704032888888888,0.7860911916316032,0.92
16602,simple_success_driven,0.2633201232937032,0.0,0.009047602680083089,0.06730769230769229,0.7640449438202247,0.13733333333333334,0.3707865168539326,0.7189035555555555,0.771931820495532,0.6905761042375911
16602,tdc_unvalidated,0.16131907308377896,0.11597044186397225,0.0,0.055905543008835545,0.8535031847133758,0.05533333333333333,0.27388535031847133,0.7857995555555536,0.8260913703480753,0.8937943892253604
16602,tdc_evidence_validated,0.13477684489615555,0.0,0.0,0.04262514649254978,0.8192771084337349,0.06,0.3795180722891566,0.7729311111111097,0.8141717508904347,0.9090050449770424
16602,tdc_validated_with_reversal,0.13306451612903225,0.0,0.0,0.021118012422360333,0.8181818181818182,0.051333333333333335,0.3051948051948052,0.7807146666666647,0.827504233497629,0.9133318947493365
16603,simple_time_schedule,0.2642169728783902,0.0,0.0,0.02854020979020977,0.8355263157894737,0.058666666666666666,0.3026315789473684,0.7089137777777772,0.810315356603634,0.92
16603,simple_success_driven,0.2542147293700089,0.0,0.0,0.07832335329341311,0.7368421052631579,0.12533333333333332,0.35526315789473684,0.7201319999999997,0.7723224896604437,0.7007373276442385
16603,tdc_unvalidated,0.16400709219858156,0.12951853560990617,0.0,0.05305818925450834,0.8405797101449275,0.07666666666666666,0.34782608695652173,0.7824493333333309,0.8039031794086458,0.841247569887485
16603,tdc_evidence_validated,0.12917795844625113,0.0,0.0,-0.05228758169934644,0.8392857142857143,0.06066666666666667,0.2916666666666667,0.7809479999999985,0.8281919040434819,0.9128662927084007
16603,tdc_validated_with_reversal,0.13424900310146212,0.0,0.0,0.0432211858760827,0.8571428571428571,0.04733333333333333,0.2670807453416149,0.7851137777777759,0.8461338037664546,0.913726250642486
16604,simple_time_schedule,0.25156110615521854,0.0,0.0,0.0978470302421044,0.8742138364779874,0.07533333333333334,0.22641509433962265,0.714366222222221,0.8381871268867782,0.92
16604,simple_success_driven,0.25733041575492344,0.0,0.006675330120767264,0.09452523524379819,0.7678571428571429,0.152,0.4107142857142857,0.7162879999999993,0.7662244234709574,0.7356750236229751
16604,tdc_unvalidated,0.15701017249004864,0.12176839528835857,0.0,0.015396382016493737,0.8013245033112583,0.07466666666666667,0.33112582781456956,0.7840546666666647,0.796768830766189,0.8664031129204195
16604,tdc_evidence_validated,0.1274027715690657,0.0,0.0,0.014427755447429691,0.8011695906432749,0.05533333333333333,0.3216374269005848,0.7655017777777763,0.8194705351061836,0.9119228771187664
16604,tdc_validated_with_reversal,0.1388888888888889,0.0,0.0,0.04242688782191184,0.8467153284671532,0.05333333333333334,0.30656934306569344,0.7897555555555531,0.8350357925504892,0.9133519318046663
16605,simple_time_schedule,0.2661361626878868,0.0,0.0,0.07492533437215942,0.8211920529801324,0.048666666666666664,0.2781456953642384,0.7252804444444432,0.8169793826342485,0.92
16605,simple_success_driven,0.26430155210643014,0.0,0.0,0.04289855072463766,0.7183908045977011,0.14666666666666667,0.42528735632183906,0.7371479999999985,0.7483109890619214,0.721018428214653
16605,tdc_unvalidated,0.14712438698172092,0.11042944785276074,0.0,-0.0017273452032953163,0.8834355828220859,0.05533333333333333,0.25766871165644173,0.7773791111111098,0.8338988673542165,0.8909395761595398
16605,tdc_evidence_validated,0.1356761565836299,0.0,0.0,0.030414746543778737,0.821656050955414,0.05533333333333333,0.33121019108280253,0.7817217777777753,0.8234336734139668,0.9130185744359216
16605,tdc_validated_with_reversal,0.1380994671403197,0.0,0.0,0.07842969551830303,0.8597560975609756,0.06133333333333333,0.27439024390243905,0.7880426666666649,0.8456000430873478,0.9141306757711927
16606,simple_time_schedule,0.272931654676259,0.0,0.0,0.06967027435187512,0.7705882352941177,0.06666666666666667,0.31176470588235294,0.713199555555555,0.7940480352607939,0.92
16606,simple_success_driven,0.2610989010989011,0.0,0.009454729535658735,0.09878200347999,0.7771428571428571,0.128,0.3314285714285714,0.7411159999999988,0.7873704969816959,0.746413432019447
16606,tdc_unvalidated,0.15921052631578947,0.12186927306047649,0.0,0.016389860139860102,0.8421052631578947,0.06466666666666666,0.27631578947368424,0.7791844444444422,0.8175865345234636,0.8936431253030701
16606,tdc_evidence_validated,0.13342198581560283,0.0,0.0,0.09399802651336386,0.8421052631578947,0.046,0.2894736842105263,0.7797591111111093,0.842671128551329,0.9133138959237663
16606,tdc_validated_with_reversal,0.14035087719298245,0.0,0.0,-0.00909349246945157,0.8695652173913043,0.058,0.2536231884057971,0.783044888888887,0.8447086716118514,0.9141093829183926
16607,simple_time_schedule,0.2749110320284697,0.0,0.0,0.07162162162162167,0.8451612903225807,0.06666666666666667,0.2838709677419355,0.7063493333333329,0.8165714273962816,0.92
16607,simple_success_driven,0.2638335546702081,0.0,0.01970846037899765,0.0817627494456763,0.7583892617449665,0.144,0.3825503355704698,0.7310933333333326,0.7689624180512656,0.6939961546454901
16607,tdc_unvalidated,0.12921847246891652,0.10213089802130898,0.0,-0.004613807245386181,0.8355263157894737,0.052,0.26973684210526316,0.8018848888888869,0.8250136812782456,0.9033691609703665
16607,tdc_evidence_validated,0.12455673758865249,0.0,0.0,0.04793052475979309,0.8620689655172413,0.05466666666666667,0.30344827586206896,0.7782675555555542,0.8410563963428932,0.9137701837141892
16607,tdc_validated_with_reversal,0.1435512367491166,0.0,0.0,0.06376262626262619,0.8679245283018868,0.04733333333333333,0.31446540880503143,0.7697208888888877,0.8399174523859031,0.9133149915670667
16608,simple_time_schedule,0.27522935779816515,0.0,0.0,0.0757575757575758,0.86,0.08133333333333333,0.23333333333333334,0.7249693333333325,0.8279139359688628,0.92
16608,simple_success_driven,0.2523117569352708,0.0,0.027561226563654118,0.08933546471797216,0.8385093167701864,0.10933333333333334,0.2919254658385093,0.7533777777777763,0.8131606211581905,0.7080911286221981
16608,tdc_unvalidated,0.15602836879432624,0.11457545028000606,0.0,0.05705208519778049,0.8503401360544217,0.05733333333333333,0.29931972789115646,0.771664444444443,0.8208684672281135,0.9027374847739623
16608,tdc_evidence_validated,0.13454706927175844,0.0,0.0,0.04029304029304037,0.8466666666666667,0.04733333333333333,0.30666666666666664,0.7751928888888865,0.8358212357476191,0.9130035502113082
16608,tdc_validated_with_reversal,0.13942093541202671,0.0,0.0,0.02760025933129573,0.90625,0.06533333333333333,0.28125,0.7616791111111101,0.849577920899931,0.9140118832290769
16609,simple_time_schedule,0.2699551569506726,0.0,0.0,0.06406182290914342,0.8461538461538461,0.056666666666666664,0.3076923076923077,0.7012351111111109,0.8140062693297228,0.92
16609,simple_success_driven,0.26406734603455917,0.0,0.021208079614366326,0.0846497439808257,0.8095238095238095,0.13266666666666665,0.32653061224489793,0.7577333333333317,0.7943954218219269,0.7036711470696704
16609,tdc_unvalidated,0.1387900355871886,0.10778443113772455,0.0,0.041585793929382664,0.8106508875739645,0.06333333333333334,0.31952662721893493,0.7766346666666646,0.8089356002472938,0.8698203253985126
16609,tdc_evidence_validated,0.12711111111111112,0.0,0.0,0.038343949044585934,0.85,0.05,0.26875,0.7660106666666655,0.8435373870346778,0.9135334267021771
16609,tdc_validated_with_reversal,0.14247551202137132,0.0,0.0,0.0586980920314254,0.8481012658227848,0.072,0.2721518987341772,0.7934315555555531,0.8395234999270607,0.9140616738987462
16610,simple_time_schedule,0.27252453166815344,0.0,0.0,0.0271176370735019,0.8525641025641025,0.06066666666666667,0.26282051282051283,0.72929111111111,0.8207886466178087,0.92
16610,simple_success_driven,0.25917735515258733,0.0,0.041798667195185435,0.11616436228056548,0.7177914110429447,0.14333333333333334,0.3987730061349693,0.7235542222222219,0.7595079523626507,0.7112207034593543
16610,tdc_unvalidated,0.14001766784452296,0.11764705882352941,0.0,0.09393939393939399,0.8253012048192772,0.07333333333333333,0.3313253012048193,0.7904382222222204,0.8121129614534093,0.8707618022295497
16610,tdc_evidence_validated,0.13149711239449133,0.0,0.0,-0.052192840272310415,0.8242424242424242,0.062,0.3151515151515151,0.7691128888888878,0.819350401689451,0.9122959189410131
16610,tdc_validated_with_reversal,0.12768817204301075,0.0,0.0,0.05793946932006644,0.875,0.052,0.25625,0.7860706666666647,0.8537566401262503,0.9148491059884734
16611,simple_time_schedule,0.2720254314259764,0.0,0.0,0.05632427843803056,0.8242424242424242,0.06,0.30303030303030304,0.7188671111111095,0.8088497935925774,0.92
16611,simple_success_driven,0.26819407008086255,0.0,0.03244937635685885,-0.004761904761904745,0.7375,0.122,0.375,0.7287306666666661,0.7612011044743936,0.7336096930605058
16611,tdc_unvalidated,0.1368838028169014,0.11644254278728607,0.0,0.09783527820057503,0.8402366863905325,0.06266666666666666,0.34911242603550297,0.7809542222222206,0.8147180549967648,0.8830337874211728
16611,tdc_evidence_validated,0.13660477453580902,0.0,0.0,0.006315409599422561,0.8397435897435898,0.05,0.3141025641025641,0.7901564444444423,0.8299868221107183,0.9129947295810672
16611,tdc_validated_with_reversal,0.1419698314108252,0.0,0.0,0.0756416202844774,0.8587570621468926,0.04,0.327683615819209,0.7333444444444441,0.836227975070817,0.9115785443993264
16612,simple_time_schedule,0.2520288548241659,0.0,0.0,0.03737811484290354,0.8662420382165605,0.06466666666666666,0.28662420382165604,0.7279982222222212,0.8227852042183478,0.92
16612,simple_success_driven,0.26473214285714286,0.0,0.02025261980752535,0.08058646147447224,0.7006802721088435,0.138,0.4013605442176871,0.7093146666666663,0.7515953709315633,0.7212853525840716
16612,tdc_unvalidated,0.13470115967885815,0.11109429393067959,0.0,0.08383233532934131,0.8142076502732241,0.068,0.30601092896174864,0.7849991111111093,0.815364942496529,0.8774462823551108
16612,tdc_evidence_validated,0.14089499335400973,0.0,0.0,0.07218309859154926,0.8214285714285714,0.058666666666666666,0.2857142857142857,0.7839888888888865,0.8337365234209371,0.9134955337902992
16612,tdc_validated_with_reversal,0.1355475763016158,0.0,0.0,0.11026757470879378,0.8961038961038961,0.054,0.2662337662337662,0.7776671111111091,0.8594542868817787,0.9140406265918934
16613,simple_time_schedule,0.25763612217795484,0.0,0.0,0.014473684210526305,0.8266666666666667,0.06733333333333333,0.28,0.7145102222222207,0.8108959131874839,0.92
16613,simple_success_driven,0.27078701645175635,0.0,0.01166889207142141,0.13344626388104652,0.7329192546583851,0.13733333333333334,0.4472049689440994,0.722400444444444,0.7550919299597568,0.6954009095549911
16613,tdc_unvalidated,0.1488776912505726,0.11005953289574111,0.0,0.032860451650260525,0.8641975308641975,0.06133333333333333,0.25308641975308643,0.7911253333333311,0.8322623472613037,0.8968532257047908
16613,tdc_evidence_validated,0.1361397223466189,0.0,0.0,0.09869365489520532,0.8616352201257862,0.054,0.31446540880503143,0.7534471111111098,0.8405224949528172,0.9126662720043535
16613,tdc_validated_with_reversal,0.15732855221873598,0.0,0.0,-0.0026486671223513447,0.8257575757575758,0.04666666666666667,0.3181818181818182,0.7597871111111102,0.8215960180064575,0.9122449811113016
16614,simple_time_schedule,0.24393414211438474,0.0,0.0,0.08712105460140551,0.851063829787234,0.059333333333333335,0.3475177304964539,0.7283671111111095,0.8141623832427841,0.92
16614,simple_success_driven,0.2686436982119494,0.0,0.018765695167407448,0.08884073672806059,0.7732558139534884,0.13466666666666666,0.3546511627906977,0.7218999999999991,0.7785706605684168,0.6959820071071829
16614,tdc_unvalidated,0.14867890729959696,0.10387243735763098,0.0,0.021365499842321056,0.8771929824561403,0.05,0.27485380116959063,0.7831995555555537,0.8328101142836959,0.8979476345787102
16614,tdc_evidence_validated,0.1303370786516854,0.0,0.0,-0.0007817385866166759,0.8397435897435898,0.06733333333333333,0.3076923076923077,0.7706208888888872,0.827895618277903,0.9131032723153186
16614,tdc_validated_with_reversal,0.139463264408271,0.0,0.0,0.012701164587494818,0.8896103896103896,0.048666666666666664,0.2857142857142857,0.7853848888888869,0.8471978871166526,0.9136536576680543
16615,simple_time_schedule,0.26955744300402323,0.0,0.0,0.10678083776903491,0.8461538461538461,0.072,0.30128205128205127,0.7279328888888875,0.8172478944026689,0.92
16615,simple_success_driven,0.25044802867383514,0.0,0.04841892160772043,0.12620868812238417,0.6986301369863014,0.12866666666666668,0.4246575342465753,0.7313462222222216,0.7549340299700048,0.7018436748782071
16615,tdc_unvalidated,0.1609798775153106,0.12205927283837457,0.0,-0.009689274974941542,0.802547770700637,0.06866666666666667,0.31210191082802546,0.7762399999999985,0.7985366167616978,0.8711915098542404
16615,tdc_evidence_validated,0.1384479717813051,0.0,0.0,0.021409494270698715,0.8758169934640523,0.05466666666666667,0.3006535947712418,0.774439111111109,0.8406393726425999,0.9122398297051013
16615,tdc_validated_with_reversal,0.14411247803163443,0.0,0.0,0.06875963020030817,0.8169934640522876,0.06,0.33986928104575165,0.7601195555555544,0.8210317664981317,0.9124329173326897
16616,simple_time_schedule,0.2631812140008861,0.0,0.0,0.10224837455958735,0.8676470588235294,0.06333333333333334,0.33088235294117646,0.7151977777777767,0.8184855483706559,0.92
16616,simple_success_driven,0.2553475935828877,0.0,0.018407036493206075,0.0960042668563047,0.7073170731707317,0.156,0.42276422764227645,0.7486346666666649,0.7505756014989325,0.7217540203875358
16616,tdc_unvalidated,0.14652501106684374,0.12119822711294513,0.0,0.01845289013809115,0.8156424581005587,0.06866666666666667,0.3463687150837989,0.7499702222222218,0.7988389058594082,0.886790616664057
16616,tdc_evidence_validated,0.1540528437080161,0.0,0.0,0.06344745695626364,0.8451612903225807,0.04533333333333334,0.3096774193548387,0.7786906666666649,0.8344994659642605,0.9132242018830705
16616,tdc_validated_with_reversal,0.14890771288452964,0.0,0.0,0.13077428900213717,0.8924050632911392,0.05466666666666667,0.25949367088607594,0.7718599999999983,0.8592109510800497,0.9142123460545744
16617,simple_time_schedule,0.25922632281013785,0.0,0.0,0.06009783368273924,0.8385093167701864,0.064,0.34782608695652173,0.7140155555555551,0.8054703040960929,0.92
16617,simple_success_driven,0.25971093044263777,0.0,0.039366818721345176,0.06013986013986006,0.7613636363636364,0.124,0.3409090909090909,0.7286902222222216,0.7791229038017448,0.6992643913481026
16617,tdc_unvalidated,0.13985094256904868,0.11319890009165903,0.0,0.006518173184839826,0.8321167883211679,0.06333333333333334,0.29927007299270075,0.7813755555555536,0.8143195588314043,0.8969045339786252
16617,tdc_evidence_validated,0.14717652289906624,0.0,0.0,0.019230769230769273,0.8311688311688312,0.048,0.33116883116883117,0.7793346666666648,0.8242972648693887,0.9123343228459482
16617,tdc_validated_with_reversal,0.13282647584973167,0.0,0.0,-0.0478395061728395,0.8896551724137931,0.044,0.2482758620689655,0.7916288888888865,0.8510298746496623,0.9141399980624312
16618,simple_time_schedule,0.2872531418312388,0.0,0.0,0.07542444821731753,0.8176795580110497,0.068,0.3149171270718232,0.7213048888888884,0.8033487226062913,0.92
16618,simple_success_driven,0.2483221476510067,0.0,0.014144130566875468,0.14329232108240697,0.7393939393939394,0.138,0.4121212121212121,0.7210706666666663,0.7667338389548456,0.6997609589723691
16618,tdc_unvalidated,0.16835164835164834,0.12383284861472524,0.0,0.12121212121212122,0.8552631578947368,0.056666666666666664,0.27631578947368424,0.7370302222222214,0.8272086551056678,0.8940799506555749
16618,tdc_evidence_validated,0.1295787545787546,0.0,0.0,0.017827829738499723,0.8796992481203008,0.06,0.2556390977443609,0.8027662222222198,0.8509086315818304,0.9135434667767327
16618,tdc_validated_with_reversal,0.12966333030027297,0.0,0.0,0.055201863354037206,0.8819875776397516,0.051333333333333335,0.2546583850931677,0.7768044444444429,0.8549606365874992,0.9136420767910796
16619,simple_time_schedule,0.2723613595706619,0.0,0.0,0.042571712817111584,0.8547486033519553,0.05466666666666667,0.2905027932960894,0.7277786666666658,0.8184887886966495,0.92
16619,simple_success_driven,0.2581075077743225,0.0,0.04638592241066719,0.05228017132779039,0.8057553956834532,0.14933333333333335,0.3669064748201439,0.7314733333333322,0.780751092114221,0.7091129281343009
16619,tdc_unvalidated,0.12314410480349346,0.10476190476190476,0.0,0.015340364333652934,0.8113207547169812,0.06866666666666667,0.2830188679245283,0.7952599999999977,0.8160129441417682,0.8774511668332596
16619,tdc_evidence_validated,0.1417676087931808,0.0,0.0,0.03542510121457487,0.8417721518987342,0.05533333333333333,0.3227848101265823,0.7769191111111096,0.8291340246101431,0.9125994806695952
16619,tdc_validated_with_reversal,0.12859712230215828,0.0,0.0,0.00889521437466645,0.8309859154929577,0.05466666666666667,0.3028169014084507,0.7852924444444424,0.8303026286035708,0.9128353805516072
16620,simple_time_schedule,0.25902808738296923,0.0,0.0,0.07477423239012637,0.8431372549019608,0.052,0.3006535947712418,0.7361555555555543,0.8190795226974636,0.92
16620,simple_success_driven,0.2523158359064843,0.0,0.01247657919734213,0.06606583072100314,0.7,0.13466666666666666,0.44,0.7154671111111104,0.7458330672085501,0.7501658118167112
16620,tdc_unvalidated,0.13719376391982183,0.10842627013630732,0.0,-0.002702702702702786,0.8562874251497006,0.064,0.31736526946107785,0.7765275555555539,0.8167698401738082,0.8906369132177557
16620,tdc_evidence_validated,0.13976116762494473,0.0,0.0,-0.008604892040474876,0.8732394366197183,0.05333333333333334,0.29577464788732394,0.773244444444443,0.8384795177827282,0.9134608558295775
16620,tdc_validated_with_reversal,0.13149711239449133,0.0,0.0,-0.03105788423153688,0.896774193548387,0.05333333333333334,0.2064516129032258,0.7782675555555543,0.8597676585441694,0.9152936468532615
16621,simple_time_schedule,0.26332288401253917,0.0,0.0,0.003401360544217691,0.8364779874213837,0.072,0.2893081761006289,0.7365319999999989,0.8100274303648007,0.92
16621,simple_success_driven,0.25734327049539674,0.0,0.02073543539246747,0.1369920402178466,0.8089171974522293,0.12533333333333332,0.3503184713375796,0.7484288888888876,0.7958979301180651,0.7190555981563661
16621,tdc_unvalidated,0.14368585452922802,0.11384615384615385,0.0,0.05192456729527262,0.8051948051948052,0.06333333333333334,0.2987012987012987,0.7701346666666659,0.8105289801018443,0.8945715480229279
16621,tdc_evidence_validated,0.13837312113174183,0.0,0.0,0.006182625237793338,0.8461538461538461,0.05733333333333333,0.27692307692307694,0.76773111111111,0.8358890534024599,0.9132624102450146
16621,tdc_validated_with_reversal,0.14240362811791382,0.0,0.0,-0.02626852267624602,0.839572192513369,0.056,0.3315508021390374,0.7952133333333317,0.8226287254009074,0.9124765114346027
16622,simple_time_schedule,0.24005305039787797,0.0,0.0,0.07013442431326711,0.8427672955974843,0.06866666666666667,0.2830188679245283,0.6951008888888887,0.8201414504952285,0.92
16622,simple_success_driven,0.25364560318161733,0.0,0.026881167535170225,0.045408206609463875,0.75,0.12733333333333333,0.3717948717948718,0.7381457777777767,0.7703516929380316,0.7287126342051085
16622,tdc_unvalidated,0.134029590948651,0.10797266514806378,0.0,0.05746532265012494,0.8702702702702703,0.06533333333333333,0.2918918918918919,0.7821586666666652,0.8300337009190888,0.8836676101018264
16622,tdc_evidence_validated,0.12709620476610767,0.0,0.0,0.13199729409775074,0.8223684210526315,0.056666666666666664,0.3157894736842105,0.7657711111111094,0.8348568084278164,0.9125460895545018
16622,tdc_validated_with_reversal,0.14285714285714285,0.0,0.0,0.07575757575757569,0.8588235294117647,0.048,0.21764705882352942,0.7812439999999985,0.8565715425311942,0.9138866312095268
16623,simple_time_schedule,0.2803980960623107,0.0,0.0,-0.007782466010314182,0.8188405797101449,0.06533333333333333,0.3333333333333333,0.7158955555555548,0.794825897289775,0.92
16623,simple_success_driven,0.25902808738296923,0.0,0.007722242624816245,0.06428163031936607,0.7323943661971831,0.128,0.38028169014084506,0.7284697777777769,0.7648613329650166,0.7120220136072819
16623,tdc_unvalidated,0.1349911190053286,0.11233885819521179,0.0,0.11553356282271943,0.8211920529801324,0.058666666666666666,0.32450331125827814,0.7960871111111089,0.8179955798481655,0.8880641376130274
16623,tdc_evidence_validated,0.14292175486205336,0.0,0.0,0.054993547312767954,0.8591549295774648,0.04733333333333333,0.2676056338028169,0.7680133333333318,0.8455658071184184,0.9137046518180998
16623,tdc_validated_with_reversal,0.14849708389412292,0.0,0.0,0.043453200550770066,0.8786127167630058,0.06266666666666666,0.2543352601156069,0.775589777777776,0.8487702939456409,0.9132398106101403
16624,simple_time_schedule,0.26344086021505375,0.0,0.0,0.038208779172634655,0.8265895953757225,0.06666666666666667,0.3179190751445087,0.7261231111111107,0.8057093090456429,0.92
16624,simple_success_driven,0.25339366515837103,0.0,0.010711433000701875,0.09940366382084165,0.7486033519553073,0.13466666666666666,0.4022346368715084,0.7302702222222218,0.7674038920381198,0.716199743278497
16624,tdc_unvalidated,0.14813167259786478,0.11473411549596221,0.0,0.03181650018497961,0.8653846153846154,0.052,0.23717948717948717,0.784492888888887,0.8360985075471373,0.8908613893931095
16624,tdc_evidence_validated,0.1403118040089087,0.0,0.0,0.06607155166471368,0.8283582089552238,0.05266666666666667,0.2537313432835821,0.7781004444444425,0.8414737510412498,0.913683796437404
16624,tdc_validated_with_reversal,0.1498457470251212,0.0,0.0,0.06777531411677762,0.8387096774193549,0.05533333333333333,0.3032258064516129,0.7740702222222209,0.8332627735207356,0.9136388459469773
16625,simple_time_schedule,0.2594086021505376,0.0,0.0,0.03748290013679889,0.845679012345679,0.06466666666666666,0.2654320987654321,0.7283888888888882,0.8206555017839426,0.92
16625,simple_success_driven,0.2616279069767442,0.0,0.020676898224064155,0.07955619478117937,0.7413793103448276,0.134,0.40229885057471265,0.7004608888888887,0.761832265540616,0.7300363022833183
16625,tdc_unvalidated,0.14775725593667546,0.1114823815309842,0.0,0.0645221830192928,0.851063829787234,0.05533333333333333,0.3049645390070922,0.780793333333331,0.8228379751543502,0.8971536488659779
16625,tdc_evidence_validated,0.14381420276909335,0.0,0.0,0.07206208425720617,0.8618421052631579,0.05533333333333333,0.28289473684210525,0.7690666666666653,0.8434613643178157,0.9134788977774229
16625,tdc_validated_with_reversal,0.1419833988641328,0.0,0.0,0.0644397785836992,0.8300653594771242,0.06066666666666667,0.2875816993464052,0.765166222222221,0.8336284690600964,0.9126418715512858
16626,simple_time_schedule,0.2813321647677476,0.0,0.0,-0.007476411322565157,0.8164556962025317,0.05533333333333333,0.31645569620253167,0.725192888888888,0.7991571080210842,0.92
16626,simple_success_driven,0.2572968118545128,0.0,0.03466766142771183,0.06693081117927746,0.7687074829931972,0.134,0.3129251700680272,0.7299386666666658,0.7852537232074995,0.7101350350480957
16626,tdc_unvalidated,0.15709312445604873,0.11434735706580366,0.0,0.06641561109209171,0.8385093167701864,0.05533333333333333,0.2484472049689441,0.7830764444444426,0.8285899921905032,0.8955134128804905
16626,tdc_evidence_validated,0.1450685537372844,0.0,0.0,0.014662981728849944,0.8484848484848485,0.05533333333333333,0.28484848484848485,0.7571662222222209,0.8346603929342801,0.9120085778177586
16626,tdc_validated_with_reversal,0.1327708703374778,0.0,0.0,0.006101146721552486,0.8786127167630058,0.05533333333333333,0.2543352601156069,0.7683591111111097,0.8488679062039004,0.9137151144555808
16627,simple_time_schedule,0.2632978723404255,0.0,0.0,0.12585403726708067,0.864516129032258,0.058,0.24516129032258063,0.7196671111111106,0.8360681440078287,0.92
16627,simple_success_driven,0.2636001769128704,0.0,0.05283901275555403,0.09696244201705817,0.783625730994152,0.13133333333333333,0.3333333333333333,0.7313657777777766,0.787164443809937,0.7089514784345671
16627,tdc_unvalidated,0.13410818059901655,0.10793018983466013,0.0,-0.031737493275954765,0.7763157894736842,0.07533333333333334,0.3026315789473684,0.786451111111109,0.796981048848171,0.8928919816926155
16627,tdc_evidence_validated,0.12769704975781593,0.0,0.0,0.0994531784005468,0.8218390804597702,0.05,0.3505747126436782,0.7744746666666652,0.8271955850070989,0.9109901504676177
16627,tdc_validated_with_reversal,0.14420910319963948,0.0,0.0,0.009408142319534796,0.867816091954023,0.056666666666666664,0.27586206896551724,0.7780226666666651,0.8412383065927856,0.9132212503667103
16628,simple_time_schedule,0.27264808362369336,0.0,0.0,0.04936934641355584,0.8323353293413174,0.056666666666666664,0.31736526946107785,0.7037457777777774,0.8074967109891339,0.92
16628,simple_success_driven,0.26784140969162995,0.0,0.03307843921594855,0.18434815804542848,0.7953216374269005,0.13733333333333334,0.34502923976608185,0.7353942222222211,0.793464420666923,0.7388952898398232
16628,tdc_unvalidated,0.14298480786416443,0.11528437835351832,0.0,0.026515151515151603,0.8411764705882353,0.054,0.29411764705882354,0.7684226666666654,0.8193072967550618,0.8893818674524842
16628,tdc_evidence_validated,0.12650334075723832,0.0,0.0,0.02819548872180444,0.8407643312101911,0.05533333333333333,0.2484076433121019,0.7754813333333317,0.8437811550859984,0.9142589196309219
16628,tdc_validated_with_reversal,0.13793103448275862,0.0,0.0,0.10344205513061044,0.8536585365853658,0.054,0.29878048780487804,0.7593537777777769,0.8417967316695836,0.9130592548217007
16629,simple_time_schedule,0.27718360071301246,0.0,0.0,0.07470862470862472,0.84375,0.06333333333333334,0.34375,0.6961199999999999,0.805507452543535,0.92
16629,simple_success_driven,0.2695259593679458,0.0,0.00212369131655632,0.09202586206896557,0.7272727272727273,0.14266666666666666,0.3806818181818182,0.7109359999999999,0.7612619352600654,0.7599620668566982
16629,tdc_unvalidated,0.16770186335403728,0.117629179331307,0.0,-0.01631631631631625,0.8472222222222222,0.058666666666666666,0.3055555555555556,0.7671239999999986,0.8107325589720392,0.8942976871647556
16629,tdc_evidence_validated,0.13300927971718957,0.0,0.0,0.10126302773361595,0.8787878787878788,0.05533333333333333,0.2727272727272727,0.776032444444443,0.853485889320909,0.9136267354815549
16629,tdc_validated_with_reversal,0.1285140562248996,0.0,0.0,0.10664385514684915,0.8417721518987342,0.04733333333333333,0.26582278481012656,0.784152888888887,0.8485095379523576,0.9138087226944891
16630,simple_time_schedule,0.26513098464317975,0.0,0.0,0.052086897023605916,0.8503401360544217,0.06333333333333334,0.272108843537415,0.7152991111111106,0.8206292858392809,0.92
16630,simple_success_driven,0.25654682645361737,0.0,0.02160572023289431,0.05701030117166006,0.759493670886076,0.12533333333333332,0.33544303797468356,0.7435271111111099,0.7802307536785527,0.6974380542202233
16630,tdc_unvalidated,0.15432098765432098,0.12416004886988394,0.0,0.06366465904038154,0.852760736196319,0.06666666666666667,0.294478527607362,0.7691382222222204,0.820344332527253,0.8726006985466075
16630,tdc_evidence_validated,0.14344449520328917,0.0,0.0,-0.015015285020679836,0.8611111111111112,0.052,0.26666666666666666,0.7744715555555535,0.840042076758774,0.9133615520958768
16630,tdc_validated_with_reversal,0.14497307001795331,0.0,0.0,0.10663914688682496,0.8181818181818182,0.051333333333333335,0.2987012987012987,0.7717728888888873,0.8334898867680574,0.9136276064910392
16631,simple_time_schedule,0.2633908809207614,0.0,0.0,0.048864468864468935,0.7727272727272727,0.052,0.38636363636363635,0.6973902222222222,0.7825191339782307,0.92
16631,simple_success_driven,0.27184466019417475,0.0,0.026859608713810434,0.09238616264242527,0.8275862068965517,0.14533333333333334,0.3448275862068966,0.7371471111111103,0.7921169158332516,0.7106311020886346
16631,tdc_unvalidated,0.14686248331108145,0.11097560975609756,0.0,0.07611822085122344,0.8282208588957055,0.056,0.3067484662576687,0.7785435555555547,0.817951661264626,0.8830087333076899
16631,tdc_evidence_validated,0.12444046553267682,0.0,0.0,-0.05168104490848979,0.8783783783783784,0.056666666666666664,0.31756756756756754,0.7784506666666653,0.8341638598813946,0.9126323688581606
16631,tdc_validated_with_reversal,0.1359090909090909,0.0,0.0,0.037717121588089375,0.8265895953757225,0.05333333333333334,0.3352601156069364,0.7684662222222209,0.8242300946362549,0.9130394056651278
16632,simple_time_schedule,0.26598579040852577,0.0,0.0,0.05402092186989216,0.8376623376623377,0.058,0.33116883116883117,0.7237115555555553,0.8081806967431914,0.92
16632,simple_success_driven,0.2657497781721384,0.0,0.023586303957958465,0.11618357487922704,0.7352941176470589,0.13733333333333334,0.3764705882352941,0.7284995555555546,0.7679622482880688,0.7108864244081543
16632,tdc_unvalidated,0.14558689717925385,0.11304479418886199,0.0,0.125,0.7919463087248322,0.06933333333333333,0.35570469798657717,0.774166666666665,0.8019660608819501,0.8821822178045357
16632,tdc_evidence_validated,0.14743875278396437,0.0,0.0,0.0391500130251945,0.7816091954022989,0.04933333333333333,0.3620689655172414,0.7445431111111103,0.8067927598668199,0.9113053993570661
16632,tdc_validated_with_reversal,0.14634146341463414,0.0,0.0,-0.0014742014742015197,0.8214285714285714,0.050666666666666665,0.3357142857142857,0.7676128888888872,0.8187063936071896,0.9114557561341713
16633,simple_time_schedule,0.2688219663418955,0.0,0.0,0.03127119793786459,0.8513513513513513,0.054,0.28378378378378377,0.722193777777777,0.8183576149015181,0.92
16633,simple_success_driven,0.2595385980479148,0.0,0.04316014915080546,0.13713405238828968,0.7317073170731707,0.124,0.35365853658536583,0.7632551111111096,0.7772767444209946,0.700663721994788
16633,tdc_unvalidated,0.14525646845211077,0.11381132075471698,0.0,0.038865137971239805,0.8152866242038217,0.058666666666666666,0.29936305732484075,0.771804888888887,0.8123849153431724,0.8837243948632678
16633,tdc_evidence_validated,0.14041994750656167,0.0,0.0,-0.01944806605823557,0.8764044943820225,0.046,0.25842696629213485,0.7746048888888876,0.8462297823390791,0.9139306021166622
16633,tdc_validated_with_reversal,0.13742166517457474,0.0,0.0,0.003584072730451582,0.8266666666666667,0.06266666666666666,0.25333333333333335,0.7914737777777763,0.8354799771384401,0.9143836343528208
16634,simple_time_schedule,0.25875055383252105,0.0,0.0,0.07448275862068965,0.7935483870967742,0.06733333333333333,0.38064516129032255,0.7070982222222207,0.7891796225796255,0.92
16634,simple_success_driven,0.2664059104737071,0.0,0.007243308235782342,0.08331996792301521,0.7430555555555556,0.16,0.3819444444444444,0.7254471111111098,0.7623699877453001,0.7134398574497605
16634,tdc_unvalidated,0.14581458145814583,0.11462931953113108,0.0,0.10784867306606438,0.8580645161290322,0.06133333333333333,0.25806451612903225,0.7852066666666649,0.8355371383984842,0.87491282623306
16634,tdc_evidence_validated,0.14568661971830985,0.0,0.0,0.06732418524871353,0.8503401360544217,0.05266666666666667,0.2789115646258503,0.7983342222222204,0.842374061301964,0.913296634699083
16634,tdc_validated_with_reversal,0.12898876404494383,0.0,0.0,0.010695187165775444,0.8666666666666667,0.064,0.23636363636363636,0.7732079999999979,0.8489400534615154,0.9143095996805782
16635,simple_time_schedule,0.26356925749023014,0.0,0.0,0.05049140049140044,0.8650306748466258,0.06533333333333333,0.26993865030674846,0.7353248888888878,0.8251176831208774,0.92
16635,simple_success_driven,0.2573231185218567,0.0,0.038959474644223335,0.06228554054641011,0.7402597402597403,0.13333333333333333,0.37662337662337664,0.7237133333333325,0.7664429365207828,0.7336067693849722
16635,tdc_unvalidated,0.14030384271671134,0.1072987208427389,0.0,0.016150796997554173,0.8313253012048193,0.07066666666666667,0.3072289156626506,0.7900395555555538,0.8132854623037711,0.8857054472116748
16635,tdc_evidence_validated,0.13996399639963997,0.0,0.0,-0.0052064723597570195,0.8888888888888888,0.04933333333333333,0.25,0.7969208888888869,0.8523053582708253,0.9136813698081474
16635,tdc_validated_with_reversal,0.13454706927175844,0.0,0.0,0.003024193548387011,0.8115942028985508,0.05533333333333333,0.3333333333333333,0.7808231111111091,0.8185675455925882,0.9129148557846063
16636,simple_time_schedule,0.26815398075240593,0.0,0.0,0.13532824427480916,0.8445945945945946,0.06733333333333333,0.2905405405405405,0.7311111111111095,0.8221612187531644,0.92
16636,simple_success_driven,0.2503317116320212,0.0,0.022232741579427895,0.14819774174869726,0.7421383647798742,0.124,0.4025157232704403,0.7279955555555553,0.7717495792921256,0.7198467042495587
16636,tdc_unvalidated,0.15186500888099466,0.11824839792493134,0.0,-0.03190827827438791,0.8395061728395061,0.059333333333333335,0.2777777777777778,0.7622662222222204,0.8144752257807549,0.8848000572367491
16636,tdc_evidence_validated,0.14749000444247,0.0,0.0,0.13710424710424707,0.8742138364779874,0.051333333333333335,0.2389937106918239,0.7704586666666658,0.859717205309916,0.9148187109068042
16636,tdc_validated_with_reversal,0.13650651100134711,0.0,0.0,0.048913043478260865,0.891566265060241,0.050666666666666665,0.25903614457831325,0.7727199999999984,0.8549536628617669,0.9139112836314249
16637,simple_time_schedule,0.2666068222621185,0.0,0.0,0.13806128512010862,0.8433734939759037,0.06533333333333333,0.3072289156626506,0.7090768888888883,0.818738123650074,0.92
16637,simple_success_driven,0.26552655265526554,0.0,0.0410266705082748,0.1424876293297347,0.8145695364238411,0.14333333333333334,0.31125827814569534,0.745456444444443,0.8005804160945826,0.7083406380324848
16637,tdc_unvalidated,0.13392461197339245,0.11265455655625095,0.0,0.0724456266624941,0.875,0.06,0.2638888888888889,0.784908444444443,0.8378239954477523,0.8815957635909748
16637,tdc_evidence_validated,0.12571934484285083,0.0,0.0,0.11021505376344087,0.8284023668639053,0.050666666666666665,0.28402366863905326,0.7909742222222207,0.842441105937606,0.9136837219720382
16637,tdc_validated_with_reversal,0.1351111111111111,0.0,0.0,0.11476608187134507,0.9025974025974026,0.054,0.2792207792207792,0.7838164444444423,0.8593420251355661,0.9139425335432445
16638,simple_time_schedule,0.26065500224315835,0.0,0.0,0.06188527814934308,0.872093023255814,0.06866666666666667,0.29069767441860467,0.7137808888888884,0.8230004350128407,0.92
16638,simple_success_driven,0.26519823788546254,0.0,0.01966565860335112,0.10057995028997513,0.7547169811320755,0.12933333333333333,0.36477987421383645,0.7224182222222214,0.7745937363879963,0.72826662417283
16638,tdc_unvalidated,0.14253996447602132,0.11222136817832437,0.0,0.07528011204481799,0.8333333333333334,0.056,0.3269230769230769,0.7700573333333317,0.8155963892427229,0.8966505347560239
16638,tdc_evidence_validated,0.1435533894550288,0.0,0.0,0.03563877982482633,0.8021390374331551,0.05333333333333334,0.32085561497326204,0.7782368888888871,0.8201091283732742,0.9130973878079572
16638,tdc_validated_with_reversal,0.1372113676731794,0.0,0.0,-0.028414872798434465,0.8368794326241135,0.04933333333333333,0.3191489361702128,0.7760546666666651,0.8250703273543623,0.9121952347972151
16639,simple_time_schedule,0.2653333333333333,0.0,0.0,0.1253210066769389,0.8614457831325302,0.07466666666666667,0.25903614457831325,0.7315199999999985,0.8303136291285326,0.92
16639,simple_success_driven,0.261317794710892,0.0,0.03906708456102481,0.09457461748835838,0.7470588235294118,0.126,0.37058823529411766,0.7339435555555541,0.7727674556558836,0.7215405719834919
16639,tdc_unvalidated,0.14620141342756185,0.11088987593812222,0.0,-0.01748929456840209,0.8775510204081632,0.06,0.29931972789115646,0.7761817777777762,0.8230078384307566,0.8893915996078003
16639,tdc_evidence_validated,0.13622291021671826,0.0,0.0,0.03380281690140852,0.8607594936708861,0.04666666666666667,0.3037974683544304,0.7918835555555533,0.8397404276545429,0.9132377460848597
16639,tdc_validated_with_reversal,0.13675601999091322,0.0,0.0,0.058112822258146846,0.861271676300578,0.052,0.30057803468208094,0.7669102222222212,0.8404607479401769,0.913265741856266
16640,simple_time_schedule,0.27088830255057167,0.0,0.0,0.1652595372107567,0.8295454545454546,0.05533333333333333,0.3181818181818182,0.6974133333333327,0.8161577824379623,0.92
16640,simple_success_driven,0.2637900355871886,0.0,0.0,0.13883065455392507,0.7712418300653595,0.13,0.33986928104575165,0.7321653333333328,0.7865840293428918,0.7449942102256885
16640,tdc_unvalidated,0.13664596273291926,0.106318347509113,0.0,-0.008638743455497422,0.8355263157894737,0.05466666666666667,0.29605263157894735,0.7819702222222208,0.8171892483673433,0.8941350806591566
16640,tdc_evidence_validated,0.1403907314856883,0.0,0.0,-0.04066811909949164,0.8623188405797102,0.04733333333333333,0.26811594202898553,0.7908644444444425,0.8398487446824017,0.914181630237511
16640,tdc_validated_with_reversal,0.13268032056990206,0.0,0.0,-0.025729646697388642,0.8598726114649682,0.059333333333333335,0.24203821656050956,0.7981493333333313,0.8446015711551232,0.9146230771486525
16641,simple_time_schedule,0.2694207453973956,0.0,0.0,0.10225949219659913,0.7616279069767442,0.068,0.36046511627906974,0.7119519999999993,0.7859669117642787,0.92
16641,simple_success_driven,0.2654049295774648,0.0,0.03443673217682652,0.09631760644418874,0.726027397260274,0.15533333333333332,0.3972602739726027,0.7211586666666658,0.7572814577354205,0.7083882356627239
16641,tdc_unvalidated,0.15306572562858403,0.1190909090909091,0.0,0.07820048309178751,0.861271676300578,0.059333333333333335,0.2947976878612717,0.7839288888888871,0.826041368687764,0.8704741142674394
16641,tdc_evidence_validated,0.1374113475177305,0.0,0.0,0.04079173838209982,0.8910256410256411,0.05333333333333334,0.2692307692307692,0.7716186666666653,0.8517417791360344,0.9141713153813349
16641,tdc_validated_with_reversal,0.13312555654496883,0.0,0.0,0.10118254497002,0.8278145695364238,0.048666666666666664,0.33774834437086093,0.7883951111111094,0.8310869581610705,0.9133848905608057
16642,simple_time_schedule,0.2619793999104344,0.0,0.0,0.07291021671826625,0.8170731707317073,0.06333333333333334,0.2926829268292683,0.7333595555555543,0.8117713843852308,0.92
16642,simple_success_driven,0.26320501342882724,0.0,0.0009433608804136906,0.18069584736251398,0.7189542483660131,0.16,0.39869281045751637,0.7087373333333324,0.7611407729677888,0.717881647455293
16642,tdc_unvalidated,0.15700267618198038,0.11896813353566009,0.0,0.06106716176945437,0.8109452736318408,0.05,0.3383084577114428,0.7735657777777766,0.8053027966464931,0.8943025543217282
16642,tdc_evidence_validated,0.12562132851333033,0.0,0.0,0.017164481686714472,0.8775510204081632,0.044,0.272108843537415,0.8111324444444419,0.850824123382073,0.9148957108263592
16642,tdc_validated_with_reversal,0.15151515151515152,0.0,0.0,0.10287081339712911,0.8741258741258742,0.05533333333333333,0.2097902097902098,0.7805231111111088,0.8614131069987322,0.9147294277781414
16643,simple_time_schedule,0.24305249228054698,0.0,0.0,0.08179539758487131,0.85,0.059333333333333335,0.33125,0.7289604444444432,0.8165563673319575,0.92
16643,simple_success_driven,0.25389755011135856,0.0,0.025998174651259198,0.16310824230387289,0.7967032967032966,0.13866666666666666,0.29120879120879123,0.7261462222222215,0.8031533933821506,0.7352295017712892
16643,tdc_unvalidated,0.13479623824451412,0.10835726159891189,0.0,0.024670433145009385,0.8113207547169812,0.064,0.2578616352201258,0.7863253333333321,0.8196141900312855,0.8953939441817886
16643,tdc_evidence_validated,0.13249348392701998,0.0,0.0,0.00882922109337203,0.85,0.05466666666666667,0.2875,0.771065777777776,0.8365032143821313,0.9130474300095863
16643,tdc_validated_with_reversal,0.13946188340807175,0.0,0.0,-0.023345864661654225,0.8343558282208589,0.06133333333333333,0.3128834355828221,0.7736119999999982,0.8236651941847024,0.9120205695257435
16644,simple_time_schedule,0.24806554392353208,0.0,0.0,0.05223665223665219,0.8378378378378378,0.056666666666666664,0.2972972972972973,0.7288093333333323,0.8171030302638718,0.92
16644,simple_success_driven,0.26765475152571927,0.0,0.011617264125321602,0.17493807501769287,0.7834394904458599,0.12933333333333333,0.3503184713375796,0.7287017777777771,0.7899462714318346,0.7388939386873268
16644,tdc_unvalidated,0.17034700315457413,0.11870773854244929,0.0,0.04949494949494948,0.8197674418604651,0.050666666666666665,0.3023255813953488,0.7812119999999985,0.8113334816215438,0.902344647998149
16644,tdc_evidence_validated,0.1407702523240372,0.0,0.0,0.007818317200297908,0.7878787878787878,0.04933333333333333,0.3151515151515151,0.7788173333333309,0.8165406264142949,0.9127981556416696
16644,tdc_validated_with_reversal,0.1407146007940009,0.0,0.0,-0.05105941005400916,0.8471337579617835,0.06266666666666666,0.25477707006369427,0.7575893333333319,0.8339443390505488,0.9142164078902832
16645,simple_time_schedule,0.26490066225165565,0.0,0.0,0.023223554680508407,0.7916666666666666,0.06733333333333333,0.3333333333333333,0.7350551111111101,0.7934006627703201,0.92
16645,simple_success_driven,0.25557986870897154,0.0,0.04620634903109011,0.14810553765915024,0.7575757575757576,0.13733333333333334,0.3393939393939394,0.7336471111111106,0.78416708523186,0.6869470313498645
16645,tdc_unvalidated,0.14456762749445676,0.10746178295746935,0.0,0.10337460932863873,0.8268156424581006,0.05333333333333334,0.30726256983240224,0.7919293333333313,0.8214074185622824,0.8952638176704609
16645,tdc_evidence_validated,0.14563106796116504,0.0,0.0,-0.012842820449084469,0.788235294117647,0.046,0.32941176470588235,0.7572826666666655,0.8113978844573532,0.9131628054793474
16645,tdc_validated_with_reversal,0.13522975929978118,0.0,0.0,0.08385265198725944,0.8427672955974843,0.052,0.3270440251572327,0.763410222222221,0.8333886811609947,0.912893199408237
16646,simple_time_schedule,0.26576576576576577,0.0,0.0,0.10631217347742072,0.83125,0.07133333333333333,0.30625,0.726590222222221,0.813323042226542,0.92
16646,simple_success_driven,0.24646643109540636,0.0,0.028034799200601146,0.11693017127799743,0.7124183006535948,0.12933333333333333,0.40522875816993464,0.7249999999999994,0.761194995701824,0.6986922035395396
16646,tdc_unvalidated,0.15017513134851138,0.11796651078594056,0.0,0.1071981424148607,0.819672131147541,0.07066666666666667,0.33879781420765026,0.7621808888888876,0.808313625517006,0.8720931694272385
16646,tdc_evidence_validated,0.13353765323992994,0.0,0.0,0.05227176220806795,0.8903225806451613,0.052,0.21935483870967742,0.7897671111111086,0.8629507023545964,0.9145252973446796
16646,tdc_validated_with_reversal,0.13117621337997376,0.0,0.0,0.0366710378418883,0.8333333333333334,0.06066666666666667,0.31547619047619047,0.7679577777777761,0.8287949433128848,0.9120356547755495
16647,simple_time_schedule,0.26648721399730824,0.0,0.0,-0.02911564625850338,0.8863636363636364,0.06866666666666667,0.25757575757575757,0.7306813333333326,0.8249667613699996,0.92
16647,simple_success_driven,0.26006191950464397,0.0,0.01514725474892642,0.11347818406641941,0.7764705882352941,0.14333333333333334,0.3235294117647059,0.7189244444444438,0.7866108774979315,0.7248591016373535
16647,tdc_unvalidated,0.14846188140882746,0.10865252556081184,0.0,0.01015100671140945,0.8493150684931506,0.056,0.2876712328767123,0.7985422222222196,0.8220255974818161,0.9036590572196068
16647,tdc_evidence_validated,0.1307218309859155,0.0,0.0,0.05402236652236647,0.93125,0.048666666666666664,0.16875,0.7994653333333313,0.8833376796504278,0.9161032379070244
16647,tdc_validated_with_reversal,0.14006366530241018,0.0,0.0,0.020450221940393143,0.8831168831168831,0.059333333333333335,0.2597402597402597,0.7612151111111092,0.8481771809188101,0.9135987380368077
16648,simple_time_schedule,0.265828468792097,0.0,0.0,0.10383056176056926,0.8323353293413174,0.06066666666666667,0.31736526946107785,0.6802959999999997,0.8112303631822074,0.92
16648,simple_success_driven,0.2554420257663261,0.0,0.010184088554986315,0.031125021735350367,0.7560975609756098,0.13933333333333334,0.3719512195121951,0.7500839999999983,0.7689503399201602,0.7213910519904235
16648,tdc_unvalidated,0.16017699115044248,0.11710747592111298,0.0,-0.020073402741367707,0.8169934640522876,0.06,0.3333333333333333,0.7806119999999981,0.7996193632816441,0.8876476956850692
16648,tdc_evidence_validated,0.13584070796460176,0.0,0.0,0.08335003005409736,0.8733333333333333,0.056,0.29333333333333333,0.7640204444444434,0.8460511210670613,0.9134636701815768
16648,tdc_validated_with_reversal,0.12791741472172352,0.0,0.0,0.03533132762477831,0.8469945355191257,0.05266666666666667,0.2786885245901639,0.7821653333333315,0.8408927689139684,0.9140270985090393
16649,simple_time_schedule,0.26380910296067167,0.0,0.0,0.1468049726819225,0.8297872340425532,0.05466666666666667,0.24822695035460993,0.7277368888888879,0.8296420173953316,0.92
16649,simple_success_driven,0.2664024658740643,0.0,0.032141975744145235,0.09725353556056571,0.7559523809523809,0.136,0.3630952380952381,0.7469315555555547,0.774672628416127,0.7491540753305629
16649,tdc_unvalidated,0.15740329035126724,0.1183476556610885,0.0,0.07511776230772438,0.896774193548387,0.06333333333333334,0.2129032258064516,0.7864271111111092,0.8479982185736725,0.8845721650525674
16649,tdc_evidence_validated,0.1308411214953271,0.0,0.0,-0.026186579378068786,0.844311377245509,0.051333333333333335,0.281437125748503,0.7755084444444428,0.8343703689890447,0.9128669654678714
16649,tdc_validated_with_reversal,0.13658536585365855,0.0,0.0,0.001831501831501825,0.8092485549132948,0.04666666666666667,0.28901734104046245,0.7648146666666653,0.8263470207189154,0.9129226052769517
16650,simple_time_schedule,0.2530228392297358,0.0,0.0,-0.026325397984518828,0.8193548387096774,0.06866666666666667,0.3161290322580645,0.7206933333333322,0.800053772819613,0.92
16650,simple_success_driven,0.26487695749440715,0.0,0.010387136737517011,0.03119763823505939,0.8253968253968254,0.14,0.30158730158730157,0.7407906666666657,0.7964541874857781,0.7204737102449309
16650,tdc_unvalidated,0.1506849315068493,0.11126126126126126,0.0,0.06880656204453794,0.8520710059171598,0.054,0.31952662721893493,0.7755742222222207,0.8204225006108516,0.880778751508636
16650,tdc_evidence_validated,0.13245033112582782,0.0,0.0,0.0828665250144871,0.803680981595092,0.05466666666666667,0.34355828220858897,0.7749422222222205,0.8213802426510413,0.9118917903984136
16650,tdc_validated_with_reversal,0.14311190370040125,0.0,0.0,0.05558176100628931,0.8488372093023255,0.054,0.26744186046511625,0.7874386666666641,0.8428498163779506,0.9134300543390658
16651,simple_time_schedule,0.24337674000898069,0.0,0.0,0.14792899408284033,0.8362573099415205,0.06133333333333333,0.30409356725146197,0.7061679999999998,0.8221598748727383,0.92
16651,simple_success_driven,0.2696035242290749,0.0,0.024642962232371945,0.0917960971724413,0.7122302158273381,0.146,0.39568345323741005,0.7285813333333322,0.7550946779308855,0.7270687069396174
16651,tdc_unvalidated,0.14979937583593403,0.11239193083573487,0.0,0.029087351005159134,0.8758169934640523,0.06,0.24183006535947713,0.7930791111111093,0.8366578748742047,0.8770611738078182
16651,tdc_evidence_validated,0.1468131868131868,0.0,0.0,0.07789796577332897,0.8560606060606061,0.064,0.29545454545454547,0.7780115555555537,0.8388311806029696,0.9131541603236621
16651,tdc_validated_with_reversal,0.12278368794326242,0.0,0.0,0.043589743589743546,0.875,0.05,0.25,0.7780751111111094,0.8544204676195671,0.9146257100847381
16652,simple_time_schedule,0.26887003126395714,0.0,0.0,0.0651631306828312,0.8010752688172043,0.06266666666666666,0.3010752688172043,0.7023751111111105,0.8037040999844826,0.92
16652,simple_success_driven,0.25266429840142096,0.0,0.034592485326861655,0.10798946444249335,0.8255813953488372,0.15466666666666667,0.3546511627906977,0.7344644444444439,0.792200392071707,0.7214764693937084
16652,tdc_unvalidated,0.17304270462633453,0.128569247213315,0.0,0.07839687194525913,0.838150289017341,0.06533333333333333,0.30057803468208094,0.7614862222222211,0.8136756001192789,0.8707729410688301
16652,tdc_evidence_validated,0.13796133567662566,0.0,0.0,0.00862739551658298,0.8651685393258427,0.05333333333333334,0.2808988764044944,0.7807426666666646,0.8411506296653255,0.91304918489168
16652,tdc_validated_with_reversal,0.1324823943661972,0.0,0.0,0.0888888888888888,0.7294117647058823,0.05533333333333333,0.3764705882352941,0.7578817777777764,0.79731963132468,0.9107379793045034
16653,simple_time_schedule,0.27864467231386536,0.0,0.0,0.08933117333950469,0.8333333333333334,0.058666666666666666,0.3269230769230769,0.7165591111111106,0.8085657836748431,0.92
16653,simple_success_driven,0.259391771019678,0.0,0.006107625681253892,0.21916842847075402,0.7636363636363637,0.12266666666666666,0.3515151515151515,0.7541977777777762,0.7917598707793498,0.7142731056608469
16653,tdc_unvalidated,0.1561938958707361,0.12046730389925656,0.0,0.05101418331554064,0.8653846153846154,0.06733333333333333,0.3141025641025641,0.7683279999999991,0.8188715455959422,0.8825573211244544
16653,tdc_evidence_validated,0.13508612873980055,0.0,0.0,0.016815666240953653,0.8289473684210527,0.05533333333333333,0.3026315789473684,0.7680244444444433,0.828774523930675,0.9123638714435136
16653,tdc_validated_with_reversal,0.15041905602117336,0.0,0.0,0.046407870652837135,0.8300653594771242,0.048666666666666664,0.3202614379084967,0.7798724444444428,0.8276308203713543,0.9128149992683934
16654,simple_time_schedule,0.26534296028880866,0.0,0.0,0.05678415895481759,0.782608695652174,0.056666666666666664,0.32919254658385094,0.7170186666666662,0.7955802268473807,0.92
16654,simple_success_driven,0.26146993318485523,0.0,0.021999103095864947,0.20715679895901107,0.8136645962732919,0.138,0.3416149068322981,0.7374773333333321,0.8011746664799508,0.7315916991242347
16654,tdc_unvalidated,0.15436241610738255,0.10816607936264747,0.0,0.020492315381731796,0.8461538461538461,0.056666666666666664,0.27564102564102566,0.7892906666666647,0.8230152159135258,0.8903526464606935
16654,tdc_evidence_validated,0.15256525652565256,0.0,0.0,0.070907499270499,0.8047337278106509,0.05533333333333333,0.33136094674556216,0.7732613333333318,0.8198817082884036,0.9115669206804906
16654,tdc_validated_with_reversal,0.14021641118124437,0.0,0.0,0.04538852578068264,0.875,0.05266666666666667,0.2361111111111111,0.781929777777776,0.8543513089415247,0.9144885452233642
16655,simple_time_schedule,0.2516763522574877,0.0,0.0,0.16285867046872216,0.8850574712643678,0.05466666666666667,0.25862068965517243,0.7260773333333325,0.8439524999536334,0.92
16655,simple_success_driven,0.2523364485981308,0.0,0.015136393183531438,0.08580426356589155,0.7295597484276729,0.14066666666666666,0.389937106918239,0.7380391111111093,0.7634577964366692,0.6932590356074171
16655,tdc_unvalidated,0.13766816143497757,0.10550670985654789,0.0,0.014717741935483919,0.8580645161290322,0.058666666666666666,0.25806451612903225,0.7915786666666647,0.831003422538898,0.8773078820709579
16655,tdc_evidence_validated,0.12589928057553956,0.0,0.0,0.09249882794186592,0.8409090909090909,0.048,0.26704545454545453,0.7940639999999973,0.8476065669547737,0.9134679292064326
16655,tdc_validated_with_reversal,0.14323843416370108,0.0,0.0,0.053594771241829986,0.8164556962025317,0.05266666666666667,0.3291139240506329,0.7686759999999982,0.8232634350092553,0.9120247480406314
16656,simple_time_schedule,0.2503358710255262,0.0,0.0,0.08685548293391432,0.8647058823529412,0.06933333333333333,0.31176470588235294,0.7125991111111109,0.8207238125081329,0.92
16656,simple_success_driven,0.2514672686230248,0.0,0.017668502634044847,0.16798780487804876,0.770949720670391,0.13533333333333333,0.3128491620111732,0.7432888888888876,0.7950269128041254,0.7286205802570995
16656,tdc_unvalidated,0.15377738042020564,0.11733827389223406,0.0,0.07554600787683496,0.8263888888888888,0.06333333333333334,0.3402777777777778,0.8041182222222201,0.8095489833931387,0.8597696665343822
16656,tdc_evidence_validated,0.13890129522108083,0.0,0.0,0.0161904761904762,0.8674033149171271,0.05266666666666667,0.26519337016574585,0.7739982222222205,0.8448243079367851,0.9143879155291166
16656,tdc_validated_with_reversal,0.14164810690423163,0.0,0.0,0.03701809598741146,0.8509316770186336,0.052,0.2981366459627329,0.7634395555555538,0.8359073011458028,0.9127281161189712
16657,simple_time_schedule,0.26811594202898553,0.0,0.0,0.03926866046745414,0.8910256410256411,0.07,0.2564102564102564,0.74489511111111,0.8318933730900905,0.92
16657,simple_success_driven,0.2680272108843537,0.0,0.04550633482399169,0.10321880650994575,0.6645569620253164,0.13533333333333333,0.4177215189873418,0.7101866666666667,0.741791625798674,0.7007147691913033
16657,tdc_unvalidated,0.13871543264942016,0.10444307312557853,0.0,0.08114741524773739,0.8657718120805369,0.05533333333333333,0.2684563758389262,0.7782706666666651,0.8362790444554862,0.900046187942724
16657,tdc_evidence_validated,0.14438027543314083,0.0,0.0,0.018089948314433446,0.8780487804878049,0.05733333333333333,0.24390243902439024,0.7808488888888864,0.85012384781942,0.9134939826755173
16657,tdc_validated_with_reversal,0.12852800694745983,0.0,0.0,0.035565904214034716,0.8345864661654135,0.06666666666666667,0.3458646616541353,0.7703524444444428,0.8230438952575443,0.9124164783343942
16658,simple_time_schedule,0.2626172398392139,0.0,0.0,0.07093167701863357,0.8289473684210527,0.06266666666666666,0.2894736842105263,0.7183511111111102,0.8144576036249364,0.92
16658,simple_success_driven,0.2687224669603524,0.0,0.0369612979410342,0.1515151515151516,0.754601226993865,0.13533333333333333,0.3803680981595092,0.7365786666666657,0.774947916889912,0.7345826816414045
16658,tdc_unvalidated,0.14195867026055706,0.11532625189681335,0.0,0.08583959899749372,0.879746835443038,0.059333333333333335,0.24050632911392406,0.7994195555555529,0.8434853540104156,0.8934532671538922
16658,tdc_evidence_validated,0.1349801499779444,0.0,0.0,-0.00022390398996907646,0.837037037037037,0.046,0.31851851851851853,0.7896453333333311,0.828866235572779,0.91258198912722
16658,tdc_validated_with_reversal,0.13969258589511754,0.0,0.0,0.041974746900238835,0.834319526627219,0.042666666666666665,0.3136094674556213,0.7304395555555552,0.829978915530779,0.9107664415407195
16659,simple_time_schedule,0.2716864817261119,0.0,0.0,0.04404924760601914,0.808641975308642,0.05466666666666667,0.3271604938271605,0.6913137777777775,0.7995789019964555,0.92
16659,simple_success_driven,0.25742135578201153,0.0,0.0,0.05988023952095811,0.7664670658682635,0.13733333333333334,0.3652694610778443,0.7028546666666665,0.7730958754998997,0.683817923654158
16659,tdc_unvalidated,0.15278396436525613,0.11477168250076616,0.0,0.08706952566601689,0.810126582278481,0.06866666666666667,0.35443037974683544,0.7724222222222201,0.8023463387566807,0.8830387452261973
16659,tdc_evidence_validated,0.13041536400178652,0.0,0.0,-0.031598954621050224,0.8137931034482758,0.05333333333333334,0.3310344827586207,0.7754897777777756,0.817424328378878,0.9129392709572026
16659,tdc_validated_with_reversal,0.1341895482728078,0.0,0.0,0.05257270693512306,0.8876404494382022,0.05466666666666667,0.2640449438202247,0.7834622222222205,0.8535167199963669,0.9143803505612034
16660,simple_time_schedule,0.2550245645377401,0.0,0.0,0.09848484848484851,0.87248322147651,0.05733333333333333,0.28187919463087246,0.7159413333333325,0.8302973869643095,0.92
16660,simple_success_driven,0.25787838437638705,0.0,0.004279507612211519,0.10637408568443052,0.7549668874172185,0.14,0.32450331125827814,0.7162822222222214,0.7814396988845914,0.7310713589353954
16660,tdc_unvalidated,0.15637319316688567,0.11896080218778486,0.0,0.06580645161290322,0.832258064516129,0.06133333333333333,0.3032258064516129,0.7532297777777763,0.8145741209234924,0.8943900786645707
16660,tdc_evidence_validated,0.14143696339810213,0.0,0.0,0.05104419621175327,0.8734177215189873,0.04933333333333333,0.26582278481012656,0.7878559999999977,0.8496754193866067,0.9137302562418694
16660,tdc_validated_with_reversal,0.13911472448057813,0.0,0.0,0.09874986868368518,0.8855421686746988,0.04666666666666667,0.23493975903614459,0.7619488888888879,0.8616761808117244,0.914423232393418
16661,simple_time_schedule,0.2732166890982503,0.0,0.0,0.06184210526315781,0.8109756097560976,0.06933333333333333,0.3231707317073171,0.7123111111111102,0.800559557692555,0.92
16661,simple_success_driven,0.27015057573073514,0.0,0.035854083056294006,0.1526280171441462,0.7393939393939394,0.13466666666666666,0.3878787878787879,0.7194422222222221,0.7692565466278146,0.7242966161150028
16661,tdc_unvalidated,0.1513418389793225,0.1209366815590818,0.0,0.04257767548906788,0.8775510204081632,0.07,0.2857142857142857,0.7817657777777756,0.8269602593754293,0.890408752637875
16661,tdc_evidence_validated,0.13909942041908158,0.0,0.0,0.07329988851727975,0.8541666666666666,0.05733333333333333,0.2847222222222222,0.7649128888888873,0.8415632544449331,0.9133859244617016
16661,tdc_validated_with_reversal,0.1408325952170062,0.0,0.0,0.06596975540444538,0.8297872340425532,0.06666666666666667,0.3191489361702128,0.7627044444444427,0.8271046558726604,0.9126810285915976
16662,simple_time_schedule,0.26563876651982377,0.0,0.0,0.016235207100591675,0.8987341772151899,0.059333333333333335,0.2088607594936709,0.7065844444444435,0.8409806995225012,0.92
16662,simple_success_driven,0.2674107142857143,0.0,0.0140813096541611,0.1127892598480833,0.6865671641791045,0.164,0.44029850746268656,0.7373017777777763,0.7403600999586593,0.7430274311140462
16662,tdc_unvalidated,0.15449688334817455,0.11557943207981582,0.0,0.10632933402886457,0.8587570621468926,0.058666666666666666,0.288135593220339,0.7803222222222208,0.8290707615618023,0.8929337484778999
16662,tdc_evidence_validated,0.12455830388692579,0.0,0.0,0.06922005046510749,0.9012345679012346,0.06066666666666667,0.24691358024691357,0.7626693333333319,0.8607514000115575,0.9138015881933845
16662,tdc_validated_with_reversal,0.14804964539007093,0.0,0.0,0.07334793720335886,0.8490566037735849,0.05466666666666667,0.31446540880503143,0.7733111111111096,0.8344964737201912,0.9133193162226071
16663,simple_time_schedule,0.25484016208914906,0.0,0.0,0.050404350250976004,0.8661971830985915,0.056666666666666664,0.24647887323943662,0.7189653333333328,0.8315677987548272,0.92
16663,simple_success_driven,0.26115775519222273,0.0,0.013010351634714756,0.12798245614035086,0.7843137254901961,0.14533333333333334,0.35294117647058826,0.7407582222222214,0.7847593886728136,0.7299053001212618
16663,tdc_unvalidated,0.18404907975460122,0.13559577677224735,0.0,-0.062444569862130206,0.7933333333333333,0.07066666666666667,0.3,0.7690844444444429,0.788822781143827,0.8369153798724283
16663,tdc_evidence_validated,0.14615050021748585,0.0,0.0,0.09317052980132445,0.8280254777070064,0.062,0.27388535031847133,0.7886719999999978,0.8380462039460145,0.9137667132198928
16663,tdc_validated_with_reversal,0.1505182514646237,0.0,0.0,0.00579150579150578,0.9152542372881356,0.054,0.20903954802259886,0.7769653333333313,0.8638632768966911,0.9150770803576542
16664,simple_time_schedule,0.27009222661396576,0.0,0.0,0.1170945779673529,0.7922077922077922,0.05466666666666667,0.34415584415584416,0.7136319999999996,0.7995350860265846,0.92
16664,simple_success_driven,0.245606128886886,0.0,0.03786940983374221,0.21084337349397586,0.756578947368421,0.15333333333333332,0.32894736842105265,0.7355635555555545,0.7897402417768744,0.7087400424165415
16664,tdc_unvalidated,0.15666372462488967,0.11809581934696368,0.0,0.03893932154801716,0.8641975308641975,0.06,0.2654320987654321,0.7718457777777759,0.8279141866954617,0.8932071311976677
16664,tdc_evidence_validated,0.12940140845070422,0.0,0.0,0.0710851648351648,0.8493150684931506,0.046,0.273972602739726,0.785047999999998,0.84613308394892,0.9136480650376095
16664,tdc_validated_with_reversal,0.13782608695652174,0.0,0.0,0.055182599355531714,0.8758620689655172,0.051333333333333335,0.21379310344827587,0.7782795555555543,0.8597609425944528,0.915123696784091
16665,simple_time_schedule,0.2557522123893805,0.0,0.0,0.1131614322375657,0.8633093525179856,0.06533333333333333,0.23741007194244604,0.7371324444444436,0.8367400009436127,0.92
16665,simple_success_driven,0.2594853903183602,0.0,0.022759171423837543,0.10789877300613504,0.7080745341614907,0.13733333333333334,0.4161490683229814,0.7340222222222212,0.754722558652097,0.6877174195658723
16665,tdc_unvalidated,0.14430268367795865,0.10946564885496184,0.0,0.12607974871302674,0.8682634730538922,0.05466666666666667,0.2215568862275449,0.7917862222222203,0.8481759025537307,0.8965913440095061
16665,tdc_evidence_validated,0.13450292397660818,0.0,0.0,0.05787037037037035,0.874251497005988,0.051333333333333335,0.2934131736526946,0.7726377777777761,0.8454973860746342,0.9132355998117072
16665,tdc_validated_with_reversal,0.14823107926556203,0.0,0.0,0.04340890414269827,0.8766233766233766,0.04533333333333334,0.22727272727272727,0.774369777777776,0.8559223384925344,0.9141595362876739
16666,simple_time_schedule,0.2641093474426808,0.0,0.0,0.04944046963859838,0.8333333333333334,0.06533333333333333,0.2988505747126437,0.712190222222222,0.8112211010363923,0.92
16666,simple_success_driven,0.2576091751213057,0.0,0.06877805351424682,0.14845145920190583,0.7666666666666667,0.156,0.3466666666666667,0.7179742222222212,0.7811698011080584,0.7315149766895738
16666,tdc_unvalidated,0.16927199642697632,0.12058023572076156,0.0,0.0920974450386215,0.8397435897435898,0.059333333333333335,0.25,0.7728768888888877,0.8271602915775055,0.9067278997095447
16666,tdc_evidence_validated,0.13694407749889917,0.0,0.0,0.10915994304698629,0.8846153846153846,0.044,0.30128205128205127,0.7893039999999982,0.8521697076708359,0.9128028619466846
16666,tdc_validated_with_reversal,0.1574074074074074,0.0,0.0,-0.020250935505172873,0.8975903614457831,0.06266666666666666,0.23493975903614459,0.7754373333333321,0.8504662449096977,0.9148235275364325
16667,simple_time_schedule,0.2580213903743315,0.0,0.0,0.13576040172166437,0.8627450980392157,0.06,0.3137254901960784,0.7084751111111107,0.8240650772238888,0.92
16667,simple_success_driven,0.25721901377165707,0.0,0.025756638451317482,0.06915138834710444,0.7865853658536586,0.148,0.3597560975609756,0.7412839999999988,0.7795171993836387,0.6735085857738266
16667,tdc_unvalidated,0.17387505460899957,0.12779993863148206,0.0,0.09615384615384615,0.8113207547169812,0.06333333333333334,0.3270440251572327,0.7645319999999988,0.8043108106817102,0.8642914905135151
16667,tdc_evidence_validated,0.14454545454545453,0.0,0.0,0.08496322954154278,0.863905325443787,0.04,0.26627218934911245,0.7619817777777768,0.8500482498617394,0.9136563910258066
16667,tdc_validated_with_reversal,0.13218650973291082,0.0,0.0,0.03533853511200602,0.7894736842105263,0.052,0.3223684210526316,0.7955119999999978,0.8192688198674056,0.91293174147924
16668,simple_time_schedule,0.2641255605381166,0.0,0.0,0.1643220455482748,0.8,0.05,0.32413793103448274,0.7305955555555551,0.811047179804541,0.92
16668,simple_success_driven,0.2638522427440633,0.0,5.591197929821767e-05,0.04621212121212126,0.8283582089552238,0.122,0.2835820895522388,0.7466168888888879,0.8048635252982071,0.7056096415883537
16668,tdc_unvalidated,0.15969750889679715,0.11706349206349206,0.0,0.0736594693649909,0.8545454545454545,0.05733333333333333,0.2787878787878788,0.7829488888888869,0.8265412003873418,0.8962220666015157
16668,tdc_evidence_validated,0.1435512367491166,0.0,0.0,0.022596153846153877,0.8324324324324325,0.059333333333333335,0.32972972972972975,0.7644782222222202,0.823228747150804,0.9114413812471367
16668,tdc_validated_with_reversal,0.132,0.0,0.0,0.08246393903655991,0.8716216216216216,0.05533333333333333,0.24324324324324326,0.7830817777777757,0.8559924583061078,0.914775618481176
16669,simple_time_schedule,0.26287505597850425,0.0,0.0,0.09758740929224385,0.8024691358024691,0.058,0.3148148148148148,0.7216275555555546,0.8065155130545371,0.92
16669,simple_success_driven,0.2570406794814484,0.0,0.011582524549674011,0.0888283928211332,0.7065868263473054,0.13666666666666666,0.40718562874251496,0.7147746666666668,0.7541323214479885,0.7213850031973358
16669,tdc_unvalidated,0.1536050156739812,0.1149789029535865,0.0,0.07285028371890012,0.8842105263157894,0.056,0.2789473684210526,0.7703768888888872,0.8343809277042796,0.8883428850852042
16669,tdc_evidence_validated,0.14548720251459363,0.0,0.0,0.025974025974025983,0.8421052631578947,0.04,0.3223684210526316,0.7581319999999986,0.8297139410942999,0.9117711803511958
16669,tdc_validated_with_reversal,0.1501782531194296,0.0,0.0,0.017232808616404305,0.8165680473372781,0.05,0.31952662721893493,0.7449373333333323,0.8206127010474639,0.911721456582117
16670,simple_time_schedule,0.25807860262008736,0.0,0.0,0.06662561576354675,0.8269230769230769,0.058666666666666666,0.28846153846153844,0.7259822222222214,0.8153901286549553,0.92
16670,simple_success_driven,0.2720323741007194,0.0,0.03134437470523699,0.0725779967159278,0.7697368421052632,0.15333333333333332,0.34868421052631576,0.727865777777777,0.7742766893514776,0.7563013305484302
16670,tdc_unvalidated,0.14762741652021089,0.11184311322200093,0.0,0.027019132466773788,0.85,0.054,0.26666666666666666,0.7820266666666648,0.8267135853645389,0.9018448876685593
16670,tdc_evidence_validated,0.12206988058381248,0.0,0.0,0.02704826038159369,0.803680981595092,0.054,0.294478527607362,0.759719999999999,0.8267001781622906,0.9119225008606474
16670,tdc_validated_with_reversal,0.15521064301552107,0.0,0.0,0.022710818122928078,0.8785714285714286,0.05333333333333334,0.3,0.7703257777777757,0.8392242160625818,0.9128940496796528
16671,simple_time_schedule,0.2695067264573991,0.0,0.0,0.14935064935064934,0.8846153846153846,0.06733333333333333,0.24358974358974358,0.7269991111111103,0.8409852798166656,0.92
16671,simple_success_driven,0.25793823401478905,0.0,0.02526684470034457,0.0706658971214198,0.7006369426751592,0.12866666666666668,0.43312101910828027,0.7274484444444432,0.7482442729213019,0.7116817792213839
16671,tdc_unvalidated,0.15912147019273867,0.11641971575446024,0.0,0.03089430894308942,0.8141025641025641,0.058,0.33974358974358976,0.7605119999999991,0.8015954222286976,0.8891309742169798
16671,tdc_evidence_validated,0.13737461840383777,0.0,0.0,0.1324503311258277,0.8333333333333334,0.06133333333333333,0.3125,0.7564591111111103,0.83555861102464,0.912933069243477
16671,tdc_validated_with_reversal,0.15061837455830387,0.0,0.0,0.08000330934061395,0.8775510204081632,0.05733333333333333,0.20408163265306123,0.7714573333333317,0.8608762033294947,0.9153948537551209
16672,simple_time_schedule,0.2664024658740643,0.0,0.0,0.06292888922404039,0.8484848484848485,0.06333333333333334,0.2787878787878788,0.6988053333333331,0.8190113913700997,0.92
16672,simple_success_driven,0.2687417799210872,0.0,0.023681321309681258,0.12489939269773898,0.7870967741935484,0.13733333333333334,0.33548387096774196,0.7318599999999994,0.7881852979257916,0.7264333161000206
16672,tdc_unvalidated,0.1417676087931808,0.1145737855178735,0.0,0.05758001330475271,0.7914110429447853,0.054,0.3374233128834356,0.7697604444444429,0.8023629533366978,0.8704801247700932
16672,tdc_evidence_validated,0.13238560639715682,0.0,0.0,0.04070141570141572,0.8802395209580839,0.05466666666666667,0.25748502994011974,0.7760173333333314,0.8519263346678965,0.9138942392942703
16672,tdc_validated_with_reversal,0.1516213847502191,0.0,0.0,0.02968558595345039,0.8972602739726028,0.059333333333333335,0.23972602739726026,0.7880884444444418,0.8553698382776075,0.9145501012692286
16673,simple_time_schedule,0.25492831541218636,0.0,0.0,0.1527777777777778,0.8035714285714286,0.06266666666666666,0.35119047619047616,0.7082128888888882,0.8044769640962621,0.92
16673,simple_success_driven,0.25391148860080465,0.0,0.02442159246582043,0.18802259887005646,0.7851851851851852,0.144,0.2962962962962963,0.7446631111111095,0.8013518350610473,0.735778112034529
16673,tdc_unvalidated,0.14639540026536932,0.11265880912291444,0.0,0.052516324255454716,0.8315217391304348,0.06066666666666667,0.28804347826086957,0.7814626666666646,0.8194561241128826,0.8851478831357649
16673,tdc_evidence_validated,0.13049267643142476,0.0,0.0,0.06105263157894736,0.8805970149253731,0.064,0.27611940298507465,0.7940386666666644,0.849778573537359,0.9143944806717419
16673,tdc_validated_with_reversal,0.13847541723049164,0.0,0.0,0.03328555502468544,0.8857142857142857,0.05333333333333334,0.3,0.7699782222222208,0.8441135101166901,0.9136632667760641
16674,simple_time_schedule,0.26657706093189965,0.0,0.0,0.1313415602222704,0.8703703703703703,0.058666666666666666,0.2222222222222222,0.7085399999999996,0.8410303585095379,0.92
16674,simple_success_driven,0.24797843665768193,0.0,0.018574572766864583,0.07997936016511864,0.7361963190184049,0.12933333333333333,0.44785276073619634,0.7334275555555548,0.7563987562019248,0.7216724572070543
16674,tdc_unvalidated,0.1459265890778872,0.11373390557939914,0.0,0.03170643200580603,0.8461538461538461,0.06333333333333334,0.27972027972027974,0.7992217777777757,0.8230215339250827,0.8956023842815439
16674,tdc_evidence_validated,0.1359090909090909,0.0,0.0,0.03749999999999998,0.8571428571428571,0.05333333333333334,0.2642857142857143,0.8036564444444424,0.8457285088600289,0.9141396281764174
16674,tdc_validated_with_reversal,0.13716814159292035,0.0,0.0,0.0496894409937888,0.8589743589743589,0.054,0.28205128205128205,0.7758435555555542,0.8425499730633318,0.9132367659146164
16675,simple_time_schedule,0.2665168539325843,0.0,0.0,0.0984873949579832,0.8095238095238095,0.064,0.3333333333333333,0.7051293333333333,0.8028175196651245,0.92
16675,simple_success_driven,0.2712087912087912,0.0,0.011290208764221599,0.206310110250997,0.7660818713450293,0.14,0.34502923976608185,0.7242226666666661,0.786858870682428,0.7177110519795215
16675,tdc_unvalidated,0.13420107719928187,0.10749034749034748,0.0,0.10719131614653998,0.874251497005988,0.048666666666666664,0.25748502994011974,0.7866817777777763,0.844041971121642,0.8916433154788301
16675,tdc_evidence_validated,0.13119143239625167,0.0,0.0,0.07032986574197564,0.8580645161290322,0.046,0.25161290322580643,0.7763142222222206,0.8515973189030941,0.9142335448304764
16675,tdc_validated_with_reversal,0.14343343792021515,0.0,0.0,0.08845690174804088,0.8875,0.04933333333333333,0.23125,0.7528622222222213,0.8605920263865687,0.9141611312695503
16676,simple_time_schedule,0.26936776491540515,0.0,0.0,0.06089993836038632,0.7985611510791367,0.05733333333333333,0.31654676258992803,0.7093488888888883,0.8010373891957021,0.92
16676,simple_success_driven,0.26546731022378234,0.0,0.02236712603640567,0.15138689130881455,0.7007299270072993,0.15,0.3722627737226277,0.7370502222222207,0.7615954199739432,0.7013140833627947
16676,tdc_unvalidated,0.13261163734776726,0.10109957238851558,0.0,0.06304924556458291,0.8819875776397516,0.052,0.22981366459627328,0.7817804444444427,0.8476081385138462,0.8862297520626163
16676,tdc_evidence_validated,0.14335971855760773,0.0,0.0,0.13572211564812275,0.8647058823529412,0.05333333333333334,0.28823529411764703,0.7560399999999987,0.8481427341439807,0.9134061374693612
16676,tdc_validated_with_reversal,0.14642857142857144,0.0,0.0,-0.0072147651006712055,0.8809523809523809,0.04933333333333333,0.2916666666666667,0.7751142222222205,0.8409626257760733,0.9131345997067917
16677,simple_time_schedule,0.2785553047404063,0.0,0.0,0.10290016731734519,0.8133333333333334,0.064,0.35333333333333333,0.7118986666666657,0.7990702173883975,0.92
16677,simple_success_driven,0.27555945590171127,0.0,0.00923354652651398,0.11515151515151523,0.75,0.14,0.3977272727272727,0.7169146666666664,0.7653194749616392,0.7150463557185771
16677,tdc_unvalidated,0.12825112107623318,0.10546574287913779,0.0,0.046929932139645136,0.85,0.06,0.25625,0.7886737777777759,0.8329652995861134,0.8824500853014784
16677,tdc_evidence_validated,0.13157894736842105,0.0,0.0,0.056895002149193075,0.88,0.05,0.25333333333333335,0.7623977777777765,0.8542264586514676,0.9138971747196561
16677,tdc_validated_with_reversal,0.13672566371681416,0.0,0.0,0.011873144821121673,0.8344827586206897,0.06266666666666666,0.27586206896551724,0.7929786666666645,0.8341214283205081,0.9131828842084383
16678,simple_time_schedule,0.2728062554300608,0.0,0.0,0.06839826839826835,0.8165680473372781,0.07,0.2485207100591716,0.7139502222222209,0.8158795981508377,0.92
16678,simple_success_driven,0.25748770675011173,0.0,0.012799419551887126,0.11394530625299859,0.7862068965517242,0.13266666666666665,0.3310344827586207,0.738299999999998,0.7904761271644196,0.7237046316045986
16678,tdc_unvalidated,0.15230905861456484,0.11319317489335771,0.0,0.05346650998824909,0.8497109826589595,0.05266666666666667,0.28901734104046245,0.7753071111111101,0.8238640038344628,0.9001352436354235
16678,tdc_evidence_validated,0.1352914997774811,0.0,0.0,0.023875968992248087,0.8819875776397516,0.05266666666666667,0.2360248447204969,0.7787919999999987,0.8548868274677166,0.9143016007128033
16678,tdc_validated_with_reversal,0.14412024756852343,0.0,0.0,0.05658184732518534,0.84,0.050666666666666665,0.2866666666666667,0.78131022222222,0.8374954553486438,0.9128592219623124
16679,simple_time_schedule,0.2524271844660194,0.0,0.0,0.07525102063334432,0.8979591836734694,0.066,0.19727891156462585,0.7230515555555549,0.849042338047647,0.92
16679,simple_success_driven,0.2459016393442623,0.0,0.05526908488316218,0.1608293940696175,0.8051948051948052,0.13066666666666665,0.33766233766233766,0.7428448888888879,0.7997147833737939,0.7156217223530668
16679,tdc_unvalidated,0.13680494263018536,0.10955099521678753,0.0,0.04503771965487646,0.8439306358381503,0.06866666666666667,0.28901734104046245,0.7883915555555535,0.822373432947578,0.8946861815977011
16679,tdc_evidence_validated,0.14090708938793484,0.0,0.0,0.06933911159263273,0.8571428571428571,0.044,0.2857142857142857,0.792996444444442,0.8447857084765916,0.9143497048089329
16679,tdc_validated_with_reversal,0.1504028648164727,0.0,0.0,0.015278298155780301,0.8114285714285714,0.05333333333333334,0.2857142857142857,0.7759542222222203,0.8259849840479975,0.9128034415534468
16680,simple_time_schedule,0.2516674077367719,0.0,0.0,0.040476190476190554,0.8670886075949367,0.05,0.3291139240506329,0.7160137777777771,0.8175059687597291,0.92
16680,simple_success_driven,0.2724498692240628,0.0,0.024343658153381686,0.18984598715269718,0.7647058823529411,0.14733333333333334,0.3333333333333333,0.7359111111111099,0.786437220156664,0.6986958847644026
16680,tdc_unvalidated,0.1443207126948775,0.1092896174863388,0.0,0.010480277273477445,0.8563829787234043,0.05466666666666667,0.2712765957446808,0.8005568888888867,0.827496504854698,0.8986088232450237
16680,tdc_evidence_validated,0.13229398663697103,0.0,0.0,0.03496753246753248,0.8834355828220859,0.056,0.22085889570552147,0.7858959999999983,0.8590220231185333,0.9153574881990333
16680,tdc_validated_with_reversal,0.1420863309352518,0.0,0.0,-0.018205705705705788,0.8068965517241379,0.04466666666666667,0.3448275862068966,0.7752053333333317,0.8140992107758266,0.9110260729023378
16681,simple_time_schedule,0.26389516493447807,0.0,0.0,0.06067073170731707,0.8192090395480226,0.06,0.3502824858757062,0.7064106666666664,0.8001240841463234,0.92
16681,simple_success_driven,0.2549363756033348,0.0,0.0272990834925414,0.08555463576158939,0.773972602739726,0.12933333333333333,0.363013698630137,0.7322528888888881,0.780161019402792,0.7324383338750523
16681,tdc_unvalidated,0.1380381713271194,0.11133261769667228,0.0,0.0048213272830403,0.8098159509202454,0.06333333333333334,0.3803680981595092,0.767338222222221,0.7941502141809484,0.8433435823560098
16681,tdc_evidence_validated,0.1425438596491228,0.0,0.0,0.061771561771561734,0.8607594936708861,0.06066666666666667,0.2721518987341772,0.7727924444444426,0.8437855524108195,0.9134355083369412
16681,tdc_validated_with_reversal,0.12881806108897742,0.0,0.0,0.09223572685111137,0.8733333333333333,0.058666666666666666,0.29333333333333333,0.7724208888888872,0.847654498484521,0.9134277968075446
16682,simple_time_schedule,0.2741071428571429,0.0,0.0,0.03171871158101802,0.8242424242424242,0.06466666666666666,0.30303030303030304,0.7245702222222213,0.8060713664214308,0.92
16682,simple_success_driven,0.2621272808188696,0.0,0.021559911748220806,0.06779155957835148,0.7954545454545454,0.136,0.3125,0.7072253333333328,0.7899136096940504,0.7397222622834606
16682,tdc_unvalidated,0.12761126248864668,0.101906941266209,0.0,0.02935543278084718,0.8333333333333334,0.074,0.26666666666666666,0.7952995555555533,0.8242260071443342,0.8901140616118131
16682,tdc_evidence_validated,0.12533692722371967,0.0,0.0,0.05105105105105101,0.8388888888888889,0.056,0.3,0.7837515555555534,0.8362603098283188,0.9128929313362812
16682,tdc_validated_with_reversal,0.1468500443655723,0.0,0.0,0.020000000000000018,0.875,0.06066666666666667,0.2222222222222222,0.7867995555555531,0.8528063093443754,0.9141399870340906
16683,simple_time_schedule,0.2635046113306983,0.0,0.0,0.08693244739756367,0.785234899328859,0.064,0.30201342281879195,0.7133702222222216,0.8024527188259398,0.92
16683,simple_success_driven,0.2623608017817372,0.0,0.043745386072225556,0.11206310349517212,0.7337662337662337,0.13533333333333333,0.35714285714285715,0.7239622222222217,0.7713578734039079,0.7282142345576874
16683,tdc_unvalidated,0.1512304250559284,0.1138591464334188,0.0,0.06087897813379517,0.8439306358381503,0.06,0.31213872832369943,0.800813333333331,0.8188258760070869,0.8800062414267631
16683,tdc_evidence_validated,0.1329810656098635,0.0,0.0,-0.016341256366723345,0.84,0.04933333333333333,0.2914285714285714,0.7609355555555545,0.8317622963370271,0.9127659377949894
16683,tdc_validated_with_reversal,0.1477124183006536,0.0,0.0,-0.015637115533729595,0.8561643835616438,0.051333333333333335,0.2602739726027397,0.7837422222222206,0.839835784737067,0.9142762267116109
16684,simple_time_schedule,0.2669968482665466,0.0,0.0,0.03743589743589737,0.825,0.074,0.31875,0.7248364444444436,0.803393770815333,0.92
16684,simple_success_driven,0.2613381230354737,0.0,0.024927854189878418,0.18106862824347258,0.7346938775510204,0.13933333333333334,0.38095238095238093,0.7331928888888883,0.77268763729755,0.7311046372863905
16684,tdc_unvalidated,0.16397124887690925,0.11634264884568651,0.0,0.05187467899332299,0.8609271523178808,0.06666666666666667,0.2781456953642384,0.7901431111111089,0.8247282307837224,0.8884404531678523
16684,tdc_evidence_validated,0.13893805309734514,0.0,0.0,-0.04480286738351247,0.825,0.056,0.275,0.7620448888888873,0.8269862387312461,0.9126332333521754
16684,tdc_validated_with_reversal,0.14091308165057068,0.0,0.0,0.04925147316451661,0.8493975903614458,0.048,0.25903614457831325,0.7509524444444432,0.8437992998625097,0.9123816067106151
16685,simple_time_schedule,0.25252525252525254,0.0,0.0,0.032352941176470584,0.8855421686746988,0.05466666666666667,0.25301204819277107,0.7094159999999993,0.8338526250811445,0.92
16685,simple_success_driven,0.262405006705409,0.0,0.0,0.07310458187795366,0.7177914110429447,0.12933333333333333,0.38650306748466257,0.7273875555555552,0.7602132210034354,0.7386626848110621
16685,tdc_unvalidated,0.14178112538768275,0.11065134099616858,0.0,0.08327040859132473,0.8141025641025641,0.05266666666666667,0.27564102564102566,0.7839373333333309,0.8222341716493875,0.8954980008476008
16685,tdc_evidence_validated,0.1475702184574231,0.0,0.0,0.10207015526164465,0.8439306358381503,0.056666666666666664,0.2832369942196532,0.7535306666666655,0.8401410354785108,0.9125016887178427
16685,tdc_validated_with_reversal,0.14951627088830255,0.0,0.0,0.07948135667716649,0.8580246913580247,0.05,0.30246913580246915,0.7644506666666655,0.8394857387579591,0.9126785000009185
16686,simple_time_schedule,0.27548330404217924,0.0,0.0,0.11039886039886038,0.8661971830985915,0.062,0.29577464788732394,0.6973599999999994,0.8228865335899473,0.92
16686,simple_success_driven,0.2638700947225981,0.0,0.008517568509874285,0.13085674672756187,0.7409638554216867,0.14,0.39759036144578314,0.7204791111111105,0.7662109511624495,0.7377689648281641
16686,tdc_unvalidated,0.1317418213969938,0.11437758383096004,0.0,-0.014115841963943221,0.8531073446327684,0.06133333333333333,0.3050847457627119,0.7724559999999979,0.817616982728833,0.8823549542893534
16686,tdc_evidence_validated,0.1456179775280899,0.0,0.0,0.06510567943161005,0.8616352201257862,0.044,0.25157232704402516,0.7745311111111096,0.8502726159073047,0.9146385552527756
16686,tdc_validated_with_reversal,0.137417943107221,0.0,0.0,0.06910569105691056,0.8170731707317073,0.042666666666666665,0.2621951219512195,0.7862275555555535,0.8398148178294876,0.9137212108202503
16687,simple_time_schedule,0.26469268730372364,0.0,0.0,0.12311816112212681,0.8601398601398601,0.05266666666666667,0.2937062937062937,0.72637911111111,0.8269874080114601,0.92
16687,simple_success_driven,0.27224435590969454,0.0,0.046906531358260395,0.11497967267799447,0.8012048192771084,0.12866666666666668,0.28313253012048195,0.7324724444444437,0.8011216963028126,0.6804330296352824
16687,tdc_unvalidated,0.15646853146853146,0.11099333737129012,0.0,0.022001445086705207,0.867816091954023,0.051333333333333335,0.27586206896551724,0.7837066666666647,0.8282909437052929,0.8949849201300825
16687,tdc_evidence_validated,0.1288316303864949,0.0,0.0,0.11877443481217065,0.8502994011976048,0.05266666666666667,0.25748502994011974,0.7761066666666654,0.8518076774290679,0.9137099214578311
16687,tdc_validated_with_reversal,0.136443661971831,0.0,0.0,-0.01150218541522885,0.8544303797468354,0.05,0.2911392405063291,0.7698022222222204,0.8354280292277154,0.9126612943993524
16688,simple_time_schedule,0.2570406794814484,0.0,0.0,0.042424242424242364,0.8145695364238411,0.06,0.3443708609271523,0.7135973333333328,0.7998620713747044,0.92
16688,simple_success_driven,0.26180836707152494,0.0,0.012562039196355235,0.17921974522292994,0.7888198757763976,0.138,0.36024844720496896,0.7237604444444438,0.7890268756950396,0.6946496496915558
16688,tdc_unvalidated,0.13012156686177398,0.10613062230437462,0.0,0.0604142692750288,0.7880794701986755,0.058,0.3576158940397351,0.794668444444442,0.8011553972031366,0.868190958131473
16688,tdc_evidence_validated,0.1375985977212971,0.0,0.0,0.0012578616352201255,0.8546511627906976,0.054,0.29069767441860467,0.7773586666666651,0.8360818695909211,0.9133995815903906
16688,tdc_validated_with_reversal,0.15973451327433627,0.0,0.0,0.0034522439585730202,0.88,0.05333333333333334,0.25333333333333335,0.7779453333333315,0.8460978276582787,0.914514204673027
16689,simple_time_schedule,0.2812083518436251,0.0,0.0,0.0758948396838085,0.7615894039735099,0.058666666666666666,0.3576158940397351,0.7002688888888885,0.7837371028319762,0.92
16689,simple_success_driven,0.24563758389261744,0.0,0.019022083734841932,0.13446095356325416,0.7619047619047619,0.13466666666666666,0.38095238095238093,0.7360884444444429,0.7785501999369191,0.7082054262402036
16689,tdc_unvalidated,0.16696508504923904,0.12115649380449747,0.0,0.06857142857142862,0.8518518518518519,0.05533333333333333,0.30864197530864196,0.7758782222222204,0.8186425075667254,0.88821708265578
16689,tdc_evidence_validated,0.14694059848146493,0.0,0.0,0.06197754955815615,0.8641975308641975,0.056,0.2654320987654321,0.7650617777777762,0.8456586209179882,0.9129455323652552
16689,tdc_validated_with_reversal,0.1471783295711061,0.0,0.0,0.021661054994388418,0.8181818181818182,0.052,0.3051948051948052,0.7735595555555538,0.8251788719103897,0.9129525763737525
