seed,model,final_holdout_recall,final_holdout_false_alarm,final_holdout_violation_rate,trap_capture_rate,capture_resistance,core_protection,trajectory_value,final_quality,is_tdc
17200,simple_q060_a000,0.6949152542372882,0.19166666666666668,0.4745762711864407,0.31441543700340524,0.6855845629965948,0.5254237288135593,0.5899122222222196,0.6,False
17200,simple_q068_a000,0.7837837837837838,0.17833333333333334,0.32432432432432434,0.2853881278538813,0.7146118721461188,0.6756756756756757,0.6590499999999964,0.68,False
17200,simple_q076_a000,0.7301587301587301,0.13,0.3968253968253968,0.23468208092485549,0.7653179190751445,0.6031746031746033,0.7118033333333296,0.76,False
17200,simple_q084_a000,0.8656716417910447,0.085,0.23880597014925373,0.18742857142857142,0.8125714285714286,0.7611940298507462,0.7459933333333294,0.84,False
17200,simple_q076_a008,0.7397260273972602,0.11666666666666667,0.3287671232876712,0.2327113062568606,0.7672886937431393,0.6712328767123288,0.665858888888886,0.76,False
17200,simple_q076_a016,0.7164179104477612,0.14666666666666667,0.4626865671641791,0.17824074074074073,0.8217592592592593,0.5373134328358209,0.6788944444444409,0.76,False
17200,simple_q084_a008,0.7948717948717948,0.10166666666666667,0.3717948717948718,0.17132867132867133,0.8286713286713286,0.6282051282051282,0.7260822222222195,0.84,False
17200,simple_q084_a016,0.7534246575342466,0.105,0.410958904109589,0.1317016317016317,0.8682983682983683,0.589041095890411,0.7153444444444418,0.84,False
17200,simple_q090_a008,0.7777777777777778,0.058333333333333334,0.36507936507936506,0.14285714285714285,0.8571428571428572,0.6349206349206349,0.7512977777777752,0.9,False
17200,simple_q090_a016,0.8611111111111112,0.043333333333333335,0.2361111111111111,0.1103448275862069,0.8896551724137931,0.7638888888888888,0.7482888888888861,0.9,False
17200,tdc_evidence_validated,0.8070175438596491,0.07333333333333333,0.3684210526315789,0.20677966101694914,0.7932203389830509,0.631578947368421,0.7241688888888854,0.9031831716729972,True
17201,simple_q060_a000,0.5967741935483871,0.205,0.5483870967741935,0.3162100456621005,0.6837899543378996,0.4516129032258065,0.5881099999999972,0.6,False
17201,simple_q068_a000,0.6956521739130435,0.165,0.463768115942029,0.26869158878504673,0.7313084112149533,0.536231884057971,0.6652466666666634,0.68,False
17201,simple_q076_a000,0.855072463768116,0.11333333333333333,0.3188405797101449,0.2166105499438833,0.7833894500561167,0.6811594202898551,0.7019644444444406,0.76,False
17201,simple_q084_a000,0.7580645161290323,0.095,0.3064516129032258,0.1864801864801865,0.8135198135198135,0.6935483870967742,0.7089744444444415,0.84,False
17201,simple_q076_a008,0.7647058823529411,0.12166666666666667,0.3088235294117647,0.23344947735191637,0.7665505226480837,0.6911764705882353,0.7175677777777739,0.76,False
17201,simple_q076_a016,0.7761194029850746,0.12166666666666667,0.373134328358209,0.1772885283893395,0.8227114716106605,0.6268656716417911,0.6946677777777747,0.76,False
17201,simple_q084_a008,0.6956521739130435,0.1,0.4492753623188406,0.17312072892938496,0.826879271070615,0.5507246376811594,0.7243277777777744,0.84,False
17201,simple_q084_a016,0.7733333333333333,0.09166666666666666,0.38666666666666666,0.15083798882681565,0.8491620111731844,0.6133333333333333,0.7117499999999971,0.84,False
17201,simple_q090_a008,0.8823529411764706,0.075,0.3088235294117647,0.13568985176738882,0.8643101482326112,0.6911764705882353,0.7538877777777748,0.9,False
17201,simple_q090_a016,0.8554216867469879,0.05,0.2891566265060241,0.10586881472957423,0.8941311852704258,0.7108433734939759,0.7277033333333306,0.9,False
17201,tdc_evidence_validated,0.7058823529411765,0.06,0.39705882352941174,0.18556701030927836,0.8144329896907216,0.6029411764705883,0.7400555555555521,0.9044752893945822,True
17202,simple_q060_a000,0.5873015873015873,0.21333333333333335,0.6190476190476191,0.3321718931475029,0.6678281068524972,0.38095238095238093,0.6059722222222187,0.6,False
17202,simple_q068_a000,0.7671232876712328,0.17666666666666667,0.3424657534246575,0.2918552036199095,0.7081447963800904,0.6575342465753424,0.6784866666666628,0.68,False
17202,simple_q076_a000,0.7631578947368421,0.15166666666666667,0.32894736842105265,0.2222222222222222,0.7777777777777778,0.6710526315789473,0.6710511111111067,0.76,False
17202,simple_q084_a000,0.8450704225352113,0.07833333333333334,0.29577464788732394,0.2,0.8,0.704225352112676,0.6774322222222195,0.84,False
17202,simple_q076_a008,0.6911764705882353,0.09166666666666666,0.39705882352941174,0.20852534562211983,0.7914746543778801,0.6029411764705883,0.7147777777777737,0.76,False
17202,simple_q076_a016,0.7647058823529411,0.11666666666666667,0.36764705882352944,0.1772885283893395,0.8227114716106605,0.6323529411764706,0.6822411111111084,0.76,False
17202,simple_q084_a008,0.7972972972972973,0.09166666666666666,0.3108108108108108,0.1873536299765808,0.8126463700234192,0.6891891891891893,0.7148377777777749,0.84,False
17202,simple_q084_a016,0.7638888888888888,0.10666666666666667,0.3611111111111111,0.15430622009569378,0.8456937799043063,0.6388888888888888,0.7436388888888853,0.84,False
17202,simple_q090_a008,0.8115942028985508,0.06166666666666667,0.3188405797101449,0.12714776632302405,0.872852233676976,0.6811594202898551,0.7742744444444412,0.9,False
17202,simple_q090_a016,0.8636363636363636,0.06333333333333334,0.30303030303030304,0.10650887573964497,0.893491124260355,0.696969696969697,0.753428888888886,0.9,False
17202,tdc_evidence_validated,0.8783783783783784,0.051666666666666666,0.25675675675675674,0.1809635722679201,0.8190364277320799,0.7432432432432432,0.7294322222222193,0.9074498753356375,True
17203,simple_q060_a000,0.6666666666666666,0.18333333333333332,0.463768115942029,0.32891832229580575,0.6710816777041942,0.536231884057971,0.5845799999999977,0.6,False
17203,simple_q068_a000,0.8059701492537313,0.2,0.3582089552238806,0.2618510158013544,0.7381489841986456,0.6417910447761195,0.6709466666666631,0.68,False
17203,simple_q076_a000,0.7808219178082192,0.12666666666666668,0.2602739726027397,0.2254335260115607,0.7745664739884393,0.7397260273972603,0.7145966666666624,0.76,False
17203,simple_q084_a000,0.8695652173913043,0.07166666666666667,0.2898550724637681,0.18296892980437285,0.8170310701956272,0.7101449275362319,0.7304111111111078,0.84,False
17203,simple_q076_a008,0.7088607594936709,0.13166666666666665,0.45569620253164556,0.26352128883774456,0.7364787111622555,0.5443037974683544,0.6507577777777749,0.76,False
17203,simple_q076_a016,0.8,0.14,0.38461538461538464,0.1504739336492891,0.8495260663507109,0.6153846153846154,0.7019088888888854,0.76,False
17203,simple_q084_a008,0.8620689655172413,0.085,0.3448275862068966,0.19212962962962962,0.8078703703703703,0.6551724137931034,0.7516688888888855,0.84,False
17203,simple_q084_a016,0.75,0.09,0.39705882352941174,0.1397228637413395,0.8602771362586605,0.6029411764705883,0.7346099999999968,0.84,False
17203,simple_q090_a008,0.8095238095238095,0.058333333333333334,0.38095238095238093,0.16073478760045926,0.8392652123995408,0.6190476190476191,0.7411111111111082,0.9,False
17203,simple_q090_a016,0.7808219178082192,0.058333333333333334,0.3150684931506849,0.12703962703962704,0.872960372960373,0.6849315068493151,0.7424622222222199,0.9,False
17203,tdc_evidence_validated,0.8918918918918919,0.06,0.28378378378378377,0.18522860492379836,0.8147713950762017,0.7162162162162162,0.6829133333333306,0.9048947070942683,True
17204,simple_q060_a000,0.5396825396825397,0.245,0.5714285714285714,0.3183431952662722,0.6816568047337278,0.4285714285714286,0.6064411111111079,0.6,False
17204,simple_q068_a000,0.734375,0.15166666666666667,0.421875,0.26887871853546913,0.7311212814645309,0.578125,0.6390566666666632,0.68,False
17204,simple_q076_a000,0.7540983606557377,0.13,0.4426229508196721,0.25485714285714284,0.7451428571428571,0.5573770491803278,0.7092344444444407,0.76,False
17204,simple_q084_a000,0.7704918032786885,0.09666666666666666,0.3114754098360656,0.17770034843205576,0.8222996515679443,0.6885245901639344,0.7458455555555522,0.84,False
17204,simple_q076_a008,0.7625,0.12333333333333334,0.3625,0.2445961319681456,0.7554038680318544,0.6375,0.6835255555555521,0.76,False
17204,simple_q076_a016,0.7166666666666667,0.135,0.48333333333333334,0.18640093786635403,0.813599062133646,0.5166666666666666,0.6790655555555524,0.76,False
17204,simple_q084_a008,0.7192982456140351,0.09833333333333333,0.3333333333333333,0.16666666666666666,0.8333333333333334,0.6666666666666667,0.7290277777777747,0.84,False
17204,simple_q084_a016,0.7971014492753623,0.09,0.3188405797101449,0.13966480446927373,0.8603351955307262,0.6811594202898551,0.75007333333333,0.84,False
17204,simple_q090_a008,0.8734177215189873,0.055,0.2911392405063291,0.11534025374855825,0.8846597462514417,0.7088607594936709,0.7816066666666636,0.9,False
17204,simple_q090_a016,0.7611940298507462,0.06,0.34328358208955223,0.09080459770114943,0.9091954022988505,0.6567164179104478,0.7498744444444417,0.9,False
17204,tdc_evidence_validated,0.9210526315789473,0.06833333333333333,0.2894736842105263,0.18314606741573033,0.8168539325842696,0.7105263157894737,0.7364011111111076,0.9063035478552579,True
17205,simple_q060_a000,0.6756756756756757,0.2,0.4594594594594595,0.3353080568720379,0.6646919431279621,0.5405405405405406,0.6151288888888855,0.6,False
17205,simple_q068_a000,0.6101694915254238,0.17333333333333334,0.4576271186440678,0.28438228438228436,0.7156177156177157,0.5423728813559322,0.6338444444444405,0.68,False
17205,simple_q076_a000,0.7681159420289855,0.135,0.30434782608695654,0.20930232558139536,0.7906976744186046,0.6956521739130435,0.7042755555555521,0.76,False
17205,simple_q084_a000,0.8571428571428571,0.09833333333333333,0.30357142857142855,0.170261066969353,0.829738933030647,0.6964285714285714,0.7673388888888854,0.84,False
17205,simple_q076_a008,0.7424242424242424,0.12,0.4090909090909091,0.22742474916387959,0.7725752508361204,0.5909090909090908,0.686085555555552,0.76,False
17205,simple_q076_a016,0.8108108108108109,0.13333333333333333,0.3108108108108108,0.1789838337182448,0.8210161662817552,0.6891891891891893,0.70205333333333,0.76,False
17205,simple_q084_a008,0.8939393939393939,0.11166666666666666,0.3181818181818182,0.1720554272517321,0.8279445727482679,0.6818181818181819,0.7312122222222188,0.84,False
17205,simple_q084_a016,0.8360655737704918,0.07833333333333334,0.26229508196721313,0.13662456946039037,0.8633754305396096,0.7377049180327868,0.7245611111111083,0.84,False
17205,simple_q090_a008,0.8378378378378378,0.06666666666666667,0.35135135135135137,0.13961407491486946,0.8603859250851306,0.6486486486486487,0.7242999999999966,0.9,False
17205,simple_q090_a016,0.7971014492753623,0.051666666666666666,0.30434782608695654,0.1154299175500589,0.8845700824499411,0.6956521739130435,0.762196666666664,0.9,False
17205,tdc_evidence_validated,0.7654320987654321,0.045,0.345679012345679,0.17633674630261661,0.8236632536973834,0.654320987654321,0.7213499999999967,0.9032643295559065,True
17206,simple_q060_a000,0.726027397260274,0.205,0.3424657534246575,0.3378076062639821,0.6621923937360179,0.6575342465753424,0.6265622222222192,0.6,False
17206,simple_q068_a000,0.6538461538461539,0.155,0.5128205128205128,0.27476415094339623,0.7252358490566038,0.4871794871794872,0.612374444444442,0.68,False
17206,simple_q076_a000,0.8571428571428571,0.15666666666666668,0.25,0.2251131221719457,0.7748868778280543,0.75,0.6906899999999965,0.76,False
17206,simple_q084_a000,0.75,0.08333333333333333,0.453125,0.1827354260089686,0.8172645739910314,0.546875,0.7146922222222188,0.84,False
17206,simple_q076_a008,0.8472222222222222,0.10666666666666667,0.3888888888888889,0.24559471365638766,0.7544052863436124,0.6111111111111112,0.6921122222222184,0.76,False
17206,simple_q076_a016,0.7924528301886793,0.13166666666666665,0.39622641509433965,0.18700114025085518,0.8129988597491449,0.6037735849056604,0.7042088888888859,0.76,False
17206,simple_q084_a008,0.8064516129032258,0.10166666666666667,0.3870967741935484,0.1696035242290749,0.8303964757709251,0.6129032258064516,0.7256699999999963,0.84,False
17206,simple_q084_a016,0.8307692307692308,0.095,0.3384615384615385,0.14285714285714285,0.8571428571428572,0.6615384615384615,0.7469766666666632,0.84,False
17206,simple_q090_a008,0.859375,0.055,0.25,0.12128146453089245,0.8787185354691076,0.75,0.7723055555555526,0.9,False
17206,simple_q090_a016,0.8360655737704918,0.075,0.32786885245901637,0.12629161882893225,0.8737083811710677,0.6721311475409837,0.7560899999999968,0.9,False
17206,tdc_evidence_validated,0.8208955223880597,0.055,0.373134328358209,0.17411225658648338,0.8258877434135166,0.6268656716417911,0.710251111111108,0.9041671506207479,True
17207,simple_q060_a000,0.5454545454545454,0.21666666666666667,0.6212121212121212,0.31949250288350634,0.6805074971164937,0.3787878787878788,0.5858988888888867,0.6,False
17207,simple_q068_a000,0.819672131147541,0.185,0.29508196721311475,0.2765460910151692,0.7234539089848309,0.7049180327868853,0.6574177777777739,0.68,False
17207,simple_q076_a000,0.7704918032786885,0.125,0.45901639344262296,0.2290950744558992,0.7709049255441008,0.540983606557377,0.7162344444444407,0.76,False
17207,simple_q084_a000,0.9041095890410958,0.075,0.273972602739726,0.1697674418604651,0.8302325581395349,0.726027397260274,0.7071622222222191,0.84,False
17207,simple_q076_a008,0.7777777777777778,0.14166666666666666,0.36507936507936506,0.2415795586527294,0.7584204413472706,0.6349206349206349,0.7040844444444407,0.76,False
17207,simple_q076_a016,0.8055555555555556,0.13666666666666666,0.3333333333333333,0.17462165308498254,0.8253783469150174,0.6666666666666667,0.7033577777777742,0.76,False
17207,simple_q084_a008,0.7777777777777778,0.09666666666666666,0.3611111111111111,0.18140068886337543,0.8185993111366245,0.6388888888888888,0.7158199999999969,0.84,False
17207,simple_q084_a016,0.8658536585365854,0.085,0.3048780487804878,0.14104046242774568,0.8589595375722543,0.6951219512195121,0.7439066666666634,0.84,False
17207,simple_q090_a008,0.7857142857142857,0.041666666666666664,0.3,0.14055299539170507,0.8594470046082949,0.7,0.7162522222222201,0.9,False
17207,simple_q090_a016,0.8666666666666667,0.06333333333333334,0.25,0.10470588235294118,0.8952941176470588,0.75,0.7575555555555529,0.9,False
17207,tdc_evidence_validated,0.8539325842696629,0.05,0.3258426966292135,0.18358038768529075,0.8164196123147093,0.6741573033707865,0.6949688888888859,0.9055379465361293,True
17208,simple_q060_a000,0.6716417910447762,0.21166666666666667,0.43283582089552236,0.31755196304849886,0.6824480369515011,0.5671641791044777,0.5813155555555524,0.6,False
17208,simple_q068_a000,0.6842105263157895,0.165,0.40789473684210525,0.305978898007034,0.6940211019929661,0.5921052631578947,0.683213333333329,0.68,False
17208,simple_q076_a000,0.7959183673469388,0.12333333333333334,0.30612244897959184,0.22988505747126436,0.7701149425287357,0.6938775510204082,0.7270055555555518,0.76,False
17208,simple_q084_a000,0.8518518518518519,0.11666666666666667,0.2962962962962963,0.19212962962962962,0.8078703703703703,0.7037037037037037,0.7285855555555526,0.84,False
17208,simple_q076_a008,0.7083333333333334,0.11333333333333333,0.4305555555555556,0.25597269624573377,0.7440273037542662,0.5694444444444444,0.6611233333333296,0.76,False
17208,simple_q076_a016,0.7674418604651163,0.12,0.3488372093023256,0.18108419838523646,0.8189158016147635,0.6511627906976745,0.66287333333333,0.76,False
17208,simple_q084_a008,0.8208955223880597,0.10666666666666667,0.3582089552238806,0.1885245901639344,0.8114754098360656,0.6417910447761195,0.7160144444444413,0.84,False
17208,simple_q084_a016,0.8656716417910447,0.10833333333333334,0.2835820895522388,0.12442396313364056,0.8755760368663594,0.7164179104477613,0.7379722222222188,0.84,False
17208,simple_q090_a008,0.7857142857142857,0.07166666666666667,0.37142857142857144,0.16144018583042974,0.8385598141695703,0.6285714285714286,0.7091544444444418,0.9,False
17208,simple_q090_a016,0.8142857142857143,0.04833333333333333,0.34285714285714286,0.10928319623971798,0.8907168037602821,0.6571428571428571,0.7370477777777747,0.9,False
17208,tdc_evidence_validated,0.8412698412698413,0.06166666666666667,0.2857142857142857,0.17511520737327188,0.8248847926267281,0.7142857142857143,0.7308288888888853,0.9069954488497958,True
17209,simple_q060_a000,0.6470588235294118,0.17833333333333334,0.4117647058823529,0.3202380952380952,0.6797619047619048,0.5882352941176471,0.5943399999999971,0.6,False
17209,simple_q068_a000,0.65,0.18833333333333332,0.5125,0.2755905511811024,0.7244094488188977,0.48750000000000004,0.6125555555555519,0.68,False
17209,simple_q076_a000,0.7701149425287356,0.13833333333333334,0.41379310344827586,0.2376470588235294,0.7623529411764706,0.5862068965517242,0.6702655555555523,0.76,False
17209,simple_q084_a000,0.7887323943661971,0.09,0.2676056338028169,0.18331374853113983,0.8166862514688602,0.7323943661971831,0.7299333333333302,0.84,False
17209,simple_q076_a008,0.8554216867469879,0.10166666666666667,0.3132530120481928,0.21500559910414332,0.7849944008958567,0.6867469879518072,0.6743099999999964,0.76,False
17209,simple_q076_a016,0.8160919540229885,0.12666666666666668,0.26436781609195403,0.17800453514739228,0.8219954648526078,0.735632183908046,0.7135088888888855,0.76,False
17209,simple_q084_a008,0.7945205479452054,0.075,0.2876712328767123,0.17951668584579977,0.8204833141542003,0.7123287671232876,0.7660788888888852,0.84,False
17209,simple_q084_a016,0.8428571428571429,0.10333333333333333,0.24285714285714285,0.16004813477737664,0.8399518652226233,0.7571428571428571,0.7249877777777738,0.84,False
17209,simple_q090_a008,0.8913043478260869,0.065,0.2826086956521739,0.1555806087936866,0.8444193912063134,0.7173913043478262,0.7703977777777745,0.9,False
17209,simple_q090_a016,0.8985507246376812,0.041666666666666664,0.2898550724637681,0.12758620689655173,0.8724137931034482,0.7101449275362319,0.7303799999999975,0.9,False
17209,tdc_evidence_validated,0.90625,0.06166666666666667,0.234375,0.22722029988465975,0.7727797001153403,0.765625,0.7167977777777746,0.9043978591923256,True
17210,simple_q060_a000,0.5694444444444444,0.2,0.4722222222222222,0.3099078341013825,0.6900921658986174,0.5277777777777778,0.5650855555555536,0.6,False
17210,simple_q068_a000,0.7682926829268293,0.175,0.3170731707317073,0.2850412249705536,0.7149587750294464,0.6829268292682926,0.6654099999999967,0.68,False
17210,simple_q076_a000,0.7037037037037037,0.13333333333333333,0.3888888888888889,0.22880371660859466,0.7711962833914053,0.6111111111111112,0.6933711111111078,0.76,False
17210,simple_q084_a000,0.8356164383561644,0.10666666666666667,0.2876712328767123,0.18665158371040724,0.8133484162895928,0.7123287671232876,0.6948077777777745,0.84,False
17210,simple_q076_a008,0.7428571428571429,0.11833333333333333,0.32857142857142857,0.2388235294117647,0.7611764705882353,0.6714285714285715,0.6944899999999967,0.76,False
17210,simple_q076_a016,0.711864406779661,0.14166666666666666,0.3898305084745763,0.19655172413793104,0.8034482758620689,0.6101694915254237,0.6711699999999968,0.76,False
17210,simple_q084_a008,0.8307692307692308,0.09,0.3076923076923077,0.16497175141242937,0.8350282485875706,0.6923076923076923,0.7311988888888858,0.84,False
17210,simple_q084_a016,0.7875,0.09,0.325,0.15011286681715574,0.8498871331828443,0.675,0.6822411111111092,0.84,False
17210,simple_q090_a008,0.7796610169491526,0.07,0.3559322033898305,0.14206437291897892,0.8579356270810211,0.6440677966101696,0.7476233333333303,0.9,False
17210,simple_q090_a016,0.8311688311688312,0.06,0.2857142857142857,0.12206047032474804,0.8779395296752519,0.7142857142857143,0.7630033333333303,0.9,False
17210,tdc_evidence_validated,0.7733333333333333,0.06,0.30666666666666664,0.2054794520547945,0.7945205479452055,0.6933333333333334,0.6912388888888861,0.9037968917520773,True
17211,simple_q060_a000,0.65,0.20166666666666666,0.45,0.33602771362586603,0.663972286374134,0.55,0.6038577777777747,0.6,False
17211,simple_q068_a000,0.7361111111111112,0.14833333333333334,0.3472222222222222,0.30348837209302326,0.6965116279069767,0.6527777777777778,0.6582355555555519,0.68,False
17211,simple_q076_a000,0.8309859154929577,0.12333333333333334,0.30985915492957744,0.22850678733031674,0.7714932126696833,0.6901408450704225,0.7150922222222184,0.76,False
17211,simple_q084_a000,0.8727272727272727,0.09166666666666666,0.2545454545454545,0.1794871794871795,0.8205128205128205,0.7454545454545455,0.7440066666666637,0.84,False
17211,simple_q076_a008,0.78125,0.14666666666666667,0.28125,0.22196531791907514,0.7780346820809249,0.71875,0.6919911111111079,0.76,False
17211,simple_q076_a016,0.75,0.14333333333333334,0.42045454545454547,0.18463302752293578,0.8153669724770642,0.5795454545454546,0.6502055555555531,0.76,False
17211,simple_q084_a008,0.7796610169491526,0.10166666666666667,0.3559322033898305,0.17440543601359004,0.82559456398641,0.6440677966101696,0.7357177777777748,0.84,False
17211,simple_q084_a016,0.8181818181818182,0.08,0.32727272727272727,0.14857142857142858,0.8514285714285714,0.6727272727272727,0.7483044444444416,0.84,False
17211,simple_q090_a008,0.8153846153846154,0.06166666666666667,0.3384615384615385,0.13615560640732266,0.8638443935926774,0.6615384615384615,0.7696577777777747,0.9,False
17211,simple_q090_a016,0.8181818181818182,0.058333333333333334,0.37662337662337664,0.10256410256410256,0.8974358974358975,0.6233766233766234,0.7277555555555525,0.9,False
17211,tdc_evidence_validated,0.88,0.051666666666666666,0.25333333333333335,0.18959537572254334,0.8104046242774566,0.7466666666666666,0.6895411111111085,0.9050095158096836,True
17212,simple_q060_a000,0.7439024390243902,0.22,0.4146341463414634,0.33136094674556216,0.6686390532544378,0.5853658536585367,0.5674077777777755,0.6,False
17212,simple_q068_a000,0.7466666666666667,0.145,0.36,0.2669735327963176,0.7330264672036824,0.64,0.6418011111111086,0.68,False
17212,simple_q076_a000,0.71875,0.11666666666666667,0.34375,0.21029082774049218,0.7897091722595078,0.65625,0.7023411111111076,0.76,False
17212,simple_q084_a000,0.7808219178082192,0.11166666666666666,0.3287671232876712,0.17607223476297967,0.8239277652370203,0.6712328767123288,0.7612099999999965,0.84,False
17212,simple_q076_a008,0.6290322580645161,0.14,0.46774193548387094,0.22209302325581395,0.7779069767441861,0.532258064516129,0.6974133333333298,0.76,False
17212,simple_q076_a016,0.8,0.10666666666666667,0.35384615384615387,0.1701388888888889,0.8298611111111112,0.6461538461538461,0.6820311111111071,0.76,False
17212,simple_q084_a008,0.7377049180327869,0.09833333333333333,0.3770491803278688,0.15754189944134078,0.8424581005586592,0.6229508196721312,0.7640311111111079,0.84,False
17212,simple_q084_a016,0.8181818181818182,0.08,0.3333333333333333,0.14302461899179367,0.8569753810082064,0.6666666666666667,0.7356488888888859,0.84,False
17212,simple_q090_a008,0.8412698412698413,0.06833333333333333,0.31746031746031744,0.12302483069977427,0.8769751693002257,0.6825396825396826,0.763315555555553,0.9,False
17212,simple_q090_a016,0.8596491228070176,0.075,0.3333333333333333,0.11033681765389082,0.8896631823461092,0.6666666666666667,0.7953822222222192,0.9,False
17212,tdc_evidence_validated,0.835820895522388,0.05,0.34328358208955223,0.20291479820627803,0.797085201793722,0.6567164179104478,0.7165733333333305,0.9017321010611004,True
17213,simple_q060_a000,0.6307692307692307,0.23833333333333334,0.4307692307692308,0.36353211009174313,0.6364678899082569,0.5692307692307692,0.6041311111111083,0.6,False
17213,simple_q068_a000,0.654320987654321,0.15833333333333333,0.48148148148148145,0.2703016241299304,0.7296983758700696,0.5185185185185186,0.6350233333333303,0.68,False
17213,simple_q076_a000,0.7710843373493976,0.11166666666666666,0.42168674698795183,0.23954802259887006,0.7604519774011299,0.5783132530120482,0.6722744444444412,0.76,False
17213,simple_q084_a000,0.8227848101265823,0.095,0.2911392405063291,0.16510538641686182,0.8348946135831382,0.7088607594936709,0.703148888888885,0.84,False
17213,simple_q076_a008,0.7654320987654321,0.12666666666666668,0.345679012345679,0.21071012805587894,0.789289871944121,0.654320987654321,0.6897833333333299,0.76,False
17213,simple_q076_a016,0.7424242424242424,0.13,0.4090909090909091,0.16784869976359337,0.8321513002364066,0.5909090909090908,0.6675722222222192,0.76,False
17213,simple_q084_a008,0.8225806451612904,0.10666666666666667,0.3064516129032258,0.17126436781609194,0.8287356321839081,0.6935483870967742,0.7408899999999964,0.84,False
17213,simple_q084_a016,0.7671232876712328,0.095,0.3013698630136986,0.12220916568742655,0.8777908343125734,0.6986301369863014,0.7352655555555524,0.84,False
17213,simple_q090_a008,0.8194444444444444,0.04666666666666667,0.3055555555555556,0.1285878300803674,0.8714121699196327,0.6944444444444444,0.7660655555555523,0.9,False
17213,simple_q090_a016,0.72,0.07666666666666666,0.36,0.11376564277588168,0.8862343572241184,0.64,0.7625855555555523,0.9,False
17213,tdc_evidence_validated,0.851063829787234,0.05333333333333334,0.26595744680851063,0.18909899888765294,0.8109010011123471,0.7340425531914894,0.7024222222222194,0.9069211930756349,True
17214,simple_q060_a000,0.6410256410256411,0.19833333333333333,0.46153846153846156,0.31797235023041476,0.6820276497695852,0.5384615384615384,0.6092155555555528,0.6,False
17214,simple_q068_a000,0.7361111111111112,0.18666666666666668,0.4305555555555556,0.2893815635939323,0.7106184364060677,0.5694444444444444,0.6791211111111072,0.68,False
17214,simple_q076_a000,0.7285714285714285,0.11,0.5285714285714286,0.2437070938215103,0.7562929061784898,0.4714285714285714,0.684227777777775,0.76,False
17214,simple_q084_a000,0.7575757575757576,0.09666666666666666,0.3181818181818182,0.19058553386911595,0.8094144661308841,0.6818181818181819,0.7220322222222193,0.84,False
17214,simple_q076_a008,0.7796610169491526,0.12,0.3728813559322034,0.22818791946308725,0.7718120805369127,0.6271186440677966,0.6799499999999974,0.76,False
17214,simple_q076_a016,0.8076923076923077,0.13166666666666665,0.28205128205128205,0.18244803695150116,0.8175519630484989,0.717948717948718,0.722979999999996,0.76,False
17214,simple_q084_a008,0.8275862068965517,0.07833333333333334,0.43103448275862066,0.17954545454545454,0.8204545454545454,0.5689655172413793,0.7383177777777745,0.84,False
17214,simple_q084_a016,0.746031746031746,0.085,0.38095238095238093,0.13780918727915195,0.8621908127208481,0.6190476190476191,0.7177822222222192,0.84,False
17214,simple_q090_a008,0.8571428571428571,0.043333333333333335,0.23214285714285715,0.12344280860702152,0.8765571913929785,0.7678571428571428,0.7982455555555524,0.9,False
17214,simple_q090_a016,0.9058823529411765,0.06,0.24705882352941178,0.11325028312570781,0.8867497168742922,0.7529411764705882,0.7591866666666635,0.9,False
17214,tdc_evidence_validated,0.8382352941176471,0.055,0.29411764705882354,0.16382252559726962,0.8361774744027304,0.7058823529411764,0.704535555555553,0.9063069788738405,True
17215,simple_q060_a000,0.6617647058823529,0.21166666666666667,0.4117647058823529,0.32708089097303633,0.6729191090269637,0.5882352941176471,0.6147233333333302,0.6,False
17215,simple_q068_a000,0.6216216216216216,0.18333333333333332,0.47297297297297297,0.29739336492890994,0.70260663507109,0.527027027027027,0.6642622222222191,0.68,False
17215,simple_q076_a000,0.7761194029850746,0.12333333333333334,0.3582089552238806,0.2218350754936121,0.778164924506388,0.6417910447761195,0.6395999999999972,0.76,False
17215,simple_q084_a000,0.810126582278481,0.06666666666666667,0.34177215189873417,0.1692126909518214,0.8307873090481785,0.6582278481012658,0.7344533333333296,0.84,False
17215,simple_q076_a008,0.7272727272727273,0.13666666666666666,0.4393939393939394,0.25339366515837103,0.746606334841629,0.5606060606060606,0.6386299999999973,0.76,False
17215,simple_q076_a016,0.7619047619047619,0.14,0.4603174603174603,0.17376294591484465,0.8262370540851554,0.5396825396825398,0.7177888888888855,0.76,False
17215,simple_q084_a008,0.8428571428571429,0.09666666666666666,0.2714285714285714,0.1807909604519774,0.8192090395480226,0.7285714285714286,0.7217677777777748,0.84,False
17215,simple_q084_a016,0.7746478873239436,0.09,0.352112676056338,0.1372093023255814,0.8627906976744186,0.647887323943662,0.7220355555555521,0.84,False
17215,simple_q090_a008,0.8833333333333333,0.07,0.36666666666666664,0.1323360184119678,0.8676639815880323,0.6333333333333333,0.7800511111111076,0.9,False
17215,simple_q090_a016,0.8333333333333334,0.06833333333333333,0.35714285714285715,0.12298850574712644,0.8770114942528735,0.6428571428571428,0.7324144444444419,0.9,False
17215,tdc_evidence_validated,0.8709677419354839,0.06166666666666667,0.3548387096774194,0.17425968109339407,0.8257403189066059,0.6451612903225806,0.700082222222219,0.9017180045919357,True
17216,simple_q060_a000,0.6666666666666666,0.23166666666666666,0.41333333333333333,0.3287671232876712,0.6712328767123288,0.5866666666666667,0.6221688888888853,0.6,False
17216,simple_q068_a000,0.7532467532467533,0.17166666666666666,0.35064935064935066,0.28795180722891567,0.7120481927710843,0.6493506493506493,0.649742222222219,0.68,False
17216,simple_q076_a000,0.8,0.12833333333333333,0.3384615384615385,0.2152046783625731,0.7847953216374269,0.6615384615384615,0.6856544444444406,0.76,False
17216,simple_q084_a000,0.8333333333333334,0.09666666666666666,0.24242424242424243,0.17760180995475114,0.8223981900452488,0.7575757575757576,0.7468077777777741,0.84,False
17216,simple_q076_a008,0.7792207792207793,0.12,0.3116883116883117,0.23242630385487528,0.7675736961451247,0.6883116883116883,0.7097999999999964,0.76,False
17216,simple_q076_a016,0.7638888888888888,0.13,0.4444444444444444,0.1807909604519774,0.8192090395480226,0.5555555555555556,0.646055555555553,0.76,False
17216,simple_q084_a008,0.8035714285714286,0.09166666666666666,0.30357142857142855,0.18700114025085518,0.8129988597491449,0.6964285714285714,0.722556666666663,0.84,False
17216,simple_q084_a016,0.8688524590163934,0.08666666666666667,0.2786885245901639,0.1516533637400228,0.8483466362599772,0.7213114754098361,0.719608888888886,0.84,False
17216,simple_q090_a008,0.8032786885245902,0.043333333333333335,0.3442622950819672,0.14861751152073732,0.8513824884792627,0.6557377049180328,0.7488655555555521,0.9,False
17216,simple_q090_a016,0.8333333333333334,0.06,0.2948717948717949,0.08083140877598152,0.9191685912240185,0.7051282051282051,0.7414155555555526,0.9,False
17216,tdc_evidence_validated,0.8676470588235294,0.058333333333333334,0.27941176470588236,0.21928817451205512,0.7807118254879448,0.7205882352941176,0.6686622222222195,0.9038415562205966,True
17217,simple_q060_a000,0.6376811594202898,0.2,0.4492753623188406,0.33559322033898303,0.6644067796610169,0.5507246376811594,0.5757388888888862,0.6,False
17217,simple_q068_a000,0.7068965517241379,0.17333333333333334,0.4482758620689655,0.3017341040462428,0.6982658959537572,0.5517241379310345,0.6217544444444411,0.68,False
17217,simple_q076_a000,0.6153846153846154,0.125,0.47692307692307695,0.21559633027522937,0.7844036697247706,0.523076923076923,0.6757511111111077,0.76,False
17217,simple_q084_a000,0.8493150684931506,0.07833333333333334,0.2876712328767123,0.1860730593607306,0.8139269406392694,0.7123287671232876,0.7219088888888852,0.84,False
17217,simple_q076_a008,0.6901408450704225,0.11833333333333333,0.43661971830985913,0.23446658851113716,0.7655334114888628,0.5633802816901409,0.6782533333333297,0.76,False
17217,simple_q076_a016,0.8208955223880597,0.12833333333333333,0.3582089552238806,0.1961883408071749,0.803811659192825,0.6417910447761195,0.6732711111111079,0.76,False
17217,simple_q084_a008,0.765625,0.09,0.328125,0.18729096989966554,0.8127090301003345,0.671875,0.6819088888888863,0.84,False
17217,simple_q084_a016,0.7777777777777778,0.08333333333333333,0.3611111111111111,0.13220338983050847,0.8677966101694915,0.6388888888888888,0.7080811111111079,0.84,False
17217,simple_q090_a008,0.8636363636363636,0.05333333333333334,0.2878787878787879,0.12200956937799043,0.8779904306220095,0.7121212121212122,0.758571111111108,0.9,False
17217,simple_q090_a016,0.8548387096774194,0.075,0.3548387096774194,0.11950394588500564,0.8804960541149943,0.6451612903225806,0.7434966666666636,0.9,False
17217,tdc_evidence_validated,0.875,0.056666666666666664,0.25,0.1976608187134503,0.8023391812865497,0.75,0.7090411111111082,0.9032282271962773,True
17218,simple_q060_a000,0.6785714285714286,0.185,0.39285714285714285,0.32995495495495497,0.670045045045045,0.6071428571428572,0.5683355555555529,0.6,False
17218,simple_q068_a000,0.7,0.17166666666666666,0.4857142857142857,0.25680473372781065,0.7431952662721893,0.5142857142857142,0.6518299999999969,0.68,False
17218,simple_q076_a000,0.75,0.15166666666666667,0.35,0.23877068557919623,0.7612293144208038,0.65,0.678854444444441,0.76,False
17218,simple_q084_a000,0.8205128205128205,0.08666666666666667,0.3076923076923077,0.14027149321266968,0.8597285067873304,0.6923076923076923,0.7081099999999975,0.84,False
17218,simple_q076_a008,0.6909090909090909,0.13666666666666666,0.4727272727272727,0.2290950744558992,0.7709049255441008,0.5272727272727273,0.6998166666666633,0.76,False
17218,simple_q076_a016,0.7746478873239436,0.12333333333333334,0.29577464788732394,0.1906392694063927,0.8093607305936072,0.704225352112676,0.6728255555555526,0.76,False
17218,simple_q084_a008,0.8088235294117647,0.09,0.35294117647058826,0.20090805902383654,0.7990919409761634,0.6470588235294117,0.7180111111111078,0.84,False
17218,simple_q084_a016,0.8405797101449275,0.08,0.30434782608695654,0.11830357142857142,0.8816964285714286,0.6956521739130435,0.7148455555555526,0.84,False
17218,simple_q090_a008,0.873015873015873,0.06666666666666667,0.2698412698412698,0.1271282633371169,0.8728717366628831,0.7301587301587302,0.7856844444444412,0.9,False
17218,simple_q090_a016,0.8333333333333334,0.04666666666666667,0.32142857142857145,0.10068649885583524,0.8993135011441648,0.6785714285714286,0.7383366666666644,0.9,False
17218,tdc_evidence_validated,0.7727272727272727,0.045,0.3484848484848485,0.2052689352360044,0.7947310647639956,0.6515151515151515,0.7335788888888854,0.9071871708876718,True
17219,simple_q060_a000,0.5272727272727272,0.21333333333333335,0.6,0.3142523364485981,0.6857476635514019,0.4,0.6111222222222188,0.6,False
17219,simple_q068_a000,0.7096774193548387,0.205,0.4032258064516129,0.2752075919335706,0.7247924080664294,0.5967741935483871,0.65617333333333,0.68,False
17219,simple_q076_a000,0.746268656716418,0.135,0.43283582089552236,0.23972602739726026,0.7602739726027398,0.5671641791044777,0.6902288888888852,0.76,False
17219,simple_q084_a000,0.7692307692307693,0.07666666666666666,0.4358974358974359,0.17103762827822122,0.8289623717217788,0.5641025641025641,0.7045844444444417,0.84,False
17219,simple_q076_a008,0.7407407407407407,0.13,0.4444444444444444,0.21885521885521886,0.7811447811447811,0.5555555555555556,0.649977777777775,0.76,False
17219,simple_q076_a016,0.7083333333333334,0.15,0.3888888888888889,0.20454545454545456,0.7954545454545454,0.6111111111111112,0.6638466666666636,0.76,False
17219,simple_q084_a008,0.8055555555555556,0.07166666666666667,0.3333333333333333,0.18255813953488373,0.8174418604651162,0.6666666666666667,0.7193988888888856,0.84,False
17219,simple_q084_a016,0.7951807228915663,0.08,0.27710843373493976,0.14186046511627906,0.858139534883721,0.7228915662650602,0.7086811111111081,0.84,False
17219,simple_q090_a008,0.8064516129032258,0.04666666666666667,0.25806451612903225,0.11461988304093568,0.8853801169590643,0.7419354838709677,0.7828311111111077,0.9,False
17219,simple_q090_a016,0.8194444444444444,0.055,0.3333333333333333,0.11620111731843576,0.8837988826815643,0.6666666666666667,0.7279122222222199,0.9,False
17219,tdc_evidence_validated,0.75,0.06333333333333334,0.38636363636363635,0.1842410196987254,0.8157589803012746,0.6136363636363636,0.693212222222219,0.9025854585875579,True
17220,simple_q060_a000,0.7066666666666667,0.21,0.38666666666666666,0.33451536643026003,0.66548463356974,0.6133333333333333,0.5864755555555526,0.6,False
17220,simple_q068_a000,0.8548387096774194,0.15666666666666668,0.20967741935483872,0.2742663656884876,0.7257336343115124,0.7903225806451613,0.6698677777777746,0.68,False
17220,simple_q076_a000,0.7727272727272727,0.11833333333333333,0.3939393939393939,0.23448275862068965,0.7655172413793103,0.6060606060606061,0.6731911111111076,0.76,False
17220,simple_q084_a000,0.7971014492753623,0.08666666666666667,0.2608695652173913,0.15440289505428226,0.8455971049457177,0.7391304347826086,0.7577155555555519,0.84,False
17220,simple_q076_a008,0.8333333333333334,0.16166666666666665,0.25925925925925924,0.24053452115812918,0.7594654788418709,0.7407407407407407,0.7283199999999969,0.76,False
17220,simple_q076_a016,0.717948717948718,0.14333333333333334,0.4230769230769231,0.1902552204176334,0.8097447795823666,0.5769230769230769,0.664741111111108,0.76,False
17220,simple_q084_a008,0.7307692307692307,0.095,0.3974358974358974,0.17706013363028952,0.8229398663697105,0.6025641025641026,0.7239644444444414,0.84,False
17220,simple_q084_a016,0.8,0.105,0.41818181818181815,0.1252927400468384,0.8747072599531616,0.5818181818181818,0.7050188888888863,0.84,False
17220,simple_q090_a008,0.8676470588235294,0.07,0.27941176470588236,0.13892078071182548,0.8610792192881745,0.7205882352941176,0.7611788888888861,0.9,False
17220,simple_q090_a016,0.8064516129032258,0.055,0.27419354838709675,0.10854503464203233,0.8914549653579676,0.7258064516129032,0.7457044444444418,0.9,False
17220,tdc_evidence_validated,0.921875,0.05333333333333334,0.265625,0.16704545454545455,0.8329545454545455,0.734375,0.7345522222222193,0.9079576406118379,True
17221,simple_q060_a000,0.6363636363636364,0.21833333333333332,0.42424242424242425,0.3169336384439359,0.6830663615560641,0.5757575757575757,0.6443144444444405,0.6,False
17221,simple_q068_a000,0.654320987654321,0.16166666666666665,0.4074074074074074,0.2942528735632184,0.7057471264367816,0.5925925925925926,0.6354499999999973,0.68,False
17221,simple_q076_a000,0.6323529411764706,0.115,0.47058823529411764,0.21184510250569477,0.7881548974943052,0.5294117647058824,0.6707299999999966,0.76,False
17221,simple_q084_a000,0.8243243243243243,0.07666666666666666,0.28378378378378377,0.16416184971098266,0.8358381502890173,0.7162162162162162,0.7288211111111081,0.84,False
17221,simple_q076_a008,0.6818181818181818,0.11333333333333333,0.42424242424242425,0.2165532879818594,0.7834467120181405,0.5757575757575757,0.6910055555555519,0.76,False
17221,simple_q076_a016,0.7101449275362319,0.14666666666666667,0.391304347826087,0.1787773933102653,0.8212226066897347,0.6086956521739131,0.6422511111111084,0.76,False
17221,simple_q084_a008,0.8387096774193549,0.105,0.2903225806451613,0.18514150943396226,0.8148584905660378,0.7096774193548387,0.7433211111111074,0.84,False
17221,simple_q084_a016,0.8133333333333334,0.09,0.41333333333333333,0.1252821670428894,0.8747178329571106,0.5866666666666667,0.7089722222222192,0.84,False
17221,simple_q090_a008,0.8166666666666667,0.06,0.26666666666666666,0.14123006833712984,0.8587699316628702,0.7333333333333334,0.7463399999999969,0.9,False
17221,simple_q090_a016,0.84375,0.07,0.296875,0.10913404507710557,0.8908659549228944,0.703125,0.7555566666666637,0.9,False
17221,tdc_evidence_validated,0.8450704225352113,0.06166666666666667,0.2535211267605634,0.21690767519466073,0.7830923248053393,0.7464788732394366,0.6966399999999974,0.9047950724922219,True
17222,simple_q060_a000,0.6461538461538462,0.18,0.46153846153846156,0.3231292517006803,0.6768707482993197,0.5384615384615384,0.6183977777777745,0.6,False
17222,simple_q068_a000,0.7096774193548387,0.16333333333333333,0.45161290322580644,0.2862190812720848,0.7137809187279152,0.5483870967741935,0.6868133333333295,0.68,False
17222,simple_q076_a000,0.8305084745762712,0.13166666666666665,0.2711864406779661,0.217440543601359,0.782559456398641,0.728813559322034,0.6982377777777746,0.76,False
17222,simple_q084_a000,0.7717391304347826,0.08166666666666667,0.44565217391304346,0.15967365967365968,0.8403263403263403,0.5543478260869565,0.6794466666666638,0.84,False
17222,simple_q076_a008,0.7866666666666666,0.13166666666666665,0.36,0.20765661252900233,0.7923433874709976,0.64,0.6735366666666633,0.76,False
17222,simple_q076_a016,0.7945205479452054,0.12166666666666667,0.3287671232876712,0.15276145710928318,0.8472385428907168,0.6712328767123288,0.7142911111111074,0.76,False
17222,simple_q084_a008,0.8656716417910447,0.08666666666666667,0.31343283582089554,0.16181606519208383,0.8381839348079162,0.6865671641791045,0.756629999999996,0.84,False
17222,simple_q084_a016,0.8024691358024691,0.08833333333333333,0.35802469135802467,0.1589627959413754,0.8410372040586246,0.6419753086419753,0.6709855555555531,0.84,False
17222,simple_q090_a008,0.8064516129032258,0.056666666666666664,0.2903225806451613,0.13793103448275862,0.8620689655172413,0.7096774193548387,0.733965555555553,0.9,False
17222,simple_q090_a016,0.8194444444444444,0.05333333333333334,0.3472222222222222,0.11336515513126491,0.8866348448687351,0.6527777777777778,0.7612533333333307,0.9,False
17222,tdc_evidence_validated,0.8625,0.07,0.35,0.17782909930715934,0.8221709006928406,0.65,0.7100522222222192,0.9051285526317749,True
17223,simple_q060_a000,0.5818181818181818,0.20833333333333334,0.509090909090909,0.352803738317757,0.647196261682243,0.49090909090909096,0.6141199999999968,0.6,False
17223,simple_q068_a000,0.676923076923077,0.175,0.35384615384615387,0.28865979381443296,0.711340206185567,0.6461538461538461,0.6721322222222185,0.68,False
17223,simple_q076_a000,0.5875,0.14333333333333334,0.4875,0.22690058479532163,0.7730994152046784,0.5125,0.6589333333333296,0.76,False
17223,simple_q084_a000,0.8055555555555556,0.09666666666666666,0.3472222222222222,0.1794871794871795,0.8205128205128205,0.6527777777777778,0.7812466666666626,0.84,False
17223,simple_q076_a008,0.72,0.15166666666666667,0.38,0.24882075471698112,0.7511792452830188,0.62,0.6949088888888855,0.76,False
17223,simple_q076_a016,0.7945205479452054,0.135,0.3013698630136986,0.16590389016018306,0.834096109839817,0.6986301369863014,0.6996699999999968,0.76,False
17223,simple_q084_a008,0.8627450980392157,0.06833333333333333,0.3137254901960784,0.20385050962627407,0.796149490373726,0.6862745098039216,0.7438533333333296,0.84,False
17223,simple_q084_a016,0.7164179104477612,0.095,0.417910447761194,0.1254396248534584,0.8745603751465416,0.582089552238806,0.7281866666666635,0.84,False
17223,simple_q090_a008,0.7605633802816901,0.05333333333333334,0.39436619718309857,0.14823529411764705,0.851764705882353,0.6056338028169015,0.7587911111111076,0.9,False
17223,simple_q090_a016,0.8194444444444444,0.07166666666666667,0.25,0.09851088201603665,0.9014891179839634,0.75,0.7497844444444416,0.9,False
17223,tdc_evidence_validated,0.8507462686567164,0.056666666666666664,0.2835820895522388,0.1870824053452116,0.8129175946547884,0.7164179104477613,0.7079833333333307,0.9062100027895081,True
17224,simple_q060_a000,0.7457627118644068,0.23,0.3050847457627119,0.3513203214695752,0.6486796785304247,0.6949152542372881,0.6054299999999977,0.6,False
17224,simple_q068_a000,0.7804878048780488,0.16833333333333333,0.4268292682926829,0.2700228832951945,0.7299771167048055,0.5731707317073171,0.6572299999999962,0.68,False
17224,simple_q076_a000,0.7611940298507462,0.12833333333333333,0.43283582089552236,0.2348916761687571,0.7651083238312428,0.5671641791044777,0.6976422222222188,0.76,False
17224,simple_q084_a000,0.8181818181818182,0.08666666666666667,0.2857142857142857,0.1811926605504587,0.8188073394495413,0.7142857142857143,0.7201333333333308,0.84,False
17224,simple_q076_a008,0.7571428571428571,0.125,0.4,0.2227324913892078,0.7772675086107922,0.6,0.6842655555555519,0.76,False
17224,simple_q076_a016,0.640625,0.11833333333333333,0.453125,0.17625899280575538,0.8237410071942446,0.546875,0.6399299999999974,0.76,False
17224,simple_q084_a008,0.8235294117647058,0.09,0.2647058823529412,0.17806603773584906,0.8219339622641509,0.7352941176470589,0.7304366666666635,0.84,False
17224,simple_q084_a016,0.8481012658227848,0.08666666666666667,0.27848101265822783,0.11186440677966102,0.888135593220339,0.7215189873417722,0.7136733333333305,0.84,False
17224,simple_q090_a008,0.8571428571428571,0.075,0.32857142857142857,0.13172966781214204,0.868270332187858,0.6714285714285715,0.7359777777777744,0.9,False
17224,simple_q090_a016,0.8048780487804879,0.05333333333333334,0.2682926829268293,0.09382422802850356,0.9061757719714965,0.7317073170731707,0.7815622222222192,0.9,False
17224,tdc_evidence_validated,0.8,0.07166666666666667,0.32,0.20594965675057209,0.7940503432494279,0.6799999999999999,0.7325544444444414,0.9025987280082972,True
17225,simple_q060_a000,0.6578947368421053,0.20166666666666666,0.4342105263157895,0.31336405529953915,0.6866359447004609,0.5657894736842105,0.6180188888888855,0.6,False
17225,simple_q068_a000,0.7808219178082192,0.165,0.4383561643835616,0.2735527809307605,0.7264472190692395,0.5616438356164384,0.6349911111111081,0.68,False
17225,simple_q076_a000,0.7605633802816901,0.10333333333333333,0.4084507042253521,0.22996515679442509,0.7700348432055749,0.5915492957746479,0.6675844444444412,0.76,False
17225,simple_q084_a000,0.7702702702702703,0.09166666666666666,0.33783783783783783,0.16666666666666666,0.8333333333333334,0.6621621621621622,0.7098044444444416,0.84,False
17225,simple_q076_a008,0.8524590163934426,0.13666666666666666,0.22950819672131148,0.2346109175377468,0.7653890824622532,0.7704918032786885,0.6913966666666632,0.76,False
17225,simple_q076_a016,0.7976190476190477,0.12666666666666668,0.34523809523809523,0.17889908256880735,0.8211009174311926,0.6547619047619048,0.6852466666666633,0.76,False
17225,simple_q084_a008,0.7941176470588235,0.085,0.3088235294117647,0.1625,0.8375,0.6911764705882353,0.7477611111111078,0.84,False
17225,simple_q084_a016,0.6956521739130435,0.09,0.391304347826087,0.1456876456876457,0.8543123543123543,0.6086956521739131,0.7457499999999972,0.84,False
17225,simple_q090_a008,0.7948717948717948,0.075,0.3333333333333333,0.12228571428571429,0.8777142857142857,0.6666666666666667,0.7267855555555531,0.9,False
17225,simple_q090_a016,0.9054054054054054,0.065,0.24324324324324326,0.09710982658959537,0.9028901734104047,0.7567567567567568,0.7386322222222196,0.9,False
17225,tdc_evidence_validated,0.9545454545454546,0.041666666666666664,0.21212121212121213,0.21245828698553948,0.7875417130144605,0.7878787878787878,0.7510799999999963,0.9053116347648509,True
17226,simple_q060_a000,0.647887323943662,0.20333333333333334,0.43661971830985913,0.3159117305458769,0.684088269454123,0.5633802816901409,0.5867888888888864,0.6,False
17226,simple_q068_a000,0.7590361445783133,0.165,0.3493975903614458,0.26564344746162927,0.7343565525383707,0.6506024096385542,0.6817744444444404,0.68,False
17226,simple_q076_a000,0.8307692307692308,0.15,0.3230769230769231,0.23423423423423423,0.7657657657657657,0.676923076923077,0.6833533333333299,0.76,False
17226,simple_q084_a000,0.8028169014084507,0.09333333333333334,0.29577464788732394,0.15702479338842976,0.8429752066115702,0.704225352112676,0.7419322222222192,0.84,False
17226,simple_q076_a008,0.8,0.13666666666666666,0.38333333333333336,0.22158438576349024,0.7784156142365097,0.6166666666666667,0.7182788888888851,0.76,False
17226,simple_q076_a016,0.782608695652174,0.13166666666666665,0.2898550724637681,0.16114285714285714,0.8388571428571429,0.7101449275362319,0.7094311111111075,0.76,False
17226,simple_q084_a008,0.7571428571428571,0.09833333333333333,0.3,0.18691588785046728,0.8130841121495327,0.7,0.7161444444444415,0.84,False
17226,simple_q084_a016,0.821917808219178,0.06833333333333333,0.3424657534246575,0.12371134020618557,0.8762886597938144,0.6575342465753424,0.7413522222222191,0.84,False
17226,simple_q090_a008,0.9206349206349206,0.06166666666666667,0.2698412698412698,0.14874141876430205,0.851258581235698,0.7301587301587302,0.7617166666666632,0.9,False
17226,simple_q090_a016,0.8888888888888888,0.051666666666666666,0.18518518518518517,0.09496567505720824,0.9050343249427918,0.8148148148148149,0.8059177777777746,0.9,False
17226,tdc_evidence_validated,0.8405797101449275,0.04666666666666667,0.2898550724637681,0.1860730593607306,0.8139269406392694,0.7101449275362319,0.709798888888886,0.904770326913372,True
17227,simple_q060_a000,0.6935483870967742,0.24166666666666667,0.43548387096774194,0.33030646992054485,0.6696935300794551,0.564516129032258,0.5852444444444418,0.6,False
17227,simple_q068_a000,0.7733333333333333,0.15833333333333333,0.3333333333333333,0.289198606271777,0.7108013937282229,0.6666666666666667,0.6531944444444406,0.68,False
17227,simple_q076_a000,0.8,0.13,0.2571428571428571,0.2134703196347032,0.7865296803652968,0.7428571428571429,0.7171222222222188,0.76,False
17227,simple_q084_a000,0.7903225806451613,0.07666666666666666,0.3548387096774194,0.1827956989247312,0.8172043010752688,0.6451612903225806,0.7050044444444409,0.84,False
17227,simple_q076_a008,0.65,0.155,0.4,0.22784810126582278,0.7721518987341772,0.6,0.7119511111111072,0.76,False
17227,simple_q076_a016,0.7972972972972973,0.15666666666666668,0.33783783783783783,0.16347237880496054,0.8365276211950394,0.6621621621621622,0.6972433333333299,0.76,False
17227,simple_q084_a008,0.7454545454545455,0.11,0.43636363636363634,0.20393974507531865,0.7960602549246814,0.5636363636363637,0.722106666666664,0.84,False
17227,simple_q084_a016,0.7123287671232876,0.095,0.3972602739726027,0.12240184757505773,0.8775981524249423,0.6027397260273972,0.693454444444442,0.84,False
17227,simple_q090_a008,0.9315068493150684,0.056666666666666664,0.1917808219178082,0.13211845102505695,0.8678815489749431,0.8082191780821918,0.7495744444444413,0.9,False
17227,simple_q090_a016,0.8260869565217391,0.05333333333333334,0.2898550724637681,0.10864485981308411,0.8913551401869159,0.7101449275362319,0.7320633333333303,0.9,False
17227,tdc_evidence_validated,0.875,0.06333333333333334,0.2916666666666667,0.19058553386911595,0.8094144661308841,0.7083333333333333,0.738512222222219,0.9058607425092773,True
17228,simple_q060_a000,0.6857142857142857,0.21333333333333335,0.45714285714285713,0.3147942157953281,0.6852057842046719,0.5428571428571429,0.5862988888888859,0.6,False
17228,simple_q068_a000,0.7415730337078652,0.16333333333333333,0.38202247191011235,0.25990675990675993,0.7400932400932401,0.6179775280898876,0.6362344444444408,0.68,False
17228,simple_q076_a000,0.8227848101265823,0.10666666666666667,0.27848101265822783,0.2421420256111758,0.7578579743888242,0.7215189873417722,0.68792333333333,0.76,False
17228,simple_q084_a000,0.8076923076923077,0.09,0.34615384615384615,0.19347319347319347,0.8065268065268065,0.6538461538461539,0.6946177777777748,0.84,False
17228,simple_q076_a008,0.6346153846153846,0.12833333333333333,0.4807692307692308,0.22768878718535468,0.7723112128146453,0.5192307692307692,0.6961222222222186,0.76,False
17228,simple_q076_a016,0.7195121951219512,0.115,0.3902439024390244,0.19117647058823528,0.8088235294117647,0.6097560975609756,0.6558099999999972,0.76,False
17228,simple_q084_a008,0.7868852459016393,0.1,0.4098360655737705,0.1815068493150685,0.8184931506849316,0.5901639344262295,0.7114444444444413,0.84,False
17228,simple_q084_a016,0.8939393939393939,0.07,0.24242424242424243,0.12770809578107184,0.8722919042189281,0.7575757575757576,0.7243777777777746,0.84,False
17228,simple_q090_a008,0.9078947368421053,0.06333333333333334,0.3026315789473684,0.1276595744680851,0.8723404255319149,0.6973684210526316,0.7653877777777746,0.9,False
17228,simple_q090_a016,0.8260869565217391,0.07833333333333334,0.36231884057971014,0.10459770114942529,0.8954022988505748,0.6376811594202898,0.7519077777777753,0.9,False
17228,tdc_evidence_validated,0.9032258064516129,0.04666666666666667,0.22580645161290322,0.19413092550790068,0.8058690744920993,0.7741935483870968,0.749787777777774,0.9060575097395308,True
17229,simple_q060_a000,0.6527777777777778,0.195,0.4722222222222222,0.3140495867768595,0.6859504132231404,0.5277777777777778,0.6241022222222189,0.6,False
17229,simple_q068_a000,0.7361111111111112,0.16833333333333333,0.4027777777777778,0.30180180180180183,0.6981981981981982,0.5972222222222222,0.6473288888888856,0.68,False
17229,simple_q076_a000,0.7763157894736842,0.125,0.3815789473684211,0.24563445867287545,0.7543655413271245,0.618421052631579,0.6800055555555519,0.76,False
17229,simple_q084_a000,0.8441558441558441,0.10333333333333333,0.3246753246753247,0.18108419838523646,0.8189158016147635,0.6753246753246753,0.7066211111111083,0.84,False
17229,simple_q076_a008,0.6712328767123288,0.12333333333333334,0.4794520547945205,0.2228506787330317,0.7771493212669683,0.5205479452054795,0.6865799999999966,0.76,False
17229,simple_q076_a016,0.7540983606557377,0.155,0.4426229508196721,0.1905829596412556,0.8094170403587444,0.5573770491803278,0.6553033333333301,0.76,False
17229,simple_q084_a008,0.8225806451612904,0.09833333333333333,0.3387096774193548,0.19320843091334894,0.8067915690866511,0.6612903225806452,0.7360111111111073,0.84,False
17229,simple_q084_a016,0.8032786885245902,0.08,0.3442622950819672,0.13118527042577677,0.8688147295742232,0.6557377049180328,0.7454044444444411,0.84,False
17229,simple_q090_a008,0.803030303030303,0.06833333333333333,0.3484848484848485,0.12740384615384615,0.8725961538461539,0.6515151515151515,0.7411855555555525,0.9,False
17229,simple_q090_a016,0.8793103448275862,0.05333333333333334,0.3103448275862069,0.10046728971962617,0.8995327102803738,0.6896551724137931,0.7968177777777746,0.9,False
17229,tdc_evidence_validated,0.8153846153846154,0.06833333333333333,0.36923076923076925,0.19010123734533182,0.8098987626546682,0.6307692307692307,0.6935644444444418,0.9041422119328832,True
17230,simple_q060_a000,0.6842105263157895,0.24166666666666667,0.42105263157894735,0.35502958579881655,0.6449704142011834,0.5789473684210527,0.6025977777777746,0.6,False
17230,simple_q068_a000,0.7,0.17166666666666666,0.34285714285714286,0.263905325443787,0.736094674556213,0.6571428571428571,0.687428888888885,0.68,False
17230,simple_q076_a000,0.7532467532467533,0.12,0.37662337662337664,0.19592298980747452,0.8040770101925254,0.6233766233766234,0.7098711111111077,0.76,False
17230,simple_q084_a000,0.8356164383561644,0.08166666666666667,0.2876712328767123,0.1655011655011655,0.8344988344988344,0.7123287671232876,0.7452477777777744,0.84,False
17230,simple_q076_a008,0.7361111111111112,0.12333333333333334,0.3888888888888889,0.24284077892325315,0.7571592210767468,0.6111111111111112,0.681417777777774,0.76,False
17230,simple_q076_a016,0.7916666666666666,0.13333333333333333,0.4027777777777778,0.16081540203850508,0.8391845979614949,0.5972222222222222,0.6773788888888856,0.76,False
17230,simple_q084_a008,0.7894736842105263,0.065,0.2982456140350877,0.1905311778290993,0.8094688221709007,0.7017543859649122,0.752062222222219,0.84,False
17230,simple_q084_a016,0.8507462686567164,0.10166666666666667,0.26865671641791045,0.14553990610328638,0.8544600938967136,0.7313432835820896,0.7377066666666635,0.84,False
17230,simple_q090_a008,0.8783783783783784,0.058333333333333334,0.21621621621621623,0.13641618497109825,0.8635838150289017,0.7837837837837838,0.7398833333333299,0.9,False
17230,simple_q090_a016,0.8108108108108109,0.065,0.35135135135135137,0.0951276102088167,0.9048723897911833,0.6486486486486487,0.7362088888888862,0.9,False
17230,tdc_evidence_validated,0.8382352941176471,0.055,0.29411764705882354,0.16270783847980996,0.83729216152019,0.7058823529411764,0.7392844444444411,0.9045239961762177,True
17231,simple_q060_a000,0.6875,0.21666666666666667,0.4625,0.3367117117117117,0.6632882882882882,0.5375,0.5947722222222189,0.6,False
17231,simple_q068_a000,0.7941176470588235,0.165,0.3382352941176471,0.28308400460299193,0.7169159953970081,0.6617647058823529,0.6591966666666633,0.68,False
17231,simple_q076_a000,0.8732394366197183,0.13,0.30985915492957744,0.23990772779700115,0.7600922722029988,0.6901408450704225,0.6817211111111078,0.76,False
17231,simple_q084_a000,0.7833333333333333,0.09833333333333333,0.4,0.203125,0.796875,0.6,0.7312644444444408,0.84,False
17231,simple_q076_a008,0.8333333333333334,0.14666666666666667,0.2692307692307692,0.20642201834862386,0.7935779816513762,0.7307692307692308,0.7068333333333294,0.76,False
17231,simple_q076_a016,0.6447368421052632,0.12833333333333333,0.4473684210526316,0.1784037558685446,0.8215962441314554,0.5526315789473684,0.6498722222222199,0.76,False
17231,simple_q084_a008,0.8253968253968254,0.08,0.4126984126984127,0.17093023255813952,0.8290697674418605,0.5873015873015873,0.7024944444444418,0.84,False
17231,simple_q084_a016,0.8108108108108109,0.10166666666666667,0.33783783783783783,0.12260967379077616,0.8773903262092239,0.6621621621621622,0.7517466666666636,0.84,False
17231,simple_q090_a008,0.8333333333333334,0.055,0.32051282051282054,0.15178571428571427,0.8482142857142857,0.6794871794871795,0.7359322222222199,0.9,False
17231,simple_q090_a016,0.796875,0.06333333333333334,0.328125,0.1248527679623086,0.8751472320376914,0.671875,0.7830188888888857,0.9,False
17231,tdc_evidence_validated,0.8472222222222222,0.07,0.2916666666666667,0.19517795637198623,0.8048220436280138,0.7083333333333333,0.6882988888888865,0.9034802158911835,True
17232,simple_q060_a000,0.6857142857142857,0.21166666666666667,0.5142857142857142,0.3202312138728324,0.6797687861271676,0.48571428571428577,0.575263333333331,0.6,False
17232,simple_q068_a000,0.7027027027027027,0.18,0.43243243243243246,0.2703016241299304,0.7296983758700696,0.5675675675675675,0.6463488888888855,0.68,False
17232,simple_q076_a000,0.7432432432432432,0.125,0.43243243243243246,0.22921615201900236,0.7707838479809976,0.5675675675675675,0.6574377777777747,0.76,False
17232,simple_q084_a000,0.7272727272727273,0.10333333333333333,0.37662337662337664,0.16132723112128147,0.8386727688787186,0.6233766233766234,0.6905499999999971,0.84,False
17232,simple_q076_a008,0.8166666666666667,0.12166666666666667,0.36666666666666664,0.2339930151338766,0.7660069848661234,0.6333333333333333,0.7095044444444406,0.76,False
17232,simple_q076_a016,0.796875,0.14,0.421875,0.17848970251716248,0.8215102974828375,0.578125,0.6817399999999968,0.76,False
17232,simple_q084_a008,0.8142857142857143,0.08166666666666667,0.24285714285714285,0.16099773242630386,0.8390022675736961,0.7571428571428571,0.7585933333333298,0.84,False
17232,simple_q084_a016,0.7966101694915254,0.08833333333333333,0.4406779661016949,0.14446952595936793,0.8555304740406321,0.5593220338983051,0.693097777777775,0.84,False
17232,simple_q090_a008,0.8846153846153846,0.07,0.28205128205128205,0.12145289443813848,0.8785471055618616,0.717948717948718,0.7625733333333303,0.9,False
17232,simple_q090_a016,0.8235294117647058,0.045,0.39705882352941174,0.11007025761124122,0.8899297423887588,0.6029411764705883,0.6984433333333308,0.9,False
17232,tdc_evidence_validated,0.8787878787878788,0.07666666666666666,0.36363636363636365,0.19610091743119265,0.8038990825688074,0.6363636363636364,0.6928088888888859,0.9034493337057794,True
17233,simple_q060_a000,0.7058823529411765,0.215,0.4117647058823529,0.30414746543778803,0.695852534562212,0.5882352941176471,0.6267811111111072,0.6,False
17233,simple_q068_a000,0.6794871794871795,0.16666666666666666,0.47435897435897434,0.2771929824561403,0.7228070175438597,0.5256410256410257,0.6179211111111085,0.68,False
17233,simple_q076_a000,0.7692307692307693,0.14166666666666666,0.3230769230769231,0.2186421173762946,0.7813578826237054,0.676923076923077,0.6388166666666636,0.76,False
17233,simple_q084_a000,0.7857142857142857,0.07833333333333334,0.3142857142857143,0.16777041942604856,0.8322295805739515,0.6857142857142857,0.7496933333333294,0.84,False
17233,simple_q076_a008,0.7945205479452054,0.12666666666666668,0.3972602739726027,0.2111731843575419,0.788826815642458,0.6027397260273972,0.6535844444444415,0.76,False
17233,simple_q076_a016,0.6923076923076923,0.13166666666666665,0.4307692307692308,0.17587373167981962,0.8241262683201804,0.5692307692307692,0.6733444444444407,0.76,False
17233,simple_q084_a008,0.8356164383561644,0.07666666666666666,0.2328767123287671,0.18466898954703834,0.8153310104529616,0.7671232876712328,0.7574522222222185,0.84,False
17233,simple_q084_a016,0.7291666666666666,0.09166666666666666,0.4791666666666667,0.149032992036405,0.850967007963595,0.5208333333333333,0.7290355555555524,0.84,False
17233,simple_q090_a008,0.8311688311688312,0.06666666666666667,0.35064935064935066,0.16251482799525505,0.8374851720047449,0.6493506493506493,0.7371477777777747,0.9,False
17233,simple_q090_a016,0.8333333333333334,0.06333333333333334,0.25757575757575757,0.11149425287356322,0.8885057471264368,0.7424242424242424,0.7519699999999971,0.9,False
17233,tdc_evidence_validated,0.7906976744186046,0.051666666666666666,0.32558139534883723,0.19748858447488585,0.8025114155251142,0.6744186046511628,0.7121466666666642,0.9029224998480272,True
17234,simple_q060_a000,0.6582278481012658,0.17666666666666667,0.4177215189873418,0.3540445486518171,0.6459554513481829,0.5822784810126582,0.606726666666663,0.6,False
17234,simple_q068_a000,0.6721311475409836,0.13666666666666666,0.4918032786885246,0.2794811320754717,0.7205188679245282,0.5081967213114754,0.668639999999997,0.68,False
17234,simple_q076_a000,0.7432432432432432,0.14166666666666666,0.36486486486486486,0.26804123711340205,0.731958762886598,0.6351351351351351,0.6698977777777745,0.76,False
17234,simple_q084_a000,0.8113207547169812,0.08833333333333333,0.4339622641509434,0.16666666666666666,0.8333333333333334,0.5660377358490566,0.7549177777777741,0.84,False
17234,simple_q076_a008,0.75,0.14166666666666666,0.40789473684210525,0.23214285714285715,0.7678571428571428,0.5921052631578947,0.6579677777777747,0.76,False
17234,simple_q076_a016,0.6842105263157895,0.14833333333333334,0.47368421052631576,0.1755813953488372,0.8244186046511628,0.5263157894736843,0.6828488888888856,0.76,False
17234,simple_q084_a008,0.7857142857142857,0.10666666666666667,0.375,0.1695906432748538,0.8304093567251463,0.625,0.7286111111111077,0.84,False
17234,simple_q084_a016,0.7419354838709677,0.12,0.3387096774193548,0.13683010262257697,0.863169897377423,0.6612903225806452,0.6934577777777752,0.84,False
17234,simple_q090_a008,0.863013698630137,0.08333333333333333,0.3287671232876712,0.14814814814814814,0.8518518518518519,0.6712328767123288,0.7421911111111078,0.9,False
17234,simple_q090_a016,0.8181818181818182,0.05333333333333334,0.3090909090909091,0.09070034443168772,0.9092996555683123,0.6909090909090909,0.7737911111111081,0.9,False
17234,tdc_evidence_validated,0.8,0.045,0.2857142857142857,0.1935483870967742,0.8064516129032258,0.7142857142857143,0.7282822222222188,0.9047157297424678,True
17235,simple_q060_a000,0.6615384615384615,0.16666666666666666,0.4461538461538462,0.35122520420070014,0.6487747957992999,0.5538461538461539,0.5637199999999979,0.6,False
17235,simple_q068_a000,0.6865671641791045,0.13166666666666665,0.40298507462686567,0.2751196172248804,0.7248803827751196,0.5970149253731343,0.6295544444444413,0.68,False
17235,simple_q076_a000,0.782608695652174,0.13333333333333333,0.36231884057971014,0.20932878270762229,0.7906712172923778,0.6376811594202898,0.6969144444444408,0.76,False
17235,simple_q084_a000,0.782608695652174,0.1,0.36231884057971014,0.1591928251121076,0.8408071748878924,0.6376811594202898,0.7132411111111082,0.84,False
17235,simple_q076_a008,0.6538461538461539,0.12166666666666667,0.46153846153846156,0.2261768082663605,0.7738231917336396,0.5384615384615384,0.6981744444444405,0.76,False
17235,simple_q076_a016,0.782608695652174,0.135,0.30434782608695654,0.16915995397008055,0.8308400460299195,0.6956521739130435,0.6699588888888861,0.76,False
17235,simple_q084_a008,0.8571428571428571,0.08666666666666667,0.31746031746031744,0.16780045351473924,0.8321995464852607,0.6825396825396826,0.75625333333333,0.84,False
17235,simple_q084_a016,0.8356164383561644,0.08666666666666667,0.3150684931506849,0.1534090909090909,0.8465909090909091,0.6849315068493151,0.7369555555555523,0.84,False
17235,simple_q090_a008,0.8048780487804879,0.058333333333333334,0.32926829268292684,0.12918108419838523,0.8708189158016147,0.6707317073170731,0.729399999999997,0.9,False
17235,simple_q090_a016,0.7848101265822784,0.04833333333333333,0.31645569620253167,0.10767468499427263,0.8923253150057273,0.6835443037974683,0.7359244444444416,0.9,False
17235,tdc_evidence_validated,0.8354430379746836,0.06666666666666667,0.3291139240506329,0.19748858447488585,0.8025114155251142,0.6708860759493671,0.689542222222219,0.9048435525727012,True
17236,simple_q060_a000,0.6805555555555556,0.20333333333333334,0.4305555555555556,0.3211845102505695,0.6788154897494305,0.5694444444444444,0.5983511111111088,0.6,False
17236,simple_q068_a000,0.7560975609756098,0.15333333333333332,0.4024390243902439,0.2837209302325581,0.7162790697674419,0.5975609756097561,0.6450444444444409,0.68,False
17236,simple_q076_a000,0.835820895522388,0.135,0.3283582089552239,0.21805392731535755,0.7819460726846424,0.6716417910447761,0.7007433333333298,0.76,False
17236,simple_q084_a000,0.75,0.08166666666666667,0.3472222222222222,0.167816091954023,0.832183908045977,0.6527777777777778,0.7458311111111074,0.84,False
17236,simple_q076_a008,0.8253968253968254,0.11166666666666666,0.3333333333333333,0.22365339578454332,0.7763466042154566,0.6666666666666667,0.7001688888888853,0.76,False
17236,simple_q076_a016,0.7792207792207793,0.12666666666666668,0.3116883116883117,0.17587373167981962,0.8241262683201804,0.6883116883116883,0.7013422222222189,0.76,False
17236,simple_q084_a008,0.7671232876712328,0.09833333333333333,0.3835616438356164,0.16666666666666666,0.8333333333333334,0.6164383561643836,0.7333811111111078,0.84,False
17236,simple_q084_a016,0.7887323943661971,0.09,0.38028169014084506,0.13555555555555557,0.8644444444444445,0.619718309859155,0.6973922222222194,0.84,False
17236,simple_q090_a008,0.84375,0.058333333333333334,0.28125,0.14869466515323496,0.8513053348467651,0.71875,0.715737777777775,0.9,False
17236,simple_q090_a016,0.8305084745762712,0.065,0.288135593220339,0.0981941309255079,0.9018058690744921,0.711864406779661,0.7855577777777745,0.9,False
17236,tdc_evidence_validated,0.8461538461538461,0.041666666666666664,0.3076923076923077,0.15995397008055237,0.8400460299194477,0.6923076923076923,0.7072166666666637,0.9069577145650987,True
17237,simple_q060_a000,0.5714285714285714,0.21333333333333335,0.5238095238095238,0.3189755529685681,0.681024447031432,0.47619047619047616,0.6060488888888855,0.6,False
17237,simple_q068_a000,0.6301369863013698,0.19166666666666668,0.4794520547945205,0.2608200455580866,0.7391799544419134,0.5205479452054795,0.6429222222222182,0.68,False
17237,simple_q076_a000,0.7777777777777778,0.11166666666666666,0.3194444444444444,0.21445221445221446,0.7855477855477855,0.6805555555555556,0.7022299999999966,0.76,False
17237,simple_q084_a000,0.7567567567567568,0.07666666666666666,0.43243243243243246,0.17386231038506417,0.8261376896149358,0.5675675675675675,0.6921544444444417,0.84,False
17237,simple_q076_a008,0.7647058823529411,0.12666666666666668,0.38823529411764707,0.23875432525951557,0.7612456747404844,0.611764705882353,0.6973311111111071,0.76,False
17237,simple_q076_a016,0.8507462686567164,0.13,0.29850746268656714,0.17578579743888242,0.8242142025611175,0.7014925373134329,0.6922199999999967,0.76,False
17237,simple_q084_a008,0.8412698412698413,0.10833333333333334,0.30158730158730157,0.17327293318233294,0.8267270668176671,0.6984126984126984,0.708531111111108,0.84,False
17237,simple_q084_a016,0.868421052631579,0.08833333333333333,0.23684210526315788,0.14921780986762936,0.8507821901323707,0.7631578947368421,0.7067866666666641,0.84,False
17237,simple_q090_a008,0.863013698630137,0.05333333333333334,0.3013698630136986,0.1276595744680851,0.8723404255319149,0.6986301369863014,0.7269833333333307,0.9,False
17237,simple_q090_a016,0.8333333333333334,0.06166666666666667,0.2948717948717949,0.11073059360730593,0.889269406392694,0.7051282051282051,0.7399033333333308,0.9,False
17237,tdc_evidence_validated,0.7608695652173914,0.06166666666666667,0.358695652173913,0.20521541950113378,0.7947845804988662,0.6413043478260869,0.6634322222222199,0.9024802300867174,True
17238,simple_q060_a000,0.5822784810126582,0.20166666666666666,0.5189873417721519,0.33743016759776534,0.6625698324022347,0.4810126582278481,0.592728888888886,0.6,False
17238,simple_q068_a000,0.6515151515151515,0.2,0.48484848484848486,0.27616926503340755,0.7238307349665924,0.5151515151515151,0.6330177777777749,0.68,False
17238,simple_q076_a000,0.75,0.115,0.4264705882352941,0.21462264150943397,0.785377358490566,0.5735294117647058,0.662678888888885,0.76,False
17238,simple_q084_a000,0.8441558441558441,0.08,0.35064935064935066,0.16722783389450055,0.8327721661054994,0.6493506493506493,0.7315188888888857,0.84,False
17238,simple_q076_a008,0.7538461538461538,0.12833333333333333,0.3384615384615385,0.22706422018348624,0.7729357798165137,0.6615384615384615,0.6708099999999965,0.76,False
17238,simple_q076_a016,0.7878787878787878,0.14166666666666666,0.3787878787878788,0.18109339407744876,0.8189066059225513,0.6212121212121212,0.6972311111111081,0.76,False
17238,simple_q084_a008,0.7619047619047619,0.08,0.30158730158730157,0.16647919010123735,0.8335208098987626,0.6984126984126984,0.7572922222222184,0.84,False
17238,simple_q084_a016,0.8787878787878788,0.08666666666666667,0.22727272727272727,0.13432835820895522,0.8656716417910448,0.7727272727272727,0.7473088888888858,0.84,False
17238,simple_q090_a008,0.863013698630137,0.06666666666666667,0.2876712328767123,0.13709677419354838,0.8629032258064516,0.7123287671232876,0.769064444444441,0.9,False
17238,simple_q090_a016,0.7166666666666667,0.05333333333333334,0.31666666666666665,0.12471910112359551,0.8752808988764045,0.6833333333333333,0.7956444444444419,0.9,False
17238,tdc_evidence_validated,0.7894736842105263,0.06,0.35526315789473684,0.22837370242214533,0.7716262975778547,0.6447368421052632,0.6954966666666632,0.9005699075899725,True
17239,simple_q060_a000,0.6125,0.22833333333333333,0.4875,0.346636259977195,0.653363740022805,0.5125,0.5984155555555525,0.6,False
17239,simple_q068_a000,0.6307692307692307,0.15666666666666668,0.49230769230769234,0.27959413754227735,0.7204058624577226,0.5076923076923077,0.6695744444444404,0.68,False
17239,simple_q076_a000,0.7469879518072289,0.11833333333333333,0.3855421686746988,0.23321956769055746,0.7667804323094425,0.6144578313253012,0.683165555555552,0.76,False
17239,simple_q084_a000,0.8026315789473685,0.09333333333333334,0.32894736842105265,0.17059483726150393,0.8294051627384961,0.6710526315789473,0.7074166666666638,0.84,False
17239,simple_q076_a008,0.7058823529411765,0.12,0.35294117647058826,0.24462061155152887,0.7553793884484712,0.6470588235294117,0.6794888888888851,0.76,False
17239,simple_q076_a016,0.8125,0.13,0.35,0.21693735498839908,0.7830626450116009,0.65,0.6785188888888857,0.76,False
17239,simple_q084_a008,0.891566265060241,0.095,0.3253012048192771,0.16049382716049382,0.8395061728395061,0.6746987951807228,0.7316266666666632,0.84,False
17239,simple_q084_a016,0.7567567567567568,0.08,0.3108108108108108,0.13876146788990826,0.8612385321100917,0.6891891891891893,0.7185844444444413,0.84,False
17239,simple_q090_a008,0.8088235294117647,0.043333333333333335,0.3088235294117647,0.13641618497109825,0.8635838150289017,0.6911764705882353,0.7770944444444413,0.9,False
17239,simple_q090_a016,0.896551724137931,0.07833333333333334,0.29310344827586204,0.1074660633484163,0.8925339366515836,0.7068965517241379,0.7544022222222194,0.9,False
17239,tdc_evidence_validated,0.9078947368421053,0.04,0.2236842105263158,0.21867881548974943,0.7813211845102506,0.7763157894736842,0.6888133333333304,0.903982769471427,True
17240,simple_q060_a000,0.6621621621621622,0.185,0.40540540540540543,0.3375870069605568,0.6624129930394431,0.5945945945945945,0.5931555555555532,0.6,False
17240,simple_q068_a000,0.6923076923076923,0.18666666666666668,0.38461538461538464,0.2684869169510808,0.7315130830489192,0.6153846153846154,0.6670566666666631,0.68,False
17240,simple_q076_a000,0.775,0.14666666666666667,0.45,0.20713463751438435,0.7928653624856157,0.55,0.6682622222222193,0.76,False
17240,simple_q084_a000,0.8,0.09333333333333334,0.36923076923076925,0.18497109826589594,0.815028901734104,0.6307692307692307,0.7137244444444413,0.84,False
17240,simple_q076_a008,0.8208955223880597,0.13,0.3582089552238806,0.23516237402015677,0.7648376259798433,0.6417910447761195,0.6996633333333292,0.76,False
17240,simple_q076_a016,0.7605633802816901,0.12833333333333333,0.352112676056338,0.142692750287687,0.857307249712313,0.647887323943662,0.671786666666664,0.76,False
17240,simple_q084_a008,0.8846153846153846,0.09166666666666666,0.2948717948717949,0.16981132075471697,0.8301886792452831,0.7051282051282051,0.7233455555555522,0.84,False
17240,simple_q084_a016,0.8035714285714286,0.09666666666666666,0.32142857142857145,0.14840182648401826,0.8515981735159818,0.6785714285714286,0.7457266666666637,0.84,False
17240,simple_q090_a008,0.8356164383561644,0.04666666666666667,0.3150684931506849,0.12456344586728754,0.8754365541327125,0.6849315068493151,0.7877411111111079,0.9,False
17240,simple_q090_a016,0.8607594936708861,0.06333333333333334,0.26582278481012656,0.11212814645308924,0.8878718535469108,0.7341772151898734,0.760293333333331,0.9,False
17240,tdc_evidence_validated,0.8333333333333334,0.056666666666666664,0.26666666666666666,0.17545871559633028,0.8245412844036697,0.7333333333333334,0.7561399999999964,0.9041585623643553,True
17241,simple_q060_a000,0.6666666666666666,0.17333333333333334,0.4090909090909091,0.3298368298368298,0.6701631701631702,0.5909090909090908,0.608829999999997,0.6,False
17241,simple_q068_a000,0.7,0.14833333333333334,0.375,0.3008225616921269,0.699177438307873,0.625,0.6122055555555523,0.68,False
17241,simple_q076_a000,0.7419354838709677,0.15333333333333332,0.3387096774193548,0.2324455205811138,0.7675544794188862,0.6612903225806452,0.6775133333333299,0.76,False
17241,simple_q084_a000,0.7916666666666666,0.09166666666666666,0.3472222222222222,0.17889908256880735,0.8211009174311926,0.6527777777777778,0.692778888888886,0.84,False
17241,simple_q076_a008,0.7083333333333334,0.10166666666666667,0.4027777777777778,0.23711340206185566,0.7628865979381443,0.5972222222222222,0.7040844444444408,0.76,False
17241,simple_q076_a016,0.6875,0.145,0.359375,0.17720090293453725,0.8227990970654627,0.640625,0.7270766666666629,0.76,False
17241,simple_q084_a008,0.8103448275862069,0.085,0.3620689655172414,0.17983963344788087,0.8201603665521191,0.6379310344827587,0.7383533333333301,0.84,False
17241,simple_q084_a016,0.8260869565217391,0.09166666666666666,0.30434782608695654,0.12555555555555556,0.8744444444444445,0.6956521739130435,0.7294466666666636,0.84,False
17241,simple_q090_a008,0.7375,0.051666666666666666,0.4625,0.1510957324106113,0.8489042675893888,0.5375,0.7405577777777752,0.9,False
17241,simple_q090_a016,0.8115942028985508,0.07,0.30434782608695654,0.11682242990654206,0.883177570093458,0.6956521739130435,0.744679999999997,0.9,False
17241,tdc_evidence_validated,0.8356164383561644,0.06166666666666667,0.273972602739726,0.18181818181818182,0.8181818181818181,0.726027397260274,0.7025366666666638,0.9072240564584589,True
17242,simple_q060_a000,0.6557377049180327,0.215,0.39344262295081966,0.3406720741599073,0.6593279258400927,0.6065573770491803,0.6174677777777744,0.6,False
17242,simple_q068_a000,0.6623376623376623,0.19,0.5324675324675324,0.2674285714285714,0.7325714285714287,0.4675324675324676,0.5889311111111083,0.68,False
17242,simple_q076_a000,0.7358490566037735,0.14666666666666667,0.4339622641509434,0.2365967365967366,0.7634032634032634,0.5660377358490566,0.6626088888888853,0.76,False
17242,simple_q084_a000,0.8243243243243243,0.08333333333333333,0.36486486486486486,0.18445475638051045,0.8155452436194895,0.6351351351351351,0.7304355555555525,0.84,False
17242,simple_q076_a008,0.7808219178082192,0.11166666666666666,0.3287671232876712,0.24941176470588236,0.7505882352941177,0.6712328767123288,0.6806099999999963,0.76,False
17242,simple_q076_a016,0.7468354430379747,0.145,0.31645569620253167,0.1716833890746934,0.8283166109253066,0.6835443037974683,0.6693222222222188,0.76,False
17242,simple_q084_a008,0.746031746031746,0.11833333333333333,0.38095238095238093,0.16838487972508592,0.831615120274914,0.6190476190476191,0.7514499999999964,0.84,False
17242,simple_q084_a016,0.7868852459016393,0.09833333333333333,0.2459016393442623,0.14891179839633448,0.8510882016036655,0.7540983606557377,0.7463288888888857,0.84,False
17242,simple_q090_a008,0.8552631578947368,0.07666666666666666,0.3026315789473684,0.14947856315179606,0.8505214368482039,0.6973684210526316,0.7553877777777744,0.9,False
17242,simple_q090_a016,0.8082191780821918,0.058333333333333334,0.273972602739726,0.09806157354618016,0.9019384264538198,0.726027397260274,0.7692966666666636,0.9,False
17242,tdc_evidence_validated,0.8354430379746836,0.06166666666666667,0.2911392405063291,0.1950354609929078,0.8049645390070922,0.7088607594936709,0.68850333333333,0.9043479750525214,True
17243,simple_q060_a000,0.6515151515151515,0.19,0.4393939393939394,0.3372093023255814,0.6627906976744187,0.5606060606060606,0.5973299999999969,0.6,False
17243,simple_q068_a000,0.5671641791044776,0.185,0.5373134328358209,0.26582278481012656,0.7341772151898734,0.4626865671641791,0.6507788888888855,0.68,False
17243,simple_q076_a000,0.7777777777777778,0.145,0.4027777777777778,0.23193473193473194,0.7680652680652681,0.5972222222222222,0.6650422222222186,0.76,False
17243,simple_q084_a000,0.8064516129032258,0.08833333333333333,0.3709677419354839,0.1909196740395809,0.8090803259604191,0.6290322580645161,0.7187788888888855,0.84,False
17243,simple_q076_a008,0.8103448275862069,0.13,0.3448275862068966,0.21875,0.78125,0.6551724137931034,0.7085433333333298,0.76,False
17243,simple_q076_a016,0.864406779661017,0.12333333333333334,0.3220338983050847,0.1655011655011655,0.8344988344988344,0.6779661016949152,0.6813599999999969,0.76,False
17243,simple_q084_a008,0.8378378378378378,0.065,0.33783783783783783,0.18118466898954705,0.8188153310104529,0.6621621621621622,0.7079922222222191,0.84,False
17243,simple_q084_a016,0.7733333333333333,0.07166666666666667,0.3466666666666667,0.12226066897347174,0.8777393310265282,0.6533333333333333,0.7074155555555529,0.84,False
17243,simple_q090_a008,0.8795180722891566,0.07333333333333333,0.26506024096385544,0.14861751152073732,0.8513824884792627,0.7349397590361446,0.76083333333333,0.9,False
17243,simple_q090_a016,0.9074074074074074,0.07333333333333333,0.18518518518518517,0.10171428571428572,0.8982857142857142,0.8148148148148149,0.7982688888888857,0.9,False
17243,tdc_evidence_validated,0.7702702702702703,0.06666666666666667,0.3108108108108108,0.18192352259559674,0.8180764774044033,0.6891891891891893,0.7304133333333301,0.9066505570443745,True
17244,simple_q060_a000,0.6376811594202898,0.20166666666666666,0.4492753623188406,0.36054421768707484,0.6394557823129252,0.5507246376811594,0.6062022222222195,0.6,False
17244,simple_q068_a000,0.7708333333333334,0.17666666666666667,0.3541666666666667,0.28312570781426954,0.7168742921857305,0.6458333333333333,0.6185277777777752,0.68,False
17244,simple_q076_a000,0.7777777777777778,0.14333333333333334,0.31746031746031744,0.2036613272311213,0.7963386727688787,0.6825396825396826,0.695971111111108,0.76,False
17244,simple_q084_a000,0.8115942028985508,0.08,0.2753623188405797,0.15985997666277713,0.8401400233372229,0.7246376811594203,0.729981111111108,0.84,False
17244,simple_q076_a008,0.7352941176470589,0.13333333333333333,0.39705882352941174,0.22531939605110338,0.7746806039488966,0.6029411764705883,0.6495688888888863,0.76,False
17244,simple_q076_a016,0.75,0.15833333333333333,0.3382352941176471,0.17386363636363636,0.8261363636363637,0.6617647058823529,0.6744288888888856,0.76,False
17244,simple_q084_a008,0.8333333333333334,0.10666666666666667,0.2638888888888889,0.20689655172413793,0.7931034482758621,0.7361111111111112,0.7048133333333304,0.84,False
17244,simple_q084_a016,0.8552631578947368,0.085,0.2894736842105263,0.1342434584755404,0.8657565415244596,0.7105263157894737,0.7122344444444417,0.84,False
17244,simple_q090_a008,0.7702702702702703,0.07166666666666667,0.40540540540540543,0.1584385763490241,0.8415614236509759,0.5945945945945945,0.7329299999999971,0.9,False
17244,simple_q090_a016,0.8571428571428571,0.06166666666666667,0.25,0.12441860465116279,0.8755813953488372,0.75,0.7791599999999971,0.9,False
17244,tdc_evidence_validated,0.8470588235294118,0.055,0.3058823529411765,0.1860730593607306,0.8139269406392694,0.6941176470588235,0.7205944444444408,0.9042695143131427,True
17245,simple_q060_a000,0.6438356164383562,0.20833333333333334,0.4246575342465753,0.32963374028856823,0.6703662597114317,0.5753424657534247,0.6058333333333306,0.6,False
17245,simple_q068_a000,0.6883116883116883,0.16166666666666665,0.4675324675324675,0.2785956964892412,0.7214043035107588,0.5324675324675325,0.6143755555555528,0.68,False
17245,simple_q076_a000,0.8285714285714286,0.125,0.34285714285714286,0.24655963302752293,0.7534403669724771,0.6571428571428571,0.7075633333333303,0.76,False
17245,simple_q084_a000,0.7972972972972973,0.09666666666666666,0.4189189189189189,0.1790341578327444,0.8209658421672557,0.5810810810810811,0.6992955555555526,0.84,False
17245,simple_q076_a008,0.8392857142857143,0.12333333333333334,0.21428571428571427,0.21552723059096177,0.7844727694090382,0.7857142857142857,0.7195311111111076,0.76,False
17245,simple_q076_a016,0.72,0.105,0.44,0.18993135011441648,0.8100686498855836,0.56,0.6640422222222193,0.76,False
17245,simple_q084_a008,0.8695652173913043,0.09666666666666666,0.3333333333333333,0.19217491369390102,0.807825086306099,0.6666666666666667,0.7252722222222188,0.84,False
17245,simple_q084_a016,0.8133333333333334,0.09166666666666666,0.32,0.1329479768786127,0.8670520231213873,0.6799999999999999,0.7332866666666636,0.84,False
17245,simple_q090_a008,0.8656716417910447,0.04833333333333333,0.29850746268656714,0.14268585131894485,0.8573141486810552,0.7014925373134329,0.7352599999999974,0.9,False
17245,simple_q090_a016,0.8333333333333334,0.05,0.2692307692307692,0.11556064073226545,0.8844393592677345,0.7307692307692308,0.7364744444444414,0.9,False
17245,tdc_evidence_validated,0.90625,0.06166666666666667,0.265625,0.16760404949381327,0.8323959505061868,0.734375,0.7243099999999971,0.9058588904492351,True
17246,simple_q060_a000,0.7307692307692307,0.22666666666666666,0.4230769230769231,0.34275618374558303,0.657243816254417,0.5769230769230769,0.5974655555555523,0.6,False
17246,simple_q068_a000,0.6029411764705882,0.185,0.5735294117647058,0.2846975088967972,0.7153024911032029,0.42647058823529416,0.6387033333333305,0.68,False
17246,simple_q076_a000,0.7536231884057971,0.14666666666666667,0.3333333333333333,0.2502818489289741,0.7497181510710259,0.6666666666666667,0.6815866666666637,0.76,False
17246,simple_q084_a000,0.7647058823529411,0.105,0.38235294117647056,0.17981438515081208,0.820185614849188,0.6176470588235294,0.7344466666666633,0.84,False
17246,simple_q076_a008,0.7894736842105263,0.12666666666666668,0.3684210526315789,0.21954022988505748,0.7804597701149425,0.631578947368421,0.7093799999999965,0.76,False
17246,simple_q076_a016,0.76,0.12666666666666668,0.37333333333333335,0.18181818181818182,0.8181818181818181,0.6266666666666667,0.6446644444444414,0.76,False
17246,simple_q084_a008,0.746031746031746,0.10833333333333334,0.3333333333333333,0.1611804767309875,0.8388195232690125,0.6666666666666667,0.7262311111111074,0.84,False
17246,simple_q084_a016,0.8285714285714286,0.10166666666666667,0.3,0.13370786516853933,0.8662921348314607,0.7,0.7260677777777748,0.84,False
17246,simple_q090_a008,0.8275862068965517,0.06833333333333333,0.3218390804597701,0.15610859728506787,0.8438914027149321,0.6781609195402298,0.7431111111111082,0.9,False
17246,simple_q090_a016,0.7733333333333333,0.06,0.38666666666666666,0.11251435132032148,0.8874856486796785,0.6133333333333333,0.7572166666666641,0.9,False
17246,tdc_evidence_validated,0.7846153846153846,0.065,0.36923076923076925,0.15661252900232017,0.8433874709976799,0.6307692307692307,0.7106733333333303,0.906433114180593,True
17247,simple_q060_a000,0.6129032258064516,0.20833333333333334,0.5,0.3283410138248848,0.6716589861751152,0.5,0.5855588888888861,0.6,False
17247,simple_q068_a000,0.6582278481012658,0.175,0.4936708860759494,0.2537313432835821,0.7462686567164178,0.5063291139240507,0.6360799999999972,0.68,False
17247,simple_q076_a000,0.7954545454545454,0.13,0.3409090909090909,0.2363013698630137,0.7636986301369864,0.6590909090909092,0.691591111111107,0.76,False
17247,simple_q084_a000,0.7101449275362319,0.10166666666666667,0.4492753623188406,0.16,0.84,0.5507246376811594,0.7375455555555518,0.84,False
17247,simple_q076_a008,0.7741935483870968,0.15333333333333332,0.4032258064516129,0.24023668639053256,0.7597633136094675,0.5967741935483871,0.6704955555555523,0.76,False
17247,simple_q076_a016,0.7532467532467533,0.15333333333333332,0.33766233766233766,0.17149478563151796,0.828505214368482,0.6623376623376623,0.6816255555555522,0.76,False
17247,simple_q084_a008,0.8461538461538461,0.105,0.24615384615384617,0.16801853997682503,0.831981460023175,0.7538461538461538,0.7220311111111082,0.84,False
17247,simple_q084_a016,0.8115942028985508,0.08333333333333333,0.2898550724637681,0.1254355400696864,0.8745644599303136,0.7101449275362319,0.728202222222219,0.84,False
17247,simple_q090_a008,0.8309859154929577,0.06333333333333334,0.28169014084507044,0.13641618497109825,0.8635838150289017,0.7183098591549295,0.7670177777777742,0.9,False
17247,simple_q090_a016,0.8666666666666667,0.07333333333333333,0.31666666666666665,0.11716937354988399,0.882830626450116,0.6833333333333333,0.7855566666666634,0.9,False
17247,tdc_evidence_validated,0.7926829268292683,0.06,0.3048780487804878,0.19080459770114944,0.8091954022988506,0.6951219512195121,0.7185577777777749,0.9083114701776669,True
17248,simple_q060_a000,0.7058823529411765,0.19,0.4264705882352941,0.3257918552036199,0.6742081447963801,0.5735294117647058,0.5790244444444419,0.6,False
17248,simple_q068_a000,0.6764705882352942,0.17833333333333334,0.4852941176470588,0.2552204176334107,0.7447795823665893,0.5147058823529411,0.6185622222222193,0.68,False
17248,simple_q076_a000,0.711864406779661,0.14666666666666667,0.3898305084745763,0.21112372304199772,0.7888762769580022,0.6101694915254237,0.6792244444444412,0.76,False
17248,simple_q084_a000,0.796875,0.08,0.390625,0.19425287356321838,0.8057471264367816,0.609375,0.7042122222222192,0.84,False
17248,simple_q076_a008,0.7647058823529411,0.13666666666666666,0.36470588235294116,0.22111111111111112,0.7788888888888889,0.6352941176470588,0.709922222222219,0.76,False
17248,simple_q076_a016,0.8,0.105,0.37142857142857144,0.18277066356228172,0.8172293364377183,0.6285714285714286,0.6507422222222192,0.76,False
17248,simple_q084_a008,0.7777777777777778,0.09833333333333333,0.3472222222222222,0.16194790486976218,0.8380520951302378,0.6527777777777778,0.7077222222222187,0.84,False
17248,simple_q084_a016,0.8028169014084507,0.08333333333333333,0.323943661971831,0.13172966781214204,0.868270332187858,0.676056338028169,0.6845288888888857,0.84,False
17248,simple_q090_a008,0.8245614035087719,0.06,0.42105263157894735,0.1375722543352601,0.8624277456647399,0.5789473684210527,0.7556899999999974,0.9,False
17248,simple_q090_a016,0.8636363636363636,0.05333333333333334,0.2878787878787879,0.11647058823529412,0.8835294117647059,0.7121212121212122,0.757517777777775,0.9,False
17248,tdc_evidence_validated,0.8870967741935484,0.06,0.22580645161290322,0.19710467706013363,0.8028953229398663,0.7741935483870968,0.7122799999999969,0.9081537670619659,True
17249,simple_q060_a000,0.6794871794871795,0.19666666666666666,0.46153846153846156,0.3337236533957845,0.6662763466042154,0.5384615384615384,0.5805966666666644,0.6,False
17249,simple_q068_a000,0.6461538461538462,0.17,0.46153846153846156,0.27765237020316025,0.7223476297968398,0.5384615384615384,0.6745677777777741,0.68,False
17249,simple_q076_a000,0.7384615384615385,0.12833333333333333,0.4,0.22065727699530516,0.7793427230046949,0.6,0.6786322222222184,0.76,False
17249,simple_q084_a000,0.810126582278481,0.09333333333333334,0.34177215189873417,0.18863636363636363,0.8113636363636364,0.6582278481012658,0.652805555555553,0.84,False
17249,simple_q076_a008,0.821917808219178,0.12833333333333333,0.3561643835616438,0.23550295857988165,0.7644970414201183,0.6438356164383562,0.671701111111108,0.76,False
17249,simple_q076_a016,0.7123287671232876,0.13333333333333333,0.3972602739726027,0.1956271576524741,0.8043728423475259,0.6027397260273972,0.6595277777777749,0.76,False
17249,simple_q084_a008,0.9166666666666666,0.09666666666666666,0.16666666666666666,0.18021201413427562,0.8197879858657244,0.8333333333333334,0.7595755555555522,0.84,False
17249,simple_q084_a016,0.8181818181818182,0.08833333333333333,0.30303030303030304,0.1425233644859813,0.8574766355140186,0.696969696969697,0.7709533333333299,0.84,False
17249,simple_q090_a008,0.8939393939393939,0.06,0.3181818181818182,0.12873563218390804,0.871264367816092,0.6818181818181819,0.7609322222222188,0.9,False
17249,simple_q090_a016,0.8902439024390244,0.058333333333333334,0.21951219512195122,0.12293144208037825,0.8770685579196218,0.7804878048780488,0.7215033333333308,0.9,False
17249,tdc_evidence_validated,0.8904109589041096,0.06,0.3013698630136986,0.19369369369369369,0.8063063063063063,0.6986301369863014,0.691116666666664,0.9060149994915392,True
17250,simple_q060_a000,0.6811594202898551,0.22,0.37681159420289856,0.3465909090909091,0.6534090909090908,0.6231884057971014,0.6032855555555524,0.6,False
17250,simple_q068_a000,0.6065573770491803,0.17833333333333334,0.5573770491803278,0.2834285714285714,0.7165714285714286,0.4426229508196722,0.6480366666666634,0.68,False
17250,simple_q076_a000,0.7575757575757576,0.12666666666666668,0.3787878787878788,0.22536806342015855,0.7746319365798414,0.6212121212121212,0.6753899999999964,0.76,False
17250,simple_q084_a000,0.8387096774193549,0.12,0.3064516129032258,0.16968325791855204,0.8303167420814479,0.6935483870967742,0.6716555555555522,0.84,False
17250,simple_q076_a008,0.8088235294117647,0.10666666666666667,0.35294117647058826,0.20828402366863905,0.7917159763313609,0.6470588235294117,0.7017999999999966,0.76,False
17250,simple_q076_a016,0.7692307692307693,0.135,0.36923076923076925,0.1693548387096774,0.8306451612903226,0.6307692307692307,0.6835088888888855,0.76,False
17250,simple_q084_a008,0.8208955223880597,0.07333333333333333,0.26865671641791045,0.15825688073394495,0.841743119266055,0.7313432835820896,0.6841988888888861,0.84,False
17250,simple_q084_a016,0.8028169014084507,0.07333333333333333,0.4225352112676056,0.16143497757847533,0.8385650224215246,0.5774647887323944,0.7047899999999966,0.84,False
17250,simple_q090_a008,0.8024691358024691,0.058333333333333334,0.345679012345679,0.16763678696158324,0.8323632130384168,0.654320987654321,0.7095211111111082,0.9,False
17250,simple_q090_a016,0.8235294117647058,0.06333333333333334,0.36764705882352944,0.11163337250293771,0.8883666274970623,0.6323529411764706,0.7556333333333305,0.9,False
17250,tdc_evidence_validated,0.8181818181818182,0.051666666666666666,0.2727272727272727,0.17927823050058206,0.820721769499418,0.7272727272727273,0.7416166666666631,0.9079994859838796,True
17251,simple_q060_a000,0.711864406779661,0.20166666666666666,0.4067796610169492,0.3548009367681499,0.6451990632318501,0.5932203389830508,0.6341311111111076,0.6,False
17251,simple_q068_a000,0.6,0.165,0.44285714285714284,0.2770663562281723,0.7229336437718277,0.5571428571428572,0.6304511111111077,0.68,False
17251,simple_q076_a000,0.7,0.14666666666666667,0.42857142857142855,0.2467222884386174,0.7532777115613826,0.5714285714285714,0.680996666666663,0.76,False
17251,simple_q084_a000,0.8333333333333334,0.085,0.3611111111111111,0.1548974943052392,0.8451025056947608,0.6388888888888888,0.6911755555555527,0.84,False
17251,simple_q076_a008,0.8311688311688312,0.12,0.33766233766233766,0.22465437788018433,0.7753456221198156,0.6623376623376623,0.667257777777774,0.76,False
17251,simple_q076_a016,0.7532467532467533,0.14666666666666667,0.36363636363636365,0.18823529411764706,0.8117647058823529,0.6363636363636364,0.6871644444444412,0.76,False
17251,simple_q084_a008,0.7368421052631579,0.08,0.39473684210526316,0.18358038768529075,0.8164196123147093,0.6052631578947368,0.7315011111111077,0.84,False
17251,simple_q084_a016,0.8461538461538461,0.08833333333333333,0.32051282051282054,0.1350407450523865,0.8649592549476135,0.6794871794871795,0.6812966666666644,0.84,False
17251,simple_q090_a008,0.7333333333333333,0.056666666666666664,0.4,0.13410404624277455,0.8658959537572255,0.6,0.7430133333333303,0.9,False
17251,simple_q090_a016,0.8260869565217391,0.07,0.391304347826087,0.1175115207373272,0.8824884792626728,0.6086956521739131,0.7434133333333303,0.9,False
17251,tdc_evidence_validated,0.8493150684931506,0.07166666666666667,0.2191780821917808,0.2070874861572536,0.7929125138427464,0.7808219178082192,0.6861811111111084,0.9043936423946227,True
17252,simple_q060_a000,0.6823529411764706,0.24666666666666667,0.4823529411764706,0.33601841196777904,0.663981588032221,0.5176470588235293,0.5908622222222201,0.6,False
17252,simple_q068_a000,0.7297297297297297,0.185,0.40540540540540543,0.2674285714285714,0.7325714285714287,0.5945945945945945,0.6492233333333304,0.68,False
17252,simple_q076_a000,0.7580645161290323,0.145,0.3225806451612903,0.21016949152542372,0.7898305084745763,0.6774193548387097,0.6996755555555518,0.76,False
17252,simple_q084_a000,0.75,0.09166666666666666,0.34375,0.15639269406392695,0.843607305936073,0.65625,0.7424988888888853,0.84,False
17252,simple_q076_a008,0.7945205479452054,0.10833333333333334,0.3561643835616438,0.2157079646017699,0.7842920353982301,0.6438356164383562,0.6861711111111078,0.76,False
17252,simple_q076_a016,0.7466666666666667,0.125,0.41333333333333333,0.16647264260768335,0.8335273573923166,0.5866666666666667,0.6852144444444411,0.76,False
17252,simple_q084_a008,0.7962962962962963,0.11,0.3148148148148148,0.1660939289805269,0.8339060710194731,0.6851851851851851,0.76446333333333,0.84,False
17252,simple_q084_a016,0.7611940298507462,0.10833333333333334,0.31343283582089554,0.13853317811408614,0.8614668218859138,0.6865671641791045,0.7158555555555526,0.84,False
17252,simple_q090_a008,0.7945205479452054,0.065,0.4246575342465753,0.140534262485482,0.859465737514518,0.5753424657534247,0.7189766666666645,0.9,False
17252,simple_q090_a016,0.8676470588235294,0.07666666666666666,0.3235294117647059,0.10236220472440945,0.8976377952755905,0.6764705882352942,0.7776011111111082,0.9,False
17252,tdc_evidence_validated,1.0,0.055,0.1206896551724138,0.21688159437280188,0.7831184056271981,0.8793103448275862,0.7310666666666641,0.9079444850000524,True
17253,simple_q060_a000,0.5961538461538461,0.24833333333333332,0.5961538461538461,0.339907192575406,0.660092807424594,0.40384615384615385,0.5933433333333298,0.6,False
17253,simple_q068_a000,0.7083333333333334,0.16833333333333333,0.4027777777777778,0.29147465437788017,0.7085253456221199,0.5972222222222222,0.6528433333333297,0.68,False
17253,simple_q076_a000,0.7534246575342466,0.12,0.3972602739726027,0.22569832402234638,0.7743016759776536,0.6027397260273972,0.6850566666666633,0.76,False
17253,simple_q084_a000,0.8387096774193549,0.09833333333333333,0.24193548387096775,0.2002262443438914,0.7997737556561086,0.7580645161290323,0.750237777777774,0.84,False
17253,simple_q076_a008,0.6923076923076923,0.14333333333333334,0.36923076923076925,0.19632606199770378,0.8036739380022963,0.6307692307692307,0.6770544444444418,0.76,False
17253,simple_q076_a016,0.6666666666666666,0.12666666666666668,0.4492753623188406,0.16572077185017026,0.8342792281498297,0.5507246376811594,0.6829044444444419,0.76,False
17253,simple_q084_a008,0.8208955223880597,0.07833333333333334,0.2537313432835821,0.17221584385763491,0.8277841561423651,0.7462686567164178,0.7341244444444409,0.84,False
17253,simple_q084_a016,0.8064516129032258,0.085,0.3548387096774194,0.13748531139835488,0.8625146886016452,0.6451612903225806,0.7283644444444416,0.84,False
17253,simple_q090_a008,0.8840579710144928,0.04,0.2898550724637681,0.14350282485875707,0.8564971751412429,0.7101449275362319,0.7307588888888853,0.9,False
17253,simple_q090_a016,0.8507462686567164,0.04666666666666667,0.22388059701492538,0.08654970760233918,0.9134502923976608,0.7761194029850746,0.7718688888888862,0.9,False
17253,tdc_evidence_validated,0.8108108108108109,0.06166666666666667,0.35135135135135137,0.1760644418872267,0.8239355581127733,0.6486486486486487,0.7013855555555527,0.903566822848962,True
17254,simple_q060_a000,0.6515151515151515,0.24333333333333335,0.4393939393939394,0.3246311010215664,0.6753688989784337,0.5606060606060606,0.5855888888888859,0.6,False
17254,simple_q068_a000,0.6617647058823529,0.15166666666666667,0.4411764705882353,0.27128263337116915,0.7287173666288309,0.5588235294117647,0.6382888888888855,0.68,False
17254,simple_q076_a000,0.7627118644067796,0.11666666666666667,0.4067796610169492,0.2528868360277136,0.7471131639722863,0.5932203389830508,0.6732122222222189,0.76,False
17254,simple_q084_a000,0.7833333333333333,0.08166666666666667,0.3,0.18549346016646848,0.8145065398335315,0.7,0.7212488888888858,0.84,False
17254,simple_q076_a008,0.7222222222222222,0.13166666666666665,0.375,0.2286036036036036,0.7713963963963963,0.625,0.6861266666666628,0.76,False
17254,simple_q076_a016,0.6666666666666666,0.12833333333333333,0.4666666666666667,0.1981460023174971,0.8018539976825029,0.5333333333333333,0.6625077777777747,0.76,False
17254,simple_q084_a008,0.7941176470588235,0.08166666666666667,0.35294117647058826,0.16569428238039674,0.8343057176196033,0.6470588235294117,0.7426744444444411,0.84,False
17254,simple_q084_a016,0.8133333333333334,0.07333333333333333,0.3333333333333333,0.13646788990825687,0.8635321100917431,0.6666666666666667,0.7114977777777752,0.84,False
17254,simple_q090_a008,0.8307692307692308,0.06166666666666667,0.27692307692307694,0.1374133949191686,0.8625866050808314,0.7230769230769231,0.7424122222222191,0.9,False
17254,simple_q090_a016,0.864406779661017,0.07666666666666666,0.3220338983050847,0.10681818181818181,0.8931818181818182,0.6779661016949152,0.7743588888888863,0.9,False
17254,tdc_evidence_validated,0.9322033898305084,0.055,0.1864406779661017,0.20441347270615565,0.7955865272938444,0.8135593220338984,0.7054155555555526,0.9056958559990795,True
17255,simple_q060_a000,0.6666666666666666,0.21333333333333335,0.42424242424242425,0.3416856492027335,0.6583143507972665,0.5757575757575757,0.6292022222222189,0.6,False
17255,simple_q068_a000,0.6941176470588235,0.18166666666666667,0.43529411764705883,0.27048260381593714,0.7295173961840629,0.5647058823529412,0.6488599999999964,0.68,False
17255,simple_q076_a000,0.8181818181818182,0.12666666666666668,0.3181818181818182,0.23094688221709006,0.76905311778291,0.6818181818181819,0.7139933333333295,0.76,False
17255,simple_q084_a000,0.7903225806451613,0.1,0.3548387096774194,0.16666666666666666,0.8333333333333334,0.6451612903225806,0.7417355555555518,0.84,False
17255,simple_q076_a008,0.6865671641791045,0.115,0.417910447761194,0.2148664343786295,0.7851335656213705,0.582089552238806,0.7041933333333298,0.76,False
17255,simple_q076_a016,0.7714285714285715,0.14833333333333334,0.37142857142857144,0.19425287356321838,0.8057471264367816,0.6285714285714286,0.6367944444444422,0.76,False
17255,simple_q084_a008,0.8133333333333334,0.08333333333333333,0.28,0.1744186046511628,0.8255813953488372,0.72,0.7795611111111074,0.84,False
17255,simple_q084_a016,0.8888888888888888,0.10833333333333334,0.24074074074074073,0.14351851851851852,0.8564814814814815,0.7592592592592593,0.7495699999999965,0.84,False
17255,simple_q090_a008,0.859375,0.04666666666666667,0.328125,0.13176470588235295,0.868235294117647,0.671875,0.7541722222222196,0.9,False
17255,simple_q090_a016,0.8450704225352113,0.06,0.29577464788732394,0.10194730813287514,0.8980526918671249,0.704225352112676,0.7396855555555529,0.9,False
17255,tdc_evidence_validated,0.8108108108108109,0.055,0.28378378378378377,0.19351100811123986,0.8064889918887601,0.7162162162162162,0.7589988888888856,0.9051902744469926,True
17256,simple_q060_a000,0.5967741935483871,0.20333333333333334,0.532258064516129,0.3325867861142217,0.6674132138857782,0.467741935483871,0.6169444444444409,0.6,False
17256,simple_q068_a000,0.7164179104477612,0.16833333333333333,0.43283582089552236,0.2642369020501139,0.7357630979498861,0.5671641791044777,0.6355533333333299,0.68,False
17256,simple_q076_a000,0.7272727272727273,0.11666666666666667,0.30303030303030304,0.22850412249705537,0.7714958775029446,0.696969696969697,0.6715066666666636,0.76,False
17256,simple_q084_a000,0.7894736842105263,0.08833333333333333,0.4473684210526316,0.1733181299885975,0.8266818700114025,0.5526315789473684,0.7056466666666638,0.84,False
17256,simple_q076_a008,0.7076923076923077,0.10833333333333334,0.4461538461538462,0.23873873873873874,0.7612612612612613,0.5538461538461539,0.6831077777777745,0.76,False
17256,simple_q076_a016,0.7866666666666666,0.15166666666666667,0.48,0.1518987341772152,0.8481012658227848,0.52,0.6595355555555527,0.76,False
17256,simple_q084_a008,0.8202247191011236,0.09833333333333333,0.3707865168539326,0.1751740139211137,0.8248259860788862,0.6292134831460674,0.7004288888888851,0.84,False
17256,simple_q084_a016,0.8448275862068966,0.095,0.3275862068965517,0.14905450500556172,0.8509454949944383,0.6724137931034483,0.712107777777775,0.84,False
17256,simple_q090_a008,0.8947368421052632,0.06333333333333334,0.2236842105263158,0.14236902050113895,0.857630979498861,0.7763157894736842,0.7746599999999976,0.9,False
17256,simple_q090_a016,0.7571428571428571,0.05,0.34285714285714286,0.11284916201117319,0.8871508379888268,0.6571428571428571,0.7599511111111082,0.9,False
17256,tdc_evidence_validated,0.9076923076923077,0.05333333333333334,0.27692307692307694,0.20139697322467986,0.7986030267753201,0.7230769230769231,0.7215488888888862,0.9033258663950184,True
17257,simple_q060_a000,0.6065573770491803,0.24,0.5081967213114754,0.3473325766174801,0.6526674233825198,0.4918032786885246,0.5978999999999967,0.6,False
17257,simple_q068_a000,0.6666666666666666,0.17333333333333334,0.4567901234567901,0.2715909090909091,0.7284090909090909,0.5432098765432098,0.6380955555555521,0.68,False
17257,simple_q076_a000,0.8,0.15166666666666667,0.35,0.23178807947019867,0.7682119205298014,0.65,0.6653022222222194,0.76,False
17257,simple_q084_a000,0.8307692307692308,0.075,0.3230769230769231,0.15005861664712777,0.8499413833528722,0.676923076923077,0.7628288888888856,0.84,False
17257,simple_q076_a008,0.8405797101449275,0.12,0.3333333333333333,0.24165707710011508,0.7583429228998849,0.6666666666666667,0.7262666666666626,0.76,False
17257,simple_q076_a016,0.7611940298507462,0.145,0.3880597014925373,0.19599109131403117,0.8040089086859689,0.6119402985074627,0.659446666666664,0.76,False
17257,simple_q084_a008,0.7727272727272727,0.09166666666666666,0.3787878787878788,0.20449438202247192,0.7955056179775281,0.6212121212121212,0.7278811111111072,0.84,False
17257,simple_q084_a016,0.84375,0.08666666666666667,0.296875,0.1404109589041096,0.8595890410958904,0.703125,0.7107833333333303,0.84,False
17257,simple_q090_a008,0.8902439024390244,0.07,0.32926829268292684,0.13394919168591224,0.8660508083140878,0.6707317073170731,0.7592722222222188,0.9,False
17257,simple_q090_a016,0.9,0.06666666666666667,0.2,0.09195402298850575,0.9080459770114943,0.8,0.7881722222222192,0.9,False
17257,tdc_evidence_validated,0.8070175438596491,0.055,0.2807017543859649,0.18501702610669693,0.8149829738933031,0.7192982456140351,0.7235911111111077,0.9053460634233679,True
17258,simple_q060_a000,0.7323943661971831,0.19166666666666668,0.4225352112676056,0.3329532497149373,0.6670467502850628,0.5774647887323944,0.6303199999999961,0.6,False
17258,simple_q068_a000,0.7432432432432432,0.15666666666666668,0.33783783783783783,0.2831661092530658,0.7168338907469343,0.6621621621621622,0.6386022222222197,0.68,False
17258,simple_q076_a000,0.7692307692307693,0.12166666666666667,0.3384615384615385,0.23563218390804597,0.764367816091954,0.6615384615384615,0.6774611111111077,0.76,False
17258,simple_q084_a000,0.8059701492537313,0.08333333333333333,0.3283582089552239,0.1840277777777778,0.8159722222222222,0.6716417910447761,0.7197588888888857,0.84,False
17258,simple_q076_a008,0.7746478873239436,0.12833333333333333,0.28169014084507044,0.1941860465116279,0.8058139534883721,0.7183098591549295,0.7097066666666628,0.76,False
17258,simple_q076_a016,0.8307692307692308,0.11666666666666667,0.26153846153846155,0.18097447795823665,0.8190255220417634,0.7384615384615385,0.7253233333333297,0.76,False
17258,simple_q084_a008,0.8611111111111112,0.09666666666666666,0.2777777777777778,0.16917728852838934,0.8308227114716107,0.7222222222222222,0.7228255555555516,0.84,False
17258,simple_q084_a016,0.8032786885245902,0.095,0.2786885245901639,0.136568848758465,0.863431151241535,0.7213114754098361,0.7235544444444415,0.84,False
17258,simple_q090_a008,0.8648648648648649,0.04666666666666667,0.2702702702702703,0.12895927601809956,0.8710407239819005,0.7297297297297297,0.779822222222219,0.9,False
17258,simple_q090_a016,0.8676470588235294,0.07,0.27941176470588236,0.09495896834701055,0.9050410316529894,0.7205882352941176,0.7798811111111084,0.9,False
17258,tdc_evidence_validated,0.84375,0.06833333333333333,0.296875,0.16685584562996594,0.8331441543700341,0.703125,0.7294188888888858,0.9066837968555095,True
17259,simple_q060_a000,0.6329113924050633,0.245,0.4810126582278481,0.29138321995464855,0.7086167800453514,0.5189873417721519,0.5989222222222199,0.6,False
17259,simple_q068_a000,0.7848101265822784,0.18833333333333332,0.34177215189873417,0.2983490566037736,0.7016509433962264,0.6582278481012658,0.6810822222222185,0.68,False
17259,simple_q076_a000,0.7777777777777778,0.13666666666666666,0.30158730158730157,0.22722159730033745,0.7727784026996626,0.6984126984126984,0.6825144444444409,0.76,False
17259,simple_q084_a000,0.7627118644067796,0.09666666666666666,0.3389830508474576,0.15826494724501758,0.8417350527549824,0.6610169491525424,0.7375533333333298,0.84,False
17259,simple_q076_a008,0.8070175438596491,0.14666666666666667,0.2982456140350877,0.21239954075774972,0.7876004592422503,0.7017543859649122,0.7012011111111077,0.76,False
17259,simple_q076_a016,0.7,0.12833333333333333,0.4166666666666667,0.16374269005847952,0.8362573099415205,0.5833333333333333,0.7085022222222188,0.76,False
17259,simple_q084_a008,0.7758620689655172,0.105,0.41379310344827586,0.1917808219178082,0.8082191780821918,0.5862068965517242,0.702498888888886,0.84,False
17259,simple_q084_a016,0.8615384615384616,0.08333333333333333,0.3230769230769231,0.13280363223609534,0.8671963677639046,0.676923076923077,0.7439888888888863,0.84,False
17259,simple_q090_a008,0.8023255813953488,0.051666666666666666,0.36046511627906974,0.13163972286374134,0.8683602771362586,0.6395348837209303,0.7439788888888864,0.9,False
17259,simple_q090_a016,0.7831325301204819,0.06833333333333333,0.40963855421686746,0.11893764434180139,0.8810623556581986,0.5903614457831325,0.7334844444444415,0.9,False
17259,tdc_evidence_validated,0.8117647058823529,0.07,0.27058823529411763,0.18418079096045198,0.815819209039548,0.7294117647058824,0.7103544444444413,0.9068246429805469,True
17260,simple_q060_a000,0.6,0.22333333333333333,0.5,0.32760595647193586,0.6723940435280642,0.5,0.5968666666666642,0.6,False
17260,simple_q068_a000,0.7647058823529411,0.16,0.4,0.2603550295857988,0.7396449704142012,0.6,0.674428888888885,0.68,False
17260,simple_q076_a000,0.7261904761904762,0.11833333333333333,0.39285714285714285,0.21121718377088305,0.788782816229117,0.6071428571428572,0.676237777777775,0.76,False
17260,simple_q084_a000,0.75,0.09333333333333334,0.2833333333333333,0.1647982062780269,0.8352017937219731,0.7166666666666667,0.7501388888888854,0.84,False
17260,simple_q076_a008,0.8266666666666667,0.14166666666666666,0.26666666666666666,0.22196531791907514,0.7780346820809249,0.7333333333333334,0.68967333333333,0.76,False
17260,simple_q076_a016,0.7540983606557377,0.13333333333333333,0.4098360655737705,0.16416184971098266,0.8358381502890173,0.5901639344262295,0.7138744444444415,0.76,False
17260,simple_q084_a008,0.8909090909090909,0.095,0.2909090909090909,0.1745664739884393,0.8254335260115607,0.7090909090909091,0.7351077777777746,0.84,False
17260,simple_q084_a016,0.8481012658227848,0.07333333333333333,0.22784810126582278,0.13154831199068684,0.8684516880093132,0.7721518987341772,0.7466377777777748,0.84,False
17260,simple_q090_a008,0.7384615384615385,0.08666666666666667,0.36923076923076925,0.13318025258323765,0.8668197474167624,0.6307692307692307,0.7612688888888858,0.9,False
17260,simple_q090_a016,0.851063829787234,0.05333333333333334,0.23404255319148937,0.09942857142857142,0.9005714285714286,0.7659574468085106,0.758188888888886,0.9,False
17260,tdc_evidence_validated,0.8082191780821918,0.05333333333333334,0.3424657534246575,0.20993227990970656,0.7900677200902935,0.6575342465753424,0.6842566666666637,0.9031509487911169,True
17261,simple_q060_a000,0.676056338028169,0.18,0.4084507042253521,0.32389580973952437,0.6761041902604756,0.5915492957746479,0.6408699999999965,0.6,False
17261,simple_q068_a000,0.6617647058823529,0.17333333333333334,0.45588235294117646,0.24426605504587157,0.7557339449541285,0.5441176470588236,0.6476722222222187,0.68,False
17261,simple_q076_a000,0.8225806451612904,0.12833333333333333,0.3225806451612903,0.22094361334867663,0.7790563866513234,0.6774193548387097,0.6821366666666634,0.76,False
17261,simple_q084_a000,0.8472222222222222,0.09666666666666666,0.2916666666666667,0.18418079096045198,0.815819209039548,0.7083333333333333,0.7057222222222193,0.84,False
17261,simple_q076_a008,0.75,0.14166666666666666,0.3333333333333333,0.2287655719139298,0.7712344280860702,0.6666666666666667,0.7115211111111069,0.76,False
17261,simple_q076_a016,0.7,0.12166666666666667,0.45714285714285713,0.1912632821723731,0.8087367178276269,0.5428571428571429,0.6810355555555523,0.76,False
17261,simple_q084_a008,0.8484848484848485,0.09833333333333333,0.30303030303030304,0.1521486643437863,0.8478513356562137,0.696969696969697,0.7468855555555527,0.84,False
17261,simple_q084_a016,0.746268656716418,0.09166666666666666,0.3283582089552239,0.14512471655328799,0.854875283446712,0.6716417910447761,0.7503233333333302,0.84,False
17261,simple_q090_a008,0.8142857142857143,0.06833333333333333,0.3,0.11948955916473318,0.8805104408352669,0.7,0.7499033333333305,0.9,False
17261,simple_q090_a016,0.8309859154929577,0.043333333333333335,0.30985915492957744,0.11498257839721254,0.8850174216027875,0.6901408450704225,0.7723455555555527,0.9,False
17261,tdc_evidence_validated,0.8548387096774194,0.04666666666666667,0.3225806451612903,0.19084821428571427,0.8091517857142857,0.6774193548387097,0.6857599999999973,0.9039890701745006,True
17262,simple_q060_a000,0.6933333333333334,0.22666666666666666,0.41333333333333333,0.3382187147688839,0.6617812852311161,0.5866666666666667,0.6227922222222186,0.6,False
17262,simple_q068_a000,0.7466666666666667,0.15333333333333332,0.3466666666666667,0.30977620730270905,0.690223792697291,0.6533333333333333,0.6204077777777754,0.68,False
17262,simple_q076_a000,0.7297297297297297,0.12833333333333333,0.40540540540540543,0.23103057757644394,0.768969422423556,0.5945945945945945,0.6652888888888857,0.76,False
17262,simple_q084_a000,0.7142857142857143,0.09,0.38095238095238093,0.1564310544611819,0.8435689455388181,0.6190476190476191,0.7227488888888857,0.84,False
17262,simple_q076_a008,0.7285714285714285,0.13666666666666666,0.37142857142857144,0.23696145124716553,0.7630385487528345,0.6285714285714286,0.6791844444444411,0.76,False
17262,simple_q076_a016,0.8382352941176471,0.13166666666666665,0.39705882352941174,0.16796440489432704,0.8320355951056729,0.6029411764705883,0.6780555555555522,0.76,False
17262,simple_q084_a008,0.8028169014084507,0.085,0.36619718309859156,0.1565017261219793,0.8434982738780207,0.6338028169014085,0.7269266666666633,0.84,False
17262,simple_q084_a016,0.7580645161290323,0.10166666666666667,0.3709677419354839,0.13687782805429866,0.8631221719457014,0.6290322580645161,0.7501411111111076,0.84,False
17262,simple_q090_a008,0.8548387096774194,0.06666666666666667,0.2903225806451613,0.12629161882893225,0.8737083811710677,0.7096774193548387,0.7706288888888858,0.9,False
17262,simple_q090_a016,0.8714285714285714,0.07,0.2857142857142857,0.13657407407407407,0.8634259259259259,0.7142857142857143,0.7249377777777752,0.9,False
17262,tdc_evidence_validated,0.875,0.05,0.2638888888888889,0.20932878270762229,0.7906712172923778,0.7361111111111112,0.7269255555555524,0.9063955245847459,True
17263,simple_q060_a000,0.5441176470588235,0.195,0.5294117647058824,0.33783783783783783,0.6621621621621622,0.47058823529411764,0.5885599999999976,0.6,False
17263,simple_q068_a000,0.7,0.17833333333333334,0.5166666666666667,0.286368843069874,0.713631156930126,0.4833333333333333,0.6650611111111081,0.68,False
17263,simple_q076_a000,0.7432432432432432,0.13666666666666666,0.4594594594594595,0.2482598607888631,0.7517401392111369,0.5405405405405406,0.6751277777777748,0.76,False
17263,simple_q084_a000,0.7794117647058824,0.11,0.38235294117647056,0.18872266973532797,0.8112773302646721,0.6176470588235294,0.7278722222222188,0.84,False
17263,simple_q076_a008,0.8311688311688312,0.11166666666666666,0.36363636363636365,0.24856156501726123,0.7514384349827388,0.6363636363636364,0.6544977777777741,0.76,False
17263,simple_q076_a016,0.7636363636363637,0.13666666666666666,0.34545454545454546,0.17572254335260115,0.8242774566473988,0.6545454545454545,0.7397755555555517,0.76,False
17263,simple_q084_a008,0.8181818181818182,0.10333333333333333,0.2987012987012987,0.1724137931034483,0.8275862068965517,0.7012987012987013,0.7023766666666635,0.84,False
17263,simple_q084_a016,0.75,0.09833333333333333,0.328125,0.13394919168591224,0.8660508083140878,0.671875,0.7219188888888856,0.84,False
17263,simple_q090_a008,0.8307692307692308,0.051666666666666666,0.2923076923076923,0.13494809688581316,0.8650519031141868,0.7076923076923076,0.7836599999999968,0.9,False
17263,simple_q090_a016,0.8620689655172413,0.055,0.22413793103448276,0.0888382687927107,0.9111617312072893,0.7758620689655172,0.7990422222222185,0.9,False
17263,tdc_evidence_validated,0.84,0.05333333333333334,0.28,0.18023255813953487,0.8197674418604651,0.72,0.7464133333333299,0.9073612327936885,True
17264,simple_q060_a000,0.6307692307692307,0.24833333333333332,0.5076923076923077,0.34308211473565803,0.656917885264342,0.49230769230769234,0.5995844444444416,0.6,False
17264,simple_q068_a000,0.7,0.17833333333333334,0.37142857142857144,0.2819332566168009,0.7180667433831991,0.6285714285714286,0.6352055555555526,0.68,False
17264,simple_q076_a000,0.7288135593220338,0.14666666666666667,0.4406779661016949,0.2140391254315305,0.7859608745684695,0.5593220338983051,0.6997999999999969,0.76,False
17264,simple_q084_a000,0.8235294117647058,0.095,0.36764705882352944,0.18181818181818182,0.8181818181818181,0.6323529411764706,0.7118266666666635,0.84,False
17264,simple_q076_a008,0.7910447761194029,0.13,0.31343283582089554,0.21274175199089876,0.7872582480091013,0.6865671641791045,0.6980711111111078,0.76,False
17264,simple_q076_a016,0.7272727272727273,0.11833333333333333,0.4155844155844156,0.15826494724501758,0.8417350527549824,0.5844155844155844,0.719864444444441,0.76,False
17264,simple_q084_a008,0.7741935483870968,0.07333333333333333,0.3225806451612903,0.19661016949152543,0.8033898305084746,0.6774193548387097,0.7382511111111077,0.84,False
17264,simple_q084_a016,0.8225806451612904,0.09,0.3387096774193548,0.13048368953880765,0.8695163104611924,0.6612903225806452,0.740686666666663,0.84,False
17264,simple_q090_a008,0.9459459459459459,0.065,0.21621621621621623,0.1343784994400896,0.8656215005599104,0.7837837837837838,0.7503366666666637,0.9,False
17264,simple_q090_a016,0.8142857142857143,0.06166666666666667,0.44285714285714284,0.12416107382550336,0.8758389261744967,0.5571428571428572,0.7180766666666639,0.9,False
17264,tdc_evidence_validated,0.9027777777777778,0.058333333333333334,0.2361111111111111,0.20564971751412428,0.7943502824858757,0.7638888888888888,0.6977755555555533,0.9056262093687235,True
17265,simple_q060_a000,0.6197183098591549,0.20833333333333334,0.4788732394366197,0.34152046783625734,0.6584795321637427,0.5211267605633803,0.5860388888888859,0.6,False
17265,simple_q068_a000,0.7323943661971831,0.185,0.4647887323943662,0.28055878928987193,0.719441210710128,0.5352112676056338,0.6063411111111077,0.68,False
17265,simple_q076_a000,0.7611940298507462,0.13166666666666665,0.34328358208955223,0.232502965599051,0.767497034400949,0.6567164179104478,0.6950044444444413,0.76,False
17265,simple_q084_a000,0.7551020408163265,0.08666666666666667,0.40816326530612246,0.176878612716763,0.823121387283237,0.5918367346938775,0.7251199999999969,0.84,False
17265,simple_q076_a008,0.8051948051948052,0.12833333333333333,0.33766233766233766,0.2650334075723831,0.734966592427617,0.6623376623376623,0.6896011111111077,0.76,False
17265,simple_q076_a016,0.7530864197530864,0.14666666666666667,0.37037037037037035,0.19158878504672897,0.8084112149532711,0.6296296296296297,0.6554266666666632,0.76,False
17265,simple_q084_a008,0.8653846153846154,0.12,0.25,0.17437722419928825,0.8256227758007118,0.75,0.776509999999996,0.84,False
17265,simple_q084_a016,0.8676470588235294,0.08333333333333333,0.25,0.1367231638418079,0.8632768361581921,0.75,0.72542333333333,0.84,False
17265,simple_q090_a008,0.8636363636363636,0.07166666666666667,0.3484848484848485,0.11893203883495146,0.8810679611650485,0.6515151515151515,0.7232222222222194,0.9,False
17265,simple_q090_a016,0.8518518518518519,0.05,0.2839506172839506,0.12790697674418605,0.872093023255814,0.7160493827160495,0.7061366666666642,0.9,False
17265,tdc_evidence_validated,0.7538461538461538,0.06666666666666667,0.3230769230769231,0.19294117647058823,0.8070588235294118,0.676923076923077,0.7484499999999965,0.904933401921758,True
17266,simple_q060_a000,0.5609756097560976,0.21,0.5,0.32681242807825084,0.6731875719217492,0.5,0.5933944444444419,0.6,False
17266,simple_q068_a000,0.7671232876712328,0.16833333333333333,0.3835616438356164,0.27283511269276395,0.727164887307236,0.6164383561643836,0.6367166666666638,0.68,False
17266,simple_q076_a000,0.7183098591549296,0.10166666666666667,0.38028169014084506,0.24748040313549832,0.7525195968645016,0.619718309859155,0.665944444444441,0.76,False
17266,simple_q084_a000,0.864406779661017,0.09833333333333333,0.288135593220339,0.18411967779056387,0.8158803222094362,0.711864406779661,0.71848333333333,0.84,False
17266,simple_q076_a008,0.8059701492537313,0.145,0.3283582089552239,0.2160919540229885,0.7839080459770115,0.6716417910447761,0.6600077777777751,0.76,False
17266,simple_q076_a016,0.6842105263157895,0.14333333333333334,0.4473684210526316,0.17411225658648338,0.8258877434135166,0.5526315789473684,0.6707544444444415,0.76,False
17266,simple_q084_a008,0.8,0.08166666666666667,0.4,0.17123287671232876,0.8287671232876712,0.6,0.7100022222222193,0.84,False
17266,simple_q084_a016,0.8412698412698413,0.095,0.3492063492063492,0.15730337078651685,0.8426966292134832,0.6507936507936508,0.7176111111111079,0.84,False
17266,simple_q090_a008,0.8589743589743589,0.07166666666666667,0.24358974358974358,0.14562002275312855,0.8543799772468714,0.7564102564102564,0.7093799999999972,0.9,False
17266,simple_q090_a016,0.8421052631578947,0.065,0.35526315789473684,0.10057803468208093,0.8994219653179191,0.6447368421052632,0.7244444444444423,0.9,False
17266,tdc_evidence_validated,0.8028169014084507,0.055,0.30985915492957744,0.20892018779342722,0.7910798122065728,0.6901408450704225,0.7075099999999968,0.9044182313370401,True
17267,simple_q060_a000,0.6521739130434783,0.215,0.5217391304347826,0.3276255707762557,0.6723744292237444,0.4782608695652174,0.5898444444444418,0.6,False
17267,simple_q068_a000,0.8275862068965517,0.19166666666666668,0.3448275862068966,0.2947845804988662,0.7052154195011338,0.6551724137931034,0.6610799999999962,0.68,False
17267,simple_q076_a000,0.7666666666666667,0.14666666666666667,0.35,0.22540045766590389,0.7745995423340961,0.65,0.7083066666666631,0.76,False
17267,simple_q084_a000,0.8507462686567164,0.06666666666666667,0.22388059701492538,0.15714285714285714,0.8428571428571429,0.7761194029850746,0.752087777777774,0.84,False
17267,simple_q076_a008,0.7,0.11166666666666666,0.4166666666666667,0.23271889400921658,0.7672811059907834,0.5833333333333333,0.6888899999999971,0.76,False
17267,simple_q076_a016,0.6962025316455697,0.13333333333333333,0.43037974683544306,0.1722543352601156,0.8277456647398844,0.5696202531645569,0.6950233333333302,0.76,False
17267,simple_q084_a008,0.8285714285714286,0.08333333333333333,0.4,0.18488372093023256,0.8151162790697675,0.6,0.7238688888888857,0.84,False
17267,simple_q084_a016,0.8431372549019608,0.085,0.21568627450980393,0.14097968936678615,0.8590203106332138,0.7843137254901961,0.7524377777777747,0.84,False
17267,simple_q090_a008,0.8985507246376812,0.06833333333333333,0.2318840579710145,0.14369158878504673,0.8563084112149533,0.7681159420289855,0.7420499999999969,0.9,False
17267,simple_q090_a016,0.9253731343283582,0.075,0.2835820895522388,0.10817031070195628,0.8918296892980437,0.7164179104477613,0.7325322222222195,0.9,False
17267,tdc_evidence_validated,0.8787878787878788,0.06333333333333334,0.24242424242424243,0.18319719953325556,0.8168028004667445,0.7575757575757576,0.7102766666666637,0.9047184333387448,True
17268,simple_q060_a000,0.6714285714285714,0.19333333333333333,0.38571428571428573,0.322690992018244,0.677309007981756,0.6142857142857143,0.58003222222222,0.6,False
17268,simple_q068_a000,0.6617647058823529,0.165,0.4264705882352941,0.2696245733788396,0.7303754266211604,0.5735294117647058,0.6487922222222187,0.68,False
17268,simple_q076_a000,0.7230769230769231,0.09666666666666666,0.36923076923076925,0.22767857142857142,0.7723214285714286,0.6307692307692307,0.7184466666666633,0.76,False
17268,simple_q084_a000,0.8375,0.10666666666666667,0.375,0.1888111888111888,0.8111888111888113,0.625,0.6820611111111082,0.84,False
17268,simple_q076_a008,0.7567567567567568,0.12333333333333334,0.2972972972972973,0.22401847575057737,0.7759815242494226,0.7027027027027026,0.6989311111111073,0.76,False
17268,simple_q076_a016,0.6666666666666666,0.145,0.5217391304347826,0.1716937354988399,0.8283062645011601,0.4782608695652174,0.6738066666666637,0.76,False
17268,simple_q084_a008,0.7794117647058824,0.08166666666666667,0.27941176470588236,0.1813953488372093,0.8186046511627907,0.7205882352941176,0.7196266666666635,0.84,False
17268,simple_q084_a016,0.890625,0.08833333333333333,0.328125,0.14015572858731926,0.8598442714126807,0.671875,0.7336922222222191,0.84,False
17268,simple_q090_a008,0.835820895522388,0.055,0.2835820895522388,0.12906976744186047,0.8709302325581395,0.7164179104477613,0.740258888888886,0.9,False
17268,simple_q090_a016,0.8522727272727273,0.055,0.3068181818181818,0.10776361529548088,0.8922363847045192,0.6931818181818181,0.7354877777777753,0.9,False
17268,tdc_evidence_validated,0.8301886792452831,0.041666666666666664,0.32075471698113206,0.1737142857142857,0.8262857142857143,0.679245283018868,0.713729999999998,0.9061115861893596,True
17269,simple_q060_a000,0.582089552238806,0.215,0.5074626865671642,0.3348729792147806,0.6651270207852193,0.4925373134328358,0.56119222222222,0.6,False
17269,simple_q068_a000,0.7108433734939759,0.16666666666666666,0.4578313253012048,0.27601809954751133,0.7239819004524887,0.5421686746987953,0.6073333333333312,0.68,False
17269,simple_q076_a000,0.7432432432432432,0.13,0.44594594594594594,0.21147356580427445,0.7885264341957255,0.5540540540540541,0.6447444444444418,0.76,False
17269,simple_q084_a000,0.7424242424242424,0.07166666666666667,0.3787878787878788,0.18442153493699887,0.8155784650630011,0.6212121212121212,0.7453588888888855,0.84,False
17269,simple_q076_a008,0.8125,0.13166666666666665,0.328125,0.23591549295774647,0.7640845070422535,0.671875,0.6869544444444409,0.76,False
17269,simple_q076_a016,0.7,0.12166666666666667,0.3875,0.18949771689497716,0.8105022831050228,0.6125,0.6753577777777752,0.76,False
17269,simple_q084_a008,0.7910447761194029,0.09166666666666666,0.31343283582089554,0.18778801843317972,0.8122119815668203,0.6865671641791045,0.7086311111111082,0.84,False
17269,simple_q084_a016,0.8,0.08833333333333333,0.3,0.14746543778801843,0.8525345622119815,0.7,0.7293844444444412,0.84,False
17269,simple_q090_a008,0.8125,0.056666666666666664,0.21875,0.14823008849557523,0.8517699115044248,0.78125,0.7819466666666633,0.9,False
17269,simple_q090_a016,0.8805970149253731,0.056666666666666664,0.23880597014925373,0.09652076318742986,0.9034792368125701,0.7611940298507462,0.7787833333333303,0.9,False
17269,tdc_evidence_validated,0.9166666666666666,0.06666666666666667,0.25,0.18874560375146543,0.8112543962485346,0.75,0.7011788888888866,0.903595729158408,True
17270,simple_q060_a000,0.6527777777777778,0.21,0.4861111111111111,0.3072562358276644,0.6927437641723355,0.5138888888888888,0.6110988888888855,0.6,False
17270,simple_q068_a000,0.6595744680851063,0.185,0.46808510638297873,0.28250591016548465,0.7174940898345153,0.5319148936170213,0.6198999999999969,0.68,False
17270,simple_q076_a000,0.7333333333333333,0.13333333333333333,0.36,0.21046511627906977,0.7895348837209302,0.64,0.6938888888888856,0.76,False
17270,simple_q084_a000,0.8,0.08333333333333333,0.34285714285714286,0.15807560137457044,0.8419243986254296,0.6571428571428571,0.7295655555555517,0.84,False
17270,simple_q076_a008,0.7567567567567568,0.10333333333333333,0.33783783783783783,0.21773288439955107,0.7822671156004489,0.6621621621621622,0.7073399999999963,0.76,False
17270,simple_q076_a016,0.8615384615384616,0.13666666666666666,0.24615384615384617,0.17852975495915985,0.8214702450408402,0.7538461538461538,0.6888155555555525,0.76,False
17270,simple_q084_a008,0.8181818181818182,0.08666666666666667,0.36363636363636365,0.1845444059976932,0.8154555940023068,0.6363636363636364,0.7343888888888854,0.84,False
17270,simple_q084_a016,0.7903225806451613,0.09333333333333334,0.3064516129032258,0.14614499424626007,0.85385500575374,0.6935483870967742,0.7031788888888865,0.84,False
17270,simple_q090_a008,0.8170731707317073,0.04666666666666667,0.35365853658536583,0.14585764294049008,0.8541423570595099,0.6463414634146342,0.7230799999999972,0.9,False
17270,simple_q090_a016,0.8356164383561644,0.051666666666666666,0.3561643835616438,0.11163337250293771,0.8883666274970623,0.6438356164383562,0.7355199999999973,0.9,False
17270,tdc_evidence_validated,0.8181818181818182,0.043333333333333335,0.23636363636363636,0.18830409356725147,0.8116959064327485,0.7636363636363637,0.7116388888888862,0.9041402987742304,True
17271,simple_q060_a000,0.578125,0.20166666666666666,0.46875,0.32171893147502906,0.6782810685249709,0.53125,0.6221222222222192,0.6,False
17271,simple_q068_a000,0.5873015873015873,0.17166666666666666,0.5555555555555556,0.26497695852534564,0.7350230414746544,0.4444444444444444,0.6389622222222182,0.68,False
17271,simple_q076_a000,0.7361111111111112,0.125,0.4583333333333333,0.2553191489361702,0.7446808510638299,0.5416666666666667,0.6891877777777741,0.76,False
17271,simple_q084_a000,0.7704918032786885,0.08333333333333333,0.3770491803278688,0.18,0.8200000000000001,0.6229508196721312,0.7261677777777747,0.84,False
17271,simple_q076_a008,0.7580645161290323,0.13333333333333333,0.3548387096774194,0.23870220162224798,0.761297798377752,0.6451612903225806,0.6981944444444412,0.76,False
17271,simple_q076_a016,0.7142857142857143,0.11333333333333333,0.37662337662337664,0.17928730512249444,0.8207126948775055,0.6233766233766234,0.6850255555555522,0.76,False
17271,simple_q084_a008,0.8648648648648649,0.09666666666666666,0.21621621621621623,0.16799091940976163,0.8320090805902384,0.7837837837837838,0.7408099999999967,0.84,False
17271,simple_q084_a016,0.8169014084507042,0.11333333333333333,0.352112676056338,0.14512471655328799,0.854875283446712,0.647887323943662,0.7208299999999971,0.84,False
17271,simple_q090_a008,0.7916666666666666,0.085,0.375,0.1352601156069364,0.8647398843930636,0.625,0.7454633333333299,0.9,False
17271,simple_q090_a016,0.7966101694915254,0.06166666666666667,0.3220338983050847,0.1141602634467618,0.8858397365532382,0.6779661016949152,0.734755555555553,0.9,False
17271,tdc_evidence_validated,0.7746478873239436,0.05,0.36619718309859156,0.18295454545454545,0.8170454545454545,0.6338028169014085,0.7355555555555524,0.9058869697311911,True
17272,simple_q060_a000,0.6290322580645161,0.21,0.4838709677419355,0.33601841196777904,0.663981588032221,0.5161290322580645,0.563035555555554,0.6,False
17272,simple_q068_a000,0.7014925373134329,0.19666666666666666,0.34328358208955223,0.2665121668597914,0.7334878331402086,0.6567164179104478,0.6743566666666629,0.68,False
17272,simple_q076_a000,0.7702702702702703,0.15166666666666667,0.43243243243243246,0.23543123543123542,0.7645687645687645,0.5675675675675675,0.6684899999999965,0.76,False
17272,simple_q084_a000,0.7884615384615384,0.09333333333333334,0.34615384615384615,0.17406143344709898,0.825938566552901,0.6538461538461539,0.7447288888888858,0.84,False
17272,simple_q076_a008,0.7435897435897436,0.14333333333333334,0.44871794871794873,0.2255892255892256,0.7744107744107744,0.5512820512820513,0.7069711111111074,0.76,False
17272,simple_q076_a016,0.703125,0.1,0.390625,0.2068206820682068,0.7931793179317932,0.609375,0.6869177777777747,0.76,False
17272,simple_q084_a008,0.7575757575757576,0.12333333333333334,0.36363636363636365,0.17440543601359004,0.82559456398641,0.6363636363636364,0.7258144444444414,0.84,False
17272,simple_q084_a016,0.7164179104477612,0.11166666666666666,0.47761194029850745,0.12988505747126436,0.8701149425287357,0.5223880597014925,0.6879855555555525,0.84,False
17272,simple_q090_a008,0.8285714285714286,0.06666666666666667,0.2857142857142857,0.14058956916099774,0.8594104308390023,0.7142857142857143,0.7546833333333299,0.9,False
17272,simple_q090_a016,0.8833333333333333,0.045,0.25,0.10070257611241218,0.8992974238875878,0.75,0.7792677777777751,0.9,False
17272,tdc_evidence_validated,0.8461538461538461,0.07,0.3230769230769231,0.19217491369390102,0.807825086306099,0.676923076923077,0.7139933333333301,0.903518146865865,True
17273,simple_q060_a000,0.6376811594202898,0.17666666666666667,0.43478260869565216,0.3263041065482797,0.6736958934517203,0.5652173913043479,0.6113299999999967,0.6,False
17273,simple_q068_a000,0.6984126984126984,0.135,0.3333333333333333,0.2733333333333333,0.7266666666666667,0.6666666666666667,0.6526511111111085,0.68,False
17273,simple_q076_a000,0.7142857142857143,0.13833333333333334,0.4,0.25312145289443816,0.7468785471055619,0.6,0.6681499999999968,0.76,False
17273,simple_q084_a000,0.8524590163934426,0.08833333333333333,0.3114754098360656,0.17265353418308227,0.8273464658169177,0.6885245901639344,0.7410377777777745,0.84,False
17273,simple_q076_a008,0.7971014492753623,0.125,0.34782608695652173,0.2375296912114014,0.7624703087885986,0.6521739130434783,0.6718188888888851,0.76,False
17273,simple_q076_a016,0.7945205479452054,0.12,0.3972602739726027,0.16819221967963388,0.8318077803203661,0.6027397260273972,0.6930477777777742,0.76,False
17273,simple_q084_a008,0.875,0.09166666666666666,0.3125,0.16168327796234774,0.8383167220376523,0.6875,0.7210255555555527,0.84,False
17273,simple_q084_a016,0.8461538461538461,0.105,0.26153846153846155,0.1518987341772152,0.8481012658227848,0.7384615384615385,0.7241133333333305,0.84,False
17273,simple_q090_a008,0.8428571428571429,0.07,0.2571428571428571,0.1436651583710407,0.8563348416289593,0.7428571428571429,0.6998077777777747,0.9,False
17273,simple_q090_a016,0.8076923076923077,0.04833333333333333,0.3333333333333333,0.10621468926553672,0.8937853107344633,0.6666666666666667,0.7582722222222193,0.9,False
17273,tdc_evidence_validated,0.8666666666666667,0.04,0.28888888888888886,0.1895734597156398,0.8104265402843602,0.7111111111111111,0.6862922222222197,0.9055861054672243,True
17274,simple_q060_a000,0.6567164179104478,0.205,0.43283582089552236,0.3533487297921478,0.6466512702078522,0.5671641791044777,0.6070488888888853,0.6,False
17274,simple_q068_a000,0.6621621621621622,0.17333333333333334,0.5135135135135135,0.27941176470588236,0.7205882352941176,0.4864864864864865,0.6433866666666633,0.68,False
17274,simple_q076_a000,0.6865671641791045,0.15166666666666667,0.47761194029850745,0.2175925925925926,0.7824074074074074,0.5223880597014925,0.6803599999999965,0.76,False
17274,simple_q084_a000,0.8133333333333334,0.07833333333333334,0.3333333333333333,0.1543859649122807,0.8456140350877193,0.6666666666666667,0.7292977777777743,0.84,False
17274,simple_q076_a008,0.7258064516129032,0.135,0.4032258064516129,0.21363636363636362,0.7863636363636364,0.5967741935483871,0.6780222222222186,0.76,False
17274,simple_q076_a016,0.7878787878787878,0.14666666666666667,0.4090909090909091,0.1687715269804822,0.8312284730195179,0.5909090909090908,0.7081288888888853,0.76,False
17274,simple_q084_a008,0.8524590163934426,0.06666666666666667,0.21311475409836064,0.16419612314709237,0.8358038768529077,0.7868852459016393,0.7671444444444409,0.84,False
17274,simple_q084_a016,0.8793103448275862,0.1,0.2413793103448276,0.13641488162344984,0.8635851183765502,0.7586206896551724,0.7481355555555519,0.84,False
17274,simple_q090_a008,0.8405797101449275,0.07166666666666667,0.2608695652173913,0.13379469434832755,0.8662053056516724,0.7391304347826086,0.7386833333333301,0.9,False
17274,simple_q090_a016,0.8333333333333334,0.06666666666666667,0.2916666666666667,0.10340775558166862,0.8965922444183314,0.7083333333333333,0.7408111111111081,0.9,False
17274,tdc_evidence_validated,0.8166666666666667,0.05,0.31666666666666665,0.17307692307692307,0.8269230769230769,0.6833333333333333,0.7373266666666635,0.9052690467545128,True
17275,simple_q060_a000,0.7536231884057971,0.19333333333333333,0.4927536231884058,0.340522133938706,0.659477866061294,0.5072463768115942,0.62773333333333,0.6,False
17275,simple_q068_a000,0.7,0.165,0.4,0.2682648401826484,0.7317351598173516,0.6,0.6319044444444416,0.68,False
17275,simple_q076_a000,0.7397260273972602,0.14,0.3972602739726027,0.22048997772828507,0.779510022271715,0.6027397260273972,0.6752566666666634,0.76,False
17275,simple_q084_a000,0.7631578947368421,0.07833333333333334,0.47368421052631576,0.1760644418872267,0.8239355581127733,0.5263157894736843,0.7161788888888858,0.84,False
17275,simple_q076_a008,0.7536231884057971,0.135,0.3333333333333333,0.23536036036036037,0.7646396396396397,0.6666666666666667,0.7181699999999965,0.76,False
17275,simple_q076_a016,0.7777777777777778,0.11833333333333333,0.3611111111111111,0.18477043673012317,0.8152295632698768,0.6388888888888888,0.6694844444444412,0.76,False
17275,simple_q084_a008,0.8095238095238095,0.07666666666666666,0.31746031746031744,0.16762342135476463,0.8323765786452354,0.6825396825396826,0.7159766666666637,0.84,False
17275,simple_q084_a016,0.734375,0.08666666666666667,0.40625,0.15593220338983052,0.8440677966101695,0.59375,0.6423733333333308,0.84,False
17275,simple_q090_a008,0.8513513513513513,0.051666666666666666,0.20270270270270271,0.1404109589041096,0.8595890410958904,0.7972972972972973,0.7687133333333299,0.9,False
17275,simple_q090_a016,0.8888888888888888,0.051666666666666666,0.25396825396825395,0.12063134160090191,0.8793686583990981,0.746031746031746,0.7452522222222197,0.9,False
17275,tdc_evidence_validated,0.9027777777777778,0.04666666666666667,0.3055555555555556,0.17360285374554102,0.826397146254459,0.6944444444444444,0.7172644444444414,0.9057603186881135,True
17276,simple_q060_a000,0.6621621621621622,0.215,0.4189189189189189,0.33574007220216606,0.6642599277978339,0.5810810810810811,0.6127266666666631,0.6,False
17276,simple_q068_a000,0.6973684210526315,0.185,0.40789473684210525,0.2855491329479769,0.7144508670520231,0.5921052631578947,0.653918888888885,0.68,False
17276,simple_q076_a000,0.7349397590361446,0.14166666666666666,0.40963855421686746,0.2372093023255814,0.7627906976744185,0.5903614457831325,0.6871488888888854,0.76,False
17276,simple_q084_a000,0.821917808219178,0.08,0.3287671232876712,0.17736289381563594,0.822637106184364,0.6712328767123288,0.7003188888888859,0.84,False
17276,simple_q076_a008,0.7922077922077922,0.12333333333333334,0.3116883116883117,0.2237442922374429,0.7762557077625571,0.6883116883116883,0.6418122222222196,0.76,False
17276,simple_q076_a016,0.6140350877192983,0.14,0.5964912280701754,0.19677790563866512,0.8032220943613348,0.4035087719298246,0.636573333333331,0.76,False
17276,simple_q084_a008,0.8529411764705882,0.09166666666666666,0.38235294117647056,0.1782065834279228,0.8217934165720772,0.6176470588235294,0.7292277777777745,0.84,False
17276,simple_q084_a016,0.8181818181818182,0.09666666666666666,0.25757575757575757,0.1652989449003517,0.8347010550996483,0.7424242424242424,0.728602222222219,0.84,False
17276,simple_q090_a008,0.875,0.07833333333333334,0.25,0.13510520487264674,0.8648947951273532,0.75,0.7628622222222192,0.9,False
17276,simple_q090_a016,0.8809523809523809,0.05333333333333334,0.2619047619047619,0.12313003452243959,0.8768699654775605,0.7380952380952381,0.723548888888886,0.9,False
17276,tdc_evidence_validated,0.8493150684931506,0.05333333333333334,0.2876712328767123,0.2006841505131129,0.799315849486887,0.7123287671232876,0.7255144444444416,0.9077897300418074,True
17277,simple_q060_a000,0.6617647058823529,0.215,0.4411764705882353,0.3213038416763679,0.6786961583236322,0.5588235294117647,0.5941833333333306,0.6,False
17277,simple_q068_a000,0.6268656716417911,0.17666666666666667,0.47761194029850745,0.29540229885057473,0.7045977011494253,0.5223880597014925,0.6181888888888859,0.68,False
17277,simple_q076_a000,0.7123287671232876,0.12166666666666667,0.3835616438356164,0.23290845886442643,0.7670915411355735,0.6164383561643836,0.673566666666664,0.76,False
17277,simple_q084_a000,0.8732394366197183,0.07833333333333334,0.2535211267605634,0.16780045351473924,0.8321995464852607,0.7464788732394366,0.7535344444444404,0.84,False
17277,simple_q076_a008,0.8,0.13666666666666666,0.26,0.2138728323699422,0.7861271676300579,0.74,0.7292333333333297,0.76,False
17277,simple_q076_a016,0.7761194029850746,0.13666666666666666,0.31343283582089554,0.20903954802259886,0.7909604519774012,0.6865671641791045,0.6605822222222194,0.76,False
17277,simple_q084_a008,0.7341772151898734,0.09666666666666666,0.31645569620253167,0.17172897196261683,0.8282710280373832,0.6835443037974683,0.7237888888888855,0.84,False
17277,simple_q084_a016,0.7971014492753623,0.08166666666666667,0.4057971014492754,0.135706340378198,0.864293659621802,0.5942028985507246,0.6941055555555529,0.84,False
17277,simple_q090_a008,0.8928571428571429,0.07833333333333334,0.2261904761904762,0.15180722891566265,0.8481927710843373,0.7738095238095238,0.7360744444444413,0.9,False
17277,simple_q090_a016,0.8333333333333334,0.065,0.3484848484848485,0.09154113557358054,0.9084588644264194,0.6515151515151515,0.7602211111111082,0.9,False
17277,tdc_evidence_validated,0.8846153846153846,0.04,0.21794871794871795,0.1927846674182638,0.8072153325817362,0.782051282051282,0.7118633333333304,0.9053459374201615,True
17278,simple_q060_a000,0.6507936507936508,0.205,0.5238095238095238,0.33255542590431736,0.6674445740956827,0.47619047619047616,0.611806666666664,0.6,False
17278,simple_q068_a000,0.6533333333333333,0.14,0.44,0.24646226415094338,0.7535377358490566,0.56,0.6587444444444412,0.68,False
17278,simple_q076_a000,0.7361111111111112,0.13166666666666665,0.3888888888888889,0.2297447280799112,0.7702552719200888,0.6111111111111112,0.6667388888888859,0.76,False
17278,simple_q084_a000,0.7936507936507936,0.09166666666666666,0.4444444444444444,0.19977678571428573,0.8002232142857143,0.5555555555555556,0.7084566666666635,0.84,False
17278,simple_q076_a008,0.8,0.14333333333333334,0.3333333333333333,0.244874715261959,0.755125284738041,0.6666666666666667,0.7039177777777741,0.76,False
17278,simple_q076_a016,0.75,0.115,0.36764705882352944,0.18474374255065554,0.8152562574493445,0.6323529411764706,0.7187055555555522,0.76,False
17278,simple_q084_a008,0.821917808219178,0.09666666666666666,0.3424657534246575,0.19422863485016648,0.8057713651498335,0.6575342465753424,0.7202399999999968,0.84,False
17278,simple_q084_a016,0.8333333333333334,0.08666666666666667,0.26666666666666666,0.15558194774346792,0.8444180522565321,0.7333333333333334,0.7376822222222187,0.84,False
17278,simple_q090_a008,0.7205882352941176,0.04833333333333333,0.4411764705882353,0.12954545454545455,0.8704545454545455,0.5588235294117647,0.735359999999997,0.9,False
17278,simple_q090_a016,0.7083333333333334,0.06166666666666667,0.4027777777777778,0.10171428571428572,0.8982857142857142,0.5972222222222222,0.7348377777777749,0.9,False
17278,tdc_evidence_validated,0.8208955223880597,0.05333333333333334,0.31343283582089554,0.18018018018018017,0.8198198198198199,0.6865671641791045,0.7160877777777747,0.9058787287247869,True
17279,simple_q060_a000,0.7115384615384616,0.22,0.46153846153846156,0.31931818181818183,0.6806818181818182,0.5384615384615384,0.6173211111111085,0.6,False
17279,simple_q068_a000,0.6885245901639344,0.19666666666666666,0.39344262295081966,0.2710495963091119,0.728950403690888,0.6065573770491803,0.6385699999999965,0.68,False
17279,simple_q076_a000,0.7571428571428571,0.11333333333333333,0.34285714285714286,0.2375886524822695,0.7624113475177305,0.6571428571428571,0.6934288888888852,0.76,False
17279,simple_q084_a000,0.7258064516129032,0.08333333333333333,0.3870967741935484,0.18692660550458715,0.8130733944954128,0.6129032258064516,0.7129288888888862,0.84,False
17279,simple_q076_a008,0.8292682926829268,0.12666666666666668,0.36585365853658536,0.23120728929384965,0.7687927107061503,0.6341463414634146,0.6764877777777745,0.76,False
17279,simple_q076_a016,0.7878787878787878,0.15,0.4090909090909091,0.17587373167981962,0.8241262683201804,0.5909090909090908,0.6802511111111077,0.76,False
17279,simple_q084_a008,0.8142857142857143,0.085,0.3142857142857143,0.1696629213483146,0.8303370786516854,0.6857142857142857,0.7480522222222188,0.84,False
17279,simple_q084_a016,0.8571428571428571,0.09,0.27380952380952384,0.1173054587688734,0.8826945412311266,0.7261904761904762,0.7186088888888861,0.84,False
17279,simple_q090_a008,0.8311688311688312,0.056666666666666664,0.37662337662337664,0.1463963963963964,0.8536036036036037,0.6233766233766234,0.7119899999999971,0.9,False
17279,simple_q090_a016,0.8125,0.055,0.296875,0.12099644128113879,0.8790035587188612,0.703125,0.7428777777777746,0.9,False
17279,tdc_evidence_validated,0.7746478873239436,0.06166666666666667,0.352112676056338,0.20229885057471264,0.7977011494252874,0.647887323943662,0.6932566666666639,0.902592756279561,True
17280,simple_q060_a000,0.6065573770491803,0.225,0.4918032786885246,0.34015927189988626,0.6598407281001137,0.5081967213114754,0.5774833333333307,0.6,False
17280,simple_q068_a000,0.8307692307692308,0.19166666666666668,0.3384615384615385,0.28361581920903955,0.7163841807909604,0.6615384615384615,0.6285977777777746,0.68,False
17280,simple_q076_a000,0.6805555555555556,0.11166666666666666,0.3611111111111111,0.21404303510758776,0.7859569648924123,0.6388888888888888,0.6732988888888852,0.76,False
17280,simple_q084_a000,0.8309859154929577,0.09333333333333334,0.2535211267605634,0.18192488262910797,0.818075117370892,0.7464788732394366,0.7157022222222192,0.84,False
17280,simple_q076_a008,0.75,0.12666666666666668,0.4166666666666667,0.22108843537414966,0.7789115646258503,0.5833333333333333,0.6754677777777748,0.76,False
17280,simple_q076_a016,0.7638888888888888,0.14,0.3333333333333333,0.18358038768529075,0.8164196123147093,0.6666666666666667,0.6560622222222195,0.76,False
17280,simple_q084_a008,0.8205128205128205,0.09333333333333334,0.358974358974359,0.18493150684931506,0.815068493150685,0.641025641025641,0.6851099999999971,0.84,False
17280,simple_q084_a016,0.8307692307692308,0.11166666666666666,0.3230769230769231,0.13704994192799072,0.8629500580720093,0.676923076923077,0.7059055555555526,0.84,False
17280,simple_q090_a008,0.8305084745762712,0.055,0.3050847457627119,0.15092165898617513,0.8490783410138248,0.6949152542372881,0.761501111111108,0.9,False
17280,simple_q090_a016,0.7435897435897436,0.06333333333333334,0.3333333333333333,0.10861865407319952,0.8913813459268005,0.6666666666666667,0.7467333333333303,0.9,False
17280,tdc_evidence_validated,0.8227848101265823,0.065,0.27848101265822783,0.21140939597315436,0.7885906040268457,0.7215189873417722,0.7316699999999972,0.9074153127619522,True
17281,simple_q060_a000,0.65625,0.18333333333333332,0.40625,0.3406466512702079,0.6593533487297921,0.59375,0.5892822222222196,0.6,False
17281,simple_q068_a000,0.7692307692307693,0.16,0.38461538461538464,0.27011494252873564,0.7298850574712643,0.6153846153846154,0.65501333333333,0.68,False
17281,simple_q076_a000,0.6875,0.13833333333333334,0.40625,0.23295454545454544,0.7670454545454546,0.59375,0.7141844444444407,0.76,False
17281,simple_q084_a000,0.8313253012048193,0.06833333333333333,0.2891566265060241,0.16095890410958905,0.839041095890411,0.7108433734939759,0.6953477777777746,0.84,False
17281,simple_q076_a008,0.6875,0.14333333333333334,0.46875,0.2528344671201814,0.7471655328798186,0.53125,0.6787033333333297,0.76,False
17281,simple_q076_a016,0.6949152542372882,0.12,0.3898305084745763,0.14055299539170507,0.8594470046082949,0.6101694915254237,0.7089522222222184,0.76,False
17281,simple_q084_a008,0.8846153846153846,0.09833333333333333,0.25,0.18411967779056387,0.8158803222094362,0.75,0.7276266666666635,0.84,False
17281,simple_q084_a016,0.7472527472527473,0.09,0.4175824175824176,0.15076560659599528,0.8492343934040048,0.5824175824175823,0.7179399999999969,0.84,False
17281,simple_q090_a008,0.835820895522388,0.06666666666666667,0.34328358208955223,0.14864864864864866,0.8513513513513513,0.6567164179104478,0.7302166666666638,0.9,False
17281,simple_q090_a016,0.855072463768116,0.075,0.30434782608695654,0.09977064220183486,0.9002293577981652,0.6956521739130435,0.7235277777777751,0.9,False
17281,tdc_evidence_validated,0.7794117647058824,0.043333333333333335,0.3235294117647059,0.2041522491349481,0.7958477508650519,0.6764705882352942,0.7251755555555525,0.9067857222923514,True
17282,simple_q060_a000,0.6486486486486487,0.21666666666666667,0.44594594594594594,0.34418604651162793,0.655813953488372,0.5540540540540541,0.6184711111111074,0.6,False
17282,simple_q068_a000,0.7352941176470589,0.13666666666666666,0.35294117647058826,0.27963176064441886,0.7203682393555811,0.6470588235294117,0.6648788888888849,0.68,False
17282,simple_q076_a000,0.7627118644067796,0.13333333333333333,0.3898305084745763,0.2376126126126126,0.7623873873873874,0.6101694915254237,0.664383333333331,0.76,False
17282,simple_q084_a000,0.8135593220338984,0.10333333333333333,0.3050847457627119,0.16489988221436985,0.8351001177856301,0.6949152542372881,0.7587155555555518,0.84,False
17282,simple_q076_a008,0.7936507936507936,0.12833333333333333,0.3968253968253968,0.2391559202813599,0.7608440797186401,0.6031746031746033,0.6762455555555521,0.76,False
17282,simple_q076_a016,0.7848101265822784,0.11666666666666667,0.3037974683544304,0.19270239452679588,0.8072976054732042,0.6962025316455696,0.6888677777777745,0.76,False
17282,simple_q084_a008,0.8,0.08166666666666667,0.35,0.18671248568155785,0.8132875143184422,0.65,0.7265977777777746,0.84,False
17282,simple_q084_a016,0.7878787878787878,0.09833333333333333,0.3333333333333333,0.14609286523216308,0.8539071347678369,0.6666666666666667,0.7433299999999967,0.84,False
17282,simple_q090_a008,0.8888888888888888,0.055,0.25,0.14417531718569782,0.8558246828143021,0.75,0.7560744444444416,0.9,False
17282,simple_q090_a016,0.8260869565217391,0.06833333333333333,0.2608695652173913,0.12142038946162657,0.8785796105383734,0.7391304347826086,0.7290666666666642,0.9,False
17282,tdc_evidence_validated,0.8043478260869565,0.07,0.34782608695652173,0.20387243735763097,0.7961275626423691,0.6521739130434783,0.7258311111111075,0.9045884027921816,True
17283,simple_q060_a000,0.6486486486486487,0.17833333333333334,0.47297297297297297,0.3225058004640371,0.6774941995359629,0.527027027027027,0.5889766666666638,0.6,False
17283,simple_q068_a000,0.6865671641791045,0.18,0.417910447761194,0.2917647058823529,0.7082352941176471,0.582089552238806,0.6087377777777743,0.68,False
17283,simple_q076_a000,0.7571428571428571,0.12833333333333333,0.35714285714285715,0.2318840579710145,0.7681159420289855,0.6428571428571428,0.6871177777777744,0.76,False
17283,simple_q084_a000,0.8840579710144928,0.085,0.2608695652173913,0.17861339600470036,0.8213866039952996,0.7391304347826086,0.7482944444444414,0.84,False
17283,simple_q076_a008,0.7710843373493976,0.15166666666666667,0.30120481927710846,0.23169267707082833,0.7683073229291717,0.6987951807228916,0.6806899999999968,0.76,False
17283,simple_q076_a016,0.8235294117647058,0.115,0.2647058823529412,0.1531322505800464,0.8468677494199536,0.7352941176470589,0.7286699999999959,0.76,False
17283,simple_q084_a008,0.7530864197530864,0.085,0.41975308641975306,0.17411225658648338,0.8258877434135166,0.5802469135802469,0.7013444444444411,0.84,False
17283,simple_q084_a016,0.8088235294117647,0.09,0.3088235294117647,0.13711583924349882,0.8628841607565012,0.6911764705882353,0.7151977777777748,0.84,False
17283,simple_q090_a008,0.9397590361445783,0.051666666666666666,0.21686746987951808,0.14691943127962084,0.8530805687203792,0.7831325301204819,0.7790299999999963,0.9,False
17283,simple_q090_a016,0.9130434782608695,0.07166666666666667,0.30434782608695654,0.11214953271028037,0.8878504672897196,0.6956521739130435,0.7684955555555527,0.9,False
17283,tdc_evidence_validated,0.8777777777777778,0.041666666666666664,0.25555555555555554,0.18296892980437285,0.8170310701956272,0.7444444444444445,0.7329822222222192,0.9085676648083783,True
17284,simple_q060_a000,0.6037735849056604,0.21666666666666667,0.5094339622641509,0.3394495412844037,0.6605504587155964,0.49056603773584906,0.6079466666666632,0.6,False
17284,simple_q068_a000,0.6617647058823529,0.16166666666666665,0.4411764705882353,0.25519630484988454,0.7448036951501155,0.5588235294117647,0.6101711111111082,0.68,False
17284,simple_q076_a000,0.7166666666666667,0.13666666666666666,0.4666666666666667,0.2153325817361894,0.7846674182638106,0.5333333333333333,0.6587277777777748,0.76,False
17284,simple_q084_a000,0.746268656716418,0.08,0.31343283582089554,0.1735159817351598,0.8264840182648402,0.6865671641791045,0.7296399999999971,0.84,False
17284,simple_q076_a008,0.7878787878787878,0.12333333333333334,0.36363636363636365,0.23006833712984054,0.7699316628701595,0.6363636363636364,0.6848911111111073,0.76,False
17284,simple_q076_a016,0.7142857142857143,0.14166666666666666,0.4603174603174603,0.15715948777648428,0.8428405122235157,0.5396825396825398,0.6790788888888855,0.76,False
17284,simple_q084_a008,0.7792207792207793,0.11333333333333333,0.36363636363636365,0.16121495327102803,0.8387850467289719,0.6363636363636364,0.7059299999999968,0.84,False
17284,simple_q084_a016,0.8333333333333334,0.09833333333333333,0.3333333333333333,0.1378504672897196,0.8621495327102804,0.6666666666666667,0.7545177777777745,0.84,False
17284,simple_q090_a008,0.8428571428571429,0.051666666666666666,0.2857142857142857,0.13626126126126126,0.8637387387387387,0.7142857142857143,0.7437288888888858,0.9,False
17284,simple_q090_a016,0.8421052631578947,0.06333333333333334,0.25,0.10262257696693272,0.8973774230330673,0.75,0.7549888888888855,0.9,False
17284,tdc_evidence_validated,0.7916666666666666,0.04833333333333333,0.375,0.1769316909294513,0.8230683090705487,0.625,0.6948844444444418,0.9058210430685784,True
17285,simple_q060_a000,0.7454545454545455,0.20833333333333334,0.36363636363636365,0.3395348837209302,0.6604651162790698,0.6363636363636364,0.6235399999999961,0.6,False
17285,simple_q068_a000,0.6867469879518072,0.15333333333333332,0.40963855421686746,0.29804372842347526,0.7019562715765247,0.5903614457831325,0.6183122222222197,0.68,False
17285,simple_q076_a000,0.7894736842105263,0.14,0.3333333333333333,0.23595505617977527,0.7640449438202247,0.6666666666666667,0.6957377777777742,0.76,False
17285,simple_q084_a000,0.8125,0.105,0.325,0.19320843091334894,0.8067915690866511,0.675,0.7381999999999962,0.84,False
17285,simple_q076_a008,0.75,0.10833333333333334,0.43478260869565216,0.24610244988864144,0.7538975501113585,0.5652173913043479,0.6802188888888855,0.76,False
17285,simple_q076_a016,0.7321428571428571,0.13666666666666666,0.39285714285714285,0.17591499409681227,0.8240850059031877,0.6071428571428572,0.6742511111111081,0.76,False
17285,simple_q084_a008,0.7857142857142857,0.07833333333333334,0.35714285714285715,0.18284424379232506,0.817155756207675,0.6428571428571428,0.705141111111108,0.84,False
17285,simple_q084_a016,0.8157894736842105,0.08833333333333333,0.32894736842105265,0.13986013986013987,0.8601398601398601,0.6710526315789473,0.7187277777777749,0.84,False
17285,simple_q090_a008,0.726027397260274,0.06166666666666667,0.3561643835616438,0.13154831199068684,0.8684516880093132,0.6438356164383562,0.7664155555555522,0.9,False
17285,simple_q090_a016,0.8051948051948052,0.06666666666666667,0.36363636363636365,0.1122334455667789,0.8877665544332211,0.6363636363636364,0.7324577777777753,0.9,False
17285,tdc_evidence_validated,0.8507462686567164,0.06666666666666667,0.26865671641791045,0.1934065934065934,0.8065934065934066,0.7313432835820896,0.7144788888888857,0.9071073731850666,True
17286,simple_q060_a000,0.5882352941176471,0.20833333333333334,0.5441176470588235,0.3403019744483159,0.6596980255516841,0.4558823529411765,0.581717777777774,0.6,False
17286,simple_q068_a000,0.7538461538461538,0.18,0.38461538461538464,0.2565011820330969,0.7434988179669031,0.6153846153846154,0.6775255555555519,0.68,False
17286,simple_q076_a000,0.75,0.12166666666666667,0.3333333333333333,0.22363847045191193,0.7763615295480881,0.6666666666666667,0.7086422222222186,0.76,False
17286,simple_q084_a000,0.8421052631578947,0.1,0.23684210526315788,0.17586206896551723,0.8241379310344827,0.7631578947368421,0.7518011111111075,0.84,False
17286,simple_q076_a008,0.71875,0.12166666666666667,0.421875,0.22067363530778164,0.7793263646922184,0.578125,0.677531111111108,0.76,False
17286,simple_q076_a016,0.8260869565217391,0.15666666666666668,0.36231884057971014,0.1791713325867861,0.8208286674132139,0.6376811594202898,0.6853199999999965,0.76,False
17286,simple_q084_a008,0.7692307692307693,0.09333333333333334,0.3076923076923077,0.22077922077922077,0.7792207792207793,0.6923076923076923,0.72448333333333,0.84,False
17286,simple_q084_a016,0.8387096774193549,0.08166666666666667,0.3387096774193548,0.14218566392479437,0.8578143360752056,0.6612903225806452,0.691545555555553,0.84,False
17286,simple_q090_a008,0.8421052631578947,0.06166666666666667,0.47368421052631576,0.14334470989761092,0.856655290102389,0.5263157894736843,0.7618288888888859,0.9,False
17286,simple_q090_a016,0.8153846153846154,0.06666666666666667,0.27692307692307694,0.11435239206534423,0.8856476079346558,0.7230769230769231,0.7509833333333303,0.9,False
17286,tdc_evidence_validated,0.8194444444444444,0.055,0.375,0.1983568075117371,0.8016431924882629,0.625,0.6871344444444415,0.9015598583228623,True
17287,simple_q060_a000,0.5862068965517241,0.205,0.5344827586206896,0.3222857142857143,0.6777142857142857,0.4655172413793104,0.6187799999999968,0.6,False
17287,simple_q068_a000,0.6571428571428571,0.17333333333333334,0.5,0.2684085510688836,0.7315914489311164,0.5,0.6837422222222178,0.68,False
17287,simple_q076_a000,0.7808219178082192,0.12166666666666667,0.3835616438356164,0.22800925925925927,0.7719907407407407,0.6164383561643836,0.6819111111111084,0.76,False
17287,simple_q084_a000,0.90625,0.08666666666666667,0.234375,0.15945330296127563,0.8405466970387243,0.765625,0.7612933333333299,0.84,False
17287,simple_q076_a008,0.68,0.16333333333333333,0.41333333333333333,0.22892938496583143,0.7710706150341686,0.5866666666666667,0.6588122222222188,0.76,False
17287,simple_q076_a016,0.835820895522388,0.14666666666666667,0.31343283582089554,0.18181818181818182,0.8181818181818181,0.6865671641791045,0.6661955555555527,0.76,False
17287,simple_q084_a008,0.8051948051948052,0.095,0.35064935064935066,0.17305458768873402,0.826945412311266,0.6493506493506493,0.6946188888888858,0.84,False
17287,simple_q084_a016,0.7719298245614035,0.10833333333333334,0.3333333333333333,0.17103762827822122,0.8289623717217788,0.6666666666666667,0.7389777777777752,0.84,False
17287,simple_q090_a008,0.8676470588235294,0.065,0.25,0.13940092165898618,0.8605990783410138,0.75,0.7760844444444414,0.9,False
17287,simple_q090_a016,0.8441558441558441,0.06,0.2987012987012987,0.10495283018867925,0.8950471698113207,0.7012987012987013,0.7366922222222192,0.9,False
17287,tdc_evidence_validated,0.8888888888888888,0.056666666666666664,0.30158730158730157,0.17757009345794392,0.822429906542056,0.6984126984126984,0.6923088888888863,0.9042301108478434,True
17288,simple_q060_a000,0.6338028169014085,0.185,0.4647887323943662,0.3298245614035088,0.6701754385964912,0.5352112676056338,0.5826611111111075,0.6,False
17288,simple_q068_a000,0.68,0.175,0.44,0.30539609644087257,0.6946039035591274,0.56,0.6639411111111074,0.68,False
17288,simple_q076_a000,0.782608695652174,0.14666666666666667,0.34782608695652173,0.24125874125874125,0.7587412587412588,0.6521739130434783,0.687005555555552,0.76,False
17288,simple_q084_a000,0.8679245283018868,0.09166666666666666,0.24528301886792453,0.15729047072330654,0.8427095292766935,0.7547169811320755,0.7239199999999971,0.84,False
17288,simple_q076_a008,0.8135593220338984,0.13833333333333334,0.2711864406779661,0.21205098493626884,0.7879490150637312,0.728813559322034,0.731727777777774,0.76,False
17288,simple_q076_a016,0.765625,0.13333333333333333,0.34375,0.16018306636155608,0.8398169336384439,0.65625,0.7061688888888844,0.76,False
17288,simple_q084_a008,0.9122807017543859,0.10166666666666667,0.24561403508771928,0.16884661117717004,0.83115338882283,0.7543859649122807,0.7716688888888853,0.84,False
17288,simple_q084_a016,0.8055555555555556,0.06833333333333333,0.3055555555555556,0.1495433789954338,0.8504566210045662,0.6944444444444444,0.7247166666666636,0.84,False
17288,simple_q090_a008,0.835820895522388,0.03833333333333333,0.26865671641791045,0.1342042755344418,0.8657957244655582,0.7313432835820896,0.7461266666666632,0.9,False
17288,simple_q090_a016,0.8857142857142857,0.06166666666666667,0.3,0.0880648899188876,0.9119351100811124,0.7,0.7478555555555527,0.9,False
17288,tdc_evidence_validated,0.8983050847457628,0.04833333333333333,0.2542372881355932,0.16724336793540945,0.8327566320645905,0.7457627118644068,0.7219711111111081,0.9047583056297025,True
17289,simple_q060_a000,0.7058823529411765,0.205,0.4117647058823529,0.325,0.675,0.5882352941176471,0.5545544444444427,0.6,False
17289,simple_q068_a000,0.6666666666666666,0.19333333333333333,0.5,0.30590961761297797,0.694090382387022,0.5,0.7134122222222186,0.68,False
17289,simple_q076_a000,0.6811594202898551,0.145,0.391304347826087,0.21180555555555555,0.7881944444444444,0.6086956521739131,0.6365877777777751,0.76,False
17289,simple_q084_a000,0.8356164383561644,0.08333333333333333,0.3287671232876712,0.16800920598388952,0.8319907940161104,0.6712328767123288,0.7105599999999965,0.84,False
17289,simple_q076_a008,0.7941176470588235,0.12333333333333334,0.36764705882352944,0.21885913853317812,0.7811408614668218,0.6323529411764706,0.6795566666666634,0.76,False
17289,simple_q076_a016,0.6666666666666666,0.13666666666666666,0.5,0.16081540203850508,0.8391845979614949,0.5,0.6777877777777748,0.76,False
17289,simple_q084_a008,0.881578947368421,0.08166666666666667,0.25,0.15760266370699222,0.8423973362930077,0.75,0.7445699999999965,0.84,False
17289,simple_q084_a016,0.796875,0.09,0.3125,0.1455981941309255,0.8544018058690745,0.6875,0.7026088888888857,0.84,False
17289,simple_q090_a008,0.8666666666666667,0.04833333333333333,0.25,0.1281437125748503,0.8718562874251496,0.75,0.7651788888888856,0.9,False
17289,simple_q090_a016,0.7794117647058824,0.05333333333333334,0.38235294117647056,0.11329479768786127,0.8867052023121387,0.6176470588235294,0.7421866666666641,0.9,False
17289,tdc_evidence_validated,0.7666666666666667,0.065,0.3,0.1807511737089202,0.8192488262910798,0.7,0.7393477777777737,0.9067933146901125,True
17290,simple_q060_a000,0.6052631578947368,0.22333333333333333,0.5,0.3469150174621653,0.6530849825378346,0.5,0.615032222222219,0.6,False
17290,simple_q068_a000,0.7183098591549296,0.15666666666666668,0.352112676056338,0.2722029988465975,0.7277970011534025,0.647887323943662,0.6343599999999968,0.68,False
17290,simple_q076_a000,0.704225352112676,0.125,0.4507042253521127,0.23699421965317918,0.7630057803468209,0.5492957746478873,0.6954411111111073,0.76,False
17290,simple_q084_a000,0.8032786885245902,0.10833333333333334,0.3770491803278688,0.19655172413793104,0.8034482758620689,0.6229508196721312,0.7055744444444411,0.84,False
17290,simple_q076_a008,0.7794117647058824,0.14666666666666667,0.39705882352941174,0.2288329519450801,0.7711670480549199,0.6029411764705883,0.7126522222222177,0.76,False
17290,simple_q076_a016,0.7564102564102564,0.13333333333333333,0.2948717948717949,0.16926503340757237,0.8307349665924276,0.7051282051282051,0.7083366666666633,0.76,False
17290,simple_q084_a008,0.7966101694915254,0.075,0.3220338983050847,0.16912599318955732,0.8308740068104427,0.6779661016949152,0.7250866666666634,0.84,False
17290,simple_q084_a016,0.8484848484848485,0.09333333333333334,0.3181818181818182,0.14516129032258066,0.8548387096774194,0.6818181818181819,0.7465244444444413,0.84,False
17290,simple_q090_a008,0.7692307692307693,0.056666666666666664,0.38461538461538464,0.12882096069868995,0.87117903930131,0.6153846153846154,0.7345088888888861,0.9,False
17290,simple_q090_a016,0.875,0.055,0.359375,0.12075029308323564,0.8792497069167644,0.640625,0.7552066666666635,0.9,False
17290,tdc_evidence_validated,0.828125,0.056666666666666664,0.28125,0.1823394495412844,0.8176605504587156,0.71875,0.6764366666666639,0.9050853792451565,True
17291,simple_q060_a000,0.6349206349206349,0.19833333333333333,0.47619047619047616,0.3501683501683502,0.6498316498316499,0.5238095238095238,0.547975555555554,0.6,False
17291,simple_q068_a000,0.6,0.17333333333333334,0.4714285714285714,0.2748868778280543,0.7251131221719457,0.5285714285714286,0.6453955555555525,0.68,False
17291,simple_q076_a000,0.7894736842105263,0.16666666666666666,0.40789473684210525,0.24970828471411902,0.750291715285881,0.5921052631578947,0.6754366666666631,0.76,False
17291,simple_q084_a000,0.9142857142857143,0.08,0.32857142857142857,0.1469248291571754,0.8530751708428246,0.6714285714285715,0.7759388888888852,0.84,False
17291,simple_q076_a008,0.8571428571428571,0.13833333333333334,0.2714285714285714,0.21832579185520362,0.7816742081447964,0.7285714285714286,0.7314688888888848,0.76,False
17291,simple_q076_a016,0.7540983606557377,0.15833333333333333,0.3770491803278688,0.19212962962962962,0.8078703703703703,0.6229508196721312,0.6603722222222193,0.76,False
17291,simple_q084_a008,0.8405797101449275,0.10666666666666667,0.2898550724637681,0.1859931113662457,0.8140068886337544,0.7101449275362319,0.7242299999999974,0.84,False
17291,simple_q084_a016,0.9354838709677419,0.09666666666666666,0.22580645161290322,0.11703360370799537,0.8829663962920047,0.7741935483870968,0.7753155555555524,0.84,False
17291,simple_q090_a008,0.8157894736842105,0.07,0.34210526315789475,0.1325581395348837,0.8674418604651163,0.6578947368421053,0.7476999999999968,0.9,False
17291,simple_q090_a016,0.8620689655172413,0.05333333333333334,0.3620689655172414,0.10882016036655212,0.8911798396334478,0.6379310344827587,0.7701199999999971,0.9,False
17291,tdc_evidence_validated,0.8048780487804879,0.06833333333333333,0.34146341463414637,0.18384074941451992,0.8161592505854801,0.6585365853658536,0.714959999999997,0.9043708368044208,True
17292,simple_q060_a000,0.6142857142857143,0.21333333333333335,0.5142857142857142,0.33979475484606614,0.6602052451539339,0.48571428571428577,0.6175466666666631,0.6,False
17292,simple_q068_a000,0.7068965517241379,0.14833333333333334,0.39655172413793105,0.2651869158878505,0.7348130841121495,0.603448275862069,0.631638888888886,0.68,False
17292,simple_q076_a000,0.75,0.115,0.4125,0.23648648648648649,0.7635135135135135,0.5875,0.6547533333333305,0.76,False
17292,simple_q084_a000,0.78125,0.10833333333333334,0.453125,0.20229885057471264,0.7977011494252874,0.546875,0.6750411111111083,0.84,False
17292,simple_q076_a008,0.75,0.14333333333333334,0.35714285714285715,0.21718931475029035,0.7828106852497096,0.6428571428571428,0.6770555555555523,0.76,False
17292,simple_q076_a016,0.7575757575757576,0.14833333333333334,0.3484848484848485,0.16040955631399317,0.8395904436860069,0.6515151515151515,0.6868722222222188,0.76,False
17292,simple_q084_a008,0.7361111111111112,0.11333333333333333,0.3611111111111111,0.1963677639046538,0.8036322360953462,0.6388888888888888,0.7249677777777748,0.84,False
17292,simple_q084_a016,0.835820895522388,0.11,0.3582089552238806,0.13990825688073394,0.8600917431192661,0.6417910447761195,0.7094755555555523,0.84,False
17292,simple_q090_a008,0.7037037037037037,0.051666666666666666,0.46296296296296297,0.12203389830508475,0.8779661016949153,0.537037037037037,0.7688377777777747,0.9,False
17292,simple_q090_a016,0.8181818181818182,0.06,0.30303030303030304,0.1145124716553288,0.8854875283446713,0.696969696969697,0.7336677777777753,0.9,False
17292,tdc_evidence_validated,0.7910447761194029,0.05333333333333334,0.3283582089552239,0.15940366972477063,0.8405963302752294,0.6716417910447761,0.7185344444444414,0.9027577155593856,True
17293,simple_q060_a000,0.6666666666666666,0.195,0.38095238095238093,0.3613053613053613,0.6386946386946387,0.6190476190476191,0.5854788888888858,0.6,False
17293,simple_q068_a000,0.6410256410256411,0.16166666666666665,0.5256410256410257,0.27387802071346373,0.7261219792865363,0.47435897435897434,0.5832611111111088,0.68,False
17293,simple_q076_a000,0.7407407407407407,0.11833333333333333,0.35185185185185186,0.23448275862068965,0.7655172413793103,0.6481481481481481,0.7571277777777742,0.76,False
17293,simple_q084_a000,0.8205128205128205,0.065,0.358974358974359,0.1780515117581187,0.8219484882418813,0.641025641025641,0.7219133333333302,0.84,False
17293,simple_q076_a008,0.76,0.11166666666666666,0.38666666666666666,0.22057142857142858,0.7794285714285714,0.6133333333333333,0.64613222222222,0.76,False
17293,simple_q076_a016,0.7068965517241379,0.14166666666666666,0.3620689655172414,0.17162471395881007,0.8283752860411899,0.6379310344827587,0.6756455555555522,0.76,False
17293,simple_q084_a008,0.8115942028985508,0.09666666666666666,0.2898550724637681,0.18130630630630631,0.8186936936936937,0.7101449275362319,0.7362833333333298,0.84,False
17293,simple_q084_a016,0.7205882352941176,0.08666666666666667,0.3382352941176471,0.12914285714285714,0.8708571428571429,0.6617647058823529,0.6976044444444416,0.84,False
17293,simple_q090_a008,0.8157894736842105,0.051666666666666666,0.3157894736842105,0.11995386389850057,0.8800461361014994,0.6842105263157895,0.7381611111111077,0.9,False
17293,simple_q090_a016,0.8611111111111112,0.08,0.25,0.09862385321100918,0.9013761467889908,0.75,0.7625911111111078,0.9,False
17293,tdc_evidence_validated,0.8378378378378378,0.065,0.3108108108108108,0.22324510932105868,0.7767548906789413,0.6891891891891893,0.6835722222222191,0.9032571259014758,True
17294,simple_q060_a000,0.620253164556962,0.20666666666666667,0.46835443037974683,0.32945285215366704,0.670547147846333,0.5316455696202531,0.6151699999999969,0.6,False
17294,simple_q068_a000,0.6935483870967742,0.17833333333333334,0.41935483870967744,0.27303754266211605,0.7269624573378839,0.5806451612903225,0.68652444444444,0.68,False
17294,simple_q076_a000,0.746268656716418,0.13666666666666666,0.3880597014925373,0.2427071178529755,0.7572928821470245,0.6119402985074627,0.6900311111111078,0.76,False
17294,simple_q084_a000,0.76,0.08166666666666667,0.3466666666666667,0.16399082568807338,0.8360091743119267,0.6533333333333333,0.7059922222222192,0.84,False
17294,simple_q076_a008,0.7936507936507936,0.13333333333333333,0.36507936507936506,0.24009060022650056,0.7599093997734995,0.6349206349206349,0.6801611111111081,0.76,False
17294,simple_q076_a016,0.6944444444444444,0.11333333333333333,0.4722222222222222,0.17667044167610418,0.8233295583238958,0.5277777777777778,0.6713544444444418,0.76,False
17294,simple_q084_a008,0.7727272727272727,0.095,0.3333333333333333,0.17844727694090382,0.8215527230590962,0.6666666666666667,0.717928888888886,0.84,False
17294,simple_q084_a016,0.8333333333333334,0.095,0.32051282051282054,0.14057142857142857,0.8594285714285714,0.6794871794871795,0.7335577777777745,0.84,False
17294,simple_q090_a008,0.8666666666666667,0.06666666666666667,0.25333333333333335,0.13377926421404682,0.8662207357859532,0.7466666666666666,0.7519888888888859,0.9,False
17294,simple_q090_a016,0.8846153846153846,0.058333333333333334,0.34615384615384615,0.11945392491467577,0.8805460750853242,0.6538461538461539,0.7234444444444419,0.9,False
17294,tdc_evidence_validated,0.88,0.06333333333333334,0.28,0.19285714285714287,0.8071428571428572,0.72,0.738598888888885,0.9090265597860987,True
17295,simple_q060_a000,0.569620253164557,0.19166666666666668,0.5443037974683544,0.3535714285714286,0.6464285714285714,0.45569620253164556,0.5913044444444423,0.6,False
17295,simple_q068_a000,0.6415094339622641,0.17833333333333334,0.49056603773584906,0.29218573046432617,0.7078142695356738,0.5094339622641509,0.6257866666666634,0.68,False
17295,simple_q076_a000,0.775,0.13833333333333334,0.3375,0.25649717514124293,0.7435028248587571,0.6625,0.6898511111111073,0.76,False
17295,simple_q084_a000,0.8813559322033898,0.10166666666666667,0.288135593220339,0.17386363636363636,0.8261363636363637,0.711864406779661,0.737942222222219,0.84,False
17295,simple_q076_a008,0.8070175438596491,0.12166666666666667,0.2807017543859649,0.2159090909090909,0.7840909090909091,0.7192982456140351,0.6792199999999969,0.76,False
17295,simple_q076_a016,0.6575342465753424,0.11833333333333333,0.4520547945205479,0.16981132075471697,0.8301886792452831,0.547945205479452,0.6591811111111078,0.76,False
17295,simple_q084_a008,0.8208955223880597,0.08,0.23880597014925373,0.17523364485981308,0.8247663551401869,0.7611940298507462,0.7538299999999967,0.84,False
17295,simple_q084_a016,0.8082191780821918,0.1,0.2876712328767123,0.1440185830429733,0.8559814169570267,0.7123287671232876,0.7133188888888861,0.84,False
17295,simple_q090_a008,0.8955223880597015,0.056666666666666664,0.22388059701492538,0.14029180695847362,0.8597081930415263,0.7761194029850746,0.7509377777777748,0.9,False
17295,simple_q090_a016,0.8441558441558441,0.04833333333333333,0.2857142857142857,0.12485549132947976,0.8751445086705203,0.7142857142857143,0.7475233333333305,0.9,False
17295,tdc_evidence_validated,0.8225806451612904,0.06166666666666667,0.3064516129032258,0.2018348623853211,0.7981651376146789,0.6935483870967742,0.7063011111111082,0.9054239012991994,True
17296,simple_q060_a000,0.620253164556962,0.175,0.4430379746835443,0.3310580204778157,0.6689419795221843,0.5569620253164558,0.5556011111111099,0.6,False
17296,simple_q068_a000,0.6904761904761905,0.16833333333333333,0.4523809523809524,0.26157407407407407,0.7384259259259259,0.5476190476190477,0.5544788888888874,0.68,False
17296,simple_q076_a000,0.78125,0.12666666666666668,0.375,0.21867881548974943,0.7813211845102506,0.625,0.6728488888888857,0.76,False
17296,simple_q084_a000,0.8125,0.08,0.3375,0.220162224797219,0.779837775202781,0.6625,0.7188933333333309,0.84,False
17296,simple_q076_a008,0.7195121951219512,0.11833333333333333,0.4268292682926829,0.21348314606741572,0.7865168539325843,0.5731707317073171,0.716115555555552,0.76,False
17296,simple_q076_a016,0.8243243243243243,0.12666666666666668,0.32432432432432434,0.17084282460136674,0.8291571753986333,0.6756756756756757,0.7081522222222192,0.76,False
17296,simple_q084_a008,0.8354430379746836,0.07333333333333333,0.3037974683544304,0.1564625850340136,0.8435374149659864,0.6962025316455696,0.7015566666666637,0.84,False
17296,simple_q084_a016,0.84375,0.105,0.25,0.14614499424626007,0.85385500575374,0.75,0.7288499999999972,0.84,False
17296,simple_q090_a008,0.8208955223880597,0.05,0.2835820895522388,0.13636363636363635,0.8636363636363636,0.7164179104477613,0.7657555555555523,0.9,False
17296,simple_q090_a016,0.9230769230769231,0.07,0.2692307692307692,0.11222222222222222,0.8877777777777778,0.7307692307692308,0.7191622222222194,0.9,False
17296,tdc_evidence_validated,0.8313253012048193,0.058333333333333334,0.3373493975903614,0.19696969696969696,0.803030303030303,0.6626506024096386,0.6670888888888857,0.9026208501127313,True
17297,simple_q060_a000,0.6575342465753424,0.23166666666666666,0.410958904109589,0.3293978748524203,0.6706021251475798,0.589041095890411,0.5539988888888863,0.6,False
17297,simple_q068_a000,0.7236842105263158,0.155,0.42105263157894735,0.2858837485172005,0.7141162514827994,0.5789473684210527,0.6339933333333306,0.68,False
17297,simple_q076_a000,0.8059701492537313,0.12333333333333334,0.3582089552238806,0.2119047619047619,0.7880952380952381,0.6417910447761195,0.6610222222222193,0.76,False
17297,simple_q084_a000,0.8387096774193549,0.10833333333333334,0.27419354838709675,0.19085714285714286,0.8091428571428572,0.7258064516129032,0.7362811111111079,0.84,False
17297,simple_q076_a008,0.6153846153846154,0.12333333333333334,0.44871794871794873,0.203579418344519,0.796420581655481,0.5512820512820513,0.663219999999997,0.76,False
17297,simple_q076_a016,0.7428571428571429,0.14333333333333334,0.4142857142857143,0.15126050420168066,0.8487394957983193,0.5857142857142856,0.6528855555555527,0.76,False
17297,simple_q084_a008,0.84375,0.1,0.3125,0.19369894982497082,0.8063010501750292,0.6875,0.7630844444444407,0.84,False
17297,simple_q084_a016,0.8939393939393939,0.10166666666666667,0.25757575757575757,0.1260115606936416,0.8739884393063584,0.7424242424242424,0.7326866666666633,0.84,False
17297,simple_q090_a008,0.8461538461538461,0.06666666666666667,0.3230769230769231,0.1395076201641266,0.8604923798358735,0.676923076923077,0.743722222222219,0.9,False
17297,simple_q090_a016,0.8115942028985508,0.065,0.3333333333333333,0.1215909090909091,0.8784090909090909,0.6666666666666667,0.7505044444444413,0.9,False
17297,tdc_evidence_validated,0.9012345679012346,0.056666666666666664,0.2716049382716049,0.20945945945945946,0.7905405405405406,0.7283950617283951,0.7112599999999972,0.907325832253251,True
17298,simple_q060_a000,0.6290322580645161,0.23,0.43548387096774194,0.32723112128146453,0.6727688787185355,0.564516129032258,0.5776833333333306,0.6,False
17298,simple_q068_a000,0.7352941176470589,0.165,0.4264705882352941,0.27848101265822783,0.7215189873417722,0.5735294117647058,0.6358644444444418,0.68,False
17298,simple_q076_a000,0.7288135593220338,0.14,0.3728813559322034,0.2553191489361702,0.7446808510638299,0.6271186440677966,0.6891866666666631,0.76,False
17298,simple_q084_a000,0.7246376811594203,0.1,0.5072463768115942,0.17112922002328287,0.8288707799767171,0.49275362318840576,0.7505522222222186,0.84,False
17298,simple_q076_a008,0.7397260273972602,0.14166666666666666,0.3424657534246575,0.2299771167048055,0.7700228832951945,0.6575342465753424,0.7189999999999959,0.76,False
17298,simple_q076_a016,0.7808219178082192,0.15,0.3698630136986301,0.171875,0.828125,0.6301369863013699,0.693335555555552,0.76,False
17298,simple_q084_a008,0.7866666666666666,0.09666666666666666,0.4,0.18108419838523646,0.8189158016147635,0.6,0.6971799999999971,0.84,False
17298,simple_q084_a016,0.8452380952380952,0.1,0.27380952380952384,0.13835770528683913,0.8616422947131609,0.7261904761904762,0.6993733333333306,0.84,False
17298,simple_q090_a008,0.7910447761194029,0.08166666666666667,0.373134328358209,0.1558589306029579,0.8441410693970421,0.6268656716417911,0.7371522222222191,0.9,False
17298,simple_q090_a016,0.88,0.055,0.22666666666666666,0.10454545454545454,0.8954545454545455,0.7733333333333333,0.7432266666666637,0.9,False
17298,tdc_evidence_validated,0.8309859154929577,0.058333333333333334,0.28169014084507044,0.20045300113250283,0.7995469988674971,0.7183098591549295,0.7075111111111082,0.9042623206578352,True
17299,simple_q060_a000,0.6142857142857143,0.22,0.5571428571428572,0.31322505800464034,0.6867749419953597,0.44285714285714284,0.6193199999999961,0.6,False
17299,simple_q068_a000,0.7023809523809523,0.15333333333333332,0.4166666666666667,0.2689655172413793,0.7310344827586207,0.5833333333333333,0.6319177777777756,0.68,False
17299,simple_q076_a000,0.8,0.14333333333333334,0.27692307692307694,0.24662162162162163,0.7533783783783784,0.7230769230769231,0.6995144444444407,0.76,False
17299,simple_q084_a000,0.7631578947368421,0.09,0.32894736842105265,0.1585081585081585,0.8414918414918415,0.6710526315789473,0.7304166666666633,0.84,False
17299,simple_q076_a008,0.78125,0.1,0.40625,0.246189917936694,0.753810082063306,0.59375,0.674336666666663,0.76,False
17299,simple_q076_a016,0.75,0.14333333333333334,0.39705882352941174,0.1413793103448276,0.8586206896551725,0.6029411764705883,0.7301333333333295,0.76,False
17299,simple_q084_a008,0.7333333333333333,0.08666666666666667,0.38666666666666666,0.1755813953488372,0.8244186046511628,0.6133333333333333,0.7240899999999969,0.84,False
17299,simple_q084_a016,0.7083333333333334,0.105,0.375,0.1258426966292135,0.8741573033707866,0.625,0.7180111111111082,0.84,False
17299,simple_q090_a008,0.8235294117647058,0.07166666666666667,0.3235294117647059,0.14335664335664336,0.8566433566433567,0.6764705882352942,0.7180188888888864,0.9,False
17299,simple_q090_a016,0.90625,0.07666666666666666,0.21875,0.10896708286038592,0.8910329171396141,0.78125,0.7895022222222193,0.9,False
17299,tdc_evidence_validated,0.7536231884057971,0.08666666666666667,0.42028985507246375,0.18013856812933027,0.8198614318706697,0.5797101449275363,0.6767988888888866,0.9004913663183958,True
17300,simple_q060_a000,0.8235294117647058,0.23,0.27941176470588236,0.2744186046511628,0.7255813953488373,0.7205882352941176,0.6008088888888854,0.6,False
17300,simple_q068_a000,0.8275862068965517,0.15833333333333333,0.41379310344827586,0.2696365767878077,0.7303634232121923,0.5862068965517242,0.6336499999999975,0.68,False
17300,simple_q076_a000,0.7719298245614035,0.14833333333333334,0.3157894736842105,0.23387096774193547,0.7661290322580645,0.6842105263157895,0.7149688888888847,0.76,False
17300,simple_q084_a000,0.8536585365853658,0.07,0.2682926829268293,0.1645123384253819,0.8354876615746181,0.7317073170731707,0.6942799999999971,0.84,False
17300,simple_q076_a008,0.6349206349206349,0.17166666666666666,0.4444444444444444,0.21235955056179776,0.7876404494382022,0.5555555555555556,0.6644522222222197,0.76,False
17300,simple_q076_a016,0.6857142857142857,0.14,0.4714285714285714,0.18828932261768083,0.8117106773823192,0.5285714285714286,0.6626322222222191,0.76,False
17300,simple_q084_a008,0.7397260273972602,0.09333333333333334,0.3287671232876712,0.18181818181818182,0.8181818181818181,0.6712328767123288,0.6999288888888856,0.84,False
17300,simple_q084_a016,0.828125,0.09166666666666666,0.328125,0.1413673232908459,0.8586326767091541,0.671875,0.7262611111111078,0.84,False
17300,simple_q090_a008,0.875,0.045,0.2916666666666667,0.12811791383219956,0.8718820861678005,0.7083333333333333,0.7060177777777753,0.9,False
17300,simple_q090_a016,0.8243243243243243,0.055,0.28378378378378377,0.09839816933638444,0.9016018306636155,0.7162162162162162,0.7539033333333303,0.9,False
17300,tdc_evidence_validated,0.8135593220338984,0.06,0.288135593220339,0.1713961407491487,0.8286038592508513,0.711864406779661,0.690488888888886,0.9034247257244612,True
17301,simple_q060_a000,0.59375,0.20333333333333334,0.46875,0.34201183431952664,0.6579881656804734,0.53125,0.6277166666666635,0.6,False
17301,simple_q068_a000,0.7966101694915254,0.20166666666666666,0.3050847457627119,0.2881944444444444,0.7118055555555556,0.6949152542372881,0.6604022222222186,0.68,False
17301,simple_q076_a000,0.7166666666666667,0.13166666666666665,0.43333333333333335,0.24351747463359638,0.7564825253664036,0.5666666666666667,0.6746033333333301,0.76,False
17301,simple_q084_a000,0.8051948051948052,0.08166666666666667,0.33766233766233766,0.1637831603229527,0.8362168396770473,0.6623376623376623,0.6822655555555521,0.84,False
17301,simple_q076_a008,0.7941176470588235,0.09166666666666666,0.3382352941176471,0.23648648648648649,0.7635135135135135,0.6617647058823529,0.6779566666666639,0.76,False
17301,simple_q076_a016,0.7432432432432432,0.12,0.3783783783783784,0.17734553775743708,0.8226544622425629,0.6216216216216216,0.6747544444444419,0.76,False
17301,simple_q084_a008,0.8307692307692308,0.07166666666666667,0.3230769230769231,0.1914648212226067,0.8085351787773933,0.676923076923077,0.7296299999999969,0.84,False
17301,simple_q084_a016,0.7719298245614035,0.09166666666666666,0.3333333333333333,0.13264129181084197,0.8673587081891581,0.6666666666666667,0.7492266666666637,0.84,False
17301,simple_q090_a008,0.9130434782608695,0.06666666666666667,0.2463768115942029,0.1247086247086247,0.8752913752913754,0.7536231884057971,0.7465388888888858,0.9,False
17301,simple_q090_a016,0.8412698412698413,0.05333333333333334,0.2222222222222222,0.10283687943262411,0.8971631205673759,0.7777777777777778,0.7559477777777747,0.9,False
17301,tdc_evidence_validated,0.796875,0.075,0.40625,0.1726457399103139,0.8273542600896862,0.59375,0.7272955555555526,0.9054299068464662,True
17302,simple_q060_a000,0.7307692307692307,0.23833333333333334,0.41025641025641024,0.327683615819209,0.672316384180791,0.5897435897435898,0.6043955555555526,0.6,False
17302,simple_q068_a000,0.625,0.18333333333333332,0.5,0.2644341801385681,0.7355658198614319,0.5,0.6283844444444411,0.68,False
17302,simple_q076_a000,0.6533333333333333,0.115,0.5333333333333333,0.21764032073310424,0.7823596792668958,0.4666666666666667,0.6535922222222188,0.76,False
17302,simple_q084_a000,0.8461538461538461,0.07833333333333334,0.3076923076923077,0.17857142857142858,0.8214285714285714,0.6923076923076923,0.7242755555555525,0.84,False
17302,simple_q076_a008,0.6309523809523809,0.13,0.44047619047619047,0.23488372093023255,0.7651162790697674,0.5595238095238095,0.6504611111111084,0.76,False
17302,simple_q076_a016,0.7538461538461538,0.125,0.35384615384615387,0.17573696145124718,0.8242630385487528,0.6461538461538461,0.6730199999999971,0.76,False
17302,simple_q084_a008,0.796875,0.11,0.359375,0.1813953488372093,0.8186046511627907,0.640625,0.7411577777777741,0.84,False
17302,simple_q084_a016,0.8375,0.07833333333333334,0.3125,0.13365155131264916,0.8663484486873508,0.6875,0.7307011111111085,0.84,False
17302,simple_q090_a008,0.7721518987341772,0.06333333333333334,0.45569620253164556,0.14448236632536973,0.8555176336746303,0.5443037974683544,0.7033899999999971,0.9,False
17302,simple_q090_a016,0.7611940298507462,0.058333333333333334,0.34328358208955223,0.1255868544600939,0.8744131455399061,0.6567164179104478,0.7422711111111083,0.9,False
17302,tdc_evidence_validated,0.8405797101449275,0.058333333333333334,0.2898550724637681,0.19651162790697674,0.8034883720930233,0.7101449275362319,0.7019344444444419,0.9058200732079678,True
17303,simple_q060_a000,0.6455696202531646,0.21166666666666667,0.4810126582278481,0.32917139614074914,0.6708286038592508,0.5189873417721519,0.6211444444444416,0.6,False
17303,simple_q068_a000,0.625,0.16333333333333333,0.484375,0.29646017699115046,0.7035398230088495,0.515625,0.6052977777777749,0.68,False
17303,simple_q076_a000,0.8571428571428571,0.11833333333333333,0.3492063492063492,0.22196531791907514,0.7780346820809249,0.6507936507936508,0.6704033333333296,0.76,False
17303,simple_q084_a000,0.7837837837837838,0.09333333333333334,0.28378378378378377,0.17525773195876287,0.8247422680412371,0.7162162162162162,0.6834911111111084,0.84,False
17303,simple_q076_a008,0.8,0.14666666666666667,0.375,0.23201856148491878,0.7679814385150812,0.625,0.6929566666666632,0.76,False
17303,simple_q076_a016,0.7948717948717948,0.14333333333333334,0.3974358974358974,0.16493656286043828,0.8350634371395618,0.6025641025641026,0.6839899999999968,0.76,False
17303,simple_q084_a008,0.7586206896551724,0.065,0.39655172413793105,0.173963133640553,0.8260368663594471,0.603448275862069,0.7092122222222189,0.84,False
17303,simple_q084_a016,0.8360655737704918,0.09333333333333334,0.3114754098360656,0.1451990632318501,0.8548009367681499,0.6885245901639344,0.7001988888888863,0.84,False
17303,simple_q090_a008,0.8533333333333334,0.056666666666666664,0.28,0.12572087658592848,0.8742791234140715,0.72,0.7674911111111078,0.9,False
17303,simple_q090_a016,0.8507462686567164,0.051666666666666666,0.23880597014925373,0.10514285714285715,0.8948571428571428,0.7611940298507462,0.7782411111111085,0.9,False
17303,tdc_evidence_validated,0.9024390243902439,0.058333333333333334,0.32926829268292684,0.19791666666666666,0.8020833333333334,0.6707317073170731,0.6947477777777746,0.9012936476777775,True
17304,simple_q060_a000,0.6142857142857143,0.19833333333333333,0.5285714285714286,0.3299086757990868,0.6700913242009132,0.4714285714285714,0.563838888888886,0.6,False
17304,simple_q068_a000,0.6818181818181818,0.14833333333333334,0.3939393939393939,0.27177700348432055,0.7282229965156795,0.6060606060606061,0.6724722222222187,0.68,False
17304,simple_q076_a000,0.7910447761194029,0.115,0.3283582089552239,0.25144175317185696,0.7485582468281431,0.6716417910447761,0.6841477777777745,0.76,False
17304,simple_q084_a000,0.734375,0.10666666666666667,0.390625,0.15838150289017341,0.8416184971098266,0.609375,0.7339866666666632,0.84,False
17304,simple_q076_a008,0.7571428571428571,0.13333333333333333,0.42857142857142855,0.23389830508474577,0.7661016949152543,0.5714285714285714,0.6669888888888855,0.76,False
17304,simple_q076_a016,0.8153846153846154,0.12166666666666667,0.3384615384615385,0.18352941176470589,0.8164705882352941,0.6615384615384615,0.7007833333333301,0.76,False
17304,simple_q084_a008,0.7808219178082192,0.08,0.3561643835616438,0.17391304347826086,0.8260869565217391,0.6438356164383562,0.6927544444444417,0.84,False
17304,simple_q084_a016,0.8987341772151899,0.09666666666666666,0.27848101265822783,0.12877030162412992,0.87122969837587,0.7215189873417722,0.7235211111111081,0.84,False
17304,simple_q090_a008,0.7972972972972973,0.055,0.35135135135135137,0.13418903150525088,0.8658109684947491,0.6486486486486487,0.741938888888886,0.9,False
17304,simple_q090_a016,0.8055555555555556,0.07,0.3055555555555556,0.11337868480725624,0.8866213151927438,0.6944444444444444,0.7471955555555526,0.9,False
17304,tdc_evidence_validated,0.782051282051282,0.056666666666666664,0.41025641025641024,0.21679909194097616,0.7832009080590239,0.5897435897435898,0.7137166666666631,0.9013094016676121,True
17305,simple_q060_a000,0.6197183098591549,0.17,0.4788732394366197,0.3191244239631336,0.6808755760368663,0.5211267605633803,0.6201555555555525,0.6,False
17305,simple_q068_a000,0.6805555555555556,0.15666666666666668,0.5,0.2754285714285714,0.7245714285714286,0.5,0.6459011111111073,0.68,False
17305,simple_q076_a000,0.7966101694915254,0.13166666666666665,0.3389830508474576,0.22259887005649717,0.7774011299435029,0.6610169491525424,0.7217333333333296,0.76,False
17305,simple_q084_a000,0.8484848484848485,0.08,0.2878787878787879,0.209919261822376,0.790080738177624,0.7121212121212122,0.7273555555555524,0.84,False
17305,simple_q076_a008,0.8305084745762712,0.13333333333333333,0.3220338983050847,0.232037691401649,0.767962308598351,0.6779661016949152,0.7111833333333291,0.76,False
17305,simple_q076_a016,0.765625,0.115,0.28125,0.18888888888888888,0.8111111111111111,0.71875,0.7051855555555523,0.76,False
17305,simple_q084_a008,0.8135593220338984,0.08666666666666667,0.3220338983050847,0.17927823050058206,0.820721769499418,0.6779661016949152,0.7427077777777744,0.84,False
17305,simple_q084_a016,0.75,0.10666666666666667,0.3333333333333333,0.1701388888888889,0.8298611111111112,0.6666666666666667,0.7336599999999966,0.84,False
17305,simple_q090_a008,0.8431372549019608,0.06833333333333333,0.3333333333333333,0.12658227848101267,0.8734177215189873,0.6666666666666667,0.7769611111111079,0.9,False
17305,simple_q090_a016,0.7966101694915254,0.045,0.2542372881355932,0.11515863689776733,0.8848413631022327,0.7457627118644068,0.7678477777777746,0.9,False
17305,tdc_evidence_validated,0.7611940298507462,0.043333333333333335,0.373134328358209,0.20501138952164008,0.7949886104783599,0.6268656716417911,0.6934044444444416,0.9037295593460738,True
17306,simple_q060_a000,0.7,0.20166666666666666,0.42857142857142855,0.3382857142857143,0.6617142857142857,0.5714285714285714,0.5813333333333311,0.6,False
17306,simple_q068_a000,0.7681159420289855,0.19166666666666668,0.34782608695652173,0.28040540540540543,0.7195945945945945,0.6521739130434783,0.6421122222222193,0.68,False
17306,simple_q076_a000,0.8076923076923077,0.12833333333333333,0.34615384615384615,0.22732491389207807,0.7726750861079219,0.6538461538461539,0.691018888888885,0.76,False
17306,simple_q084_a000,0.7777777777777778,0.09833333333333333,0.3194444444444444,0.2045977011494253,0.7954022988505747,0.6805555555555556,0.7042299999999962,0.84,False
17306,simple_q076_a008,0.7530864197530864,0.1,0.37037037037037035,0.22488584474885845,0.7751141552511416,0.6296296296296297,0.6915266666666626,0.76,False
17306,simple_q076_a016,0.8,0.135,0.38666666666666666,0.18468468468468469,0.8153153153153153,0.6133333333333333,0.6813611111111072,0.76,False
17306,simple_q084_a008,0.7857142857142857,0.08,0.39285714285714285,0.15795586527293845,0.8420441347270615,0.6071428571428572,0.7176133333333305,0.84,False
17306,simple_q084_a016,0.8,0.075,0.4,0.13911060433295325,0.8608893956670467,0.6,0.7270977777777745,0.84,False
17306,simple_q090_a008,0.8181818181818182,0.04833333333333333,0.34545454545454546,0.13114754098360656,0.8688524590163934,0.6545454545454545,0.7522133333333304,0.9,False
17306,simple_q090_a016,0.7647058823529411,0.055,0.39705882352941174,0.10786516853932585,0.8921348314606742,0.6029411764705883,0.7185899999999975,0.9,False
17306,tdc_evidence_validated,0.8,0.07833333333333334,0.34545454545454546,0.21136363636363636,0.7886363636363636,0.6545454545454545,0.7210088888888856,0.9016163358375704,True
17307,simple_q060_a000,0.6619718309859155,0.18833333333333332,0.4225352112676056,0.35476718403547675,0.6452328159645233,0.5774647887323944,0.6230744444444407,0.6,False
17307,simple_q068_a000,0.6805555555555556,0.16333333333333333,0.375,0.27695800227014755,0.7230419977298524,0.625,0.6775633333333301,0.68,False
17307,simple_q076_a000,0.75,0.125,0.3684210526315789,0.2506053268765133,0.7493946731234866,0.631578947368421,0.6772966666666634,0.76,False
17307,simple_q084_a000,0.8356164383561644,0.08666666666666667,0.2876712328767123,0.19300361881785283,0.8069963811821472,0.7123287671232876,0.7296977777777743,0.84,False
17307,simple_q076_a008,0.7101449275362319,0.12833333333333333,0.463768115942029,0.24129930394431554,0.7587006960556845,0.536231884057971,0.6520366666666642,0.76,False
17307,simple_q076_a016,0.7547169811320755,0.145,0.39622641509433965,0.16784869976359337,0.8321513002364066,0.6037735849056604,0.7123211111111076,0.76,False
17307,simple_q084_a008,0.8055555555555556,0.10166666666666667,0.3611111111111111,0.1853997682502897,0.8146002317497103,0.6388888888888888,0.7312211111111077,0.84,False
17307,simple_q084_a016,0.896551724137931,0.06,0.3275862068965517,0.1515499425947187,0.8484500574052813,0.6724137931034483,0.7656177777777744,0.84,False
17307,simple_q090_a008,0.8620689655172413,0.06666666666666667,0.29310344827586204,0.1612541993281075,0.8387458006718925,0.7068965517241379,0.7550699999999967,0.9,False
17307,simple_q090_a016,0.8235294117647058,0.06166666666666667,0.23529411764705882,0.096,0.904,0.7647058823529411,0.7569455555555525,0.9,False
17307,tdc_evidence_validated,0.9259259259259259,0.051666666666666666,0.3148148148148148,0.19770114942528735,0.8022988505747126,0.6851851851851851,0.7483055555555521,0.9025196448164879,True
17308,simple_q060_a000,0.6935483870967742,0.23666666666666666,0.43548387096774194,0.33860045146726864,0.6613995485327313,0.564516129032258,0.6240033333333305,0.6,False
17308,simple_q068_a000,0.7681159420289855,0.15166666666666667,0.391304347826087,0.2800953516090584,0.7199046483909416,0.6086956521739131,0.6951533333333294,0.68,False
17308,simple_q076_a000,0.75,0.13333333333333333,0.3235294117647059,0.2054176072234763,0.7945823927765236,0.6764705882352942,0.6965933333333303,0.76,False
17308,simple_q084_a000,0.7808219178082192,0.085,0.3424657534246575,0.15172413793103448,0.8482758620689655,0.6575342465753424,0.7564966666666634,0.84,False
17308,simple_q076_a008,0.7808219178082192,0.125,0.3424657534246575,0.23910482921083628,0.7608951707891637,0.6575342465753424,0.6820266666666637,0.76,False
17308,simple_q076_a016,0.7125,0.13833333333333334,0.45,0.1916376306620209,0.8083623693379791,0.55,0.6405933333333308,0.76,False
17308,simple_q084_a008,0.8214285714285714,0.08833333333333333,0.34523809523809523,0.18715393133997785,0.8128460686600222,0.6547619047619048,0.728139999999997,0.84,False
17308,simple_q084_a016,0.8395061728395061,0.06333333333333334,0.2716049382716049,0.1532349602724177,0.8467650397275823,0.7283950617283951,0.727941111111108,0.84,False
17308,simple_q090_a008,0.8245614035087719,0.07333333333333333,0.3157894736842105,0.1530373831775701,0.8469626168224299,0.6842105263157895,0.7450277777777746,0.9,False
17308,simple_q090_a016,0.8888888888888888,0.04666666666666667,0.23809523809523808,0.11954022988505747,0.8804597701149426,0.7619047619047619,0.7226077777777752,0.9,False
17308,tdc_evidence_validated,0.8658536585365854,0.055,0.2926829268292683,0.18140068886337543,0.8185993111366245,0.7073170731707317,0.6753088888888864,0.9047974848367428,True
17309,simple_q060_a000,0.6575342465753424,0.20666666666666667,0.410958904109589,0.36342857142857143,0.6365714285714286,0.589041095890411,0.5957211111111086,0.6,False
17309,simple_q068_a000,0.734375,0.15833333333333333,0.328125,0.27491408934707906,0.7250859106529209,0.671875,0.6375288888888863,0.68,False
17309,simple_q076_a000,0.7922077922077922,0.12666666666666668,0.4155844155844156,0.24302325581395348,0.7569767441860465,0.5844155844155844,0.65743333333333,0.76,False
17309,simple_q084_a000,0.746268656716418,0.07666666666666666,0.417910447761194,0.161217587373168,0.838782412626832,0.582089552238806,0.7319977777777745,0.84,False
17309,simple_q076_a008,0.76,0.12166666666666667,0.3333333333333333,0.22360953461975028,0.7763904653802497,0.6666666666666667,0.7077444444444408,0.76,False
17309,simple_q076_a016,0.8421052631578947,0.125,0.2631578947368421,0.18640093786635403,0.813599062133646,0.736842105263158,0.6914666666666636,0.76,False
17309,simple_q084_a008,0.7272727272727273,0.09166666666666666,0.4090909090909091,0.17942857142857144,0.8205714285714285,0.5909090909090908,0.7323366666666635,0.84,False
17309,simple_q084_a016,0.7313432835820896,0.10333333333333333,0.40298507462686567,0.13302217036172695,0.8669778296382731,0.5970149253731343,0.7403444444444414,0.84,False
17309,simple_q090_a008,0.8688524590163934,0.07,0.22950819672131148,0.15212264150943397,0.847877358490566,0.7704918032786885,0.7807144444444413,0.9,False
17309,simple_q090_a016,0.8269230769230769,0.051666666666666666,0.3269230769230769,0.10742857142857143,0.8925714285714286,0.6730769230769231,0.785427777777775,0.9,False
17309,tdc_evidence_validated,0.765625,0.06333333333333334,0.390625,0.1600901916572717,0.8399098083427283,0.609375,0.6829766666666637,0.901566221017458,True
17310,simple_q060_a000,0.631578947368421,0.18666666666666668,0.45614035087719296,0.3409873708381171,0.659012629161883,0.543859649122807,0.6344733333333309,0.6,False
17310,simple_q068_a000,0.7162162162162162,0.15166666666666667,0.3918918918918919,0.2713004484304933,0.7286995515695067,0.6081081081081081,0.6059577777777755,0.68,False
17310,simple_q076_a000,0.7066666666666667,0.13,0.36,0.2254335260115607,0.7745664739884393,0.64,0.6599833333333304,0.76,False
17310,simple_q084_a000,0.8974358974358975,0.09833333333333333,0.20512820512820512,0.17686318131256953,0.8231368186874305,0.7948717948717949,0.7553188888888851,0.84,False
17310,simple_q076_a008,0.7666666666666667,0.11333333333333333,0.36666666666666664,0.2288329519450801,0.7711670480549199,0.6333333333333333,0.6754211111111078,0.76,False
17310,simple_q076_a016,0.7246376811594203,0.12,0.36231884057971014,0.1751740139211137,0.8248259860788862,0.6376811594202898,0.6845433333333295,0.76,False
17310,simple_q084_a008,0.8051948051948052,0.08,0.3116883116883117,0.16382252559726962,0.8361774744027304,0.6883116883116883,0.7004677777777747,0.84,False
17310,simple_q084_a016,0.8955223880597015,0.09833333333333333,0.19402985074626866,0.14514285714285713,0.8548571428571429,0.8059701492537313,0.7362888888888857,0.84,False
17310,simple_q090_a008,0.8285714285714286,0.051666666666666666,0.3142857142857143,0.13416009019165728,0.8658399098083427,0.6857142857142857,0.7713855555555523,0.9,False
17310,simple_q090_a016,0.8918918918918919,0.055,0.21621621621621623,0.13703284258210646,0.8629671574178935,0.7837837837837838,0.7759755555555525,0.9,False
17310,tdc_evidence_validated,0.8484848484848485,0.04,0.21212121212121213,0.19630484988452657,0.8036951501154734,0.7878787878787878,0.7355322222222188,0.9070405574689507,True
17311,simple_q060_a000,0.7419354838709677,0.22333333333333333,0.3870967741935484,0.3333333333333333,0.6666666666666667,0.6129032258064516,0.6285177777777742,0.6,False
17311,simple_q068_a000,0.6428571428571429,0.18333333333333332,0.5,0.2508833922261484,0.7491166077738516,0.5,0.6333033333333302,0.68,False
17311,simple_q076_a000,0.6617647058823529,0.14333333333333334,0.5147058823529411,0.2514484356894554,0.7485515643105446,0.4852941176470589,0.6097055555555537,0.76,False
17311,simple_q084_a000,0.8414634146341463,0.08666666666666667,0.25609756097560976,0.16357308584686775,0.8364269141531322,0.7439024390243902,0.7434088888888851,0.84,False
17311,simple_q076_a008,0.8309859154929577,0.14333333333333334,0.30985915492957744,0.23705408515535098,0.762945914844649,0.6901408450704225,0.6772166666666638,0.76,False
17311,simple_q076_a016,0.7121212121212122,0.15333333333333332,0.48484848484848486,0.178698224852071,0.821301775147929,0.5151515151515151,0.6559066666666642,0.76,False
17311,simple_q084_a008,0.8205128205128205,0.08,0.2692307692307692,0.1889400921658986,0.8110599078341014,0.7307692307692308,0.7317422222222193,0.84,False
17311,simple_q084_a016,0.7833333333333333,0.08,0.3333333333333333,0.16257309941520467,0.8374269005847953,0.6666666666666667,0.7197433333333302,0.84,False
17311,simple_q090_a008,0.7948717948717948,0.07,0.28205128205128205,0.15967365967365968,0.8403263403263403,0.717948717948718,0.7464055555555525,0.9,False
17311,simple_q090_a016,0.8620689655172413,0.06333333333333334,0.27586206896551724,0.11475409836065574,0.8852459016393442,0.7241379310344828,0.7851188888888855,0.9,False
17311,tdc_evidence_validated,0.9272727272727272,0.06166666666666667,0.2,0.17541766109785203,0.8245823389021479,0.8,0.7371366666666629,0.9067697691374651,True
17312,simple_q060_a000,0.5,0.18833333333333332,0.5588235294117647,0.3368055555555556,0.6631944444444444,0.4411764705882353,0.5828955555555534,0.6,False
17312,simple_q068_a000,0.704225352112676,0.18666666666666668,0.39436619718309857,0.275175644028103,0.724824355971897,0.6056338028169015,0.6306177777777753,0.68,False
17312,simple_q076_a000,0.7435897435897436,0.11333333333333333,0.3717948717948718,0.23120089786756454,0.7687991021324354,0.6282051282051282,0.6829633333333307,0.76,False
17312,simple_q084_a000,0.9047619047619048,0.085,0.3492063492063492,0.1689989235737352,0.8310010764262648,0.6507936507936508,0.7454733333333298,0.84,False
17312,simple_q076_a008,0.8115942028985508,0.11833333333333333,0.2898550724637681,0.2522831050228311,0.7477168949771689,0.7101449275362319,0.700574444444441,0.76,False
17312,simple_q076_a016,0.8392857142857143,0.14333333333333334,0.30357142857142855,0.17162471395881007,0.8283752860411899,0.6964285714285714,0.72327333333333,0.76,False
17312,simple_q084_a008,0.8059701492537313,0.09333333333333334,0.34328358208955223,0.16627358490566038,0.8337264150943396,0.6567164179104478,0.7521933333333294,0.84,False
17312,simple_q084_a016,0.8450704225352113,0.11,0.29577464788732394,0.15176470588235294,0.8482352941176471,0.704225352112676,0.6908122222222194,0.84,False
17312,simple_q090_a008,0.8235294117647058,0.06333333333333334,0.35294117647058826,0.15296803652968036,0.8470319634703196,0.6470588235294117,0.7231955555555527,0.9,False
17312,simple_q090_a016,0.8387096774193549,0.06,0.3387096774193548,0.09799291617473435,0.9020070838252656,0.6612903225806452,0.752166666666664,0.9,False
17312,tdc_evidence_validated,0.8024691358024691,0.065,0.3950617283950617,0.1961231470923603,0.8038768529076397,0.6049382716049383,0.6831288888888858,0.9033863930017001,True
17313,simple_q060_a000,0.5833333333333334,0.24166666666666667,0.5416666666666666,0.34502262443438914,0.6549773755656109,0.45833333333333337,0.602975555555553,0.6,False
17313,simple_q068_a000,0.6923076923076923,0.17,0.4358974358974359,0.24662162162162163,0.7533783783783784,0.5641025641025641,0.6567399999999963,0.68,False
17313,simple_q076_a000,0.8253968253968254,0.165,0.23809523809523808,0.23232323232323232,0.7676767676767677,0.7619047619047619,0.6718744444444413,0.76,False
17313,simple_q084_a000,0.8356164383561644,0.08,0.3972602739726027,0.20391705069124424,0.7960829493087558,0.6027397260273972,0.6933522222222193,0.84,False
17313,simple_q076_a008,0.7777777777777778,0.105,0.35802469135802467,0.20187793427230047,0.7981220657276995,0.6419753086419753,0.6647644444444408,0.76,False
17313,simple_q076_a016,0.7540983606557377,0.12,0.36065573770491804,0.17824074074074073,0.8217592592592593,0.639344262295082,0.6860177777777743,0.76,False
17313,simple_q084_a008,0.8170731707317073,0.095,0.3048780487804878,0.1776239907727797,0.8223760092272203,0.6951219512195121,0.7024388888888861,0.84,False
17313,simple_q084_a016,0.84375,0.10333333333333333,0.296875,0.13448275862068965,0.8655172413793104,0.703125,0.7124733333333301,0.84,False
17313,simple_q090_a008,0.8142857142857143,0.07333333333333333,0.35714285714285715,0.14580941446613088,0.8541905855338692,0.6428571428571428,0.7371877777777744,0.9,False
17313,simple_q090_a016,0.7205882352941176,0.075,0.35294117647058826,0.11858608893956671,0.8814139110604333,0.6470588235294117,0.7320944444444418,0.9,False
17313,tdc_evidence_validated,0.7887323943661971,0.06833333333333333,0.352112676056338,0.1902497027348395,0.8097502972651605,0.647887323943662,0.7227666666666633,0.9058615230683473,True
17314,simple_q060_a000,0.5833333333333334,0.18833333333333332,0.5277777777777778,0.3187721369539551,0.6812278630460449,0.4722222222222222,0.6027088888888866,0.6,False
17314,simple_q068_a000,0.7948717948717948,0.185,0.358974358974359,0.28036322360953464,0.7196367763904654,0.641025641025641,0.6417733333333298,0.68,False
17314,simple_q076_a000,0.75,0.11833333333333333,0.29411764705882354,0.21867881548974943,0.7813211845102506,0.7058823529411764,0.711037777777774,0.76,False
17314,simple_q084_a000,0.7875,0.06,0.3625,0.19009216589861752,0.8099078341013825,0.6375,0.692978888888886,0.84,False
17314,simple_q076_a008,0.8421052631578947,0.14,0.3157894736842105,0.21593533487297922,0.7840646651270208,0.6842105263157895,0.7215499999999969,0.76,False
17314,simple_q076_a016,0.75,0.11166666666666666,0.3472222222222222,0.18030973451327434,0.8196902654867256,0.6527777777777778,0.6670677777777754,0.76,False
17314,simple_q084_a008,0.7605633802816901,0.08166666666666667,0.39436619718309857,0.17785630153121318,0.8221436984687869,0.6056338028169015,0.7161866666666635,0.84,False
17314,simple_q084_a016,0.7671232876712328,0.05333333333333334,0.3013698630136986,0.12027491408934708,0.8797250859106529,0.6986301369863014,0.7467733333333304,0.84,False
17314,simple_q090_a008,0.9420289855072463,0.06833333333333333,0.2028985507246377,0.13748531139835488,0.8625146886016452,0.7971014492753623,0.7760677777777746,0.9,False
17314,simple_q090_a016,0.8507462686567164,0.05,0.29850746268656714,0.12862108922363846,0.8713789107763615,0.7014925373134329,0.7289466666666639,0.9,False
17314,tdc_evidence_validated,0.8701298701298701,0.04833333333333333,0.2857142857142857,0.21495327102803738,0.7850467289719626,0.7142857142857143,0.6923977777777748,0.9064847246028909,True
17315,simple_q060_a000,0.6065573770491803,0.19666666666666666,0.45901639344262296,0.3141891891891892,0.6858108108108107,0.540983606557377,0.6494477777777734,0.6,False
17315,simple_q068_a000,0.6197183098591549,0.16333333333333333,0.5352112676056338,0.28670520231213875,0.7132947976878612,0.46478873239436624,0.6322699999999969,0.68,False
17315,simple_q076_a000,0.7627118644067796,0.125,0.4067796610169492,0.25,0.75,0.5932203389830508,0.6965588888888854,0.76,False
17315,simple_q084_a000,0.8032786885245902,0.09666666666666666,0.29508196721311475,0.17146017699115043,0.8285398230088495,0.7049180327868853,0.7013022222222193,0.84,False
17315,simple_q076_a008,0.8620689655172413,0.11,0.2413793103448276,0.22310305775764439,0.7768969422423556,0.7586206896551724,0.7440355555555517,0.76,False
17315,simple_q076_a016,0.6956521739130435,0.13666666666666666,0.4057971014492754,0.16592427616926503,0.834075723830735,0.5942028985507246,0.6924844444444409,0.76,False
17315,simple_q084_a008,0.8253968253968254,0.08666666666666667,0.3333333333333333,0.15151515151515152,0.8484848484848485,0.6666666666666667,0.7254566666666635,0.84,False
17315,simple_q084_a016,0.7543859649122807,0.085,0.38596491228070173,0.15204678362573099,0.847953216374269,0.6140350877192983,0.7198088888888857,0.84,False
17315,simple_q090_a008,0.8955223880597015,0.06333333333333334,0.19402985074626866,0.11627906976744186,0.8837209302325582,0.8059701492537313,0.7567277777777746,0.9,False
17315,simple_q090_a016,0.7638888888888888,0.058333333333333334,0.3611111111111111,0.10520094562647754,0.8947990543735225,0.6388888888888888,0.718869999999997,0.9,False
17315,tdc_evidence_validated,0.872093023255814,0.055,0.26744186046511625,0.19928400954653938,0.8007159904534606,0.7325581395348837,0.7168422222222189,0.9067679373351338,True
17316,simple_q060_a000,0.5833333333333334,0.21833333333333332,0.4722222222222222,0.3408833522083805,0.6591166477916195,0.5277777777777778,0.6099977777777744,0.6,False
17316,simple_q068_a000,0.7272727272727273,0.17833333333333334,0.4090909090909091,0.3061465721040189,0.6938534278959811,0.5909090909090908,0.6491744444444407,0.68,False
17316,simple_q076_a000,0.7241379310344828,0.15333333333333332,0.41379310344827586,0.24794359576968272,0.7520564042303173,0.5862068965517242,0.7087655555555517,0.76,False
17316,simple_q084_a000,0.7846153846153846,0.12666666666666668,0.38461538461538464,0.16837315130830488,0.8316268486916951,0.6153846153846154,0.7292511111111073,0.84,False
17316,simple_q076_a008,0.8059701492537313,0.115,0.3582089552238806,0.21300448430493274,0.7869955156950672,0.6417910447761195,0.7122166666666626,0.76,False
17316,simple_q076_a016,0.7625,0.145,0.375,0.1894374282433984,0.8105625717566016,0.625,0.6430966666666644,0.76,False
17316,simple_q084_a008,0.7638888888888888,0.07333333333333333,0.3472222222222222,0.18161180476730987,0.8183881952326901,0.6527777777777778,0.713582222222219,0.84,False
17316,simple_q084_a016,0.8245614035087719,0.09166666666666666,0.2982456140350877,0.16055045871559634,0.8394495412844036,0.7017543859649122,0.7237888888888859,0.84,False
17316,simple_q090_a008,0.8493150684931506,0.05,0.2602739726027397,0.12840909090909092,0.8715909090909091,0.7397260273972603,0.7877344444444416,0.9,False
17316,simple_q090_a016,0.8888888888888888,0.04666666666666667,0.2698412698412698,0.11778563015312132,0.8822143698468787,0.7301587301587302,0.7718777777777746,0.9,False
17316,tdc_evidence_validated,0.9047619047619048,0.06,0.15873015873015872,0.15384615384615385,0.8461538461538461,0.8412698412698413,0.7148277777777747,0.9067444818628441,True
17317,simple_q060_a000,0.5882352941176471,0.175,0.5441176470588235,0.3314415437003405,0.6685584562996595,0.4558823529411765,0.6066577777777751,0.6,False
17317,simple_q068_a000,0.7714285714285715,0.18666666666666668,0.34285714285714286,0.2828054298642534,0.7171945701357466,0.6571428571428571,0.6416055555555524,0.68,False
17317,simple_q076_a000,0.8289473684210527,0.14833333333333334,0.3815789473684211,0.23208191126279865,0.7679180887372014,0.618421052631579,0.69484333333333,0.76,False
17317,simple_q084_a000,0.8857142857142857,0.07,0.2571428571428571,0.18430034129692832,0.8156996587030717,0.7428571428571429,0.7149288888888861,0.84,False
17317,simple_q076_a008,0.734375,0.12833333333333333,0.421875,0.23798358733880423,0.7620164126611958,0.578125,0.6956788888888852,0.76,False
17317,simple_q076_a016,0.7910447761194029,0.11833333333333333,0.373134328358209,0.17325581395348838,0.8267441860465117,0.6268656716417911,0.6927111111111078,0.76,False
17317,simple_q084_a008,0.8095238095238095,0.1,0.4126984126984127,0.17345750873108265,0.8265424912689173,0.5873015873015873,0.7184566666666631,0.84,False
17317,simple_q084_a016,0.8648648648648649,0.1,0.28378378378378377,0.12400455062571103,0.875995449374289,0.7162162162162162,0.7230166666666636,0.84,False
17317,simple_q090_a008,0.9253731343283582,0.06333333333333334,0.22388059701492538,0.15807962529274006,0.8419203747072599,0.7761194029850746,0.7599577777777745,0.9,False
17317,simple_q090_a016,0.8360655737704918,0.07166666666666667,0.36065573770491804,0.11239860950173812,0.8876013904982619,0.639344262295082,0.7468555555555528,0.9,False
17317,tdc_evidence_validated,0.8088235294117647,0.05,0.35294117647058826,0.18906605922551253,0.8109339407744874,0.6470588235294117,0.7096077777777742,0.9051428473218597,True
17318,simple_q060_a000,0.684931506849315,0.195,0.4657534246575342,0.33801169590643276,0.6619883040935672,0.5342465753424658,0.5991211111111082,0.6,False
17318,simple_q068_a000,0.7246376811594203,0.16666666666666666,0.391304347826087,0.2772727272727273,0.7227272727272727,0.6086956521739131,0.6409333333333304,0.68,False
17318,simple_q076_a000,0.7532467532467533,0.12666666666666668,0.37662337662337664,0.24330616996507567,0.7566938300349243,0.6233766233766234,0.647931111111108,0.76,False
17318,simple_q084_a000,0.847457627118644,0.09333333333333334,0.3220338983050847,0.17229336437718276,0.8277066356228172,0.6779661016949152,0.7254411111111078,0.84,False
17318,simple_q076_a008,0.7428571428571429,0.12333333333333334,0.37142857142857144,0.2424916573971079,0.7575083426028921,0.6285714285714286,0.6947322222222189,0.76,False
17318,simple_q076_a016,0.8285714285714286,0.125,0.3142857142857143,0.17488262910798122,0.8251173708920188,0.6857142857142857,0.7132844444444407,0.76,False
17318,simple_q084_a008,0.7936507936507936,0.07,0.4444444444444444,0.1729490022172949,0.8270509977827051,0.5555555555555556,0.7189177777777743,0.84,False
17318,simple_q084_a016,0.8235294117647058,0.09166666666666666,0.36764705882352944,0.1423611111111111,0.8576388888888888,0.6323529411764706,0.7248722222222191,0.84,False
17318,simple_q090_a008,0.8513513513513513,0.05333333333333334,0.33783783783783783,0.1118800461361015,0.8881199538638985,0.6621621621621622,0.7627388888888855,0.9,False
17318,simple_q090_a016,0.8615384615384616,0.06,0.27692307692307694,0.1113662456946039,0.8886337543053962,0.7230769230769231,0.7443355555555528,0.9,False
17318,tdc_evidence_validated,0.7875,0.041666666666666664,0.4,0.20940649496080627,0.7905935050391937,0.6,0.7310055555555522,0.9058288528540972,True
17319,simple_q060_a000,0.55,0.22333333333333333,0.55,0.31939605110336816,0.6806039488966318,0.44999999999999996,0.589291111111108,0.6,False
17319,simple_q068_a000,0.7619047619047619,0.165,0.44047619047619047,0.28132118451025057,0.7186788154897494,0.5595238095238095,0.6508577777777741,0.68,False
17319,simple_q076_a000,0.7926829268292683,0.12,0.3902439024390244,0.22413793103448276,0.7758620689655172,0.6097560975609756,0.6942522222222187,0.76,False
17319,simple_q084_a000,0.7777777777777778,0.09,0.42857142857142855,0.18341121495327103,0.8165887850467289,0.5714285714285714,0.7131688888888856,0.84,False
17319,simple_q076_a008,0.7741935483870968,0.12,0.3548387096774194,0.24018475750577367,0.7598152424942264,0.6451612903225806,0.6882299999999967,0.76,False
17319,simple_q076_a016,0.8051948051948052,0.11666666666666667,0.2857142857142857,0.19292237442922375,0.8070776255707762,0.7142857142857143,0.7228099999999961,0.76,False
17319,simple_q084_a008,0.8181818181818182,0.08333333333333333,0.37662337662337664,0.15481651376146788,0.8451834862385321,0.6233766233766234,0.7017144444444412,0.84,False
17319,simple_q084_a016,0.8125,0.09666666666666666,0.3125,0.12599318955732122,0.8740068104426788,0.6875,0.7522477777777744,0.84,False
17319,simple_q090_a008,0.7971014492753623,0.065,0.2608695652173913,0.14869466515323496,0.8513053348467651,0.7391304347826086,0.7259455555555527,0.9,False
17319,simple_q090_a016,0.85,0.06166666666666667,0.3375,0.1185682326621924,0.8814317673378076,0.6625,0.7087322222222193,0.9,False
17319,tdc_evidence_validated,0.8771929824561403,0.051666666666666666,0.15789473684210525,0.17109826589595376,0.8289017341040462,0.8421052631578947,0.7653288888888858,0.9103504486577012,True
