seed,model,irreversible_recall,reversible_recall,critical_precision,false_alarm_rate,review_trigger_rate,irreversible_core_violation_rate,reversible_miss_rate,net_vigilance_value,long_term_trajectory_value,final_threshold_irreversible,final_threshold_reversible
15000,fixed_threshold,0.6619433198380567,0.6043478260869565,0.4831168831168831,0.1206060606060606,0.23333333333333334,0.41295546558704455,0.4434782608695652,0.6385721454746626,0.6758848484848459,0.58,0.58
15000,global_recall_constrained,0.8116883116883117,0.794392523364486,0.3215843023255814,0.2828787878787879,0.416969696969697,0.28354978354978355,0.3099688473520249,0.705477043010601,0.746132121212125,0.3,0.3
15000,hierarchical_recall_constrained,0.8674698795180723,0.6002886002886003,0.3944186046511628,0.19727272727272727,0.32575757575757575,0.2248995983935743,0.4733044733044733,0.7229882055555354,0.7348939393939408,0.28,0.28
15000,severity_weighted_hierarchical,0.8118609406952966,0.45821325648414984,0.37770734284204965,0.1784848484848485,0.2868181818181818,0.2985685071574642,0.590778097982709,0.6644381644797668,0.6784693939393944,0.42,0.6
15001,fixed_threshold,0.6721915285451197,0.5958395245170877,0.4938749194068343,0.11893939393939394,0.235,0.430939226519337,0.4784546805349183,0.6405434939507826,0.6431039393939362,0.58,0.58
15001,global_recall_constrained,0.8503937007874016,0.7648725212464589,0.3411723411723412,0.2843939393939394,0.43166666666666664,0.25196850393700787,0.3130311614730878,0.7230192454484441,0.7403506060606104,0.3,0.3
15001,hierarchical_recall_constrained,0.8693877551020408,0.6031518624641834,0.39267501159017154,0.1984848484848485,0.32681818181818184,0.23673469387755103,0.46418338108882523,0.7221894001777578,0.7324548484848513,0.28,0.74
15001,severity_weighted_hierarchical,0.8259109311740891,0.5112676056338028,0.3984496124031008,0.17636363636363636,0.29318181818181815,0.2834008097165992,0.5507042253521127,0.685304729744256,0.6911681818181815,0.42,0.6
15002,fixed_threshold,0.685823754789272,0.5765230312035661,0.4946949602122016,0.11545454545454545,0.22848484848484849,0.39846743295019155,0.5096582466567607,0.6476148550987307,0.6598921212121194,0.58,0.58
15002,global_recall_constrained,0.8538011695906432,0.7688953488372093,0.33564734467198887,0.29,0.4365151515151515,0.24171539961013644,0.3226744186046512,0.7249850498290541,0.7424342424242442,0.5940000000000002,0.5940000000000002
15002,hierarchical_recall_constrained,0.8661417322834646,0.6047904191616766,0.38276643990929704,0.2062121212121212,0.3340909090909091,0.2421259842519685,0.47005988023952094,0.7179185064072451,0.728080303030304,0.28,0.74
15002,severity_weighted_hierarchical,0.8116760828625236,0.46074074074074073,0.3876698014629049,0.17757575757575758,0.29,0.295668549905838,0.6029629629629629,0.6669282468164993,0.6696975757575756,0.42,0.6
15003,fixed_threshold,0.6737864077669903,0.6184573002754821,0.500943989930774,0.12015151515151515,0.24075757575757575,0.40388349514563104,0.4669421487603306,0.6500260444067366,0.6602354545454526,0.58,0.58
15003,global_recall_constrained,0.8356997971602435,0.7792022792022792,0.3593106032221806,0.2590909090909091,0.4043939393939394,0.26369168356997974,0.30626780626780625,0.7240182808453504,0.7461566666666691,0.4500000000000001,0.4500000000000001
15003,hierarchical_recall_constrained,0.8223140495867769,0.6099865047233468,0.4065040650406504,0.18803030303030302,0.31681818181818183,0.2975206611570248,0.47638326585695007,0.6995473121657975,0.6986857575757582,0.28,0.74
15003,severity_weighted_hierarchical,0.8510204081632653,0.4820359281437126,0.39225053078556266,0.1734848484848485,0.28545454545454546,0.2673469387755102,0.5808383233532934,0.6916879620101112,0.7011248484848488,0.42,0.6
15004,fixed_threshold,0.6553911205073996,0.5988286969253295,0.48125836680053546,0.11742424242424243,0.22636363636363635,0.42283298097251587,0.4816983894582723,0.6336594259105436,0.6718915151515131,0.58,0.58
15004,global_recall_constrained,0.8382066276803118,0.7774647887323943,0.36587183308494786,0.2578787878787879,0.4066666666666667,0.2651072124756335,0.3056338028169014,0.7257053420455042,0.7401854545454571,0.72,0.72
15004,hierarchical_recall_constrained,0.8709016393442623,0.6054131054131054,0.3851381966470322,0.2056060606060606,0.3343939393939394,0.23155737704918034,0.4700854700854701,0.7218663661159765,0.7314700000000013,0.28,0.5440000000000005
15004,severity_weighted_hierarchical,0.8368121442125237,0.48153214774281805,0.39218595450049454,0.18621212121212122,0.30636363636363634,0.2846299810246679,0.5923392612859097,0.6819567451098878,0.6646503030303035,0.42,0.6
15005,fixed_threshold,0.653179190751445,0.5962643678160919,0.4880258899676375,0.11984848484848484,0.2340909090909091,0.43159922928709055,0.47270114942528735,0.6318776946202856,0.6494803030302992,0.58,0.58
15005,global_recall_constrained,0.8349705304518664,0.776595744680851,0.35135135135135137,0.26181818181818184,0.4036363636363636,0.26719056974459726,0.3161094224924012,0.7211668008570906,0.7427127272727313,0.33299999999999996,0.33299999999999996
15005,hierarchical_recall_constrained,0.8404907975460123,0.6061493411420205,0.3787878787878788,0.205,0.33,0.278118609406953,0.49633967789165445,0.702372655713056,0.7074709090909096,0.28,0.74
15005,severity_weighted_hierarchical,0.8401639344262295,0.47353361945636624,0.3807810894141829,0.18257575757575759,0.29484848484848486,0.2786885245901639,0.5908440629470673,0.6813011152271932,0.685538787878789,0.42,0.6
15006,fixed_threshold,0.6458752515090543,0.56973293768546,0.4916317991631799,0.11045454545454546,0.21727272727272728,0.44466800804828976,0.49851632047477745,0.6240550506718074,0.6517763636363616,0.58,0.58
15006,global_recall_constrained,0.822,0.7858197932053176,0.3387212643678161,0.27893939393939393,0.4218181818181818,0.27,0.32791728212703103,0.7131702378030804,0.7348521212121237,0.3,0.3
15006,hierarchical_recall_constrained,0.8392156862745098,0.6055718475073314,0.3995249406175772,0.19151515151515153,0.31893939393939397,0.2784313725490196,0.47214076246334313,0.706650987221255,0.7110500000000007,0.28,0.74
15006,severity_weighted_hierarchical,0.846441947565543,0.4652482269503546,0.4157782515991471,0.16606060606060605,0.28424242424242424,0.2640449438202247,0.5858156028368794,0.6919524152710405,0.6844448484848475,0.42,0.6
15007,fixed_threshold,0.6634429400386848,0.5774058577405857,0.4941253263707572,0.11742424242424243,0.23212121212121212,0.43520309477756286,0.4909344490934449,0.6333509402683326,0.6407199999999968,0.58,0.58
15007,global_recall_constrained,0.821656050955414,0.7879234167893961,0.3387215282880235,0.2727272727272727,0.4124242424242424,0.2908704883227176,0.31516936671575846,0.7112349388378876,0.7373169696969712,0.44999999999999973,0.44999999999999973
15007,hierarchical_recall_constrained,0.8620689655172413,0.6100981767180925,0.38320330426801286,0.20363636363636364,0.33015151515151514,0.24568965517241378,0.4600280504908836,0.7171248713385338,0.7317415151515165,0.28,0.74
15007,severity_weighted_hierarchical,0.8131021194605009,0.4785100286532951,0.3939551849921834,0.1762121212121212,0.29075757575757577,0.3140655105973025,0.5716332378223495,0.6692908565114659,0.6674142424242412,0.42,0.6
15008,fixed_threshold,0.6544789762340036,0.5735294117647058,0.4773452456924059,0.12409090909090909,0.23742424242424243,0.40585009140767825,0.5102941176470588,0.6296922020340494,0.6438578787878763,0.58,0.58
15008,global_recall_constrained,0.8130081300813008,0.7931570762052877,0.3382899628252788,0.2696969696969697,0.4075757575757576,0.3089430894308943,0.2954898911353033,0.7064822509175551,0.7330818181818215,0.3,0.3
15008,hierarchical_recall_constrained,0.8180039138943248,0.6102941176470589,0.38979878334113244,0.19757575757575757,0.3237878787878788,0.30919765166340507,0.48823529411764705,0.6924255499268142,0.6915881818181814,0.28,0.74
15008,severity_weighted_hierarchical,0.8503937007874016,0.4853801169590643,0.4070324986680874,0.16863636363636364,0.2843939393939394,0.24606299212598426,0.5745614035087719,0.6979659186204848,0.7057457575757574,0.42,0.6
15009,fixed_threshold,0.6607843137254902,0.5735294117647058,0.4833776595744681,0.11772727272727272,0.22787878787878788,0.4117647058823529,0.4970588235294118,0.6331151135889559,0.6594460606060584,0.58,0.58
15009,global_recall_constrained,0.8421052631578947,0.7732732732732732,0.35152190051967336,0.2646969696969697,0.4081818181818182,0.2631578947368421,0.3228228228228228,0.7236690569087005,0.740436969696972,0.4380000000000001,0.4380000000000001
15009,hierarchical_recall_constrained,0.8603238866396761,0.6072463768115942,0.37544483985765126,0.21272727272727274,0.3406060606060606,0.25303643724696356,0.4623188405797101,0.712552702917334,0.7230496969696991,0.28,0.74
15009,severity_weighted_hierarchical,0.8095238095238095,0.49201741654571846,0.37628865979381443,0.18333333333333332,0.29393939393939394,0.31262939958592134,0.5718432510885341,0.6668107284127345,0.6786727272727281,0.42,0.6
15010,fixed_threshold,0.6759259259259259,0.6096096096096096,0.49423076923076925,0.11954545454545455,0.23636363636363636,0.3925925925925926,0.4594594594594595,0.6498686056686057,0.668781818181817,0.58,0.58
15010,global_recall_constrained,0.8302277432712215,0.7843137254901961,0.3579143389199255,0.26121212121212123,0.4068181818181818,0.3002070393374741,0.3165266106442577,0.717159422071211,0.7280621212121241,0.37500000000000006,0.37500000000000006
15010,hierarchical_recall_constrained,0.845703125,0.6,0.42252828332513526,0.1778787878787879,0.30803030303030304,0.267578125,0.47464788732394364,0.7150793832865671,0.7130209090909101,0.28,0.5527999999999993
15010,severity_weighted_hierarchical,0.814595660749507,0.49449035812672176,0.4004149377593361,0.17515151515151514,0.2921212121212121,0.3037475345167653,0.5743801652892562,0.6753700821535775,0.6692436363636364,0.42,0.6
15011,fixed_threshold,0.6707317073170732,0.5689900426742532,0.4812129202373105,0.11924242424242425,0.22984848484848486,0.39634146341463417,0.49359886201991465,0.6379080620590248,0.6694790909090884,0.58,0.58
15011,global_recall_constrained,0.8263358778625954,0.7822085889570553,0.334515785739624,0.28424242424242424,0.4271212121212121,0.2919847328244275,0.3159509202453988,0.7098674693711373,0.723171818181822,0.37200000000000005,0.37200000000000005
15011,hierarchical_recall_constrained,0.8361702127659575,0.6098901098901099,0.3955576559546314,0.1937878787878788,0.3206060606060606,0.2765957446808511,0.4642857142857143,0.7055595801294793,0.71566303030303,0.28,0.74
15011,severity_weighted_hierarchical,0.8377862595419847,0.49573863636363635,0.39939178915357326,0.17954545454545454,0.29893939393939395,0.28053435114503816,0.5710227272727273,0.6874298809210603,0.680087575757575,0.42,0.6
15012,fixed_threshold,0.6611226611226612,0.5835777126099707,0.48118279569892475,0.11696969696969697,0.22545454545454546,0.4303534303534304,0.4941348973607038,0.6321964561448432,0.662722424242422,0.58,0.58
15012,global_recall_constrained,0.808,0.8005865102639296,0.35434539350988437,0.26227272727272727,0.4062121212121212,0.292,0.31085043988269795,0.7116481075363615,0.7320403030303071,0.6720000000000003,0.6720000000000003
15012,hierarchical_recall_constrained,0.8709016393442623,0.6054628224582701,0.39539347408829173,0.19090909090909092,0.31575757575757574,0.26229508196721313,0.46889226100151743,0.7209765172498196,0.7286703030303047,0.28,0.74
15012,severity_weighted_hierarchical,0.8271119842829077,0.48878923766816146,0.3893805309734513,0.17772727272727273,0.2910606060606061,0.28094302554027506,0.57847533632287,0.6804684451462731,0.6896524242424252,0.42,0.6
15013,fixed_threshold,0.682,0.6101231190150479,0.5054592164418754,0.11666666666666667,0.2359090909090909,0.42,0.4774281805745554,0.6506956360534087,0.655545757575755,0.58,0.58
15013,global_recall_constrained,0.8401639344262295,0.7750759878419453,0.3252032520325203,0.28924242424242425,0.42863636363636365,0.26434426229508196,0.32066869300911854,0.7158944842768429,0.7421506060606106,0.39000000000000007,0.39000000000000007
15013,hierarchical_recall_constrained,0.857429718875502,0.601115760111576,0.38841104572204616,0.2046969696969697,0.3346969696969697,0.26907630522088355,0.49372384937238495,0.7110841725912519,0.7038293939393941,0.28,0.4423999999999998
15013,severity_weighted_hierarchical,0.826,0.4663677130044843,0.39316702819956617,0.16954545454545455,0.2793939393939394,0.278,0.5949177877428998,0.6779874583072834,0.6910884848484868,0.42,0.6
15014,fixed_threshold,0.6704545454545454,0.6043956043956044,0.5176010430247718,0.11212121212121212,0.23242424242424242,0.42234848484848486,0.4848901098901099,0.647205860523657,0.6432309090909065,0.58,0.58
15014,global_recall_constrained,0.8003875968992248,0.8040345821325648,0.3422629538244625,0.2827272727272727,0.42984848484848487,0.29844961240310075,0.2968299711815562,0.7039331176917587,0.7225275757575792,0.3960000000000001,0.3960000000000001
15014,hierarchical_recall_constrained,0.8255159474671669,0.6048502139800286,0.39380127620783956,0.2015151515151515,0.3324242424242424,0.2701688555347092,0.4764621968616263,0.7000821637398489,0.7026793939393939,0.28,0.74
15014,severity_weighted_hierarchical,0.828752642706131,0.49928263988522237,0.3802672147995889,0.18272727272727274,0.29484848484848486,0.27906976744186046,0.5494978479196556,0.6812176464605935,0.7000539393939395,0.42,0.6
15015,fixed_threshold,0.6938775510204082,0.5835654596100278,0.4856046065259117,0.12181818181818181,0.23681818181818182,0.39387755102040817,0.4958217270194986,0.6505285012210752,0.6674118181818154,0.58,0.58
15015,global_recall_constrained,0.7869198312236287,0.812778603268945,0.3256637168141593,0.28863636363636364,0.42803030303030304,0.35232067510548526,0.2852897473997028,0.6892130176169954,0.7146439393939431,0.4500000000000001,0.4500000000000001
15015,hierarchical_recall_constrained,0.814498933901919,0.5994358251057827,0.39990089197224976,0.18348484848484847,0.3057575757575758,0.2942430703624733,0.46544428772919605,0.6944699531264404,0.7135678787878803,0.28,0.6439999999999999
15015,severity_weighted_hierarchical,0.8290258449304175,0.4657933042212518,0.3737322515212982,0.18712121212121213,0.29878787878787877,0.2823061630218688,0.5967976710334789,0.673272884697793,0.6802109090909091,0.42,0.6
15016,fixed_threshold,0.6673596673596673,0.5855978260869565,0.4927916120576671,0.11727272727272728,0.2312121212121212,0.4282744282744283,0.4945652173913043,0.6371669863375986,0.6536721212121179,0.58,0.58
15016,global_recall_constrained,0.8333333333333334,0.7805555555555556,0.34393993564533426,0.278030303030303,0.42378787878787877,0.26666666666666666,0.3194444444444444,0.7181667533396171,0.7384609090909118,0.312,0.312
15016,hierarchical_recall_constrained,0.8430583501006036,0.603905160390516,0.4016973125884017,0.19227272727272726,0.32136363636363635,0.28169014084507044,0.46722454672245467,0.7076884919336415,0.7079554545454553,0.28,0.74
15016,severity_weighted_hierarchical,0.8227360308285164,0.4917293233082707,0.3817721518987342,0.185,0.29924242424242425,0.2909441233140655,0.5744360902255639,0.6757570575667236,0.6826287878787878,0.42,0.6
15017,fixed_threshold,0.6910229645093946,0.579250720461095,0.4772135416666667,0.12166666666666667,0.23272727272727273,0.4112734864300626,0.49855907780979825,0.6448501940532128,0.6674993939393916,0.58,0.58
15017,global_recall_constrained,0.8215767634854771,0.7900709219858156,0.3470502549162418,0.27166666666666667,0.4160606060606061,0.2987551867219917,0.2936170212765957,0.7119457859971576,0.7336600000000039,0.48900000000000016,0.48900000000000016
15017,hierarchical_recall_constrained,0.8323699421965318,0.6072507552870091,0.3932107496463932,0.195,0.32136363636363635,0.28709055876685935,0.47583081570996977,0.7015741545463371,0.7065009090909095,0.28,0.74
15017,severity_weighted_hierarchical,0.8760504201680672,0.42857142857142855,0.3683937823834197,0.1846969696969697,0.2924242424242424,0.23319327731092437,0.6282798833819242,0.6916953352042654,0.7013303030303039,0.42,0.6
15018,fixed_threshold,0.6757281553398058,0.6378299120234604,0.5016015374759769,0.11787878787878787,0.2365151515151515,0.39611650485436894,0.4472140762463343,0.6557551270712353,0.6767493939393913,0.58,0.58
15018,global_recall_constrained,0.8349514563106796,0.7776203966005666,0.3447183098591549,0.281969696969697,0.4303030303030303,0.258252427184466,0.3243626062322946,0.7191154800476498,0.7334000000000033,0.3,0.3
15018,hierarchical_recall_constrained,0.8435114503816794,0.6008462623413258,0.4301288404360753,0.17424242424242425,0.3057575757575758,0.2748091603053435,0.46544428772919605,0.7149951484920435,0.7099618181818188,0.28,0.6439999999999995
15018,severity_weighted_hierarchical,0.8614457831325302,0.500768049155146,0.398837823560486,0.17242424242424242,0.2868181818181818,0.24899598393574296,0.5683563748079877,0.7029802670287031,0.7142269696969706,0.42,0.6
15019,fixed_threshold,0.7036290322580645,0.5936139332365747,0.5046604527296937,0.11272727272727273,0.22757575757575757,0.3911290322580645,0.4731494920174166,0.6607624560791584,0.6793593939393916,0.58,0.58
15019,global_recall_constrained,0.8115384615384615,0.7940761636107193,0.3483026874115983,0.27924242424242424,0.42848484848484847,0.29423076923076924,0.3145275035260931,0.7085761254497711,0.7179709090909118,0.6839999999999999,0.6839999999999999
15019,hierarchical_recall_constrained,0.8588469184890656,0.5988455988455988,0.39086294416243655,0.2,0.3283333333333333,0.268389662027833,0.47619047619047616,0.7122944935699272,0.7126760606060625,0.28,0.3919999999999997
15019,severity_weighted_hierarchical,0.8227848101265823,0.49538461538461537,0.3803418803418803,0.17575757575757575,0.28363636363636363,0.2805907172995781,0.5707692307692308,0.6787642461617146,0.7050593939393949,0.42,0.6
15020,fixed_threshold,0.6143911439114391,0.599713055954089,0.4960369881109643,0.1156060606060606,0.2293939393939394,0.4575645756457565,0.46915351506456243,0.6151389578709328,0.6293036363636333,0.58,0.58
15020,global_recall_constrained,0.8346938775510204,0.7776119402985074,0.3324991061851984,0.2828787878787879,0.42378787878787877,0.29591836734693877,0.3283582089552239,0.7116735312897451,0.7256730303030351,0.3,0.3
15020,hierarchical_recall_constrained,0.8996212121212122,0.5997267759562842,0.3961855223233637,0.21106060606060606,0.34954545454545455,0.22916666666666666,0.48770491803278687,0.733778382031748,0.7130760606060617,0.28,0.28
15020,severity_weighted_hierarchical,0.8755102040816326,0.5063492063492063,0.3833931317273193,0.18227272727272728,0.2956060606060606,0.23469387755102042,0.5587301587301587,0.7079599697220111,0.7268615151515178,0.42,0.6
15021,fixed_threshold,0.6841085271317829,0.5861027190332326,0.49498997995991983,0.11454545454545455,0.2268181818181818,0.41472868217054265,0.486404833836858,0.6465328270229518,0.6622790909090887,0.58,0.58
15021,global_recall_constrained,0.8396793587174348,0.7745664739884393,0.3475254730713246,0.27166666666666667,0.4163636363636364,0.2625250501002004,0.30057803468208094,0.721544277482277,0.7451103030303068,0.6239999999999999,0.6239999999999999
15021,hierarchical_recall_constrained,0.8400852878464818,0.6035182679296346,0.39867109634551495,0.19196969696969696,0.3192424242424242,0.26652452025586354,0.462787550744249,0.7081049823090249,0.7191366666666668,0.28,0.6463999999999969
15021,severity_weighted_hierarchical,0.8435517970401691,0.5190947666195191,0.39730290456431533,0.17606060606060606,0.2921212121212121,0.2769556025369979,0.5601131541725601,0.694525184455419,0.697607272727273,0.42,0.6
15022,fixed_threshold,0.6907630522088354,0.6080645161290322,0.4822742474916388,0.11727272727272728,0.2265151515151515,0.39156626506024095,0.47258064516129034,0.6540287090042612,0.6895560606060595,0.58,0.58
15022,global_recall_constrained,0.8203463203463204,0.7901049475262368,0.32391848409009655,0.2865151515151515,0.42378787878787877,0.28354978354978355,0.3148425787106447,0.7081055882688784,0.7413093939393989,0.38400000000000006,0.38400000000000006
15022,hierarchical_recall_constrained,0.8380566801619433,0.6011644832605532,0.3804047838086477,0.2040909090909091,0.3293939393939394,0.2591093117408907,0.48326055312954874,0.7035308317264268,0.7174793939393956,0.28,0.74
15022,severity_weighted_hierarchical,0.8453389830508474,0.48411497730711045,0.3800211416490486,0.17772727272727273,0.2866666666666667,0.23940677966101695,0.5885022692889561,0.6912354499196516,0.7162593939393941,0.42,0.6
15023,fixed_threshold,0.650319829424307,0.616793893129771,0.4745649263721553,0.11893939393939394,0.22636363636363635,0.43283582089552236,0.47480916030534354,0.632211478554526,0.6754066666666655,0.58,0.58
15023,global_recall_constrained,0.8073217726396917,0.7980769230769231,0.37721614485099964,0.2501515151515151,0.40166666666666667,0.2947976878612717,0.29395604395604397,0.715647280267123,0.7274372727272757,0.4980000000000001,0.4980000000000001
15023,hierarchical_recall_constrained,0.8423153692614771,0.6005706134094151,0.41061860691670726,0.18333333333333332,0.31106060606060604,0.2894211576846307,0.47075606276747506,0.7082088731491104,0.7071603030303045,0.28,0.4807999999999998
15023,severity_weighted_hierarchical,0.8174603174603174,0.4831130690161527,0.3813690169840453,0.18212121212121213,0.2943939393939394,0.2777777777777778,0.5741556534508077,0.6742200877810474,0.6899996969696971,0.42,0.6
15024,fixed_threshold,0.6861598440545809,0.6028776978417266,0.5006493506493507,0.11651515151515152,0.23333333333333334,0.41130604288499023,0.479136690647482,0.6515211551515224,0.6605212121212091,0.58,0.58
15024,global_recall_constrained,0.814453125,0.7944606413994169,0.37373737373737376,0.24424242424242423,0.39,0.2734375,0.3104956268221574,0.7209918043407839,0.7409642424242455,0.72,0.72
15024,hierarchical_recall_constrained,0.8288659793814434,0.6055045871559633,0.38926829268292684,0.1896969696969697,0.3106060606060606,0.27422680412371137,0.4648318042813456,0.7016647553289631,0.726257575757577,0.28,0.74
15024,severity_weighted_hierarchical,0.8336842105263158,0.4566145092460882,0.3742171189979123,0.18166666666666667,0.2903030303030303,0.28,0.604551920341394,0.6745390349144882,0.6841478787878796,0.42,0.6
15025,fixed_threshold,0.6297029702970297,0.6238938053097345,0.4839973873285434,0.11969696969696969,0.23196969696969696,0.44752475247524753,0.4469026548672566,0.62460455333696,0.6571766666666643,0.58,0.58
15025,global_recall_constrained,0.8242677824267782,0.786910197869102,0.3225920679886686,0.28984848484848486,0.42787878787878786,0.2824267782426778,0.3242009132420091,0.7086441123295436,0.7358581818181863,0.336,0.336
15025,hierarchical_recall_constrained,0.8362919132149902,0.6047548291233283,0.3787602552415679,0.2065151515151515,0.3324242424242424,0.2445759368836292,0.4739970282317979,0.7049518260213197,0.7253157575757592,0.28,0.6711999999999952
15025,severity_weighted_hierarchical,0.8395061728395061,0.49920760697305866,0.3681262729124236,0.18803030303030302,0.29757575757575755,0.29835390946502055,0.5705229793977813,0.6802268583682016,0.6955006060606063,0.42,0.6
15026,fixed_threshold,0.6906077348066298,0.6014598540145986,0.5100453661697991,0.11454545454545455,0.2337878787878788,0.40699815837937386,0.472992700729927,0.6553879295138808,0.6550906060606034,0.58,0.58
15026,global_recall_constrained,0.8290258449304175,0.7831858407079646,0.3258851839119972,0.2971212121212121,0.44075757575757574,0.26043737574552683,0.308259587020649,0.712609640666601,0.7393142424242479,0.4920000000000001,0.4920000000000001
15026,hierarchical_recall_constrained,0.8461538461538461,0.6049562682215743,0.38472485768500947,0.1965151515151515,0.3193939393939394,0.27564102564102566,0.4708454810495627,0.7067380821994615,0.7214981818181826,0.28,0.74
15026,severity_weighted_hierarchical,0.8376753507014028,0.4691011235955056,0.3924843423799583,0.17636363636363636,0.2903030303030303,0.250501002004008,0.5941011235955056,0.686072060664348,0.6932084848484846,0.42,0.6
15027,fixed_threshold,0.67,0.5949554896142433,0.49429147078576224,0.11409090909090909,0.22560606060606062,0.406,0.4807121661721068,0.6436477143653766,0.6716596969696964,0.58,0.58
15027,global_recall_constrained,0.8176691729323309,0.7862481315396114,0.3579143389199255,0.26121212121212123,0.4068181818181818,0.3176691729323308,0.3034379671150972,0.7100394883212696,0.7146075757575784,0.3,0.3
15027,hierarchical_recall_constrained,0.8315098468271335,0.6027397260273972,0.37735849056603776,0.205,0.3292424242424242,0.2910284463894967,0.4780821917808219,0.6961304654118214,0.7065724242424254,0.28,0.3856000000000006
15027,severity_weighted_hierarchical,0.8064516129032258,0.4977578475336323,0.386734693877551,0.18212121212121213,0.296969696969697,0.27703984819734345,0.5650224215246636,0.6734144845355787,0.6892363636363643,0.42,0.6
15028,fixed_threshold,0.697286012526096,0.5979228486646885,0.47425997425997424,0.1237878787878788,0.23545454545454544,0.38204592901878914,0.4807121661721068,0.6540811381345023,0.6877642424242402,0.58,0.58
15028,global_recall_constrained,0.8326693227091634,0.7694704049844237,0.34234234234234234,0.26545454545454544,0.4036363636363636,0.27689243027888444,0.3426791277258567,0.7157276910620471,0.734894545454549,0.3,0.3
15028,hierarchical_recall_constrained,0.8467583497053045,0.6045197740112994,0.40290806754221387,0.19287878787878787,0.32303030303030306,0.24361493123772102,0.4717514124293785,0.7147306450921744,0.7227200000000007,0.28,0.74
15028,severity_weighted_hierarchical,0.8503118503118503,0.4874446085672083,0.3772332822868811,0.18484848484848485,0.2968181818181818,0.288981288981289,0.5716395864106352,0.68558289619354,0.691783939393939,0.42,0.6
15029,fixed_threshold,0.6723044397463002,0.5932203389830508,0.5114345114345115,0.10681818181818181,0.21863636363636363,0.4080338266384778,0.4745762711864407,0.6475880411974223,0.6779390909090888,0.58,0.58
15029,global_recall_constrained,0.8333333333333334,0.7808022922636103,0.34662356321839083,0.27560606060606063,0.4218181818181818,0.27976190476190477,0.3166189111747851,0.7170981221163318,0.7304278787878821,0.34500000000000003,0.34500000000000003
15029,hierarchical_recall_constrained,0.829126213592233,0.6102418207681366,0.4218827008378512,0.17772727272727273,0.30742424242424243,0.29320388349514565,0.46799431009957326,0.7066194288926209,0.7032415151515152,0.28,0.74
15029,severity_weighted_hierarchical,0.8646464646464647,0.4887005649717514,0.3959079283887468,0.17893939393939393,0.2962121212121212,0.2383838383838384,0.557909604519774,0.7023234914492359,0.709156060606061,0.42,0.6
15030,fixed_threshold,0.6752475247524753,0.6122177954847278,0.5201037613488976,0.11212121212121212,0.23363636363636364,0.4178217821782178,0.45152722443559096,0.6515652199445687,0.6588503030303,0.58,0.58
15030,global_recall_constrained,0.838,0.7756024096385542,0.33669790915645276,0.2787878787878788,0.4203030303030303,0.268,0.31626506024096385,0.7177055537454268,0.7401763636363672,0.6210000000000002,0.6210000000000002
15030,hierarchical_recall_constrained,0.8434442270058709,0.6044880785413744,0.39486944571690336,0.20015151515151516,0.33075757575757575,0.2759295499021526,0.48106591865357645,0.7067163374500172,0.702430000000001,0.28,0.74
15030,severity_weighted_hierarchical,0.8552875695732839,0.4583901773533424,0.40642529321774606,0.17636363636363636,0.2971212121212121,0.2597402597402597,0.5934515688949522,0.6921260339404819,0.6751130303030312,0.42,0.6
15031,fixed_threshold,0.676,0.611271676300578,0.4859514687100894,0.12196969696969696,0.23727272727272727,0.432,0.47832369942196534,0.6430647730913547,0.6555569696969671,0.58,0.58
15031,global_recall_constrained,0.8225108225108225,0.7871362940275651,0.3269934162399415,0.2787878787878788,0.41424242424242425,0.2748917748917749,0.29249617151607965,0.7110684145882875,0.7535339393939445,0.3,0.3
15031,hierarchical_recall_constrained,0.8770161290322581,0.6069364161849711,0.3927423059255857,0.20030303030303032,0.32984848484848484,0.2318548387096774,0.48265895953757226,0.7263977344185732,0.7293215151515174,0.28,0.74
15031,severity_weighted_hierarchical,0.8443983402489627,0.4807692307692308,0.3969585736759308,0.17424242424242425,0.28893939393939394,0.24688796680497926,0.5673076923076923,0.6923377631644075,0.702742727272727,0.42,0.6
15032,fixed_threshold,0.6901408450704225,0.5811373092926491,0.48504137492043287,0.12257575757575757,0.23803030303030304,0.3963782696177062,0.4812760055478502,0.6480656250325453,0.6668796969696943,0.58,0.58
15032,global_recall_constrained,0.8357289527720739,0.7820689655172414,0.3347079037800687,0.29333333333333333,0.4409090909090909,0.2792607802874743,0.31448275862068964,0.7143207502664977,0.7286151515151553,0.5250000000000001,0.5250000000000001
15032,hierarchical_recall_constrained,0.8458498023715415,0.6011080332409973,0.3893405600722674,0.20484848484848484,0.33545454545454545,0.25691699604743085,0.48753462603878117,0.7082836589151005,0.708152121212124,0.28,0.6031999999999993
15032,severity_weighted_hierarchical,0.8536585365853658,0.49701492537313435,0.39444735463593505,0.17515151515151514,0.28924242424242425,0.23983739837398374,0.5791044776119403,0.6994422603525206,0.712556666666667,0.42,0.6
15033,fixed_threshold,0.678030303030303,0.600297176820208,0.49901768172888017,0.1159090909090909,0.23136363636363635,0.4147727272727273,0.46953937592867756,0.6471311693891066,0.659579090909089,0.58,0.58
15033,global_recall_constrained,0.8283261802575107,0.7852161785216178,0.3403873744619799,0.2786363636363636,0.4224242424242424,0.30472103004291845,0.3068340306834031,0.7110340563084401,0.7292678787878836,0.327,0.327
15033,hierarchical_recall_constrained,0.8208955223880597,0.6024930747922438,0.400390625,0.18606060606060607,0.3103030303030303,0.279317697228145,0.46537396121883656,0.6994377120786148,0.7171709090909106,0.28,0.74
15033,severity_weighted_hierarchical,0.8258426966292135,0.5131964809384164,0.3953023488255872,0.18333333333333332,0.30318181818181816,0.2846441947565543,0.5718475073313783,0.6841106337667767,0.6790887878787876,0.42,0.6
15034,fixed_threshold,0.6962962962962963,0.5910987482614742,0.5072830905636478,0.11787878787878787,0.23924242424242423,0.3962962962962963,0.47983310152990266,0.6564546516688315,0.6530748484848464,0.58,0.58
15034,global_recall_constrained,0.8207024029574861,0.7902097902097902,0.3685171658144631,0.26196969696969696,0.41484848484848486,0.28650646950092423,0.3034965034965035,0.7179342005845778,0.7219800000000021,0.5250000000000001,0.5250000000000001
15034,hierarchical_recall_constrained,0.8685831622176592,0.6047486033519553,0.3852385238523852,0.20696969696969697,0.33666666666666667,0.2464065708418891,0.48463687150837986,0.7185928937525692,0.7186200000000014,0.28,0.74
15034,severity_weighted_hierarchical,0.8369781312127237,0.48533724340175954,0.3924843423799583,0.17636363636363636,0.2903030303030303,0.2544731610337972,0.5777126099706745,0.6881595721698316,0.7010266666666664,0.42,0.6
15035,fixed_threshold,0.6871035940803383,0.6054628224582701,0.48363393453573816,0.11712121212121213,0.2268181818181818,0.38477801268498946,0.46889226100151743,0.6532827079698981,0.6955821212121195,0.58,0.58
15035,global_recall_constrained,0.8281573498964804,0.783744557329463,0.35850495804729215,0.2548484848484848,0.3972727272727273,0.2712215320910973,0.3134978229317852,0.7211449208908904,0.7458321212121247,0.303,0.303
15035,hierarchical_recall_constrained,0.8453389830508474,0.6032210834553441,0.417610710607621,0.17136363636363636,0.29424242424242425,0.3050847457627119,0.4787701317715959,0.7102576011691043,0.711789696969697,0.28,0.74
15035,severity_weighted_hierarchical,0.8238636363636364,0.47307132459970885,0.3917525773195876,0.1787878787878788,0.29393939393939394,0.2878787878787879,0.5822416302765647,0.6756211295869604,0.6764909090909097,0.42,0.6
15036,fixed_threshold,0.6749521988527725,0.5827439886845828,0.4932301740812379,0.1190909090909091,0.235,0.4110898661567878,0.4837340876944837,0.6419481350044726,0.6530736363636336,0.58,0.58
15036,global_recall_constrained,0.8470588235294118,0.7688098495212038,0.3635698610095099,0.2636363636363636,0.41424242424242425,0.24705882352941178,0.3228454172366621,0.7291558811566217,0.7411096969697013,0.3,0.3
15036,hierarchical_recall_constrained,0.8295218295218295,0.6039473684210527,0.40357478833490124,0.1921212121212121,0.32212121212121214,0.2785862785862786,0.48289473684210527,0.7030345998014811,0.7017933333333346,0.28,0.41200000000000075
15036,severity_weighted_hierarchical,0.8313953488372093,0.48514851485148514,0.3928753180661578,0.18075757575757576,0.29772727272727273,0.2713178294573643,0.5770862800565771,0.6830695178837962,0.6840439393939396,0.42,0.6
15037,fixed_threshold,0.6715176715176715,0.593167701863354,0.45749513303049966,0.12666666666666668,0.2334848484848485,0.3991683991683992,0.48757763975155277,0.6374929003437764,0.6826706060606061,0.58,0.58
15037,global_recall_constrained,0.8172484599589322,0.7902097902097902,0.33507306889352817,0.28954545454545455,0.4354545454545454,0.30184804928131415,0.2937062937062937,0.7057446557994611,0.725994545454549,0.6210000000000002,0.6210000000000002
15037,hierarchical_recall_constrained,0.8320158102766798,0.6025236593059937,0.37752703338034793,0.2006060606060606,0.32227272727272727,0.30039525691699603,0.47791798107255523,0.6955368448854997,0.7070033333333358,0.28,0.6703999999999967
15037,severity_weighted_hierarchical,0.8425531914893617,0.4611801242236025,0.3609375,0.1859090909090909,0.2909090909090909,0.2723404255319149,0.5791925465838509,0.6773469484724343,0.7067454545454565,0.42,0.6
15038,fixed_threshold,0.6792079207920793,0.5796460176991151,0.47823261858349575,0.12166666666666667,0.23318181818181818,0.39801980198019804,0.47345132743362833,0.642213898198804,0.6729475757575735,0.58,0.58
15038,global_recall_constrained,0.8224489795918367,0.7858156028368795,0.33263816475495306,0.2909090909090909,0.4359090909090909,0.27346938775510204,0.32056737588652484,0.7104537015133603,0.7317154545454586,0.3,0.3
15038,hierarchical_recall_constrained,0.8358778625954199,0.6082474226804123,0.40312648034107057,0.19090909090909092,0.3198484848484848,0.2767175572519084,0.4683357879234168,0.7066863690508555,0.7098857575757586,0.28,0.74
15038,severity_weighted_hierarchical,0.8343949044585988,0.48040638606676345,0.3853113358169239,0.175,0.28469696969696967,0.2951167728237792,0.5805515239477503,0.6795645768108357,0.6891960606060595,0.42,0.6
15039,fixed_threshold,0.6309963099630996,0.5756240822320118,0.4816272965879265,0.11969696969696969,0.2309090909090909,0.44649446494464945,0.48751835535976507,0.616198364785183,0.6321006060606021,0.58,0.58
15039,global_recall_constrained,0.8403193612774451,0.7742402315484804,0.355787123185709,0.26227272727272727,0.4071212121212121,0.2634730538922156,0.33285094066570187,0.7240579710817806,0.738209393939398,0.321,0.321
15039,hierarchical_recall_constrained,0.8693877551020408,0.6049562682215743,0.4163366336633663,0.17863636363636365,0.30606060606060603,0.23877551020408164,0.48104956268221577,0.7283961566419033,0.7336242424242438,0.28,0.6711999999999982
15039,severity_weighted_hierarchical,0.8557504873294347,0.44716692189892804,0.37738771295818274,0.18272727272727274,0.29348484848484846,0.25146198830409355,0.6202143950995406,0.6860403238570443,0.6948003030303045,0.42,0.6
15040,fixed_threshold,0.6543478260869565,0.6085753803596127,0.4855832241153342,0.11893939393939394,0.2312121212121212,0.4282608695652174,0.47717842323651455,0.6347467657461087,0.6684296969696946,0.58,0.58
15040,global_recall_constrained,0.8188976377952756,0.7918552036199095,0.35085756897837433,0.2637878787878788,0.40636363636363637,0.27165354330708663,0.31221719457013575,0.7165441612886961,0.7408260606060633,0.5160000000000001,0.5160000000000001
15040,hierarchical_recall_constrained,0.8158415841584158,0.6259314456035767,0.4013506994693681,0.18803030303030302,0.3140909090909091,0.27722772277227725,0.4396423248882265,0.7018448882353538,0.7234512121212143,0.28,0.74
15040,severity_weighted_hierarchical,0.866,0.49402985074626865,0.38469284994964753,0.18515151515151515,0.3009090909090909,0.238,0.5597014925373134,0.7013380473080901,0.7142115151515167,0.42,0.6
15041,fixed_threshold,0.7083333333333334,0.6129518072289156,0.4943745863666446,0.11575757575757575,0.22893939393939394,0.38125,0.4713855421686747,0.6654986833622922,0.6934615151515134,0.58,0.58
15041,global_recall_constrained,0.8189473684210526,0.7913165266106442,0.34665697674418605,0.2724242424242424,0.416969696969697,0.2863157894736842,0.31512605042016806,0.7127059188201819,0.7342230303030338,0.42300000000000004,0.42300000000000004
15041,hierarchical_recall_constrained,0.8496993987975952,0.6015151515151516,0.3876298394711992,0.1965151515151515,0.3209090909090909,0.2865731462925852,0.47575757575757577,0.7064712024443771,0.712022424242426,0.28,0.74
15041,severity_weighted_hierarchical,0.8330134357005758,0.4483260553129549,0.3850544888427608,0.17954545454545454,0.291969696969697,0.272552783109405,0.611353711790393,0.6758099382706327,0.6781851515151522,0.42,0.6
15042,fixed_threshold,0.7021696252465484,0.6085106382978723,0.49778059606848446,0.12,0.23893939393939395,0.41025641025641024,0.4652482269503546,0.6582087629272966,0.6642912121212091,0.58,0.58
15042,global_recall_constrained,0.852670349907919,0.7636363636363637,0.37135176651305685,0.24803030303030302,0.39454545454545453,0.2578268876611418,0.33484848484848484,0.732079567423606,0.7372339393939413,0.47100000000000014,0.47100000000000014
15042,hierarchical_recall_constrained,0.844311377245509,0.6013888888888889,0.4060721062618596,0.1896969696969697,0.3193939393939394,0.2654690618762475,0.4625,0.7110167828737901,0.7155890909090918,0.28,0.74
15042,severity_weighted_hierarchical,0.8253012048192772,0.4635958395245171,0.3738366080661841,0.18348484848484847,0.29303030303030303,0.26907630522088355,0.5839524517087668,0.673692725783608,0.6944733333333335,0.42,0.6
15043,fixed_threshold,0.658051689860835,0.591304347826087,0.5010169491525424,0.11151515151515151,0.22348484848484848,0.43538767395626243,0.48695652173913045,0.6354820778817415,0.6532954545454522,0.58,0.58
15043,global_recall_constrained,0.8317929759704251,0.7784431137724551,0.34227240649259,0.2824242424242424,0.4293939393939394,0.24953789279112754,0.3008982035928144,0.7187743218243594,0.7416854545454584,0.5310000000000001,0.5310000000000001
15043,hierarchical_recall_constrained,0.8494208494208494,0.6024844720496895,0.3719676549865229,0.21181818181818182,0.3372727272727273,0.22586872586872586,0.484472049689441,0.7106905660953241,0.7330963636363662,0.28,0.3448000000000004
15043,severity_weighted_hierarchical,0.7917485265225933,0.48988439306358383,0.389092815941269,0.1765151515151515,0.28893939393939394,0.31237721021611004,0.5794797687861272,0.6622188242990119,0.6702881818181821,0.42,0.6
15044,fixed_threshold,0.6451016635859519,0.6327769347496206,0.5009810333551341,0.1156060606060606,0.23166666666666666,0.43068391866913125,0.44613050075872535,0.6379290031397283,0.6549081818181798,0.58,0.58
15044,global_recall_constrained,0.8183673469387756,0.7938288920056101,0.3552534900808229,0.26590909090909093,0.4124242424242424,0.29591836734693877,0.30575035063113604,0.7137390354117894,0.7299533333333357,0.6330000000000002,0.6330000000000002
15044,hierarchical_recall_constrained,0.8057259713701431,0.6033519553072626,0.3994197292069632,0.18818181818181817,0.31333333333333335,0.2965235173824131,0.4776536312849162,0.6907057865611226,0.7017951515151521,0.28,0.74
15044,severity_weighted_hierarchical,0.8513238289205702,0.4682651622002821,0.3894080996884735,0.1781818181818182,0.2918181818181818,0.2484725050916497,0.5937940761636107,0.6909545878197855,0.6962781818181817,0.42,0.6
15045,fixed_threshold,0.7003968253968254,0.6064610866372981,0.4938749194068343,0.11893939393939394,0.235,0.3888888888888889,0.47723935389133626,0.6596245411413657,0.6765584848484828,0.58,0.58
15045,global_recall_constrained,0.8011583011583011,0.8045325779036827,0.3482111229188806,0.2787878787878788,0.42772727272727273,0.28185328185328185,0.2790368271954674,0.7080789592389992,0.7338906060606085,0.6270000000000002,0.6270000000000002
15045,hierarchical_recall_constrained,0.8594059405940594,0.6050670640834576,0.4057971014492754,0.18636363636363637,0.31363636363636366,0.25742574257425743,0.47242921013412814,0.7191987436804977,0.7248818181818186,0.28,0.5704
15045,severity_weighted_hierarchical,0.8408644400785854,0.4513888888888889,0.38874548270521425,0.17939393939393938,0.29348484848484846,0.2966601178781925,0.5972222222222222,0.6767353640340489,0.6663760606060598,0.42,0.6
15046,fixed_threshold,0.7,0.6181556195965417,0.48462021343377276,0.12439393939393939,0.24136363636363636,0.3877551020408163,0.47406340057636887,0.6595942586637942,0.6793784848484821,0.58,0.58
15046,global_recall_constrained,0.7995642701525054,0.8012048192771084,0.33051470588235293,0.2759090909090909,0.4121212121212121,0.3202614379084967,0.3177710843373494,0.6989792362557777,0.7286848484848519,0.45899999999999974,0.45899999999999974
15046,hierarchical_recall_constrained,0.845691382765531,0.6049204052098408,0.41015625,0.18303030303030304,0.3103030303030303,0.23847695390781562,0.467438494934877,0.7174368161332532,0.7334133333333345,0.28,0.74
15046,severity_weighted_hierarchical,0.837573385518591,0.4742547425474255,0.3911513323278029,0.18348484848484847,0.3013636363636364,0.25244618395303325,0.5934959349593496,0.6856187734668151,0.6825384848484851,0.42,0.6
15047,fixed_threshold,0.6719367588932806,0.6427503736920778,0.506578947368421,0.11363636363636363,0.23030303030303031,0.4308300395256917,0.4289985052316891,0.6515698332308731,0.6715030303030274,0.58,0.58
15047,global_recall_constrained,0.8323471400394478,0.7795163584637269,0.34384969868840837,0.28045454545454546,0.42742424242424243,0.25443786982248523,0.31721194879089615,0.7189919050997019,0.7395615151515188,0.3,0.3
15047,hierarchical_recall_constrained,0.8874734607218684,0.6099290780141844,0.41325536062378165,0.18242424242424243,0.3109090909090909,0.23779193205944799,0.47801418439716314,0.7357156964518738,0.7347987878787873,0.28,0.74
15047,severity_weighted_hierarchical,0.828,0.46805555555555556,0.39505523408732246,0.17424242424242425,0.288030303030303,0.262,0.6097222222222223,0.6810697465448806,0.6823918181818176,0.42,0.6
15048,fixed_threshold,0.7002012072434608,0.5972644376899696,0.4862204724409449,0.11863636363636364,0.2309090909090909,0.3722334004024145,0.47720364741641336,0.6590343175794284,0.6906763636363619,0.58,0.58
15048,global_recall_constrained,0.8336798336798337,0.7813884785819794,0.34675615212527966,0.26545454545454544,0.40636363636363637,0.2785862785862786,0.31314623338257014,0.7187462195001101,0.7423109090909129,0.36900000000000005,0.36900000000000005
15048,hierarchical_recall_constrained,0.8275154004106776,0.6039156626506024,0.3771106941838649,0.2012121212121212,0.32303030303030306,0.28542094455852157,0.5060240963855421,0.6959443037271503,0.7066896969696989,0.28,0.74
15048,severity_weighted_hierarchical,0.810379241516966,0.45982142857142855,0.37572254335260113,0.18,0.28833333333333333,0.30538922155688625,0.6011904761904762,0.6626806696680958,0.673963333333333,0.42,0.6
15049,fixed_threshold,0.66015625,0.6111929307805597,0.4836223506743738,0.12181818181818181,0.2359090909090909,0.44140625,0.46686303387334316,0.6350417468302187,0.6516063636363613,0.58,0.58
15049,global_recall_constrained,0.8188824662813102,0.7910014513788098,0.3519593613933237,0.2706060606060606,0.4175757575757576,0.27552986512524086,0.3178519593613933,0.7151998371933806,0.7303963636363671,0.48000000000000015,0.48000000000000015
15049,hierarchical_recall_constrained,0.8421052631578947,0.6021671826625387,0.3827864954826438,0.19666666666666666,0.31863636363636366,0.27530364372469635,0.46904024767801855,0.7043355272981804,0.7223875757575773,0.28,0.74
15049,severity_weighted_hierarchical,0.825187969924812,0.48125937031484256,0.39276485788113696,0.17803030303030304,0.29318181818181815,0.2650375939849624,0.5742128935532234,0.6810753523660473,0.6928348484848478,0.42,0.6
15050,fixed_threshold,0.6772388059701493,0.6193103448275862,0.5046612802983219,0.12075757575757576,0.24378787878787878,0.416044776119403,0.46482758620689657,0.6503800115571312,0.6471627272727246,0.58,0.58
15050,global_recall_constrained,0.8319838056680162,0.7786032689450223,0.3406193078324226,0.27424242424242423,0.4159090909090909,0.2692307692307692,0.3135215453194651,0.7168398013290995,0.7416924242424281,0.34199999999999997,0.34199999999999997
15050,hierarchical_recall_constrained,0.8430232558139535,0.6048850574712644,0.39392544868844914,0.19954545454545455,0.3292424242424242,0.25775193798449614,0.47270114942528735,0.709085958597277,0.7149360606060626,0.28,0.74
15050,severity_weighted_hierarchical,0.8224489795918367,0.5036710719530103,0.3857290589451913,0.18,0.29303030303030303,0.28775510204081634,0.566813509544787,0.679471319933793,0.6913521212121223,0.42,0.6
15051,fixed_threshold,0.7080745341614907,0.5928057553956835,0.4944262295081967,0.11681818181818182,0.23106060606060605,0.38095238095238093,0.4935251798561151,0.6616915312056155,0.6814015151515134,0.58,0.58
15051,global_recall_constrained,0.8212765957446808,0.7894736842105263,0.32848527846754166,0.2868181818181818,0.4271212121212121,0.27872340425531916,0.3216374269005848,0.7097340875966472,0.7375657575757614,0.5670000000000002,0.5670000000000002
15051,hierarchical_recall_constrained,0.8533333333333334,0.6040816326530613,0.40343735866123925,0.19984848484848486,0.335,0.24,0.4816326530612245,0.7170361864148646,0.712067575757577,0.28,0.74
15051,severity_weighted_hierarchical,0.8360995850622407,0.5453315290933695,0.4124872057318321,0.17393939393939395,0.2960606060606061,0.3070539419087137,0.523680649526387,0.6947371830388487,0.6857945454545453,0.42,0.6
15052,fixed_threshold,0.6863117870722434,0.5891016200294551,0.48938906752411576,0.1203030303030303,0.2356060606060606,0.41064638783269963,0.5007363770250368,0.6469383993051162,0.6526409090909061,0.58,0.58
15052,global_recall_constrained,0.8180112570356473,0.7899280575539568,0.36905207943049834,0.25515151515151513,0.4043939393939394,0.2926829268292683,0.32805755395683456,0.7168460943085716,0.7185809090909119,0.72,0.72
15052,hierarchical_recall_constrained,0.8147410358565738,0.6064139941690962,0.3972075108329321,0.1896969696969697,0.3146969696969697,0.27689243027888444,0.4606413994169096,0.6970755584236558,0.7163821212121229,0.28,0.74
15052,severity_weighted_hierarchical,0.863265306122449,0.4876712328767123,0.3914572864321608,0.18348484848484847,0.3015151515151515,0.2571428571428571,0.5726027397260274,0.6977019283777518,0.6925363636363631,0.42,0.6
15053,fixed_threshold,0.6627218934911243,0.5971428571428572,0.49377865094957435,0.11712121212121213,0.23136363636363635,0.4339250493096647,0.4828571428571429,0.6367750034761974,0.6504275757575742,0.58,0.58
15053,global_recall_constrained,0.8530612244897959,0.764792899408284,0.32174810736407433,0.29863636363636364,0.4403030303030303,0.24693877551020407,0.35502958579881655,0.7199591166598691,0.7368357575757616,0.44399999999999973,0.44399999999999973
15053,hierarchical_recall_constrained,0.8329853862212944,0.6043795620437956,0.39485186983972803,0.18878787878787878,0.31196969696969695,0.2797494780793319,0.4759124087591241,0.7033393024451055,0.7175112121212129,0.28,0.74
15053,severity_weighted_hierarchical,0.8191681735985533,0.4824561403508772,0.3980681240467717,0.17939393939393938,0.29803030303030303,0.2965641952983725,0.5730994152046783,0.6751540144810179,0.6683124242424237,0.42,0.6
15054,fixed_threshold,0.6843177189409368,0.5910364145658263,0.4983563445101907,0.1156060606060606,0.23045454545454547,0.4093686354378819,0.4789915966386555,0.6486663210858232,0.6665615151515126,0.58,0.58
15054,global_recall_constrained,0.8298755186721992,0.782608695652174,0.3391150442477876,0.2828787878787879,0.42803030303030304,0.2717842323651452,0.3155680224403927,0.7150829326893421,0.7365227272727313,0.3,0.3
15054,hierarchical_recall_constrained,0.8514285714285714,0.6055944055944056,0.4094927873429502,0.19227272727272726,0.3256060606060606,0.2438095238095238,0.4755244755244755,0.7178912069472331,0.7169869696969681,0.28,0.74
15054,severity_weighted_hierarchical,0.8373015873015873,0.49344978165938863,0.38965693804403484,0.1806060606060606,0.2959090909090909,0.2857142857142857,0.5633187772925764,0.6844139784336432,0.6880996969696972,0.42,0.6
15055,fixed_threshold,0.6900826446280992,0.604135893648449,0.4846705805609915,0.11969696969696969,0.23227272727272727,0.39462809917355374,0.4756277695716396,0.6527132413497853,0.6820815151515138,0.58,0.58
15055,global_recall_constrained,0.783157894736842,0.8148148148148148,0.3504083147735709,0.26515151515151514,0.4081818181818182,0.3031578947368421,0.2905982905982906,0.7017348678438351,0.7361642424242449,0.6210000000000002,0.6210000000000002
15055,hierarchical_recall_constrained,0.8481262327416174,0.606353591160221,0.3853658536585366,0.21,0.3416666666666667,0.2485207100591716,0.47513812154696133,0.7100597766825686,0.7135803030303032,0.28,0.74
15055,severity_weighted_hierarchical,0.8523985239852399,0.4978843441466855,0.4137055837563452,0.175,0.29848484848484846,0.25830258302583026,0.5768688293370945,0.6996091233178985,0.6848212121212106,0.42,0.6
15056,fixed_threshold,0.7083333333333334,0.5925925925925926,0.5019059720457433,0.11878787878787879,0.2384848484848485,0.3731060606060606,0.48575498575498577,0.663815561587925,0.6698127272727245,0.58,0.58
15056,global_recall_constrained,0.8395303326810176,0.7741433021806854,0.3389458272327965,0.2736363636363636,0.41393939393939394,0.2896281800391389,0.31931464174454827,0.7160049509803348,0.7303866666666706,0.49800000000000016,0.49800000000000016
15056,hierarchical_recall_constrained,0.8469827586206896,0.606993006993007,0.40048426150121064,0.18757575757575756,0.31287878787878787,0.2629310344827586,0.4643356643356643,0.7128098908105336,0.7264681818181833,0.28,0.74
15056,severity_weighted_hierarchical,0.8574380165289256,0.49928057553956834,0.38996929375639716,0.1806060606060606,0.2960606060606061,0.2644628099173554,0.5625899280575539,0.6965432765485591,0.7011884848484853,0.42,0.6
15057,fixed_threshold,0.6557692307692308,0.613540197461213,0.5095206828627709,0.11318181818181818,0.23075757575757574,0.4423076923076923,0.4908321579689704,0.6387633420038589,0.6384966666666633,0.58,0.58
15057,global_recall_constrained,0.8169811320754717,0.789308176100629,0.34875046624393885,0.26454545454545453,0.4062121212121212,0.28679245283018867,0.3191823899371069,0.7127716011856513,0.7294039393939428,0.3,0.3
15057,hierarchical_recall_constrained,0.8373382624768947,0.6047904191616766,0.39474896361123907,0.1990909090909091,0.3289393939393939,0.3031423290203327,0.47904191616766467,0.7006265794639023,0.6901221212121218,0.28,0.74
15057,severity_weighted_hierarchical,0.8174097664543525,0.484593837535014,0.38413032054650553,0.17757575757575758,0.28833333333333333,0.2653927813163482,0.5896358543417367,0.6771875683321048,0.6937209090909092,0.42,0.6
15058,fixed_threshold,0.6965811965811965,0.6188340807174888,0.4871626069782752,0.11803030303030303,0.23015151515151516,0.39316239316239315,0.45739910313901344,0.6587622588717793,0.6946263636363612,0.58,0.58
15058,global_recall_constrained,0.8191056910569106,0.7904624277456648,0.3617669459253618,0.25393939393939396,0.3978787878787879,0.2703252032520325,0.3063583815028902,0.7194899690370299,0.7456418181818206,0.36000000000000004,0.36000000000000004
15058,hierarchical_recall_constrained,0.8327067669172933,0.6058282208588958,0.38670973696354405,0.20136363636363636,0.3283333333333333,0.2650375939849624,0.4616564417177914,0.7027364449141544,0.717494242424244,0.28,0.74
15058,severity_weighted_hierarchical,0.8323108384458078,0.45350500715307585,0.3728115345005149,0.18454545454545454,0.29424242424242425,0.2822085889570552,0.6037195994277539,0.672550425186517,0.6800624242424266,0.42,0.6
15059,fixed_threshold,0.6904761904761905,0.6278735632183908,0.47878404053198226,0.1246969696969697,0.23924242424242423,0.39826839826839827,0.45545977011494254,0.6550919519336915,0.6891657575757562,0.58,0.58
15059,global_recall_constrained,0.801255230125523,0.8021806853582555,0.32905826310003666,0.2774242424242424,0.4134848484848485,0.303347280334728,0.278816199376947,0.7017844091729302,0.7418172727272775,0.3,0.3
15059,hierarchical_recall_constrained,0.8502772643253235,0.6021021021021021,0.39136363636363636,0.20287878787878788,0.3333333333333333,0.2754158964879852,0.47597597597597596,0.7082037858729172,0.7040303030303044,0.28,0.74
15059,severity_weighted_hierarchical,0.8054474708171206,0.4594972067039106,0.38338493292053666,0.18106060606060606,0.29363636363636364,0.28793774319066145,0.590782122905028,0.6641915180268727,0.6713133333333339,0.42,0.6
15060,fixed_threshold,0.6884328358208955,0.614307931570762,0.49417852522639066,0.11848484848484848,0.23424242424242425,0.40111940298507465,0.4618973561430793,0.6546422278112257,0.6695690909090899,0.58,0.58
15060,global_recall_constrained,0.8256302521008403,0.7864214992927864,0.3601518026565465,0.25545454545454543,0.39924242424242423,0.2710084033613445,0.31824611032531824,0.7208365372129514,0.7442287878787908,0.309,0.309
15060,hierarchical_recall_constrained,0.8112798264642083,0.6047197640117994,0.3785610816030903,0.195,0.3137878787878788,0.31453362255965295,0.46755162241887904,0.6864965540059502,0.7095160606060628,0.28,0.5320000000000007
15060,severity_weighted_hierarchical,0.8319838056680162,0.4458689458689459,0.37571354436948623,0.18227272727272728,0.291969696969697,0.26720647773279355,0.5968660968660968,0.6738824654674161,0.6870942424242427,0.42,0.6
15061,fixed_threshold,0.692144373673036,0.6086330935251798,0.49438943894389437,0.11606060606060606,0.22954545454545455,0.3991507430997877,0.47050359712230216,0.6557056397735268,0.6837560606060585,0.58,0.58
15061,global_recall_constrained,0.8403193612774451,0.7718794835007173,0.3578358208955224,0.26075757575757574,0.40606060606060607,0.281437125748503,0.33428981348637016,0.7216276761886913,0.7292545454545482,0.3,0.3
15061,hierarchical_recall_constrained,0.7980198019801981,0.6067073170731707,0.37908187411263605,0.1987878787878788,0.32015151515151513,0.299009900990099,0.47560975609756095,0.6833524061301124,0.7050330303030312,0.28,0.74
15061,severity_weighted_hierarchical,0.8115671641791045,0.4992721979621543,0.39633214467651556,0.17954545454545454,0.2974242424242424,0.28544776119402987,0.5705967976710334,0.6764008633404532,0.6782906060606059,0.42,0.6
15062,fixed_threshold,0.7047817047817048,0.6275115919629057,0.48251295336787564,0.12106060606060606,0.23393939393939395,0.3700623700623701,0.437403400309119,0.6657308364688606,0.7077854545454529,0.58,0.58
15062,global_recall_constrained,0.8323586744639376,0.7821067821067821,0.3488120950323974,0.2740909090909091,0.4209090909090909,0.26120857699805067,0.31601731601731603,0.7200725158993433,0.7378345454545499,0.4020000000000001,0.4020000000000001
15062,hierarchical_recall_constrained,0.8676470588235294,0.6066282420749279,0.3782312925170068,0.20772727272727273,0.3340909090909091,0.23949579831932774,0.4697406340057637,0.7183122294136414,0.7315954545454566,0.28,0.74
15062,severity_weighted_hierarchical,0.8305084745762712,0.5007342143906021,0.3900249376558603,0.1853030303030303,0.3037878787878788,0.2787193973634652,0.5594713656387665,0.6834824591785058,0.6855954545454555,0.42,0.6
15063,fixed_threshold,0.654690618762475,0.5829725829725829,0.4838070059484468,0.11833333333333333,0.22924242424242425,0.4471057884231537,0.48773448773448774,0.6274256230125649,0.6465784848484826,0.58,0.58
15063,global_recall_constrained,0.8248587570621468,0.788218793828892,0.338409475465313,0.2962121212121212,0.44772727272727275,0.2655367231638418,0.3127629733520337,0.713247806000117,0.7252166666666695,0.6180000000000002,0.6180000000000002
15063,hierarchical_recall_constrained,0.8562628336755647,0.608433734939759,0.37267362687244665,0.20939393939393938,0.3337878787878788,0.25256673511293637,0.4819277108433735,0.7111643704158901,0.7252663636363661,0.28,0.74
15063,severity_weighted_hierarchical,0.8504273504273504,0.45558739255014324,0.3752620545073375,0.1806060606060606,0.28909090909090907,0.27136752136752135,0.6189111747851003,0.6825544192869597,0.6872860606060607,0.42,0.6
15064,fixed_threshold,0.6693711967545639,0.6187594553706506,0.493324432576769,0.115,0.22696969696969696,0.4158215010141988,0.4689863842662632,0.6460420797388379,0.6747315151515126,0.58,0.58
15064,global_recall_constrained,0.8414634146341463,0.7730600292825769,0.3361884368308351,0.2818181818181818,0.42454545454545456,0.28252032520325204,0.3396778916544656,0.716155293670819,0.7269654545454585,0.3,0.3
15064,hierarchical_recall_constrained,0.8805031446540881,0.6019690576652602,0.3944186046511628,0.19727272727272727,0.32575757575757575,0.2222222222222222,0.4711673699015471,0.7288788266017298,0.7378030303030313,0.28,0.5359999999999998
15064,severity_weighted_hierarchical,0.8311688311688312,0.4956772334293948,0.37877211238293446,0.1809090909090909,0.2912121212121212,0.2662337662337662,0.5547550432276657,0.6833111542842749,0.7079230303030316,0.42,0.6
15065,fixed_threshold,0.6646090534979424,0.5716395864106352,0.46802900461437047,0.12227272727272727,0.22984848484848486,0.41975308641975306,0.47858197932053176,0.630185228319898,0.6690548484848466,0.58,0.58
15065,global_recall_constrained,0.8185567010309278,0.7891737891737892,0.34632192279679536,0.271969696969697,0.4160606060606061,0.27010309278350514,0.31196581196581197,0.7144346734850862,0.7410539393939432,0.3,0.3
15065,hierarchical_recall_constrained,0.8765182186234818,0.6014705882352941,0.38819732595666206,0.20106060606060605,0.3286363636363636,0.22672064777327935,0.4823529411764706,0.7251154020692798,0.7340960606060624,0.28,0.33520000000000033
15065,severity_weighted_hierarchical,0.8535645472061657,0.4482269503546099,0.38256048387096775,0.1856060606060606,0.3006060606060606,0.2813102119460501,0.6212765957446809,0.6816601904204767,0.6666703030303034,0.42,0.6
15066,fixed_threshold,0.6710526315789473,0.6101449275362318,0.5118421052631579,0.11242424242424243,0.23030303030303031,0.41541353383458646,0.4608695652173913,0.6484930726024548,0.6577454545454522,0.58,0.58
15066,global_recall_constrained,0.8280373831775701,0.7836166924265843,0.34148094895758446,0.2775757575757576,0.4215151515151515,0.3102803738317757,0.30139103554868624,0.7101545664954871,0.7167654545454584,0.6750000000000003,0.6750000000000003
15066,hierarchical_recall_constrained,0.8594059405940594,0.6025824964131994,0.40939597315436244,0.18666666666666668,0.31606060606060604,0.24554455445544554,0.48923959827833574,0.7209543436729353,0.7215145454545461,0.28,0.74
15066,severity_weighted_hierarchical,0.8239700374531835,0.44583987441130296,0.3712820512820513,0.18575757575757576,0.29545454545454547,0.27902621722846443,0.6326530612244898,0.6678897410775421,0.6767121212121218,0.42,0.6
15067,fixed_threshold,0.6404255319148936,0.6104815864022662,0.4902880107166778,0.1153030303030303,0.22621212121212123,0.4553191489361702,0.47592067988668557,0.6269219355456064,0.6570451515151491,0.58,0.58
15067,global_recall_constrained,0.8418891170431212,0.7745839636913767,0.3403469915097822,0.27075757575757575,0.41045454545454546,0.2464065708418891,0.3086232980332829,0.7236484499144878,0.7568293939393982,0.4050000000000001,0.4050000000000001
15067,hierarchical_recall_constrained,0.8495049504950495,0.607898448519041,0.41247002398081534,0.1856060606060606,0.3159090909090909,0.24752475247524752,0.4837799717912553,0.7182927121491157,0.7200924242424255,0.28,0.74
15067,severity_weighted_hierarchical,0.8307086614173228,0.5141158989598811,0.39669421487603307,0.17696969696969697,0.29333333333333333,0.265748031496063,0.5423476968796433,0.6898543127140606,0.7050448484848492,0.42,0.6
15068,fixed_threshold,0.6785046728971963,0.5896700143472023,0.49967721110393803,0.11742424242424243,0.2346969696969697,0.40373831775700936,0.4935437589670014,0.6468765519411147,0.6517748484848455,0.58,0.58
15068,global_recall_constrained,0.8282828282828283,0.7848837209302325,0.35674051821254227,0.2595454545454545,0.4034848484848485,0.27070707070707073,0.3081395348837209,0.7206262395501355,0.7435330303030323,0.45900000000000013,0.45900000000000013
15068,hierarchical_recall_constrained,0.8418891170431212,0.6080691642651297,0.41106719367588934,0.1806060606060606,0.30666666666666664,0.27720739219712526,0.484149855907781,0.7114970851927893,0.7146763636363637,0.28,0.74
15068,severity_weighted_hierarchical,0.8809034907597536,0.49025069637883006,0.3972533062054934,0.17954545454545454,0.29787878787878785,0.2299794661190965,0.5766016713091922,0.7104244708428418,0.7075569696969701,0.42,0.6
15069,fixed_threshold,0.7241379310344828,0.6012461059190031,0.49195106245975534,0.11954545454545455,0.2353030303030303,0.36590038314176243,0.4781931464174455,0.6710201332874732,0.687523939393937,0.58,0.58
15069,global_recall_constrained,0.8308668076109936,0.7847919655667145,0.33475783475783477,0.283030303030303,0.4254545454545455,0.26215644820295986,0.30559540889526543,0.716504991295609,0.7472557575757615,0.5280000000000001,0.5280000000000001
15069,hierarchical_recall_constrained,0.8778467908902692,0.6115007012622721,0.42935596605092363,0.1731818181818182,0.30348484848484847,0.2422360248447205,0.46984572230014027,0.7352109354913855,0.732933030303031,0.28,0.74
15069,severity_weighted_hierarchical,0.830078125,0.45776566757493187,0.38925831202046035,0.1809090909090909,0.2962121212121212,0.25390625,0.6130790190735694,0.6794544341776705,0.6778530303030299,0.42,0.6
15070,fixed_threshold,0.6811279826464208,0.5722070844686649,0.4735483870967742,0.12363636363636364,0.23484848484848486,0.4078091106290672,0.5013623978201635,0.6392865710739788,0.667257575757574,0.58,0.58
15070,global_recall_constrained,0.8371647509578544,0.7768115942028986,0.34589406327763955,0.2787878787878788,0.4262121212121212,0.25287356321839083,0.336231884057971,0.7211781931589656,0.7339118181818209,0.47700000000000015,0.47700000000000015
15070,hierarchical_recall_constrained,0.8404907975460123,0.6046511627906976,0.4057899901864573,0.18348484848484847,0.3087878787878788,0.2658486707566462,0.48546511627906974,0.7107229310264513,0.7193436363636361,0.28,0.74
15070,severity_weighted_hierarchical,0.8393194706994329,0.5052316890881914,0.39276745354093423,0.1831818181818182,0.3016666666666667,0.2741020793950851,0.5530642750373692,0.689156175585067,0.6927766666666659,0.42,0.6
15071,fixed_threshold,0.6986062717770035,0.6030769230769231,0.5060625398851308,0.11727272727272728,0.23742424242424243,0.41114982578397213,0.47692307692307695,0.6573326583637851,0.6459487878787844,0.58,0.58
15071,global_recall_constrained,0.8187372708757638,0.7889518413597734,0.31892251413368805,0.3103030303030303,0.4556060606060606,0.2769857433808554,0.3243626062322946,0.7045194743467714,0.7246518181818221,0.3,0.3
15071,hierarchical_recall_constrained,0.8537074148296593,0.6017441860465116,0.40423484119345526,0.18757575757575756,0.3148484848484848,0.2605210420841683,0.48255813953488375,0.7154924572103141,0.7191678787878796,0.28,0.74
15071,severity_weighted_hierarchical,0.835030549898167,0.49449035812672176,0.3982392542723977,0.17606060606060606,0.2925757575757576,0.2790224032586558,0.5743801652892562,0.6865483559221759,0.6845100000000002,0.42,0.6
15072,fixed_threshold,0.7074569789674953,0.5764705882352941,0.5,0.11545454545454545,0.2309090909090909,0.40152963671128106,0.49117647058823527,0.6566788028752263,0.6613127272727245,0.58,0.58
15072,global_recall_constrained,0.8097165991902834,0.7983425414364641,0.34779516358463725,0.2778787878787879,0.4260606060606061,0.291497975708502,0.31767955801104975,0.709080352163574,0.7239139393939423,0.5340000000000001,0.5340000000000001
15072,hierarchical_recall_constrained,0.8300395256916996,0.5991440798858774,0.3876326718966313,0.20106060606060605,0.3283333333333333,0.2845849802371542,0.48359486447931527,0.6979138021991245,0.7010093939393962,0.28,0.6607999999999996
15072,severity_weighted_hierarchical,0.8501945525291829,0.4753623188405797,0.39453326456936566,0.1778787878787879,0.29378787878787876,0.27626459143968873,0.5971014492753624,0.6887458633870651,0.6814021212121212,0.42,0.6
15073,fixed_threshold,0.6960985626283368,0.5975609756097561,0.5016077170418006,0.11742424242424243,0.2356060606060606,0.3798767967145791,0.470189701897019,0.6589839747568288,0.6788530303030281,0.58,0.58
15073,global_recall_constrained,0.8274509803921568,0.7852062588904695,0.36810279667422524,0.25333333333333335,0.4009090909090909,0.2725490196078431,0.32147937411095306,0.7226571034799253,0.7351751515151552,0.36600000000000005,0.36600000000000005
15073,hierarchical_recall_constrained,0.8531746031746031,0.6059701492537314,0.387037037037037,0.2006060606060606,0.32727272727272727,0.25595238095238093,0.4746268656716418,0.7123643334553782,0.7223878787878797,0.28,0.74
15073,severity_weighted_hierarchical,0.8142292490118577,0.5065312046444121,0.3961478396668402,0.17575757575757575,0.2910606060606061,0.30434782608695654,0.5500725689404935,0.6765513660443487,0.6829554545454539,0.42,0.6
15074,fixed_threshold,0.6943231441048034,0.5776772247360482,0.45937090432503275,0.125,0.2312121212121212,0.38427947598253276,0.4962292609351433,0.6464113761488608,0.6921266666666659,0.58,0.58
15074,global_recall_constrained,0.8073022312373225,0.7932618683001531,0.327493743296389,0.285,0.42378787878787877,0.30628803245436104,0.29709035222052066,0.7010267031727683,0.7292487878787922,0.3,0.3
15074,hierarchical_recall_constrained,0.8357894736842105,0.6026587887740029,0.3738968880631677,0.20424242424242425,0.32621212121212123,0.25473684210526315,0.47858197932053176,0.7024456247392838,0.7267663636363656,0.28,0.48400000000000115
15074,severity_weighted_hierarchical,0.8626692456479691,0.48005502063273725,0.40664961636828645,0.17575757575757575,0.2962121212121212,0.2437137330754352,0.5832187070151307,0.7013307088705362,0.6919742424242421,0.42,0.6
15075,fixed_threshold,0.6849894291754757,0.6098901098901099,0.5059288537549407,0.11363636363636363,0.23,0.386892177589852,0.4642857142857143,0.6569233395522577,0.6847799999999983,0.58,0.58
15075,global_recall_constrained,0.8302238805970149,0.7833572453371592,0.3567314614830814,0.27075757575757575,0.4209090909090909,0.27425373134328357,0.30703012912482064,0.7192844587578189,0.7285012121212148,0.5490000000000002,0.5490000000000002
15075,hierarchical_recall_constrained,0.8481973434535104,0.6058091286307054,0.3912466843501326,0.20863636363636365,0.3427272727272727,0.25806451612903225,0.48409405255878285,0.7097586541365242,0.702565454545455,0.28,0.74
15075,severity_weighted_hierarchical,0.8083832335329342,0.4622093023255814,0.38891877353415816,0.17212121212121212,0.2816666666666667,0.2694610778443114,0.5944767441860465,0.6703988752444946,0.6901778787878803,0.42,0.6
15076,fixed_threshold,0.6846153846153846,0.5743145743145743,0.49120521172638437,0.11833333333333333,0.23257575757575757,0.40576923076923077,0.48773448773448774,0.6448079187913064,0.6583499999999972,0.58,0.58
15076,global_recall_constrained,0.8282608695652174,0.7844311377245509,0.3213778409090909,0.28954545454545455,0.4266666666666667,0.29347826086956524,0.3248502994011976,0.7080899960947671,0.7344812121212169,0.5940000000000002,0.5940000000000002
15076,hierarchical_recall_constrained,0.8511066398390342,0.601115760111576,0.405893536121673,0.1893939393939394,0.3187878787878788,0.23138832997987926,0.4755927475592748,0.7184648196107093,0.7291127272727275,0.28,0.74
15076,severity_weighted_hierarchical,0.815677966101695,0.4678362573099415,0.37046768260641094,0.18151515151515152,0.28833333333333333,0.298728813559322,0.5877192982456141,0.66615268989337,0.685296666666668,0.42,0.6
15077,fixed_threshold,0.6685606060606061,0.6091954022988506,0.5016139444803098,0.11696969696969697,0.2346969696969697,0.4090909090909091,0.48563218390804597,0.6460285550457943,0.6540475757575729,0.58,0.58
15077,global_recall_constrained,0.8322981366459627,0.7799113737075333,0.3384279475982533,0.27545454545454545,0.4163636363636364,0.2587991718426501,0.3072378138847858,0.7181653440289452,0.7498072727272762,0.42900000000000005,0.42900000000000005
15077,hierarchical_recall_constrained,0.8484848484848485,0.6056971514242878,0.3992502343017807,0.19424242424242424,0.3233333333333333,0.2518939393939394,0.47976011994003,0.7137252217143536,0.7193521212121207,0.28,0.74
15077,severity_weighted_hierarchical,0.8422131147540983,0.47831978319783197,0.3890020366598778,0.18181818181818182,0.29757575757575755,0.24795081967213115,0.5867208672086721,0.6886918361705494,0.6920157575757576,0.42,0.6
15078,fixed_threshold,0.6718446601941748,0.580829756795422,0.48484848484848486,0.12106060606060606,0.235,0.42135922330097086,0.47639484978540775,0.6373454138871948,0.6541342424242395,0.58,0.58
15078,global_recall_constrained,0.8547794117647058,0.7593423019431988,0.34589406327763955,0.2787878787878788,0.4262121212121212,0.2426470588235294,0.33781763826606875,0.726511295490241,0.7360936363636402,0.37500000000000006,0.37500000000000006
15078,hierarchical_recall_constrained,0.846307385229541,0.6028776978417266,0.4039290848107331,0.18848484848484848,0.3162121212121212,0.2834331337325349,0.4805755395683453,0.7093707727323078,0.7073306060606057,0.28,0.43120000000000086
15078,severity_weighted_hierarchical,0.8598848368522073,0.49022556390977445,0.39651639344262296,0.1784848484848485,0.2957575757575758,0.255278310940499,0.5654135338345865,0.6984800138456104,0.7025260606060607,0.42,0.6
15079,fixed_threshold,0.6711026615969582,0.6047156726768377,0.49343339587242024,0.12272727272727273,0.24227272727272728,0.39923954372623577,0.46879334257975036,0.6456184202112556,0.658244545454543,0.58,0.58
15079,global_recall_constrained,0.8426501035196687,0.771513353115727,0.33623503808487487,0.2772727272727273,0.4177272727272727,0.2774327122153209,0.3456973293768546,0.7176167440794062,0.7321518181818215,0.3,0.3
15079,hierarchical_recall_constrained,0.836852207293666,0.6012658227848101,0.3880171184022825,0.195,0.31863636363636366,0.2571976967370441,0.45569620253164556,0.7056437924199113,0.7299936363636387,0.28,0.455200000000001
15079,severity_weighted_hierarchical,0.8600823045267489,0.4520743919885551,0.3789364997418689,0.18227272727272728,0.29348484848484846,0.257201646090535,0.6008583690987125,0.6881551946019364,0.6930730303030322,0.42,0.6
15080,fixed_threshold,0.6471698113207547,0.6020710059171598,0.5006675567423231,0.11333333333333333,0.22696969696969696,0.4320754716981132,0.47633136094674555,0.6332569486344265,0.648883030303028,0.58,0.58
15080,global_recall_constrained,0.8044354838709677,0.7991329479768786,0.3438064283134706,0.2753030303030303,0.41954545454545455,0.2842741935483871,0.29624277456647397,0.7077924019812427,0.7363384848484874,0.3,0.3
15080,hierarchical_recall_constrained,0.811623246492986,0.6055045871559633,0.36675824175824173,0.20954545454545453,0.33090909090909093,0.28256513026052105,0.47706422018348627,0.687616870184659,0.7118218181818186,0.28,0.5072000000000004
15080,severity_weighted_hierarchical,0.8125,0.4946070878274268,0.3800106894708712,0.17575757575757575,0.2834848484848485,0.2791666666666667,0.576271186440678,0.6746567437000338,0.7030615151515169,0.42,0.6
15081,fixed_threshold,0.7256637168141593,0.6052269601100413,0.47880299251870323,0.12666666666666668,0.24303030303030304,0.37389380530973454,0.4676753782668501,0.6682696856051008,0.6939915151515137,0.58,0.58
15081,global_recall_constrained,0.8330019880715706,0.7808022922636103,0.3566407695153533,0.2634848484848485,0.40954545454545455,0.2783300198807157,0.33954154727793695,0.7202233463570527,0.7281148484848522,0.6840000000000003,0.6840000000000003
15081,hierarchical_recall_constrained,0.8271119842829077,0.604075691411936,0.4066147859922179,0.18484848484848485,0.3115151515151515,0.28094302554027506,0.45269286754002913,0.7031229421686098,0.7155781818181836,0.28,0.74
15081,severity_weighted_hierarchical,0.8395061728395061,0.49777777777777776,0.3790117167600611,0.1846969696969697,0.2974242424242424,0.25925925925925924,0.5703703703703704,0.6875844111574796,0.7043512121212131,0.42,0.6
15082,fixed_threshold,0.6597938144329897,0.5884892086330935,0.4700193423597679,0.12454545454545454,0.235,0.41237113402061853,0.48201438848920863,0.6323712647963745,0.6681645454545433,0.58,0.58
15082,global_recall_constrained,0.8329896907216495,0.7805232558139535,0.3380028735632184,0.27924242424242424,0.4218181818181818,0.2597938144329897,0.31976744186046513,0.717890297175577,0.7437006060606101,0.4440000000000001,0.4440000000000001
15082,hierarchical_recall_constrained,0.8363636363636363,0.6034985422740525,0.3691484618814088,0.2143939393939394,0.33984848484848484,0.26262626262626265,0.478134110787172,0.6997439965608598,0.7149087878787906,0.28,0.74
15082,severity_weighted_hierarchical,0.8361904761904762,0.5147058823529411,0.3980827447023209,0.18075757575757576,0.3003030303030303,0.259047619047619,0.5441176470588235,0.6928589126945155,0.7014624242424236,0.42,0.6
15083,fixed_threshold,0.678373382624769,0.5892351274787535,0.49936224489795916,0.11893939393939394,0.23757575757575758,0.4177449168207024,0.48725212464589235,0.6445526195521311,0.6423406060606034,0.58,0.58
15083,global_recall_constrained,0.8373015873015873,0.7777777777777778,0.32802439850898,0.3004545454545455,0.44712121212121214,0.26587301587301587,0.3247863247863248,0.7141277710053042,0.7289221212121252,0.4050000000000001,0.4050000000000001
15083,hierarchical_recall_constrained,0.8612244897959184,0.6026986506746627,0.3908918406072106,0.19454545454545455,0.3193939393939394,0.24081632653061225,0.49025487256371814,0.71845850727722,0.7304375757575777,0.28,0.5008000000000016
15083,severity_weighted_hierarchical,0.819672131147541,0.44986072423398327,0.3793284365162644,0.17924242424242423,0.2887878787878788,0.26024590163934425,0.5821727019498607,0.6715928155251366,0.6926539393939402,0.42,0.6
15084,fixed_threshold,0.6927966101694916,0.6080476900149031,0.4754204398447607,0.12287878787878788,0.23424242424242425,0.4194915254237288,0.4873323397913562,0.6491602305408644,0.6732357575757556,0.58,0.58
15084,global_recall_constrained,0.8343434343434344,0.779291553133515,0.3638714444033986,0.2609090909090909,0.41015151515151516,0.2787878787878788,0.3405994550408719,0.7218898904665562,0.7257124242424268,0.3,0.3
15084,hierarchical_recall_constrained,0.8736616702355461,0.6036161335187761,0.3910822108685555,0.19863636363636364,0.32621212121212123,0.2398286937901499,0.4728789986091794,0.7232763450995824,0.7302512121212136,0.28,0.4384000000000009
15084,severity_weighted_hierarchical,0.8330206378986866,0.484149855907781,0.3943377148634985,0.18151515151515152,0.2996969696969697,0.28893058161350843,0.5806916426512968,0.6812171639933257,0.6729557575757565,0.42,0.6
15085,fixed_threshold,0.67,0.5965996908809892,0.4865047233468286,0.1153030303030303,0.22454545454545455,0.428,0.48377125193199383,0.6394723364577071,0.6654321212121186,0.58,0.58
15085,global_recall_constrained,0.828996282527881,0.7765793528505393,0.3566066066066066,0.2596969696969697,0.4036363636363636,0.26022304832713755,0.32819722650231126,0.720844990451871,0.7376824242424285,0.6119999999999999,0.6119999999999999
15085,hierarchical_recall_constrained,0.8614800759013282,0.6092619392185239,0.392552714221624,0.20515151515151514,0.3377272727272727,0.23719165085388993,0.48914616497829233,0.719242600757599,0.7176960606060615,0.28,0.74
15085,severity_weighted_hierarchical,0.8330058939096268,0.4827586206896552,0.3939865215137377,0.17712121212121212,0.2922727272727273,0.2730844793713163,0.5761494252873564,0.683650380163657,0.6883021212121209,0.42,0.6
15086,fixed_threshold,0.6863543788187373,0.5914149443561209,0.47744107744107744,0.11757575757575757,0.225,0.40529531568228105,0.48966613672496023,0.6465365787975589,0.6804257575757552,0.58,0.58
15086,global_recall_constrained,0.8316221765913757,0.7797147385103012,0.35259433962264153,0.24954545454545454,0.38545454545454544,0.2648870636550308,0.34231378763866877,0.7223829744508684,0.748876363636366,0.5760000000000002,0.5760000000000002
15086,hierarchical_recall_constrained,0.8282442748091603,0.6053882725832013,0.38345864661654133,0.1987878787878788,0.32242424242424245,0.2767175572519084,0.45641838351822506,0.6990259789774744,0.7191830303030319,0.28,0.74
15086,severity_weighted_hierarchical,0.838,0.4857142857142857,0.38724489795918365,0.18196969696969698,0.296969696969697,0.262,0.5828571428571429,0.6860713914656771,0.6919939393939396,0.42,0.6
15087,fixed_threshold,0.7089552238805971,0.5927007299270073,0.5035233824471492,0.11742424242424243,0.2365151515151515,0.375,0.4759124087591241,0.664241053039735,0.6719312121212103,0.58,0.58
15087,global_recall_constrained,0.8416833667334669,0.7748917748917749,0.3403271692745377,0.28106060606060607,0.4260606060606061,0.2845691382765531,0.3333333333333333,0.717039261171842,0.724732121212125,0.5940000000000002,0.5940000000000002
15087,hierarchical_recall_constrained,0.8172690763052208,0.6024590163934426,0.4142647777234978,0.18166666666666667,0.3101515151515152,0.2931726907630522,0.46311475409836067,0.6987884412018404,0.7033245454545464,0.28,0.6799999999999968
15087,severity_weighted_hierarchical,0.8300395256916996,0.5326409495548962,0.39483020780537254,0.1809090909090909,0.29893939393939395,0.25691699604743085,0.5326409495548962,0.6933865440896896,0.7109057575757587,0.42,0.6
15088,fixed_threshold,0.68,0.5724962630792227,0.481358189081225,0.11803030303030303,0.22757575757575757,0.414,0.4962630792227205,0.6399430012436198,0.6642987878787852,0.58,0.58
15088,global_recall_constrained,0.8058252427184466,0.7985507246376812,0.3400211193241816,0.2840909090909091,0.4304545454545455,0.3087378640776699,0.3,0.7031583965522475,0.7173372727272755,0.6839999999999999,0.6839999999999999
15088,hierarchical_recall_constrained,0.8423236514522822,0.6017191977077364,0.3787253553415864,0.2053030303030303,0.33045454545454545,0.2842323651452282,0.48567335243553006,0.7014060782662637,0.7064948484848504,0.28,0.569599999999999
15088,severity_weighted_hierarchical,0.838,0.478134110787172,0.3952380952380952,0.1731818181818182,0.2863636363636364,0.278,0.5860058309037901,0.684800416997968,0.6888090909090918,0.42,0.6
15089,fixed_threshold,0.7084942084942085,0.6265912305516266,0.5346534653465347,0.10681818181818181,0.22954545454545455,0.3938223938223938,0.45403111739745405,0.6737753423991049,0.6732409090909068,0.58,0.58
15089,global_recall_constrained,0.8277153558052435,0.7830459770114943,0.3351443123938879,0.2966666666666667,0.4462121212121212,0.2883895131086142,0.3218390804597701,0.7096829763319824,0.7129651515151546,0.4110000000000001,0.4110000000000001
15089,hierarchical_recall_constrained,0.8698224852071006,0.6103896103896104,0.3712935109583154,0.22166666666666668,0.3525757575757576,0.2485207100591716,0.468975468975469,0.7158131862980167,0.7180033333333345,0.28,0.74
15089,severity_weighted_hierarchical,0.8223684210526315,0.46196403872752423,0.3771276595744681,0.17742424242424243,0.28484848484848485,0.26973684210526316,0.5878284923928078,0.6733872539382759,0.6941636363636371,0.42,0.6
15090,fixed_threshold,0.6606425702811245,0.6055045871559633,0.47918043621943157,0.1193939393939394,0.22924242424242425,0.43172690763052207,0.46788990825688076,0.6351476838000865,0.666184545454543,0.58,0.58
15090,global_recall_constrained,0.8167641325536062,0.7903469079939668,0.338356655902404,0.2793939393939394,0.4222727272727273,0.2787524366471735,0.2850678733031674,0.7105525475468641,0.739482121212125,0.315,0.315
15090,hierarchical_recall_constrained,0.81,0.6049004594180705,0.37243947858473,0.20424242424242425,0.32545454545454544,0.27,0.5007656967840735,0.6901633083597187,0.7129587878787897,0.28,0.6271999999999962
15090,severity_weighted_hierarchical,0.8268041237113402,0.5052631578947369,0.3775614754098361,0.18409090909090908,0.2957575757575758,0.27835051546391754,0.5684210526315789,0.6810188727153049,0.6988593939393956,0.42,0.6
15091,fixed_threshold,0.6863905325443787,0.5789473684210527,0.49533954727030627,0.11484848484848485,0.22757575757575757,0.398422090729783,0.4868421052631579,0.6484601560128022,0.6691169696969668,0.58,0.58
15091,global_recall_constrained,0.8301486199575372,0.7844574780058651,0.34006610356224753,0.2722727272727273,0.4125757575757576,0.24628450106157113,0.32404692082111436,0.720519813172683,0.7539512121212157,0.5850000000000002,0.5850000000000002
15091,hierarchical_recall_constrained,0.8452380952380952,0.6038011695906432,0.3896888063167673,0.1990909090909091,0.32621212121212123,0.26785714285714285,0.46637426900584794,0.7077387485413276,0.7168875757575774,0.28,0.74
15091,severity_weighted_hierarchical,0.8530534351145038,0.4870689655172414,0.4078879086663207,0.17287878787878788,0.291969696969697,0.26908396946564883,0.5775862068965517,0.6957386429548709,0.6869730303030299,0.42,0.6
15092,fixed_threshold,0.6521739130434783,0.5832127351664255,0.47845953002610964,0.12106060606060606,0.23212121212121212,0.4209486166007905,0.4934876989869754,0.628941303300142,0.6549018181818157,0.58,0.58
15092,global_recall_constrained,0.8155136268343816,0.7920937042459737,0.33781329458772247,0.2762121212121212,0.4171212121212121,0.2830188679245283,0.3323572474377745,0.7100643485771749,0.7336451515151552,0.3,0.3
15092,hierarchical_recall_constrained,0.8561946902654868,0.601123595505618,0.389765662362506,0.19333333333333333,0.31681818181818183,0.23008849557522124,0.4789325842696629,0.717630239894676,0.7383524242424269,0.28,0.6919999999999953
15092,severity_weighted_hierarchical,0.8582834331337326,0.4961832061068702,0.39841688654353563,0.17272727272727273,0.2871212121212121,0.2634730538922156,0.5694656488549619,0.6987595519275125,0.705798484848485,0.42,0.6
15093,fixed_threshold,0.6813996316758748,0.6223479490806223,0.5142857142857142,0.1159090909090909,0.23863636363636365,0.4180478821362799,0.46534653465346537,0.6544324033824062,0.647477272727269,0.58,0.58
15093,global_recall_constrained,0.831858407079646,0.7829232995658466,0.33614369501466274,0.2743939393939394,0.41333333333333333,0.26327433628318586,0.32127351664254705,0.7176668681491382,0.7504254545454571,0.33,0.33
15093,hierarchical_recall_constrained,0.8723849372384938,0.604261796042618,0.38450637694851203,0.19742424242424242,0.32075757575757574,0.2217573221757322,0.4550989345509893,0.7245051842993191,0.750933636363638,0.28,0.74
15093,severity_weighted_hierarchical,0.8537549407114624,0.4801762114537445,0.38372093023255816,0.1846969696969697,0.2996969696969697,0.25296442687747034,0.5814977973568282,0.6917503870569861,0.6985012121212124,0.42,0.6
15094,fixed_threshold,0.6823027718550106,0.5984962406015037,0.4825268817204301,0.11666666666666667,0.22545454545454546,0.40298507462686567,0.4781954887218045,0.6474368226777826,0.6860557575757557,0.58,0.58
15094,global_recall_constrained,0.8413361169102297,0.7740029542097489,0.3396848662513741,0.273030303030303,0.4134848484848485,0.2651356993736952,0.31462333825701627,0.7203219228461128,0.7466960606060651,0.3,0.3
15094,hierarchical_recall_constrained,0.8542914171656687,0.6032608695652174,0.4088138771683075,0.19106060606060607,0.3231818181818182,0.2714570858283433,0.4796195652173913,0.7147824789916951,0.7052633333333329,0.28,0.74
15094,severity_weighted_hierarchical,0.8254901960784313,0.4726735598227474,0.38176197836166925,0.18181818181818182,0.29409090909090907,0.2901960784313726,0.5745937961595273,0.6739136029387602,0.683519090909091,0.42,0.6
15095,fixed_threshold,0.6783505154639176,0.6027190332326284,0.4821192052980132,0.11848484848484848,0.2287878787878788,0.40824742268041236,0.46676737160120846,0.6455958840216827,0.6807363636363614,0.58,0.58
15095,global_recall_constrained,0.8426294820717132,0.7780938833570412,0.343241330502477,0.2812121212121212,0.42818181818181816,0.26294820717131473,0.3186344238975818,0.7214691011639105,0.7363084848484878,0.5430000000000001,0.5430000000000001
15095,hierarchical_recall_constrained,0.8362235067437379,0.6044880785413744,0.4099526066350711,0.18863636363636363,0.3196969696969697,0.2813102119460501,0.46563814866760167,0.7068698805877432,0.7043424242424249,0.28,0.74
15095,severity_weighted_hierarchical,0.8280922431865828,0.5115606936416185,0.3866804336602994,0.18,0.29348484848484846,0.27253668763102723,0.565028901734104,0.6854315552474286,0.6995275757575775,0.42,0.6
15096,fixed_threshold,0.6884210526315789,0.6267605633802817,0.5012987012987012,0.11636363636363636,0.23333333333333334,0.40210526315789474,0.45774647887323944,0.6581347414631328,0.6816424242424216,0.58,0.58
15096,global_recall_constrained,0.8143459915611815,0.7927007299270074,0.33991950237833884,0.2733333333333333,0.41409090909090907,0.2974683544303797,0.3094890510948905,0.7083660787716148,0.7342633333333372,0.3,0.3
15096,hierarchical_recall_constrained,0.8514056224899599,0.6056527590847914,0.4169847328244275,0.18515151515151515,0.31757575757575757,0.2570281124497992,0.46567967698519513,0.7180951853220011,0.7163418181818179,0.28,0.5440000000000007
15096,severity_weighted_hierarchical,0.8316221765913757,0.4595808383233533,0.37751855779427357,0.1778787878787879,0.28575757575757577,0.2874743326488706,0.5883233532934131,0.6741845296655412,0.6902418181818188,0.42,0.6
15097,fixed_threshold,0.6960985626283368,0.6054519368723099,0.5023102310231023,0.11424242424242424,0.22954545454545455,0.3860369609856263,0.4648493543758967,0.6600361452049683,0.6852106060606036,0.58,0.58
15097,global_recall_constrained,0.8446808510638298,0.7712519319938176,0.335832083958021,0.2684848484848485,0.40424242424242424,0.2574468085106383,0.3106646058732612,0.7221700866080314,0.75755272727273,0.34500000000000003,0.34500000000000003
15097,hierarchical_recall_constrained,0.8724696356275303,0.6087636932707355,0.3986387943607195,0.18742424242424244,0.31166666666666665,0.23481781376518218,0.47730829420970267,0.726982123119425,0.7417881818181843,0.28,0.74
15097,severity_weighted_hierarchical,0.8218623481781376,0.49712643678160917,0.3834778174400816,0.1831818181818182,0.2971212121212121,0.2651821862348178,0.5646551724137931,0.6804768244276652,0.6972039393939415,0.42,0.6
15098,fixed_threshold,0.6514851485148515,0.5895953757225434,0.4798177083333333,0.12106060606060606,0.23272727272727273,0.46534653465346537,0.4754335260115607,0.6238162727905738,0.639256969696967,0.58,0.58
15098,global_recall_constrained,0.8003952569169961,0.8022922636103151,0.3304794520547945,0.2962121212121212,0.44242424242424244,0.3201581027667984,0.3137535816618911,0.697079833612616,0.7076545454545494,0.3,0.3
15098,hierarchical_recall_constrained,0.846307385229541,0.6088888888888889,0.41521631029338635,0.1781818181818182,0.3046969696969697,0.24550898203592814,0.4577777777777778,0.7188044880719102,0.7359160606060613,0.28,0.74
15098,severity_weighted_hierarchical,0.8412698412698413,0.4886039886039886,0.39782157676348545,0.1759090909090909,0.2921212121212121,0.2757936507936508,0.5698005698005698,0.6883879047186101,0.6889103030303029,0.42,0.6
15099,fixed_threshold,0.6563706563706564,0.616519174041298,0.4990125082290981,0.1153030303030303,0.23015151515151516,0.4305019305019305,0.4528023598820059,0.6392570812857181,0.6593536363636348,0.58,0.58
15099,global_recall_constrained,0.8295019157088123,0.7824143070044709,0.3383963263864359,0.2837878787878788,0.42893939393939395,0.2835249042145594,0.33084947839046197,0.7130307217215757,0.7219645454545495,0.5730000000000002,0.5730000000000002
15099,hierarchical_recall_constrained,0.872255489021956,0.603021978021978,0.38522427440633245,0.21181818181818182,0.34454545454545454,0.2554890219560878,0.4793956043956044,0.7178953906657176,0.7095400000000031,0.28,0.74
15099,severity_weighted_hierarchical,0.8641732283464567,0.48044692737430167,0.3938631790744467,0.18257575757575759,0.3012121212121212,0.2578740157480315,0.5963687150837989,0.6971563938040531,0.6849042424242425,0.42,0.6
15100,fixed_threshold,0.6506276150627615,0.6031518624641834,0.48412698412698413,0.11818181818181818,0.2290909090909091,0.4205020920502092,0.4699140401146132,0.6332265876601276,0.6711563636363619,0.58,0.58
15100,global_recall_constrained,0.8236472945891784,0.7859116022099447,0.3508771929824561,0.2746969696969697,0.42318181818181816,0.3066132264529058,0.324585635359116,0.7111738690436112,0.7145906060606088,0.5220000000000001,0.5220000000000001
15100,hierarchical_recall_constrained,0.8591269841269841,0.6050069541029207,0.3985307621671258,0.1984848484848485,0.33,0.251984126984127,0.4575799721835883,0.7172210077400999,0.7205921212121217,0.28,0.512800000000001
15100,severity_weighted_hierarchical,0.8580786026200873,0.4957627118644068,0.3864935064935065,0.17893939393939393,0.2916666666666667,0.259825327510917,0.5903954802259888,0.6964594170983336,0.6999469696969703,0.42,0.6
15101,fixed_threshold,0.678714859437751,0.596931659693166,0.5069490403706155,0.11287878787878788,0.22893939393939394,0.41164658634538154,0.4825662482566248,0.6488695123453608,0.6620372727272708,0.58,0.58
15101,global_recall_constrained,0.8157894736842105,0.7897810218978102,0.3522388059701492,0.263030303030303,0.40606060606060607,0.305668016194332,0.33138686131386863,0.7104774237396712,0.7218909090909117,0.3,0.3
15101,hierarchical_recall_constrained,0.8355263157894737,0.6205923836389281,0.3987372510927635,0.18757575757575756,0.31196969696969695,0.28728070175438597,0.45698166431593795,0.7069867263909339,0.7212081818181818,0.28,0.74
15101,severity_weighted_hierarchical,0.8425531914893617,0.4669603524229075,0.37857900318133614,0.17757575757575758,0.28575757575757577,0.2574468085106383,0.5903083700440529,0.6842951364403016,0.7043024242424257,0.42,0.6
15102,fixed_threshold,0.6505791505791506,0.5870786516853933,0.4886731391585761,0.11969696969696969,0.2340909090909091,0.4343629343629344,0.47752808988764045,0.628919072625956,0.6446015151515131,0.58,0.58
15102,global_recall_constrained,0.8234126984126984,0.7898550724637681,0.35203520352035206,0.2677272727272727,0.4131818181818182,0.2757936507936508,0.3101449275362319,0.7171262411334299,0.7364881818181831,0.46500000000000014,0.46500000000000014
15102,hierarchical_recall_constrained,0.8435517970401691,0.6058394160583942,0.3752881512217612,0.2053030303030303,0.3286363636363636,0.24312896405919662,0.4642335766423358,0.7078434992974093,0.7341566666666683,0.28,0.74
15102,severity_weighted_hierarchical,0.8542094455852156,0.5021834061135371,0.39553014553014554,0.1762121212121212,0.2915151515151515,0.2546201232032854,0.5662299854439592,0.6985693428254317,0.7064945454545475,0.42,0.6
15103,fixed_threshold,0.7217898832684825,0.5952380952380952,0.5022082018927445,0.11954545454545455,0.24015151515151514,0.38910505836575876,0.4733893557422969,0.6673919600364285,0.6680015151515116,0.58,0.58
15103,global_recall_constrained,0.7992125984251969,0.8005822416302766,0.360075329566855,0.25742424242424244,0.4022727272727273,0.297244094488189,0.30858806404657935,0.7088968132749698,0.7285196969696984,0.3,0.3
15103,hierarchical_recall_constrained,0.8277777777777777,0.6134185303514377,0.41446384039900247,0.1778787878787879,0.3037878787878788,0.2814814814814815,0.4744408945686901,0.7070877990853482,0.7139893939393943,0.28,0.74
15103,severity_weighted_hierarchical,0.8431372549019608,0.5247093023255814,0.38736532810969637,0.18954545454545454,0.3093939393939394,0.2725490196078431,0.5537790697674418,0.6927787115863879,0.6928503030303027,0.42,0.6
15104,fixed_threshold,0.6741996233521658,0.5862552594670407,0.5145888594164456,0.11090909090909092,0.22848484848484849,0.4030131826741996,0.47545582047685836,0.647809077068086,0.6568012121212088,0.58,0.58
15104,global_recall_constrained,0.8414634146341463,0.7774762550881954,0.36461026967122273,0.2606060606060606,0.41015151515151516,0.2682926829268293,0.3012211668928087,0.726035032034446,0.7414093939393976,0.49200000000000016,0.49200000000000016
15104,hierarchical_recall_constrained,0.8508946322067594,0.6028776978417266,0.39690721649484534,0.195,0.3233333333333333,0.2485089463220676,0.4618705035971223,0.7141897406483004,0.7261096969696982,0.28,0.74
15104,severity_weighted_hierarchical,0.8326923076923077,0.47953216374269003,0.39822082679225534,0.17424242424242425,0.28954545454545455,0.2980769230769231,0.5921052631578947,0.680468184697508,0.672916060606061,0.42,0.6
15105,fixed_threshold,0.6727642276422764,0.5991501416430595,0.4870801033591731,0.1203030303030303,0.23454545454545456,0.4268292682926829,0.48158640226628896,0.6406930718927897,0.6581103030302999,0.58,0.58
15105,global_recall_constrained,0.8297101449275363,0.7758064516129032,0.35407239819004527,0.2595454545454545,0.4018181818181818,0.26992753623188404,0.3403225806451613,0.7192454933538259,0.7302836363636397,0.3,0.3
15105,hierarchical_recall_constrained,0.8436293436293436,0.6061493411420205,0.4095283926852743,0.1859090909090909,0.3148484848484848,0.27606177606177607,0.4699853587115666,0.7111254221292054,0.7116830303030315,0.28,0.74
15105,severity_weighted_hierarchical,0.8518518518518519,0.4835007173601148,0.39651531151003166,0.1731818181818182,0.286969696969697,0.257201646090535,0.5796269727403156,0.6944232710726734,0.7008006060606068,0.42,0.6
15106,fixed_threshold,0.708984375,0.5758928571428571,0.4930966469428008,0.11681818181818182,0.23045454545454547,0.380859375,0.5,0.6588114334783806,0.6739554545454525,0.58,0.58
15106,global_recall_constrained,0.8323353293413174,0.7835195530726257,0.3497854077253219,0.27545454545454545,0.42363636363636364,0.29740518962075846,0.31145251396648044,0.7152420445241995,0.7224327272727306,0.5220000000000001,0.5220000000000001
15106,hierarchical_recall_constrained,0.8472222222222222,0.6036036036036037,0.4036027263875365,0.1856060606060606,0.3112121212121212,0.2896825396825397,0.484984984984985,0.7092856909312606,0.7083400000000009,0.28,0.74
15106,severity_weighted_hierarchical,0.8303747534516766,0.4828571428571429,0.40588235294117647,0.16833333333333333,0.2833333333333333,0.2781065088757396,0.5728571428571428,0.6848704523229411,0.6883666666666655,0.42,0.6
15107,fixed_threshold,0.6442105263157895,0.5997045790251108,0.4749833222148099,0.11924242424242425,0.2271212121212121,0.4442105263157895,0.48005908419497784,0.6251298017119038,0.6629718181818167,0.58,0.58
15107,global_recall_constrained,0.8363273453093812,0.7796373779637378,0.34582743988684583,0.2803030303030303,0.42848484848484847,0.26746506986027946,0.298465829846583,0.719116583122318,0.7383042424242467,0.47400000000000014,0.47400000000000014
15107,hierarchical_recall_constrained,0.8325991189427313,0.6014285714285714,0.3707656612529002,0.20545454545454545,0.32651515151515154,0.27973568281938327,0.47,0.6968017551854403,0.7192469696969715,0.28,0.74
15107,severity_weighted_hierarchical,0.8323471400394478,0.5100864553314121,0.3929113924050633,0.18166666666666667,0.29924242424242425,0.27613412228796846,0.569164265129683,0.6871614636399278,0.6885681818181817,0.42,0.6
15108,fixed_threshold,0.6801541425818882,0.5968882602545968,0.4952076677316294,0.11969696969696969,0.23712121212121212,0.3969171483622351,0.4837340876944837,0.6488027335812941,0.6611045454545432,0.58,0.58
15108,global_recall_constrained,0.8295687885010267,0.7836734693877551,0.33746556473829203,0.2915151515151515,0.44,0.28336755646817247,0.31700680272108844,0.7122299541609709,0.725355151515155,0.303,0.303
15108,hierarchical_recall_constrained,0.8415841584158416,0.6030640668523677,0.39759036144578314,0.19696969696969696,0.32696969696969697,0.27524752475247527,0.4735376044568245,0.7066286361293779,0.7060284848484847,0.28,0.74
15108,severity_weighted_hierarchical,0.8,0.4725274725274725,0.3614649681528662,0.18227272727272728,0.28545454545454546,0.28842105263157897,0.6138147566718996,0.6606376653182554,0.6928218181818179,0.42,0.6
15109,fixed_threshold,0.6867219917012448,0.5931445603576752,0.47866053841103084,0.1203030303030303,0.23075757575757574,0.4107883817427386,0.4903129657228018,0.6460937666102975,0.6730724242424221,0.58,0.58
15109,global_recall_constrained,0.8012048192771084,0.8017366136034733,0.34730320699708456,0.27136363636363636,0.41575757575757577,0.2931726907630522,0.3125904486251809,0.7067552182085384,0.7286339393939413,0.3,0.3
15109,hierarchical_recall_constrained,0.8049242424242424,0.6035911602209945,0.4050751879699248,0.1918181818181818,0.32242424242424245,0.2727272727272727,0.48756906077348067,0.694228135884664,0.6978496969696977,0.28,0.74
15109,severity_weighted_hierarchical,0.7962962962962963,0.46944858420268254,0.3756019261637239,0.17681818181818182,0.2831818181818182,0.28600823045267487,0.587183308494784,0.661856237779641,0.6910354545454566,0.42,0.6
15110,fixed_threshold,0.6824742268041237,0.5922619047619048,0.4700193423597679,0.12454545454545454,0.235,0.37938144329896906,0.5,0.646741071749045,0.6823463636363619,0.58,0.58
15110,global_recall_constrained,0.8543046357615894,0.7684365781710915,0.326032315978456,0.2843939393939394,0.421969696969697,0.25386313465783666,0.33185840707964603,0.7225374973526153,0.7508500000000041,0.34800000000000003,0.34800000000000003
15110,hierarchical_recall_constrained,0.8449612403100775,0.6103500761035008,0.394811320754717,0.1943939393939394,0.3212121212121212,0.29069767441860467,0.471841704718417,0.7069923739975386,0.7075333333333342,0.28,0.7135999999999967
15110,severity_weighted_hierarchical,0.8224852071005917,0.491679273827534,0.3862571577303488,0.17863636363636365,0.2910606060606061,0.29191321499013806,0.5779122541603631,0.6769932836310657,0.6867433333333333,0.42,0.6
15111,fixed_threshold,0.697265625,0.6214689265536724,0.5044303797468355,0.11863636363636364,0.23939393939393938,0.40625,0.4505649717514124,0.6603681539027911,0.6678303030303002,0.58,0.58
15111,global_recall_constrained,0.8304431599229287,0.7767441860465116,0.33903237540923975,0.2753030303030303,0.4165151515151515,0.2832369942196532,0.32558139534883723,0.713546854695907,0.7291081818181838,0.3,0.3
15111,hierarchical_recall_constrained,0.8222222222222222,0.6003062787136294,0.3783143939393939,0.19893939393939394,0.32,0.2828282828282828,0.45329249617151607,0.6940056352189583,0.7208230303030325,0.28,0.28
15111,severity_weighted_hierarchical,0.8252427184466019,0.4709480122324159,0.38397066526977475,0.1781818181818182,0.28924242424242425,0.287378640776699,0.581039755351682,0.6746882081330836,0.6875869696969698,0.42,0.6
15112,fixed_threshold,0.6743697478991597,0.6187766714082503,0.48152866242038217,0.12333333333333334,0.23787878787878788,0.41386554621848737,0.4822190611664296,0.6454311095298219,0.6696393939393913,0.58,0.58
15112,global_recall_constrained,0.8174273858921162,0.7925696594427245,0.3399624765478424,0.26651515151515154,0.4037878787878788,0.2946058091286307,0.29876160990712075,0.7108008578443651,0.7417712121212153,0.6900000000000003,0.6900000000000003
15112,hierarchical_recall_constrained,0.8445807770961146,0.6012084592145015,0.38417811463761253,0.19696969696969696,0.3198484848484848,0.261758691206544,0.459214501510574,0.7072357514337944,0.7292190909090934,0.28,0.43519999999999925
15112,severity_weighted_hierarchical,0.8079847908745247,0.49022556390977445,0.38791322314049587,0.17954545454545454,0.29333333333333333,0.27756653992395436,0.5699248120300752,0.6730958634212404,0.6894387878787879,0.42,0.6
15113,fixed_threshold,0.6823770491803278,0.593841642228739,0.49331550802139035,0.11484848484848485,0.22666666666666666,0.4098360655737705,0.4809384164222874,0.6476139291945806,0.6727660606060593,0.58,0.58
15113,global_recall_constrained,0.82421875,0.7877906976744186,0.34701223902087835,0.27484848484848484,0.4209090909090909,0.26953125,0.32122093023255816,0.7162955906429177,0.7333193939393969,0.4530000000000001,0.4530000000000001
15113,hierarchical_recall_constrained,0.8403361344537815,0.6077844311377245,0.3752327746741155,0.20333333333333334,0.32545454545454544,0.28361344537815125,0.47155688622754494,0.7014670129812204,0.7175042424242442,0.28,0.74
15113,severity_weighted_hierarchical,0.8454935622317596,0.4332344213649852,0.37221920781334783,0.1753030303030303,0.27924242424242424,0.27467811158798283,0.6216617210682492,0.6762433947298556,0.6923027272727287,0.42,0.6
15114,fixed_threshold,0.7103594080338267,0.5957446808510638,0.4954128440366973,0.11666666666666667,0.2312121212121212,0.3678646934460888,0.4808510638297872,0.6651428037301413,0.69197515151515,0.58,0.58
15114,global_recall_constrained,0.8253968253968254,0.7846385542168675,0.33203401842664776,0.2856060606060606,0.42757575757575755,0.2896825396825397,0.3147590361445783,0.7096908300377471,0.7281654545454606,0.35400000000000004,0.35400000000000004
15114,hierarchical_recall_constrained,0.8413654618473896,0.5997045790251108,0.3880526810912512,0.1971212121212121,0.32212121212121214,0.22690763052208834,0.49039881831610044,0.7111598242104381,0.7326115151515175,0.28,0.6079999999999999
15114,severity_weighted_hierarchical,0.8342967244701349,0.47291361639824303,0.40084835630965004,0.1712121212121212,0.28575757575757577,0.28901734104046245,0.6076134699853587,0.6819709954581624,0.6744842424242418,0.42,0.6
15115,fixed_threshold,0.6535269709543569,0.593974175035868,0.49931506849315066,0.11075757575757576,0.22121212121212122,0.42946058091286304,0.49067431850789095,0.6348011604283932,0.6622060606060577,0.58,0.58
15115,global_recall_constrained,0.837953091684435,0.7786032689450223,0.31962356221680027,0.2957575757575758,0.4346969696969697,0.27292110874200426,0.3135215453194651,0.7127697307237764,0.7416718181818236,0.5790000000000002,0.5790000000000002
15115,hierarchical_recall_constrained,0.847457627118644,0.6051437216338881,0.4,0.19318181818181818,0.32196969696969696,0.2824858757062147,0.4795763993948563,0.7091790799608693,0.7052196969696983,0.28,0.74
15115,severity_weighted_hierarchical,0.804,0.4657142857142857,0.38498149127445797,0.1762121212121212,0.2865151515151515,0.308,0.5857142857142857,0.6627601554870302,0.6716554545454543,0.42,0.6
15116,fixed_threshold,0.7112403100775194,0.5900439238653001,0.5019556714471969,0.11575757575757575,0.23242424242424242,0.38953488372093026,0.47584187408491946,0.6625911449464741,0.6726854545454514,0.58,0.58
15116,global_recall_constrained,0.8214285714285714,0.7891472868217054,0.3487020534676482,0.2546969696969697,0.39106060606060605,0.2857142857142857,0.31627906976744186,0.7158466323905229,0.7457675757575782,0.38100000000000006,0.38100000000000006
15116,hierarchical_recall_constrained,0.8487903225806451,0.6104651162790697,0.4027777777777778,0.18893939393939393,0.31636363636363635,0.2721774193548387,0.4316860465116279,0.7130667284245303,0.7270557575757581,0.28,0.74
15116,severity_weighted_hierarchical,0.8245614035087719,0.4957983193277311,0.39064856711915535,0.18363636363636363,0.3013636363636364,0.2962962962962963,0.572829131652661,0.6780541845037201,0.6721445454545456,0.42,0.6
15117,fixed_threshold,0.654690618762475,0.5743740795287187,0.4714379514116875,0.12196969696969696,0.23075757575757574,0.437125748502994,0.48600883652430044,0.6248596856192467,0.653284545454543,0.58,0.58
15117,global_recall_constrained,0.8252032520325203,0.7864823348694316,0.342026825633383,0.2675757575757576,0.4066666666666667,0.2886178861788618,0.3102918586789555,0.7138568182167156,0.7382460606060645,0.38100000000000006,0.38100000000000006
15117,hierarchical_recall_constrained,0.8658536585365854,0.6036866359447005,0.37261146496815284,0.20893939393939395,0.333030303030303,0.21747967479674796,0.47465437788018433,0.7191030105353127,0.7439133333333348,0.28,0.74
15117,severity_weighted_hierarchical,0.8,0.5140324963072378,0.3764219234746639,0.18272727272727274,0.29303030303030303,0.3094736842105263,0.5494830132939439,0.6674997685745028,0.6904430303030309,0.42,0.6
15118,fixed_threshold,0.6770833333333334,0.6134699853587116,0.496,0.11454545454545455,0.22727272727272727,0.4270833333333333,0.4802342606149341,0.6470808094857802,0.6682727272727246,0.58,0.58
15118,global_recall_constrained,0.8285714285714286,0.7852852852852853,0.3346541786743516,0.27984848484848485,0.4206060606060606,0.2673469387755102,0.3228228228228228,0.7153142017574294,0.7408690909090955,0.6630000000000003,0.6630000000000003
15118,hierarchical_recall_constrained,0.8359375,0.60431654676259,0.4049665711556829,0.18878787878787878,0.31727272727272726,0.2734375,0.4892086330935252,0.70701083434763,0.7068915151515159,0.28,0.74
15118,severity_weighted_hierarchical,0.8455445544554455,0.4700854700854701,0.39141675284384697,0.17833333333333334,0.29303030303030303,0.2514851485148515,0.584045584045584,0.6888519660604991,0.6956854545454552,0.42,0.6
15119,fixed_threshold,0.7068965517241379,0.5835777126099707,0.4983755685510071,0.11696969696969697,0.23318181818181818,0.3716475095785441,0.48826979472140764,0.6614756849502512,0.6758869696969668,0.58,0.58
15119,global_recall_constrained,0.8303747534516766,0.7801418439716312,0.3448153409090909,0.27954545454545454,0.4266666666666667,0.26627218934911245,0.3262411347517731,0.7169223267866885,0.7317539393939434,0.3,0.3
15119,hierarchical_recall_constrained,0.8504854368932039,0.6051873198847262,0.3838926174496644,0.20863636363636365,0.3386363636363636,0.2737864077669903,0.4956772334293948,0.7071842504047363,0.700259090909091,0.28,0.74
15119,severity_weighted_hierarchical,0.8255159474671669,0.4804630969609262,0.39630390143737165,0.1781818181818182,0.29515151515151516,0.2870544090056285,0.5745296671490593,0.6785289252272068,0.6767769696969688,0.42,0.6
15120,fixed_threshold,0.7470817120622568,0.5787037037037037,0.4906270200387847,0.1193939393939394,0.2343939393939394,0.33073929961089493,0.4984567901234568,0.680868900024977,0.7008396969696951,0.58,0.58
15120,global_recall_constrained,0.8368200836820083,0.7774566473988439,0.33680430879712747,0.27984848484848485,0.421969696969697,0.3054393305439331,0.34104046242774566,0.7122155949541669,0.7195772727272762,0.4170000000000001,0.4170000000000001
15120,hierarchical_recall_constrained,0.8599221789883269,0.600297176820208,0.39348837209302323,0.19757575757575757,0.32575757575757575,0.2587548638132296,0.4739970282317979,0.7150457311149089,0.7190151515151529,0.28,0.6079999999999999
15120,severity_weighted_hierarchical,0.8379446640316206,0.4670846394984326,0.37506493506493505,0.18227272727272728,0.2916666666666667,0.2826086956521739,0.5971786833855799,0.6778255456687242,0.6909166666666676,0.42,0.6
15121,fixed_threshold,0.6587982832618026,0.5841726618705037,0.4804582210242588,0.11681818181818182,0.22484848484848485,0.40987124463519314,0.48201438848920863,0.6341435517381843,0.6780339393939376,0.58,0.58
15121,global_recall_constrained,0.8282828282828283,0.7857142857142857,0.3691460055096419,0.2428787878787879,0.385,0.27474747474747474,0.32142857142857145,0.7241949626131445,0.7438524242424268,0.47700000000000015,0.47700000000000015
15121,hierarchical_recall_constrained,0.8720173535791758,0.6015037593984962,0.3996013951170902,0.18257575757575759,0.3040909090909091,0.2472885032537961,0.48721804511278194,0.7244843599775118,0.7377730303030311,0.28,0.40399999999999864
15121,severity_weighted_hierarchical,0.8159509202453987,0.49372384937238495,0.39198334200937013,0.17696969696969697,0.2910606060606061,0.2903885480572597,0.5550906555090656,0.6760772353423081,0.6867130303030293,0.42,0.6
15122,fixed_threshold,0.7077534791252486,0.5937921727395412,0.5261070720423001,0.10863636363636364,0.22924242424242425,0.38966202783300197,0.4844804318488529,0.666572066737001,0.6663360606060572,0.58,0.58
15122,global_recall_constrained,0.8326530612244898,0.7810320781032078,0.33657858136300417,0.28909090909090907,0.43575757575757573,0.2938775510204082,0.3110181311018131,0.7116658053326878,0.7240812121212161,0.324,0.324
15122,hierarchical_recall_constrained,0.8785425101214575,0.5997286295793759,0.3945945945945946,0.20363636363636364,0.33636363636363636,0.242914979757085,0.4830393487109905,0.7240588317056502,0.7160181818181842,0.28,0.6367999999999996
15122,severity_weighted_hierarchical,0.8099173553719008,0.47375690607734805,0.3699043784599899,0.1896969696969697,0.3010606060606061,0.26859504132231404,0.5994475138121547,0.6680609436475211,0.6818457575757579,0.42,0.6
15123,fixed_threshold,0.6985446985446986,0.6100443131462334,0.4911475409836066,0.11757575757575757,0.23106060606060605,0.38253638253638256,0.46824224519940916,0.660145277877394,0.6907045454545437,0.58,0.58
15123,global_recall_constrained,0.8481012658227848,0.7731673582295989,0.3458078445483987,0.27545454545454545,0.4210606060606061,0.27637130801687765,0.31258644536652835,0.7219933573612772,0.7377415151515182,0.4890000000000001,0.4890000000000001
15123,hierarchical_recall_constrained,0.8544423440453687,0.6065573770491803,0.38485663082437277,0.20803030303030304,0.3381818181818182,0.28166351606805295,0.47093889716840537,0.7081377978057359,0.7032957575757572,0.28,0.74
15123,severity_weighted_hierarchical,0.8208661417322834,0.4610027855153203,0.3906005221932115,0.17681818181818182,0.29015151515151516,0.2933070866141732,0.6072423398328691,0.6715418676924187,0.6665742424242417,0.42,0.6
15124,fixed_threshold,0.6737864077669903,0.6061946902654868,0.5107816711590296,0.11,0.22484848484848485,0.40388349514563104,0.47935103244837757,0.6506109854196401,0.6675793939393914,0.58,0.58
15124,global_recall_constrained,0.8178053830227743,0.7910447761194029,0.3598233995584989,0.2636363636363636,0.4118181818181818,0.2898550724637681,0.31343283582089554,0.7148658830586708,0.7302345454545496,0.3,0.3
15124,hierarchical_recall_constrained,0.8702928870292888,0.6106194690265486,0.3851508120649652,0.20075757575757575,0.32651515151515154,0.2510460251046025,0.4557522123893805,0.7204154365613353,0.7338227272727301,0.28,0.74
15124,severity_weighted_hierarchical,0.8304761904761905,0.45272206303724927,0.38289205702647655,0.18363636363636363,0.29757575757575755,0.2838095238095238,0.6017191977077364,0.6731734796917204,0.6709248484848481,0.42,0.6
15125,fixed_threshold,0.6686746987951807,0.6220028208744711,0.523680649526387,0.10666666666666667,0.22393939393939394,0.41967871485943775,0.44992947813822287,0.6516642711193777,0.6695315151515112,0.58,0.58
15125,global_recall_constrained,0.8309278350515464,0.779891304347826,0.35308998915793277,0.27121212121212124,0.41924242424242425,0.2865979381443299,0.3138586956521739,0.7165768011828357,0.7295245454545486,0.5399999999999998,0.5399999999999998
15125,hierarchical_recall_constrained,0.844311377245509,0.6103703703703703,0.4014423076923077,0.18863636363636363,0.3151515151515151,0.2694610778443114,0.4696296296296296,0.7114610722610722,0.7198606060606073,0.28,0.6943999999999974
15125,severity_weighted_hierarchical,0.8286334056399133,0.47360912981455067,0.36861125451729476,0.1853030303030303,0.29348484848484846,0.279826464208243,0.5920114122681883,0.674268737719834,0.6906487878787887,0.42,0.6
15126,fixed_threshold,0.6877470355731226,0.5641025641025641,0.47688243064729197,0.12,0.2293939393939394,0.40118577075098816,0.5128205128205128,0.642372456766139,0.6646066666666647,0.58,0.58
15126,global_recall_constrained,0.8596837944664032,0.7584745762711864,0.34913793103448276,0.27454545454545454,0.4218181818181818,0.22134387351778656,0.3361581920903955,0.7323274136429474,0.750821818181822,0.3,0.3
15126,hierarchical_recall_constrained,0.8501070663811563,0.6047197640117994,0.3896668276195075,0.19151515151515153,0.3137878787878788,0.24197002141327623,0.46755162241887904,0.7143814553140307,0.7393039393939415,0.28,0.74
15126,severity_weighted_hierarchical,0.8115079365079365,0.46956521739130436,0.387216059165346,0.17575757575757575,0.2868181818181818,0.3134920634920635,0.5840579710144927,0.6660996852202669,0.6706512121212111,0.42,0.6
15127,fixed_threshold,0.720558882235529,0.6216596343178622,0.5028177833437696,0.1203030303030303,0.24196969696969697,0.3712574850299401,0.45569620253164556,0.6741607208658746,0.6856427272727241,0.58,0.58
15127,global_recall_constrained,0.8142292490118577,0.7940761636107193,0.32521681120747165,0.3065151515151515,0.4542424242424242,0.2865612648221344,0.31734837799717913,0.7037597035909511,0.7187012121212163,0.4470000000000001,0.4470000000000001
15127,hierarchical_recall_constrained,0.8275862068965517,0.6053748231966054,0.38851674641148326,0.19363636363636363,0.31666666666666665,0.26939655172413796,0.4611032531824611,0.701212749482104,0.7246575757575774,0.28,0.7311999999999972
15127,severity_weighted_hierarchical,0.8605577689243028,0.47470238095238093,0.3899273104880582,0.17803030303030304,0.2918181818181818,0.250996015936255,0.5877976190476191,0.6955548272245269,0.7021266666666669,0.42,0.6
15128,fixed_threshold,0.6758474576271186,0.5941176470588235,0.4885135135135135,0.1146969696969697,0.22424242424242424,0.4004237288135593,0.4823529411764706,0.6456193632860632,0.6828303030303009,0.58,0.58
15128,global_recall_constrained,0.8471074380165289,0.7738619676945668,0.3325053229240596,0.285,0.42696969696969694,0.25206611570247933,0.33186490455212925,0.721849724861136,0.7439315151515205,0.5220000000000001,0.5220000000000001
15128,hierarchical_recall_constrained,0.8290258449304175,0.6024096385542169,0.39814814814814814,0.18712121212121213,0.3109090909090909,0.2922465208747515,0.4819277108433735,0.7003787182386192,0.7082230303030308,0.28,0.4024000000000007
15128,severity_weighted_hierarchical,0.8366533864541833,0.4847682119205298,0.4012251148545176,0.17772727272727273,0.2968181818181818,0.28884462151394424,0.5854304635761589,0.6843501313648666,0.6677536363636366,0.42,0.6
15129,fixed_threshold,0.6833333333333333,0.6044117647058823,0.5,0.11818181818181818,0.23636363636363636,0.42592592592592593,0.4647058823529412,0.6483160031689444,0.649054545454543,0.58,0.58
15129,global_recall_constrained,0.8407079646017699,0.7672281776416539,0.3649962602842184,0.25727272727272726,0.40515151515151515,0.26017699115044246,0.3231240428790199,0.7254861534278914,0.7325096969696994,0.3,0.3
15129,hierarchical_recall_constrained,0.8420038535645472,0.6115007012622721,0.40832553788587467,0.19166666666666668,0.3239393939393939,0.26204238921001927,0.45021037868162694,0.7125178192253651,0.7167678787878786,0.28,0.74
15129,severity_weighted_hierarchical,0.85,0.5243161094224924,0.39807789580171976,0.1803030303030303,0.29954545454545456,0.24615384615384617,0.5303951367781155,0.7019714609264217,0.71647303030303,0.42,0.6
15130,fixed_threshold,0.7098646034816247,0.6144756277695717,0.5087719298245614,0.11454545454545455,0.23318181818181818,0.379110251450677,0.4815361890694239,0.6691340734145533,0.6770990909090889,0.58,0.58
15130,global_recall_constrained,0.838074398249453,0.7805907172995781,0.3245674740484429,0.2957575757575758,0.43787878787878787,0.26695842450765866,0.3037974683544304,0.7148017957394748,0.7452636363636409,0.5760000000000002,0.5760000000000002
15130,hierarchical_recall_constrained,0.8549019607843137,0.6015873015873016,0.38316878232252,0.1987878787878788,0.32227272727272727,0.26862745098039215,0.45714285714285713,0.7100911151792427,0.7264578787878815,0.28,0.74
15130,severity_weighted_hierarchical,0.8571428571428571,0.4591549295774648,0.38031088082901554,0.1812121212121212,0.2924242424242424,0.25630252100840334,0.6028169014084507,0.6887269636270981,0.6931181818181836,0.42,0.6
15131,fixed_threshold,0.6788461538461539,0.5985507246376811,0.5019659239842726,0.11515151515151516,0.2312121212121212,0.4230769230769231,0.4811594202898551,0.6465431887617767,0.6530054545454522,0.58,0.58
15131,global_recall_constrained,0.8336633663366336,0.7779390420899854,0.3408119658119658,0.28045454545454546,0.4254545454545455,0.2633663366336634,0.3062409288824383,0.717498456057507,0.7403163636363662,0.3,0.3
15131,hierarchical_recall_constrained,0.8304431599229287,0.6051051051051051,0.38082191780821917,0.20545454545454545,0.33181818181818185,0.27552986512524086,0.46846846846846846,0.6987989631653263,0.7108090909090915,0.28,0.6799999999999976
15131,severity_weighted_hierarchical,0.8544698544698545,0.47270114942528735,0.389268805891636,0.1759090909090909,0.288030303030303,0.25571725571725573,0.5919540229885057,0.6922476509176485,0.6991493939393946,0.42,0.6
15132,fixed_threshold,0.6500994035785288,0.5851393188854489,0.4737903225806452,0.11863636363636364,0.22545454545454546,0.4234592445328032,0.4984520123839009,0.6276506325727395,0.6623890909090887,0.58,0.58
15132,global_recall_constrained,0.82,0.7917847025495751,0.32155232155232155,0.2966666666666667,0.43727272727272726,0.2911111111111111,0.3101983002832861,0.7056140623517395,0.7358175757575801,0.4200000000000001,0.4200000000000001
15132,hierarchical_recall_constrained,0.8340909090909091,0.6034985422740525,0.35908045977011493,0.2112121212121212,0.32954545454545453,0.26590909090909093,0.45918367346938777,0.6971462475361843,0.7322348484848504,0.28,0.5263999999999999
15132,severity_weighted_hierarchical,0.8386491557223265,0.4879089615931721,0.4101765316718588,0.17212121212121212,0.2918181818181818,0.27392120075046905,0.5789473684210527,0.6899080068835879,0.6807630303030295,0.42,0.6
15133,fixed_threshold,0.6761710794297352,0.5821917808219178,0.4840153452685422,0.12227272727272727,0.23696969696969697,0.4154786150712831,0.5,0.6398656741800992,0.6540460606060582,0.58,0.58
15133,global_recall_constrained,0.8277227722772277,0.7796610169491526,0.36005939123979214,0.26121212121212123,0.4081818181818182,0.30495049504950494,0.3192090395480226,0.7149990707077201,0.7198612121212156,0.3,0.3
15133,hierarchical_recall_constrained,0.8285163776493256,0.6008462623413258,0.4196078431372549,0.17939393939393938,0.3090909090909091,0.28901734104046245,0.47249647390691113,0.7047064327101922,0.7016121212121217,0.28,0.4951999999999987
15133,severity_weighted_hierarchical,0.8271119842829077,0.4692982456140351,0.3907319641916798,0.1753030303030303,0.2877272727272727,0.26719056974459726,0.5994152046783626,0.679392548793751,0.6881839393939398,0.42,0.6
15134,fixed_threshold,0.6862745098039216,0.5840579710144927,0.4937704918032787,0.11696969696969697,0.23106060606060605,0.40588235294117647,0.5057971014492754,0.6477836243445736,0.6582803030303005,0.58,0.58
15134,global_recall_constrained,0.8271334792122538,0.7857142857142857,0.3463666543710808,0.2684848484848485,0.41075757575757577,0.2735229759299781,0.3291316526610644,0.7171892293644672,0.7414615151515193,0.4949999999999998,0.4949999999999998
15134,hierarchical_recall_constrained,0.8248337028824834,0.6068376068376068,0.382183908045977,0.19545454545454546,0.31636363636363635,0.2749445676274945,0.49002849002849,0.6983668907487244,0.7186618181818191,0.28,0.74
15134,severity_weighted_hierarchical,0.8313953488372093,0.46808510638297873,0.39800734137388566,0.17393939393939395,0.28893939393939394,0.29069767441860467,0.5801418439716312,0.6789242316123096,0.6760760606060604,0.42,0.6
15135,fixed_threshold,0.6831275720164609,0.594017094017094,0.5030221625251847,0.11212121212121212,0.22560606060606062,0.41358024691358025,0.4658119658119658,0.6493018717112442,0.6727809090909066,0.58,0.58
15135,global_recall_constrained,0.851145038167939,0.766016713091922,0.3487394957983193,0.2818181818181818,0.43272727272727274,0.25190839694656486,0.3231197771587744,0.7250539855607517,0.7332145454545482,0.315,0.315
15135,hierarchical_recall_constrained,0.8484848484848485,0.6040372670807453,0.3675889328063241,0.21818181818181817,0.345,0.24431818181818182,0.4673913043478261,0.7065485130811218,0.7248063636363645,0.28,0.74
15135,severity_weighted_hierarchical,0.7930327868852459,0.4949053857350801,0.37016293279022405,0.18742424242424244,0.29757575757575755,0.3012295081967213,0.5735080058224163,0.6608591131943986,0.6814400000000003,0.42,0.6
15136,fixed_threshold,0.6680584551148225,0.6102418207681366,0.484789644012945,0.1206060606060606,0.2340909090909091,0.4279749478079332,0.46088193456614507,0.640244032860427,0.6684196969696943,0.58,0.58
15136,global_recall_constrained,0.8174273858921162,0.791907514450867,0.34824399260628464,0.26712121212121215,0.40984848484848485,0.2863070539419087,0.3208092485549133,0.7130958127685955,0.7346560606060643,0.342,0.342
15136,hierarchical_recall_constrained,0.826530612244898,0.605121293800539,0.38695061169007705,0.205,0.3343939393939394,0.3040816326530612,0.48921832884097033,0.69427474708104,0.6868639393939406,0.28,0.7327999999999959
15136,severity_weighted_hierarchical,0.8333333333333334,0.48484848484848486,0.3797729618163055,0.18212121212121213,0.29363636363636364,0.2791666666666667,0.5901875901875901,0.6804318557087907,0.6889193939393944,0.42,0.6
15137,fixed_threshold,0.6797520661157025,0.6002728512960437,0.4907466496490108,0.12090909090909091,0.23742424242424243,0.40289256198347106,0.46521145975443384,0.6475553540366337,0.6712215151515124,0.58,0.58
15137,global_recall_constrained,0.8210116731517509,0.7858220211161387,0.3562523611635814,0.2581818181818182,0.40106060606060606,0.2704280155642023,0.3152337858220211,0.7180112704869719,0.7403851515151544,0.3,0.3
15137,hierarchical_recall_constrained,0.8365591397849462,0.6090651558073654,0.40147058823529413,0.185,0.3090909090909091,0.2645161290322581,0.4702549575070821,0.7092584200124352,0.726127272727273,0.28,0.74
15137,severity_weighted_hierarchical,0.8294243070362474,0.49554896142433236,0.3878755364806867,0.17287878787878788,0.2824242424242424,0.2857142857142857,0.5741839762611276,0.6822831671623341,0.69892484848485,0.42,0.6
15138,fixed_threshold,0.6944444444444444,0.597953216374269,0.48037974683544304,0.12439393939393939,0.23939393939393938,0.3888888888888889,0.47514619883040937,0.6528983990471,0.6754060606060596,0.58,0.58
15138,global_recall_constrained,0.8249496981891348,0.7827926657263752,0.35793768545994065,0.26227272727272727,0.4084848484848485,0.289738430583501,0.3229901269393512,0.7161164812255745,0.7276448484848511,0.3,0.3
15138,hierarchical_recall_constrained,0.8461538461538461,0.6083086053412463,0.3904761904761905,0.20363636363636364,0.3340909090909091,0.24953095684803,0.4540059347181009,0.7110625803040656,0.7224136363636372,0.28,0.74
15138,severity_weighted_hierarchical,0.8502994011976048,0.4590690208667737,0.36105476673427994,0.19090909090909092,0.29878787878787877,0.281437125748503,0.6131621187800963,0.6782106583986647,0.6905442424242437,0.42,0.6
15139,fixed_threshold,0.687007874015748,0.6300148588410104,0.5058900523560209,0.1143939393939394,0.2315151515151515,0.4035433070866142,0.462109955423477,0.6589248968552458,0.6744254545454527,0.58,0.58
15139,global_recall_constrained,0.8362235067437379,0.7763347763347763,0.34394904458598724,0.2809090909090909,0.42818181818181816,0.2581888246628131,0.3347763347763348,0.7194059832096281,0.7316418181818213,0.303,0.303
15139,hierarchical_recall_constrained,0.8473282442748091,0.6038291605301914,0.3760457948040511,0.2146969696969697,0.3440909090909091,0.25190839694656486,0.4653902798232695,0.7067570618378509,0.7173342424242444,0.28,0.5967999999999987
15139,severity_weighted_hierarchical,0.8367768595041323,0.494949494949495,0.3830005120327701,0.18257575757575759,0.2959090909090909,0.29132231404958675,0.5714285714285714,0.6823875199417723,0.6871603030303038,0.42,0.6
15140,fixed_threshold,0.6653061224489796,0.5882352941176471,0.47167325428194995,0.12151515151515152,0.23,0.42857142857142855,0.49019607843137253,0.6328907044240621,0.663386060606059,0.58,0.58
15140,global_recall_constrained,0.8263598326359832,0.7847730600292826,0.32427725531173807,0.29393939393939394,0.435,0.2489539748953975,0.30307467057101023,0.7135611609514594,0.75166757575758,0.42900000000000005,0.42900000000000005
15140,hierarchical_recall_constrained,0.8376237623762376,0.6109375,0.393807450411224,0.18984848484848485,0.3131818181818182,0.299009900990099,0.4578125,0.7033842426958589,0.7138275757575763,0.28,0.74
15140,severity_weighted_hierarchical,0.8249027237354085,0.4434654919236417,0.38250790305584825,0.17757575757575758,0.2875757575757576,0.26848249027237353,0.6196769456681351,0.6720895029821314,0.6815496969696972,0.42,0.6
15141,fixed_threshold,0.690677966101695,0.6084507042253521,0.4880875724404379,0.12045454545454545,0.2353030303030303,0.4004237288135593,0.4676056338028169,0.6533724573032677,0.6800693939393924,0.58,0.58
15141,global_recall_constrained,0.8198019801980198,0.7905027932960894,0.3481349911190053,0.278030303030303,0.4265151515151515,0.2851485148514851,0.31564245810055863,0.7126284650087006,0.7253318181818207,0.6420000000000002,0.6420000000000002
15141,hierarchical_recall_constrained,0.8376237623762376,0.6073529411764705,0.40780487804878046,0.18393939393939393,0.3106060606060606,0.23564356435643563,0.47941176470588237,0.7145589885674364,0.7321363636363649,0.28,0.74
15141,severity_weighted_hierarchical,0.8297455968688845,0.4583333333333333,0.38204592901878914,0.17939393939393938,0.2903030303030303,0.2583170254403131,0.6145833333333334,0.6778339311016435,0.689875151515152,0.42,0.6
15142,fixed_threshold,0.6987951807228916,0.5985915492957746,0.5052287581699346,0.1146969696969697,0.2318181818181818,0.3755020080321285,0.49014084507042255,0.6617672349814513,0.6772696969696953,0.58,0.58
15142,global_recall_constrained,0.8402366863905325,0.7700453857791225,0.3350053744177714,0.2812121212121212,0.42287878787878785,0.2583826429980276,0.3313161875945537,0.71838467933812,0.7391100000000029,0.3,0.3
15142,hierarchical_recall_constrained,0.8466257668711656,0.603399433427762,0.39087947882736157,0.19833333333333333,0.3256060606060606,0.26380368098159507,0.4546742209631728,0.7090704060404179,0.7217748484848504,0.28,0.74
15142,severity_weighted_hierarchical,0.8185404339250493,0.47153284671532847,0.39528655597214785,0.17106060606060605,0.2828787878787879,0.28994082840236685,0.5883211678832116,0.6744189462307184,0.6816457575757573,0.42,0.6
15143,fixed_threshold,0.6325301204819277,0.5939643347050755,0.4924292297564187,0.11681818181818182,0.23015151515151516,0.4497991967871486,0.4718792866941015,0.621724235832329,0.6446869696969674,0.58,0.58
15143,global_recall_constrained,0.8207171314741036,0.7877862595419848,0.33001422475106684,0.28545454545454546,0.4260606060606061,0.2848605577689243,0.2916030534351145,0.7087556317251746,0.7374896969697007,0.34500000000000003,0.34500000000000003
15143,hierarchical_recall_constrained,0.8322851153039832,0.6034985422740525,0.39638318670576733,0.18712121212121213,0.31,0.26834381551362685,0.46355685131195334,0.7049424139773923,0.7262357575757592,0.28,0.74
15143,severity_weighted_hierarchical,0.8273092369477911,0.45440251572327045,0.3670157068062827,0.1831818181818182,0.28939393939393937,0.2791164658634538,0.5927672955974843,0.6703805372956086,0.6958575757575765,0.42,0.6
15144,fixed_threshold,0.6563786008230452,0.62555720653789,0.4900662251655629,0.11666666666666667,0.2287878787878788,0.4403292181069959,0.45468053491827637,0.637916242997549,0.6676454545454534,0.58,0.58
15144,global_recall_constrained,0.8387096774193549,0.778236914600551,0.343772498200144,0.2762121212121212,0.4209090909090909,0.25591397849462366,0.2975206611570248,0.7215967037731623,0.7521375757575799,0.3,0.3
15144,hierarchical_recall_constrained,0.8562231759656652,0.6055944055944056,0.37043633125556547,0.21424242424242423,0.34030303030303033,0.2553648068669528,0.4755244755244755,0.7093059125236854,0.7205690909090927,0.28,0.74
15144,severity_weighted_hierarchical,0.8313725490196079,0.4788135593220339,0.39269171384457024,0.1787878787878788,0.2943939393939394,0.25882352941176473,0.5903954802259888,0.683876294928748,0.6881209090909091,0.42,0.6
15145,fixed_threshold,0.6603375527426161,0.5958904109589042,0.49340369393139843,0.11636363636363636,0.2296969696969697,0.40717299578059074,0.4958904109589041,0.6393720303257538,0.6664206060606039,0.58,0.58
15145,global_recall_constrained,0.8395522388059702,0.7735849056603774,0.3433461404121551,0.28484848484848485,0.4337878787878788,0.2593283582089552,0.3309143686502177,0.7195137726761289,0.7276845454545499,0.5070000000000001,0.5070000000000001
15145,hierarchical_recall_constrained,0.847870182555781,0.6097922848664689,0.4097874443895205,0.1809090909090909,0.3065151515151515,0.26774847870182555,0.45845697329376855,0.7152827974732536,0.7271633333333336,0.28,0.74
15145,severity_weighted_hierarchical,0.858252427184466,0.47518796992481205,0.3807132094424912,0.18681818181818183,0.3016666666666667,0.2621359223300971,0.6015037593984962,0.6906317080266559,0.6902312121212135,0.42,0.6
15146,fixed_threshold,0.6730769230769231,0.5818181818181818,0.48830995323981297,0.11606060606060606,0.2268181818181818,0.43803418803418803,0.5020979020979021,0.636835575424353,0.656703333333332,0.58,0.58
15146,global_recall_constrained,0.8403193612774451,0.776183644189383,0.3493100944081336,0.27151515151515154,0.4172727272727273,0.27345309381237526,0.30416068866571017,0.7208651642548177,0.7382187878787924,0.4320000000000001,0.4320000000000001
15146,hierarchical_recall_constrained,0.8690476190476191,0.6026986506746627,0.4046242774566474,0.18727272727272729,0.3145454545454546,0.25595238095238093,0.49025487256371814,0.72253862852749,0.7219600000000009,0.28,0.74
15146,severity_weighted_hierarchical,0.8391752577319588,0.4807692307692308,0.3687657430730479,0.18984848484848485,0.3007575757575758,0.2618556701030928,0.5828402366863905,0.6817694715266817,0.699092424242425,0.42,0.6
15147,fixed_threshold,0.6908752327746741,0.5845697329376854,0.4932301740812379,0.1190909090909091,0.235,0.4227188081936685,0.48516320474777447,0.6470179306536283,0.6476190909090885,0.58,0.58
15147,global_recall_constrained,0.8264462809917356,0.7844827586206896,0.3346303501945525,0.285,0.42833333333333334,0.2706611570247934,0.3204022988505747,0.7132337029960756,0.7368215151515181,0.3,0.3
15147,hierarchical_recall_constrained,0.8428835489833642,0.6081871345029239,0.4012885411872987,0.1971212121212121,0.3292424242424242,0.27726432532347506,0.48099415204678364,0.7083617193940077,0.6999663636363646,0.28,0.74
15147,severity_weighted_hierarchical,0.8533333333333334,0.4715909090909091,0.38863976083707025,0.1859090909090909,0.3040909090909091,0.25523809523809526,0.5923295454545454,0.690359634461204,0.6851063636363627,0.42,0.6
15148,fixed_threshold,0.6896551724137931,0.5762962962962963,0.4950429610046266,0.11575757575757575,0.22924242424242425,0.3831417624521073,0.49037037037037035,0.6512715202253868,0.6714572727272704,0.58,0.58
15148,global_recall_constrained,0.8071570576540755,0.8002980625931445,0.3401875901875902,0.2771212121212121,0.42,0.2882703777335984,0.31594634873323396,0.7077340904211614,0.7297866666666695,0.5970000000000002,0.5970000000000002
15148,hierarchical_recall_constrained,0.8481781376518218,0.6026587887740029,0.3873536299765808,0.19818181818181818,0.3234848484848485,0.24898785425101214,0.4711964549483013,0.7110863000593424,0.7280166666666673,0.28,0.74
15148,severity_weighted_hierarchical,0.8135593220338984,0.4744318181818182,0.3839572192513369,0.17454545454545456,0.2833333333333333,0.3050847457627119,0.5767045454545454,0.6685972922142663,0.6825787878787876,0.42,0.6
15149,fixed_threshold,0.7003891050583657,0.6228070175438597,0.4987309644670051,0.11969696969696969,0.2387878787878788,0.3832684824902724,0.4444444444444444,0.6640366355836873,0.6830812121212122,0.58,0.58
15149,global_recall_constrained,0.8488372093023255,0.766566265060241,0.3395482251703119,0.2790909090909091,0.42257575757575755,0.25193798449612403,0.3509036144578313,0.7230823005386571,0.7353566666666707,0.72,0.72
15149,hierarchical_recall_constrained,0.8461538461538461,0.6099071207430341,0.4016893477240732,0.19318181818181818,0.3228787878787879,0.2490842490842491,0.4845201238390093,0.7144615027775232,0.7193887878787886,0.28,0.74
15149,severity_weighted_hierarchical,0.8422090729783037,0.47703703703703704,0.3825331971399387,0.1831818181818182,0.2966666666666667,0.26232741617357,0.5985185185185186,0.6852479509542604,0.6913921212121213,0.42,0.6
15150,fixed_threshold,0.6794055201698513,0.582723279648609,0.47112860892388453,0.12212121212121212,0.2309090909090909,0.40552016985138006,0.5007320644216691,0.640605606598773,0.6743430303030291,0.58,0.58
15150,global_recall_constrained,0.8451242829827916,0.7705146036161336,0.3534421575585522,0.27606060606060606,0.42696969696969694,0.2829827915869981,0.3337969401947149,0.7205482235039367,0.7169921212121246,0.306,0.306
15150,hierarchical_recall_constrained,0.8502994011976048,0.6065573770491803,0.3918918918918919,0.20454545454545456,0.33636363636363636,0.2774451097804391,0.48360655737704916,0.708615021135881,0.6992909090909091,0.28,0.74
15150,severity_weighted_hierarchical,0.8846153846153846,0.434971098265896,0.38080495356037153,0.18181818181818182,0.29363636363636364,0.23076923076923078,0.619942196531792,0.6989438699778003,0.6998890909090918,0.42,0.6
15151,fixed_threshold,0.6877470355731226,0.5820476858345021,0.5032981530343008,0.11409090909090909,0.2296969696969697,0.39920948616600793,0.4992987377279102,0.6508148650107973,0.6608751515151484,0.58,0.58
15151,global_recall_constrained,0.8490945674044266,0.7671809256661991,0.3312820512820513,0.2963636363636364,0.4431818181818182,0.2575452716297787,0.33660589060308554,0.7191155473950093,0.7308863636363677,0.3,0.3
15151,hierarchical_recall_constrained,0.8559837728194726,0.6077844311377245,0.3606271777003484,0.2224242424242424,0.3478787878787879,0.24949290060851928,0.45808383233532934,0.7078751399885335,0.7275539393939424,0.28,0.74
15151,severity_weighted_hierarchical,0.838,0.4827586206896552,0.40409879138202837,0.17181818181818181,0.28833333333333333,0.256,0.5710344827586207,0.6902941765270807,0.6946906060606074,0.42,0.6
15152,fixed_threshold,0.6936416184971098,0.5923190546528804,0.5066577896138482,0.11227272727272727,0.22757575757575757,0.37957610789980734,0.4963072378138848,0.6585259411958779,0.6730866666666643,0.58,0.58
15152,global_recall_constrained,0.8379888268156425,0.7712933753943217,0.31765899864682,0.3056060606060606,0.4478787878787879,0.2886405959031657,0.31703470031545744,0.7077713673815555,0.7186084848484902,0.3,0.3
15152,hierarchical_recall_constrained,0.8333333333333334,0.607898448519041,0.3987523992322457,0.18984848484848485,0.31575757575757574,0.2791666666666667,0.4541607898448519,0.7046902864287686,0.7187006060606059,0.28,0.74
15152,severity_weighted_hierarchical,0.8091451292246521,0.4814305364511692,0.39863085834649814,0.17303030303030303,0.2877272727272727,0.31610337972166996,0.5763411279229711,0.6690783760618408,0.6644566666666654,0.42,0.6
15153,fixed_threshold,0.6823770491803278,0.6217391304347826,0.5013157894736842,0.11484848484848485,0.23030303030303031,0.42008196721311475,0.4782608695652174,0.6524810958745272,0.6674424242424215,0.58,0.58
15153,global_recall_constrained,0.8116883116883117,0.7937685459940653,0.3424915318027851,0.2646969696969697,0.4025757575757576,0.29004329004329005,0.29673590504451036,0.7099826110730051,0.746879090909094,0.3,0.3
15153,hierarchical_recall_constrained,0.8600405679513184,0.6066763425253991,0.39345794392523364,0.19666666666666666,0.3242424242424242,0.23529411764705882,0.4731494920174166,0.7196300633925484,0.7321272727272738,0.28,0.48560000000000053
15153,severity_weighted_hierarchical,0.8237791932059448,0.5007518796992482,0.3808769149498151,0.17757575757575758,0.2868181818181818,0.2908704883227176,0.5744360902255639,0.6785563627459417,0.697014848484849,0.42,0.6
15154,fixed_threshold,0.6566523605150214,0.6065808297567954,0.4905913978494624,0.11484848484848485,0.22545454545454546,0.4227467811158798,0.48068669527896996,0.6373737496801043,0.6726012121212098,0.58,0.58
15154,global_recall_constrained,0.8272552783109405,0.7804878048780488,0.36204975863349426,0.2603030303030303,0.408030303030303,0.2840690978886756,0.3170731707317073,0.718311840243006,0.7273178787878805,0.3,0.3
15154,hierarchical_recall_constrained,0.8407079646017699,0.6020558002936858,0.3689864549276039,0.2046969696969697,0.3243939393939394,0.2588495575221239,0.4698972099853157,0.7028884882652544,0.7317918181818204,0.28,0.74
15154,severity_weighted_hierarchical,0.8481262327416174,0.4771048744460857,0.3869475847893114,0.18075757575757576,0.29484848484848486,0.26232741617357,0.5923190546528804,0.6886242367080233,0.6929933333333337,0.42,0.6
15155,fixed_threshold,0.6811881188118812,0.6090651558073654,0.4795539033457249,0.12727272727272726,0.24454545454545454,0.4079207920792079,0.4730878186968839,0.6464539619415779,0.6623945454545436,0.58,0.58
15155,global_recall_constrained,0.837782340862423,0.7800891530460624,0.3371882905674015,0.2778787878787879,0.41924242424242425,0.2669404517453799,0.3135215453194651,0.718761992594237,0.7436457575757611,0.5730000000000002,0.5730000000000002
15155,hierarchical_recall_constrained,0.8330170777988615,0.6121212121212121,0.3624247635425623,0.2246969696969697,0.3524242424242424,0.2675521821631879,0.4772727272727273,0.6969556696016901,0.7073993939393958,0.28,0.74
15155,severity_weighted_hierarchical,0.854,0.45760233918128657,0.3714859437751004,0.1896969696969697,0.3018181818181818,0.252,0.5950292397660819,0.6853625356930113,0.6952896969696987,0.42,0.6
15156,fixed_threshold,0.6487025948103793,0.5881523272214386,0.4827586206896552,0.12045454545454545,0.23287878787878788,0.4351297405189621,0.4936530324400564,0.6272171270071554,0.6471942424242406,0.58,0.58
15156,global_recall_constrained,0.8357588357588358,0.7798036465638148,0.3483636363636364,0.27151515151515154,0.4166666666666667,0.2681912681912682,0.3225806451612903,0.7202777767746071,0.7389545454545497,0.327,0.327
15156,hierarchical_recall_constrained,0.844758064516129,0.6,0.41876208897485495,0.18212121212121213,0.31333333333333335,0.2762096774193548,0.46442953020134226,0.7123812597491732,0.7088254545454558,0.28,0.4279999999999997
15156,severity_weighted_hierarchical,0.8313953488372093,0.4948905109489051,0.40293809024134314,0.17242424242424242,0.2887878787878788,0.3062015503875969,0.5620437956204379,0.682549399799129,0.6778357575757571,0.42,0.6
15157,fixed_threshold,0.6635160680529301,0.6022889842632332,0.49392194497760716,0.11984848484848484,0.23681818181818182,0.4158790170132325,0.48068669527896996,0.6402410750213003,0.6505330303030292,0.58,0.58
15157,global_recall_constrained,0.8482905982905983,0.7713458755426917,0.3155751611808619,0.3056060606060606,0.44651515151515153,0.24145299145299146,0.3314037626628075,0.7181743766267157,0.7466275757575808,0.33,0.33
15157,hierarchical_recall_constrained,0.8354166666666667,0.6077519379844961,0.37494089834515365,0.20030303030303032,0.32045454545454544,0.275,0.4790697674418605,0.701016195602737,0.7230893939393959,0.28,0.74
15157,severity_weighted_hierarchical,0.8277777777777777,0.47360912981455067,0.4061522419186653,0.17257575757575758,0.2906060606060606,0.27037037037037037,0.5877318116975749,0.6827841704237738,0.6788709090909097,0.42,0.6
15158,fixed_threshold,0.68762278978389,0.6218487394957983,0.5012626262626263,0.11969696969696969,0.24,0.3948919449901768,0.44397759103641454,0.6575354005625588,0.674700606060604,0.58,0.58
15158,global_recall_constrained,0.8442437923250564,0.7776183644189383,0.33639368343738524,0.2737878787878788,0.4125757575757576,0.2595936794582393,0.30703012912482064,0.722294151296714,0.7571027272727322,0.5160000000000001,0.5160000000000001
15158,hierarchical_recall_constrained,0.8738229755178908,0.60932944606414,0.38923212709620475,0.2096969696969697,0.3433333333333333,0.2504708097928437,0.4970845481049563,0.7212560810994598,0.7083448484848472,0.28,0.74
15158,severity_weighted_hierarchical,0.8404669260700389,0.4675324675324675,0.39978847170809095,0.17196969696969697,0.2865151515151515,0.2607003891050584,0.5945165945165946,0.6871743519460825,0.6899584848484841,0.42,0.6
15159,fixed_threshold,0.6776061776061776,0.613603473227207,0.5122273628552545,0.11181818181818182,0.22924242424242425,0.4034749034749035,0.44283646888567296,0.6535428059755408,0.6731542424242394,0.58,0.58
15159,global_recall_constrained,0.8247011952191236,0.7869986168741355,0.3432262569832402,0.285,0.43393939393939396,0.2868525896414343,0.30567081604426005,0.7120970676925115,0.725652121212125,0.46800000000000014,0.46800000000000014
15159,hierarchical_recall_constrained,0.8716356107660456,0.6043795620437956,0.39183481933364617,0.19636363636363635,0.3228787878787879,0.2712215320910973,0.46715328467153283,0.7186014857112948,0.7207524242424259,0.28,0.74
15159,severity_weighted_hierarchical,0.8227848101265823,0.5158045977011494,0.38312020460358054,0.18272727272727274,0.2962121212121212,0.2679324894514768,0.5517241379310345,0.6838201631229333,0.7042166666666679,0.42,0.6
15160,fixed_threshold,0.69,0.5615384615384615,0.46864686468646866,0.12196969696969696,0.22954545454545455,0.412,0.5092307692307693,0.6397440577903944,0.6647560606060586,0.58,0.58
15160,global_recall_constrained,0.8210735586481114,0.7862371888726208,0.34824046920821117,0.2693939393939394,0.41333333333333333,0.27037773359840955,0.30600292825768666,0.71549043709858,0.7406981818181846,0.3,0.3
15160,hierarchical_recall_constrained,0.8514056224899599,0.6023564064801178,0.3997120921305182,0.18954545454545454,0.31575757575757574,0.27309236947791166,0.4801178203240059,0.7119619506309259,0.7154884848484859,0.28,0.74
15160,severity_weighted_hierarchical,0.8500948766603416,0.45365168539325845,0.3832007952286282,0.18803030303030302,0.30484848484848487,0.23529411764705882,0.6053370786516854,0.6875025684372791,0.6886715151515156,0.42,0.6
15161,fixed_threshold,0.6490066225165563,0.6002824858757062,0.4777408637873754,0.1190909090909091,0.22803030303030303,0.445916114790287,0.4717514124293785,0.6273728695086804,0.6678984848484829,0.58,0.58
15161,global_recall_constrained,0.825187969924812,0.7817919075144508,0.3487544483985765,0.2772727272727273,0.4257575757575758,0.2424812030075188,0.33670520231213874,0.7193783473725184,0.7365848484848532,0.3,0.3
15161,hierarchical_recall_constrained,0.8566037735849057,0.6,0.3852873563218391,0.20257575757575758,0.32954545454545453,0.2358490566037736,0.4640625,0.7149595276118372,0.7332348484848502,0.28,0.3919999999999997
15161,severity_weighted_hierarchical,0.8617234468937875,0.4885057471264368,0.3900709219858156,0.18242424242424243,0.2990909090909091,0.23046092184368738,0.5847701149425287,0.7008763226089788,0.7067824242424235,0.42,0.6
15162,fixed_threshold,0.6466942148760331,0.5947901591895803,0.4921821889870836,0.11318181818181818,0.22287878787878787,0.45867768595041325,0.48625180897250364,0.6266923706275951,0.6502433333333311,0.58,0.58
15162,global_recall_constrained,0.8314606741573034,0.7796610169491526,0.3687523139577934,0.25833333333333336,0.40924242424242424,0.2846441947565543,0.3290960451977401,0.7210734356810982,0.719694848484851,0.312,0.312
15162,hierarchical_recall_constrained,0.822,0.6034236804564908,0.39358187824445495,0.1946969696969697,0.32106060606060605,0.29,0.4593437945791726,0.6964257266376448,0.7076566666666678,0.28,0.7255999999999962
15162,severity_weighted_hierarchical,0.8343815513626834,0.49008498583569404,0.3897328444211629,0.1765151515151515,0.28924242424242425,0.27882599580712786,0.5807365439093485,0.6841077155080683,0.6906475757575754,0.42,0.6
15163,fixed_threshold,0.6846473029045643,0.5768645357686454,0.46675444371296904,0.12272727272727273,0.23015151515151516,0.4190871369294606,0.4931506849315068,0.6389757766968598,0.6707778787878771,0.58,0.58
15163,global_recall_constrained,0.8320754716981132,0.7808988764044944,0.3541740674955595,0.27545454545454545,0.4265151515151515,0.2981132075471698,0.33707865168539325,0.7152694427201945,0.708028787878792,0.5040000000000001,0.5040000000000001
15163,hierarchical_recall_constrained,0.8556910569105691,0.6062322946175638,0.3912442396313364,0.20015151515151516,0.3287878787878788,0.23780487804878048,0.4745042492917847,0.7166864493913918,0.7271848484848498,0.28,0.643999999999998
15163,severity_weighted_hierarchical,0.8463114754098361,0.45544554455445546,0.37538304392236976,0.1853030303030303,0.2966666666666667,0.25,0.5968882602545968,0.6833297115749519,0.6944224242424252,0.42,0.6
15164,fixed_threshold,0.6455445544554456,0.6054628224582701,0.4826897470039947,0.11772727272727272,0.22757575757575757,0.42574257425742573,0.46889226100151743,0.6307002562219937,0.6654503030303008,0.58,0.58
15164,global_recall_constrained,0.8282442748091603,0.7810734463276836,0.3533834586466165,0.2736363636363636,0.42318181818181816,0.2729007633587786,0.327683615819209,0.7173898131395132,0.7249845454545485,0.351,0.351
15164,hierarchical_recall_constrained,0.8456659619450317,0.6061068702290077,0.4133817427385892,0.17136363636363636,0.2921212121212121,0.24947145877378435,0.47480916030534354,0.7180170596654422,0.7412739393939407,0.28,0.74
15164,severity_weighted_hierarchical,0.8208955223880597,0.4667609618104668,0.39568345323741005,0.1781818181818182,0.29484848484848486,0.3003731343283582,0.5841584158415841,0.6722504776113052,0.6636903030303032,0.42,0.6
15165,fixed_threshold,0.6755102040816326,0.5864553314121037,0.5006784260515604,0.11151515151515151,0.22333333333333333,0.42653061224489797,0.4956772334293948,0.6427784855589775,0.6594793939393914,0.58,0.58
15165,global_recall_constrained,0.8302277432712215,0.7832585949177877,0.3358750907770516,0.2771212121212121,0.4172727272727273,0.29606625258799174,0.312406576980568,0.7121138381011545,0.7327339393939417,0.5970000000000002,0.5970000000000002
15165,hierarchical_recall_constrained,0.8312236286919831,0.6064139941690962,0.38663484486873506,0.1946969696969697,0.31742424242424244,0.27848101265822783,0.4650145772594752,0.7011545674704399,0.7206166666666696,0.28,0.74
15165,severity_weighted_hierarchical,0.8178217821782178,0.49544072948328266,0.3801440329218107,0.18257575757575759,0.29454545454545455,0.28316831683168314,0.5562310030395137,0.6755784341802412,0.696270303030305,0.42,0.6
15166,fixed_threshold,0.7191011235955056,0.5465465465465466,0.4813511611541168,0.11166666666666666,0.2153030303030303,0.4,0.5135135135135135,0.6536350136012393,0.6884706060606054,0.58,0.58
15166,global_recall_constrained,0.84251968503937,0.7749627421758569,0.3400286944045911,0.2787878787878788,0.4224242424242424,0.2795275590551181,0.3412816691505216,0.7183173549898748,0.7259648484848519,0.5610000000000002,0.5610000000000002
15166,hierarchical_recall_constrained,0.8448637316561844,0.6061884669479606,0.3919172932330827,0.19606060606060607,0.32242424242424245,0.2641509433962264,0.49507735583684953,0.7092577788276555,0.7137284848484864,0.28,0.74
15166,severity_weighted_hierarchical,0.8426294820717132,0.4617737003058104,0.38687299893276417,0.1740909090909091,0.28393939393939394,0.2589641434262948,0.6070336391437309,0.6849248495423831,0.6986612121212129,0.42,0.6
15167,fixed_threshold,0.668,0.600924499229584,0.4891891891891892,0.11454545454545455,0.22424242424242424,0.394,0.4637904468412943,0.6447312255861409,0.6854060606060584,0.58,0.58
15167,global_recall_constrained,0.8326530612244898,0.7822222222222223,0.3353636689358653,0.28106060606060607,0.42287878787878785,0.26326530612244897,0.31407407407407406,0.7169349959351188,0.7435039393939439,0.5670000000000002,0.5670000000000002
15167,hierarchical_recall_constrained,0.8588709677419355,0.6039453717754173,0.39406982305117166,0.19196969696969696,0.31681818181818183,0.25,0.4673748103186646,0.717273362068173,0.7324433333333349,0.28,0.74
15167,severity_weighted_hierarchical,0.844,0.46607669616519176,0.381198347107438,0.18151515151515152,0.29333333333333333,0.268,0.5899705014749262,0.6831837226651064,0.6923175757575765,0.42,0.6
15168,fixed_threshold,0.64453125,0.5927601809954751,0.4775429326287979,0.11984848484848484,0.2293939393939394,0.443359375,0.49019607843137253,0.624464071117975,0.6482733333333306,0.58,0.58
15168,global_recall_constrained,0.8524904214559387,0.7639484978540773,0.3474095102909865,0.2786363636363636,0.42696969696969694,0.2567049808429119,0.3419170243204578,0.7247173588882959,0.7295678787878813,0.3,0.3
15168,hierarchical_recall_constrained,0.8577154308617234,0.6040540540540541,0.408115671641791,0.19227272727272726,0.32484848484848483,0.26452905811623245,0.46216216216216216,0.7170076141281059,0.7126339393939398,0.28,0.74
15168,severity_weighted_hierarchical,0.8472505091649695,0.497907949790795,0.3840039741679086,0.18787878787878787,0.305,0.2525458248472505,0.5732217573221757,0.6920624004711267,0.6959724242424249,0.42,0.6
15169,fixed_threshold,0.7254901960784313,0.6235632183908046,0.5130434782608696,0.1103030303030303,0.2265151515151515,0.3660130718954248,0.4813218390804598,0.6800462205617335,0.7002227272727256,0.58,0.58
15169,global_recall_constrained,0.8458715596330275,0.7684365781710915,0.3555394641564084,0.2696969696969697,0.41848484848484846,0.24587155963302754,0.3274336283185841,0.7267678674767726,0.7376563636363668,0.5970000000000002,0.5970000000000002
15169,hierarchical_recall_constrained,0.892,0.6050069541029207,0.38759348878134625,0.2109090909090909,0.3443939393939394,0.23,0.46870653685674546,0.7302071190344501,0.7259057575757594,0.28,0.74
15169,severity_weighted_hierarchical,0.801125703564728,0.5092989985693849,0.394856278366112,0.18181818181818182,0.3004545454545455,0.2926829268292683,0.5679542203147353,0.672507314132679,0.673248181818182,0.42,0.6
15170,fixed_threshold,0.6443594646271511,0.583710407239819,0.48558014755197854,0.11621212121212121,0.22590909090909092,0.4359464627151052,0.502262443438914,0.6255265234367753,0.6452312121212094,0.58,0.58
15170,global_recall_constrained,0.8242424242424242,0.7860199714693296,0.3270804911323329,0.29893939393939395,0.4442424242424242,0.26666666666666666,0.3238231098430813,0.7103073825365617,0.7314472727272779,0.3,0.3
15170,hierarchical_recall_constrained,0.8621359223300971,0.6014598540145986,0.38698010849909587,0.20545454545454545,0.33515151515151514,0.23883495145631067,0.49343065693430654,0.7169425213560929,0.7194896969696984,0.28,0.74
15170,severity_weighted_hierarchical,0.8528301886792453,0.5270700636942676,0.40738813735691987,0.17257575757575758,0.2912121212121212,0.269811320754717,0.5493630573248408,0.7027041130990223,0.7059533333333341,0.42,0.6
15171,fixed_threshold,0.6722846441947565,0.620384047267356,0.5125,0.11227272727272727,0.23030303030303031,0.40636704119850187,0.46824224519940916,0.6522188731455091,0.6617757575757556,0.58,0.58
15171,global_recall_constrained,0.8241308793456033,0.7874465049928673,0.342416636787379,0.2778787878787879,0.42257575757575755,0.278118609406953,0.30385164051355207,0.7138973246605101,0.7374172727272761,0.312,0.312
15171,hierarchical_recall_constrained,0.8272357723577236,0.6160458452722063,0.4229408792319353,0.17303030303030303,0.29984848484848486,0.2682926829268293,0.46418338108882523,0.7111284897958038,0.7233778787878786,0.28,0.74
15171,severity_weighted_hierarchical,0.8171428571428572,0.4911080711354309,0.4085018144116122,0.17287878787878788,0.2922727272727273,0.29904761904761906,0.5649794801641587,0.6780047647552572,0.6684233333333328,0.42,0.6
15172,fixed_threshold,0.689873417721519,0.5758865248226951,0.4949358541525996,0.11333333333333333,0.2243939393939394,0.41139240506329117,0.4950354609929078,0.647603741512248,0.6700099999999977,0.58,0.58
15172,global_recall_constrained,0.8178053830227743,0.7931034482758621,0.3337037037037037,0.2725757575757576,0.4090909090909091,0.2650103519668737,0.3213166144200627,0.7134628263069043,0.7488484848484896,0.47700000000000015,0.47700000000000015
15172,hierarchical_recall_constrained,0.8246628131021194,0.6049204052098408,0.40459110473457677,0.18863636363636363,0.31681818181818183,0.279383429672447,0.46164978292329956,0.7017353311456451,0.710019090909091,0.28,0.6807999999999981
15172,severity_weighted_hierarchical,0.8478260869565217,0.47249647390691113,0.39059304703476483,0.1806060606060606,0.2963636363636364,0.25296442687747034,0.5839210155148096,0.689586940575842,0.6928206060606068,0.42,0.6
15173,fixed_threshold,0.6389452332657201,0.5990990990990991,0.468503937007874,0.12272727272727273,0.2309090909090909,0.4279918864097363,0.4594594594594595,0.6237304242407499,0.6691309090909074,0.58,0.58
15173,global_recall_constrained,0.8093126385809313,0.7962154294032023,0.32959884351282975,0.28106060606060607,0.41924242424242425,0.29490022172949004,0.3071324599708879,0.7047663439176004,0.740282121212126,0.34799999999999964,0.34799999999999964
15173,hierarchical_recall_constrained,0.857421875,0.6014814814814815,0.39634146341463417,0.195,0.32303030303030306,0.25390625,0.4666666666666667,0.7157031758130082,0.723750303030304,0.28,0.7087999999999999
15173,severity_weighted_hierarchical,0.826722338204593,0.48671328671328673,0.3901415836392239,0.1762121212121212,0.28893939393939394,0.26931106471816285,0.579020979020979,0.6818709766665072,0.6928942424242429,0.42,0.6
15174,fixed_threshold,0.6816326530612244,0.5781922525107605,0.48232984293193715,0.11984848484848484,0.2315151515151515,0.40816326530612246,0.4949784791965567,0.6423757662208612,0.6655163636363608,0.58,0.58
15174,global_recall_constrained,0.8076923076923077,0.7997118155619597,0.32711621233859395,0.28424242424242424,0.4224242424242424,0.29638009049773756,0.29827089337175794,0.7037613402734767,0.7428739393939434,0.5670000000000002,0.5670000000000002
15174,hierarchical_recall_constrained,0.8589211618257261,0.6081081081081081,0.38851992409867175,0.1953030303030303,0.3193939393939394,0.23858921161825727,0.46846846846846846,0.7183522587826178,0.7384678787878803,0.28,0.74
15174,severity_weighted_hierarchical,0.8512396694214877,0.4363885088919289,0.37974025974025977,0.1809090909090909,0.2916666666666667,0.24793388429752067,0.6429548563611491,0.6833844062168399,0.6797348484848471,0.42,0.6
15175,fixed_threshold,0.6951456310679611,0.5949764521193093,0.47702265372168284,0.12242424242424242,0.2340909090909091,0.4,0.4835164835164835,0.6507867293132202,0.6729651515151485,0.58,0.58
15175,global_recall_constrained,0.8254901960784313,0.7847730600292826,0.3478735005452563,0.2718181818181818,0.4168181818181818,0.2784313725490196,0.32210834553440704,0.7155164153488399,0.7307100000000035,0.333,0.333
15175,hierarchical_recall_constrained,0.8808510638297873,0.6033057851239669,0.4018867924528302,0.1921212121212121,0.3212121212121212,0.22340425531914893,0.465564738292011,0.7309062124474555,0.7387151515151527,0.28,0.74
15175,severity_weighted_hierarchical,0.8458333333333333,0.48359486447931527,0.38165983606557374,0.1828787878787879,0.2957575757575758,0.2791666666666667,0.5763195435092725,0.685417194831314,0.690556363636364,0.42,0.6
15176,fixed_threshold,0.6606060606060606,0.5899581589958159,0.5030181086519114,0.11227272727272727,0.22590909090909092,0.43434343434343436,0.47280334728033474,0.636636982165169,0.6556554545454525,0.58,0.58
15176,global_recall_constrained,0.8281853281853282,0.7804511278195488,0.341991341991342,0.27636363636363637,0.42,0.2799227799227799,0.33533834586466166,0.7141211234474392,0.725938181818185,0.3,0.3
15176,hierarchical_recall_constrained,0.8371134020618557,0.6068965517241379,0.3805668016194332,0.20863636363636365,0.3368181818181818,0.26597938144329897,0.46482758620689657,0.702703951355771,0.7137390909090906,0.28,0.74
15176,severity_weighted_hierarchical,0.835820895522388,0.4789156626506024,0.39221710189452125,0.17984848484848484,0.2959090909090909,0.26865671641791045,0.5843373493975904,0.6840941553088614,0.6878875757575759,0.42,0.6
15177,fixed_threshold,0.6727642276422764,0.614138438880707,0.48984937786509497,0.11803030303030303,0.23136363636363635,0.3943089430894309,0.4683357879234168,0.6486596221176963,0.6811548484848469,0.58,0.58
15177,global_recall_constrained,0.8319672131147541,0.782967032967033,0.3481983589011773,0.2768181818181818,0.4246969696969697,0.28688524590163933,0.33104395604395603,0.7160505723597446,0.7237815151515192,0.35700000000000004,0.35700000000000004
15177,hierarchical_recall_constrained,0.8662674650698603,0.6026011560693642,0.3772163120567376,0.2128787878787879,0.3418181818181818,0.23952095808383234,0.4682080924855491,0.7162514153723166,0.7257296969696984,0.28,0.74
15177,severity_weighted_hierarchical,0.8298279158699808,0.4962962962962963,0.4026178010471204,0.17287878787878788,0.28939393939393937,0.25812619502868067,0.5837037037037037,0.6888002259993952,0.6953727272727281,0.42,0.6
15178,fixed_threshold,0.6918604651162791,0.6107954545454546,0.49279899812147776,0.12272727272727273,0.24196969696969697,0.3798449612403101,0.4630681818181818,0.6576296402632137,0.6753396969696945,0.58,0.58
15178,global_recall_constrained,0.8252427184466019,0.7817403708987162,0.35177151120751987,0.27166666666666667,0.41909090909090907,0.2854368932038835,0.30527817403708984,0.7145326308850692,0.728344848484852,0.3,0.3
15178,hierarchical_recall_constrained,0.8687258687258688,0.6028776978417266,0.4017568192325474,0.19606060606060607,0.3277272727272727,0.2471042471042471,0.4848920863309353,0.7221675568571986,0.7172906060606066,0.28,0.74
15178,severity_weighted_hierarchical,0.8268839103869654,0.4978843441466855,0.385866802236909,0.18303030303030304,0.29803030303030303,0.285132382892057,0.5613540197461213,0.6802292644905706,0.6872215151515157,0.42,0.6
15179,fixed_threshold,0.6976744186046512,0.577304964539007,0.5013071895424837,0.1156060606060606,0.2318181818181818,0.39728682170542634,0.5078014184397163,0.6537009290741921,0.6570878787878757,0.58,0.58
15179,global_recall_constrained,0.8294117647058824,0.7831858407079646,0.34906695938529086,0.26954545454545453,0.41409090909090907,0.27450980392156865,0.29646017699115046,0.7178120436169589,0.739930000000004,0.47700000000000015,0.47700000000000015
15179,hierarchical_recall_constrained,0.8832997987927566,0.6046511627906976,0.3945740123750595,0.19272727272727272,0.31833333333333336,0.2595573440643863,0.4821705426356589,0.7258236699031508,0.7266342424242432,0.28,0.6991999999999967
15179,severity_weighted_hierarchical,0.8072072072072072,0.4908814589665654,0.38821752265861026,0.18409090909090908,0.3009090909090909,0.2828828828828829,0.5699088145896657,0.6716618364277296,0.6798781818181808,0.42,0.6
