seed,model,is_tdc,final_holdout_recall,final_holdout_false_alarm,final_holdout_violation_rate,trap_capture_rate,capture_resistance,core_protection,gross_trajectory,avg_information_cost,net_trajectory_after_info_cost,final_quality
17400,simple_q076_a008,False,0.7428571428571429,0.11857142857142858,0.35714285714285715,0.24433497536945814,0.7556650246305419,0.6428571428571428,0.7223752380952333,0.017820000000000367,0.7045552380952329,0.76
17400,simple_q084_a008,False,0.8,0.09142857142857143,0.30666666666666664,0.18118118118118118,0.8188188188188188,0.6933333333333334,0.7141809523809481,0.03718000000000356,0.6770009523809446,0.84
17400,simple_q090_a008,False,0.8085106382978723,0.06714285714285714,0.32978723404255317,0.13484251968503938,0.8651574803149606,0.6702127659574468,0.7226714285714253,0.05631999999999951,0.6663514285714258,0.9
17400,simple_q090_a016,False,0.7833333333333333,0.06142857142857143,0.3,0.09642147117296222,0.9035785288270378,0.7,0.7623152380952353,0.05631999999999951,0.7059952380952358,0.9
17400,tdc_evidence_validated,True,0.863013698630137,0.054285714285714284,0.2328767123287671,0.17408123791102514,0.8259187620889749,0.7671232876712328,0.7463095238095203,0.013350964311289655,0.7329585594982306,0.9077187151913735
17401,simple_q076_a008,False,0.7294117647058823,0.12428571428571429,0.4470588235294118,0.24107142857142858,0.7589285714285714,0.5529411764705883,0.7111371428571387,0.017820000000000367,0.6933171428571383,0.76
17401,simple_q084_a008,False,0.7910447761194029,0.08428571428571428,0.31343283582089554,0.19264278799612777,0.8073572120038722,0.6865671641791045,0.7263790476190436,0.03718000000000356,0.68919904761904,0.84
17401,simple_q090_a008,False,0.8461538461538461,0.06428571428571428,0.3076923076923077,0.12607449856733524,0.8739255014326648,0.6923076923076923,0.7547238095238067,0.05631999999999951,0.6984038095238072,0.9
17401,simple_q090_a016,False,0.96,0.06142857142857143,0.14666666666666667,0.11746987951807229,0.8825301204819277,0.8533333333333333,0.7571780952380923,0.05631999999999951,0.7008580952380928,0.9
17401,tdc_evidence_validated,True,0.8666666666666667,0.045714285714285714,0.24,0.1982421875,0.8017578125,0.76,0.7652914285714252,0.014187966792939738,0.7511034617784854,0.9104355101431982
17402,simple_q076_a008,False,0.7654320987654321,0.13285714285714287,0.345679012345679,0.23246492985971945,0.7675350701402806,0.654320987654321,0.6708171428571384,0.017820000000000367,0.6529971428571381,0.76
17402,simple_q084_a008,False,0.8941176470588236,0.08857142857142856,0.3176470588235294,0.17782217782217782,0.8221778221778222,0.6823529411764706,0.7048219047619008,0.03718000000000356,0.6676419047618972,0.84
17402,simple_q090_a008,False,0.8947368421052632,0.07285714285714286,0.25,0.12657004830917876,0.8734299516908213,0.75,0.7693304761904728,0.05631999999999951,0.7130104761904733,0.9
17402,simple_q090_a016,False,0.8441558441558441,0.05857142857142857,0.35064935064935066,0.09823182711198428,0.9017681728880157,0.6493506493506493,0.7515876190476163,0.05631999999999951,0.6952676190476168,0.9
17402,tdc_evidence_validated,True,0.8055555555555556,0.05,0.3611111111111111,0.1728515625,0.8271484375,0.6388888888888888,0.6985685714285682,0.01335345529583563,0.6852151161327326,0.9070608859942881
17403,simple_q076_a008,False,0.8444444444444444,0.12142857142857143,0.2777777777777778,0.2261904761904762,0.7738095238095238,0.7222222222222222,0.7151390476190428,0.017820000000000367,0.6973190476190424,0.76
17403,simple_q084_a008,False,0.7261904761904762,0.08142857142857143,0.39285714285714285,0.17562380038387715,0.8243761996161229,0.6071428571428572,0.7244238095238057,0.03718000000000356,0.6872438095238022,0.84
17403,simple_q090_a008,False,0.8767123287671232,0.07285714285714286,0.3424657534246575,0.1510574018126888,0.8489425981873112,0.6575342465753424,0.749811428571425,0.05631999999999951,0.6934914285714255,0.9
17403,simple_q090_a016,False,0.8817204301075269,0.06,0.3010752688172043,0.119533527696793,0.880466472303207,0.6989247311827957,0.7601066666666636,0.05631999999999951,0.7037866666666641,0.9
17403,tdc_evidence_validated,True,0.9069767441860465,0.05285714285714286,0.20930232558139536,0.16583912611717974,0.8341608738828202,0.7906976744186046,0.7452542857142822,0.013968175680453361,0.7312861100338288,0.9105034708340195
17404,simple_q076_a008,False,0.7252747252747253,0.1357142857142857,0.45054945054945056,0.25072886297376096,0.749271137026239,0.5494505494505495,0.6480790476190436,0.017820000000000367,0.6302590476190432,0.76
17404,simple_q084_a008,False,0.8181818181818182,0.08714285714285715,0.2857142857142857,0.17766990291262136,0.8223300970873786,0.7142857142857143,0.7329409523809486,0.03718000000000356,0.695760952380945,0.84
17404,simple_q090_a008,False,0.8591549295774648,0.07857142857142857,0.3380281690140845,0.12258687258687259,0.8774131274131274,0.6619718309859155,0.7709599999999968,0.05631999999999951,0.7146399999999973,0.9
17404,simple_q090_a016,False,0.8441558441558441,0.07,0.3116883116883117,0.1051567239635996,0.8948432760364005,0.6883116883116883,0.7849619047619019,0.05631999999999951,0.7286419047619024,0.9
17404,tdc_evidence_validated,True,0.8333333333333334,0.05857142857142857,0.2916666666666667,0.1951219512195122,0.8048780487804879,0.7083333333333333,0.739161904761901,0.014026523228366857,0.7251353815335342,0.9082770486496553
17405,simple_q076_a008,False,0.7215189873417721,0.11428571428571428,0.34177215189873417,0.21769383697813122,0.7823061630218688,0.6582278481012658,0.6904057142857093,0.017820000000000367,0.6725857142857089,0.76
17405,simple_q084_a008,False,0.8,0.09428571428571429,0.3466666666666667,0.20510304219823355,0.7948969578017664,0.6533333333333333,0.7174133333333291,0.03718000000000356,0.6802333333333256,0.84
17405,simple_q090_a008,False,0.8356164383561644,0.06,0.2876712328767123,0.14228456913827656,0.8577154308617234,0.7123287671232876,0.768067619047616,0.05631999999999951,0.7117476190476165,0.9
17405,simple_q090_a016,False,0.8888888888888888,0.06142857142857143,0.2777777777777778,0.11932938856015779,0.8806706114398422,0.7222222222222222,0.758574285714283,0.05631999999999951,0.7022542857142835,0.9
17405,tdc_evidence_validated,True,0.8051948051948052,0.06571428571428571,0.3116883116883117,0.17676767676767677,0.8232323232323232,0.6883116883116883,0.6999247619047576,0.013822566379548403,0.6861021955252092,0.9056141088293231
17406,simple_q076_a008,False,0.8556701030927835,0.12428571428571429,0.24742268041237114,0.238716148445336,0.761283851554664,0.7525773195876289,0.6850199999999954,0.017820000000000367,0.667199999999995,0.76
17406,simple_q084_a008,False,0.7792207792207793,0.08285714285714285,0.33766233766233766,0.19901477832512315,0.8009852216748768,0.6623376623376623,0.7065847619047579,0.03718000000000356,0.6694047619047544,0.84
17406,simple_q090_a008,False,0.76,0.07857142857142857,0.4266666666666667,0.14676113360323886,0.8532388663967612,0.5733333333333333,0.743183809523806,0.05631999999999951,0.6868638095238065,0.9
17406,simple_q090_a016,False,0.872093023255814,0.04857142857142857,0.2558139534883721,0.10973084886128365,0.8902691511387164,0.7441860465116279,0.739659999999997,0.05631999999999951,0.6833399999999975,0.9
17406,tdc_evidence_validated,True,0.9036144578313253,0.041428571428571426,0.27710843373493976,0.1841332027424094,0.8158667972575906,0.7228915662650602,0.7273114285714252,0.014168614642152052,0.7131428139292731,0.9103181139162602
17407,simple_q076_a008,False,0.7714285714285715,0.13285714285714287,0.42857142857142855,0.22344689378757515,0.7765531062124249,0.5714285714285714,0.6899599999999949,0.017820000000000367,0.6721399999999945,0.76
17407,simple_q084_a008,False,0.9010989010989011,0.08571428571428572,0.1978021978021978,0.15399422521655437,0.8460057747834456,0.8021978021978022,0.7504009523809487,0.03718000000000356,0.7132209523809452,0.84
17407,simple_q090_a008,False,0.8181818181818182,0.06857142857142857,0.2857142857142857,0.1596806387225549,0.8403193612774451,0.7142857142857143,0.7488399999999964,0.05631999999999951,0.6925199999999969,0.9
17407,simple_q090_a016,False,0.8309859154929577,0.06428571428571428,0.323943661971831,0.10724925521350546,0.8927507447864945,0.676056338028169,0.7592628571428539,0.05631999999999951,0.7029428571428544,0.9
17407,tdc_evidence_validated,True,0.8620689655172413,0.04428571428571428,0.21839080459770116,0.1748046875,0.8251953125,0.7816091954022988,0.6944647619047579,0.01372686536502175,0.6807378965397362,0.9097215108251018
17408,simple_q076_a008,False,0.7662337662337663,0.1457142857142857,0.36363636363636365,0.23795476892822026,0.7620452310717798,0.6363636363636364,0.7140428571428523,0.017820000000000367,0.6962228571428519,0.76
17408,simple_q084_a008,False,0.8255813953488372,0.1,0.2558139534883721,0.17261904761904762,0.8273809523809523,0.7441860465116279,0.7503380952380908,0.03718000000000356,0.7131580952380873,0.84
17408,simple_q090_a008,False,0.8,0.07285714285714286,0.34285714285714286,0.15060240963855423,0.8493975903614458,0.6571428571428571,0.7477019047619009,0.05631999999999951,0.6913819047619014,0.9
17408,simple_q090_a016,False,0.8602150537634409,0.07,0.3010752688172043,0.10474308300395258,0.8952569169960474,0.6989247311827957,0.759258095238092,0.05631999999999951,0.7029380952380925,0.9
17408,tdc_evidence_validated,True,0.8333333333333334,0.07285714285714286,0.3333333333333333,0.18467583497053044,0.8153241650294696,0.6666666666666667,0.7120276190476158,0.013521302635436262,0.6985063164121795,0.9076486746475624
17409,simple_q076_a008,False,0.7647058823529411,0.13428571428571429,0.35294117647058826,0.2265084075173096,0.7734915924826904,0.6470588235294117,0.7166647619047576,0.017820000000000367,0.6988447619047572,0.76
17409,simple_q084_a008,False,0.8405797101449275,0.10428571428571429,0.2753623188405797,0.1702127659574468,0.8297872340425532,0.7246376811594203,0.7516114285714249,0.03718000000000356,0.7144314285714214,0.84
17409,simple_q090_a008,False,0.7538461538461538,0.07,0.3384615384615385,0.11665004985044865,0.8833499501495513,0.6615384615384615,0.7680533333333298,0.05631999999999951,0.7117333333333303,0.9
17409,simple_q090_a016,False,0.8493150684931506,0.07285714285714286,0.273972602739726,0.10724925521350546,0.8927507447864945,0.726027397260274,0.7550742857142825,0.05631999999999951,0.698754285714283,0.9
17409,tdc_evidence_validated,True,0.8266666666666667,0.06,0.3466666666666667,0.2011439466158246,0.7988560533841754,0.6533333333333333,0.7071685714285679,0.012798739142909894,0.6943698322856581,0.9041340728202287
17410,simple_q076_a008,False,0.7368421052631579,0.14142857142857143,0.34210526315789475,0.24874623871614845,0.7512537612838516,0.6578947368421053,0.6679038095238047,0.017820000000000367,0.6500838095238043,0.76
17410,simple_q084_a008,False,0.7701149425287356,0.09285714285714286,0.3793103448275862,0.16221562809099901,0.837784371909001,0.6206896551724138,0.7203380952380911,0.03718000000000356,0.6831580952380876,0.84
17410,simple_q090_a008,False,0.825,0.06714285714285714,0.375,0.15142576204523106,0.8485742379547689,0.625,0.7291657142857108,0.05631999999999951,0.6728457142857113,0.9
17410,simple_q090_a016,False,0.8591549295774648,0.05857142857142857,0.352112676056338,0.126232741617357,0.873767258382643,0.647887323943662,0.7375990476190442,0.05631999999999951,0.6812790476190447,0.9
17410,tdc_evidence_validated,True,0.8873239436619719,0.06857142857142857,0.2535211267605634,0.1626984126984127,0.8373015873015873,0.7464788732394366,0.7099085714285684,0.014413330732994728,0.6954952406955737,0.9083557311179616
17411,simple_q076_a008,False,0.7088607594936709,0.12285714285714286,0.4050632911392405,0.22954091816367264,0.7704590818363274,0.5949367088607596,0.6788666666666622,0.017820000000000367,0.6610466666666618,0.76
17411,simple_q084_a008,False,0.8787878787878788,0.09428571428571429,0.22727272727272727,0.18110236220472442,0.8188976377952756,0.7727272727272727,0.7362857142857105,0.03718000000000356,0.699105714285707,0.84
17411,simple_q090_a008,False,0.8181818181818182,0.06571428571428571,0.3116883116883117,0.14660194174757282,0.8533980582524272,0.6883116883116883,0.7435542857142823,0.05631999999999951,0.6872342857142828,0.9
17411,simple_q090_a016,False,0.9146341463414634,0.06571428571428571,0.21951219512195122,0.12847555129434324,0.8715244487056568,0.7804878048780488,0.732382857142854,0.05631999999999951,0.6760628571428545,0.9
17411,tdc_evidence_validated,True,0.7976190476190477,0.05,0.34523809523809523,0.18375241779497098,0.816247582205029,0.6547619047619048,0.7069447619047583,0.014092175445237594,0.6928525864595207,0.9052114590404507
17412,simple_q076_a008,False,0.676923076923077,0.14857142857142858,0.4153846153846154,0.23387096774193547,0.7661290322580645,0.5846153846153845,0.6864380952380906,0.017820000000000367,0.6686180952380902,0.76
17412,simple_q084_a008,False,0.9014084507042254,0.08142857142857143,0.2676056338028169,0.16666666666666666,0.8333333333333334,0.7323943661971831,0.7315676190476151,0.03718000000000356,0.6943876190476116,0.84
17412,simple_q090_a008,False,0.8571428571428571,0.054285714285714284,0.2987012987012987,0.14116485686080948,0.8588351431391905,0.7012987012987013,0.7506399999999965,0.05631999999999951,0.694319999999997,0.9
17412,simple_q090_a016,False,0.8846153846153846,0.03571428571428571,0.2564102564102564,0.11601150527325024,0.8839884947267498,0.7435897435897436,0.7823561904761878,0.05631999999999951,0.7260361904761883,0.9
17412,tdc_evidence_validated,True,0.8192771084337349,0.05285714285714286,0.2891566265060241,0.1903323262839879,0.8096676737160121,0.7108433734939759,0.7052323809523774,0.012667973326046121,0.6925644076263313,0.9049901272880301
17413,simple_q076_a008,False,0.7640449438202247,0.11571428571428571,0.34831460674157305,0.24254473161033796,0.757455268389662,0.651685393258427,0.6725895238095192,0.017820000000000367,0.6547695238095188,0.76
17413,simple_q084_a008,False,0.8117647058823529,0.09428571428571429,0.2823529411764706,0.17162698412698413,0.8283730158730158,0.7176470588235294,0.7629723809523771,0.03718000000000356,0.7257923809523735,0.84
17413,simple_q090_a008,False,0.8292682926829268,0.06571428571428571,0.2804878048780488,0.13972055888223553,0.8602794411177644,0.7195121951219512,0.7675133333333302,0.05631999999999951,0.7111933333333307,0.9
17413,simple_q090_a016,False,0.7631578947368421,0.054285714285714284,0.40789473684210525,0.10625620655412116,0.8937437934458788,0.5921052631578947,0.7445961904761873,0.05631999999999951,0.6882761904761878,0.9
17413,tdc_evidence_validated,True,0.8395061728395061,0.05714285714285714,0.37037037037037035,0.16683022571148184,0.8331697742885181,0.6296296296296297,0.7271514285714247,0.01465071864149853,0.7125007099299261,0.9075745471327762
17414,simple_q076_a008,False,0.7721518987341772,0.13428571428571429,0.35443037974683544,0.23340040241448692,0.7665995975855131,0.6455696202531646,0.7076457142857098,0.017820000000000367,0.6898257142857094,0.76
17414,simple_q084_a008,False,0.8405797101449275,0.08714285714285715,0.3333333333333333,0.1767578125,0.8232421875,0.6666666666666667,0.7432247619047581,0.03718000000000356,0.7060447619047545,0.84
17414,simple_q090_a008,False,0.8674698795180723,0.054285714285714284,0.26506024096385544,0.13413413413413414,0.8658658658658659,0.7349397590361446,0.7276619047619014,0.05631999999999951,0.6713419047619019,0.9
17414,simple_q090_a016,False,0.9090909090909091,0.05714285714285714,0.23863636363636365,0.1124031007751938,0.8875968992248062,0.7613636363636364,0.7463771428571392,0.05631999999999951,0.6900571428571397,0.9
17414,tdc_evidence_validated,True,0.9024390243902439,0.055714285714285716,0.2682926829268293,0.1996124031007752,0.8003875968992248,0.7317073170731707,0.6926390476190442,0.013577845693760696,0.6790612019252834,0.9090620475792272
17415,simple_q076_a008,False,0.7222222222222222,0.11428571428571428,0.4166666666666667,0.2238514173998045,0.7761485826001955,0.5833333333333333,0.6817219047619002,0.017820000000000367,0.6639019047618998,0.76
17415,simple_q084_a008,False,0.8876404494382022,0.07714285714285714,0.2696629213483146,0.16491897044804577,0.8350810295519542,0.7303370786516854,0.7449466666666629,0.03718000000000356,0.7077666666666593,0.84
17415,simple_q090_a008,False,0.891566265060241,0.05857142857142857,0.2289156626506024,0.1378968253968254,0.8621031746031746,0.7710843373493976,0.7391904761904728,0.05631999999999951,0.6828704761904734,0.9
17415,simple_q090_a016,False,0.8461538461538461,0.06428571428571428,0.2980769230769231,0.11634904714142427,0.8836509528585758,0.7019230769230769,0.7303742857142823,0.05631999999999951,0.6740542857142828,0.9
17415,tdc_evidence_validated,True,0.8518518518518519,0.04428571428571428,0.2345679012345679,0.174373795761079,0.825626204238921,0.7654320987654322,0.7035266666666632,0.013357792492838829,0.6901688741738243,0.906978339987615
17416,simple_q076_a008,False,0.8658536585365854,0.12142857142857143,0.3048780487804878,0.2324431256181998,0.7675568743818002,0.6951219512195121,0.6793076190476144,0.017820000000000367,0.661487619047614,0.76
17416,simple_q084_a008,False,0.7868852459016393,0.07857142857142857,0.32786885245901637,0.16765285996055226,0.8323471400394478,0.6721311475409837,0.7454942857142819,0.03718000000000356,0.7083142857142783,0.84
17416,simple_q090_a008,False,0.8421052631578947,0.04857142857142857,0.2894736842105263,0.13713713713713713,0.8628628628628628,0.7105263157894737,0.7530219047619017,0.05631999999999951,0.6967019047619022,0.9
17416,simple_q090_a016,False,0.9382716049382716,0.06,0.2345679012345679,0.11957569913211186,0.8804243008678881,0.7654320987654322,0.76929714285714,0.05631999999999951,0.7129771428571405,0.9
17416,tdc_evidence_validated,True,0.896551724137931,0.05285714285714286,0.21839080459770116,0.17507136060894388,0.8249286393910561,0.7816091954022988,0.7565961904761868,0.01412344520195051,0.7424727452742362,0.9107370355130259
17417,simple_q076_a008,False,0.6901408450704225,0.1357142857142857,0.39436619718309857,0.23823246878001922,0.7617675312199808,0.6056338028169015,0.6811152380952334,0.017820000000000367,0.663295238095233,0.76
17417,simple_q084_a008,False,0.7424242424242424,0.1,0.36363636363636365,0.17925478348439072,0.8207452165156093,0.6363636363636364,0.7362133333333296,0.03718000000000356,0.6990333333333261,0.84
17417,simple_q090_a008,False,0.7931034482758621,0.054285714285714284,0.39080459770114945,0.1415929203539823,0.8584070796460177,0.6091954022988506,0.7653419047619014,0.05631999999999951,0.709021904761902,0.9
17417,simple_q090_a016,False,0.845360824742268,0.06714285714285714,0.25773195876288657,0.10557184750733138,0.8944281524926686,0.7422680412371134,0.7405838095238065,0.05631999999999951,0.684263809523807,0.9
17417,tdc_evidence_validated,True,0.875,0.054285714285714284,0.3472222222222222,0.17201166180758018,0.8279883381924198,0.6527777777777778,0.6724085714285676,0.013585927175011229,0.6588226442535563,0.9049357730357535
17418,simple_q076_a008,False,0.782608695652174,0.11857142857142858,0.3333333333333333,0.22166499498495487,0.7783350050150452,0.6666666666666667,0.696073333333329,0.017820000000000367,0.6782533333333286,0.76
17418,simple_q084_a008,False,0.7931034482758621,0.08285714285714285,0.3793103448275862,0.17882117882117882,0.8211788211788211,0.6206896551724138,0.7391095238095201,0.03718000000000356,0.7019295238095166,0.84
17418,simple_q090_a008,False,0.8837209302325582,0.06285714285714286,0.32558139534883723,0.14671814671814673,0.8532818532818532,0.6744186046511628,0.7417352380952347,0.05631999999999951,0.6854152380952352,0.9
17418,simple_q090_a016,False,0.8461538461538461,0.07571428571428572,0.2967032967032967,0.1099009900990099,0.8900990099009901,0.7032967032967032,0.7414266666666635,0.05631999999999951,0.685106666666664,0.9
17418,tdc_evidence_validated,True,0.84,0.07,0.28,0.1702127659574468,0.8297872340425532,0.72,0.6921485714285681,0.014254030944966403,0.6778945404836018,0.9058581901422953
17419,simple_q076_a008,False,0.7317073170731707,0.13142857142857142,0.35365853658536583,0.24723618090452262,0.7527638190954774,0.6463414634146342,0.6658523809523763,0.017820000000000367,0.6480323809523759,0.76
17419,simple_q084_a008,False,0.7888888888888889,0.09428571428571429,0.4,0.17073170731707318,0.8292682926829268,0.6,0.746172380952377,0.03718000000000356,0.7089923809523735,0.84
17419,simple_q090_a008,False,0.8271604938271605,0.047142857142857146,0.32098765432098764,0.14383561643835616,0.8561643835616438,0.6790123456790124,0.758299999999997,0.05631999999999951,0.7019799999999975,0.9
17419,simple_q090_a016,False,0.8777777777777778,0.06714285714285714,0.28888888888888886,0.13432835820895522,0.8656716417910448,0.7111111111111111,0.7206457142857108,0.05631999999999951,0.6643257142857113,0.9
17419,tdc_evidence_validated,True,0.8194444444444444,0.06285714285714286,0.2916666666666667,0.17911877394636017,0.8208812260536398,0.7083333333333333,0.723837142857139,0.013484245021482301,0.7103528978356567,0.9084320263634783
17420,simple_q076_a008,False,0.7671232876712328,0.12142857142857143,0.3287671232876712,0.23356231599607458,0.7664376840039254,0.6712328767123288,0.7047961904761856,0.017820000000000367,0.6869761904761852,0.76
17420,simple_q084_a008,False,0.8554216867469879,0.08285714285714285,0.3132530120481928,0.15821501014198783,0.8417849898580122,0.6867469879518072,0.7418199999999964,0.03718000000000356,0.7046399999999928,0.84
17420,simple_q090_a008,False,0.8735632183908046,0.05714285714285714,0.26436781609195403,0.1417004048582996,0.8582995951417004,0.735632183908046,0.7618285714285685,0.05631999999999951,0.705508571428569,0.9
17420,simple_q090_a016,False,0.7789473684210526,0.06428571428571428,0.3473684210526316,0.11045364891518737,0.8895463510848126,0.6526315789473685,0.7242704761904734,0.05631999999999951,0.6679504761904739,0.9
17420,tdc_evidence_validated,True,0.8243243243243243,0.06714285714285714,0.35135135135135137,0.178,0.8220000000000001,0.6486486486486487,0.6882019047619009,0.012845891559304764,0.6753560132025962,0.9046093932884025
17421,simple_q076_a008,False,0.8068181818181818,0.12428571428571429,0.3068181818181818,0.2075098814229249,0.7924901185770751,0.6931818181818181,0.6712914285714239,0.017820000000000367,0.6534714285714235,0.76
17421,simple_q084_a008,False,0.7341772151898734,0.08571428571428572,0.46835443037974683,0.1905697445972495,0.8094302554027505,0.5316455696202531,0.6842885714285677,0.03718000000000356,0.6471085714285641,0.84
17421,simple_q090_a008,False,0.7962962962962963,0.054285714285714284,0.2777777777777778,0.12880324543610547,0.8711967545638946,0.7222222222222222,0.7816971428571399,0.05631999999999951,0.7253771428571404,0.9
17421,simple_q090_a016,False,0.8571428571428571,0.07285714285714286,0.3333333333333333,0.13300970873786408,0.8669902912621359,0.6666666666666667,0.7454504761904733,0.05631999999999951,0.6891304761904739,0.9
17421,tdc_evidence_validated,True,0.8823529411764706,0.06,0.23529411764705882,0.17762512266928362,0.8223748773307163,0.7647058823529411,0.7192723809523771,0.013559184258222152,0.705713196694155,0.9067258552576554
17422,simple_q076_a008,False,0.6744186046511628,0.15714285714285714,0.45348837209302323,0.24653465346534653,0.7534653465346535,0.5465116279069768,0.6450761904761863,0.017820000000000367,0.6272561904761859,0.76
17422,simple_q084_a008,False,0.7666666666666667,0.07,0.35555555555555557,0.17595307917888564,0.8240469208211143,0.6444444444444444,0.7209876190476149,0.03718000000000356,0.6838076190476113,0.84
17422,simple_q090_a008,False,0.8,0.05714285714285714,0.3157894736842105,0.14398422090729784,0.8560157790927021,0.6842105263157895,0.7740114285714257,0.05631999999999951,0.7176914285714262,0.9
17422,simple_q090_a016,False,0.8902439024390244,0.05714285714285714,0.25609756097560976,0.11012782694198624,0.8898721730580138,0.7439024390243902,0.7606314285714255,0.05631999999999951,0.704311428571426,0.9
17422,tdc_evidence_validated,True,0.8690476190476191,0.06,0.2857142857142857,0.17971014492753623,0.8202898550724638,0.7142857142857143,0.7494057142857105,0.013956356483234011,0.7354493578024764,0.9086413715694842
17423,simple_q076_a008,False,0.8227848101265823,0.1357142857142857,0.31645569620253167,0.22522522522522523,0.7747747747747747,0.6835443037974683,0.7076171428571384,0.017820000000000367,0.689797142857138,0.76
17423,simple_q084_a008,False,0.797752808988764,0.1,0.3146067415730337,0.17976424361493124,0.8202357563850687,0.6853932584269663,0.7258228571428534,0.03718000000000356,0.6886428571428499,0.84
17423,simple_q090_a008,False,0.8617021276595744,0.06857142857142857,0.2978723404255319,0.15060240963855423,0.8493975903614458,0.7021276595744681,0.7521857142857107,0.05631999999999951,0.6958657142857112,0.9
17423,simple_q090_a016,False,0.8023255813953488,0.07142857142857142,0.3023255813953488,0.1028225806451613,0.8971774193548387,0.6976744186046512,0.7749599999999977,0.05631999999999951,0.7186399999999982,0.9
17423,tdc_evidence_validated,True,0.9285714285714286,0.04285714285714286,0.20238095238095238,0.19727891156462585,0.8027210884353742,0.7976190476190477,0.751131428571425,0.012913073704964645,0.7382183548664604,0.9097070882540188
17424,simple_q076_a008,False,0.7702702702702703,0.12857142857142856,0.40540540540540543,0.24610894941634243,0.7538910505836576,0.5945945945945945,0.6755142857142812,0.017820000000000367,0.6576942857142808,0.76
17424,simple_q084_a008,False,0.8536585365853658,0.07428571428571429,0.32926829268292684,0.17036290322580644,0.8296370967741935,0.6707317073170731,0.7177238095238059,0.03718000000000356,0.6805438095238023,0.84
17424,simple_q090_a008,False,0.7840909090909091,0.05285714285714286,0.3409090909090909,0.13896987366375121,0.8610301263362488,0.6590909090909092,0.749287619047616,0.05631999999999951,0.6929676190476165,0.9
17424,simple_q090_a016,False,0.782608695652174,0.06,0.36231884057971014,0.10973282442748092,0.8902671755725191,0.6376811594202898,0.7362238095238064,0.05631999999999951,0.6799038095238069,0.9
17424,tdc_evidence_validated,True,0.7625,0.06428571428571428,0.4,0.1978131212723658,0.8021868787276342,0.6,0.6743123809523777,0.013127339649326398,0.6611850413030512,0.9044343558819382
17425,simple_q076_a008,False,0.7317073170731707,0.13142857142857142,0.4268292682926829,0.2240868706811451,0.7759131293188549,0.5731707317073171,0.6695952380952336,0.017820000000000367,0.6517752380952332,0.76
17425,simple_q084_a008,False,0.7866666666666666,0.08428571428571428,0.30666666666666664,0.1589793915603533,0.8410206084396468,0.6933333333333334,0.7387066666666625,0.03718000000000356,0.701526666666659,0.84
17425,simple_q090_a008,False,0.8450704225352113,0.06142857142857143,0.19718309859154928,0.126953125,0.873046875,0.8028169014084507,0.7933085714285687,0.05631999999999951,0.7369885714285692,0.9
17425,simple_q090_a016,False,0.9080459770114943,0.06142857142857143,0.26436781609195403,0.11434108527131782,0.8856589147286822,0.735632183908046,0.7521447619047592,0.05631999999999951,0.6958247619047597,0.9
17425,tdc_evidence_validated,True,0.82,0.04428571428571428,0.32,0.1830574488802337,0.8169425511197663,0.6799999999999999,0.7005657142857104,0.013983759911252901,0.6865819543744575,0.9079701722291325
17426,simple_q076_a008,False,0.7945205479452054,0.13142857142857142,0.3287671232876712,0.2308457711442786,0.7691542288557214,0.6712328767123288,0.6785009523809481,0.017820000000000367,0.6606809523809477,0.76
17426,simple_q084_a008,False,0.8767123287671232,0.09285714285714286,0.273972602739726,0.16601178781925344,0.8339882121807466,0.726027397260274,0.7663695238095201,0.03718000000000356,0.7291895238095165,0.84
17426,simple_q090_a008,False,0.8873239436619719,0.054285714285714284,0.2535211267605634,0.1364522417153996,0.8635477582846004,0.7464788732394366,0.7735199999999967,0.05631999999999951,0.7171999999999972,0.9
17426,simple_q090_a016,False,0.7464788732394366,0.06857142857142857,0.36619718309859156,0.09753593429158111,0.9024640657084189,0.6338028169014085,0.7329666666666638,0.05631999999999951,0.6766466666666643,0.9
17426,tdc_evidence_validated,True,0.821917808219178,0.06571428571428571,0.2465753424657534,0.17271835132482827,0.8272816486751717,0.7534246575342466,0.7387219047619008,0.014298323979223078,0.7244235807826778,0.9087085902766412
17427,simple_q076_a008,False,0.6666666666666666,0.1357142857142857,0.4827586206896552,0.24075924075924077,0.7592407592407593,0.5172413793103448,0.6435485714285669,0.017820000000000367,0.6257285714285665,0.76
17427,simple_q084_a008,False,0.7215189873417721,0.09571428571428571,0.31645569620253167,0.17395727365208546,0.8260427263479145,0.6835443037974683,0.6881380952380912,0.03718000000000356,0.6509580952380877,0.84
17427,simple_q090_a008,False,0.8095238095238095,0.06857142857142857,0.38095238095238093,0.14216634429400388,0.8578336557059961,0.6190476190476191,0.7490333333333297,0.05631999999999951,0.6927133333333302,0.9
17427,simple_q090_a016,False,0.8051948051948052,0.047142857142857146,0.38961038961038963,0.11273080660835763,0.8872691933916423,0.6103896103896104,0.7408533333333301,0.05631999999999951,0.6845333333333307,0.9
17427,tdc_evidence_validated,True,0.8765432098765432,0.06857142857142857,0.30864197530864196,0.16650625601539942,0.8334937439846006,0.691358024691358,0.7301114285714252,0.014443137018090057,0.7156682915533351,0.9098809960902747
17428,simple_q076_a008,False,0.8055555555555556,0.10857142857142857,0.3333333333333333,0.23955147808358818,0.7604485219164119,0.6666666666666667,0.7002142857142817,0.017820000000000367,0.6823942857142813,0.76
17428,simple_q084_a008,False,0.8260869565217391,0.09285714285714286,0.34782608695652173,0.1710654936461388,0.8289345063538612,0.6521739130434783,0.7565095238095201,0.03718000000000356,0.7193295238095165,0.84
17428,simple_q090_a008,False,0.7752808988764045,0.05857142857142857,0.3146067415730337,0.12955465587044535,0.8704453441295547,0.6853932584269663,0.7528933333333302,0.05631999999999951,0.6965733333333307,0.9
17428,simple_q090_a016,False,0.8902439024390244,0.055714285714285716,0.3048780487804878,0.12303149606299213,0.8769685039370079,0.6951219512195121,0.7259066666666631,0.05631999999999951,0.6695866666666637,0.9
17428,tdc_evidence_validated,True,0.8767123287671232,0.04428571428571428,0.2602739726027397,0.16748285994123407,0.8325171400587659,0.7397260273972603,0.7250885714285681,0.013932376661439769,0.7111561947671283,0.9069617767961657
17429,simple_q076_a008,False,0.7325581395348837,0.12142857142857143,0.43023255813953487,0.23414634146341465,0.7658536585365854,0.5697674418604651,0.6680504761904716,0.017820000000000367,0.6502304761904713,0.76
17429,simple_q084_a008,False,0.7432432432432432,0.09428571428571429,0.35135135135135137,0.16683119447186576,0.8331688055281342,0.6486486486486487,0.7155695238095203,0.03718000000000356,0.6783895238095168,0.84
17429,simple_q090_a008,False,0.8289473684210527,0.07428571428571429,0.2631578947368421,0.14442231075697212,0.8555776892430279,0.736842105263158,0.7357333333333297,0.05631999999999951,0.6794133333333302,0.9
17429,simple_q090_a016,False,0.8191489361702128,0.06571428571428571,0.3191489361702128,0.11594202898550725,0.8840579710144928,0.6808510638297872,0.7466495238095208,0.05631999999999951,0.6903295238095213,0.9
17429,tdc_evidence_validated,True,0.8620689655172413,0.05714285714285714,0.367816091954023,0.18507462686567164,0.8149253731343283,0.632183908045977,0.7034914285714247,0.01489179864898297,0.6885996299224417,0.9084902855640965
17430,simple_q076_a008,False,0.7702702702702703,0.11857142857142858,0.2972972972972973,0.2344213649851632,0.7655786350148368,0.7027027027027026,0.6690476190476154,0.017820000000000367,0.6512276190476151,0.76
17430,simple_q084_a008,False,0.8648648648648649,0.08,0.22972972972972974,0.2082514734774067,0.7917485265225933,0.7702702702702703,0.7310809523809481,0.03718000000000356,0.6939009523809445,0.84
17430,simple_q090_a008,False,0.7802197802197802,0.055714285714285716,0.3626373626373626,0.152,0.848,0.6373626373626373,0.7413295238095206,0.05631999999999951,0.6850095238095211,0.9
17430,simple_q090_a016,False,0.8170731707317073,0.05285714285714286,0.34146341463414637,0.12884615384615383,0.8711538461538462,0.6585365853658536,0.7155009523809492,0.05631999999999951,0.6591809523809498,0.9
17430,tdc_evidence_validated,True,0.8452380952380952,0.055714285714285716,0.2857142857142857,0.184645286686103,0.815354713313897,0.7142857142857143,0.735479047619044,0.013578677561948818,0.7219003700570952,0.9074708084431221
17431,simple_q076_a008,False,0.7317073170731707,0.12714285714285714,0.3902439024390244,0.2034412955465587,0.7965587044534412,0.6097560975609756,0.675176190476186,0.017820000000000367,0.6573561904761857,0.76
17431,simple_q084_a008,False,0.7910447761194029,0.09714285714285714,0.373134328358209,0.16096579476861167,0.8390342052313884,0.6268656716417911,0.7589161904761866,0.03718000000000356,0.7217361904761831,0.84
17431,simple_q090_a008,False,0.8333333333333334,0.06285714285714286,0.3333333333333333,0.14505283381364073,0.8549471661863592,0.6666666666666667,0.752551428571425,0.05631999999999951,0.6962314285714255,0.9
17431,simple_q090_a016,False,0.8548387096774194,0.07428571428571429,0.24193548387096775,0.13056379821958458,0.8694362017804154,0.7580645161290323,0.7769666666666635,0.05631999999999951,0.720646666666664,0.9
17431,tdc_evidence_validated,True,0.8488372093023255,0.06714285714285714,0.2558139534883721,0.16650049850448653,0.8334995014955134,0.7441860465116279,0.7101523809523773,0.013891745983330225,0.6962606349690471,0.9090571813567521
17432,simple_q076_a008,False,0.8076923076923077,0.12428571428571429,0.3333333333333333,0.23285024154589373,0.7671497584541063,0.6666666666666667,0.690283809523805,0.017820000000000367,0.6724638095238046,0.76
17432,simple_q084_a008,False,0.8656716417910447,0.09428571428571429,0.2835820895522388,0.20760233918128654,0.7923976608187134,0.7164179104477613,0.726516190476187,0.03718000000000356,0.6893361904761834,0.84
17432,simple_q090_a008,False,0.8636363636363636,0.045714285714285714,0.29545454545454547,0.108,0.892,0.7045454545454546,0.7472857142857109,0.05631999999999951,0.6909657142857114,0.9
17432,simple_q090_a016,False,0.7872340425531915,0.06,0.32978723404255317,0.09788092835519677,0.9021190716448032,0.6702127659574468,0.7562895238095209,0.05631999999999951,0.6999695238095214,0.9
17432,tdc_evidence_validated,True,0.8214285714285714,0.06571428571428571,0.34523809523809523,0.19395711500974658,0.8060428849902534,0.6547619047619048,0.7175228571428535,0.01320316318127793,0.7043196939615756,0.9042643632378679
17433,simple_q076_a008,False,0.7948717948717948,0.12285714285714286,0.3717948717948718,0.24554455445544554,0.7544554455445545,0.6282051282051282,0.6970676190476147,0.017820000000000367,0.6792476190476143,0.76
17433,simple_q084_a008,False,0.821917808219178,0.09,0.3287671232876712,0.17471042471042472,0.8252895752895753,0.6712328767123288,0.7567552380952335,0.03718000000000356,0.7195752380952299,0.84
17433,simple_q090_a008,False,0.8289473684210527,0.06428571428571428,0.2894736842105263,0.15835777126099707,0.841642228739003,0.7105263157894737,0.7844523809523781,0.05631999999999951,0.7281323809523786,0.9
17433,simple_q090_a016,False,0.875,0.06142857142857143,0.35,0.11874386653581943,0.8812561334641805,0.65,0.7199619047619018,0.05631999999999951,0.6636419047619023,0.9
17433,tdc_evidence_validated,True,0.8764044943820225,0.06571428571428571,0.25842696629213485,0.1678115799803729,0.8321884200196271,0.7415730337078652,0.7195409523809485,0.014715603457231437,0.7048253489237171,0.9096520676145408
17434,simple_q076_a008,False,0.7051282051282052,0.11142857142857143,0.3974358974358974,0.22466539196940727,0.7753346080305927,0.6025641025641026,0.7343904761904717,0.017820000000000367,0.7165704761904713,0.76
17434,simple_q084_a008,False,0.8472222222222222,0.1,0.25,0.15860735009671179,0.8413926499032882,0.75,0.7096771428571391,0.03718000000000356,0.6724971428571356,0.84
17434,simple_q090_a008,False,0.84,0.06,0.26666666666666666,0.1360078277886497,0.8639921722113503,0.7333333333333334,0.7966133333333302,0.05631999999999951,0.7402933333333307,0.9
17434,simple_q090_a016,False,0.7536231884057971,0.07142857142857142,0.42028985507246375,0.09378084896347483,0.9062191510365252,0.5797101449275363,0.739204761904759,0.05631999999999951,0.6828847619047596,0.9
17434,tdc_evidence_validated,True,0.8021978021978022,0.03857142857142857,0.3956043956043956,0.1671612265084075,0.8328387734915925,0.6043956043956045,0.681061904761901,0.014141033786308127,0.6669208709755928,0.904740916086104
17435,simple_q076_a008,False,0.7638888888888888,0.12,0.2638888888888889,0.23023715415019763,0.7697628458498024,0.7361111111111112,0.7317123809523765,0.017820000000000367,0.7138923809523761,0.76
17435,simple_q084_a008,False,0.9069767441860465,0.07857142857142857,0.27906976744186046,0.1926514399205561,0.8073485600794439,0.7209302325581395,0.7506923809523774,0.03718000000000356,0.7135123809523739,0.84
17435,simple_q090_a008,False,0.8522727272727273,0.054285714285714284,0.2159090909090909,0.1595744680851064,0.8404255319148937,0.7840909090909091,0.7557790476190442,0.05631999999999951,0.6994590476190448,0.9
17435,simple_q090_a016,False,0.8395061728395061,0.06142857142857143,0.2962962962962963,0.12199807877041306,0.878001921229587,0.7037037037037037,0.7154971428571395,0.05631999999999951,0.65917714285714,0.9
17435,tdc_evidence_validated,True,0.8589743589743589,0.06142857142857143,0.2564102564102564,0.1981891348088531,0.8018108651911469,0.7435897435897436,0.7271352380952346,0.01348032637224493,0.7136549117229897,0.9074440135782516
17436,simple_q076_a008,False,0.8125,0.1357142857142857,0.3125,0.22768304914744233,0.7723169508525577,0.6875,0.695064761904757,0.017820000000000367,0.6772447619047566,0.76
17436,simple_q084_a008,False,0.7777777777777778,0.09857142857142857,0.345679012345679,0.19182083739045763,0.8081791626095424,0.654320987654321,0.7251304761904721,0.03718000000000356,0.6879504761904686,0.84
17436,simple_q090_a008,False,0.7922077922077922,0.05285714285714286,0.3116883116883117,0.1650197628458498,0.8349802371541502,0.6883116883116883,0.7552780952380916,0.05631999999999951,0.6989580952380922,0.9
17436,simple_q090_a016,False,0.8791208791208791,0.05714285714285714,0.2967032967032967,0.1082375478927203,0.8917624521072797,0.7032967032967032,0.7755914285714256,0.05631999999999951,0.7192714285714261,0.9
17436,tdc_evidence_validated,True,0.8615384615384616,0.05,0.35384615384615387,0.16973415132924335,0.8302658486707566,0.6461538461538461,0.73641333333333,0.014472637394953965,0.7219406959383761,0.9066905063423178
17437,simple_q076_a008,False,0.7976190476190477,0.1442857142857143,0.30952380952380953,0.2504911591355599,0.7495088408644401,0.6904761904761905,0.6904038095238045,0.017820000000000367,0.6725838095238041,0.76
17437,simple_q084_a008,False,0.8767123287671232,0.07857142857142857,0.3424657534246575,0.17034068136272545,0.8296593186372745,0.6575342465753424,0.7138019047619006,0.03718000000000356,0.6766219047618971,0.84
17437,simple_q090_a008,False,0.8181818181818182,0.06714285714285714,0.2987012987012987,0.13232323232323231,0.8676767676767677,0.7012987012987013,0.7557580952380917,0.05631999999999951,0.6994380952380922,0.9
17437,simple_q090_a016,False,0.8,0.05857142857142857,0.33,0.130879345603272,0.869120654396728,0.6699999999999999,0.7149495238095209,0.05631999999999951,0.6586295238095214,0.9
17437,tdc_evidence_validated,True,0.8333333333333334,0.05285714285714286,0.358974358974359,0.17254528122020973,0.8274547187797903,0.641025641025641,0.7199990476190439,0.013255983263591613,0.7067430643554523,0.9070808916410245
17438,simple_q076_a008,False,0.81,0.10285714285714286,0.35,0.2360557768924303,0.7639442231075697,0.65,0.6936380952380911,0.017820000000000367,0.6758180952380907,0.76
17438,simple_q084_a008,False,0.7662337662337663,0.10428571428571429,0.37662337662337664,0.14026236125126135,0.8597376387487387,0.6233766233766234,0.7093628571428533,0.03718000000000356,0.6721828571428498,0.84
17438,simple_q090_a008,False,0.8484848484848485,0.05714285714285714,0.26262626262626265,0.12537612838515547,0.8746238716148446,0.7373737373737373,0.7432590476190445,0.05631999999999951,0.686939047619045,0.9
17438,simple_q090_a016,False,0.8902439024390244,0.06857142857142857,0.21951219512195122,0.11067580803134182,0.8893241919686582,0.7804878048780488,0.7607361904761876,0.05631999999999951,0.7044161904761881,0.9
17438,tdc_evidence_validated,True,0.8541666666666666,0.037142857142857144,0.3020833333333333,0.18236472945891782,0.8176352705410822,0.6979166666666667,0.7171371428571394,0.013703168788094864,0.7034339740690445,0.9097182351633888
17439,simple_q076_a008,False,0.7934782608695652,0.12571428571428572,0.33695652173913043,0.234,0.766,0.6630434782608696,0.7002495238095192,0.017820000000000367,0.6824295238095188,0.76
17439,simple_q084_a008,False,0.7954545454545454,0.08142857142857143,0.32954545454545453,0.19215686274509805,0.807843137254902,0.6704545454545454,0.7202980952380914,0.03718000000000356,0.6831180952380879,0.84
17439,simple_q090_a008,False,0.8235294117647058,0.07142857142857142,0.3176470588235294,0.1424390243902439,0.8575609756097561,0.6823529411764706,0.7347809523809485,0.05631999999999951,0.6784609523809491,0.9
17439,simple_q090_a016,False,0.8701298701298701,0.05714285714285714,0.2987012987012987,0.109284332688588,0.890715667311412,0.7012987012987013,0.748732380952378,0.05631999999999951,0.6924123809523786,0.9
17439,tdc_evidence_validated,True,0.85,0.06285714285714286,0.31,0.1596884128529698,0.8403115871470301,0.69,0.7399371428571391,0.01566502525000834,0.7242721176071307,0.9098130442692083
17440,simple_q076_a008,False,0.5915492957746479,0.13285714285714287,0.4647887323943662,0.23715415019762845,0.7628458498023716,0.5352112676056338,0.6855104761904716,0.017820000000000367,0.6676904761904712,0.76
17440,simple_q084_a008,False,0.8045977011494253,0.08857142857142856,0.3448275862068966,0.19452590420332355,0.8054740957966764,0.6551724137931034,0.6749257142857109,0.03718000000000356,0.6377457142857074,0.84
17440,simple_q090_a008,False,0.7837837837837838,0.055714285714285716,0.33783783783783783,0.1324110671936759,0.8675889328063241,0.6621621621621622,0.7290971428571389,0.05631999999999951,0.6727771428571394,0.9
17440,simple_q090_a016,False,0.7972972972972973,0.06571428571428571,0.3918918918918919,0.11607142857142858,0.8839285714285714,0.6081081081081081,0.7544028571428536,0.05631999999999951,0.6980828571428541,0.9
17440,tdc_evidence_validated,True,0.8068181818181818,0.07,0.3522727272727273,0.17137096774193547,0.8286290322580645,0.6477272727272727,0.7302238095238063,0.014634014111684433,0.7155897954121219,0.9077894608512408
17441,simple_q076_a008,False,0.8072289156626506,0.14714285714285713,0.30120481927710846,0.22424242424242424,0.7757575757575758,0.6987951807228916,0.6724761904761858,0.017820000000000367,0.6546561904761854,0.76
17441,simple_q084_a008,False,0.8404255319148937,0.08571428571428572,0.2872340425531915,0.1953125,0.8046875,0.7127659574468085,0.7408304761904724,0.03718000000000356,0.7036504761904688,0.84
17441,simple_q090_a008,False,0.7349397590361446,0.07142857142857142,0.43373493975903615,0.14638971315529178,0.8536102868447082,0.5662650602409638,0.7403399999999969,0.05631999999999951,0.6840199999999974,0.9
17441,simple_q090_a016,False,0.8705882352941177,0.06285714285714286,0.29411764705882354,0.13333333333333333,0.8666666666666667,0.7058823529411764,0.7516466666666635,0.05631999999999951,0.695326666666664,0.9
17441,tdc_evidence_validated,True,0.9052631578947369,0.047142857142857146,0.2736842105263158,0.19653179190751446,0.8034682080924855,0.7263157894736842,0.7455914285714249,0.014151910901949628,0.7314395176694752,0.9108886069543818
17442,simple_q076_a008,False,0.6875,0.12571428571428572,0.421875,0.24671385237613752,0.7532861476238625,0.578125,0.6828676190476145,0.017820000000000367,0.6650476190476141,0.76
17442,simple_q084_a008,False,0.7850467289719626,0.09,0.35514018691588783,0.17929050814956854,0.8207094918504314,0.6448598130841121,0.7106866666666632,0.03718000000000356,0.6735066666666597,0.84
17442,simple_q090_a008,False,0.7888888888888889,0.04857142857142857,0.3111111111111111,0.136669874879692,0.863330125120308,0.6888888888888889,0.737510476190473,0.05631999999999951,0.6811904761904736,0.9
17442,simple_q090_a016,False,0.9222222222222223,0.06285714285714286,0.2,0.13068731848983542,0.8693126815101646,0.8,0.777181904761902,0.05631999999999951,0.7208619047619025,0.9
17442,tdc_evidence_validated,True,0.8333333333333334,0.03571428571428571,0.28205128205128205,0.18793273986152326,0.8120672601384767,0.717948717948718,0.7375838095238059,0.014015804909691815,0.7235680046141141,0.9091482857374155
17443,simple_q076_a008,False,0.7792207792207793,0.14,0.35064935064935066,0.22478386167146974,0.7752161383285303,0.6493506493506493,0.7167866666666621,0.017820000000000367,0.6989666666666617,0.76
17443,simple_q084_a008,False,0.8260869565217391,0.09428571428571429,0.2608695652173913,0.17087967644084934,0.8291203235591507,0.7391304347826086,0.7363523809523769,0.03718000000000356,0.6991723809523733,0.84
17443,simple_q090_a008,False,0.813953488372093,0.05714285714285714,0.32558139534883723,0.14454277286135694,0.855457227138643,0.6744186046511628,0.7578628571428541,0.05631999999999951,0.7015428571428546,0.9
17443,simple_q090_a016,False,0.9,0.05142857142857143,0.2857142857142857,0.09126984126984126,0.9087301587301587,0.7142857142857143,0.7980466666666639,0.05631999999999951,0.7417266666666644,0.9
17443,tdc_evidence_validated,True,0.7402597402597403,0.05714285714285714,0.42857142857142855,0.16306483300589392,0.8369351669941061,0.5714285714285714,0.7263323809523773,0.01436837847439105,0.7119640024779862,0.9064943834248911
17444,simple_q076_a008,False,0.7012987012987013,0.13,0.45454545454545453,0.22401614530776992,0.7759838546922301,0.5454545454545454,0.7124199999999955,0.017820000000000367,0.6945999999999951,0.76
17444,simple_q084_a008,False,0.8589743589743589,0.08714285714285715,0.3974358974358974,0.17365269461077845,0.8263473053892215,0.6025641025641026,0.7317057142857105,0.03718000000000356,0.694525714285707,0.84
17444,simple_q090_a008,False,0.8611111111111112,0.07285714285714286,0.2916666666666667,0.13457760314341846,0.8654223968565815,0.7083333333333333,0.7626628571428539,0.05631999999999951,0.7063428571428544,0.9
17444,simple_q090_a016,False,0.8051948051948052,0.06571428571428571,0.2857142857142857,0.12840466926070038,0.8715953307392996,0.7142857142857143,0.7554657142857111,0.05631999999999951,0.6991457142857116,0.9
17444,tdc_evidence_validated,True,0.9078947368421053,0.06571428571428571,0.27631578947368424,0.19014084507042253,0.8098591549295775,0.7236842105263157,0.7140895238095197,0.013655595985981367,0.7004339278235384,0.9072713254376579
17445,simple_q076_a008,False,0.9130434782608695,0.15,0.2318840579710145,0.23061630218687873,0.7693836978131212,0.7681159420289855,0.7162647619047571,0.017820000000000367,0.6984447619047567,0.76
17445,simple_q084_a008,False,0.7901234567901234,0.07,0.32098765432098764,0.17220543806646527,0.8277945619335347,0.6790123456790124,0.7266828571428533,0.03718000000000356,0.6895028571428498,0.84
17445,simple_q090_a008,False,0.8289473684210527,0.07,0.3026315789473684,0.12338308457711443,0.8766169154228856,0.6973684210526316,0.7563476190476158,0.05631999999999951,0.7000276190476163,0.9
17445,simple_q090_a016,False,0.8,0.06285714285714286,0.3176470588235294,0.1,0.9,0.6823529411764706,0.7521523809523778,0.05631999999999951,0.6958323809523783,0.9
17445,tdc_evidence_validated,True,0.8658536585365854,0.047142857142857146,0.2682926829268293,0.17881438289601556,0.8211856171039844,0.7317073170731707,0.6943419047619009,0.012825049102992954,0.681516855658908,0.9083209354155783
17446,simple_q076_a008,False,0.813953488372093,0.13428571428571429,0.36046511627906974,0.2147783251231527,0.7852216748768472,0.6395348837209303,0.6942980952380903,0.017820000000000367,0.6764780952380899,0.76
17446,simple_q084_a008,False,0.8351648351648352,0.06714285714285714,0.3076923076923077,0.18858307849133538,0.8114169215086646,0.6923076923076923,0.7099761904761869,0.03718000000000356,0.6727961904761833,0.84
17446,simple_q090_a008,False,0.8378378378378378,0.07285714285714286,0.20270270270270271,0.13992172211350293,0.860078277886497,0.7972972972972973,0.7785580952380923,0.05631999999999951,0.7222380952380928,0.9
17446,simple_q090_a016,False,0.803030303030303,0.05142857142857143,0.3333333333333333,0.12941176470588237,0.8705882352941177,0.6666666666666667,0.7612590476190447,0.05631999999999951,0.7049390476190452,0.9
17446,tdc_evidence_validated,True,0.8,0.06714285714285714,0.37333333333333335,0.1724470134874759,0.8275529865125241,0.6266666666666667,0.6979057142857107,0.014367597719781465,0.6835381165659292,0.9053305814857948
17447,simple_q076_a008,False,0.6951219512195121,0.1357142857142857,0.4146341463414634,0.2110792741165234,0.7889207258834766,0.5853658536585367,0.6729276190476148,0.017820000000000367,0.6551076190476144,0.76
17447,simple_q084_a008,False,0.6966292134831461,0.08285714285714285,0.4044943820224719,0.19760479041916168,0.8023952095808383,0.5955056179775281,0.7155809523809489,0.03718000000000356,0.6784009523809453,0.84
17447,simple_q090_a008,False,0.8571428571428571,0.07,0.32857142857142857,0.15148514851485148,0.8485148514851485,0.6714285714285715,0.744436190476187,0.05631999999999951,0.6881161904761876,0.9
17447,simple_q090_a016,False,0.8360655737704918,0.06428571428571428,0.32786885245901637,0.11523046092184369,0.8847695390781563,0.6721311475409837,0.7203171428571399,0.05631999999999951,0.6639971428571404,0.9
17447,tdc_evidence_validated,True,0.8142857142857143,0.05142857142857143,0.2714285714285714,0.18044354838709678,0.8195564516129032,0.7285714285714286,0.753337142857139,0.013286355846344671,0.7400507870107944,0.9079198300585329
17448,simple_q076_a008,False,0.782608695652174,0.1357142857142857,0.41304347826086957,0.2446601941747573,0.7553398058252427,0.5869565217391304,0.6966771428571381,0.017820000000000367,0.6788571428571377,0.76
17448,simple_q084_a008,False,0.8433734939759037,0.09571428571428571,0.26506024096385544,0.18029556650246306,0.819704433497537,0.7349397590361446,0.7553599999999958,0.03718000000000356,0.7181799999999923,0.84
17448,simple_q090_a008,False,0.8421052631578947,0.05142857142857143,0.3157894736842105,0.16200578592092574,0.8379942140790743,0.6842105263157895,0.7122780952380914,0.05631999999999951,0.6559580952380919,0.9
17448,simple_q090_a016,False,0.8194444444444444,0.06285714285714286,0.3194444444444444,0.11534701857282502,0.884652981427175,0.6805555555555556,0.7267304761904726,0.05631999999999951,0.6704104761904731,0.9
17448,tdc_evidence_validated,True,0.9240506329113924,0.06857142857142857,0.26582278481012656,0.153,0.847,0.7341772151898734,0.7430733333333296,0.015314463700866313,0.7277588696324633,0.911690460234835
17449,simple_q076_a008,False,0.7368421052631579,0.12428571428571429,0.45614035087719296,0.23046875,0.76953125,0.543859649122807,0.7084619047619004,0.017820000000000367,0.6906419047619,0.76
17449,simple_q084_a008,False,0.7702702702702703,0.08285714285714285,0.4594594594594595,0.19242273180458624,0.8075772681954138,0.5405405405405406,0.6751647619047575,0.03718000000000356,0.637984761904754,0.84
17449,simple_q090_a008,False,0.8125,0.05285714285714286,0.2875,0.13385826771653545,0.8661417322834646,0.7125,0.7495504761904727,0.05631999999999951,0.6932304761904732,0.9
17449,simple_q090_a016,False,0.8372093023255814,0.054285714285714284,0.27906976744186046,0.1086105675146771,0.8913894324853229,0.7209302325581395,0.7703495238095205,0.05631999999999951,0.714029523809521,0.9
17449,tdc_evidence_validated,True,0.7941176470588235,0.05714285714285714,0.3382352941176471,0.1885880077369439,0.811411992263056,0.6617647058823529,0.7404485714285675,0.013233091432361739,0.7272154799962057,0.906125686044457
17450,simple_q076_a008,False,0.686046511627907,0.12428571428571429,0.47674418604651164,0.20726915520628683,0.7927308447937131,0.5232558139534884,0.6800676190476148,0.017820000000000367,0.6622476190476144,0.76
17450,simple_q084_a008,False,0.8313253012048193,0.09714285714285714,0.30120481927710846,0.1793103448275862,0.8206896551724138,0.6987951807228916,0.7583876190476152,0.03718000000000356,0.7212076190476117,0.84
17450,simple_q090_a008,False,0.8235294117647058,0.05857142857142857,0.3058823529411765,0.13762376237623763,0.8623762376237624,0.6941176470588235,0.7359314285714258,0.05631999999999951,0.6796114285714263,0.9
17450,simple_q090_a016,False,0.7777777777777778,0.05857142857142857,0.2839506172839506,0.1036468330134357,0.8963531669865643,0.7160493827160495,0.7419866666666637,0.05631999999999951,0.6856666666666642,0.9
17450,tdc_evidence_validated,True,0.7738095238095238,0.05142857142857143,0.36904761904761907,0.17369477911646586,0.8263052208835342,0.6309523809523809,0.7134476190476152,0.013881070194453261,0.6995665488531619,0.9072399430203943
17451,simple_q076_a008,False,0.7848101265822784,0.11428571428571428,0.31645569620253167,0.24206349206349206,0.7579365079365079,0.6835443037974683,0.6942809523809477,0.017820000000000367,0.6764609523809473,0.76
17451,simple_q084_a008,False,0.8505747126436781,0.10142857142857142,0.26436781609195403,0.19563058589870905,0.8043694141012909,0.735632183908046,0.7145495238095202,0.03718000000000356,0.6773695238095166,0.84
17451,simple_q090_a008,False,0.8205128205128205,0.05857142857142857,0.32051282051282054,0.13992172211350293,0.860078277886497,0.6794871794871795,0.7520599999999963,0.05631999999999951,0.6957399999999968,0.9
17451,simple_q090_a016,False,0.7142857142857143,0.041428571428571426,0.39285714285714285,0.11911911911911911,0.8808808808808809,0.6071428571428572,0.7726828571428542,0.05631999999999951,0.7163628571428547,0.9
17451,tdc_evidence_validated,True,0.7901234567901234,0.04285714285714286,0.2839506172839506,0.19148936170212766,0.8085106382978724,0.7160493827160495,0.7707942857142823,0.014128034530689684,0.7566662511835927,0.9112167565424032
17452,simple_q076_a008,False,0.7472527472527473,0.10714285714285714,0.4175824175824176,0.21939275220372184,0.7806072477962782,0.5824175824175823,0.6672561904761859,0.017820000000000367,0.6494361904761855,0.76
17452,simple_q084_a008,False,0.7349397590361446,0.08571428571428572,0.3855421686746988,0.1701492537313433,0.8298507462686567,0.6144578313253012,0.731474285714282,0.03718000000000356,0.6942942857142784,0.84
17452,simple_q090_a008,False,0.8192771084337349,0.07285714285714286,0.37349397590361444,0.1253616200578592,0.8746383799421408,0.6265060240963856,0.7669419047619014,0.05631999999999951,0.7106219047619019,0.9
17452,simple_q090_a016,False,0.7888888888888889,0.06142857142857143,0.3333333333333333,0.11208576998050682,0.8879142300194932,0.6666666666666667,0.7421266666666639,0.05631999999999951,0.6858066666666645,0.9
17452,tdc_evidence_validated,True,0.8125,0.07142857142857142,0.3,0.17857142857142858,0.8214285714285714,0.7,0.7545819047619013,0.014241235867848211,0.7403406688940531,0.9091701391592819
17453,simple_q076_a008,False,0.8441558441558441,0.12285714285714286,0.2987012987012987,0.23804878048780487,0.7619512195121951,0.7012987012987013,0.7141285714285667,0.017820000000000367,0.6963085714285663,0.76
17453,simple_q084_a008,False,0.7941176470588235,0.08857142857142856,0.3235294117647059,0.15717092337917485,0.8428290766208252,0.6764705882352942,0.7386590476190432,0.03718000000000356,0.7014790476190397,0.84
17453,simple_q090_a008,False,0.7162162162162162,0.06142857142857143,0.32432432432432434,0.1348973607038123,0.8651026392961877,0.6756756756756757,0.773645714285711,0.05631999999999951,0.7173257142857116,0.9
17453,simple_q090_a016,False,0.9066666666666666,0.04,0.28,0.1104594330400782,0.8895405669599218,0.72,0.7497371428571398,0.05631999999999951,0.6934171428571403,0.9
17453,tdc_evidence_validated,True,0.8873239436619719,0.054285714285714284,0.2535211267605634,0.17485265225933203,0.825147347740668,0.7464788732394366,0.722131428571425,0.014707891724250974,0.707423536847174,0.9090656497716911
17454,simple_q076_a008,False,0.7702702702702703,0.15571428571428572,0.2972972972972973,0.22393822393822393,0.7760617760617761,0.7027027027027026,0.7095704761904711,0.017820000000000367,0.6917504761904707,0.76
17454,simple_q084_a008,False,0.7866666666666666,0.09857142857142857,0.3333333333333333,0.19204655674102813,0.8079534432589719,0.6666666666666667,0.7078047619047575,0.03718000000000356,0.670624761904754,0.84
17454,simple_q090_a008,False,0.8488372093023255,0.06571428571428571,0.3372093023255814,0.1506442021803766,0.8493557978196233,0.6627906976744187,0.7398742857142829,0.05631999999999951,0.6835542857142834,0.9
17454,simple_q090_a016,False,0.8695652173913043,0.055714285714285716,0.2753623188405797,0.10059171597633136,0.8994082840236687,0.7246376811594203,0.7806542857142827,0.05631999999999951,0.7243342857142833,0.9
17454,tdc_evidence_validated,True,0.8918918918918919,0.05857142857142857,0.21621621621621623,0.17617617617617617,0.8238238238238238,0.7837837837837838,0.692743809523806,0.013942350230526047,0.67880145929328,0.9092995288887247
17455,simple_q076_a008,False,0.7558139534883721,0.13,0.43023255813953487,0.22789783889980353,0.7721021611001965,0.5697674418604651,0.6795142857142812,0.017820000000000367,0.6616942857142808,0.76
17455,simple_q084_a008,False,0.8314606741573034,0.08,0.3146067415730337,0.17759838546922302,0.822401614530777,0.6853932584269663,0.7215447619047578,0.03718000000000356,0.6843647619047543,0.84
17455,simple_q090_a008,False,0.8461538461538461,0.06571428571428571,0.3333333333333333,0.14720314033366044,0.8527968596663396,0.6666666666666667,0.7637561904761869,0.05631999999999951,0.7074361904761874,0.9
17455,simple_q090_a016,False,0.8333333333333334,0.06142857142857143,0.2948717948717949,0.12698412698412698,0.873015873015873,0.7051282051282051,0.7276228571428539,0.05631999999999951,0.6713028571428544,0.9
17455,tdc_evidence_validated,True,0.8412698412698413,0.06285714285714286,0.3492063492063492,0.17658536585365853,0.8234146341463415,0.6507936507936508,0.7610771428571392,0.013530814987435769,0.7475463278697034,0.9063370835493932
17456,simple_q076_a008,False,0.7974683544303798,0.13714285714285715,0.31645569620253167,0.22793404461687683,0.7720659553831232,0.6835443037974683,0.7075676190476143,0.017820000000000367,0.689747619047614,0.76
17456,simple_q084_a008,False,0.8205128205128205,0.11142857142857143,0.38461538461538464,0.16310679611650486,0.8368932038834951,0.6153846153846154,0.7329352380952343,0.03718000000000356,0.6957552380952308,0.84
17456,simple_q090_a008,False,0.9156626506024096,0.06142857142857143,0.30120481927710846,0.1419939577039275,0.8580060422960725,0.6987951807228916,0.7619485714285682,0.05631999999999951,0.7056285714285687,0.9
17456,simple_q090_a016,False,0.8133333333333334,0.04857142857142857,0.3333333333333333,0.10385756676557864,0.8961424332344213,0.6666666666666667,0.7307371428571395,0.05631999999999951,0.67441714285714,0.9
17456,tdc_evidence_validated,True,0.8181818181818182,0.054285714285714284,0.3484848484848485,0.1746641074856046,0.8253358925143954,0.6515151515151515,0.7472542857142822,0.014248013031360111,0.7330062726829221,0.9092557862423327
17457,simple_q076_a008,False,0.7901234567901234,0.13,0.38271604938271603,0.24532019704433497,0.7546798029556651,0.617283950617284,0.6957647619047566,0.017820000000000367,0.6779447619047562,0.76
17457,simple_q084_a008,False,0.8023255813953488,0.07571428571428572,0.27906976744186046,0.1632047477744807,0.8367952522255193,0.7209302325581395,0.7219990476190434,0.03718000000000356,0.6848190476190399,0.84
17457,simple_q090_a008,False,0.8518518518518519,0.06428571428571428,0.2716049382716049,0.14587525150905434,0.8541247484909457,0.7283950617283951,0.7667647619047588,0.05631999999999951,0.7104447619047594,0.9
17457,simple_q090_a016,False,0.85,0.07142857142857142,0.3375,0.1278048780487805,0.8721951219512195,0.6625,0.759024761904759,0.05631999999999951,0.7027047619047595,0.9
17457,tdc_evidence_validated,True,0.8208955223880597,0.05857142857142857,0.34328358208955223,0.1814516129032258,0.8185483870967742,0.6567164179104478,0.7211314285714249,0.013091187661041543,0.7080402409103833,0.9061217532302622
17458,simple_q076_a008,False,0.7419354838709677,0.13428571428571429,0.3978494623655914,0.24601593625498008,0.7539840637450199,0.6021505376344086,0.6615228571428525,0.017820000000000367,0.6437028571428521,0.76
17458,simple_q084_a008,False,0.8658536585365854,0.08,0.3048780487804878,0.17953667953667954,0.8204633204633205,0.6951219512195121,0.7413219047619005,0.03718000000000356,0.704141904761897,0.84
17458,simple_q090_a008,False,0.8494623655913979,0.06857142857142857,0.2903225806451613,0.134765625,0.865234375,0.7096774193548387,0.7356514285714254,0.05631999999999951,0.6793314285714259,0.9
17458,simple_q090_a016,False,0.8470588235294118,0.06571428571428571,0.25882352941176473,0.10166177908113393,0.8983382209188661,0.7411764705882353,0.7671428571428541,0.05631999999999951,0.7108228571428546,0.9
17458,tdc_evidence_validated,True,0.8260869565217391,0.045714285714285714,0.31521739130434784,0.18725868725868725,0.8127413127413128,0.6847826086956521,0.70204571428571,0.012357366975969538,0.6896883473097405,0.9045321514769701
17459,simple_q076_a008,False,0.6904761904761905,0.12142857142857143,0.47619047619047616,0.1967833491012299,0.8032166508987701,0.5238095238095238,0.6602266666666626,0.017820000000000367,0.6424066666666622,0.76
17459,simple_q084_a008,False,0.7901234567901234,0.07714285714285714,0.30864197530864196,0.15422396856581533,0.8457760314341847,0.691358024691358,0.7175057142857111,0.03718000000000356,0.6803257142857075,0.84
17459,simple_q090_a008,False,0.8701298701298701,0.055714285714285716,0.2987012987012987,0.13313896987366375,0.8668610301263362,0.7012987012987013,0.7625228571428538,0.05631999999999951,0.7062028571428544,0.9
17459,simple_q090_a016,False,0.8783783783783784,0.06571428571428571,0.25675675675675674,0.12115384615384615,0.8788461538461538,0.7432432432432432,0.7728923809523783,0.05631999999999951,0.7165723809523789,0.9
17459,tdc_evidence_validated,True,0.813953488372093,0.06,0.26744186046511625,0.17357001972386588,0.8264299802761341,0.7325581395348837,0.7186742857142824,0.014146961657875321,0.7045273240564071,0.9103648477272557
17460,simple_q076_a008,False,0.7540983606557377,0.1657142857142857,0.32786885245901637,0.21890547263681592,0.7810945273631841,0.6721311475409837,0.7136733333333289,0.017820000000000367,0.6958533333333285,0.76
17460,simple_q084_a008,False,0.8194444444444444,0.09428571428571429,0.3472222222222222,0.16517412935323383,0.8348258706467662,0.6527777777777778,0.7100647619047578,0.03718000000000356,0.6728847619047542,0.84
17460,simple_q090_a008,False,0.8191489361702128,0.047142857142857146,0.3829787234042553,0.1560077519379845,0.8439922480620154,0.6170212765957447,0.73897714285714,0.05631999999999951,0.6826571428571405,0.9
17460,simple_q090_a016,False,0.8732394366197183,0.04857142857142857,0.23943661971830985,0.11012782694198624,0.8898721730580138,0.7605633802816901,0.7853971428571402,0.05631999999999951,0.7290771428571408,0.9
17460,tdc_evidence_validated,True,0.7865168539325843,0.055714285714285716,0.34831460674157305,0.19740777666999004,0.80259222333001,0.651685393258427,0.6894942857142818,0.013274451275039177,0.6762198344392427,0.9049947888020772
17461,simple_q076_a008,False,0.8021978021978022,0.13285714285714287,0.32967032967032966,0.2249269717624148,0.7750730282375852,0.6703296703296704,0.6850333333333283,0.017820000000000367,0.6672133333333279,0.76
17461,simple_q084_a008,False,0.8552631578947368,0.08,0.2894736842105263,0.1665043816942551,0.8334956183057449,0.7105263157894737,0.731680952380949,0.03718000000000356,0.6945009523809454,0.84
17461,simple_q090_a008,False,0.8214285714285714,0.07285714285714286,0.2857142857142857,0.14984709480122324,0.8501529051987767,0.7142857142857143,0.7478914285714254,0.05631999999999951,0.691571428571426,0.9
17461,simple_q090_a016,False,0.7926829268292683,0.05714285714285714,0.32926829268292684,0.11827956989247312,0.8817204301075269,0.6707317073170731,0.7280933333333302,0.05631999999999951,0.6717733333333307,0.9
17461,tdc_evidence_validated,True,0.8588235294117647,0.05857142857142857,0.29411764705882354,0.17145688800792863,0.8285431119920714,0.7058823529411764,0.7138314285714253,0.014298226167723544,0.6995332024037018,0.9081139887033067
17462,simple_q076_a008,False,0.7701149425287356,0.13285714285714287,0.3333333333333333,0.21095334685598377,0.7890466531440162,0.6666666666666667,0.7025980952380908,0.017820000000000367,0.6847780952380904,0.76
17462,simple_q084_a008,False,0.7435897435897436,0.09142857142857143,0.38461538461538464,0.19123505976095617,0.8087649402390438,0.6153846153846154,0.7119199999999963,0.03718000000000356,0.6747399999999928,0.84
17462,simple_q090_a008,False,0.9,0.045714285714285714,0.3125,0.15227934044616878,0.8477206595538312,0.6875,0.7564409523809489,0.05631999999999951,0.7001209523809494,0.9
17462,simple_q090_a016,False,0.7872340425531915,0.06428571428571428,0.30851063829787234,0.0916256157635468,0.9083743842364532,0.6914893617021276,0.745648571428568,0.05631999999999951,0.6893285714285685,0.9
17462,tdc_evidence_validated,True,0.8555555555555555,0.06,0.23333333333333334,0.1812807881773399,0.81871921182266,0.7666666666666666,0.7258561904761865,0.01383676317533562,0.7120194273008509,0.9095474986871952
17463,simple_q076_a008,False,0.8148148148148148,0.12571428571428572,0.3333333333333333,0.22006141248720573,0.7799385875127942,0.6666666666666667,0.7245819047619,0.017820000000000367,0.7067619047618996,0.76
17463,simple_q084_a008,False,0.8152173913043478,0.11142857142857143,0.29347826086956524,0.1793372319688109,0.8206627680311891,0.7065217391304348,0.7287895238095196,0.03718000000000356,0.691609523809516,0.84
17463,simple_q090_a008,False,0.8375,0.055714285714285716,0.3,0.12133072407045009,0.8786692759295499,0.7,0.7972885714285682,0.05631999999999951,0.7409685714285688,0.9
17463,simple_q090_a016,False,0.8571428571428571,0.07,0.3,0.10009910802775025,0.8999008919722498,0.7,0.769127619047616,0.05631999999999951,0.7128076190476165,0.9
17463,tdc_evidence_validated,True,0.84,0.054285714285714284,0.30666666666666664,0.15902439024390244,0.8409756097560975,0.6933333333333334,0.7515571428571389,0.01506906909527159,0.7364880737618673,0.9090254582548205
17464,simple_q076_a008,False,0.75,0.13,0.375,0.22796352583586627,0.7720364741641337,0.625,0.672867619047615,0.017820000000000367,0.6550476190476147,0.76
17464,simple_q084_a008,False,0.8554216867469879,0.10285714285714286,0.27710843373493976,0.16600397614314116,0.8339960238568589,0.7228915662650602,0.7527133333333297,0.03718000000000356,0.7155333333333261,0.84
17464,simple_q090_a008,False,0.7721518987341772,0.06,0.3670886075949367,0.128131021194605,0.871868978805395,0.6329113924050633,0.7449247619047589,0.05631999999999951,0.6886047619047594,0.9
17464,simple_q090_a016,False,0.8170731707317073,0.06714285714285714,0.34146341463414637,0.1159274193548387,0.8840725806451613,0.6585365853658536,0.7372142857142825,0.05631999999999951,0.680894285714283,0.9
17464,tdc_evidence_validated,True,0.8142857142857143,0.06571428571428571,0.32857142857142857,0.1749271137026239,0.8250728862973761,0.6714285714285715,0.7106676190476154,0.01367802162701804,0.6969895974205974,0.9062104644930051
17465,simple_q076_a008,False,0.6705882352941176,0.11714285714285715,0.4588235294117647,0.22731804586241275,0.7726819541375872,0.5411764705882354,0.6556923809523769,0.017820000000000367,0.6378723809523765,0.76
17465,simple_q084_a008,False,0.7121212121212122,0.09142857142857143,0.4090909090909091,0.16923076923076924,0.8307692307692307,0.5909090909090908,0.7260276190476148,0.03718000000000356,0.6888476190476113,0.84
17465,simple_q090_a008,False,0.9078947368421053,0.05285714285714286,0.2894736842105263,0.13440320962888666,0.8655967903711134,0.7105263157894737,0.7654942857142827,0.05631999999999951,0.7091742857142832,0.9
17465,simple_q090_a016,False,0.9381443298969072,0.06428571428571428,0.21649484536082475,0.12007874015748031,0.8799212598425197,0.7835051546391752,0.7521047619047588,0.05631999999999951,0.6957847619047594,0.9
17465,tdc_evidence_validated,True,0.8481012658227848,0.06714285714285714,0.31645569620253167,0.17953667953667954,0.8204633204633205,0.6835443037974683,0.7009666666666632,0.01421063148778736,0.6867560351788758,0.9094862089413158
17466,simple_q076_a008,False,0.7368421052631579,0.12285714285714286,0.35526315789473684,0.24668705402650357,0.7533129459734964,0.6447368421052632,0.689194285714281,0.017820000000000367,0.6713742857142806,0.76
17466,simple_q084_a008,False,0.8131868131868132,0.09142857142857143,0.3626373626373626,0.1878121878121878,0.8121878121878122,0.6373626373626373,0.721982857142854,0.03718000000000356,0.6848028571428505,0.84
17466,simple_q090_a008,False,0.9010989010989011,0.06142857142857143,0.24175824175824176,0.1661721068249258,0.8338278931750742,0.7582417582417582,0.7460999999999965,0.05631999999999951,0.6897799999999971,0.9
17466,simple_q090_a016,False,0.8555555555555555,0.06285714285714286,0.2777777777777778,0.11156186612576065,0.8884381338742393,0.7222222222222222,0.7471590476190446,0.05631999999999951,0.6908390476190451,0.9
17466,tdc_evidence_validated,True,0.813953488372093,0.06428571428571428,0.2558139534883721,0.18962075848303392,0.810379241516966,0.7441860465116279,0.6913952380952341,0.013229035791988189,0.6781662023032459,0.906736943736321
17467,simple_q076_a008,False,0.7468354430379747,0.1442857142857143,0.3924050632911392,0.23668639053254437,0.7633136094674556,0.6075949367088608,0.656059047619043,0.017820000000000367,0.6382390476190426,0.76
17467,simple_q084_a008,False,0.7701149425287356,0.08,0.3448275862068966,0.1710654936461388,0.8289345063538612,0.6551724137931034,0.7193304761904725,0.03718000000000356,0.682150476190469,0.84
17467,simple_q090_a008,False,0.8571428571428571,0.06,0.2976190476190476,0.1347305389221557,0.8652694610778443,0.7023809523809523,0.7708361904761872,0.05631999999999951,0.7145161904761878,0.9
17467,simple_q090_a016,False,0.7727272727272727,0.054285714285714284,0.30303030303030304,0.124750499001996,0.875249500998004,0.696969696969697,0.7337485714285679,0.05631999999999951,0.6774285714285684,0.9
17467,tdc_evidence_validated,True,0.8734177215189873,0.04857142857142857,0.25316455696202533,0.1796875,0.8203125,0.7468354430379747,0.7251457142857105,0.014292680673091942,0.7108530336126185,0.9096212475751281
17468,simple_q076_a008,False,0.8611111111111112,0.1357142857142857,0.2916666666666667,0.24155578300921188,0.7584442169907881,0.7083333333333333,0.69863809523809,0.017820000000000367,0.6808180952380896,0.76
17468,simple_q084_a008,False,0.7142857142857143,0.08428571428571428,0.4,0.17578125,0.82421875,0.6,0.703728571428567,0.03718000000000356,0.6665485714285635,0.84
17468,simple_q090_a008,False,0.8111111111111111,0.055714285714285716,0.3333333333333333,0.14990138067061143,0.8500986193293886,0.6666666666666667,0.7373504761904726,0.05631999999999951,0.6810304761904731,0.9
17468,simple_q090_a016,False,0.782608695652174,0.05285714285714286,0.358695652173913,0.10617760617760617,0.8938223938223938,0.6413043478260869,0.7433380952380921,0.05631999999999951,0.6870180952380927,0.9
17468,tdc_evidence_validated,True,0.8852459016393442,0.054285714285714284,0.2786885245901639,0.182720953326713,0.817279046673287,0.7213114754098361,0.7204723809523775,0.014258905972561787,0.7062134749798158,0.9087712109614674
17469,simple_q076_a008,False,0.7567567567567568,0.12857142857142856,0.36486486486486486,0.22865554465161925,0.7713444553483808,0.6351351351351351,0.7128466666666622,0.017820000000000367,0.6950266666666618,0.76
17469,simple_q084_a008,False,0.7530864197530864,0.09285714285714286,0.3333333333333333,0.1815505397448479,0.8184494602551521,0.6666666666666667,0.7442895238095198,0.03718000000000356,0.7071095238095163,0.84
17469,simple_q090_a008,False,0.8125,0.05714285714285714,0.3125,0.14299706170421156,0.8570029382957884,0.6875,0.7555571428571394,0.05631999999999951,0.6992371428571399,0.9
17469,simple_q090_a016,False,0.7934782608695652,0.05,0.29347826086956524,0.12609970674486803,0.873900293255132,0.7065217391304348,0.7266666666666636,0.05631999999999951,0.6703466666666641,0.9
17469,tdc_evidence_validated,True,0.8313253012048193,0.045714285714285714,0.26506024096385544,0.19234642497482377,0.8076535750251762,0.7349397590361446,0.7066819047619014,0.012549249769622912,0.6941326549922785,0.9085931793014034
17470,simple_q076_a008,False,0.7261904761904762,0.15571428571428572,0.3333333333333333,0.22319688109161792,0.776803118908382,0.6666666666666667,0.6795552380952333,0.017820000000000367,0.6617352380952329,0.76
17470,simple_q084_a008,False,0.7619047619047619,0.07857142857142857,0.30952380952380953,0.17378640776699028,0.8262135922330097,0.6904761904761905,0.7319809523809485,0.03718000000000356,0.694800952380945,0.84
17470,simple_q090_a008,False,0.8311688311688312,0.05857142857142857,0.2987012987012987,0.13667649950835792,0.8633235004916421,0.7012987012987013,0.7687228571428539,0.05631999999999951,0.7124028571428545,0.9
17470,simple_q090_a016,False,0.8,0.06142857142857143,0.38666666666666666,0.10824230387288977,0.8917576961271102,0.6133333333333333,0.748285714285711,0.05631999999999951,0.6919657142857115,0.9
17470,tdc_evidence_validated,True,0.85,0.05,0.3375,0.18383060635226178,0.8161693936477382,0.6625,0.7042428571428536,0.013139522410973603,0.69110333473188,0.9054892091765798
17471,simple_q076_a008,False,0.8115942028985508,0.11714285714285715,0.36231884057971014,0.228626320845341,0.771373679154659,0.6376811594202898,0.6942266666666616,0.017820000000000367,0.6764066666666612,0.76
17471,simple_q084_a008,False,0.8289473684210527,0.07,0.32894736842105265,0.1775609756097561,0.822439024390244,0.6710526315789473,0.7360904761904725,0.03718000000000356,0.698910476190469,0.84
17471,simple_q090_a008,False,0.8488372093023255,0.07285714285714286,0.26744186046511625,0.14729458917835672,0.8527054108216433,0.7325581395348837,0.7063371428571394,0.05631999999999951,0.65001714285714,0.9
17471,simple_q090_a016,False,0.8375,0.055714285714285716,0.3375,0.14271653543307086,0.8572834645669292,0.6625,0.7144714285714253,0.05631999999999951,0.6581514285714258,0.9
17471,tdc_evidence_validated,True,0.8987341772151899,0.06571428571428571,0.16455696202531644,0.1695736434108527,0.8304263565891473,0.8354430379746836,0.7310133333333295,0.014118180021298258,0.7168951533120312,0.9111150009520211
17472,simple_q076_a008,False,0.7625,0.13714285714285715,0.35,0.22044088176352705,0.779559118236473,0.65,0.7060914285714235,0.017820000000000367,0.6882714285714231,0.76
17472,simple_q084_a008,False,0.8076923076923077,0.11142857142857143,0.3076923076923077,0.1798994974874372,0.8201005025125628,0.6923076923076923,0.7333428571428532,0.03718000000000356,0.6961628571428496,0.84
17472,simple_q090_a008,False,0.8082191780821918,0.07714285714285714,0.3013698630136986,0.12524461839530332,0.8747553816046967,0.6986301369863014,0.7490638095238059,0.05631999999999951,0.6927438095238064,0.9
17472,simple_q090_a016,False,0.8518518518518519,0.06857142857142857,0.2839506172839506,0.10843373493975904,0.891566265060241,0.7160493827160495,0.7522914285714255,0.05631999999999951,0.695971428571426,0.9
17472,tdc_evidence_validated,True,0.8202247191011236,0.06,0.2696629213483146,0.1984732824427481,0.8015267175572519,0.7303370786516854,0.6929466666666628,0.014662318441505753,0.678284348225157,0.9087386321475288
17473,simple_q076_a008,False,0.8513513513513513,0.14,0.2972972972972973,0.2269155206286837,0.7730844793713163,0.7027027027027026,0.7114866666666622,0.017820000000000367,0.6936666666666618,0.76
17473,simple_q084_a008,False,0.8169014084507042,0.09857142857142857,0.30985915492957744,0.17131474103585656,0.8286852589641435,0.6901408450704225,0.7275742857142824,0.03718000000000356,0.6903942857142789,0.84
17473,simple_q090_a008,False,0.7887323943661971,0.06714285714285714,0.352112676056338,0.15,0.85,0.647887323943662,0.7467571428571395,0.05631999999999951,0.69043714285714,0.9
17473,simple_q090_a016,False,0.7540983606557377,0.06142857142857143,0.39344262295081966,0.11198428290766209,0.888015717092338,0.6065573770491803,0.7154104761904728,0.05631999999999951,0.6590904761904733,0.9
17473,tdc_evidence_validated,True,0.8279569892473119,0.041428571428571426,0.34408602150537637,0.1891891891891892,0.8108108108108107,0.6559139784946236,0.7045895238095198,0.014043024261258138,0.6905464995482616,0.906809140951597
17474,simple_q076_a008,False,0.8051948051948052,0.12142857142857143,0.3116883116883117,0.22011385199240988,0.7798861480075902,0.6883116883116883,0.6977495238095188,0.017820000000000367,0.6799295238095184,0.76
17474,simple_q084_a008,False,0.8181818181818182,0.07857142857142857,0.33766233766233766,0.18869828456104945,0.8113017154389506,0.6623376623376623,0.6897876190476152,0.03718000000000356,0.6526076190476117,0.84
17474,simple_q090_a008,False,0.7727272727272727,0.05142857142857143,0.375,0.1391304347826087,0.8608695652173913,0.625,0.7439152380952343,0.05631999999999951,0.6875952380952348,0.9
17474,simple_q090_a016,False,0.8804347826086957,0.05285714285714286,0.2826086956521739,0.11025886864813039,0.8897411313518696,0.7173913043478262,0.7296704761904725,0.05631999999999951,0.6733504761904731,0.9
17474,tdc_evidence_validated,True,0.9081632653061225,0.054285714285714284,0.2755102040816326,0.18687872763419483,0.8131212723658052,0.7244897959183674,0.7060219047619014,0.014362534049138153,0.6916593707127633,0.9087622895844764
17475,simple_q076_a008,False,0.7717391304347826,0.13142857142857142,0.358695652173913,0.22736418511066397,0.772635814889336,0.6413043478260869,0.6950447619047575,0.017820000000000367,0.6772247619047571,0.76
17475,simple_q084_a008,False,0.7738095238095238,0.09857142857142857,0.36904761904761907,0.16197866149369544,0.8380213385063046,0.6309523809523809,0.7384066666666627,0.03718000000000356,0.7012266666666591,0.84
17475,simple_q090_a008,False,0.8125,0.04857142857142857,0.3625,0.12868369351669942,0.8713163064833006,0.6375,0.7616895238095205,0.05631999999999951,0.705369523809521,0.9
17475,simple_q090_a016,False,0.8205128205128205,0.045714285714285714,0.2692307692307692,0.10402355250245339,0.8959764474975466,0.7307692307692308,0.7622438095238065,0.05631999999999951,0.7059238095238071,0.9
17475,tdc_evidence_validated,True,0.8505747126436781,0.045714285714285714,0.2988505747126437,0.1871968962172648,0.8128031037827352,0.7011494252873562,0.6936133333333299,0.013208987946387222,0.6804043453869426,0.9063004745322654
17476,simple_q076_a008,False,0.8333333333333334,0.13428571428571429,0.2916666666666667,0.224950884086444,0.775049115913556,0.7083333333333333,0.6993676190476142,0.017820000000000367,0.6815476190476139,0.76
17476,simple_q084_a008,False,0.8115942028985508,0.09857142857142857,0.2753623188405797,0.15952143569292124,0.8404785643070788,0.7246376811594203,0.7357599999999959,0.03718000000000356,0.6985799999999923,0.84
17476,simple_q090_a008,False,0.8625,0.06285714285714286,0.225,0.14299802761341224,0.8570019723865878,0.775,0.7481895238095202,0.05631999999999951,0.6918695238095207,0.9
17476,simple_q090_a016,False,0.8428571428571429,0.041428571428571426,0.22857142857142856,0.10358565737051793,0.896414342629482,0.7714285714285715,0.7752038095238063,0.05631999999999951,0.7188838095238068,0.9
17476,tdc_evidence_validated,True,0.8831168831168831,0.06285714285714286,0.24675324675324675,0.19490695396669933,0.8050930460333007,0.7532467532467533,0.722438095238092,0.012329258615282718,0.7101088366228093,0.907858111341614
17477,simple_q076_a008,False,0.8068181818181818,0.11571428571428571,0.32954545454545453,0.22879684418145957,0.7712031558185404,0.6704545454545454,0.7152523809523763,0.017820000000000367,0.6974323809523759,0.76
17477,simple_q084_a008,False,0.8736842105263158,0.07285714285714286,0.25263157894736843,0.17184466019417477,0.8281553398058252,0.7473684210526316,0.7486590476190439,0.03718000000000356,0.7114790476190404,0.84
17477,simple_q090_a008,False,0.7708333333333334,0.06142857142857143,0.3229166666666667,0.1295387634936212,0.8704612365063789,0.6770833333333333,0.7379399999999963,0.05631999999999951,0.6816199999999968,0.9
17477,simple_q090_a016,False,0.8405797101449275,0.047142857142857146,0.2318840579710145,0.10536585365853658,0.8946341463414634,0.7681159420289855,0.7507514285714252,0.05631999999999951,0.6944314285714257,0.9
17477,tdc_evidence_validated,True,0.76,0.047142857142857146,0.4266666666666667,0.19332679097154074,0.8066732090284593,0.5733333333333333,0.6607361904761869,0.012597364135123404,0.6481388263410636,0.9021902110031461
17478,simple_q076_a008,False,0.8,0.12,0.3764705882352941,0.21365853658536585,0.7863414634146342,0.6235294117647059,0.6784342857142812,0.017820000000000367,0.6606142857142808,0.76
17478,simple_q084_a008,False,0.7848101265822784,0.08285714285714285,0.3670886075949367,0.16386969397828233,0.8361303060217177,0.6329113924050633,0.7370428571428531,0.03718000000000356,0.6998628571428496,0.84
17478,simple_q090_a008,False,0.8295454545454546,0.07,0.26136363636363635,0.15946205571565802,0.8405379442843419,0.7386363636363636,0.7600990476190438,0.05631999999999951,0.7037790476190443,0.9
17478,simple_q090_a016,False,0.8488372093023255,0.06571428571428571,0.3023255813953488,0.12753036437246965,0.8724696356275303,0.6976744186046512,0.7464590476190444,0.05631999999999951,0.6901390476190449,0.9
17478,tdc_evidence_validated,True,0.8701298701298701,0.05714285714285714,0.2857142857142857,0.17567567567567569,0.8243243243243243,0.7142857142857143,0.7350266666666628,0.013923882044382292,0.7211027846222805,0.9094946584667054
17479,simple_q076_a008,False,0.7974683544303798,0.12428571428571429,0.3037974683544304,0.2325809617271835,0.7674190382728165,0.6962025316455696,0.7306066666666621,0.017820000000000367,0.7127866666666617,0.76
17479,simple_q084_a008,False,0.825,0.11428571428571428,0.3,0.16666666666666666,0.8333333333333334,0.7,0.712836190476186,0.03718000000000356,0.6756561904761824,0.84
17479,simple_q090_a008,False,0.8,0.03571428571428571,0.4,0.1540755467196819,0.8459244532803181,0.6,0.7375199999999964,0.05631999999999951,0.6811999999999969,0.9
17479,simple_q090_a016,False,0.8441558441558441,0.06142857142857143,0.2987012987012987,0.10946745562130178,0.8905325443786982,0.7012987012987013,0.7616114285714257,0.05631999999999951,0.7052914285714262,0.9
17479,tdc_evidence_validated,True,0.8082191780821918,0.05714285714285714,0.273972602739726,0.1534603811434303,0.8465396188565697,0.726027397260274,0.7490980952380917,0.014427080615417176,0.7346710146226745,0.9080662293910071
17480,simple_q076_a008,False,0.7831325301204819,0.14285714285714285,0.37349397590361444,0.2396039603960396,0.7603960396039604,0.6265060240963856,0.6932685714285669,0.017820000000000367,0.6754485714285665,0.76
17480,simple_q084_a008,False,0.8709677419354839,0.09428571428571429,0.27419354838709675,0.1792360430950049,0.8207639569049952,0.7258064516129032,0.7268257142857101,0.03718000000000356,0.6896457142857065,0.84
17480,simple_q090_a008,False,0.8701298701298701,0.05857142857142857,0.2597402597402597,0.14080459770114942,0.8591954022988506,0.7402597402597403,0.784196190476187,0.05631999999999951,0.7278761904761876,0.9
17480,simple_q090_a016,False,0.8333333333333334,0.06714285714285714,0.3611111111111111,0.0873405299313052,0.9126594700686947,0.6388888888888888,0.732021904761902,0.05631999999999951,0.6757019047619025,0.9
17480,tdc_evidence_validated,True,0.8658536585365854,0.04857142857142857,0.32926829268292684,0.1686626746506986,0.8313373253493014,0.6707317073170731,0.7113933333333294,0.01417021854177914,0.6972231147915503,0.9073678720344052
17481,simple_q076_a008,False,0.7407407407407407,0.11571428571428571,0.43209876543209874,0.21379980563654033,0.7862001943634597,0.5679012345679013,0.662291428571424,0.017820000000000367,0.6444714285714236,0.76
17481,simple_q084_a008,False,0.8125,0.09857142857142857,0.3,0.16666666666666666,0.8333333333333334,0.7,0.688221904761901,0.03718000000000356,0.6510419047618975,0.84
17481,simple_q090_a008,False,0.8,0.06285714285714286,0.325,0.13948919449901767,0.8605108055009824,0.675,0.7346580952380918,0.05631999999999951,0.6783380952380923,0.9
17481,simple_q090_a016,False,0.8636363636363636,0.06714285714285714,0.30303030303030304,0.10446247464503043,0.8955375253549696,0.696969696969697,0.7625904761904728,0.05631999999999951,0.7062704761904733,0.9
17481,tdc_evidence_validated,True,0.8314606741573034,0.054285714285714284,0.2696629213483146,0.17213930348258707,0.8278606965174129,0.7303370786516854,0.7399047619047585,0.014665194953424271,0.7252395669513343,0.9102560968259312
17482,simple_q076_a008,False,0.7532467532467533,0.14142857142857143,0.35064935064935066,0.24254473161033796,0.757455268389662,0.6493506493506493,0.6988809523809476,0.017820000000000367,0.6810609523809472,0.76
17482,simple_q084_a008,False,0.8,0.06428571428571428,0.32,0.1981891348088531,0.8018108651911469,0.6799999999999999,0.7308142857142819,0.03718000000000356,0.6936342857142783,0.84
17482,simple_q090_a008,False,0.8481012658227848,0.06285714285714286,0.2911392405063291,0.12015503875968993,0.8798449612403101,0.7088607594936709,0.7704485714285684,0.05631999999999951,0.7141285714285689,0.9
17482,simple_q090_a016,False,0.7808219178082192,0.05285714285714286,0.3287671232876712,0.12324649298597194,0.8767535070140281,0.6712328767123288,0.7346752380952347,0.05631999999999951,0.6783552380952352,0.9
17482,tdc_evidence_validated,True,0.8970588235294118,0.06571428571428571,0.23529411764705882,0.15445544554455445,0.8455445544554455,0.7647058823529411,0.7664428571428534,0.015036575625716846,0.7514062815171366,0.9093369958443769
17483,simple_q076_a008,False,0.8352941176470589,0.12857142857142856,0.29411764705882354,0.21042281219272368,0.7895771878072764,0.7058823529411764,0.7235628571428526,0.017820000000000367,0.7057428571428522,0.76
17483,simple_q084_a008,False,0.8309859154929577,0.09285714285714286,0.352112676056338,0.18375241779497098,0.816247582205029,0.647887323943662,0.7274666666666623,0.03718000000000356,0.6902866666666587,0.84
17483,simple_q090_a008,False,0.8536585365853658,0.04285714285714286,0.23170731707317074,0.1171259842519685,0.8828740157480315,0.7682926829268293,0.7752247619047585,0.05631999999999951,0.718904761904759,0.9
17483,simple_q090_a016,False,0.9230769230769231,0.05714285714285714,0.2692307692307692,0.10348258706467661,0.8965174129353234,0.7307692307692308,0.7810057142857111,0.05631999999999951,0.7246857142857116,0.9
17483,tdc_evidence_validated,True,0.7831325301204819,0.045714285714285714,0.3373493975903614,0.1881091617933723,0.8118908382066277,0.6626506024096386,0.7005838095238058,0.013693085136260323,0.6868907243875455,0.9058182448540901
17484,simple_q076_a008,False,0.7441860465116279,0.11428571428571428,0.3488372093023256,0.22469635627530365,0.7753036437246963,0.6511627906976745,0.6711352380952336,0.017820000000000367,0.6533152380952332,0.76
17484,simple_q084_a008,False,0.8028169014084507,0.07285714285714286,0.38028169014084506,0.1799043062200957,0.8200956937799043,0.619718309859155,0.7020571428571395,0.03718000000000356,0.664877142857136,0.84
17484,simple_q090_a008,False,0.8372093023255814,0.06,0.3372093023255814,0.14974874371859295,0.8502512562814071,0.6627906976744187,0.7314028571428537,0.05631999999999951,0.6750828571428542,0.9
17484,simple_q090_a016,False,0.8192771084337349,0.06285714285714286,0.3373493975903614,0.11067193675889328,0.8893280632411067,0.6626506024096386,0.7351419047619019,0.05631999999999951,0.6788219047619024,0.9
17484,tdc_evidence_validated,True,0.8026315789473685,0.055714285714285716,0.27631578947368424,0.2003968253968254,0.7996031746031746,0.7236842105263157,0.7208933333333299,0.013445051172865,0.707448282160465,0.9077878459469256
17485,simple_q076_a008,False,0.8313253012048193,0.15714285714285714,0.3614457831325301,0.21823472356935014,0.7817652764306499,0.6385542168674698,0.6966142857142804,0.017820000000000367,0.67879428571428,0.76
17485,simple_q084_a008,False,0.8333333333333334,0.09571428571428571,0.23809523809523808,0.1653771760154739,0.8346228239845261,0.7619047619047619,0.7290990476190434,0.03718000000000356,0.6919190476190399,0.84
17485,simple_q090_a008,False,0.8589743589743589,0.037142857142857144,0.21794871794871795,0.13266331658291458,0.8673366834170855,0.782051282051282,0.7593047619047589,0.05631999999999951,0.7029847619047594,0.9
17485,simple_q090_a016,False,0.8433734939759037,0.07142857142857142,0.2891566265060241,0.09940944881889764,0.9005905511811023,0.7108433734939759,0.7571457142857112,0.05631999999999951,0.7008257142857117,0.9
17485,tdc_evidence_validated,True,0.8875,0.055714285714285716,0.2375,0.176930596285435,0.8230694037145649,0.7625,0.6967190476190447,0.013733028776226695,0.682986018842818,0.9098471517108551
17486,simple_q076_a008,False,0.7857142857142857,0.13,0.32142857142857145,0.22829268292682928,0.7717073170731708,0.6785714285714286,0.6747152380952334,0.017820000000000367,0.656895238095233,0.76
17486,simple_q084_a008,False,0.8289473684210527,0.09,0.3684210526315789,0.1841046277665996,0.8158953722334004,0.631578947368421,0.7094104761904731,0.03718000000000356,0.6722304761904696,0.84
17486,simple_q090_a008,False,0.9078947368421053,0.06571428571428571,0.23684210526315788,0.12316715542521994,0.8768328445747801,0.7631578947368421,0.7876257142857108,0.05631999999999951,0.7313057142857113,0.9
17486,simple_q090_a016,False,0.8571428571428571,0.07428571428571429,0.2597402597402597,0.11210317460317461,0.8878968253968254,0.7402597402597403,0.7159028571428537,0.05631999999999951,0.6595828571428543,0.9
17486,tdc_evidence_validated,True,0.9523809523809523,0.05857142857142857,0.1111111111111111,0.19111969111969113,0.8088803088803089,0.8888888888888888,0.7448095238095211,0.014486329976731393,0.7303231938327898,0.9106021369150028
17487,simple_q076_a008,False,0.7093023255813954,0.1357142857142857,0.43023255813953487,0.23023715415019763,0.7697628458498024,0.5697674418604651,0.6463761904761864,0.017820000000000367,0.628556190476186,0.76
17487,simple_q084_a008,False,0.84,0.09857142857142857,0.30666666666666664,0.1559633027522936,0.8440366972477065,0.6933333333333334,0.710575238095234,0.03718000000000356,0.6733952380952305,0.84
17487,simple_q090_a008,False,0.7792207792207793,0.06142857142857143,0.38961038961038963,0.14212678936605316,0.8578732106339468,0.6103896103896104,0.7345923809523773,0.05631999999999951,0.6782723809523779,0.9
17487,simple_q090_a016,False,0.7976190476190477,0.055714285714285716,0.3333333333333333,0.11665004985044865,0.8833499501495513,0.6666666666666667,0.7656552380952351,0.05631999999999951,0.7093352380952356,0.9
17487,tdc_evidence_validated,True,0.8536585365853658,0.055714285714285716,0.25609756097560976,0.16829745596868884,0.8317025440313112,0.7439024390243902,0.7211085714285679,0.014358053582440257,0.7067505178461276,0.9099070280131554
17488,simple_q076_a008,False,0.788235294117647,0.11428571428571428,0.3411764705882353,0.23385518590998042,0.7661448140900196,0.6588235294117647,0.700554285714281,0.017820000000000367,0.6827342857142806,0.76
17488,simple_q084_a008,False,0.9154929577464789,0.09142857142857143,0.23943661971830985,0.17378351539225423,0.8262164846077458,0.7605633802816901,0.702571428571425,0.03718000000000356,0.6653914285714214,0.84
17488,simple_q090_a008,False,0.825,0.055714285714285716,0.2875,0.12574850299401197,0.874251497005988,0.7125,0.7560171428571393,0.05631999999999951,0.6996971428571398,0.9
17488,simple_q090_a016,False,0.8571428571428571,0.06571428571428571,0.2857142857142857,0.10256410256410256,0.8974358974358975,0.7142857142857143,0.7433685714285684,0.05631999999999951,0.6870485714285689,0.9
17488,tdc_evidence_validated,True,0.8666666666666667,0.06428571428571428,0.29333333333333333,0.2055063913470993,0.7944936086529006,0.7066666666666667,0.682372380952377,0.013122225292266837,0.6692501556601101,0.9061954585738696
17489,simple_q076_a008,False,0.75,0.15857142857142856,0.42105263157894735,0.2458045409674235,0.7541954590325766,0.5789473684210527,0.6896390476190437,0.017820000000000367,0.6718190476190433,0.76
17489,simple_q084_a008,False,0.8,0.08857142857142856,0.3176470588235294,0.1700404858299595,0.8299595141700404,0.6823529411764706,0.6847828571428531,0.03718000000000356,0.6476028571428496,0.84
17489,simple_q090_a008,False,0.8620689655172413,0.06714285714285714,0.26436781609195403,0.12622309197651663,0.8737769080234834,0.735632183908046,0.7736314285714252,0.05631999999999951,0.7173114285714257,0.9
17489,simple_q090_a016,False,0.9047619047619048,0.06285714285714286,0.2222222222222222,0.10181451612903226,0.8981854838709677,0.7777777777777778,0.7768238095238068,0.05631999999999951,0.7205038095238073,0.9
17489,tdc_evidence_validated,True,0.8673469387755102,0.05857142857142857,0.3469387755102041,0.17913385826771652,0.8208661417322834,0.653061224489796,0.7305314285714252,0.013823446905656884,0.7167079816657683,0.9072224528868129
17490,simple_q076_a008,False,0.7432432432432432,0.12285714285714286,0.3918918918918919,0.2470472440944882,0.7529527559055118,0.6081081081081081,0.6468942857142815,0.017820000000000367,0.6290742857142811,0.76
17490,simple_q084_a008,False,0.863013698630137,0.07714285714285714,0.2876712328767123,0.17818889970788704,0.8218111002921129,0.7123287671232876,0.7419019047619009,0.03718000000000356,0.7047219047618973,0.84
17490,simple_q090_a008,False,0.835820895522388,0.06142857142857143,0.29850746268656714,0.13891625615763548,0.8610837438423645,0.7014925373134329,0.7160847619047586,0.05631999999999951,0.6597647619047591,0.9
17490,simple_q090_a016,False,0.9615384615384616,0.03857142857142857,0.2692307692307692,0.10821256038647344,0.8917874396135266,0.7307692307692308,0.7377190476190443,0.05631999999999951,0.6813990476190448,0.9
17490,tdc_evidence_validated,True,0.8117647058823529,0.07142857142857142,0.4470588235294118,0.17895771878072764,0.8210422812192724,0.5529411764705883,0.7062476190476156,0.013937752672927408,0.6923098663746882,0.9041322245922818
17491,simple_q076_a008,False,0.8,0.14285714285714285,0.35294117647058826,0.23310479921645447,0.7668952007835456,0.6470588235294117,0.6762790476190428,0.017820000000000367,0.6584590476190424,0.76
17491,simple_q084_a008,False,0.8588235294117647,0.09571428571428571,0.29411764705882354,0.16634429400386846,0.8336557059961316,0.7058823529411764,0.7127342857142814,0.03718000000000356,0.6755542857142779,0.84
17491,simple_q090_a008,False,0.85,0.06428571428571428,0.3375,0.13372664700098327,0.8662733529990168,0.6625,0.7535419047619009,0.05631999999999951,0.6972219047619014,0.9
17491,simple_q090_a016,False,0.8723404255319149,0.05142857142857143,0.2872340425531915,0.10256410256410256,0.8974358974358975,0.7127659574468085,0.7697123809523782,0.05631999999999951,0.7133923809523787,0.9
17491,tdc_evidence_validated,True,0.8846153846153846,0.06714285714285714,0.3076923076923077,0.19408866995073892,0.8059113300492611,0.6923076923076923,0.7278314285714248,0.01360925431854926,0.7142221742528755,0.9088584539353337
17492,simple_q076_a008,False,0.7073170731707317,0.12714285714285714,0.3902439024390244,0.23383084577114427,0.7661691542288558,0.6097560975609756,0.6686685714285667,0.017820000000000367,0.6508485714285663,0.76
17492,simple_q084_a008,False,0.7931034482758621,0.08714285714285715,0.367816091954023,0.18681318681318682,0.8131868131868132,0.632183908045977,0.7320457142857101,0.03718000000000356,0.6948657142857065,0.84
17492,simple_q090_a008,False,0.76,0.06857142857142857,0.36,0.1362290227048371,0.863770977295163,0.64,0.7516904761904731,0.05631999999999951,0.6953704761904737,0.9
17492,simple_q090_a016,False,0.8441558441558441,0.05,0.33766233766233766,0.10794896957801767,0.8920510304219823,0.6623376623376623,0.7353733333333298,0.05631999999999951,0.6790533333333303,0.9
17492,tdc_evidence_validated,True,0.788235294117647,0.06285714285714286,0.4,0.18190757128810225,0.8180924287118978,0.6,0.7255952380952342,0.013728224461319783,0.7118670136339144,0.9046492986553292
17493,simple_q076_a008,False,0.8,0.13285714285714287,0.35714285714285715,0.2391304347826087,0.7608695652173914,0.6428571428571428,0.6742257142857098,0.017820000000000367,0.6564057142857094,0.76
17493,simple_q084_a008,False,0.8513513513513513,0.08714285714285715,0.2972972972972973,0.1882591093117409,0.811740890688259,0.7027027027027026,0.7229380952380916,0.03718000000000356,0.6857580952380881,0.84
17493,simple_q090_a008,False,0.8735632183908046,0.07,0.2413793103448276,0.13663366336633664,0.8633663366336634,0.7586206896551724,0.738615238095235,0.05631999999999951,0.6822952380952355,0.9
17493,simple_q090_a016,False,0.8354430379746836,0.04857142857142857,0.3037974683544304,0.12609970674486803,0.873900293255132,0.6962025316455696,0.72433333333333,0.05631999999999951,0.6680133333333306,0.9
17493,tdc_evidence_validated,True,0.8717948717948718,0.047142857142857146,0.23076923076923078,0.1720747295968535,0.8279252704031466,0.7692307692307692,0.7346514285714254,0.014598821951700763,0.7200526066197246,0.9111046765236935
17494,simple_q076_a008,False,0.7435897435897436,0.11571428571428571,0.4230769230769231,0.23639960435212662,0.7636003956478734,0.5769230769230769,0.7132657142857101,0.017820000000000367,0.6954457142857097,0.76
17494,simple_q084_a008,False,0.8192771084337349,0.07142857142857142,0.3132530120481928,0.20215897939156036,0.7978410206084396,0.6867469879518072,0.7280857142857106,0.03718000000000356,0.690905714285707,0.84
17494,simple_q090_a008,False,0.8611111111111112,0.06428571428571428,0.2361111111111111,0.13108242303872888,0.8689175769612711,0.7638888888888888,0.7899333333333302,0.05631999999999951,0.7336133333333307,0.9
17494,simple_q090_a016,False,0.84,0.054285714285714284,0.25333333333333335,0.11830131445904954,0.8816986855409504,0.7466666666666666,0.7644399999999975,0.05631999999999951,0.708119999999998,0.9
17494,tdc_evidence_validated,True,0.8735632183908046,0.05285714285714286,0.28735632183908044,0.1698685540950455,0.8301314459049545,0.7126436781609196,0.7280485714285677,0.014472972291641817,0.7135755991369259,0.9098096538619462
17495,simple_q076_a008,False,0.7386363636363636,0.13428571428571429,0.4090909090909091,0.23336745138178097,0.7666325486182191,0.5909090909090908,0.6704761904761867,0.017820000000000367,0.6526561904761863,0.76
17495,simple_q084_a008,False,0.8181818181818182,0.08714285714285715,0.2727272727272727,0.18280632411067194,0.8171936758893281,0.7272727272727273,0.7364228571428532,0.03718000000000356,0.6992428571428496,0.84
17495,simple_q090_a008,False,0.7764705882352941,0.06285714285714286,0.36470588235294116,0.1316831683168317,0.8683168316831683,0.6352941176470588,0.7588085714285683,0.05631999999999951,0.7024885714285688,0.9
17495,simple_q090_a016,False,0.7837837837837838,0.07,0.33783783783783783,0.11290322580645161,0.8870967741935484,0.6621621621621622,0.7730714285714253,0.05631999999999951,0.7167514285714258,0.9
17495,tdc_evidence_validated,True,0.8,0.06857142857142857,0.32,0.18786692759295498,0.812133072407045,0.6799999999999999,0.7001628571428535,0.013123701298591646,0.6870391558442619,0.9078036602745679
17496,simple_q076_a008,False,0.7246376811594203,0.14142857142857143,0.3333333333333333,0.23828125,0.76171875,0.6666666666666667,0.691876190476186,0.017820000000000367,0.6740561904761856,0.76
17496,simple_q084_a008,False,0.8243243243243243,0.09714285714285714,0.28378378378378377,0.17874875868917578,0.8212512413108242,0.7162162162162162,0.721859999999996,0.03718000000000356,0.6846799999999924,0.84
17496,simple_q090_a008,False,0.8571428571428571,0.04428571428571428,0.3,0.14410905550146055,0.8558909444985394,0.7,0.7450676190476152,0.05631999999999951,0.6887476190476157,0.9
17496,simple_q090_a016,False,0.7558139534883721,0.055714285714285716,0.3488372093023256,0.11024390243902439,0.8897560975609756,0.6511627906976745,0.7164952380952349,0.05631999999999951,0.6601752380952354,0.9
17496,tdc_evidence_validated,True,0.8522727272727273,0.06,0.29545454545454547,0.19094488188976377,0.8090551181102362,0.7045454545454546,0.7001142857142818,0.013217740682099473,0.6868965450321823,0.9077130047318533
17497,simple_q076_a008,False,0.7444444444444445,0.12428571428571429,0.4444444444444444,0.2290448343079922,0.7709551656920078,0.5555555555555556,0.6522028571428532,0.017820000000000367,0.6343828571428528,0.76
17497,simple_q084_a008,False,0.8235294117647058,0.08142857142857143,0.35294117647058826,0.19215686274509805,0.807843137254902,0.6470588235294117,0.718112380952377,0.03718000000000356,0.6809323809523734,0.84
17497,simple_q090_a008,False,0.7586206896551724,0.06714285714285714,0.41379310344827586,0.12324649298597194,0.8767535070140281,0.5862068965517242,0.7587799999999968,0.05631999999999951,0.7024599999999973,0.9
17497,simple_q090_a016,False,0.8072289156626506,0.05285714285714286,0.37349397590361444,0.12624254473161034,0.8737574552683897,0.6265060240963856,0.7044476190476157,0.05631999999999951,0.6481276190476162,0.9
17497,tdc_evidence_validated,True,0.9302325581395349,0.045714285714285714,0.20930232558139536,0.1676470588235294,0.8323529411764706,0.7906976744186046,0.7210219047619009,0.014834156897389037,0.7061877478645119,0.9109376267493655
17498,simple_q076_a008,False,0.7468354430379747,0.1357142857142857,0.4050632911392405,0.24096385542168675,0.7590361445783133,0.5949367088607596,0.649933333333329,0.017820000000000367,0.6321133333333286,0.76
17498,simple_q084_a008,False,0.7926829268292683,0.09428571428571429,0.36585365853658536,0.1643835616438356,0.8356164383561644,0.6341463414634146,0.7042038095238053,0.03718000000000356,0.6670238095238018,0.84
17498,simple_q090_a008,False,0.8961038961038961,0.054285714285714284,0.2987012987012987,0.11221449851042702,0.887785501489573,0.7012987012987013,0.7335657142857103,0.05631999999999951,0.6772457142857108,0.9
17498,simple_q090_a016,False,0.9333333333333333,0.05142857142857143,0.17333333333333334,0.11871227364185111,0.8812877263581489,0.8266666666666667,0.7411971428571397,0.05631999999999951,0.6848771428571402,0.9
17498,tdc_evidence_validated,True,0.8985507246376812,0.05,0.2318840579710145,0.18896833503575078,0.8110316649642493,0.7681159420289855,0.6998028571428537,0.013093145255994877,0.6867097118868588,0.9071551658596032
17499,simple_q076_a008,False,0.7272727272727273,0.13285714285714287,0.38636363636363635,0.21671525753158405,0.783284742468416,0.6136363636363636,0.664095238095234,0.017820000000000367,0.6462752380952336,0.76
17499,simple_q084_a008,False,0.7941176470588235,0.10571428571428572,0.3382352941176471,0.16322517207472959,0.8367748279252705,0.6617647058823529,0.7470838095238055,0.03718000000000356,0.7099038095238019,0.84
17499,simple_q090_a008,False,0.8383838383838383,0.054285714285714284,0.31313131313131315,0.13346814964610718,0.8665318503538928,0.6868686868686869,0.7254161904761869,0.05631999999999951,0.6690961904761874,0.9
17499,simple_q090_a016,False,0.9354838709677419,0.06,0.1774193548387097,0.11861137897782063,0.8813886210221794,0.8225806451612903,0.7996352380952356,0.05631999999999951,0.7433152380952361,0.9
17499,tdc_evidence_validated,True,0.8412698412698413,0.04428571428571428,0.30158730158730157,0.14887365328109697,0.851126346718903,0.6984126984126984,0.7020809523809484,0.0144586144993671,0.6876223378815812,0.9071514511965257
17500,simple_q076_a008,False,0.8064516129032258,0.11571428571428571,0.3225806451612903,0.2221153846153846,0.7778846153846154,0.6774193548387097,0.6967438095238049,0.017820000000000367,0.6789238095238045,0.76
17500,simple_q084_a008,False,0.8360655737704918,0.10571428571428572,0.2786885245901639,0.1743295019157088,0.8256704980842912,0.7213114754098361,0.7519485714285677,0.03718000000000356,0.7147685714285642,0.84
17500,simple_q090_a008,False,0.7014925373134329,0.05857142857142857,0.44776119402985076,0.12640163098878696,0.873598369011213,0.5522388059701493,0.7414923809523778,0.05631999999999951,0.6851723809523783,0.9
17500,simple_q090_a016,False,0.7849462365591398,0.05857142857142857,0.3655913978494624,0.11531007751937984,0.8846899224806202,0.6344086021505376,0.7555190476190445,0.05631999999999951,0.699199047619045,0.9
17500,tdc_evidence_validated,True,0.8433734939759037,0.05857142857142857,0.26506024096385544,0.16618357487922705,0.8338164251207729,0.7349397590361446,0.7129685714285677,0.014206454771657143,0.6987621166569106,0.9072872517757344
17501,simple_q076_a008,False,0.7435897435897436,0.16142857142857142,0.3076923076923077,0.23422562141491396,0.765774378585086,0.6923076923076923,0.7168180952380906,0.017820000000000367,0.6989980952380902,0.76
17501,simple_q084_a008,False,0.8095238095238095,0.09857142857142857,0.40476190476190477,0.1830574488802337,0.8169425511197663,0.5952380952380952,0.7269914285714243,0.03718000000000356,0.6898114285714207,0.84
17501,simple_q090_a008,False,0.8928571428571429,0.06857142857142857,0.2261904761904762,0.13320647002854424,0.8667935299714558,0.7738095238095238,0.7231733333333301,0.05631999999999951,0.6668533333333306,0.9
17501,simple_q090_a016,False,0.9078947368421053,0.06142857142857143,0.23684210526315788,0.10967098703888335,0.8903290129611167,0.7631578947368421,0.7727657142857107,0.05631999999999951,0.7164457142857112,0.9
17501,tdc_evidence_validated,True,0.8297872340425532,0.05857142857142857,0.30851063829787234,0.18276515151515152,0.8172348484848485,0.6914893617021276,0.6981457142857103,0.014549090960130701,0.6835966233255796,0.9083135753465419
17502,simple_q076_a008,False,0.8452380952380952,0.12714285714285714,0.23809523809523808,0.24233716475095785,0.7576628352490422,0.7619047619047619,0.7007676190476145,0.017820000000000367,0.6829476190476141,0.76
17502,simple_q084_a008,False,0.8064516129032258,0.09714285714285714,0.3333333333333333,0.17589893100097181,0.8241010689990282,0.6666666666666667,0.7433304761904721,0.03718000000000356,0.7061504761904686,0.84
17502,simple_q090_a008,False,0.7209302325581395,0.07285714285714286,0.36046511627906974,0.15208747514910537,0.8479125248508946,0.6395348837209303,0.7367314285714249,0.05631999999999951,0.6804114285714254,0.9
17502,simple_q090_a016,False,0.8571428571428571,0.045714285714285714,0.2857142857142857,0.09741550695825049,0.9025844930417495,0.7142857142857143,0.7531409523809492,0.05631999999999951,0.6968209523809498,0.9
17502,tdc_evidence_validated,True,0.7848101265822784,0.06,0.34177215189873417,0.1875,0.8125,0.6582278481012658,0.7016295238095199,0.013404188961957074,0.6882253348475629,0.9068984047359421
17503,simple_q076_a008,False,0.7123287671232876,0.14,0.4383561643835616,0.2446183953033268,0.7553816046966733,0.5616438356164384,0.701739047619043,0.017820000000000367,0.6839190476190427,0.76
17503,simple_q084_a008,False,0.8493150684931506,0.08,0.2602739726027397,0.1855873642645607,0.8144126357354393,0.7397260273972603,0.741094285714282,0.03718000000000356,0.7039142857142785,0.84
17503,simple_q090_a008,False,0.8045977011494253,0.05714285714285714,0.3793103448275862,0.12893700787401574,0.8710629921259843,0.6206896551724138,0.7332695238095208,0.05631999999999951,0.6769495238095213,0.9
17503,simple_q090_a016,False,0.8421052631578947,0.05142857142857143,0.40789473684210525,0.1348314606741573,0.8651685393258427,0.5921052631578947,0.713852380952378,0.05631999999999951,0.6575323809523785,0.9
17503,tdc_evidence_validated,True,0.8181818181818182,0.06428571428571428,0.36363636363636365,0.19370698131760078,0.8062930186823992,0.6363636363636364,0.7061409523809488,0.014351366735697675,0.6917895856452511,0.9082134058145358
17504,simple_q076_a008,False,0.75,0.13,0.453125,0.21400394477317555,0.7859960552268245,0.546875,0.670330476190472,0.017820000000000367,0.6525104761904716,0.76
17504,simple_q084_a008,False,0.8641975308641975,0.08571428571428572,0.2962962962962963,0.16851664984863773,0.8314833501513623,0.7037037037037037,0.7077142857142814,0.03718000000000356,0.6705342857142779,0.84
17504,simple_q090_a008,False,0.84375,0.06428571428571428,0.265625,0.13886113886113885,0.8611388611388612,0.734375,0.7791019047619016,0.05631999999999951,0.7227819047619021,0.9
17504,simple_q090_a016,False,0.8108108108108109,0.05285714285714286,0.33783783783783783,0.11616650532429816,0.8838334946757018,0.6621621621621622,0.7531590476190444,0.05631999999999951,0.6968390476190449,0.9
17504,tdc_evidence_validated,True,0.8555555555555555,0.03857142857142857,0.3333333333333333,0.17296222664015903,0.827037773359841,0.6666666666666667,0.6807466666666631,0.013692664529195825,0.6670540021374672,0.9061981266762125
17505,simple_q076_a008,False,0.7532467532467533,0.13714285714285715,0.37662337662337664,0.23902439024390243,0.7609756097560976,0.6233766233766234,0.6714352380952335,0.017820000000000367,0.6536152380952331,0.76
17505,simple_q084_a008,False,0.7439024390243902,0.09428571428571429,0.35365853658536583,0.17339901477832512,0.8266009852216749,0.6463414634146342,0.6967752380952338,0.03718000000000356,0.6595952380952302,0.84
17505,simple_q090_a008,False,0.8571428571428571,0.047142857142857146,0.3,0.1553398058252427,0.8446601941747574,0.7,0.7097619047619019,0.05631999999999951,0.6534419047619024,0.9
17505,simple_q090_a016,False,0.9230769230769231,0.06857142857142857,0.24175824175824176,0.10381978452497552,0.8961802154750245,0.7582417582417582,0.75591333333333,0.05631999999999951,0.6995933333333305,0.9
17505,tdc_evidence_validated,True,0.8674698795180723,0.05714285714285714,0.27710843373493976,0.2054263565891473,0.7945736434108527,0.7228915662650602,0.7000771428571391,0.01256972097440194,0.6875074218827372,0.906138889027444
17506,simple_q076_a008,False,0.8194444444444444,0.13,0.375,0.2490234375,0.7509765625,0.625,0.6691933333333286,0.017820000000000367,0.6513733333333283,0.76
17506,simple_q084_a008,False,0.7738095238095238,0.10428571428571429,0.32142857142857145,0.16356513222331048,0.8364348677766895,0.6785714285714286,0.7623257142857107,0.03718000000000356,0.7251457142857072,0.84
17506,simple_q090_a008,False,0.8591549295774648,0.06285714285714286,0.28169014084507044,0.1372161895360316,0.8627838104639685,0.7183098591549295,0.7548533333333298,0.05631999999999951,0.6985333333333303,0.9
17506,simple_q090_a016,False,0.8588235294117647,0.055714285714285716,0.29411764705882354,0.11553398058252427,0.8844660194174757,0.7058823529411764,0.7502209523809494,0.05631999999999951,0.69390095238095,0.9
17506,tdc_evidence_validated,True,0.8863636363636364,0.04857142857142857,0.25,0.17412935323383086,0.8258706467661692,0.75,0.733310476190472,0.013443199323464284,0.7198672768670077,0.9096376639852826
17507,simple_q076_a008,False,0.76,0.1442857142857143,0.44,0.2391523713420787,0.7608476286579213,0.56,0.7097247619047571,0.017820000000000367,0.6919047619047567,0.76
17507,simple_q084_a008,False,0.7682926829268293,0.09714285714285714,0.35365853658536583,0.1771144278606965,0.8228855721393035,0.6463414634146342,0.7089771428571384,0.03718000000000356,0.6717971428571349,0.84
17507,simple_q090_a008,False,0.8133333333333334,0.06285714285714286,0.3333333333333333,0.12337011033099297,0.876629889669007,0.6666666666666667,0.7438390476190445,0.05631999999999951,0.687519047619045,0.9
17507,simple_q090_a016,False,0.7790697674418605,0.06428571428571428,0.37209302325581395,0.10834990059642147,0.8916500994035785,0.627906976744186,0.7432047619047588,0.05631999999999951,0.6868847619047593,0.9
17507,tdc_evidence_validated,True,0.9324324324324325,0.05285714285714286,0.24324324324324326,0.1811740890688259,0.8188259109311741,0.7567567567567568,0.7151257142857107,0.013206936545052547,0.7019187777406581,0.9088062809303772
17508,simple_q076_a008,False,0.7948717948717948,0.1442857142857143,0.2948717948717949,0.2450199203187251,0.7549800796812749,0.7051282051282051,0.6926999999999952,0.017820000000000367,0.6748799999999948,0.76
17508,simple_q084_a008,False,0.7894736842105263,0.1,0.34210526315789475,0.1739980449657869,0.826001955034213,0.6578947368421053,0.7385399999999962,0.03718000000000356,0.7013599999999927,0.84
17508,simple_q090_a008,False,0.7662337662337663,0.055714285714285716,0.3116883116883117,0.12088974854932302,0.879110251450677,0.6883116883116883,0.7485657142857113,0.05631999999999951,0.6922457142857118,0.9
17508,simple_q090_a016,False,0.8311688311688312,0.06428571428571428,0.2987012987012987,0.11928429423459244,0.8807157057654076,0.7012987012987013,0.7554857142857112,0.05631999999999951,0.6991657142857117,0.9
17508,tdc_evidence_validated,True,0.88,0.05714285714285714,0.26666666666666666,0.14299802761341224,0.8570019723865878,0.7333333333333334,0.7521371428571395,0.014207855488405296,0.7379292873687342,0.910905383473394
17509,simple_q076_a008,False,0.6419753086419753,0.13,0.4691358024691358,0.1976630963972736,0.8023369036027264,0.5308641975308642,0.6642828571428528,0.017820000000000367,0.6464628571428525,0.76
17509,simple_q084_a008,False,0.782051282051282,0.09,0.3717948717948718,0.17213930348258707,0.8278606965174129,0.6282051282051282,0.7231076190476148,0.03718000000000356,0.6859276190476112,0.84
17509,simple_q090_a008,False,0.8205128205128205,0.06285714285714286,0.28205128205128205,0.14257425742574256,0.8574257425742574,0.717948717948718,0.7562038095238061,0.05631999999999951,0.6998838095238066,0.9
17509,simple_q090_a016,False,0.8192771084337349,0.05857142857142857,0.30120481927710846,0.10979228486646884,0.8902077151335311,0.6987951807228916,0.7629799999999964,0.05631999999999951,0.706659999999997,0.9
17509,tdc_evidence_validated,True,0.9166666666666666,0.04857142857142857,0.16666666666666666,0.17125984251968504,0.8287401574803149,0.8333333333333334,0.7356247619047583,0.014251751580154631,0.7213730103246037,0.9103505790298075
17510,simple_q076_a008,False,0.8072289156626506,0.1357142857142857,0.3253012048192771,0.23230309072781655,0.7676969092721835,0.6746987951807228,0.6481257142857099,0.017820000000000367,0.6303057142857095,0.76
17510,simple_q084_a008,False,0.8390804597701149,0.09285714285714286,0.3448275862068966,0.16435643564356436,0.8356435643564356,0.6551724137931034,0.7199095238095194,0.03718000000000356,0.6827295238095159,0.84
17510,simple_q090_a008,False,0.8505747126436781,0.06857142857142857,0.3333333333333333,0.1309055118110236,0.8690944881889764,0.6666666666666667,0.7450657142857108,0.05631999999999951,0.6887457142857113,0.9
17510,simple_q090_a016,False,0.7142857142857143,0.04428571428571428,0.38095238095238093,0.125,0.875,0.6190476190476191,0.7384838095238064,0.05631999999999951,0.682163809523807,0.9
17510,tdc_evidence_validated,True,0.8205128205128205,0.04857142857142857,0.21794871794871795,0.16812439261418854,0.8318756073858115,0.782051282051282,0.7189933333333294,0.014172347439860601,0.7048209858934688,0.9104467605212612
17511,simple_q076_a008,False,0.7349397590361446,0.11857142857142858,0.5060240963855421,0.2304725168756027,0.7695274831243973,0.49397590361445787,0.68004571428571,0.017820000000000367,0.6622257142857096,0.76
17511,simple_q084_a008,False,0.8222222222222222,0.10857142857142857,0.34444444444444444,0.17682926829268292,0.8231707317073171,0.6555555555555556,0.74908571428571,0.03718000000000356,0.7119057142857065,0.84
17511,simple_q090_a008,False,0.8395061728395061,0.07,0.24691358024691357,0.14705882352941177,0.8529411764705882,0.7530864197530864,0.7490580952380922,0.05631999999999951,0.6927380952380927,0.9
17511,simple_q090_a016,False,0.8414634146341463,0.07285714285714286,0.2682926829268293,0.11674641148325358,0.8832535885167464,0.7317073170731707,0.7872790476190449,0.05631999999999951,0.7309590476190454,0.9
17511,tdc_evidence_validated,True,0.8205128205128205,0.05142857142857143,0.41025641025641024,0.184,0.8160000000000001,0.5897435897435898,0.7131561904761866,0.013070997879830147,0.7000851925963565,0.9038372033989048
17512,simple_q076_a008,False,0.7662337662337663,0.13857142857142857,0.35064935064935066,0.20570866141732283,0.7942913385826772,0.6493506493506493,0.6809999999999953,0.017820000000000367,0.6631799999999949,0.76
17512,simple_q084_a008,False,0.8636363636363636,0.07857142857142857,0.29545454545454547,0.17864271457085829,0.8213572854291418,0.7045454545454546,0.7232447619047583,0.03718000000000356,0.6860647619047547,0.84
17512,simple_q090_a008,False,0.9032258064516129,0.07,0.26881720430107525,0.11747285291214216,0.8825271470878578,0.7311827956989247,0.7731799999999962,0.05631999999999951,0.7168599999999967,0.9
17512,simple_q090_a016,False,0.8125,0.04857142857142857,0.34375,0.1130952380952381,0.8869047619047619,0.65625,0.7489076190476158,0.05631999999999951,0.6925876190476163,0.9
17512,tdc_evidence_validated,True,0.8533333333333334,0.06285714285714286,0.29333333333333333,0.20445344129554655,0.7955465587044535,0.7066666666666667,0.7101495238095199,0.013287253620176225,0.6968622701893437,0.9077061750094042
17513,simple_q076_a008,False,0.7176470588235294,0.13857142857142857,0.43529411764705883,0.22851365015166836,0.7714863498483316,0.5647058823529412,0.6877923809523762,0.017820000000000367,0.6699723809523758,0.76
17513,simple_q084_a008,False,0.7638888888888888,0.07285714285714286,0.3472222222222222,0.1644486692015209,0.8355513307984791,0.6527777777777778,0.7205714285714245,0.03718000000000356,0.683391428571421,0.84
17513,simple_q090_a008,False,0.9072164948453608,0.047142857142857146,0.26804123711340205,0.15163528245787908,0.848364717542121,0.731958762886598,0.7478180952380918,0.05631999999999951,0.6914980952380924,0.9
17513,simple_q090_a016,False,0.7375,0.06285714285714286,0.4,0.11488511488511488,0.8851148851148851,0.6,0.7163771428571393,0.05631999999999951,0.6600571428571398,0.9
17513,tdc_evidence_validated,True,0.8095238095238095,0.05142857142857143,0.32142857142857145,0.1603960396039604,0.8396039603960396,0.6785714285714286,0.745582857142853,0.014360107889623046,0.7312227492532299,0.9089346153402773
17514,simple_q076_a008,False,0.8026315789473685,0.14285714285714285,0.2894736842105263,0.23898139079333985,0.7610186092066602,0.7105263157894737,0.6972295238095194,0.017820000000000367,0.679409523809519,0.76
17514,simple_q084_a008,False,0.8795180722891566,0.09142857142857143,0.25301204819277107,0.16380952380952382,0.8361904761904762,0.7469879518072289,0.744071428571425,0.03718000000000356,0.7068914285714215,0.84
17514,simple_q090_a008,False,0.9108910891089109,0.045714285714285714,0.2079207920792079,0.1394658753709199,0.8605341246290801,0.7920792079207921,0.7594428571428541,0.05631999999999951,0.7031228571428546,0.9
17514,simple_q090_a016,False,0.8533333333333334,0.06142857142857143,0.28,0.12487899322362052,0.8751210067763795,0.72,0.7270923809523782,0.05631999999999951,0.6707723809523787,0.9
17514,tdc_evidence_validated,True,0.8555555555555555,0.06571428571428571,0.26666666666666666,0.17224409448818898,0.827755905511811,0.7333333333333334,0.7153457142857106,0.013430057811248631,0.701915656474462,0.9085493620354651
17515,simple_q076_a008,False,0.6744186046511628,0.14285714285714285,0.47674418604651164,0.21428571428571427,0.7857142857142857,0.5232558139534884,0.6898409523809481,0.017820000000000367,0.6720209523809477,0.76
17515,simple_q084_a008,False,0.8314606741573034,0.07714285714285714,0.33707865168539325,0.18529130850047756,0.8147086914995224,0.6629213483146068,0.7194114285714245,0.03718000000000356,0.6822314285714209,0.84
17515,simple_q090_a008,False,0.8202247191011236,0.05142857142857143,0.3146067415730337,0.14033366045142295,0.8596663395485771,0.6853932584269663,0.7343428571428545,0.05631999999999951,0.678022857142855,0.9
17515,simple_q090_a016,False,0.8354430379746836,0.06714285714285714,0.379746835443038,0.12092130518234165,0.8790786948176583,0.620253164556962,0.7111219047619018,0.05631999999999951,0.6548019047619024,0.9
17515,tdc_evidence_validated,True,0.8,0.04428571428571428,0.28888888888888886,0.19900990099009902,0.800990099009901,0.7111111111111111,0.7263980952380915,0.01233318684710291,0.7140649083909886,0.9071450365661269
17516,simple_q076_a008,False,0.8144329896907216,0.11428571428571428,0.36082474226804123,0.260233918128655,0.739766081871345,0.6391752577319587,0.6929876190476147,0.017820000000000367,0.6751676190476144,0.76
17516,simple_q084_a008,False,0.8452380952380952,0.08,0.2857142857142857,0.16796875,0.83203125,0.7142857142857143,0.7432876190476152,0.03718000000000356,0.7061076190476117,0.84
17516,simple_q090_a008,False,0.8817204301075269,0.06,0.25806451612903225,0.12921348314606743,0.8707865168539326,0.7419354838709677,0.75793333333333,0.05631999999999951,0.7016133333333305,0.9
17516,simple_q090_a016,False,0.8762886597938144,0.06428571428571428,0.26804123711340205,0.10603112840466926,0.8939688715953308,0.731958762886598,0.7485476190476159,0.05631999999999951,0.6922276190476164,0.9
17516,tdc_evidence_validated,True,0.8133333333333334,0.06714285714285714,0.3333333333333333,0.18439024390243902,0.815609756097561,0.6666666666666667,0.7441666666666625,0.012469362679384496,0.7316973039872781,0.904999736492629
17517,simple_q076_a008,False,0.7763157894736842,0.12285714285714286,0.2894736842105263,0.24643584521384929,0.7535641547861507,0.7105263157894737,0.6997571428571384,0.017820000000000367,0.681937142857138,0.76
17517,simple_q084_a008,False,0.8333333333333334,0.08285714285714285,0.28125,0.171,0.829,0.71875,0.7332695238095202,0.03718000000000356,0.6960895238095166,0.84
17517,simple_q090_a008,False,0.82,0.054285714285714284,0.33,0.14387031408308004,0.85612968591692,0.6699999999999999,0.7338590476190437,0.05631999999999951,0.6775390476190443,0.9
17517,simple_q090_a016,False,0.8266666666666667,0.055714285714285716,0.29333333333333333,0.10871694417238002,0.89128305582762,0.7066666666666667,0.7711190476190446,0.05631999999999951,0.7147990476190451,0.9
17517,tdc_evidence_validated,True,0.8043478260869565,0.04428571428571428,0.3695652173913043,0.19128787878787878,0.8087121212121212,0.6304347826086957,0.6843752380952346,0.012926055972054628,0.6714491821231799,0.9055328586936472
17518,simple_q076_a008,False,0.7012987012987013,0.14857142857142858,0.42857142857142855,0.21428571428571427,0.7857142857142857,0.5714285714285714,0.6949714285714234,0.017820000000000367,0.677151428571423,0.76
17518,simple_q084_a008,False,0.776595744680851,0.1,0.3617021276595745,0.18031189083820662,0.8196881091617934,0.6382978723404256,0.6796352380952342,0.03718000000000356,0.6424552380952306,0.84
17518,simple_q090_a008,False,0.8045977011494253,0.06428571428571428,0.3448275862068966,0.11740890688259109,0.8825910931174089,0.6551724137931034,0.7509980952380915,0.05631999999999951,0.694678095238092,0.9
17518,simple_q090_a016,False,0.8585858585858586,0.054285714285714284,0.3333333333333333,0.10752688172043011,0.8924731182795699,0.6666666666666667,0.7177352380952343,0.05631999999999951,0.6614152380952348,0.9
17518,tdc_evidence_validated,True,0.8953488372093024,0.05142857142857143,0.2441860465116279,0.1861598440545809,0.8138401559454191,0.7558139534883721,0.6842980952380912,0.013793268645973097,0.6705048265921181,0.9067770681967215
17519,simple_q076_a008,False,0.7802197802197802,0.1457142857142857,0.38461538461538464,0.24446583253128007,0.7555341674687199,0.6153846153846154,0.6785809523809482,0.017820000000000367,0.6607609523809478,0.76
17519,simple_q084_a008,False,0.8235294117647058,0.07142857142857142,0.2823529411764706,0.17348927875243664,0.8265107212475633,0.7176470588235294,0.7373352380952344,0.03718000000000356,0.7001552380952308,0.84
17519,simple_q090_a008,False,0.8554216867469879,0.06571428571428571,0.3614457831325301,0.13861386138613863,0.8613861386138614,0.6385542168674698,0.7110609523809487,0.05631999999999951,0.6547409523809492,0.9
17519,simple_q090_a016,False,0.8876404494382022,0.054285714285714284,0.30337078651685395,0.11211211211211211,0.8878878878878879,0.696629213483146,0.7368980952380922,0.05631999999999951,0.6805780952380928,0.9
17519,tdc_evidence_validated,True,0.7848101265822784,0.05857142857142857,0.3924050632911392,0.20969337289812068,0.7903066271018793,0.6075949367088608,0.6694971428571391,0.012982974546100283,0.6565141683110388,0.9032681055460499
17520,simple_q076_a008,False,0.7209302325581395,0.12428571428571429,0.4186046511627907,0.24174757281553397,0.7582524271844661,0.5813953488372092,0.6962428571428526,0.017820000000000367,0.6784228571428522,0.76
17520,simple_q084_a008,False,0.7638888888888888,0.09571428571428571,0.375,0.1833839918946302,0.8166160081053698,0.625,0.7109533333333294,0.03718000000000356,0.6737733333333259,0.84
17520,simple_q090_a008,False,0.8961038961038961,0.04857142857142857,0.2727272727272727,0.15073891625615762,0.8492610837438423,0.7272727272727273,0.7568771428571394,0.05631999999999951,0.7005571428571399,0.9
17520,simple_q090_a016,False,0.8414634146341463,0.05142857142857143,0.35365853658536583,0.10068426197458455,0.8993157380254154,0.6463414634146342,0.7536257142857109,0.05631999999999951,0.6973057142857114,0.9
17520,tdc_evidence_validated,True,0.9,0.06428571428571428,0.3,0.18743768693918245,0.8125623130608175,0.7,0.7168047619047584,0.013515385908719688,0.7032893759960387,0.9103621559650961
17521,simple_q076_a008,False,0.7792207792207793,0.13142857142857142,0.3116883116883117,0.26573426573426573,0.7342657342657343,0.6883116883116883,0.7264599999999947,0.017820000000000367,0.7086399999999943,0.76
17521,simple_q084_a008,False,0.7804878048780488,0.09571428571428571,0.34146341463414637,0.1708043694141013,0.8291956305858987,0.6585365853658536,0.7512542857142822,0.03718000000000356,0.7140742857142787,0.84
17521,simple_q090_a008,False,0.8837209302325582,0.055714285714285716,0.23255813953488372,0.15877712031558186,0.8412228796844181,0.7674418604651163,0.7614371428571399,0.05631999999999951,0.7051171428571404,0.9
17521,simple_q090_a016,False,0.8717948717948718,0.06285714285714286,0.2948717948717949,0.10396039603960396,0.8960396039603961,0.7051282051282051,0.7388495238095204,0.05631999999999951,0.6825295238095209,0.9
17521,tdc_evidence_validated,True,0.8586956521739131,0.06714285714285714,0.22826086956521738,0.1825242718446602,0.8174757281553398,0.7717391304347826,0.7001952380952345,0.014263459537948045,0.6859317785572865,0.9111815103648042
17522,simple_q076_a008,False,0.7142857142857143,0.14,0.42857142857142855,0.24269889224572003,0.75730110775428,0.5714285714285714,0.6650542857142812,0.017820000000000367,0.6472342857142808,0.76
17522,simple_q084_a008,False,0.7176470588235294,0.08857142857142856,0.43529411764705883,0.172,0.8280000000000001,0.5647058823529412,0.710066666666663,0.03718000000000356,0.6728866666666594,0.84
17522,simple_q090_a008,False,0.7735849056603774,0.05285714285714286,0.37735849056603776,0.15594541910331383,0.8440545808966862,0.6226415094339622,0.7125809523809489,0.05631999999999951,0.6562609523809494,0.9
17522,simple_q090_a016,False,0.8591549295774648,0.06857142857142857,0.30985915492957744,0.12218963831867058,0.8778103616813294,0.6901408450704225,0.7347619047619016,0.05631999999999951,0.6784419047619021,0.9
17522,tdc_evidence_validated,True,0.8421052631578947,0.054285714285714284,0.27631578947368424,0.1830708661417323,0.8169291338582677,0.7236842105263157,0.7232123809523772,0.013277657457630812,0.7099347234947464,0.908140212134916
17523,simple_q076_a008,False,0.8023255813953488,0.13,0.313953488372093,0.23038728897715988,0.7696127110228401,0.686046511627907,0.6658047619047578,0.017820000000000367,0.6479847619047574,0.76
17523,simple_q084_a008,False,0.8356164383561644,0.10142857142857142,0.3698630136986301,0.17198764160659114,0.8280123583934089,0.6301369863013699,0.7461247619047576,0.03718000000000356,0.7089447619047541,0.84
17523,simple_q090_a008,False,0.8333333333333334,0.06,0.2948717948717949,0.1395572666025024,0.8604427333974976,0.7051282051282051,0.7419990476190439,0.05631999999999951,0.6856790476190444,0.9
17523,simple_q090_a016,False,0.8888888888888888,0.04857142857142857,0.30864197530864196,0.119533527696793,0.880466472303207,0.691358024691358,0.7311695238095208,0.05631999999999951,0.6748495238095213,0.9
17523,tdc_evidence_validated,True,0.8923076923076924,0.06,0.4153846153846154,0.19310344827586207,0.806896551724138,0.5846153846153845,0.6902219047619016,0.013493056130662538,0.676728848631239,0.9047570790874142
17524,simple_q076_a008,False,0.7894736842105263,0.13714285714285715,0.3368421052631579,0.23208879919273462,0.7679112008072654,0.6631578947368422,0.664796190476186,0.017820000000000367,0.6469761904761856,0.76
17524,simple_q084_a008,False,0.8918918918918919,0.08571428571428572,0.21621621621621623,0.1902834008097166,0.8097165991902834,0.7837837837837838,0.7363980952380914,0.03718000000000356,0.6992180952380879,0.84
17524,simple_q090_a008,False,0.7761194029850746,0.05,0.3880597014925373,0.1465863453815261,0.8534136546184738,0.6119402985074627,0.761094285714282,0.05631999999999951,0.7047742857142825,0.9
17524,simple_q090_a016,False,0.7837837837837838,0.055714285714285716,0.36486486486486486,0.09045725646123261,0.9095427435387674,0.6351351351351351,0.7539885714285682,0.05631999999999951,0.6976685714285688,0.9
17524,tdc_evidence_validated,True,0.8026315789473685,0.05285714285714286,0.3026315789473684,0.1942800788954635,0.8057199211045365,0.6973684210526316,0.7119419047619011,0.012949163826258941,0.6989927409356421,0.9089516992143432
17525,simple_q076_a008,False,0.7974683544303798,0.11857142857142858,0.35443037974683544,0.2198233562315996,0.7801766437684003,0.6455696202531646,0.6921190476190433,0.017820000000000367,0.6742990476190429,0.76
17525,simple_q084_a008,False,0.75,0.09857142857142857,0.3472222222222222,0.1808300395256917,0.8191699604743083,0.6527777777777778,0.7205190476190437,0.03718000000000356,0.6833390476190402,0.84
17525,simple_q090_a008,False,0.8378378378378378,0.06571428571428571,0.33783783783783783,0.12487611496531219,0.8751238850346879,0.6621621621621622,0.7529933333333301,0.05631999999999951,0.6966733333333306,0.9
17525,simple_q090_a016,False,0.8666666666666667,0.04857142857142857,0.2111111111111111,0.11207729468599034,0.8879227053140096,0.7888888888888889,0.7443895238095207,0.05631999999999951,0.6880695238095212,0.9
17525,tdc_evidence_validated,True,0.8241758241758241,0.06714285714285714,0.3516483516483517,0.17618110236220472,0.8238188976377953,0.6483516483516483,0.7353685714285679,0.014332261376745257,0.7210363100518227,0.9083298249817862
17526,simple_q076_a008,False,0.8028169014084507,0.12,0.30985915492957744,0.2192622950819672,0.7807377049180328,0.6901408450704225,0.734748571428567,0.017820000000000367,0.7169285714285666,0.76
17526,simple_q084_a008,False,0.8387096774193549,0.07857142857142857,0.3010752688172043,0.19332679097154074,0.8066732090284593,0.6989247311827957,0.7160885714285674,0.03718000000000356,0.6789085714285639,0.84
17526,simple_q090_a008,False,0.8795180722891566,0.06,0.2289156626506024,0.17797443461160276,0.8220255653883972,0.7710843373493976,0.7648876190476162,0.05631999999999951,0.7085676190476167,0.9
17526,simple_q090_a016,False,0.8313253012048193,0.06142857142857143,0.3493975903614458,0.11519845111326234,0.8848015488867377,0.6506024096385542,0.7403066666666637,0.05631999999999951,0.6839866666666642,0.9
17526,tdc_evidence_validated,True,0.8469387755102041,0.05714285714285714,0.30612244897959184,0.18181818181818182,0.8181818181818181,0.6938775510204082,0.7068590476190436,0.013522340361054952,0.6933367072579887,0.9079916026495589
17527,simple_q076_a008,False,0.6753246753246753,0.11857142857142858,0.45454545454545453,0.22072936660268713,0.7792706333973128,0.5454545454545454,0.6735047619047577,0.017820000000000367,0.6556847619047573,0.76
17527,simple_q084_a008,False,0.8148148148148148,0.08857142857142856,0.2962962962962963,0.159,0.841,0.7037037037037037,0.7488914285714249,0.03718000000000356,0.7117114285714213,0.84
17527,simple_q090_a008,False,0.8831168831168831,0.06571428571428571,0.23376623376623376,0.12168792934249265,0.8783120706575074,0.7662337662337663,0.7726599999999966,0.05631999999999951,0.7163399999999971,0.9
17527,simple_q090_a016,False,0.7875,0.055714285714285716,0.35,0.10686274509803921,0.8931372549019608,0.65,0.7259171428571393,0.05631999999999951,0.6695971428571398,0.9
17527,tdc_evidence_validated,True,0.8764044943820225,0.05857142857142857,0.23595505617977527,0.17635658914728683,0.8236434108527132,0.7640449438202247,0.723115238095235,0.014612070744831998,0.7085031673504031,0.910493492547602
17528,simple_q076_a008,False,0.69,0.12285714285714286,0.41,0.2434529582929195,0.7565470417070805,0.5900000000000001,0.6360580952380911,0.017820000000000367,0.6182380952380907,0.76
17528,simple_q084_a008,False,0.776595744680851,0.08,0.32978723404255317,0.181640625,0.818359375,0.6702127659574468,0.7560523809523775,0.03718000000000356,0.7188723809523739,0.84
17528,simple_q090_a008,False,0.7974683544303798,0.06285714285714286,0.24050632911392406,0.1485148514851485,0.8514851485148515,0.759493670886076,0.7599438095238059,0.05631999999999951,0.7036238095238064,0.9
17528,simple_q090_a016,False,0.8309859154929577,0.06428571428571428,0.30985915492957744,0.10721247563352826,0.8927875243664718,0.6901408450704225,0.7277161904761873,0.05631999999999951,0.6713961904761878,0.9
17528,tdc_evidence_validated,True,0.7971014492753623,0.06428571428571428,0.37681159420289856,0.19326065411298315,0.8067393458870169,0.6231884057971014,0.6916038095238058,0.01327569468186997,0.6783281148419359,0.9053143015274344
17529,simple_q076_a008,False,0.7159090909090909,0.12714285714285714,0.4090909090909091,0.23023023023023023,0.7697697697697697,0.5909090909090908,0.6201342857142812,0.017820000000000367,0.6023142857142808,0.76
17529,simple_q084_a008,False,0.7752808988764045,0.10571428571428572,0.38202247191011235,0.17549019607843136,0.8245098039215686,0.6179775280898876,0.7202676190476154,0.03718000000000356,0.6830876190476118,0.84
17529,simple_q090_a008,False,0.8192771084337349,0.07571428571428572,0.30120481927710846,0.1376953125,0.8623046875,0.6987951807228916,0.71690952380952,0.05631999999999951,0.6605895238095205,0.9
17529,simple_q090_a016,False,0.821917808219178,0.05857142857142857,0.3013698630136986,0.09772951628825272,0.9022704837117472,0.6986301369863014,0.759355238095235,0.05631999999999951,0.7030352380952355,0.9
17529,tdc_evidence_validated,True,0.8552631578947368,0.041428571428571426,0.27631578947368424,0.2032032032032032,0.7967967967967968,0.7236842105263157,0.721361904761901,0.013579988607589511,0.7077819161543115,0.9077665264050019
17530,simple_q076_a008,False,0.7333333333333333,0.13714285714285715,0.36,0.21073170731707316,0.7892682926829269,0.64,0.6962657142857098,0.017820000000000367,0.6784457142857094,0.76
17530,simple_q084_a008,False,0.8082191780821918,0.08428571428571428,0.3287671232876712,0.1844946025515211,0.8155053974484789,0.6712328767123288,0.7312666666666625,0.03718000000000356,0.694086666666659,0.84
17530,simple_q090_a008,False,0.8061224489795918,0.05,0.35714285714285715,0.1381048387096774,0.8618951612903226,0.6428571428571428,0.7605866666666634,0.05631999999999951,0.7042666666666639,0.9
17530,simple_q090_a016,False,0.8082191780821918,0.06428571428571428,0.3150684931506849,0.10048309178743961,0.8995169082125604,0.6849315068493151,0.7515247619047588,0.05631999999999951,0.6952047619047593,0.9
17530,tdc_evidence_validated,True,0.75,0.06285714285714286,0.3611111111111111,0.1400198609731877,0.8599801390268123,0.6388888888888888,0.7456333333333295,0.015567888198457553,0.7300654451348719,0.9069243181771687
17531,simple_q076_a008,False,0.7236842105263158,0.12,0.40789473684210525,0.2206896551724138,0.7793103448275862,0.5921052631578947,0.6718609523809476,0.017820000000000367,0.6540409523809472,0.76
17531,simple_q084_a008,False,0.8378378378378378,0.08571428571428572,0.2702702702702703,0.187683284457478,0.8123167155425219,0.7297297297297297,0.7128599999999962,0.03718000000000356,0.6756799999999926,0.84
17531,simple_q090_a008,False,0.8555555555555555,0.04857142857142857,0.28888888888888886,0.15555555555555556,0.8444444444444444,0.7111111111111111,0.7434142857142825,0.05631999999999951,0.687094285714283,0.9
17531,simple_q090_a016,False,0.8607594936708861,0.05,0.26582278481012656,0.12634671890303623,0.8736532810969637,0.7341772151898734,0.7681838095238067,0.05631999999999951,0.7118638095238072,0.9
17531,tdc_evidence_validated,True,0.8026315789473685,0.045714285714285714,0.32894736842105265,0.17234664070107109,0.8276533592989289,0.6710526315789473,0.7144123809523774,0.01418758444892549,0.7002247965034518,0.9087026859327061
17532,simple_q076_a008,False,0.7878787878787878,0.13714285714285715,0.36363636363636365,0.23625254582484725,0.7637474541751528,0.6363636363636364,0.6798219047619004,0.017820000000000367,0.6620019047619,0.76
17532,simple_q084_a008,False,0.7857142857142857,0.09714285714285714,0.35714285714285715,0.17641325536062377,0.8235867446393762,0.6428571428571428,0.7249561904761868,0.03718000000000356,0.6877761904761832,0.84
17532,simple_q090_a008,False,0.8813559322033898,0.06,0.22033898305084745,0.13056379821958458,0.8694362017804154,0.7796610169491526,0.7867380952380922,0.05631999999999951,0.7304180952380928,0.9
17532,simple_q090_a016,False,0.8554216867469879,0.05857142857142857,0.3132530120481928,0.10218253968253968,0.8978174603174603,0.6867469879518072,0.7354228571428542,0.05631999999999951,0.6791028571428547,0.9
17532,tdc_evidence_validated,True,0.796875,0.05,0.34375,0.171875,0.828125,0.65625,0.741998095238092,0.014596864565572257,0.7274012306725197,0.9063107385951992
17533,simple_q076_a008,False,0.8068181818181818,0.12857142857142856,0.38636363636363635,0.22665369649805447,0.7733463035019456,0.6136363636363636,0.6919657142857101,0.017820000000000367,0.6741457142857097,0.76
17533,simple_q084_a008,False,0.8,0.07428571428571429,0.3625,0.16908212560386474,0.8309178743961353,0.6375,0.7292028571428533,0.03718000000000356,0.6920228571428497,0.84
17533,simple_q090_a008,False,0.8656716417910447,0.07714285714285714,0.23880597014925373,0.15121951219512195,0.848780487804878,0.7611940298507462,0.711747619047616,0.05631999999999951,0.6554276190476165,0.9
17533,simple_q090_a016,False,0.8493150684931506,0.09,0.2602739726027397,0.11477045908183632,0.8852295409181636,0.7397260273972603,0.7585523809523782,0.05631999999999951,0.7022323809523787,0.9
17533,tdc_evidence_validated,True,0.7058823529411765,0.06,0.38823529411764707,0.18059558117195004,0.8194044188280499,0.611764705882353,0.7136561904761878,0.01441720767807464,0.6992389827981131,0.9070044847721188
17534,simple_q076_a008,False,0.7424242424242424,0.13714285714285715,0.4393939393939394,0.21428571428571427,0.7857142857142857,0.5606060606060606,0.7222190476190429,0.017820000000000367,0.7043990476190425,0.76
17534,simple_q084_a008,False,0.8170731707317073,0.09142857142857143,0.2926829268292683,0.16940948693126814,0.8305905130687319,0.7073170731707317,0.7287533333333293,0.03718000000000356,0.6915733333333257,0.84
17534,simple_q090_a008,False,0.7910447761194029,0.07285714285714286,0.3283582089552239,0.14650934119960668,0.8534906588003933,0.6716417910447761,0.7440485714285684,0.05631999999999951,0.6877285714285689,0.9
17534,simple_q090_a016,False,0.863013698630137,0.07,0.2191780821917808,0.13786213786213786,0.8621378621378621,0.7808219178082192,0.7291209523809495,0.05631999999999951,0.6728009523809501,0.9
17534,tdc_evidence_validated,True,0.9324324324324325,0.06428571428571428,0.24324324324324326,0.19979818365287588,0.8002018163471241,0.7567567567567568,0.6864676190476147,0.012336726038845986,0.6741308930087687,0.9065297410115822
17535,simple_q076_a008,False,0.7272727272727273,0.13,0.4090909090909091,0.2300194931773879,0.7699805068226121,0.5909090909090908,0.6804704761904712,0.017820000000000367,0.6626504761904708,0.76
17535,simple_q084_a008,False,0.76,0.10714285714285714,0.37333333333333335,0.18059558117195004,0.8194044188280499,0.6266666666666667,0.7184457142857106,0.03718000000000356,0.681265714285707,0.84
17535,simple_q090_a008,False,0.8235294117647058,0.07285714285714286,0.38235294117647056,0.14829659318637275,0.8517034068136272,0.6176470588235294,0.7609904761904727,0.05631999999999951,0.7046704761904732,0.9
17535,simple_q090_a016,False,0.8831168831168831,0.05,0.2597402597402597,0.10422812192723697,0.895771878072763,0.7402597402597403,0.7642961904761875,0.05631999999999951,0.707976190476188,0.9
17535,tdc_evidence_validated,True,0.7701149425287356,0.06142857142857143,0.2988505747126437,0.2012133468149646,0.7987866531850354,0.7011494252873562,0.7255085714285673,0.0135070715737381,0.7120014998548292,0.9098372408336513
17536,simple_q076_a008,False,0.75,0.14714285714285713,0.36764705882352944,0.22297955209347614,0.7770204479065239,0.6323529411764706,0.7245228571428525,0.017820000000000367,0.7067028571428521,0.76
17536,simple_q084_a008,False,0.7402597402597403,0.07428571428571429,0.38961038961038963,0.16666666666666666,0.8333333333333334,0.6103896103896104,0.7208704761904723,0.03718000000000356,0.6836904761904687,0.84
17536,simple_q090_a008,False,0.8613861386138614,0.041428571428571426,0.25742574257425743,0.1380952380952381,0.861904761904762,0.7425742574257426,0.737946666666663,0.05631999999999951,0.6816266666666635,0.9
17536,simple_q090_a016,False,0.881578947368421,0.07428571428571429,0.2631578947368421,0.1010689990281827,0.8989310009718173,0.736842105263158,0.7428342857142827,0.05631999999999951,0.6865142857142832,0.9
17536,tdc_evidence_validated,True,0.8148148148148148,0.06142857142857143,0.2839506172839506,0.17309594460929772,0.8269040553907023,0.7160493827160495,0.7031438095238058,0.013218909875267481,0.6899248996485383,0.905562981300112
17537,simple_q076_a008,False,0.7916666666666666,0.12,0.3055555555555556,0.247,0.753,0.6944444444444444,0.7226038095238047,0.017820000000000367,0.7047838095238043,0.76
17537,simple_q084_a008,False,0.746268656716418,0.11428571428571428,0.373134328358209,0.1928071928071928,0.8071928071928072,0.6268656716417911,0.756394285714282,0.03718000000000356,0.7192142857142785,0.84
17537,simple_q090_a008,False,0.8481012658227848,0.06428571428571428,0.2911392405063291,0.15,0.85,0.7088607594936709,0.7772590476190445,0.05631999999999951,0.720939047619045,0.9
17537,simple_q090_a016,False,0.8552631578947368,0.05857142857142857,0.25,0.11414634146341464,0.8858536585365854,0.75,0.7493561904761871,0.05631999999999951,0.6930361904761876,0.9
17537,tdc_evidence_validated,True,0.8461538461538461,0.05285714285714286,0.3626373626373626,0.1781609195402299,0.8218390804597702,0.6373626373626373,0.7049961904761871,0.014666259410028158,0.6903299310661589,0.9064828954285569
17538,simple_q076_a008,False,0.6987951807228916,0.11714285714285715,0.40963855421686746,0.23107569721115537,0.7689243027888446,0.5903614457831325,0.6634571428571382,0.017820000000000367,0.6456371428571378,0.76
17538,simple_q084_a008,False,0.7804878048780488,0.08857142857142856,0.36585365853658536,0.16455696202531644,0.8354430379746836,0.6341463414634146,0.7491447619047585,0.03718000000000356,0.711964761904755,0.84
17538,simple_q090_a008,False,0.7419354838709677,0.05714285714285714,0.3333333333333333,0.14763779527559054,0.8523622047244095,0.6666666666666667,0.7532085714285679,0.05631999999999951,0.6968885714285684,0.9
17538,simple_q090_a016,False,0.8591549295774648,0.055714285714285716,0.28169014084507044,0.10898082744702321,0.8910191725529768,0.7183098591549295,0.7258590476190442,0.05631999999999951,0.6695390476190447,0.9
17538,tdc_evidence_validated,True,0.875,0.06285714285714286,0.3472222222222222,0.1756198347107438,0.8243801652892562,0.6527777777777778,0.7315390476190438,0.013513338093169734,0.7180257095258741,0.9071774593870638
17539,simple_q076_a008,False,0.7532467532467533,0.14285714285714285,0.42857142857142855,0.22789783889980353,0.7721021611001965,0.5714285714285714,0.6883333333333284,0.017820000000000367,0.670513333333328,0.76
17539,simple_q084_a008,False,0.8732394366197183,0.09714285714285714,0.29577464788732394,0.1918489065606362,0.8081510934393639,0.704225352112676,0.7131790476190444,0.03718000000000356,0.6759990476190408,0.84
17539,simple_q090_a008,False,0.7586206896551724,0.06428571428571428,0.3448275862068966,0.146,0.854,0.6551724137931034,0.7433361904761872,0.05631999999999951,0.6870161904761877,0.9
17539,simple_q090_a016,False,0.8314606741573034,0.05,0.3707865168539326,0.09270216962524655,0.9072978303747534,0.6292134831460674,0.7096266666666634,0.05631999999999951,0.6533066666666639,0.9
17539,tdc_evidence_validated,True,0.8433734939759037,0.04857142857142857,0.3132530120481928,0.16350947158524426,0.8364905284147557,0.6867469879518072,0.7070076190476151,0.01413649309753694,0.6928711259500782,0.9091620868830994
