seed,model,is_tdc,final_holdout_recall,final_holdout_false_alarm,final_holdout_violation_rate,trap_capture_rate,capture_resistance,core_protection,gross_trajectory,avg_information_cost,net_trajectory_after_info_cost,final_quality
17600,simple_q076_a008,False,0.7640449438202247,0.13333333333333333,0.38202247191011235,0.23273415326395458,0.7672658467360454,0.6179775280898876,0.6523528888888842,0.01782000000000037,0.6345328888888838,0.76
17600,simple_q084_a008,False,0.8131868131868132,0.07733333333333334,0.3626373626373626,0.1661721068249258,0.8338278931750742,0.6373626373626373,0.709583111111107,0.03718000000000375,0.6724031111111032,0.84
17600,simple_q090_a008,False,0.8414634146341463,0.05733333333333333,0.2926829268292683,0.1554907677356657,0.8445092322643343,0.7073170731707317,0.7191662222222192,0.05631999999999951,0.6628462222222197,0.9
17600,simple_q090_a016,False,0.868421052631579,0.06666666666666667,0.3026315789473684,0.12115384615384615,0.8788461538461538,0.6973684210526316,0.7403377777777749,0.05631999999999951,0.6840177777777754,0.9
17600,tdc_evidence_validated,True,0.775,0.06533333333333333,0.325,0.16977428851815504,0.830225711481845,0.675,0.7095724444444407,0.0145286806747745,0.6950437637696661,0.9075825350861548
17601,simple_q076_a008,False,0.7142857142857143,0.11466666666666667,0.4025974025974026,0.23210831721470018,0.7678916827852998,0.5974025974025974,0.6715857777777732,0.01782000000000037,0.6537657777777728,0.76
17601,simple_q084_a008,False,0.7746478873239436,0.09866666666666667,0.38028169014084506,0.18146718146718147,0.8185328185328186,0.619718309859155,0.7224319999999963,0.03718000000000375,0.6852519999999925,0.84
17601,simple_q090_a008,False,0.7525773195876289,0.06666666666666667,0.4639175257731959,0.12362911266201396,0.8763708873379861,0.5360824742268041,0.7336364444444419,0.05631999999999951,0.6773164444444424,0.9
17601,simple_q090_a016,False,0.8556701030927835,0.058666666666666666,0.31958762886597936,0.11493123772102161,0.8850687622789783,0.6804123711340206,0.7270293333333306,0.05631999999999951,0.6707093333333312,0.9
17601,tdc_evidence_validated,True,0.8404255319148937,0.03866666666666667,0.30851063829787234,0.1724470134874759,0.8275529865125241,0.6914893617021276,0.684483555555552,0.014763366603821267,0.6697201889517307,0.9096828927265626
17602,simple_q076_a008,False,0.6666666666666666,0.11066666666666666,0.3870967741935484,0.22015655577299412,0.7798434442270059,0.6129032258064516,0.6441146666666624,0.01782000000000037,0.626294666666662,0.76
17602,simple_q084_a008,False,0.7789473684210526,0.07066666666666667,0.3368421052631579,0.19107662463627545,0.8089233753637246,0.6631578947368422,0.6883724444444406,0.03718000000000375,0.6511924444444368,0.84
17602,simple_q090_a008,False,0.8850574712643678,0.05466666666666667,0.22988505747126436,0.12622309197651663,0.8737769080234834,0.7701149425287357,0.7371795555555524,0.05631999999999951,0.6808595555555529,0.9
17602,simple_q090_a016,False,0.8452380952380952,0.06133333333333333,0.32142857142857145,0.13043478260869565,0.8695652173913043,0.6785714285714286,0.6627324444444415,0.05631999999999951,0.606412444444442,0.9
17602,tdc_evidence_validated,True,0.8131868131868132,0.052,0.3516483516483517,0.18486590038314177,0.8151340996168582,0.6483516483516483,0.6951724444444408,0.014484833097384396,0.6806876113470565,0.9065566899461295
17603,simple_q076_a008,False,0.7777777777777778,0.12266666666666666,0.3888888888888889,0.21865889212827988,0.7813411078717201,0.6111111111111112,0.687583111111107,0.01782000000000037,0.6697631111111066,0.76
17603,simple_q084_a008,False,0.8152173913043478,0.08533333333333333,0.34782608695652173,0.17670286278381048,0.8232971372161895,0.6521739130434783,0.7087031111111073,0.03718000000000375,0.6715231111111035,0.84
17603,simple_q090_a008,False,0.8266666666666667,0.06933333333333333,0.29333333333333333,0.16407766990291262,0.8359223300970874,0.7066666666666667,0.7451004444444419,0.05631999999999951,0.6887804444444424,0.9
17603,simple_q090_a016,False,0.8913043478260869,0.06133333333333333,0.2717391304347826,0.1064453125,0.8935546875,0.7282608695652174,0.7232133333333312,0.05631999999999951,0.6668933333333317,0.9
17603,tdc_evidence_validated,True,0.8478260869565217,0.04933333333333333,0.31521739130434784,0.18416030534351144,0.8158396946564885,0.6847826086956521,0.71346133333333,0.014186651580641758,0.6992746817526881,0.9084269941384514
17604,simple_q076_a008,False,0.7317073170731707,0.16266666666666665,0.3780487804878049,0.2540160642570281,0.7459839357429718,0.6219512195121951,0.6554177777777731,0.01782000000000037,0.6375977777777727,0.76
17604,simple_q084_a008,False,0.8701298701298701,0.096,0.2857142857142857,0.18926829268292683,0.8107317073170732,0.7142857142857143,0.7222542222222187,0.03718000000000375,0.6850742222222149,0.84
17604,simple_q090_a008,False,0.75,0.064,0.43478260869565216,0.14357429718875503,0.856425702811245,0.5652173913043479,0.7193511111111082,0.05631999999999951,0.6630311111111087,0.9
17604,simple_q090_a016,False,0.8765432098765432,0.06133333333333333,0.24691358024691357,0.11165048543689321,0.8883495145631068,0.7530864197530864,0.7470968888888867,0.05631999999999951,0.6907768888888872,0.9
17604,tdc_evidence_validated,True,0.8372093023255814,0.06666666666666667,0.32558139534883723,0.17369970559371933,0.8263002944062807,0.6744186046511628,0.7223244444444411,0.014064567591974086,0.708259876852467,0.9087055131144008
17605,simple_q076_a008,False,0.7666666666666667,0.156,0.35555555555555557,0.23517978620019436,0.7648202137998057,0.6444444444444444,0.6594293333333288,0.01782000000000037,0.6416093333333284,0.76
17605,simple_q084_a008,False,0.7142857142857143,0.08666666666666667,0.4155844155844156,0.17751479289940827,0.8224852071005917,0.5844155844155844,0.7032337777777743,0.03718000000000375,0.6660537777777705,0.84
17605,simple_q090_a008,False,0.8241758241758241,0.064,0.3076923076923077,0.1483996120271581,0.8516003879728419,0.6923076923076923,0.7115822222222187,0.05631999999999951,0.6552622222222192,0.9
17605,simple_q090_a016,False,0.8351648351648352,0.050666666666666665,0.3516483516483517,0.11949069539666993,0.8805093046033301,0.6483516483516483,0.697504888888886,0.05631999999999951,0.6411848888888865,0.9
17605,tdc_evidence_validated,True,0.8172043010752689,0.034666666666666665,0.3010752688172043,0.17607003891050585,0.8239299610894941,0.6989247311827957,0.7025484444444408,0.013279176341940325,0.6892692681025004,0.9081775664228677
17606,simple_q076_a008,False,0.7160493827160493,0.152,0.5061728395061729,0.21194029850746268,0.7880597014925373,0.49382716049382713,0.6481937777777727,0.01782000000000037,0.6303737777777723,0.76
17606,simple_q084_a008,False,0.8518518518518519,0.07466666666666667,0.2345679012345679,0.18564102564102564,0.8143589743589743,0.7654320987654322,0.7342711111111075,0.03718000000000375,0.6970911111111038,0.84
17606,simple_q090_a008,False,0.8589743589743589,0.06133333333333333,0.24358974358974358,0.14313346228239845,0.8568665377176016,0.7564102564102564,0.7246524444444412,0.05631999999999951,0.6683324444444417,0.9
17606,simple_q090_a016,False,0.845360824742268,0.07333333333333333,0.3402061855670103,0.10416666666666667,0.8958333333333334,0.6597938144329897,0.7330186666666633,0.05631999999999951,0.6766986666666638,0.9
17606,tdc_evidence_validated,True,0.8240740740740741,0.04933333333333333,0.37962962962962965,0.1734390485629336,0.8265609514370664,0.6203703703703703,0.6882293333333301,0.014726115381300187,0.6735032179520299,0.9082873342779414
17607,simple_q076_a008,False,0.7045454545454546,0.15066666666666667,0.38636363636363635,0.22376237623762377,0.7762376237623763,0.6136363636363636,0.6656533333333285,0.01782000000000037,0.6478333333333282,0.76
17607,simple_q084_a008,False,0.8333333333333334,0.09466666666666666,0.36904761904761907,0.17123287671232876,0.8287671232876712,0.6309523809523809,0.689235555555552,0.03718000000000375,0.6520555555555483,0.84
17607,simple_q090_a008,False,0.7959183673469388,0.06133333333333333,0.32653061224489793,0.13505747126436782,0.8649425287356322,0.6734693877551021,0.738062222222219,0.05631999999999951,0.6817422222222195,0.9
17607,simple_q090_a016,False,0.8607594936708861,0.07466666666666667,0.35443037974683544,0.12260536398467432,0.8773946360153256,0.6455696202531646,0.7223288888888859,0.05631999999999951,0.6660088888888864,0.9
17607,tdc_evidence_validated,True,0.891566265060241,0.05733333333333333,0.26506024096385544,0.17344961240310078,0.8265503875968992,0.7349397590361446,0.7109546666666635,0.015143298387222599,0.6958113682794409,0.9103557201176876
17608,simple_q076_a008,False,0.7333333333333333,0.13866666666666666,0.4,0.2151277013752456,0.7848722986247544,0.6,0.6427093333333284,0.01782000000000037,0.624889333333328,0.76
17608,simple_q084_a008,False,0.8292682926829268,0.1,0.2804878048780488,0.1813627254509018,0.8186372745490982,0.7195121951219512,0.7090888888888851,0.03718000000000375,0.6719088888888813,0.84
17608,simple_q090_a008,False,0.8604651162790697,0.048,0.2441860465116279,0.14123222748815165,0.8587677725118483,0.7558139534883721,0.7419573333333307,0.05631999999999951,0.6856373333333312,0.9
17608,simple_q090_a016,False,0.7976190476190477,0.064,0.30952380952380953,0.11459353574926542,0.8854064642507345,0.6904761904761905,0.7060684444444418,0.05631999999999951,0.6497484444444424,0.9
17608,tdc_evidence_validated,True,0.8241758241758241,0.056,0.32967032967032966,0.16551724137931034,0.8344827586206897,0.6703296703296704,0.7182773333333298,0.015008566005165603,0.7032687673281641,0.9076722672926156
17609,simple_q076_a008,False,0.734375,0.148,0.40625,0.2419047619047619,0.7580952380952382,0.59375,0.6756524444444397,0.01782000000000037,0.6578324444444393,0.76
17609,simple_q084_a008,False,0.8352941176470589,0.07333333333333333,0.3058823529411765,0.19223300970873786,0.8077669902912621,0.6941176470588235,0.6984951111111075,0.03718000000000375,0.6613151111111037,0.84
17609,simple_q090_a008,False,0.8620689655172413,0.06666666666666667,0.2413793103448276,0.14422158548233047,0.8557784145176696,0.7586206896551724,0.737796444444441,0.05631999999999951,0.6814764444444416,0.9
17609,simple_q090_a016,False,0.7790697674418605,0.050666666666666665,0.4418604651162791,0.09606147934678194,0.903938520653218,0.5581395348837209,0.7325368888888864,0.05631999999999951,0.6762168888888869,0.9
17609,tdc_evidence_validated,True,0.8588235294117647,0.052,0.2823529411764706,0.16517412935323383,0.8348258706467662,0.7176470588235294,0.6803484444444412,0.01461552709986509,0.6657329173445761,0.9090687678991594
17610,simple_q076_a008,False,0.7764705882352941,0.156,0.35294117647058826,0.2334322453016815,0.7665677546983185,0.6470588235294117,0.6776293333333279,0.01782000000000037,0.6598093333333275,0.76
17610,simple_q084_a008,False,0.8351648351648352,0.10266666666666667,0.3076923076923077,0.17482517482517482,0.8251748251748252,0.6923076923076923,0.712738666666663,0.03718000000000375,0.6755586666666592,0.84
17610,simple_q090_a008,False,0.8202247191011236,0.050666666666666665,0.33707865168539325,0.13465160075329566,0.8653483992467044,0.6629213483146068,0.725279999999997,0.05631999999999951,0.6689599999999976,0.9
17610,simple_q090_a016,False,0.8089887640449438,0.050666666666666665,0.3146067415730337,0.12475247524752475,0.8752475247524752,0.6853932584269663,0.6716417777777741,0.05631999999999951,0.6153217777777746,0.9
17610,tdc_evidence_validated,True,0.84,0.058666666666666666,0.26666666666666666,0.18866080156402737,0.8113391984359726,0.7333333333333334,0.6998391111111073,0.014007703921146742,0.6858314071899606,0.9073705967995209
17611,simple_q076_a008,False,0.7241379310344828,0.11733333333333333,0.45977011494252873,0.23735408560311283,0.7626459143968871,0.5402298850574713,0.6300604444444405,0.01782000000000037,0.6122404444444401,0.76
17611,simple_q084_a008,False,0.8777777777777778,0.104,0.25555555555555554,0.1792452830188679,0.8207547169811321,0.7444444444444445,0.7102995555555518,0.03718000000000375,0.673119555555548,0.84
17611,simple_q090_a008,False,0.8292682926829268,0.050666666666666665,0.3902439024390244,0.1342281879194631,0.8657718120805369,0.6097560975609756,0.7037724444444415,0.05631999999999951,0.647452444444442,0.9
17611,simple_q090_a016,False,0.8172043010752689,0.04666666666666667,0.3548387096774194,0.12323612417685795,0.8767638758231421,0.6451612903225806,0.7153084444444414,0.05631999999999951,0.6589884444444419,0.9
17611,tdc_evidence_validated,True,0.8555555555555555,0.06266666666666666,0.32222222222222224,0.17417417417417416,0.8258258258258259,0.6777777777777778,0.6965999999999966,0.013944482804419301,0.6826555171955773,0.9084108360223557
17612,simple_q076_a008,False,0.8,0.152,0.375,0.23398058252427184,0.7660194174757282,0.625,0.6840622222222174,0.01782000000000037,0.666242222222217,0.76
17612,simple_q084_a008,False,0.8255813953488372,0.08133333333333333,0.29069767441860467,0.18731417244796827,0.8126858275520317,0.7093023255813953,0.7227804444444408,0.03718000000000375,0.685600444444437,0.84
17612,simple_q090_a008,False,0.8072289156626506,0.064,0.25301204819277107,0.13295880149812733,0.8670411985018727,0.7469879518072289,0.7408613333333305,0.05631999999999951,0.684541333333331,0.9
17612,simple_q090_a016,False,0.8282828282828283,0.064,0.2828282828282828,0.1023391812865497,0.8976608187134503,0.7171717171717171,0.727864888888886,0.05631999999999951,0.6715448888888865,0.9
17612,tdc_evidence_validated,True,0.8387096774193549,0.06133333333333333,0.27956989247311825,0.17566241413150147,0.8243375858684985,0.7204301075268817,0.7218524444444409,0.014394633453154098,0.7074578109912868,0.9106131838744616
17613,simple_q076_a008,False,0.7727272727272727,0.13466666666666666,0.375,0.20833333333333334,0.7916666666666666,0.625,0.6737395555555508,0.01782000000000037,0.6559195555555504,0.76
17613,simple_q084_a008,False,0.7468354430379747,0.09066666666666667,0.3670886075949367,0.18054162487462388,0.8194583751253761,0.6329113924050633,0.7410551111111073,0.03718000000000375,0.7038751111111036,0.84
17613,simple_q090_a008,False,0.8125,0.058666666666666666,0.2875,0.14960629921259844,0.8503937007874016,0.7125,0.7579919999999972,0.05631999999999951,0.7016719999999977,0.9
17613,simple_q090_a016,False,0.8444444444444444,0.06266666666666666,0.3,0.107421875,0.892578125,0.7,0.7384293333333308,0.05631999999999951,0.6821093333333313,0.9
17613,tdc_evidence_validated,True,0.8051948051948052,0.052,0.36363636363636365,0.17652764306498545,0.8234723569350145,0.6363636363636364,0.6893608888888857,0.014230684788313207,0.6751302041005725,0.9077961837814951
17614,simple_q076_a008,False,0.7441860465116279,0.14,0.32558139534883723,0.22884615384615384,0.7711538461538462,0.6744186046511628,0.6826195555555508,0.01782000000000037,0.6647995555555504,0.76
17614,simple_q084_a008,False,0.8888888888888888,0.096,0.24691358024691357,0.1926782273603083,0.8073217726396917,0.7530864197530864,0.7160711111111075,0.03718000000000375,0.6788911111111038,0.84
17614,simple_q090_a008,False,0.8658536585365854,0.05466666666666667,0.25609756097560976,0.11775700934579439,0.8822429906542056,0.7439024390243902,0.7442648888888861,0.05631999999999951,0.6879448888888866,0.9
17614,simple_q090_a016,False,0.8333333333333334,0.04933333333333333,0.2916666666666667,0.10088148873653281,0.8991185112634672,0.7083333333333333,0.7178515555555527,0.05631999999999951,0.6615315555555532,0.9
17614,tdc_evidence_validated,True,0.8552631578947368,0.05466666666666667,0.35526315789473684,0.1781496062992126,0.8218503937007874,0.6447368421052632,0.6661342222222184,0.014256162817738631,0.6518780594044797,0.9071604200843928
17615,simple_q076_a008,False,0.7307692307692307,0.12666666666666668,0.44871794871794873,0.19980411361410383,0.8001958863858962,0.5512820512820513,0.6507528888888846,0.01782000000000037,0.6329328888888842,0.76
17615,simple_q084_a008,False,0.7567567567567568,0.104,0.3783783783783784,0.18809980806142035,0.8119001919385797,0.6216216216216216,0.7257324444444413,0.03718000000000375,0.6885524444444375,0.84
17615,simple_q090_a008,False,0.8160919540229885,0.06533333333333333,0.28735632183908044,0.14858260019550343,0.8514173998044966,0.7126436781609196,0.7292524444444413,0.05631999999999951,0.6729324444444418,0.9
17615,simple_q090_a016,False,0.7341772151898734,0.07333333333333333,0.4810126582278481,0.10741444866920152,0.8925855513307985,0.5189873417721519,0.7122559999999969,0.05631999999999951,0.6559359999999974,0.9
17615,tdc_evidence_validated,True,0.9080459770114943,0.04933333333333333,0.2988505747126437,0.19038461538461537,0.8096153846153846,0.7011494252873562,0.7186782222222186,0.014117125623948283,0.7045610965982703,0.9099767781959347
17616,simple_q076_a008,False,0.6559139784946236,0.12266666666666666,0.3870967741935484,0.23689320388349513,0.7631067961165049,0.6129032258064516,0.6785919999999952,0.01782000000000037,0.6607719999999948,0.76
17616,simple_q084_a008,False,0.75,0.07333333333333333,0.3541666666666667,0.18190954773869347,0.8180904522613065,0.6458333333333333,0.7031359999999963,0.03718000000000375,0.6659559999999926,0.84
17616,simple_q090_a008,False,0.8441558441558441,0.06533333333333333,0.38961038961038963,0.15285996055226825,0.8471400394477318,0.6103896103896104,0.6882346666666631,0.05631999999999951,0.6319146666666636,0.9
17616,simple_q090_a016,False,0.8181818181818182,0.06666666666666667,0.3333333333333333,0.13549039433771487,0.8645096056622852,0.6666666666666667,0.6704631111111079,0.05631999999999951,0.6141431111111084,0.9
17616,tdc_evidence_validated,True,0.8461538461538461,0.044,0.27472527472527475,0.19902912621359223,0.8009708737864077,0.7252747252747253,0.7123591111111077,0.014222260068152647,0.6981368510429551,0.907991489424204
17617,simple_q076_a008,False,0.7311827956989247,0.14666666666666667,0.34408602150537637,0.25,0.75,0.6559139784946236,0.6339866666666619,0.01782000000000037,0.6161666666666615,0.76
17617,simple_q084_a008,False,0.7926829268292683,0.084,0.4024390243902439,0.1717557251908397,0.8282442748091603,0.5975609756097561,0.6954151111111074,0.03718000000000375,0.6582351111111037,0.84
17617,simple_q090_a008,False,0.7614678899082569,0.052,0.3486238532110092,0.13214990138067062,0.8678500986193294,0.6513761467889908,0.7449662222222193,0.05631999999999951,0.6886462222222198,0.9
17617,simple_q090_a016,False,0.7889908256880734,0.052,0.3669724770642202,0.11758793969849246,0.8824120603015075,0.6330275229357798,0.7132764444444418,0.05631999999999951,0.6569564444444423,0.9
17617,tdc_evidence_validated,True,0.8089887640449438,0.07333333333333333,0.4044943820224719,0.16360116166505323,0.8363988383349468,0.5955056179775281,0.6947279999999967,0.014805827402250287,0.6799221725977463,0.9057465221215544
17618,simple_q076_a008,False,0.717391304347826,0.15333333333333332,0.3804347826086957,0.22189922480620156,0.7781007751937985,0.6195652173913043,0.6548124444444398,0.01782000000000037,0.6369924444444394,0.76
17618,simple_q084_a008,False,0.8333333333333334,0.104,0.36904761904761907,0.1835564053537285,0.8164435946462715,0.6309523809523809,0.6994479999999955,0.03718000000000375,0.6622679999999918,0.84
17618,simple_q090_a008,False,0.8641975308641975,0.06,0.30864197530864196,0.1402321083172147,0.8597678916827853,0.691358024691358,0.7251608888888859,0.05631999999999951,0.6688408888888864,0.9
17618,simple_q090_a016,False,0.8113207547169812,0.064,0.2830188679245283,0.11273080660835763,0.8872691933916423,0.7169811320754718,0.7249146666666638,0.05631999999999951,0.6685946666666643,0.9
17618,tdc_evidence_validated,True,0.8227848101265823,0.04533333333333334,0.3291139240506329,0.18875119161105816,0.8112488083889419,0.6708860759493671,0.6811644444444408,0.013399673236857508,0.6677647712075833,0.9070449983113322
17619,simple_q076_a008,False,0.7674418604651163,0.136,0.3488372093023256,0.21683168316831683,0.7831683168316832,0.6511627906976745,0.6663431111111069,0.01782000000000037,0.6485231111111065,0.76
17619,simple_q084_a008,False,0.776595744680851,0.09466666666666666,0.40425531914893614,0.15911282545805208,0.840887174541948,0.5957446808510638,0.6770177777777738,0.03718000000000375,0.6398377777777701,0.84
17619,simple_q090_a008,False,0.8235294117647058,0.056,0.3431372549019608,0.1528724440116845,0.8471275559883155,0.6568627450980392,0.7247404444444409,0.05631999999999951,0.6684204444444414,0.9
17619,simple_q090_a016,False,0.8765432098765432,0.04933333333333333,0.2962962962962963,0.11024390243902439,0.8897560975609756,0.7037037037037037,0.7191866666666636,0.05631999999999951,0.6628666666666642,0.9
17619,tdc_evidence_validated,True,0.8414634146341463,0.052,0.3170731707317073,0.18164251207729468,0.8183574879227054,0.6829268292682926,0.6994488888888851,0.014021414865995358,0.6854274740228897,0.9093791923762277
17620,simple_q076_a008,False,0.7976190476190477,0.13066666666666665,0.34523809523809523,0.23175542406311636,0.7682445759368837,0.6547619047619048,0.6646622222222179,0.01782000000000037,0.6468422222222175,0.76
17620,simple_q084_a008,False,0.7934782608695652,0.07466666666666667,0.34782608695652173,0.17523809523809525,0.8247619047619048,0.6521739130434783,0.6828542222222187,0.03718000000000375,0.6456742222222149,0.84
17620,simple_q090_a008,False,0.8735632183908046,0.048,0.27586206896551724,0.14728682170542637,0.8527131782945736,0.7241379310344828,0.7627315555555533,0.05631999999999951,0.7064115555555538,0.9
17620,simple_q090_a016,False,0.8809523809523809,0.050666666666666665,0.2619047619047619,0.11643835616438356,0.8835616438356164,0.7380952380952381,0.7354995555555528,0.05631999999999951,0.6791795555555533,0.9
17620,tdc_evidence_validated,True,0.8390804597701149,0.042666666666666665,0.3563218390804598,0.16936251189343482,0.8306374881065652,0.6436781609195402,0.6834773333333302,0.013271285980371767,0.6702060473529584,0.9069900988874134
17621,simple_q076_a008,False,0.6976744186046512,0.124,0.4418604651162791,0.24111431316042267,0.7588856868395774,0.5581395348837209,0.6468346666666628,0.01782000000000037,0.6290146666666624,0.76
17621,simple_q084_a008,False,0.73,0.08933333333333333,0.41,0.17248062015503876,0.8275193798449613,0.5900000000000001,0.6780204444444408,0.03718000000000375,0.640840444444437,0.84
17621,simple_q090_a008,False,0.8641975308641975,0.06666666666666667,0.25925925925925924,0.14285714285714285,0.8571428571428572,0.7407407407407407,0.7556515555555531,0.05631999999999951,0.6993315555555536,0.9
17621,simple_q090_a016,False,0.8125,0.064,0.3625,0.11553398058252427,0.8844660194174757,0.6375,0.7032391111111077,0.05631999999999951,0.6469191111111082,0.9
17621,tdc_evidence_validated,True,0.8488372093023255,0.05733333333333333,0.3372093023255814,0.16891891891891891,0.8310810810810811,0.6627906976744187,0.6768373333333303,0.01374314515987237,0.6630941881734579,0.904651167097166
17622,simple_q076_a008,False,0.7978723404255319,0.12533333333333332,0.3617021276595745,0.24477611940298508,0.755223880597015,0.6382978723404256,0.6843502222222172,0.01782000000000037,0.6665302222222168,0.76
17622,simple_q084_a008,False,0.8365384615384616,0.08,0.28846153846153844,0.1898238747553816,0.8101761252446185,0.7115384615384616,0.7297955555555524,0.03718000000000375,0.6926155555555487,0.84
17622,simple_q090_a008,False,0.9142857142857143,0.064,0.18095238095238095,0.1416015625,0.8583984375,0.819047619047619,0.7437271111111082,0.05631999999999951,0.6874071111111087,0.9
17622,simple_q090_a016,False,0.8311688311688312,0.07333333333333333,0.3246753246753247,0.1262135922330097,0.8737864077669903,0.6753246753246753,0.7438435555555528,0.05631999999999951,0.6875235555555533,0.9
17622,tdc_evidence_validated,True,0.8404255319148937,0.06,0.2978723404255319,0.201980198019802,0.7980198019801981,0.7021276595744681,0.7092968888888859,0.013451972067719751,0.6958449168211661,0.9108004740528635
17623,simple_q076_a008,False,0.7052631578947368,0.128,0.3894736842105263,0.23448275862068965,0.7655172413793103,0.6105263157894737,0.6703671111111066,0.01782000000000037,0.6525471111111062,0.76
17623,simple_q084_a008,False,0.8295454545454546,0.08933333333333333,0.3068181818181818,0.18725868725868725,0.8127413127413128,0.6931818181818181,0.6879759999999961,0.03718000000000375,0.6507959999999924,0.84
17623,simple_q090_a008,False,0.7604166666666666,0.06133333333333333,0.34375,0.13930348258706468,0.8606965174129353,0.65625,0.7027662222222189,0.05631999999999951,0.6464462222222194,0.9
17623,simple_q090_a016,False,0.8641975308641975,0.052,0.2962962962962963,0.09903846153846153,0.9009615384615385,0.7037037037037037,0.7246479999999969,0.05631999999999951,0.6683279999999974,0.9
17623,tdc_evidence_validated,True,0.8333333333333334,0.06266666666666666,0.2976190476190476,0.17153996101364521,0.8284600389863548,0.7023809523809523,0.724452444444441,0.015196648040782208,0.7092557964036588,0.910292499196208
17624,simple_q076_a008,False,0.7,0.128,0.3875,0.23253588516746412,0.7674641148325358,0.6125,0.64343644444444,0.01782000000000037,0.6256164444444396,0.76
17624,simple_q084_a008,False,0.7228915662650602,0.108,0.39759036144578314,0.195906432748538,0.804093567251462,0.6024096385542168,0.6937279999999957,0.03718000000000375,0.6565479999999919,0.84
17624,simple_q090_a008,False,0.8227848101265823,0.06533333333333333,0.34177215189873417,0.15355086372360843,0.8464491362763915,0.6582278481012658,0.7340764444444416,0.05631999999999951,0.6777564444444422,0.9
17624,simple_q090_a016,False,0.8315789473684211,0.056,0.2631578947368421,0.11330049261083744,0.8866995073891626,0.736842105263158,0.7472817777777752,0.05631999999999951,0.6909617777777757,0.9
17624,tdc_evidence_validated,True,0.8505747126436781,0.056,0.27586206896551724,0.19423076923076923,0.8057692307692308,0.7241379310344828,0.7124817777777741,0.014348556446226957,0.6981332213315472,0.9095181031510322
17625,simple_q076_a008,False,0.7123287671232876,0.14133333333333334,0.4657534246575342,0.22767419038272815,0.7723258096172718,0.5342465753424658,0.6656231111111065,0.01782000000000037,0.6478031111111061,0.76
17625,simple_q084_a008,False,0.8229166666666666,0.09866666666666667,0.2916666666666667,0.1798201798201798,0.8201798201798202,0.7083333333333333,0.6913822222222182,0.03718000000000375,0.6542022222222145,0.84
17625,simple_q090_a008,False,0.8571428571428571,0.058666666666666666,0.2976190476190476,0.13588516746411483,0.8641148325358852,0.7023809523809523,0.7235662222222188,0.05631999999999951,0.6672462222222193,0.9
17625,simple_q090_a016,False,0.8333333333333334,0.06933333333333333,0.2948717948717949,0.1015625,0.8984375,0.7051282051282051,0.7686488888888864,0.05631999999999951,0.7123288888888869,0.9
17625,tdc_evidence_validated,True,0.8717948717948718,0.06133333333333333,0.32051282051282054,0.17452830188679244,0.8254716981132075,0.6794871794871795,0.6853671111111079,0.014321862550851768,0.6710452485602562,0.9077252512189822
17626,simple_q076_a008,False,0.7010309278350515,0.14266666666666666,0.3711340206185567,0.239067055393586,0.760932944606414,0.6288659793814433,0.6558853333333284,0.01782000000000037,0.638065333333328,0.76
17626,simple_q084_a008,False,0.7837837837837838,0.10266666666666667,0.3783783783783784,0.19351763584366063,0.8064823641563393,0.6216216216216216,0.7086364444444406,0.03718000000000375,0.6714564444444369,0.84
17626,simple_q090_a008,False,0.8048780487804879,0.06533333333333333,0.34146341463414637,0.15355086372360843,0.8464491362763915,0.6585365853658536,0.7175902222222191,0.05631999999999951,0.6612702222222197,0.9
17626,simple_q090_a016,False,0.8275862068965517,0.05733333333333333,0.3333333333333333,0.11475409836065574,0.8852459016393442,0.6666666666666667,0.7035893333333301,0.05631999999999951,0.6472693333333306,0.9
17626,tdc_evidence_validated,True,0.918918918918919,0.06,0.22972972972972974,0.13188976377952755,0.8681102362204725,0.7702702702702703,0.758272888888886,0.016212356134296318,0.7420605327545897,0.9134475294587128
17627,simple_q076_a008,False,0.8192771084337349,0.14,0.3373493975903614,0.24831568816169394,0.7516843118383061,0.6626506024096386,0.6576853333333285,0.01782000000000037,0.6398653333333281,0.76
17627,simple_q084_a008,False,0.782051282051282,0.084,0.2948717948717949,0.18093385214007782,0.8190661478599222,0.7051282051282051,0.7368337777777738,0.03718000000000375,0.69965377777777,0.84
17627,simple_q090_a008,False,0.826530612244898,0.05733333333333333,0.35714285714285715,0.13457760314341846,0.8654223968565815,0.6428571428571428,0.6531911111111075,0.05631999999999951,0.596871111111108,0.9
17627,simple_q090_a016,False,0.872093023255814,0.05466666666666667,0.20930232558139536,0.126953125,0.873046875,0.7906976744186046,0.7472782222222196,0.05631999999999951,0.6909582222222201,0.9
17627,tdc_evidence_validated,True,0.8452380952380952,0.05733333333333333,0.2976190476190476,0.19550982226379796,0.804490177736202,0.7023809523809523,0.6939626666666627,0.013823682852341753,0.680138983814321,0.9076050683527135
17628,simple_q076_a008,False,0.7906976744186046,0.14,0.37209302325581395,0.23129251700680273,0.7687074829931972,0.627906976744186,0.6698168888888842,0.01782000000000037,0.6519968888888839,0.76
17628,simple_q084_a008,False,0.8269230769230769,0.092,0.3076923076923077,0.18590998043052837,0.8140900195694716,0.6923076923076923,0.710561777777774,0.03718000000000375,0.6733817777777702,0.84
17628,simple_q090_a008,False,0.7906976744186046,0.052,0.32558139534883723,0.13631937682570594,0.8636806231742941,0.6744186046511628,0.7152062222222195,0.05631999999999951,0.65888622222222,0.9
17628,simple_q090_a016,False,0.7884615384615384,0.064,0.3557692307692308,0.1285024154589372,0.8714975845410629,0.6442307692307692,0.6984106666666635,0.05631999999999951,0.642090666666664,0.9
17628,tdc_evidence_validated,True,0.8021978021978022,0.056,0.34065934065934067,0.1907514450867052,0.8092485549132948,0.6593406593406593,0.6522853333333298,0.014212392736975955,0.6380729405963539,0.9073979974210105
17629,simple_q076_a008,False,0.788235294117647,0.12533333333333332,0.36470588235294116,0.2451550387596899,0.7548449612403101,0.6352941176470588,0.6644711111111068,0.01782000000000037,0.6466511111111064,0.76
17629,simple_q084_a008,False,0.8313253012048193,0.092,0.3253012048192771,0.15794481446241673,0.8420551855375833,0.6746987951807228,0.7372471111111077,0.03718000000000375,0.700067111111104,0.84
17629,simple_q090_a008,False,0.81,0.05733333333333333,0.28,0.12687312687312688,0.8731268731268731,0.72,0.7299457777777748,0.05631999999999951,0.6736257777777753,0.9
17629,simple_q090_a016,False,0.74,0.064,0.33,0.12085769980506822,0.8791423001949318,0.6699999999999999,0.6993706666666639,0.05631999999999951,0.6430506666666644,0.9
17629,tdc_evidence_validated,True,0.7472527472527473,0.04933333333333333,0.4065934065934066,0.1628599801390268,0.8371400198609732,0.5934065934065934,0.7005066666666626,0.013886317942821184,0.6866203487238415,0.9065355727194999
17630,simple_q076_a008,False,0.7361111111111112,0.12533333333333332,0.3611111111111111,0.23099703849950642,0.7690029615004936,0.6388888888888888,0.6991786666666617,0.01782000000000037,0.6813586666666613,0.76
17630,simple_q084_a008,False,0.8275862068965517,0.09466666666666666,0.3563218390804598,0.19249278152069296,0.8075072184793071,0.6436781609195402,0.6947075555555517,0.03718000000000375,0.657527555555548,0.84
17630,simple_q090_a008,False,0.8607594936708861,0.04133333333333333,0.35443037974683544,0.15862068965517243,0.8413793103448276,0.6455696202531646,0.7138471111111081,0.05631999999999951,0.6575271111111086,0.9
17630,simple_q090_a016,False,0.7894736842105263,0.068,0.4,0.11947318908748825,0.8805268109125117,0.6,0.6931368888888861,0.05631999999999951,0.6368168888888867,0.9
17630,tdc_evidence_validated,True,0.8571428571428571,0.06266666666666666,0.31868131868131866,0.15467980295566502,0.8453201970443349,0.6813186813186813,0.6951191111111072,0.015092518474287532,0.6800265926368197,0.9096882239738815
17631,simple_q076_a008,False,0.75,0.13733333333333334,0.32142857142857145,0.22798434442270057,0.7720156555772995,0.6785714285714286,0.6526124444444402,0.01782000000000037,0.6347924444444398,0.76
17631,simple_q084_a008,False,0.8152173913043478,0.10533333333333333,0.32608695652173914,0.16797642436149313,0.8320235756385068,0.6739130434782609,0.7213795555555519,0.03718000000000375,0.6841995555555481,0.84
17631,simple_q090_a008,False,0.8229166666666666,0.056,0.3541666666666667,0.13850687622789784,0.8614931237721022,0.6458333333333333,0.7122168888888855,0.05631999999999951,0.655896888888886,0.9
17631,simple_q090_a016,False,0.7261904761904762,0.06933333333333333,0.36904761904761907,0.1270611057225994,0.8729388942774006,0.6309523809523809,0.7219039999999972,0.05631999999999951,0.6655839999999977,0.9
17631,tdc_evidence_validated,True,0.8505747126436781,0.048,0.26436781609195403,0.18595450049455983,0.8140454995054401,0.735632183908046,0.702340444444441,0.014307024146617652,0.6880334202978233,0.9105508240995287
17632,simple_q076_a008,False,0.8148148148148148,0.124,0.2839506172839506,0.24470134874759153,0.7552986512524085,0.7160493827160495,0.6789919999999955,0.01782000000000037,0.6611719999999951,0.76
17632,simple_q084_a008,False,0.8235294117647058,0.112,0.38823529411764707,0.175715695952616,0.824284304047384,0.611764705882353,0.6890088888888845,0.03718000000000375,0.6518288888888807,0.84
17632,simple_q090_a008,False,0.7954545454545454,0.05333333333333334,0.36363636363636365,0.1509433962264151,0.8490566037735849,0.6363636363636364,0.7377377777777746,0.05631999999999951,0.6814177777777751,0.9
17632,simple_q090_a016,False,0.8229166666666666,0.05333333333333334,0.375,0.1185617103984451,0.8814382896015549,0.625,0.6632506666666632,0.05631999999999951,0.6069306666666637,0.9
17632,tdc_evidence_validated,True,0.8585858585858586,0.06666666666666667,0.30303030303030304,0.2097560975609756,0.7902439024390244,0.696969696969697,0.718447999999996,0.013509027399539514,0.7049389726004565,0.9098947823723358
17633,simple_q076_a008,False,0.8275862068965517,0.13466666666666666,0.3218390804597701,0.24404761904761904,0.7559523809523809,0.6781609195402298,0.6749235555555507,0.01782000000000037,0.6571035555555503,0.76
17633,simple_q084_a008,False,0.8279569892473119,0.084,0.25806451612903225,0.1600387972841901,0.8399612027158099,0.7419354838709677,0.7222897777777737,0.03718000000000375,0.6851097777777699,0.84
17633,simple_q090_a008,False,0.9135802469135802,0.06133333333333333,0.16049382716049382,0.15422885572139303,0.845771144278607,0.8395061728395061,0.7574444444444418,0.05631999999999951,0.7011244444444423,0.9
17633,simple_q090_a016,False,0.788235294117647,0.058666666666666666,0.36470588235294116,0.10206084396467124,0.8979391560353287,0.6352941176470588,0.7130391111111081,0.05631999999999951,0.6567191111111086,0.9
17633,tdc_evidence_validated,True,0.8333333333333334,0.048,0.32142857142857145,0.1831537708129285,0.8168462291870715,0.6785714285714286,0.6747537777777747,0.013396347959548886,0.6613574298182258,0.9078461533732862
17634,simple_q076_a008,False,0.7564102564102564,0.10933333333333334,0.41025641025641024,0.21631878557874762,0.7836812144212524,0.5897435897435898,0.6517359999999958,0.01782000000000037,0.6339159999999954,0.76
17634,simple_q084_a008,False,0.872093023255814,0.09333333333333334,0.3023255813953488,0.17271835132482827,0.8272816486751717,0.6976744186046512,0.7092613333333293,0.03718000000000375,0.6720813333333255,0.84
17634,simple_q090_a008,False,0.8404255319148937,0.05333333333333334,0.26595744680851063,0.1457142857142857,0.8542857142857143,0.7340425531914894,0.7363244444444417,0.05631999999999951,0.6800044444444422,0.9
17634,simple_q090_a016,False,0.875,0.06266666666666666,0.2840909090909091,0.13457760314341846,0.8654223968565815,0.7159090909090908,0.7324044444444415,0.05631999999999951,0.676084444444442,0.9
17634,tdc_evidence_validated,True,0.845360824742268,0.058666666666666666,0.3711340206185567,0.17716535433070865,0.8228346456692913,0.6288659793814433,0.6813048888888851,0.0136099480207804,0.6676949408681047,0.9061482346075349
17635,simple_q076_a008,False,0.835820895522388,0.132,0.29850746268656714,0.2335907335907336,0.7664092664092664,0.7014925373134329,0.6873839999999959,0.01782000000000037,0.6695639999999955,0.76
17635,simple_q084_a008,False,0.7472527472527473,0.108,0.3956043956043956,0.1755577109602328,0.8244422890397672,0.6043956043956045,0.6792711111111073,0.03718000000000375,0.6420911111111035,0.84
17635,simple_q090_a008,False,0.8555555555555555,0.056,0.26666666666666666,0.15922330097087378,0.8407766990291262,0.7333333333333334,0.7110888888888857,0.05631999999999951,0.6547688888888862,0.9
17635,simple_q090_a016,False,0.8313253012048193,0.05733333333333333,0.3253012048192771,0.10486177311725453,0.8951382268827455,0.6746987951807228,0.7297751111111084,0.05631999999999951,0.6734551111111089,0.9
17635,tdc_evidence_validated,True,0.8494623655913979,0.04933333333333333,0.3225806451612903,0.2087912087912088,0.7912087912087912,0.6774193548387097,0.6710871111111071,0.013203611791856916,0.6578834993192502,0.9090626038443101
17636,simple_q076_a008,False,0.7142857142857143,0.144,0.38961038961038963,0.2277992277992278,0.7722007722007722,0.6103896103896104,0.6555537777777735,0.01782000000000037,0.6377337777777731,0.76
17636,simple_q084_a008,False,0.8,0.08933333333333333,0.3333333333333333,0.18707149853085211,0.8129285014691479,0.6666666666666667,0.6961591111111074,0.03718000000000375,0.6589791111111036,0.84
17636,simple_q090_a008,False,0.8275862068965517,0.07333333333333333,0.2988505747126437,0.15051740357478832,0.8494825964252117,0.7011494252873562,0.7375555555555524,0.05631999999999951,0.6812355555555529,0.9
17636,simple_q090_a016,False,0.7738095238095238,0.042666666666666665,0.36904761904761907,0.1245136186770428,0.8754863813229572,0.6309523809523809,0.7224942222222195,0.05631999999999951,0.66617422222222,0.9
17636,tdc_evidence_validated,True,0.851063829787234,0.04933333333333333,0.2872340425531915,0.15717092337917485,0.8428290766208252,0.7127659574468085,0.7158853333333299,0.014703658773396338,0.7011816745599336,0.9099977559032526
17637,simple_q076_a008,False,0.8235294117647058,0.11733333333333333,0.3411764705882353,0.23629112662013957,0.7637088733798605,0.6588235294117647,0.6429555555555517,0.01782000000000037,0.6251355555555513,0.76
17637,simple_q084_a008,False,0.79,0.088,0.37,0.1859582542694497,0.8140417457305503,0.63,0.6765946666666626,0.03718000000000375,0.6394146666666588,0.84
17637,simple_q090_a008,False,0.8064516129032258,0.058666666666666666,0.34408602150537637,0.150853889943074,0.849146110056926,0.6559139784946236,0.7036719999999969,0.05631999999999951,0.6473519999999974,0.9
17637,simple_q090_a016,False,0.8372093023255814,0.06933333333333333,0.3023255813953488,0.10308285163776493,0.8969171483622351,0.6976744186046512,0.7406871111111087,0.05631999999999951,0.6843671111111093,0.9
17637,tdc_evidence_validated,True,0.8585858585858586,0.05733333333333333,0.2727272727272727,0.1772030651340996,0.8227969348659003,0.7272727272727273,0.6937866666666628,0.014773651968300432,0.6790130146983624,0.9096729516293306
17638,simple_q076_a008,False,0.7640449438202247,0.148,0.33707865168539325,0.22687439143135346,0.7731256085686465,0.6629213483146068,0.6337395555555508,0.01782000000000037,0.6159195555555504,0.76
17638,simple_q084_a008,False,0.7307692307692307,0.08933333333333333,0.4230769230769231,0.18163869693978282,0.8183613030602171,0.5769230769230769,0.6686328888888848,0.03718000000000375,0.6314528888888811,0.84
17638,simple_q090_a008,False,0.7777777777777778,0.07333333333333333,0.32098765432098764,0.11346153846153846,0.8865384615384615,0.6790123456790124,0.7333235555555528,0.05631999999999951,0.6770035555555534,0.9
17638,simple_q090_a016,False,0.9264705882352942,0.07733333333333334,0.23529411764705882,0.13319878910191726,0.8668012108980827,0.7647058823529411,0.7516871111111084,0.05631999999999951,0.6953671111111089,0.9
17638,tdc_evidence_validated,True,0.7647058823529411,0.042666666666666665,0.43529411764705883,0.1956521739130435,0.8043478260869565,0.5647058823529412,0.6972853333333296,0.013190751292165662,0.684094582041164,0.9062451888281289
17639,simple_q076_a008,False,0.7848101265822784,0.14933333333333335,0.34177215189873417,0.2465753424657534,0.7534246575342466,0.6582278481012658,0.6486826666666623,0.01782000000000037,0.6308626666666619,0.76
17639,simple_q084_a008,False,0.7934782608695652,0.092,0.32608695652173914,0.1700404858299595,0.8299595141700404,0.6739130434782609,0.7088915555555522,0.03718000000000375,0.6717115555555484,0.84
17639,simple_q090_a008,False,0.84375,0.06266666666666666,0.3020833333333333,0.13214990138067062,0.8678500986193294,0.6979166666666667,0.7387573333333299,0.05631999999999951,0.6824373333333305,0.9
17639,simple_q090_a016,False,0.8041237113402062,0.064,0.36082474226804123,0.12649402390438247,0.8735059760956175,0.6391752577319587,0.7167235555555529,0.05631999999999951,0.6604035555555534,0.9
17639,tdc_evidence_validated,True,0.85,0.058666666666666666,0.3625,0.18410852713178294,0.8158914728682171,0.6375,0.6860639999999963,0.013595694822438095,0.6724683051775583,0.9053068637021686
17640,simple_q076_a008,False,0.8085106382978723,0.144,0.3404255319148936,0.23809523809523808,0.7619047619047619,0.6595744680851063,0.6405653333333287,0.01782000000000037,0.6227453333333283,0.76
17640,simple_q084_a008,False,0.8478260869565217,0.092,0.2391304347826087,0.18826868495742669,0.8117313150425733,0.7608695652173914,0.7147155555555517,0.03718000000000375,0.6775355555555479,0.84
17640,simple_q090_a008,False,0.8192771084337349,0.06133333333333333,0.3493975903614458,0.13391984359726294,0.8660801564027371,0.6506024096385542,0.7469457777777753,0.05631999999999951,0.6906257777777758,0.9
17640,simple_q090_a016,False,0.7978723404255319,0.058666666666666666,0.2978723404255319,0.11538461538461539,0.8846153846153846,0.7021276595744681,0.721671111111108,0.05631999999999951,0.6653511111111086,0.9
17640,tdc_evidence_validated,True,0.7582417582417582,0.06,0.3626373626373626,0.1892147587511826,0.8107852412488175,0.6373626373626373,0.6729208888888849,0.013812372631446737,0.6591085162574382,0.9078760521466167
17641,simple_q076_a008,False,0.7422680412371134,0.12533333333333332,0.3917525773195876,0.22969187675070027,0.7703081232492998,0.6082474226804124,0.6311208888888844,0.01782000000000037,0.613300888888884,0.76
17641,simple_q084_a008,False,0.7804878048780488,0.08666666666666667,0.34146341463414637,0.1765267175572519,0.8234732824427481,0.6585365853658536,0.6950968888888849,0.03718000000000375,0.6579168888888811,0.84
17641,simple_q090_a008,False,0.7714285714285715,0.076,0.35714285714285715,0.13014354066985645,0.8698564593301435,0.6428571428571428,0.7286986666666636,0.05631999999999951,0.6723786666666641,0.9
17641,simple_q090_a016,False,0.8295454545454546,0.037333333333333336,0.3522727272727273,0.10476190476190476,0.8952380952380953,0.6477272727272727,0.7040044444444414,0.05631999999999951,0.647684444444442,0.9
17641,tdc_evidence_validated,True,0.8041237113402062,0.058666666666666666,0.29896907216494845,0.1776061776061776,0.8223938223938224,0.7010309278350515,0.7046079999999963,0.014234247088994761,0.6903737529110016,0.9094773450507709
17642,simple_q076_a008,False,0.7586206896551724,0.12533333333333332,0.4482758620689655,0.22554890219560877,0.7744510978043913,0.5517241379310345,0.6733751111111059,0.01782000000000037,0.6555551111111055,0.76
17642,simple_q084_a008,False,0.7261904761904762,0.09866666666666667,0.42857142857142855,0.19268774703557312,0.8073122529644269,0.5714285714285714,0.7287324444444412,0.03718000000000375,0.6915524444444374,0.84
17642,simple_q090_a008,False,0.782608695652174,0.07733333333333334,0.33695652173913043,0.14383561643835616,0.8561643835616438,0.6630434782608696,0.7415039999999966,0.05631999999999951,0.6851839999999971,0.9
17642,simple_q090_a016,False,0.84375,0.058666666666666666,0.3125,0.10916179337231968,0.8908382066276803,0.6875,0.7357919999999977,0.05631999999999951,0.6794719999999982,0.9
17642,tdc_evidence_validated,True,0.7848101265822784,0.06266666666666666,0.3924050632911392,0.19287833827893175,0.8071216617210683,0.6075949367088608,0.6787911111111076,0.013624396246394575,0.665166714864713,0.9046799535611717
17643,simple_q076_a008,False,0.7528089887640449,0.12133333333333333,0.4044943820224719,0.23742454728370221,0.7625754527162978,0.5955056179775281,0.6253857777777733,0.01782000000000037,0.6075657777777729,0.76
17643,simple_q084_a008,False,0.7558139534883721,0.08133333333333333,0.43023255813953487,0.17641228939544104,0.8235877106045589,0.5697674418604651,0.7078231111111073,0.03718000000000375,0.6706431111111035,0.84
17643,simple_q090_a008,False,0.8222222222222222,0.064,0.28888888888888886,0.13391984359726294,0.8660801564027371,0.7111111111111111,0.7412577777777749,0.05631999999999951,0.6849377777777754,0.9
17643,simple_q090_a016,False,0.88,0.07466666666666667,0.21333333333333335,0.13072519083969467,0.8692748091603053,0.7866666666666666,0.7604488888888865,0.05631999999999951,0.704128888888887,0.9
17643,tdc_evidence_validated,True,0.8666666666666667,0.06133333333333333,0.24444444444444444,0.17050691244239632,0.8294930875576036,0.7555555555555555,0.695390222222219,0.014783019508534346,0.6806072027136847,0.9105021104794913
17644,simple_q076_a008,False,0.7386363636363636,0.14,0.4431818181818182,0.2377285851780558,0.7622714148219442,0.5568181818181819,0.6329057777777737,0.01782000000000037,0.6150857777777733,0.76
17644,simple_q084_a008,False,0.8425925925925926,0.09733333333333333,0.28703703703703703,0.1748046875,0.8251953125,0.712962962962963,0.691542222222218,0.03718000000000375,0.6543622222222142,0.84
17644,simple_q090_a008,False,0.8333333333333334,0.06666666666666667,0.34523809523809523,0.1396702230843841,0.860329776915616,0.6547619047619048,0.7147546666666633,0.05631999999999951,0.6584346666666638,0.9
17644,simple_q090_a016,False,0.88,0.06666666666666667,0.29333333333333333,0.09064327485380116,0.9093567251461988,0.7066666666666667,0.7299733333333305,0.05631999999999951,0.673653333333331,0.9
17644,tdc_evidence_validated,True,0.8085106382978723,0.05733333333333333,0.2872340425531915,0.19061302681992337,0.8093869731800767,0.7127659574468085,0.6886382222222185,0.014533370157672278,0.6741048520645462,0.9106832758668848
17645,simple_q076_a008,False,0.7468354430379747,0.13333333333333333,0.3670886075949367,0.2502472799208704,0.7497527200791296,0.6329113924050633,0.6723608888888842,0.01782000000000037,0.6545408888888838,0.76
17645,simple_q084_a008,False,0.7789473684210526,0.09733333333333333,0.3473684210526316,0.17687074829931973,0.8231292517006803,0.6526315789473685,0.733664888888885,0.03718000000000375,0.6964848888888813,0.84
17645,simple_q090_a008,False,0.8045977011494253,0.06533333333333333,0.26436781609195403,0.14191106906338694,0.8580889309366131,0.735632183908046,0.7023404444444414,0.05631999999999951,0.646020444444442,0.9
17645,simple_q090_a016,False,0.83,0.072,0.34,0.11825922421948912,0.8817407757805109,0.6599999999999999,0.7078355555555519,0.05631999999999951,0.6515155555555524,0.9
17645,tdc_evidence_validated,True,0.8210526315789474,0.07333333333333333,0.3263157894736842,0.19748305905130686,0.8025169409486932,0.6736842105263158,0.6700755555555516,0.014132425574236888,0.6559431299813148,0.9079301605748109
17646,simple_q076_a008,False,0.7916666666666666,0.11733333333333333,0.375,0.2155511811023622,0.7844488188976377,0.625,0.6760737777777732,0.01782000000000037,0.6582537777777728,0.76
17646,simple_q084_a008,False,0.8,0.08666666666666667,0.25882352941176473,0.170873786407767,0.829126213592233,0.7411764705882353,0.7236906666666628,0.03718000000000375,0.686510666666659,0.84
17646,simple_q090_a008,False,0.8529411764705882,0.04533333333333334,0.3137254901960784,0.15004935834155972,0.8499506416584403,0.6862745098039216,0.711111111111108,0.05631999999999951,0.6547911111111085,0.9
17646,simple_q090_a016,False,0.8,0.050666666666666665,0.325,0.1037827352085354,0.8962172647914646,0.675,0.7084408888888858,0.05631999999999951,0.6521208888888863,0.9
17646,tdc_evidence_validated,True,0.8333333333333334,0.06,0.37254901960784315,0.16569200779727095,0.834307992202729,0.6274509803921569,0.704184888888885,0.014283808278528707,0.6899010806103563,0.9092933726912737
17647,simple_q076_a008,False,0.7159090909090909,0.12933333333333333,0.4431818181818182,0.25320197044334974,0.7467980295566503,0.5568181818181819,0.6376142222222174,0.01782000000000037,0.619794222222217,0.76
17647,simple_q084_a008,False,0.7790697674418605,0.10266666666666667,0.313953488372093,0.2013888888888889,0.7986111111111112,0.686046511627907,0.704656888888885,0.03718000000000375,0.6674768888888812,0.84
17647,simple_q090_a008,False,0.8390804597701149,0.056,0.27586206896551724,0.12878787878787878,0.8712121212121212,0.7241379310344828,0.7097688888888859,0.05631999999999951,0.6534488888888864,0.9
17647,simple_q090_a016,False,0.826530612244898,0.064,0.29591836734693877,0.11623246492985972,0.8837675350701403,0.7040816326530612,0.7254328888888856,0.05631999999999951,0.6691128888888861,0.9
17647,tdc_evidence_validated,True,0.8421052631578947,0.064,0.30526315789473685,0.1962085308056872,0.8037914691943128,0.6947368421052631,0.6805235555555519,0.01313752071861136,0.6673860348369405,0.9083516611360497
17648,simple_q076_a008,False,0.7291666666666666,0.13866666666666666,0.40625,0.2283464566929134,0.7716535433070866,0.59375,0.6706008888888841,0.01782000000000037,0.6527808888888837,0.76
17648,simple_q084_a008,False,0.7326732673267327,0.09066666666666667,0.3564356435643564,0.1792360430950049,0.8207639569049952,0.6435643564356436,0.7182471111111068,0.03718000000000375,0.6810671111111031,0.84
17648,simple_q090_a008,False,0.8105263157894737,0.050666666666666665,0.3263157894736842,0.15317073170731707,0.8468292682926829,0.6736842105263158,0.6912524444444409,0.05631999999999951,0.6349324444444414,0.9
17648,simple_q090_a016,False,0.8314606741573034,0.050666666666666665,0.2808988764044944,0.09586466165413533,0.9041353383458647,0.7191011235955056,0.7430559999999974,0.05631999999999951,0.6867359999999979,0.9
17648,tdc_evidence_validated,True,0.7889908256880734,0.05733333333333333,0.3394495412844037,0.17153996101364521,0.8284600389863548,0.6605504587155964,0.6762586666666623,0.014641872153652868,0.6616167945130095,0.9082427878038208
17649,simple_q076_a008,False,0.6666666666666666,0.12533333333333332,0.4074074074074074,0.24282982791587,0.75717017208413,0.5925925925925926,0.645402666666662,0.01782000000000037,0.6275826666666616,0.76
17649,simple_q084_a008,False,0.8142857142857143,0.088,0.3,0.18172983479105928,0.8182701652089407,0.7,0.7341955555555519,0.03718000000000375,0.6970155555555482,0.84
17649,simple_q090_a008,False,0.8352941176470589,0.04933333333333333,0.25882352941176473,0.15202369200394866,0.8479763079960514,0.7411764705882353,0.7226817777777744,0.05631999999999951,0.6663617777777749,0.9
17649,simple_q090_a016,False,0.8152173913043478,0.06133333333333333,0.30434782608695654,0.1264705882352941,0.8735294117647059,0.6956521739130435,0.7365768888888866,0.05631999999999951,0.6802568888888871,0.9
17649,tdc_evidence_validated,True,0.775,0.064,0.3125,0.18295019157088122,0.8170498084291188,0.6875,0.689672888888885,0.014662009408401983,0.675010879480483,0.9088678278888118
17650,simple_q076_a008,False,0.7764705882352941,0.128,0.35294117647058826,0.21593090211132437,0.7840690978886756,0.6470588235294117,0.6530906666666617,0.01782000000000037,0.6352706666666613,0.76
17650,simple_q084_a008,False,0.810126582278481,0.07333333333333333,0.3037974683544304,0.17472852912142153,0.8252714708785784,0.6962025316455696,0.7295857777777741,0.03718000000000375,0.6924057777777703,0.84
17650,simple_q090_a008,False,0.8817204301075269,0.068,0.2903225806451613,0.14705882352941177,0.8529411764705882,0.7096774193548387,0.71847733333333,0.05631999999999951,0.6621573333333305,0.9
17650,simple_q090_a016,False,0.8541666666666666,0.05466666666666667,0.3020833333333333,0.10792079207920792,0.8920792079207921,0.6979166666666667,0.7411333333333309,0.05631999999999951,0.6848133333333314,0.9
17650,tdc_evidence_validated,True,0.8279569892473119,0.052,0.3548387096774194,0.16879293424926398,0.831207065750736,0.6451612903225806,0.7039608888888851,0.014651125222325494,0.6893097636665596,0.9080220375138743
17651,simple_q076_a008,False,0.7526881720430108,0.13733333333333334,0.40860215053763443,0.235626767200754,0.764373232799246,0.5913978494623655,0.6436106666666626,0.01782000000000037,0.6257906666666622,0.76
17651,simple_q084_a008,False,0.7319587628865979,0.07466666666666667,0.4020618556701031,0.17353787152444872,0.8264621284755513,0.5979381443298969,0.6818782222222187,0.03718000000000375,0.644698222222215,0.84
17651,simple_q090_a008,False,0.7840909090909091,0.05466666666666667,0.3977272727272727,0.12150433944069432,0.8784956605593057,0.6022727272727273,0.6948106666666631,0.05631999999999951,0.6384906666666637,0.9
17651,simple_q090_a016,False,0.8533333333333334,0.06266666666666666,0.29333333333333333,0.10080645161290322,0.8991935483870968,0.7066666666666667,0.7392968888888861,0.05631999999999951,0.6829768888888866,0.9
17651,tdc_evidence_validated,True,0.8152173913043478,0.052,0.34782608695652173,0.14660194174757282,0.8533980582524272,0.6521739130434783,0.7347706666666634,0.015134359676177996,0.7196363069904853,0.9100927331466777
17652,simple_q076_a008,False,0.7037037037037037,0.136,0.3950617283950617,0.24269005847953215,0.7573099415204678,0.6049382716049383,0.6830497777777731,0.01782000000000037,0.6652297777777727,0.76
17652,simple_q084_a008,False,0.7578947368421053,0.092,0.35789473684210527,0.20545277507302823,0.7945472249269718,0.6421052631578947,0.7078026666666626,0.03718000000000375,0.6706226666666588,0.84
17652,simple_q090_a008,False,0.8068181818181818,0.06266666666666666,0.3181818181818182,0.13273453093812376,0.8672654690618762,0.6818181818181819,0.7030124444444418,0.05631999999999951,0.6466924444444423,0.9
17652,simple_q090_a016,False,0.7816091954022989,0.064,0.3448275862068966,0.11271676300578035,0.8872832369942196,0.6551724137931034,0.7348382222222195,0.05631999999999951,0.67851822222222,0.9
17652,tdc_evidence_validated,True,0.8055555555555556,0.05466666666666667,0.2638888888888889,0.17424975798644723,0.8257502420135527,0.7361111111111112,0.6817102222222193,0.013995533742344473,0.6677146884798748,0.908838277565622
17653,simple_q076_a008,False,0.7555555555555555,0.14533333333333334,0.37777777777777777,0.2240868706811451,0.7759131293188549,0.6222222222222222,0.6620959999999946,0.01782000000000037,0.6442759999999942,0.76
17653,simple_q084_a008,False,0.8235294117647058,0.092,0.35294117647058826,0.1916342412451362,0.8083657587548638,0.6470588235294117,0.6905555555555524,0.03718000000000375,0.6533755555555486,0.84
17653,simple_q090_a008,False,0.8192771084337349,0.05733333333333333,0.2891566265060241,0.1375,0.8625,0.7108433734939759,0.7267111111111079,0.05631999999999951,0.6703911111111084,0.9
17653,simple_q090_a016,False,0.8333333333333334,0.06666666666666667,0.32222222222222224,0.10510805500982318,0.8948919449901769,0.6777777777777778,0.695998222222219,0.05631999999999951,0.6396782222222195,0.9
17653,tdc_evidence_validated,True,0.85,0.04666666666666667,0.3,0.2009950248756219,0.7990049751243781,0.7,0.6532444444444409,0.013753704305685873,0.639490740138755,0.9081163257185955
17654,simple_q076_a008,False,0.7717391304347826,0.15733333333333333,0.3695652173913043,0.22525252525252526,0.7747474747474747,0.6304347826086957,0.6400213333333284,0.01782000000000037,0.622201333333328,0.76
17654,simple_q084_a008,False,0.7959183673469388,0.09066666666666667,0.336734693877551,0.1896551724137931,0.8103448275862069,0.6632653061224489,0.6778426666666633,0.03718000000000375,0.6406626666666595,0.84
17654,simple_q090_a008,False,0.8494623655913979,0.068,0.3333333333333333,0.14091350826044705,0.859086491739553,0.6666666666666667,0.7400239999999972,0.05631999999999951,0.6837039999999978,0.9
17654,simple_q090_a016,False,0.7444444444444445,0.06266666666666666,0.3888888888888889,0.13623188405797101,0.863768115942029,0.6111111111111112,0.7195688888888856,0.05631999999999951,0.6632488888888861,0.9
17654,tdc_evidence_validated,True,0.8021978021978022,0.05466666666666667,0.37362637362637363,0.17348927875243664,0.8265107212475633,0.6263736263736264,0.668695999999996,0.014013352373742618,0.6546826476262534,0.9065160470941827
17655,simple_q076_a008,False,0.8181818181818182,0.13066666666666665,0.33766233766233766,0.2480544747081712,0.7519455252918288,0.6623376623376623,0.6562488888888842,0.01782000000000037,0.6384288888888838,0.76
17655,simple_q084_a008,False,0.7439024390243902,0.09333333333333334,0.36585365853658536,0.18518518518518517,0.8148148148148149,0.6341463414634146,0.7327342222222186,0.03718000000000375,0.6955542222222149,0.84
17655,simple_q090_a008,False,0.8571428571428571,0.05466666666666667,0.2857142857142857,0.14354066985645933,0.8564593301435407,0.7142857142857143,0.742255999999997,0.05631999999999951,0.6859359999999975,0.9
17655,simple_q090_a016,False,0.88,0.05333333333333334,0.32,0.09702970297029703,0.902970297029703,0.6799999999999999,0.7999697777777752,0.05631999999999951,0.7436497777777757,0.9
17655,tdc_evidence_validated,True,0.8860759493670886,0.058666666666666666,0.3291139240506329,0.16930693069306932,0.8306930693069307,0.6708860759493671,0.7100017777777745,0.01497656862402651,0.695025209153748,0.907377610155208
17656,simple_q076_a008,False,0.7555555555555555,0.13466666666666666,0.3333333333333333,0.2412109375,0.7587890625,0.6666666666666667,0.6505191111111057,0.01782000000000037,0.6326991111111053,0.76
17656,simple_q084_a008,False,0.8235294117647058,0.088,0.32941176470588235,0.17786561264822134,0.8221343873517787,0.6705882352941177,0.6996746666666628,0.03718000000000375,0.662494666666659,0.84
17656,simple_q090_a008,False,0.8414634146341463,0.07066666666666667,0.36585365853658536,0.13793103448275862,0.8620689655172413,0.6341463414634146,0.7081946666666636,0.05631999999999951,0.6518746666666642,0.9
17656,simple_q090_a016,False,0.8645833333333334,0.05466666666666667,0.3229166666666667,0.1291866028708134,0.8708133971291866,0.6770833333333333,0.7156693333333303,0.05631999999999951,0.6593493333333308,0.9
17656,tdc_evidence_validated,True,0.855072463768116,0.064,0.2608695652173913,0.17777777777777778,0.8222222222222222,0.7391304347826086,0.721214222222219,0.013472846238867329,0.7077413759833516,0.9088149806963057
17657,simple_q076_a008,False,0.75,0.12933333333333333,0.4270833333333333,0.2480544747081712,0.7519455252918288,0.5729166666666667,0.6421644444444401,0.01782000000000037,0.6243444444444397,0.76
17657,simple_q084_a008,False,0.8021978021978022,0.112,0.34065934065934067,0.1710654936461388,0.8289345063538612,0.6593406593406593,0.697279999999996,0.03718000000000375,0.6600999999999922,0.84
17657,simple_q090_a008,False,0.8484848484848485,0.056,0.35353535353535354,0.14050387596899225,0.8594961240310077,0.6464646464646464,0.7044311111111076,0.05631999999999951,0.6481111111111081,0.9
17657,simple_q090_a016,False,0.8482142857142857,0.05333333333333334,0.30357142857142855,0.10993249758919961,0.8900675024108003,0.6964285714285714,0.7066613333333299,0.05631999999999951,0.6503413333333304,0.9
17657,tdc_evidence_validated,True,0.8717948717948718,0.042666666666666665,0.32051282051282054,0.1867816091954023,0.8132183908045977,0.6794871794871795,0.667527111111108,0.013711980675795826,0.6538151304353121,0.9076378393715864
17658,simple_q076_a008,False,0.7755102040816326,0.12533333333333332,0.32653061224489793,0.2288801571709234,0.7711198428290766,0.6734693877551021,0.711931555555551,0.01782000000000037,0.6941115555555506,0.76
17658,simple_q084_a008,False,0.8588235294117647,0.08,0.29411764705882354,0.1619047619047619,0.8380952380952381,0.7058823529411764,0.7056666666666628,0.03718000000000375,0.668486666666659,0.84
17658,simple_q090_a008,False,0.8210526315789474,0.05466666666666667,0.37894736842105264,0.15757575757575756,0.8424242424242424,0.6210526315789473,0.715356444444441,0.05631999999999951,0.6590364444444415,0.9
17658,simple_q090_a016,False,0.8369565217391305,0.068,0.32608695652173914,0.09922178988326848,0.9007782101167315,0.6739130434782609,0.740731555555553,0.05631999999999951,0.6844115555555536,0.9
17658,tdc_evidence_validated,True,0.8571428571428571,0.06,0.2967032967032967,0.19495635305528614,0.8050436469447139,0.7032967032967032,0.6816657777777739,0.013997596453775034,0.6676681813239989,0.9081472706140996
17659,simple_q076_a008,False,0.7948717948717948,0.144,0.34615384615384615,0.2441634241245136,0.7558365758754864,0.6538461538461539,0.6426835555555512,0.01782000000000037,0.6248635555555508,0.76
17659,simple_q084_a008,False,0.7619047619047619,0.088,0.34523809523809523,0.1949317738791423,0.8050682261208577,0.6547619047619048,0.6898933333333296,0.03718000000000375,0.6527133333333258,0.84
17659,simple_q090_a008,False,0.8829787234042553,0.08533333333333333,0.2765957446808511,0.134765625,0.865234375,0.7234042553191489,0.7376586666666635,0.05631999999999951,0.681338666666664,0.9
17659,simple_q090_a016,False,0.8571428571428571,0.07066666666666667,0.39285714285714285,0.11100292112950341,0.8889970788704966,0.6071428571428572,0.7200044444444416,0.05631999999999951,0.6636844444444421,0.9
17659,tdc_evidence_validated,True,0.8068181818181818,0.06933333333333333,0.375,0.17430278884462153,0.8256972111553784,0.625,0.6877919999999963,0.013545079199357301,0.674246920800639,0.9053480916719648
17660,simple_q076_a008,False,0.723404255319149,0.13066666666666665,0.48936170212765956,0.26538849646821394,0.7346115035317861,0.5106382978723405,0.6475582222222184,0.01782000000000037,0.629738222222218,0.76
17660,simple_q084_a008,False,0.8658536585365854,0.09333333333333334,0.36585365853658536,0.1708542713567839,0.8291457286432161,0.6341463414634146,0.6931831111111074,0.03718000000000375,0.6560031111111037,0.84
17660,simple_q090_a008,False,0.8888888888888888,0.07066666666666667,0.32323232323232326,0.11888111888111888,0.8811188811188811,0.6767676767676767,0.739969777777775,0.05631999999999951,0.6836497777777755,0.9
17660,simple_q090_a016,False,0.8673469387755102,0.05733333333333333,0.23469387755102042,0.12632594021215043,0.8736740597878496,0.7653061224489796,0.714319111111108,0.05631999999999951,0.6579991111111085,0.9
17660,tdc_evidence_validated,True,0.8271604938271605,0.07466666666666667,0.35802469135802467,0.17929050814956854,0.8207094918504314,0.6419753086419753,0.6674906666666626,0.013739355135986451,0.6537513115306761,0.905803673541113
17661,simple_q076_a008,False,0.6823529411764706,0.13466666666666666,0.5176470588235295,0.22568093385214008,0.77431906614786,0.48235294117647054,0.6193066666666627,0.01782000000000037,0.6014866666666623,0.76
17661,simple_q084_a008,False,0.7325581395348837,0.096,0.38372093023255816,0.16619981325863678,0.8338001867413632,0.6162790697674418,0.6906613333333294,0.03718000000000375,0.6534813333333256,0.84
17661,simple_q090_a008,False,0.8055555555555556,0.07333333333333333,0.3055555555555556,0.13853658536585367,0.8614634146341463,0.6944444444444444,0.7646986666666642,0.05631999999999951,0.7083786666666647,0.9
17661,simple_q090_a016,False,0.8214285714285714,0.07866666666666666,0.40476190476190477,0.11516314779270634,0.8848368522072937,0.5952380952380952,0.7125466666666634,0.05631999999999951,0.656226666666664,0.9
17661,tdc_evidence_validated,True,0.9294117647058824,0.068,0.23529411764705882,0.17697431018078022,0.8230256898192198,0.7647058823529411,0.6972479999999965,0.013689183695028946,0.6835588163049676,0.9096555845645239
17662,simple_q076_a008,False,0.7407407407407407,0.14266666666666666,0.3950617283950617,0.23150816522574447,0.7684918347742555,0.6049382716049383,0.6861946666666624,0.01782000000000037,0.668374666666662,0.76
17662,simple_q084_a008,False,0.7816091954022989,0.076,0.40229885057471265,0.18544366899302095,0.814556331006979,0.5977011494252873,0.6768275555555512,0.03718000000000375,0.6396475555555474,0.84
17662,simple_q090_a008,False,0.8715596330275229,0.05733333333333333,0.27522935779816515,0.138996138996139,0.8610038610038611,0.7247706422018348,0.7089431111111079,0.05631999999999951,0.6526231111111084,0.9
17662,simple_q090_a016,False,0.8686868686868687,0.04133333333333333,0.3333333333333333,0.1099116781157998,0.8900883218842002,0.6666666666666667,0.741435555555553,0.05631999999999951,0.6851155555555535,0.9
17662,tdc_evidence_validated,True,0.7738095238095238,0.050666666666666665,0.39285714285714285,0.156686626746507,0.843313373253493,0.6071428571428572,0.6885626666666627,0.014603646347578146,0.6739590203190845,0.9081894364479904
17663,simple_q076_a008,False,0.7804878048780488,0.14266666666666666,0.2926829268292683,0.2251655629139073,0.7748344370860927,0.7073170731707317,0.6875839999999955,0.01782000000000037,0.6697639999999951,0.76
17663,simple_q084_a008,False,0.7816091954022989,0.09066666666666667,0.3563218390804598,0.16218809980806143,0.8378119001919386,0.6436781609195402,0.694471111111107,0.03718000000000375,0.6572911111111033,0.84
17663,simple_q090_a008,False,0.8804347826086957,0.07333333333333333,0.32608695652173914,0.15198451113262343,0.8480154888673765,0.6739130434782609,0.7453857777777746,0.05631999999999951,0.6890657777777751,0.9
17663,simple_q090_a016,False,0.7530864197530864,0.05733333333333333,0.345679012345679,0.10009624639076034,0.8999037536092397,0.654320987654321,0.7540293333333307,0.05631999999999951,0.6977093333333312,0.9
17663,tdc_evidence_validated,True,0.8494623655913979,0.06266666666666666,0.3010752688172043,0.17641325536062377,0.8235867446393762,0.6989247311827957,0.7221919999999968,0.015311485662242982,0.7068805143377539,0.9112148140577332
17664,simple_q076_a008,False,0.7291666666666666,0.132,0.4375,0.23349282296650717,0.7665071770334928,0.5625,0.645257777777773,0.01782000000000037,0.6274377777777727,0.76
17664,simple_q084_a008,False,0.8372093023255814,0.07333333333333333,0.313953488372093,0.17302052785923755,0.8269794721407624,0.686046511627907,0.6966746666666629,0.03718000000000375,0.6594946666666591,0.84
17664,simple_q090_a008,False,0.8414634146341463,0.08,0.2682926829268293,0.12749762131303521,0.8725023786869648,0.7317073170731707,0.722231111111108,0.05631999999999951,0.6659111111111086,0.9
17664,simple_q090_a016,False,0.8349514563106796,0.06666666666666667,0.2912621359223301,0.11284046692607004,0.8871595330739299,0.7087378640776699,0.716649777777775,0.05631999999999951,0.6603297777777756,0.9
17664,tdc_evidence_validated,True,0.797752808988764,0.05333333333333334,0.34831460674157305,0.18065153010858837,0.8193484698914116,0.651685393258427,0.6723999999999961,0.014974501793031161,0.6574254982069649,0.908529327501492
17665,simple_q076_a008,False,0.7555555555555555,0.11866666666666667,0.4111111111111111,0.23547094188376755,0.7645290581162325,0.5888888888888889,0.6684435555555509,0.01782000000000037,0.6506235555555505,0.76
17665,simple_q084_a008,False,0.7411764705882353,0.096,0.4470588235294118,0.15446339017051153,0.8455366098294885,0.5529411764705883,0.6758266666666628,0.03718000000000375,0.638646666666659,0.84
17665,simple_q090_a008,False,0.8837209302325582,0.056,0.29069767441860467,0.15473887814313347,0.8452611218568665,0.7093023255813953,0.7301706666666632,0.05631999999999951,0.6738506666666637,0.9
17665,simple_q090_a016,False,0.8421052631578947,0.05466666666666667,0.30526315789473685,0.11594202898550725,0.8840579710144928,0.6947368421052631,0.7482364444444425,0.05631999999999951,0.691916444444443,0.9
17665,tdc_evidence_validated,True,0.8641975308641975,0.048,0.24691358024691357,0.1616650532429816,0.8383349467570184,0.7530864197530864,0.7397386666666635,0.015062636074086495,0.724676030592577,0.9114311430080912
17666,simple_q076_a008,False,0.7425742574257426,0.13866666666666666,0.45544554455445546,0.239067055393586,0.760932944606414,0.5445544554455446,0.6384488888888845,0.01782000000000037,0.6206288888888841,0.76
17666,simple_q084_a008,False,0.8118811881188119,0.09866666666666667,0.3465346534653465,0.16361886429258904,0.8363811357074109,0.6534653465346535,0.6923982222222181,0.03718000000000375,0.6552182222222144,0.84
17666,simple_q090_a008,False,0.8461538461538461,0.044,0.32051282051282054,0.14677103718199608,0.8532289628180039,0.6794871794871795,0.7376391111111086,0.05631999999999951,0.6813191111111091,0.9
17666,simple_q090_a016,False,0.8625,0.06133333333333333,0.3125,0.1248780487804878,0.8751219512195122,0.6875,0.7576959999999977,0.05631999999999951,0.7013759999999982,0.9
17666,tdc_evidence_validated,True,0.865979381443299,0.048,0.27835051546391754,0.1650485436893204,0.8349514563106796,0.7216494845360825,0.6730284444444412,0.01438182188464591,0.6586466225597953,0.9108527989945197
17667,simple_q076_a008,False,0.7407407407407407,0.14133333333333334,0.37037037037037035,0.2318840579710145,0.7681159420289855,0.6296296296296297,0.6538551111111062,0.01782000000000037,0.6360351111111058,0.76
17667,simple_q084_a008,False,0.7875,0.11066666666666666,0.3625,0.18785578747628084,0.8121442125237192,0.6375,0.7239813333333297,0.03718000000000375,0.6868013333333259,0.84
17667,simple_q090_a008,False,0.84,0.05733333333333333,0.26666666666666666,0.1314508276533593,0.8685491723466408,0.7333333333333334,0.7412479999999976,0.05631999999999951,0.6849279999999981,0.9
17667,simple_q090_a016,False,0.8241758241758241,0.04933333333333333,0.2857142857142857,0.12609117361784675,0.8739088263821533,0.7142857142857143,0.7162995555555524,0.05631999999999951,0.6599795555555529,0.9
17667,tdc_evidence_validated,True,0.8068181818181818,0.04933333333333333,0.3181818181818182,0.15495668912415783,0.8450433108758422,0.6818181818181819,0.7152159999999963,0.015697544608551488,0.6995184553914449,0.9098704557867882
17668,simple_q076_a008,False,0.6888888888888889,0.14266666666666666,0.4,0.20096153846153847,0.7990384615384616,0.6,0.6898159999999954,0.01782000000000037,0.671995999999995,0.76
17668,simple_q084_a008,False,0.7380952380952381,0.10266666666666667,0.36904761904761907,0.18504672897196262,0.8149532710280374,0.6309523809523809,0.6878195555555513,0.03718000000000375,0.6506395555555475,0.84
17668,simple_q090_a008,False,0.8785046728971962,0.06266666666666666,0.2897196261682243,0.14201183431952663,0.8579881656804733,0.7102803738317758,0.7218506666666641,0.05631999999999951,0.6655306666666646,0.9
17668,simple_q090_a016,False,0.8369565217391305,0.06266666666666666,0.32608695652173914,0.09642147117296222,0.9035785288270378,0.6739130434782609,0.7373999999999972,0.05631999999999951,0.6810799999999977,0.9
17668,tdc_evidence_validated,True,0.8461538461538461,0.06933333333333333,0.3626373626373626,0.14568880079286423,0.8543111992071357,0.6373626373626373,0.6885128888888854,0.014597437019298234,0.6739154518695871,0.9079981065888363
17669,simple_q076_a008,False,0.7469879518072289,0.13466666666666666,0.3614457831325301,0.2402287893231649,0.7597712106768351,0.6385542168674698,0.6415999999999958,0.01782000000000037,0.6237799999999954,0.76
17669,simple_q084_a008,False,0.8372093023255814,0.09066666666666667,0.313953488372093,0.18251681075888568,0.8174831892411143,0.686046511627907,0.7009484444444407,0.03718000000000375,0.663768444444437,0.84
17669,simple_q090_a008,False,0.8095238095238095,0.056,0.38095238095238093,0.14807502467917077,0.8519249753208292,0.6190476190476191,0.7238506666666634,0.05631999999999951,0.6675306666666639,0.9
17669,simple_q090_a016,False,0.79,0.06,0.37,0.11056268509378085,0.8894373149062191,0.63,0.7072755555555522,0.05631999999999951,0.6509555555555527,0.9
17669,tdc_evidence_validated,True,0.8850574712643678,0.056,0.27586206896551724,0.17929050814956854,0.8207094918504314,0.7241379310344828,0.7107795555555524,0.014022969840623302,0.696756585714929,0.9101825059914646
17670,simple_q076_a008,False,0.6947368421052632,0.11333333333333333,0.4,0.22157996146435452,0.7784200385356455,0.6,0.6724639999999955,0.01782000000000037,0.6546439999999951,0.76
17670,simple_q084_a008,False,0.8315789473684211,0.10933333333333334,0.3157894736842105,0.18233082706766918,0.8176691729323309,0.6842105263157895,0.6640328888888851,0.03718000000000375,0.6268528888888814,0.84
17670,simple_q090_a008,False,0.8910891089108911,0.05733333333333333,0.27722772277227725,0.1416184971098266,0.8583815028901733,0.7227722772277227,0.7169119999999968,0.05631999999999951,0.6605919999999973,0.9
17670,simple_q090_a016,False,0.8434782608695652,0.06666666666666667,0.3391304347826087,0.1145631067961165,0.8854368932038835,0.6608695652173913,0.6979955555555524,0.05631999999999951,0.6416755555555529,0.9
17670,tdc_evidence_validated,True,0.85,0.064,0.3125,0.17782217782217782,0.8221778221778222,0.6875,0.7144284444444409,0.014438975564385231,0.6999894688800556,0.909449666111807
17671,simple_q076_a008,False,0.7083333333333334,0.128,0.3194444444444444,0.23746452223273415,0.7625354777672658,0.6805555555555556,0.6779413333333288,0.01782000000000037,0.6601213333333285,0.76
17671,simple_q084_a008,False,0.7978723404255319,0.096,0.39361702127659576,0.18958742632612965,0.8104125736738703,0.6063829787234043,0.7047475555555517,0.03718000000000375,0.6675675555555479,0.84
17671,simple_q090_a008,False,0.865979381443299,0.04933333333333333,0.2268041237113402,0.14583333333333334,0.8541666666666666,0.7731958762886598,0.712207999999997,0.05631999999999951,0.6558879999999975,0.9
17671,simple_q090_a016,False,0.8589743589743589,0.06,0.24358974358974358,0.1373679154658982,0.8626320845341018,0.7564102564102564,0.7381431111111086,0.05631999999999951,0.6818231111111092,0.9
17671,tdc_evidence_validated,True,0.7816091954022989,0.04933333333333333,0.3103448275862069,0.17641325536062377,0.8235867446393762,0.6896551724137931,0.6928008888888852,0.013450781410237764,0.6793501074786474,0.910276836158356
17672,simple_q076_a008,False,0.6759259259259259,0.112,0.4351851851851852,0.2399232245681382,0.7600767754318618,0.5648148148148149,0.647375111111107,0.01782000000000037,0.6295551111111066,0.76
17672,simple_q084_a008,False,0.8658536585365854,0.09866666666666667,0.32926829268292684,0.16132075471698112,0.8386792452830188,0.6707317073170731,0.7382835555555524,0.03718000000000375,0.7011035555555486,0.84
17672,simple_q090_a008,False,0.9113924050632911,0.05733333333333333,0.25316455696202533,0.12659470068694798,0.873405299313052,0.7468354430379747,0.7234062222222191,0.05631999999999951,0.6670862222222196,0.9
17672,simple_q090_a016,False,0.8095238095238095,0.04133333333333333,0.3047619047619048,0.1101364522417154,0.8898635477582846,0.6952380952380952,0.725265777777775,0.05631999999999951,0.6689457777777755,0.9
17672,tdc_evidence_validated,True,0.88,0.04666666666666667,0.29,0.1495049504950495,0.8504950495049505,0.71,0.7327386666666635,0.01492144843240401,0.7178172182342595,0.9118566681369765
17673,simple_q076_a008,False,0.7578947368421053,0.12533333333333332,0.37894736842105264,0.23113658070678128,0.7688634192932187,0.6210526315789473,0.6553964444444402,0.01782000000000037,0.6375764444444398,0.76
17673,simple_q084_a008,False,0.8125,0.12,0.325,0.18173168411037108,0.8182683158896289,0.675,0.7033457777777739,0.03718000000000375,0.6661657777777701,0.84
17673,simple_q090_a008,False,0.8478260869565217,0.06266666666666666,0.33695652173913043,0.16467065868263472,0.8353293413173652,0.6630434782608696,0.7279155555555523,0.05631999999999951,0.6715955555555528,0.9
17673,simple_q090_a016,False,0.8314606741573034,0.06266666666666666,0.30337078651685395,0.11198428290766209,0.888015717092338,0.696629213483146,0.7254311111111083,0.05631999999999951,0.6691111111111088,0.9
17673,tdc_evidence_validated,True,0.782051282051282,0.06133333333333333,0.358974358974359,0.16913946587537093,0.8308605341246291,0.641025641025641,0.6863484444444408,0.01405502806372421,0.6722934163807166,0.9078835055784733
17674,simple_q076_a008,False,0.6329113924050633,0.15066666666666667,0.4177215189873418,0.2563600782778865,0.7436399217221135,0.5822784810126582,0.6366453333333287,0.01782000000000037,0.6188253333333283,0.76
17674,simple_q084_a008,False,0.8292682926829268,0.10266666666666667,0.32926829268292684,0.1686626746506986,0.8313373253493014,0.6707317073170731,0.6974026666666626,0.03718000000000375,0.6602226666666589,0.84
17674,simple_q090_a008,False,0.8736842105263158,0.056,0.29473684210526313,0.12366114897760468,0.8763388510223953,0.7052631578947368,0.7263848888888856,0.05631999999999951,0.6700648888888862,0.9
17674,simple_q090_a016,False,0.7692307692307693,0.06,0.4175824175824176,0.10109018830525272,0.8989098116947473,0.5824175824175823,0.7183715555555532,0.05631999999999951,0.6620515555555537,0.9
17674,tdc_evidence_validated,True,0.8313253012048193,0.04933333333333333,0.3253012048192771,0.1574167507568113,0.8425832492431887,0.6746987951807228,0.7245128888888854,0.014790990350654,0.7097218985382314,0.9085627178498429
17675,simple_q076_a008,False,0.696969696969697,0.12933333333333333,0.42424242424242425,0.228,0.772,0.5757575757575757,0.6585733333333286,0.01782000000000037,0.6407533333333282,0.76
17675,simple_q084_a008,False,0.8452380952380952,0.08533333333333333,0.2976190476190476,0.17602283539486205,0.8239771646051379,0.7023809523809523,0.6957395555555522,0.03718000000000375,0.6585595555555485,0.84
17675,simple_q090_a008,False,0.8235294117647058,0.06666666666666667,0.38235294117647056,0.15270935960591134,0.8472906403940886,0.6176470588235294,0.7312142222222194,0.05631999999999951,0.67489422222222,0.9
17675,simple_q090_a016,False,0.8518518518518519,0.072,0.32098765432098764,0.11078717201166181,0.8892128279883382,0.6790123456790124,0.7258906666666642,0.05631999999999951,0.6695706666666648,0.9
17675,tdc_evidence_validated,True,0.7701149425287356,0.06533333333333333,0.2988505747126437,0.17137293086660174,0.8286270691333982,0.7011494252873562,0.7003066666666631,0.014351989369454329,0.6859546772972087,0.9096016951769401
17676,simple_q076_a008,False,0.7763157894736842,0.16,0.3684210526315789,0.22840690978886757,0.7715930902111324,0.631578947368421,0.6911795555555508,0.01782000000000037,0.6733595555555504,0.76
17676,simple_q084_a008,False,0.8461538461538461,0.08933333333333333,0.32967032967032966,0.17704280155642024,0.8229571984435797,0.6703296703296704,0.6610159999999956,0.03718000000000375,0.6238359999999918,0.84
17676,simple_q090_a008,False,0.8918918918918919,0.06933333333333333,0.25675675675675674,0.1513671875,0.8486328125,0.7432432432432432,0.738143111111108,0.05631999999999951,0.6818231111111085,0.9
17676,simple_q090_a016,False,0.9036144578313253,0.058666666666666666,0.3132530120481928,0.12524461839530332,0.8747553816046967,0.6867469879518072,0.709444444444441,0.05631999999999951,0.6531244444444415,0.9
17676,tdc_evidence_validated,True,0.8152173913043478,0.050666666666666665,0.31521739130434784,0.1926070038910506,0.8073929961089494,0.6847826086956521,0.6830151111111074,0.014565843461976404,0.6684492676491309,0.906979410156288
17677,simple_q076_a008,False,0.6774193548387096,0.124,0.40860215053763443,0.2541871921182266,0.7458128078817734,0.5913978494623655,0.6996328888888849,0.01782000000000037,0.6818128888888845,0.76
17677,simple_q084_a008,False,0.7764705882352941,0.116,0.32941176470588235,0.16180904522613065,0.8381909547738693,0.6705882352941177,0.7156097777777741,0.03718000000000375,0.6784297777777704,0.84
17677,simple_q090_a008,False,0.7733333333333333,0.048,0.41333333333333333,0.1411764705882353,0.8588235294117648,0.5866666666666667,0.7349351111111085,0.05631999999999951,0.6786151111111091,0.9
17677,simple_q090_a016,False,0.7821782178217822,0.06933333333333333,0.39603960396039606,0.11758989310009718,0.8824101068999028,0.6039603960396039,0.6875679999999966,0.05631999999999951,0.6312479999999971,0.9
17677,tdc_evidence_validated,True,0.782608695652174,0.05466666666666667,0.40217391304347827,0.188050930460333,0.811949069539667,0.5978260869565217,0.6788035555555516,0.01445968487425151,0.6643438706813001,0.9072376973227829
17678,simple_q076_a008,False,0.7777777777777778,0.14266666666666666,0.34444444444444444,0.23904761904761904,0.7609523809523809,0.6555555555555556,0.6778951111111062,0.01782000000000037,0.6600751111111058,0.76
17678,simple_q084_a008,False,0.8144329896907216,0.07066666666666667,0.30927835051546393,0.1755062680810029,0.8244937319189971,0.6907216494845361,0.6889102222222182,0.03718000000000375,0.6517302222222144,0.84
17678,simple_q090_a008,False,0.7368421052631579,0.06133333333333333,0.4605263157894737,0.1477832512315271,0.8522167487684729,0.5394736842105263,0.7367484444444414,0.05631999999999951,0.680428444444442,0.9
17678,simple_q090_a016,False,0.8414634146341463,0.04533333333333334,0.32926829268292684,0.11284046692607004,0.8871595330739299,0.6707317073170731,0.74434222222222,0.05631999999999951,0.6880222222222205,0.9
17678,tdc_evidence_validated,True,0.8181818181818182,0.05466666666666667,0.375,0.17588932806324112,0.8241106719367589,0.625,0.6746302222222178,0.01351561591869555,0.6611146063035223,0.9069328939707075
17679,simple_q076_a008,False,0.75,0.13466666666666666,0.36363636363636365,0.23295454545454544,0.7670454545454546,0.6363636363636364,0.6461955555555504,0.01782000000000037,0.62837555555555,0.76
17679,simple_q084_a008,False,0.8191489361702128,0.1,0.32978723404255317,0.17264150943396225,0.8273584905660377,0.6702127659574468,0.7264773333333298,0.03718000000000375,0.689297333333326,0.84
17679,simple_q090_a008,False,0.84,0.058666666666666666,0.29333333333333333,0.14084507042253522,0.8591549295774648,0.7066666666666667,0.7626835555555531,0.05631999999999951,0.7063635555555536,0.9
17679,simple_q090_a016,False,0.7741935483870968,0.04933333333333333,0.40860215053763443,0.124282982791587,0.875717017208413,0.5913978494623655,0.7286479999999972,0.05631999999999951,0.6723279999999977,0.9
17679,tdc_evidence_validated,True,0.88,0.07733333333333334,0.3466666666666667,0.1825242718446602,0.8174757281553398,0.6533333333333333,0.680557333333329,0.013747981554269796,0.6668093517790592,0.9051827552000894
17680,simple_q076_a008,False,0.7261904761904762,0.12,0.42857142857142855,0.24571428571428572,0.7542857142857142,0.5714285714285714,0.6883244444444399,0.01782000000000037,0.6705044444444395,0.76
17680,simple_q084_a008,False,0.7543859649122807,0.096,0.42105263157894735,0.1661721068249258,0.8338278931750742,0.5789473684210527,0.6887831111111076,0.03718000000000375,0.6516031111111038,0.84
17680,simple_q090_a008,False,0.7628865979381443,0.06266666666666666,0.3711340206185567,0.1359126984126984,0.8640873015873016,0.6288659793814433,0.7488888888888859,0.05631999999999951,0.6925688888888865,0.9
17680,simple_q090_a016,False,0.8271604938271605,0.06533333333333333,0.37037037037037035,0.11293436293436293,0.8870656370656371,0.6296296296296297,0.7108222222222189,0.05631999999999951,0.6545022222222194,0.9
17680,tdc_evidence_validated,True,0.825,0.08266666666666667,0.3125,0.17063492063492064,0.8293650793650793,0.6875,0.7247119999999969,0.014194643635899184,0.7105173563640977,0.9079227731581102
17681,simple_q076_a008,False,0.7325581395348837,0.13733333333333334,0.4418604651162791,0.22577519379844962,0.7742248062015504,0.5581395348837209,0.6805955555555512,0.01782000000000037,0.6627755555555508,0.76
17681,simple_q084_a008,False,0.7849462365591398,0.08933333333333333,0.40860215053763443,0.171875,0.828125,0.5913978494623655,0.6753822222222184,0.03718000000000375,0.6382022222222147,0.84
17681,simple_q090_a008,False,0.7411764705882353,0.06,0.4235294117647059,0.14450867052023122,0.8554913294797688,0.5764705882352941,0.6992346666666635,0.05631999999999951,0.642914666666664,0.9
17681,simple_q090_a016,False,0.896551724137931,0.06133333333333333,0.26436781609195403,0.1199616122840691,0.8800383877159309,0.735632183908046,0.7228835555555523,0.05631999999999951,0.6665635555555528,0.9
17681,tdc_evidence_validated,True,0.8409090909090909,0.06933333333333333,0.375,0.15725047080979285,0.8427495291902072,0.625,0.7005119999999967,0.014804967670066125,0.6857070323299306,0.9068675236809729
17682,simple_q076_a008,False,0.7452830188679245,0.152,0.3490566037735849,0.2463627546071775,0.7536372453928225,0.6509433962264151,0.6678995555555501,0.01782000000000037,0.6500795555555497,0.76
17682,simple_q084_a008,False,0.7764705882352941,0.09733333333333333,0.36470588235294116,0.1651469098277609,0.8348530901722391,0.6352941176470588,0.6978053333333295,0.03718000000000375,0.6606253333333257,0.84
17682,simple_q090_a008,False,0.8210526315789474,0.06133333333333333,0.29473684210526313,0.13924050632911392,0.8607594936708861,0.7052631578947368,0.7201786666666636,0.05631999999999951,0.6638586666666642,0.9
17682,simple_q090_a016,False,0.8522727272727273,0.06533333333333333,0.29545454545454547,0.10665362035225048,0.8933463796477495,0.7045454545454546,0.7220657777777746,0.05631999999999951,0.6657457777777751,0.9
17682,tdc_evidence_validated,True,0.8192771084337349,0.07066666666666667,0.3132530120481928,0.1765267175572519,0.8234732824427481,0.6867469879518072,0.6741199999999964,0.013458079026112752,0.6606619209738837,0.904337892380616
17683,simple_q076_a008,False,0.7701149425287356,0.12266666666666666,0.3448275862068966,0.22167487684729065,0.7783251231527093,0.6551724137931034,0.6706799999999954,0.01782000000000037,0.652859999999995,0.76
17683,simple_q084_a008,False,0.8387096774193549,0.084,0.2903225806451613,0.175146771037182,0.824853228962818,0.7096774193548387,0.7180595555555517,0.03718000000000375,0.6808795555555479,0.84
17683,simple_q090_a008,False,0.8666666666666667,0.05333333333333334,0.2777777777777778,0.1506849315068493,0.8493150684931507,0.7222222222222222,0.7214977777777745,0.05631999999999951,0.665177777777775,0.9
17683,simple_q090_a016,False,0.8369565217391305,0.07066666666666667,0.2826086956521739,0.1064453125,0.8935546875,0.7173913043478262,0.745015111111108,0.05631999999999951,0.6886951111111085,0.9
17683,tdc_evidence_validated,True,0.8045977011494253,0.04666666666666667,0.3448275862068966,0.19765166340508805,0.802348336594912,0.6551724137931034,0.6523359999999963,0.013041620571561698,0.6392943794284346,0.9070763370010859
17684,simple_q076_a008,False,0.7674418604651163,0.13733333333333334,0.38372093023255816,0.2468538238141336,0.7531461761858664,0.6162790697674418,0.6643546666666621,0.01782000000000037,0.6465346666666617,0.76
17684,simple_q084_a008,False,0.7701149425287356,0.09066666666666667,0.40229885057471265,0.1890303623898139,0.810969637610186,0.5977011494252873,0.6839262222222183,0.03718000000000375,0.6467462222222146,0.84
17684,simple_q090_a008,False,0.8214285714285714,0.068,0.3333333333333333,0.1436950146627566,0.8563049853372434,0.6666666666666667,0.7367324444444415,0.05631999999999951,0.680412444444442,0.9
17684,simple_q090_a016,False,0.8732394366197183,0.06266666666666666,0.28169014084507044,0.11598440545808966,0.8840155945419104,0.7183098591549295,0.7338302222222197,0.05631999999999951,0.6775102222222202,0.9
17684,tdc_evidence_validated,True,0.8192771084337349,0.05466666666666667,0.2891566265060241,0.1727541954590326,0.8272458045409674,0.7108433734939759,0.6879964444444411,0.015404644515005724,0.6725917999294354,0.9097153568770877
17685,simple_q076_a008,False,0.7582417582417582,0.12933333333333333,0.32967032967032966,0.22906641000962463,0.7709335899903753,0.6703296703296704,0.6808613333333281,0.01782000000000037,0.6630413333333277,0.76
17685,simple_q084_a008,False,0.7692307692307693,0.07466666666666667,0.38461538461538464,0.1546692607003891,0.8453307392996109,0.6153846153846154,0.6948488888888849,0.03718000000000375,0.6576688888888811,0.84
17685,simple_q090_a008,False,0.8059701492537313,0.07866666666666666,0.3582089552238806,0.14204545454545456,0.8579545454545454,0.6417910447761195,0.7297448888888858,0.05631999999999951,0.6734248888888863,0.9
17685,simple_q090_a016,False,0.8987341772151899,0.05333333333333334,0.24050632911392406,0.115,0.885,0.759493670886076,0.7387359999999975,0.05631999999999951,0.682415999999998,0.9
17685,tdc_evidence_validated,True,0.8627450980392157,0.058666666666666666,0.27450980392156865,0.17562380038387715,0.8243761996161229,0.7254901960784313,0.7121662222222193,0.014448768715520262,0.697717453506699,0.9103850964361383
17686,simple_q076_a008,False,0.8260869565217391,0.14133333333333334,0.2608695652173913,0.24262607040913417,0.7573739295908658,0.7391304347826086,0.711768888888885,0.01782000000000037,0.6939488888888846,0.76
17686,simple_q084_a008,False,0.8064516129032258,0.092,0.3548387096774194,0.1572139303482587,0.8427860696517413,0.6451612903225806,0.6863875555555515,0.03718000000000375,0.6492075555555478,0.84
17686,simple_q090_a008,False,0.8316831683168316,0.05733333333333333,0.3465346534653465,0.14933837429111532,0.8506616257088847,0.6534653465346535,0.6955191111111079,0.05631999999999951,0.6391991111111084,0.9
17686,simple_q090_a016,False,0.7934782608695652,0.06266666666666666,0.34782608695652173,0.11918604651162791,0.8808139534883721,0.6521739130434783,0.7472417777777747,0.05631999999999951,0.6909217777777752,0.9
17686,tdc_evidence_validated,True,0.8554216867469879,0.07866666666666666,0.3373493975903614,0.16905444126074498,0.830945558739255,0.6626506024096386,0.6790746666666627,0.014402136882697878,0.6646725297839648,0.9072644225609039
17687,simple_q076_a008,False,0.6857142857142857,0.128,0.4,0.22064777327935223,0.7793522267206477,0.6,0.6491857777777729,0.01782000000000037,0.6313657777777725,0.76
17687,simple_q084_a008,False,0.7857142857142857,0.10133333333333333,0.27380952380952384,0.16380952380952382,0.8361904761904762,0.7261904761904762,0.7096391111111077,0.03718000000000375,0.6724591111111039,0.84
17687,simple_q090_a008,False,0.7415730337078652,0.044,0.34831460674157305,0.14512922465208747,0.8548707753479126,0.651685393258427,0.7307608888888859,0.05631999999999951,0.6744408888888864,0.9
17687,simple_q090_a016,False,0.8372093023255814,0.05733333333333333,0.27906976744186046,0.10375494071146245,0.8962450592885376,0.7209302325581395,0.7183893333333302,0.05631999999999951,0.6620693333333307,0.9
17687,tdc_evidence_validated,True,0.9278350515463918,0.052,0.2268041237113402,0.16316316316316315,0.8368368368368369,0.7731958762886598,0.7100133333333298,0.01445916421729516,0.6955541691160346,0.9122867325773538
17688,simple_q076_a008,False,0.8333333333333334,0.13066666666666665,0.3645833333333333,0.2382297551789077,0.7617702448210923,0.6354166666666667,0.6524879999999954,0.01782000000000037,0.634667999999995,0.76
17688,simple_q084_a008,False,0.7191011235955056,0.08666666666666667,0.42696629213483145,0.15339233038348082,0.8466076696165192,0.5730337078651686,0.6894595555555516,0.03718000000000375,0.6522795555555478,0.84
17688,simple_q090_a008,False,0.81,0.05733333333333333,0.32,0.13320274240940255,0.8667972575905974,0.6799999999999999,0.7070071111111078,0.05631999999999951,0.6506871111111083,0.9
17688,simple_q090_a016,False,0.8055555555555556,0.072,0.2916666666666667,0.0979631425800194,0.9020368574199806,0.7083333333333333,0.7269955555555526,0.05631999999999951,0.6706755555555531,0.9
17688,tdc_evidence_validated,True,0.8333333333333334,0.06533333333333333,0.3137254901960784,0.1572139303482587,0.8427860696517413,0.6862745098039216,0.6877733333333294,0.014828919410578977,0.6729444139227504,0.9104586705086017
17689,simple_q076_a008,False,0.7816091954022989,0.13066666666666665,0.3218390804597701,0.24440298507462688,0.7555970149253731,0.6781609195402298,0.6238115555555509,0.01782000000000037,0.6059915555555505,0.76
17689,simple_q084_a008,False,0.8470588235294118,0.07866666666666666,0.27058823529411763,0.19823356231599606,0.8017664376840039,0.7294117647058824,0.710383999999996,0.03718000000000375,0.6732039999999923,0.84
17689,simple_q090_a008,False,0.8333333333333334,0.06266666666666666,0.3541666666666667,0.1587147030185005,0.8412852969814995,0.6458333333333333,0.701540444444441,0.05631999999999951,0.6452204444444415,0.9
17689,simple_q090_a016,False,0.8555555555555555,0.068,0.28888888888888886,0.13727359389895138,0.8627264061010487,0.7111111111111111,0.7162604444444409,0.05631999999999951,0.6599404444444414,0.9
17689,tdc_evidence_validated,True,0.8791208791208791,0.06666666666666667,0.2967032967032967,0.1676470588235294,0.8323529411764706,0.7032967032967032,0.6842222222222191,0.014371285901262342,0.6698509363209567,0.909257469990143
17690,simple_q076_a008,False,0.6989247311827957,0.11866666666666667,0.4731182795698925,0.22745098039215686,0.7725490196078432,0.5268817204301075,0.6354906666666621,0.01782000000000037,0.6176706666666617,0.76
17690,simple_q084_a008,False,0.8024691358024691,0.088,0.345679012345679,0.15980392156862744,0.8401960784313726,0.654320987654321,0.7051519999999959,0.03718000000000375,0.6679719999999921,0.84
17690,simple_q090_a008,False,0.825,0.06533333333333333,0.3,0.13416988416988418,0.8658301158301158,0.7,0.7514239999999976,0.05631999999999951,0.6951039999999982,0.9
17690,simple_q090_a016,False,0.8229166666666666,0.07466666666666667,0.2604166666666667,0.1203155818540434,0.8796844181459567,0.7395833333333333,0.7543795555555532,0.05631999999999951,0.6980595555555538,0.9
17690,tdc_evidence_validated,True,0.76,0.08133333333333333,0.39,0.17148362235067438,0.8285163776493256,0.61,0.6582506666666625,0.014817037752182573,0.64343362891448,0.9058972267982666
17691,simple_q076_a008,False,0.8089887640449438,0.136,0.3595505617977528,0.21839080459770116,0.7816091954022988,0.6404494382022472,0.6571191111111065,0.01782000000000037,0.6392991111111062,0.76
17691,simple_q084_a008,False,0.7916666666666666,0.09466666666666666,0.2916666666666667,0.16536964980544747,0.8346303501945526,0.7083333333333333,0.7483679999999967,0.03718000000000375,0.7111879999999929,0.84
17691,simple_q090_a008,False,0.8333333333333334,0.06266666666666666,0.3111111111111111,0.14040114613180515,0.8595988538681949,0.6888888888888889,0.7325946666666633,0.05631999999999951,0.6762746666666638,0.9
17691,simple_q090_a016,False,0.8690476190476191,0.06533333333333333,0.25,0.11798839458413926,0.8820116054158608,0.75,0.732729777777775,0.05631999999999951,0.6764097777777756,0.9
17691,tdc_evidence_validated,True,0.8987341772151899,0.06533333333333333,0.31645569620253167,0.18562874251497005,0.8143712574850299,0.6835443037974683,0.6766844444444408,0.014470712183687498,0.6622137322607533,0.9063477841555283
17692,simple_q076_a008,False,0.735632183908046,0.10933333333333334,0.41379310344827586,0.2191780821917808,0.7808219178082192,0.5862068965517242,0.6402533333333293,0.01782000000000037,0.622433333333329,0.76
17692,simple_q084_a008,False,0.7582417582417582,0.084,0.32967032967032966,0.16450648055832504,0.8354935194416749,0.6703296703296704,0.725689777777774,0.03718000000000375,0.6885097777777702,0.84
17692,simple_q090_a008,False,0.8255813953488372,0.06133333333333333,0.3372093023255814,0.1355275895450145,0.8644724104549855,0.6627906976744187,0.7351199999999969,0.05631999999999951,0.6787999999999974,0.9
17692,simple_q090_a016,False,0.8020833333333334,0.05733333333333333,0.2916666666666667,0.12740141557128412,0.8725985844287159,0.7083333333333333,0.722446222222219,0.05631999999999951,0.6661262222222195,0.9
17692,tdc_evidence_validated,True,0.7948717948717948,0.06266666666666666,0.2948717948717949,0.18059558117195004,0.8194044188280499,0.7051282051282051,0.71117333333333,0.014854879609626184,0.6963184537237038,0.9111477857373449
17693,simple_q076_a008,False,0.7439024390243902,0.112,0.4024390243902439,0.23512195121951218,0.7648780487804878,0.5975609756097561,0.6742106666666619,0.01782000000000037,0.6563906666666615,0.76
17693,simple_q084_a008,False,0.71875,0.07733333333333334,0.421875,0.15495668912415783,0.8450433108758422,0.578125,0.7231484444444409,0.03718000000000375,0.6859684444444372,0.84
17693,simple_q090_a008,False,0.7916666666666666,0.048,0.3645833333333333,0.1285024154589372,0.8714975845410629,0.6354166666666667,0.7043768888888859,0.05631999999999951,0.6480568888888865,0.9
17693,simple_q090_a016,False,0.7,0.05466666666666667,0.39,0.11046511627906977,0.8895348837209303,0.61,0.6662293333333299,0.05631999999999951,0.6099093333333304,0.9
17693,tdc_evidence_validated,True,0.8333333333333334,0.064,0.3,0.1629485935984481,0.837051406401552,0.7,0.6878222222222178,0.014699669011827354,0.6731225532103904,0.9077545415756401
17694,simple_q076_a008,False,0.8316831683168316,0.13066666666666665,0.3465346534653465,0.24157844080846969,0.7584215591915303,0.6534653465346535,0.668233777777773,0.01782000000000037,0.6504137777777727,0.76
17694,simple_q084_a008,False,0.7733333333333333,0.08133333333333333,0.38666666666666666,0.16469428007889547,0.8353057199211045,0.6133333333333333,0.727857777777774,0.03718000000000375,0.6906777777777703,0.84
17694,simple_q090_a008,False,0.7666666666666667,0.06933333333333333,0.3888888888888889,0.12715105162523901,0.872848948374761,0.6111111111111112,0.7391964444444414,0.05631999999999951,0.682876444444442,0.9
17694,simple_q090_a016,False,0.8369565217391305,0.06,0.30434782608695654,0.12387612387612387,0.8761238761238761,0.6956521739130435,0.6771057777777745,0.05631999999999951,0.620785777777775,0.9
17694,tdc_evidence_validated,True,0.8275862068965517,0.04933333333333333,0.3333333333333333,0.18322082931533268,0.8167791706846673,0.6666666666666667,0.6913297777777742,0.013899818931059347,0.6774299588467149,0.9067351978385284
17695,simple_q076_a008,False,0.73,0.14666666666666667,0.39,0.23209169054441262,0.7679083094555874,0.61,0.6662062222222179,0.01782000000000037,0.6483862222222175,0.76
17695,simple_q084_a008,False,0.7678571428571429,0.09333333333333334,0.35714285714285715,0.1798076923076923,0.8201923076923077,0.6428571428571428,0.686112888888885,0.03718000000000375,0.6489328888888812,0.84
17695,simple_q090_a008,False,0.8734177215189873,0.05466666666666667,0.3037974683544304,0.13222331047992164,0.8677766895200784,0.6962025316455696,0.7326524444444413,0.05631999999999951,0.6763324444444418,0.9
17695,simple_q090_a016,False,0.8407079646017699,0.07333333333333333,0.34513274336283184,0.13227016885553472,0.8677298311444652,0.6548672566371682,0.7359244444444419,0.05631999999999951,0.6796044444444425,0.9
17695,tdc_evidence_validated,True,0.8142857142857143,0.06666666666666667,0.32857142857142857,0.18584070796460178,0.8141592920353982,0.6714285714285715,0.6768453333333297,0.01435455440988078,0.662490778923449,0.9069101957456551
17696,simple_q076_a008,False,0.81,0.13466666666666666,0.33,0.25073746312684364,0.7492625368731564,0.6699999999999999,0.6283208888888852,0.01782000000000037,0.6105008888888848,0.76
17696,simple_q084_a008,False,0.8157894736842105,0.076,0.3026315789473684,0.18518518518518517,0.8148148148148149,0.6973684210526316,0.7073013333333292,0.03718000000000375,0.6701213333333255,0.84
17696,simple_q090_a008,False,0.8850574712643678,0.05333333333333334,0.3218390804597701,0.1369334619093539,0.8630665380906462,0.6781609195402298,0.7338186666666635,0.05631999999999951,0.677498666666664,0.9
17696,simple_q090_a016,False,0.875,0.08533333333333333,0.2159090909090909,0.10687022900763359,0.8931297709923665,0.7840909090909091,0.728905777777775,0.05631999999999951,0.6725857777777755,0.9
17696,tdc_evidence_validated,True,0.7912087912087912,0.052,0.32967032967032966,0.17708333333333334,0.8229166666666666,0.6703296703296704,0.6795804444444415,0.014008621227040243,0.6655718232174013,0.9091411789912021
17697,simple_q076_a008,False,0.6923076923076923,0.136,0.46153846153846156,0.24806949806949807,0.7519305019305019,0.5384615384615384,0.646345777777773,0.01782000000000037,0.6285257777777726,0.76
17697,simple_q084_a008,False,0.7666666666666667,0.08533333333333333,0.3111111111111111,0.1728515625,0.8271484375,0.6888888888888889,0.7107599999999967,0.03718000000000375,0.673579999999993,0.84
17697,simple_q090_a008,False,0.8351648351648352,0.06533333333333333,0.32967032967032966,0.14967259120673526,0.8503274087932647,0.6703296703296704,0.7241324444444414,0.05631999999999951,0.6678124444444419,0.9
17697,simple_q090_a016,False,0.8227848101265823,0.06,0.3291139240506329,0.11143410852713179,0.8885658914728682,0.6708860759493671,0.7017137777777743,0.05631999999999951,0.6453937777777748,0.9
17697,tdc_evidence_validated,True,0.7411764705882353,0.04666666666666667,0.3411764705882353,0.1606969990319458,0.8393030009680542,0.6588235294117647,0.6888035555555522,0.014405529739955358,0.6743980258155968,0.9077815016620472
17698,simple_q076_a008,False,0.7857142857142857,0.13066666666666665,0.41836734693877553,0.23349282296650717,0.7665071770334928,0.5816326530612245,0.6512719999999952,0.01782000000000037,0.6334519999999948,0.76
17698,simple_q084_a008,False,0.7415730337078652,0.10266666666666667,0.3595505617977528,0.17272727272727273,0.8272727272727273,0.6404494382022472,0.6888835555555518,0.03718000000000375,0.651703555555548,0.84
17698,simple_q090_a008,False,0.8607594936708861,0.06533333333333333,0.27848101265822783,0.14384920634920634,0.8561507936507937,0.7215189873417722,0.7346746666666634,0.05631999999999951,0.6783546666666639,0.9
17698,simple_q090_a016,False,0.8266666666666667,0.076,0.32,0.11824953445065177,0.8817504655493482,0.6799999999999999,0.7318391111111082,0.05631999999999951,0.6755191111111087,0.9
17698,tdc_evidence_validated,True,0.8,0.06,0.43157894736842106,0.17151162790697674,0.8284883720930233,0.5684210526315789,0.6915226666666622,0.013631083966909645,0.6778915826997526,0.9051362851728989
17699,simple_q076_a008,False,0.7340425531914894,0.124,0.4148936170212766,0.23666343355965083,0.7633365664403492,0.5851063829787234,0.6204373333333287,0.01782000000000037,0.6026173333333283,0.76
17699,simple_q084_a008,False,0.7439024390243902,0.07466666666666667,0.3780487804878049,0.15874524714828897,0.841254752851711,0.6219512195121951,0.7236728888888855,0.03718000000000375,0.6864928888888817,0.84
17699,simple_q090_a008,False,0.8133333333333334,0.06,0.36,0.15181194906953965,0.8481880509304603,0.64,0.7124346666666632,0.05631999999999951,0.6561146666666637,0.9
17699,simple_q090_a016,False,0.8285714285714286,0.04533333333333334,0.38571428571428573,0.11122244488977956,0.8887775551102204,0.6142857142857143,0.7395653333333307,0.05631999999999951,0.6832453333333313,0.9
17699,tdc_evidence_validated,True,0.7323943661971831,0.05333333333333334,0.36619718309859156,0.1627450980392157,0.8372549019607843,0.6338028169014085,0.6935626666666632,0.014258388066092193,0.6793042786005711,0.9068496040225916
17700,simple_q076_a008,False,0.7549019607843137,0.13866666666666666,0.37254901960784315,0.24095238095238095,0.7590476190476191,0.6274509803921569,0.6305306666666624,0.01782000000000037,0.612710666666662,0.76
17700,simple_q084_a008,False,0.9111111111111111,0.09066666666666667,0.26666666666666666,0.17211538461538461,0.8278846153846153,0.7333333333333334,0.7121217777777742,0.03718000000000375,0.6749417777777704,0.84
17700,simple_q090_a008,False,0.8382352941176471,0.05733333333333333,0.36764705882352944,0.13135186960690318,0.8686481303930969,0.6323529411764706,0.7205582222222189,0.05631999999999951,0.6642382222222194,0.9
17700,simple_q090_a016,False,0.8105263157894737,0.056,0.35789473684210527,0.11976630963972736,0.8802336903602727,0.6421052631578947,0.7153502222222198,0.05631999999999951,0.6590302222222203,0.9
17700,tdc_evidence_validated,True,0.8,0.044,0.3368421052631579,0.1807802093244529,0.8192197906755471,0.6631578947368422,0.6672506666666632,0.013829021045877191,0.653421645620786,0.9091862395258565
17701,simple_q076_a008,False,0.8076923076923077,0.15866666666666668,0.3076923076923077,0.21132457027300303,0.788675429726997,0.6923076923076923,0.6517457777777732,0.01782000000000037,0.6339257777777728,0.76
17701,simple_q084_a008,False,0.813953488372093,0.07466666666666667,0.3488372093023256,0.18924111431316043,0.8107588856868395,0.6511627906976745,0.6725164444444405,0.03718000000000375,0.6353364444444367,0.84
17701,simple_q090_a008,False,0.8607594936708861,0.06533333333333333,0.31645569620253167,0.1297029702970297,0.8702970297029703,0.6835443037974683,0.7157795555555518,0.05631999999999951,0.6594595555555524,0.9
17701,simple_q090_a016,False,0.8153846153846154,0.07733333333333334,0.35384615384615387,0.1234684260131951,0.8765315739868049,0.6461538461538461,0.7383999999999974,0.05631999999999951,0.6820799999999979,0.9
17701,tdc_evidence_validated,True,0.788235294117647,0.05333333333333334,0.27058823529411763,0.16094210009813542,0.8390578999018645,0.7294117647058824,0.7173662222222188,0.013970973881429502,0.7033952483407893,0.9092229719639326
17702,simple_q076_a008,False,0.6707317073170732,0.14666666666666667,0.4878048780487805,0.24830917874396136,0.7516908212560387,0.5121951219512195,0.6414879999999954,0.01782000000000037,0.623667999999995,0.76
17702,simple_q084_a008,False,0.7954545454545454,0.07733333333333334,0.38636363636363635,0.1695906432748538,0.8304093567251463,0.6136363636363636,0.6689786666666628,0.03718000000000375,0.6317986666666591,0.84
17702,simple_q090_a008,False,0.9239130434782609,0.06133333333333333,0.22826086956521738,0.13438735177865613,0.8656126482213439,0.7717391304347826,0.7149102222222191,0.05631999999999951,0.6585902222222196,0.9
17702,simple_q090_a016,False,0.8947368421052632,0.044,0.21052631578947367,0.11937377690802348,0.8806262230919766,0.7894736842105263,0.7300639999999969,0.05631999999999951,0.6737439999999975,0.9
17702,tdc_evidence_validated,True,0.8170731707317073,0.056,0.34146341463414637,0.16506717850287908,0.8349328214971209,0.6585365853658536,0.7070319999999967,0.014959916137353497,0.6920720838626432,0.9083615772622928
17703,simple_q076_a008,False,0.7586206896551724,0.11333333333333333,0.35344827586206895,0.23616600790513834,0.7638339920948617,0.646551724137931,0.6445982222222177,0.01782000000000037,0.6267782222222174,0.76
17703,simple_q084_a008,False,0.75,0.07333333333333333,0.39285714285714285,0.17829457364341086,0.8217054263565892,0.6071428571428572,0.7490799999999971,0.03718000000000375,0.7118999999999933,0.84
17703,simple_q090_a008,False,0.8426966292134831,0.056,0.2808988764044944,0.13875598086124402,0.861244019138756,0.7191011235955056,0.7341484444444415,0.05631999999999951,0.677828444444442,0.9
17703,simple_q090_a016,False,0.8314606741573034,0.06533333333333333,0.29213483146067415,0.1295387634936212,0.8704612365063789,0.7078651685393258,0.720083555555553,0.05631999999999951,0.6637635555555536,0.9
17703,tdc_evidence_validated,True,0.8313253012048193,0.05733333333333333,0.3614457831325301,0.17403846153846153,0.8259615384615384,0.6385542168674698,0.6741333333333294,0.013833942790872085,0.6602993905424572,0.9061153217769783
17704,simple_q076_a008,False,0.6595744680851063,0.10933333333333334,0.4148936170212766,0.2164750957854406,0.7835249042145593,0.5851063829787234,0.6689262222222179,0.01782000000000037,0.6511062222222175,0.76
17704,simple_q084_a008,False,0.8522727272727273,0.10533333333333333,0.2840909090909091,0.16208530805687205,0.837914691943128,0.7159090909090908,0.7062302222222181,0.03718000000000375,0.6690502222222143,0.84
17704,simple_q090_a008,False,0.7666666666666667,0.068,0.3333333333333333,0.1437007874015748,0.8562992125984252,0.6666666666666667,0.7242702222222187,0.05631999999999951,0.6679502222222192,0.9
17704,simple_q090_a016,False,0.927710843373494,0.05333333333333334,0.2289156626506024,0.1,0.9,0.7710843373493976,0.7443502222222194,0.05631999999999951,0.6880302222222199,0.9
17704,tdc_evidence_validated,True,0.8181818181818182,0.04,0.375,0.19370698131760078,0.8062930186823992,0.625,0.6869262222222188,0.01373284758477054,0.6731933746374482,0.9089661205111046
17705,simple_q076_a008,False,0.7692307692307693,0.12533333333333332,0.3516483516483517,0.26139534883720933,0.7386046511627906,0.6483516483516483,0.646523555555551,0.01782000000000037,0.6287035555555506,0.76
17705,simple_q084_a008,False,0.7176470588235294,0.08133333333333333,0.4,0.19488188976377951,0.8051181102362205,0.6,0.6928257777777741,0.03718000000000375,0.6556457777777703,0.84
17705,simple_q090_a008,False,0.7972972972972973,0.05733333333333333,0.2972972972972973,0.1450381679389313,0.8549618320610687,0.7027027027027026,0.7644515555555531,0.05631999999999951,0.7081315555555536,0.9
17705,simple_q090_a016,False,0.782608695652174,0.064,0.30434782608695654,0.11736641221374046,0.8826335877862596,0.6956521739130435,0.7186604444444421,0.05631999999999951,0.6623404444444426,0.9
17705,tdc_evidence_validated,True,0.8444444444444444,0.05466666666666667,0.36666666666666664,0.1794871794871795,0.8205128205128205,0.6333333333333333,0.6912364444444408,0.014382502104177292,0.6768539423402635,0.907030710111576
17706,simple_q076_a008,False,0.7415730337078652,0.11866666666666667,0.3595505617977528,0.23615160349854228,0.7638483965014577,0.6404494382022472,0.6764693333333287,0.01782000000000037,0.6586493333333283,0.76
17706,simple_q084_a008,False,0.826530612244898,0.09733333333333333,0.3469387755102041,0.18846153846153846,0.8115384615384615,0.653061224489796,0.705649777777774,0.03718000000000375,0.6684697777777703,0.84
17706,simple_q090_a008,False,0.7857142857142857,0.05466666666666667,0.35714285714285715,0.14,0.86,0.6428571428571428,0.70062133333333,0.05631999999999951,0.6443013333333305,0.9
17706,simple_q090_a016,False,0.8620689655172413,0.058666666666666666,0.3218390804597701,0.11952191235059761,0.8804780876494024,0.6781609195402298,0.6952257777777748,0.05631999999999951,0.6389057777777754,0.9
17706,tdc_evidence_validated,True,0.8961038961038961,0.064,0.2597402597402597,0.195260663507109,0.804739336492891,0.7402597402597403,0.7072035555555519,0.013703431577967834,0.6935001239775841,0.9101327264231103
17707,simple_q076_a008,False,0.7553191489361702,0.112,0.32978723404255317,0.22243713733075435,0.7775628626692457,0.6702127659574468,0.6776284444444397,0.01782000000000037,0.6598084444444393,0.76
17707,simple_q084_a008,False,0.7311827956989247,0.08666666666666667,0.3870967741935484,0.16733067729083664,0.8326693227091634,0.6129032258064516,0.6958062222222184,0.03718000000000375,0.6586262222222147,0.84
17707,simple_q090_a008,False,0.735632183908046,0.06133333333333333,0.3448275862068966,0.14971209213051823,0.8502879078694818,0.6551724137931034,0.740431111111108,0.05631999999999951,0.6841111111111086,0.9
17707,simple_q090_a016,False,0.8356164383561644,0.07066666666666667,0.3150684931506849,0.1159563924677899,0.8840436075322101,0.6849315068493151,0.7400399999999974,0.05631999999999951,0.6837199999999979,0.9
17707,tdc_evidence_validated,True,0.8441558441558441,0.037333333333333336,0.36363636363636365,0.19123505976095617,0.8087649402390438,0.6363636363636364,0.6987528888888856,0.013926201637811856,0.6848266872510738,0.907246307721244
17708,simple_q076_a008,False,0.7530864197530864,0.14533333333333334,0.4444444444444444,0.23517978620019436,0.7648202137998057,0.5555555555555556,0.5958746666666623,0.01782000000000037,0.5780546666666619,0.76
17708,simple_q084_a008,False,0.7613636363636364,0.088,0.4431818181818182,0.16776625824693686,0.8322337417530632,0.5568181818181819,0.6928942222222185,0.03718000000000375,0.6557142222222148,0.84
17708,simple_q090_a008,False,0.8297872340425532,0.068,0.3191489361702128,0.16417910447761194,0.835820895522388,0.6808510638297872,0.7145866666666635,0.05631999999999951,0.658266666666664,0.9
17708,simple_q090_a016,False,0.8118811881188119,0.056,0.3465346534653465,0.1069364161849711,0.8930635838150289,0.6534653465346535,0.6781137777777739,0.05631999999999951,0.6217937777777744,0.9
17708,tdc_evidence_validated,True,0.8378378378378378,0.036,0.35135135135135137,0.18341463414634146,0.8165853658536586,0.6486486486486487,0.6847386666666628,0.015116934753956826,0.669621731912706,0.909501266019323
17709,simple_q076_a008,False,0.7721518987341772,0.14266666666666666,0.35443037974683544,0.2200392927308448,0.7799607072691552,0.6455696202531646,0.7019137777777731,0.01782000000000037,0.6840937777777727,0.76
17709,simple_q084_a008,False,0.7777777777777778,0.088,0.36666666666666664,0.15284715284715283,0.8471528471528471,0.6333333333333333,0.7308062222222188,0.03718000000000375,0.693626222222215,0.84
17709,simple_q090_a008,False,0.7564102564102564,0.058666666666666666,0.4358974358974359,0.141747572815534,0.858252427184466,0.5641025641025641,0.7281253333333303,0.05631999999999951,0.6718053333333308,0.9
17709,simple_q090_a016,False,0.8148148148148148,0.06133333333333333,0.32098765432098764,0.1008991008991009,0.8991008991008991,0.6790123456790124,0.7001617777777747,0.05631999999999951,0.6438417777777752,0.9
17709,tdc_evidence_validated,True,0.8227848101265823,0.05466666666666667,0.26582278481012656,0.1645933014354067,0.8354066985645933,0.7341772151898734,0.6991084444444406,0.014455242247862366,0.6846532021965783,0.9084841536053934
17710,simple_q076_a008,False,0.7303370786516854,0.132,0.38202247191011235,0.19042871385842472,0.8095712861415753,0.6179775280898876,0.694947555555551,0.01782000000000037,0.6771275555555506,0.76
17710,simple_q084_a008,False,0.8764044943820225,0.08933333333333333,0.4044943820224719,0.19310344827586207,0.806896551724138,0.5955056179775281,0.697578666666663,0.03718000000000375,0.6603986666666593,0.84
17710,simple_q090_a008,False,0.8235294117647058,0.052,0.3764705882352941,0.1551219512195122,0.8448780487804878,0.6235294117647059,0.724035555555552,0.05631999999999951,0.6677155555555525,0.9
17710,simple_q090_a016,False,0.7910447761194029,0.08933333333333333,0.34328358208955223,0.12684365781710916,0.8731563421828908,0.6567164179104478,0.7320915555555529,0.05631999999999951,0.6757715555555535,0.9
17710,tdc_evidence_validated,True,0.8876404494382022,0.064,0.2247191011235955,0.195837275307474,0.804162724692526,0.7752808988764045,0.6995413333333306,0.014203940694654938,0.6853373926386757,0.911096053381592
17711,simple_q076_a008,False,0.7368421052631579,0.128,0.3894736842105263,0.21875,0.78125,0.6105263157894737,0.6701217777777728,0.01782000000000037,0.6523017777777724,0.76
17711,simple_q084_a008,False,0.7721518987341772,0.08133333333333333,0.4050632911392405,0.19569471624266144,0.8043052837573386,0.5949367088607596,0.7134248888888851,0.03718000000000375,0.6762448888888813,0.84
17711,simple_q090_a008,False,0.8735632183908046,0.04933333333333333,0.22988505747126436,0.1403678606001936,0.8596321393998064,0.7701149425287357,0.7549671111111086,0.05631999999999951,0.6986471111111091,0.9
17711,simple_q090_a016,False,0.7472527472527473,0.08133333333333333,0.3956043956043956,0.11258278145695365,0.8874172185430463,0.6043956043956045,0.7003928888888856,0.05631999999999951,0.6440728888888861,0.9
17711,tdc_evidence_validated,True,0.875,0.06266666666666666,0.2625,0.1697381183317168,0.8302618816682832,0.7375,0.71282933333333,0.014250212302149805,0.6985791210311801,0.9083317514526117
17712,simple_q076_a008,False,0.7578947368421053,0.14666666666666667,0.43157894736842106,0.26179018286814243,0.7382098171318576,0.5684210526315789,0.6028879999999952,0.01782000000000037,0.5850679999999948,0.76
17712,simple_q084_a008,False,0.8613861386138614,0.08933333333333333,0.3069306930693069,0.1814556331006979,0.8185443668993021,0.693069306930693,0.6629839999999959,0.03718000000000375,0.6258039999999921,0.84
17712,simple_q090_a008,False,0.7912087912087912,0.05466666666666667,0.4065934065934066,0.15213178294573643,0.8478682170542635,0.5934065934065934,0.7225519999999969,0.05631999999999951,0.6662319999999974,0.9
17712,simple_q090_a016,False,0.8026315789473685,0.06933333333333333,0.35526315789473684,0.1132623426911907,0.8867376573088093,0.6447368421052632,0.7322613333333305,0.05631999999999951,0.6759413333333311,0.9
17712,tdc_evidence_validated,True,0.8625,0.052,0.2875,0.1865234375,0.8134765625,0.7125,0.6810951111111075,0.014033463401939608,0.667061647709168,0.9084523107975355
17713,simple_q076_a008,False,0.8125,0.12533333333333332,0.3020833333333333,0.22178988326848248,0.7782101167315175,0.6979166666666667,0.7156275555555516,0.01782000000000037,0.6978075555555512,0.76
17713,simple_q084_a008,False,0.8571428571428571,0.10133333333333333,0.3333333333333333,0.1813773035887488,0.8186226964112512,0.6666666666666667,0.7034382222222182,0.03718000000000375,0.6662582222222144,0.84
17713,simple_q090_a008,False,0.7746478873239436,0.05733333333333333,0.4084507042253521,0.1431316042267051,0.8568683957732949,0.5915492957746479,0.7238551111111081,0.05631999999999951,0.6675351111111086,0.9
17713,simple_q090_a016,False,0.8026315789473685,0.05466666666666667,0.34210526315789475,0.12178877259752617,0.8782112274024738,0.6578947368421053,0.7430444444444421,0.05631999999999951,0.6867244444444426,0.9
17713,tdc_evidence_validated,True,0.8297872340425532,0.07066666666666667,0.3404255319148936,0.17511961722488037,0.8248803827751197,0.6595744680851063,0.6751039999999959,0.013698191155805157,0.6614058088441908,0.9071345641331424
17714,simple_q076_a008,False,0.7472527472527473,0.12133333333333333,0.3956043956043956,0.23767258382642997,0.76232741617357,0.6043956043956045,0.6660302222222174,0.01782000000000037,0.648210222222217,0.76
17714,simple_q084_a008,False,0.8131868131868132,0.05733333333333333,0.3076923076923077,0.16125860373647985,0.8387413962635202,0.6923076923076923,0.7114746666666625,0.03718000000000375,0.6742946666666587,0.84
17714,simple_q090_a008,False,0.7926829268292683,0.04933333333333333,0.3902439024390244,0.1355275895450145,0.8644724104549855,0.6097560975609756,0.6944542222222188,0.05631999999999951,0.6381342222222193,0.9
17714,simple_q090_a016,False,0.8723404255319149,0.072,0.30851063829787234,0.12085769980506822,0.8791423001949318,0.6914893617021276,0.7446115555555526,0.05631999999999951,0.6882915555555531,0.9
17714,tdc_evidence_validated,True,0.8481012658227848,0.052,0.2911392405063291,0.20039292730844793,0.7996070726915521,0.7088607594936709,0.745162666666663,0.013105654694698855,0.7320570119719642,0.9077157423590752
17715,simple_q076_a008,False,0.7752808988764045,0.132,0.3146067415730337,0.21052631578947367,0.7894736842105263,0.6853932584269663,0.7012853333333284,0.01782000000000037,0.683465333333328,0.76
17715,simple_q084_a008,False,0.8387096774193549,0.108,0.3010752688172043,0.1811175337186898,0.8188824662813102,0.6989247311827957,0.6908604444444407,0.03718000000000375,0.653680444444437,0.84
17715,simple_q090_a008,False,0.8243243243243243,0.056,0.2972972972972973,0.15946205571565802,0.8405379442843419,0.7027027027027026,0.7515742222222196,0.05631999999999951,0.6952542222222201,0.9
17715,simple_q090_a016,False,0.8059701492537313,0.06533333333333333,0.34328358208955223,0.1062124248496994,0.8937875751503006,0.6567164179104478,0.765831999999998,0.05631999999999951,0.7095119999999985,0.9
17715,tdc_evidence_validated,True,0.8913043478260869,0.05733333333333333,0.2826086956521739,0.18062563067608475,0.8193743693239153,0.7173913043478262,0.6876026666666627,0.012607444509835893,0.6749952221568268,0.9063559912535348
17716,simple_q076_a008,False,0.7127659574468085,0.144,0.44680851063829785,0.24903474903474904,0.7509652509652509,0.5531914893617021,0.6244693333333294,0.01782000000000037,0.606649333333329,0.76
17716,simple_q084_a008,False,0.7865168539325843,0.09866666666666667,0.3707865168539326,0.1669921875,0.8330078125,0.6292134831460674,0.7133919999999968,0.03718000000000375,0.676211999999993,0.84
17716,simple_q090_a008,False,0.8369565217391305,0.06666666666666667,0.2717391304347826,0.13919052319842054,0.8608094768015795,0.7282608695652174,0.749209777777775,0.05631999999999951,0.6928897777777755,0.9
17716,simple_q090_a016,False,0.8352941176470589,0.06133333333333333,0.36470588235294116,0.10901883052527254,0.8909811694747275,0.6352941176470588,0.7301875555555527,0.05631999999999951,0.6738675555555532,0.9
17716,tdc_evidence_validated,True,0.8076923076923077,0.06266666666666666,0.32051282051282054,0.17994100294985252,0.8200589970501475,0.6794871794871795,0.7024835555555514,0.014073797332711717,0.6884097582228397,0.9089031916938775
17717,simple_q076_a008,False,0.7671232876712328,0.15066666666666667,0.4383561643835616,0.23479087452471484,0.7652091254752852,0.5616438356164384,0.6773831111111069,0.01782000000000037,0.6595631111111065,0.76
17717,simple_q084_a008,False,0.7105263157894737,0.09466666666666666,0.4342105263157895,0.17877629063097514,0.8212237093690249,0.5657894736842105,0.723028444444441,0.03718000000000375,0.6858484444444373,0.84
17717,simple_q090_a008,False,0.7912087912087912,0.076,0.4065934065934066,0.14133591481122942,0.8586640851887706,0.5934065934065934,0.690615111111108,0.05631999999999951,0.6342951111111085,0.9
17717,simple_q090_a016,False,0.7777777777777778,0.06933333333333333,0.34444444444444444,0.1132623426911907,0.8867376573088093,0.6555555555555556,0.6943217777777744,0.05631999999999951,0.6380017777777749,0.9
17717,tdc_evidence_validated,True,0.8367346938775511,0.032,0.2653061224489796,0.19632495164410058,0.8036750483558994,0.7346938775510203,0.6731688888888849,0.013064722901943179,0.6601041659869418,0.9100368511452486
17718,simple_q076_a008,False,0.7472527472527473,0.14533333333333334,0.3516483516483517,0.23852295409181637,0.7614770459081837,0.6483516483516483,0.6629697777777732,0.01782000000000037,0.6451497777777728,0.76
17718,simple_q084_a008,False,0.75,0.10533333333333333,0.4351851851851852,0.1689059500959693,0.8310940499040307,0.5648148148148149,0.6936426666666626,0.03718000000000375,0.6564626666666589,0.84
17718,simple_q090_a008,False,0.8705882352941177,0.05733333333333333,0.3764705882352941,0.12903225806451613,0.8709677419354839,0.6235294117647059,0.7219528888888858,0.05631999999999951,0.6656328888888863,0.9
17718,simple_q090_a016,False,0.8409090909090909,0.06133333333333333,0.3522727272727273,0.10644257703081232,0.8935574229691877,0.6477272727272727,0.7050177777777747,0.05631999999999951,0.6486977777777753,0.9
17718,tdc_evidence_validated,True,0.8461538461538461,0.06933333333333333,0.3076923076923077,0.1842870999030068,0.8157129000969932,0.6923076923076923,0.6745413333333299,0.014808032700438354,0.6597333006328915,0.9102846671756551
17719,simple_q076_a008,False,0.7558139534883721,0.11866666666666667,0.38372093023255816,0.2119460500963391,0.788053949903661,0.6162790697674418,0.6916524444444399,0.01782000000000037,0.6738324444444395,0.76
17719,simple_q084_a008,False,0.7142857142857143,0.07866666666666666,0.44047619047619047,0.16797642436149313,0.8320235756385068,0.5595238095238095,0.6807991111111068,0.03718000000000375,0.643619111111103,0.84
17719,simple_q090_a008,False,0.872093023255814,0.05466666666666667,0.3023255813953488,0.14612326043737575,0.8538767395626242,0.6976744186046512,0.7125191111111078,0.05631999999999951,0.6561991111111083,0.9
17719,simple_q090_a016,False,0.8536585365853658,0.076,0.32926829268292684,0.11657032755298652,0.8834296724470134,0.6707317073170731,0.7385626666666638,0.05631999999999951,0.6822426666666643,0.9
17719,tdc_evidence_validated,True,0.7708333333333334,0.06133333333333333,0.4479166666666667,0.17564870259481039,0.8243512974051896,0.5520833333333333,0.6579217777777739,0.014249283963220899,0.643672493814553,0.9023925676336015
17720,simple_q076_a008,False,0.6931818181818182,0.14533333333333334,0.42045454545454547,0.21832358674463936,0.7816764132553606,0.5795454545454546,0.6475182222222176,0.01782000000000037,0.6296982222222172,0.76
17720,simple_q084_a008,False,0.8602150537634409,0.09466666666666666,0.25806451612903225,0.18344965104685942,0.8165503489531406,0.7419354838709677,0.7040648888888851,0.03718000000000375,0.6668848888888813,0.84
17720,simple_q090_a008,False,0.8043478260869565,0.052,0.3804347826086957,0.13039309683604985,0.8696069031639502,0.6195652173913043,0.72714933333333,0.05631999999999951,0.6708293333333305,0.9
17720,simple_q090_a016,False,0.8404255319148937,0.04,0.30851063829787234,0.11634615384615385,0.8836538461538461,0.6914893617021276,0.7258764444444414,0.05631999999999951,0.669556444444442,0.9
17720,tdc_evidence_validated,True,0.91,0.052,0.24,0.18463073852295409,0.8153692614770459,0.76,0.6907057777777742,0.013390242486300054,0.6773155352914741,0.9094670659669433
17721,simple_q076_a008,False,0.7176470588235294,0.12266666666666666,0.4235294117647059,0.24783027965284474,0.7521697203471552,0.5764705882352941,0.6222479999999954,0.01782000000000037,0.604427999999995,0.76
17721,simple_q084_a008,False,0.7777777777777778,0.092,0.35802469135802467,0.18473895582329317,0.8152610441767069,0.6419753086419753,0.7012959999999963,0.03718000000000375,0.6641159999999925,0.84
17721,simple_q090_a008,False,0.75,0.06266666666666666,0.41346153846153844,0.15249266862170088,0.8475073313782991,0.5865384615384616,0.6897955555555523,0.05631999999999951,0.6334755555555528,0.9
17721,simple_q090_a016,False,0.8488372093023255,0.05333333333333334,0.27906976744186046,0.1248770894788594,0.8751229105211407,0.7209302325581395,0.7383208888888861,0.05631999999999951,0.6820008888888867,0.9
17721,tdc_evidence_validated,True,0.7948717948717948,0.06266666666666666,0.3076923076923077,0.17578125,0.82421875,0.6923076923076923,0.7110248888888848,0.015181431786179965,0.6958434571027049,0.9091552976360199
17722,simple_q076_a008,False,0.75,0.13333333333333333,0.34375,0.24975124378109453,0.7502487562189055,0.65625,0.6731324444444395,0.01782000000000037,0.6553124444444391,0.76
17722,simple_q084_a008,False,0.8125,0.08133333333333333,0.375,0.17478510028653296,0.8252148997134671,0.625,0.7035146666666632,0.03718000000000375,0.6663346666666594,0.84
17722,simple_q090_a008,False,0.7875,0.064,0.3125,0.1283851554663992,0.8716148445336008,0.6875,0.7391022222222196,0.05631999999999951,0.6827822222222201,0.9
17722,simple_q090_a016,False,0.7692307692307693,0.076,0.3076923076923077,0.10731244064577398,0.8926875593542261,0.6923076923076923,0.7115537777777745,0.05631999999999951,0.655233777777775,0.9
17722,tdc_evidence_validated,True,0.8469387755102041,0.06666666666666667,0.25510204081632654,0.19504950495049506,0.804950495049505,0.7448979591836735,0.6665377777777741,0.013273585761050193,0.6532641920167239,0.9084802636172549
17723,simple_q076_a008,False,0.7261904761904762,0.12933333333333333,0.40476190476190477,0.2271414821944177,0.7728585178055822,0.5952380952380952,0.6514008888888837,0.01782000000000037,0.6335808888888833,0.76
17723,simple_q084_a008,False,0.8470588235294118,0.07066666666666667,0.25882352941176473,0.17746759720837488,0.8225324027916251,0.7411764705882353,0.7169537777777742,0.03718000000000375,0.6797737777777705,0.84
17723,simple_q090_a008,False,0.7727272727272727,0.05466666666666667,0.3409090909090909,0.14169215086646278,0.8583078491335372,0.6590909090909092,0.72911733333333,0.05631999999999951,0.6727973333333305,0.9
17723,simple_q090_a016,False,0.8604651162790697,0.056,0.29069767441860467,0.1102123356926188,0.8897876643073812,0.7093023255813953,0.6805368888888859,0.05631999999999951,0.6242168888888864,0.9
17723,tdc_evidence_validated,True,0.8350515463917526,0.07333333333333333,0.29896907216494845,0.18005808325266215,0.8199419167473379,0.7010309278350515,0.6887182222222186,0.014225078531145558,0.674493143691073,0.9095228752910153
17724,simple_q076_a008,False,0.8133333333333334,0.14533333333333334,0.28,0.22722820763956905,0.7727717923604309,0.72,0.6711982222222175,0.01782000000000037,0.6533782222222171,0.76
17724,simple_q084_a008,False,0.8131868131868132,0.08666666666666667,0.3076923076923077,0.18282828282828284,0.8171717171717172,0.6923076923076923,0.6637075555555516,0.03718000000000375,0.6265275555555478,0.84
17724,simple_q090_a008,False,0.8589743589743589,0.05333333333333334,0.2948717948717949,0.15544554455445544,0.8445544554455445,0.7051282051282051,0.7500062222222188,0.05631999999999951,0.6936862222222193,0.9
17724,simple_q090_a016,False,0.75,0.072,0.4107142857142857,0.11044776119402985,0.8895522388059701,0.5892857142857143,0.6875075555555523,0.05631999999999951,0.6311875555555528,0.9
17724,tdc_evidence_validated,True,0.9021739130434783,0.07333333333333333,0.29347826086956524,0.1536231884057971,0.8463768115942029,0.7065217391304348,0.705150222222219,0.01501825448944644,0.6901319677327725,0.9085400737730769
17725,simple_q076_a008,False,0.7978723404255319,0.14,0.32978723404255317,0.21021611001964635,0.7897838899803536,0.6702127659574468,0.6781173333333287,0.01782000000000037,0.6602973333333283,0.76
17725,simple_q084_a008,False,0.8461538461538461,0.10933333333333334,0.2923076923076923,0.20208728652751423,0.7979127134724857,0.7076923076923076,0.6888222222222186,0.03718000000000375,0.6516422222222148,0.84
17725,simple_q090_a008,False,0.825,0.05466666666666667,0.325,0.14396887159533073,0.8560311284046693,0.675,0.6817244444444409,0.05631999999999951,0.6254044444444414,0.9
17725,simple_q090_a016,False,0.7692307692307693,0.048,0.3956043956043956,0.11542192046556742,0.8845780795344326,0.6043956043956045,0.6909448888888859,0.05631999999999951,0.6346248888888865,0.9
17725,tdc_evidence_validated,True,0.8181818181818182,0.058666666666666666,0.35064935064935066,0.17664376840039253,0.8233562315996075,0.6493506493506493,0.7137617777777743,0.014906918962114045,0.6988548588156602,0.9091804799469592
17726,simple_q076_a008,False,0.7142857142857143,0.12933333333333333,0.40816326530612246,0.24615384615384617,0.7538461538461538,0.5918367346938775,0.6644577777777734,0.01782000000000037,0.646637777777773,0.76
17726,simple_q084_a008,False,0.7727272727272727,0.09733333333333333,0.2840909090909091,0.17892644135188868,0.8210735586481113,0.7159090909090908,0.6823262222222187,0.03718000000000375,0.645146222222215,0.84
17726,simple_q090_a008,False,0.8452380952380952,0.058666666666666666,0.2857142857142857,0.1262135922330097,0.8737864077669903,0.7142857142857143,0.7600088888888856,0.05631999999999951,0.7036888888888861,0.9
17726,simple_q090_a016,False,0.8333333333333334,0.076,0.3,0.12730806608357628,0.8726919339164237,0.7,0.7253253333333303,0.05631999999999951,0.6690053333333308,0.9
17726,tdc_evidence_validated,True,0.7951807228915663,0.048,0.3493975903614458,0.18929633300297324,0.8107036669970268,0.6506024096385542,0.7095431111111077,0.014569869969844402,0.6949732411412632,0.9083634736637407
17727,simple_q076_a008,False,0.8571428571428571,0.124,0.30952380952380953,0.2436399217221135,0.7563600782778865,0.6904761904761905,0.6634853333333287,0.01782000000000037,0.6456653333333283,0.76
17727,simple_q084_a008,False,0.7663551401869159,0.09066666666666667,0.35514018691588783,0.19817997977755308,0.8018200202224469,0.6448598130841121,0.6755386666666632,0.03718000000000375,0.6383586666666594,0.84
17727,simple_q090_a008,False,0.8777777777777778,0.06266666666666666,0.3,0.16898608349900596,0.831013916500994,0.7,0.7452355555555525,0.05631999999999951,0.6889155555555531,0.9
17727,simple_q090_a016,False,0.8111111111111111,0.05466666666666667,0.4,0.12401574803149606,0.8759842519685039,0.6,0.7052577777777743,0.05631999999999951,0.6489377777777748,0.9
17727,tdc_evidence_validated,True,0.9024390243902439,0.06266666666666666,0.25609756097560976,0.17098943323727187,0.8290105667627281,0.7439024390243902,0.739705777777774,0.014983801284511458,0.7247219764932625,0.9107694586311158
17728,simple_q076_a008,False,0.7752808988764045,0.116,0.38202247191011235,0.26915708812260536,0.7308429118773947,0.6179775280898876,0.6715182222222177,0.01782000000000037,0.6536982222222173,0.76
17728,simple_q084_a008,False,0.7283950617283951,0.08266666666666667,0.43209876543209874,0.17268292682926828,0.8273170731707318,0.5679012345679013,0.694071999999996,0.03718000000000375,0.6568919999999923,0.84
17728,simple_q090_a008,False,0.8160919540229885,0.072,0.3448275862068966,0.16153846153846155,0.8384615384615385,0.6551724137931034,0.7241573333333303,0.05631999999999951,0.6678373333333308,0.9
17728,simple_q090_a016,False,0.821917808219178,0.08266666666666667,0.273972602739726,0.11386138613861387,0.8861386138613861,0.726027397260274,0.7583084444444418,0.05631999999999951,0.7019884444444423,0.9
17728,tdc_evidence_validated,True,0.86,0.07066666666666667,0.29,0.1718146718146718,0.8281853281853282,0.71,0.6955973333333295,0.01438636790084027,0.6812109654324893,0.9086690238332731
17729,simple_q076_a008,False,0.7701149425287356,0.124,0.3448275862068966,0.2420135527589545,0.7579864472410455,0.6551724137931034,0.6744311111111069,0.01782000000000037,0.6566111111111065,0.76
17729,simple_q084_a008,False,0.7075471698113207,0.10533333333333333,0.4339622641509434,0.17641418983700863,0.8235858101629914,0.5660377358490566,0.661935111111107,0.03718000000000375,0.6247551111111033,0.84
17729,simple_q090_a008,False,0.7763157894736842,0.06,0.3815789473684211,0.13712047012732614,0.8628795298726739,0.618421052631579,0.7281768888888858,0.05631999999999951,0.6718568888888863,0.9
17729,simple_q090_a016,False,0.8085106382978723,0.048,0.3191489361702128,0.10298363811357074,0.8970163618864293,0.6808510638297872,0.7360657777777752,0.05631999999999951,0.6797457777777757,0.9
17729,tdc_evidence_validated,True,0.8876404494382022,0.04666666666666667,0.25842696629213485,0.17357762777242045,0.8264223722275795,0.7415730337078652,0.7013857777777741,0.014509938402868424,0.6868758393749057,0.9106560231491012
17730,simple_q076_a008,False,0.6282051282051282,0.14266666666666666,0.4358974358974359,0.240234375,0.759765625,0.5641025641025641,0.6627884444444397,0.01782000000000037,0.6449684444444393,0.76
17730,simple_q084_a008,False,0.8369565217391305,0.08133333333333333,0.33695652173913043,0.19155206286836934,0.8084479371316307,0.6630434782608696,0.6951671111111075,0.03718000000000375,0.6579871111111038,0.84
17730,simple_q090_a008,False,0.826530612244898,0.06533333333333333,0.30612244897959184,0.1378640776699029,0.8621359223300971,0.6938775510204082,0.7469182222222188,0.05631999999999951,0.6905982222222193,0.9
17730,simple_q090_a016,False,0.8255813953488372,0.08533333333333333,0.3488372093023256,0.11324376199616124,0.8867562380038387,0.6511627906976745,0.7142337777777746,0.05631999999999951,0.6579137777777752,0.9
17730,tdc_evidence_validated,True,0.875,0.05733333333333333,0.3068181818181818,0.18102613746369797,0.818973862536302,0.6931818181818181,0.694874666666663,0.015541189234586182,0.6793334774320768,0.9089741922634547
17731,simple_q076_a008,False,0.7710843373493976,0.12533333333333332,0.37349397590361444,0.23414634146341465,0.7658536585365854,0.6265060240963856,0.664474666666662,0.01782000000000037,0.6466546666666616,0.76
17731,simple_q084_a008,False,0.8131868131868132,0.092,0.3956043956043956,0.17084942084942084,0.8291505791505791,0.6043956043956045,0.7031164444444409,0.03718000000000375,0.6659364444444371,0.84
17731,simple_q090_a008,False,0.8170731707317073,0.06,0.3780487804878049,0.14932562620423892,0.850674373795761,0.6219512195121951,0.7377946666666635,0.05631999999999951,0.681474666666664,0.9
17731,simple_q090_a016,False,0.8809523809523809,0.05733333333333333,0.23809523809523808,0.10398445092322643,0.8960155490767736,0.7619047619047619,0.7367884444444414,0.05631999999999951,0.6804684444444419,0.9
17731,tdc_evidence_validated,True,0.8505747126436781,0.058666666666666666,0.2413793103448276,0.17224409448818898,0.827755905511811,0.7586206896551724,0.7055511111111082,0.01449690075445956,0.6910542103566487,0.9099837089916258
17732,simple_q076_a008,False,0.75,0.12266666666666666,0.4166666666666667,0.25513196480938416,0.7448680351906158,0.5833333333333333,0.6291884444444394,0.01782000000000037,0.611368444444439,0.76
17732,simple_q084_a008,False,0.7894736842105263,0.08133333333333333,0.3473684210526316,0.18181818181818182,0.8181818181818181,0.6526315789473685,0.6832275555555516,0.03718000000000375,0.6460475555555478,0.84
17732,simple_q090_a008,False,0.8536585365853658,0.072,0.2682926829268293,0.1504424778761062,0.8495575221238938,0.7317073170731707,0.7594177777777752,0.05631999999999951,0.7030977777777757,0.9
17732,simple_q090_a016,False,0.8611111111111112,0.04666666666666667,0.2962962962962963,0.11467444120505345,0.8853255587949466,0.7037037037037037,0.7012604444444411,0.05631999999999951,0.6449404444444417,0.9
17732,tdc_evidence_validated,True,0.8809523809523809,0.07066666666666667,0.36904761904761907,0.18208373904576436,0.8179162609542356,0.6309523809523809,0.6656586666666628,0.014245150404417123,0.6514135162622458,0.9056463918414437
17733,simple_q076_a008,False,0.8125,0.15466666666666667,0.4,0.26031434184675833,0.7396856581532416,0.6,0.6568586666666617,0.01782000000000037,0.6390386666666613,0.76
17733,simple_q084_a008,False,0.7857142857142857,0.09466666666666666,0.34285714285714286,0.16990291262135923,0.8300970873786407,0.6571428571428571,0.7074782222222192,0.03718000000000375,0.6702982222222155,0.84
17733,simple_q090_a008,False,0.872093023255814,0.06,0.29069767441860467,0.15245737211634905,0.847542627883651,0.7093023255813953,0.7010257777777741,0.05631999999999951,0.6447057777777746,0.9
17733,simple_q090_a016,False,0.9090909090909091,0.07333333333333333,0.22727272727272727,0.13263358778625955,0.8673664122137404,0.7727272727272727,0.752623111111109,0.05631999999999951,0.6963031111111095,0.9
17733,tdc_evidence_validated,True,0.8252427184466019,0.06533333333333333,0.32038834951456313,0.17412935323383086,0.8258706467661692,0.6796116504854368,0.7173999999999965,0.014837694963336222,0.7025623050366603,0.9081798786199534
17734,simple_q076_a008,False,0.7625,0.13333333333333333,0.4625,0.23209169054441262,0.7679083094555874,0.5375,0.6578106666666622,0.01782000000000037,0.6399906666666618,0.76
17734,simple_q084_a008,False,0.8020833333333334,0.09066666666666667,0.34375,0.19020172910662825,0.8097982708933718,0.65625,0.6933537777777738,0.03718000000000375,0.6561737777777701,0.84
17734,simple_q090_a008,False,0.8113207547169812,0.050666666666666665,0.33962264150943394,0.13550939663699307,0.8644906033630069,0.6603773584905661,0.7134897777777747,0.05631999999999951,0.6571697777777752,0.9
17734,simple_q090_a016,False,0.8641975308641975,0.06133333333333333,0.24691358024691357,0.11764705882352941,0.8823529411764706,0.7530864197530864,0.7214186666666639,0.05631999999999951,0.6650986666666644,0.9
17734,tdc_evidence_validated,True,0.8552631578947368,0.06,0.3026315789473684,0.18181818181818182,0.8181818181818181,0.6973684210526316,0.700625777777774,0.01317274052341872,0.6874530372543552,0.9086304421116597
17735,simple_q076_a008,False,0.7411764705882353,0.11333333333333333,0.4,0.26140684410646386,0.7385931558935361,0.6,0.6426711111111068,0.01782000000000037,0.6248511111111064,0.76
17735,simple_q084_a008,False,0.75,0.08133333333333333,0.391304347826087,0.16730038022813687,0.8326996197718631,0.6086956521739131,0.6801537777777736,0.03718000000000375,0.6429737777777699,0.84
17735,simple_q090_a008,False,0.8555555555555555,0.06266666666666666,0.3333333333333333,0.16401590457256462,0.8359840954274353,0.6666666666666667,0.7414879999999971,0.05631999999999951,0.6851679999999977,0.9
17735,simple_q090_a016,False,0.826530612244898,0.08,0.29591836734693877,0.11133400200601805,0.8886659979939819,0.7040816326530612,0.6947102222222188,0.05631999999999951,0.6383902222222193,0.9
17735,tdc_evidence_validated,True,0.8645833333333334,0.052,0.2916666666666667,0.2034715525554484,0.7965284474445515,0.7083333333333333,0.7350026666666636,0.01359644823174442,0.7214062184349191,0.9108544368232907
17736,simple_q076_a008,False,0.7236842105263158,0.13333333333333333,0.42105263157894735,0.25390625,0.74609375,0.5789473684210527,0.6334826666666624,0.01782000000000037,0.615662666666662,0.76
17736,simple_q084_a008,False,0.7835051546391752,0.10666666666666667,0.32989690721649484,0.19727891156462585,0.8027210884353742,0.6701030927835052,0.6801946666666626,0.03718000000000375,0.6430146666666589,0.84
17736,simple_q090_a008,False,0.8817204301075269,0.064,0.24731182795698925,0.14634146341463414,0.8536585365853658,0.7526881720430108,0.7323875555555528,0.05631999999999951,0.6760675555555533,0.9
17736,simple_q090_a016,False,0.8617021276595744,0.06533333333333333,0.23404255319148937,0.11175337186897881,0.8882466281310212,0.7659574468085106,0.7558391111111086,0.05631999999999951,0.6995191111111091,0.9
17736,tdc_evidence_validated,True,0.7901234567901234,0.052,0.35802469135802467,0.17688442211055277,0.8231155778894472,0.6419753086419753,0.6909208888888845,0.012703367074001508,0.6782175218148829,0.9062634126040663
17737,simple_q076_a008,False,0.725,0.132,0.425,0.23106796116504855,0.7689320388349514,0.575,0.6285484444444408,0.01782000000000037,0.6107284444444404,0.76
17737,simple_q084_a008,False,0.8588235294117647,0.08266666666666667,0.29411764705882354,0.18081918081918083,0.8191808191808192,0.7058823529411764,0.676088888888885,0.03718000000000375,0.6389088888888812,0.84
17737,simple_q090_a008,False,0.8271604938271605,0.06266666666666666,0.32098765432098764,0.13142292490118576,0.8685770750988142,0.6790123456790124,0.733719999999997,0.05631999999999951,0.6773999999999976,0.9
17737,simple_q090_a016,False,0.7407407407407407,0.06933333333333333,0.3333333333333333,0.1065891472868217,0.8934108527131783,0.6666666666666667,0.6969946666666638,0.05631999999999951,0.6406746666666643,0.9
17737,tdc_evidence_validated,True,0.7951807228915663,0.06,0.43373493975903615,0.17888563049853373,0.8211143695014662,0.5662650602409638,0.6633768888888852,0.014094748130438789,0.6492821407584465,0.9064258741325669
17738,simple_q076_a008,False,0.7529411764705882,0.11866666666666667,0.4823529411764706,0.25172074729596855,0.7482792527040314,0.5176470588235293,0.6929039999999954,0.01782000000000037,0.675083999999995,0.76
17738,simple_q084_a008,False,0.7888888888888889,0.10133333333333333,0.34444444444444444,0.18606965174129353,0.8139303482587065,0.6555555555555556,0.6944168888888851,0.03718000000000375,0.6572368888888813,0.84
17738,simple_q090_a008,False,0.8160919540229885,0.06933333333333333,0.27586206896551724,0.1220703125,0.8779296875,0.7241379310344828,0.7305955555555524,0.05631999999999951,0.674275555555553,0.9
17738,simple_q090_a016,False,0.8598130841121495,0.05333333333333334,0.2803738317757009,0.1095890410958904,0.8904109589041096,0.719626168224299,0.6969768888888859,0.05631999999999951,0.6406568888888864,0.9
17738,tdc_evidence_validated,True,0.85,0.06266666666666666,0.2875,0.15984405458089668,0.8401559454191033,0.7125,0.7299679999999965,0.015069646620758832,0.7148983533792377,0.9088520855533674
17739,simple_q076_a008,False,0.7926829268292683,0.152,0.2926829268292683,0.2560620756547042,0.7439379243452958,0.7073170731707317,0.6661315555555511,0.01782000000000037,0.6483115555555508,0.76
17739,simple_q084_a008,False,0.8514851485148515,0.08666666666666667,0.24752475247524752,0.188,0.812,0.7524752475247525,0.7391155555555524,0.03718000000000375,0.7019355555555487,0.84
17739,simple_q090_a008,False,0.8,0.05466666666666667,0.34,0.12878048780487805,0.871219512195122,0.6599999999999999,0.7089555555555522,0.05631999999999951,0.6526355555555527,0.9
17739,simple_q090_a016,False,0.8125,0.05733333333333333,0.3020833333333333,0.13870029097963144,0.8612997090203686,0.6979166666666667,0.720759999999997,0.05631999999999951,0.6644399999999975,0.9
17739,tdc_evidence_validated,True,0.8117647058823529,0.052,0.29411764705882354,0.1600387972841901,0.8399612027158099,0.7058823529411764,0.6996213333333295,0.014702210506009077,0.6849191228273205,0.90797663668182
17740,simple_q076_a008,False,0.7333333333333333,0.12,0.3619047619047619,0.24019607843137256,0.7598039215686274,0.638095238095238,0.6293235555555509,0.01782000000000037,0.6115035555555505,0.76
17740,simple_q084_a008,False,0.8602150537634409,0.09866666666666667,0.2903225806451613,0.18418514946962392,0.8158148505303761,0.7096774193548387,0.7155919999999961,0.03718000000000375,0.6784119999999924,0.84
17740,simple_q090_a008,False,0.8289473684210527,0.068,0.34210526315789475,0.13706563706563707,0.8629343629343629,0.6578947368421053,0.7604124444444418,0.05631999999999951,0.7040924444444423,0.9
17740,simple_q090_a016,False,0.8375,0.07066666666666667,0.3375,0.12011439466158245,0.8798856053384175,0.6625,0.7214888888888856,0.05631999999999951,0.6651688888888861,0.9
17740,tdc_evidence_validated,True,0.8155339805825242,0.056,0.3883495145631068,0.16221562809099901,0.837784371909001,0.6116504854368932,0.687355555555552,0.014686421929403733,0.6726691336261482,0.9082899502604649
17741,simple_q076_a008,False,0.7264150943396226,0.104,0.41509433962264153,0.2445759368836292,0.7554240631163708,0.5849056603773585,0.6568773333333284,0.01782000000000037,0.639057333333328,0.76
17741,simple_q084_a008,False,0.8217821782178217,0.09733333333333333,0.3069306930693069,0.17943743937924345,0.8205625606207565,0.693069306930693,0.676590222222218,0.03718000000000375,0.6394102222222142,0.84
17741,simple_q090_a008,False,0.8795180722891566,0.068,0.2289156626506024,0.11304347826086956,0.8869565217391304,0.7710843373493976,0.7327386666666634,0.05631999999999951,0.676418666666664,0.9
17741,simple_q090_a016,False,0.7837837837837838,0.05733333333333333,0.40540540540540543,0.10127826941986234,0.8987217305801376,0.5945945945945945,0.7359208888888864,0.05631999999999951,0.6796008888888869,0.9
17741,tdc_evidence_validated,True,0.86,0.064,0.23,0.17391304347826086,0.8260869565217391,0.77,0.678154666666663,0.014525184395100928,0.663629482271562,0.9105542657739317
17742,simple_q076_a008,False,0.7435897435897436,0.144,0.3717948717948718,0.22882181110029212,0.7711781888997079,0.6282051282051282,0.6563253333333284,0.01782000000000037,0.638505333333328,0.76
17742,simple_q084_a008,False,0.8235294117647058,0.08933333333333333,0.32941176470588235,0.1786407766990291,0.8213592233009709,0.6705882352941177,0.6937466666666624,0.03718000000000375,0.6565666666666586,0.84
17742,simple_q090_a008,False,0.8372093023255814,0.052,0.3488372093023256,0.1320574162679426,0.8679425837320573,0.6511627906976745,0.7109022222222189,0.05631999999999951,0.6545822222222194,0.9
17742,simple_q090_a016,False,0.881578947368421,0.06266666666666666,0.35526315789473684,0.09845559845559845,0.9015444015444015,0.6447368421052632,0.7272959999999972,0.05631999999999951,0.6709759999999977,0.9
17742,tdc_evidence_validated,True,0.8426966292134831,0.06666666666666667,0.3595505617977528,0.1898238747553816,0.8101761252446185,0.6404494382022472,0.6777759999999962,0.012946429551130907,0.6648295704488653,0.9056376406109193
17743,simple_q076_a008,False,0.6867469879518072,0.144,0.40963855421686746,0.24411764705882352,0.7558823529411764,0.5903614457831325,0.6709804444444395,0.01782000000000037,0.6531604444444391,0.76
17743,simple_q084_a008,False,0.8,0.09866666666666667,0.38823529411764707,0.17687747035573123,0.8231225296442688,0.611764705882353,0.7117733333333296,0.03718000000000375,0.6745933333333258,0.84
17743,simple_q090_a008,False,0.7745098039215687,0.04533333333333334,0.35294117647058826,0.12413793103448276,0.8758620689655172,0.6470588235294117,0.740015999999997,0.05631999999999951,0.6836959999999975,0.9
17743,simple_q090_a016,False,0.8297872340425532,0.068,0.30851063829787234,0.11012782694198624,0.8898721730580138,0.6914893617021276,0.7081697777777748,0.05631999999999951,0.6518497777777753,0.9
17743,tdc_evidence_validated,True,0.8823529411764706,0.050666666666666665,0.21176470588235294,0.1548076923076923,0.8451923076923077,0.788235294117647,0.7394746666666633,0.01450326451195296,0.7249714021547103,0.9115401675019985
17744,simple_q076_a008,False,0.7325581395348837,0.116,0.3953488372093023,0.23151750972762647,0.7684824902723735,0.6046511627906976,0.6626648888888841,0.01782000000000037,0.6448448888888837,0.76
17744,simple_q084_a008,False,0.7738095238095238,0.09866666666666667,0.36904761904761907,0.17714285714285713,0.8228571428571428,0.6309523809523809,0.6788284444444406,0.03718000000000375,0.6416484444444368,0.84
17744,simple_q090_a008,False,0.8555555555555555,0.06,0.2777777777777778,0.15553339980059822,0.8444666001994018,0.7222222222222222,0.740351111111108,0.05631999999999951,0.6840311111111085,0.9
17744,simple_q090_a016,False,0.75,0.07333333333333333,0.3611111111111111,0.11012782694198624,0.8898721730580138,0.6388888888888888,0.7371084444444413,0.05631999999999951,0.6807884444444419,0.9
17744,tdc_evidence_validated,True,0.7901234567901234,0.064,0.38271604938271603,0.149706457925636,0.850293542074364,0.617283950617284,0.6653662222222189,0.014883192531585826,0.650483029690633,0.9077344981177755
17745,simple_q076_a008,False,0.7448979591836735,0.10533333333333333,0.35714285714285715,0.2579710144927536,0.7420289855072464,0.6428571428571428,0.665689777777773,0.01782000000000037,0.6478697777777727,0.76
17745,simple_q084_a008,False,0.7468354430379747,0.08933333333333333,0.3924050632911392,0.17857142857142858,0.8214285714285714,0.6075949367088608,0.7147626666666634,0.03718000000000375,0.6775826666666597,0.84
17745,simple_q090_a008,False,0.8717948717948718,0.06133333333333333,0.24358974358974358,0.16536964980544747,0.8346303501945526,0.7564102564102564,0.7063173333333302,0.05631999999999951,0.6499973333333308,0.9
17745,simple_q090_a016,False,0.8395061728395061,0.064,0.35802469135802467,0.09807692307692308,0.9019230769230769,0.6419753086419753,0.7211697777777748,0.05631999999999951,0.6648497777777753,0.9
17745,tdc_evidence_validated,True,0.8316831683168316,0.068,0.3564356435643564,0.20710059171597633,0.7928994082840237,0.6435643564356436,0.655980444444441,0.012622899472799902,0.6433575449716411,0.9051336885435323
17746,simple_q076_a008,False,0.7419354838709677,0.13066666666666665,0.40860215053763443,0.2423343224530168,0.7576656775469832,0.5913978494623655,0.6573324444444394,0.01782000000000037,0.639512444444439,0.76
17746,simple_q084_a008,False,0.8080808080808081,0.08,0.32323232323232326,0.19306930693069307,0.806930693069307,0.6767676767676767,0.7102337777777741,0.03718000000000375,0.6730537777777703,0.84
17746,simple_q090_a008,False,0.75,0.076,0.39285714285714285,0.13256484149855907,0.8674351585014409,0.6071428571428572,0.7438693333333307,0.05631999999999951,0.6875493333333312,0.9
17746,simple_q090_a016,False,0.7789473684210526,0.06133333333333333,0.3368421052631579,0.10968379446640317,0.8903162055335968,0.6631578947368422,0.7169075555555529,0.05631999999999951,0.6605875555555534,0.9
17746,tdc_evidence_validated,True,0.7884615384615384,0.04933333333333333,0.38461538461538464,0.18385214007782102,0.816147859922179,0.6153846153846154,0.6717386666666629,0.014186813460899691,0.6575518532057633,0.906160422461867
17747,simple_q076_a008,False,0.7738095238095238,0.12666666666666668,0.36904761904761907,0.2274024738344434,0.7725975261655567,0.6309523809523809,0.6599644444444402,0.01782000000000037,0.6421444444444399,0.76
17747,simple_q084_a008,False,0.7831325301204819,0.10266666666666667,0.3373493975903614,0.1907514450867052,0.8092485549132948,0.6626506024096386,0.6871111111111069,0.03718000000000375,0.6499311111111031,0.84
17747,simple_q090_a008,False,0.8588235294117647,0.052,0.23529411764705882,0.12897196261682242,0.8710280373831776,0.7647058823529411,0.7498142222222194,0.05631999999999951,0.6934942222222199,0.9
17747,simple_q090_a016,False,0.8356164383561644,0.06,0.4383561643835616,0.10273972602739725,0.8972602739726028,0.5616438356164384,0.7169822222222193,0.05631999999999951,0.6606622222222198,0.9
17747,tdc_evidence_validated,True,0.8020833333333334,0.07733333333333334,0.3229166666666667,0.17670682730923695,0.8232931726907631,0.6770833333333333,0.6750195555555517,0.013759692401923035,0.6612598631536287,0.9072025348199058
17748,simple_q076_a008,False,0.7731958762886598,0.11333333333333333,0.31958762886597936,0.22810590631364563,0.7718940936863543,0.6804123711340206,0.6735128888888844,0.01782000000000037,0.655692888888884,0.76
17748,simple_q084_a008,False,0.7666666666666667,0.10666666666666667,0.34444444444444444,0.17365853658536584,0.8263414634146342,0.6555555555555556,0.7167999999999962,0.03718000000000375,0.6796199999999925,0.84
17748,simple_q090_a008,False,0.7790697674418605,0.06266666666666666,0.43023255813953487,0.13391984359726294,0.8660801564027371,0.5697674418604651,0.6812159999999966,0.05631999999999951,0.6248959999999971,0.9
17748,simple_q090_a016,False,0.8051948051948052,0.056,0.4025974025974026,0.11904761904761904,0.8809523809523809,0.5974025974025974,0.7186319999999968,0.05631999999999951,0.6623119999999973,0.9
17748,tdc_evidence_validated,True,0.7530864197530864,0.05333333333333334,0.41975308641975306,0.14933837429111532,0.8506616257088847,0.5802469135802469,0.6951528888888854,0.014889217461608572,0.6802636714272768,0.9071266155642752
17749,simple_q076_a008,False,0.8351648351648352,0.124,0.2967032967032967,0.24451097804391217,0.7554890219560878,0.7032967032967032,0.6539617777777734,0.01782000000000037,0.636141777777773,0.76
17749,simple_q084_a008,False,0.75,0.09333333333333334,0.4117647058823529,0.1774033696729435,0.8225966303270564,0.5882352941176471,0.6868746666666624,0.03718000000000375,0.6496946666666586,0.84
17749,simple_q090_a008,False,0.85,0.072,0.3,0.14781746031746032,0.8521825396825397,0.7,0.7336791111111078,0.05631999999999951,0.6773591111111084,0.9
17749,simple_q090_a016,False,0.8780487804878049,0.05466666666666667,0.23170731707317074,0.12884615384615383,0.8711538461538462,0.7682926829268293,0.7596915555555532,0.05631999999999951,0.7033715555555538,0.9
17749,tdc_evidence_validated,True,0.8105263157894737,0.04933333333333333,0.3368421052631579,0.18960538979788258,0.8103946102021174,0.6631578947368422,0.6933599999999968,0.014690516269619388,0.6786694837303774,0.9098410415527637
17750,simple_q076_a008,False,0.7555555555555555,0.12266666666666666,0.4777777777777778,0.24603174603174602,0.753968253968254,0.5222222222222221,0.601341333333329,0.01782000000000037,0.5835213333333286,0.76
17750,simple_q084_a008,False,0.84,0.096,0.27,0.18514851485148515,0.8148514851485149,0.73,0.7256817777777743,0.03718000000000375,0.6885017777777706,0.84
17750,simple_q090_a008,False,0.7710843373493976,0.04933333333333333,0.42168674698795183,0.13352826510721247,0.8664717348927875,0.5783132530120482,0.7256106666666636,0.05631999999999951,0.6692906666666641,0.9
17750,simple_q090_a016,False,0.7843137254901961,0.072,0.3235294117647059,0.11625615763546798,0.8837438423645321,0.6764705882352942,0.7011546666666634,0.05631999999999951,0.6448346666666639,0.9
17750,tdc_evidence_validated,True,0.8888888888888888,0.068,0.21212121212121213,0.16716716716716717,0.8328328328328328,0.7878787878787878,0.7288471111111072,0.014259886107822334,0.7145872250032849,0.9094736079887236
17751,simple_q076_a008,False,0.813953488372093,0.128,0.29069767441860467,0.21579961464354527,0.7842003853564548,0.7093023255813953,0.6946631111111069,0.01782000000000037,0.6768431111111065,0.76
17751,simple_q084_a008,False,0.8279569892473119,0.09066666666666667,0.34408602150537637,0.18842001962708538,0.8115799803729147,0.6559139784946236,0.7008133333333295,0.03718000000000375,0.6636333333333257,0.84
17751,simple_q090_a008,False,0.8636363636363636,0.06533333333333333,0.2159090909090909,0.15346534653465346,0.8465346534653465,0.7840909090909091,0.7492746666666639,0.05631999999999951,0.6929546666666644,0.9
17751,simple_q090_a016,False,0.8222222222222222,0.076,0.35555555555555557,0.09615384615384616,0.9038461538461539,0.6444444444444444,0.7051786666666634,0.05631999999999951,0.6488586666666639,0.9
17751,tdc_evidence_validated,True,0.8490566037735849,0.04533333333333334,0.3113207547169811,0.18269230769230768,0.8173076923076923,0.6886792452830188,0.6560453333333299,0.014114002826325722,0.6419313305070042,0.9082410718205678
17752,simple_q076_a008,False,0.7727272727272727,0.14266666666666666,0.38636363636363635,0.23880597014925373,0.7611940298507462,0.6136363636363636,0.6242124444444402,0.01782000000000037,0.6063924444444398,0.76
17752,simple_q084_a008,False,0.8289473684210527,0.09733333333333333,0.25,0.15555555555555556,0.8444444444444444,0.75,0.736119999999996,0.03718000000000375,0.6989399999999922,0.84
17752,simple_q090_a008,False,0.8555555555555555,0.056,0.28888888888888886,0.1227364185110664,0.8772635814889336,0.7111111111111111,0.7211279999999967,0.05631999999999951,0.6648079999999972,0.9
17752,simple_q090_a016,False,0.8266666666666667,0.076,0.3333333333333333,0.1143141153081511,0.885685884691849,0.6666666666666667,0.7411004444444413,0.05631999999999951,0.6847804444444419,0.9
17752,tdc_evidence_validated,True,0.8888888888888888,0.068,0.24444444444444444,0.17042115572967678,0.8295788442703232,0.7555555555555555,0.7010799999999964,0.014527625699831667,0.6865523743001647,0.910377366182451
17753,simple_q076_a008,False,0.7763157894736842,0.128,0.35526315789473684,0.2372047244094488,0.7627952755905512,0.6447368421052632,0.6592257777777738,0.01782000000000037,0.6414057777777734,0.76
17753,simple_q084_a008,False,0.7835051546391752,0.09466666666666666,0.3402061855670103,0.1743388834476004,0.8256611165523996,0.6597938144329897,0.7032106666666625,0.03718000000000375,0.6660306666666588,0.84
17753,simple_q090_a008,False,0.8,0.052,0.3473684210526316,0.13570741097208855,0.8642925890279114,0.6526315789473685,0.7219857777777748,0.05631999999999951,0.6656657777777754,0.9
17753,simple_q090_a016,False,0.8372093023255814,0.04933333333333333,0.26744186046511625,0.1002921129503408,0.8997078870496592,0.7325581395348837,0.7133671111111085,0.05631999999999951,0.657047111111109,0.9
17753,tdc_evidence_validated,True,0.8928571428571429,0.07066666666666667,0.2976190476190476,0.20614469772051536,0.7938553022794846,0.7023809523809523,0.6568328888888854,0.012471025313096455,0.644361863575789,0.9050682974841625
17754,simple_q076_a008,False,0.6,0.14666666666666667,0.525,0.2296890672016048,0.7703109327983952,0.475,0.6643039999999948,0.01782000000000037,0.6464839999999944,0.76
17754,simple_q084_a008,False,0.7912087912087912,0.10133333333333333,0.2857142857142857,0.19345238095238096,0.8065476190476191,0.7142857142857143,0.6913333333333294,0.03718000000000375,0.6541533333333256,0.84
17754,simple_q090_a008,False,0.8271604938271605,0.06666666666666667,0.2962962962962963,0.13465346534653466,0.8653465346534653,0.7037037037037037,0.7266035555555524,0.05631999999999951,0.670283555555553,0.9
17754,simple_q090_a016,False,0.8461538461538461,0.08,0.34615384615384615,0.10422812192723697,0.895771878072763,0.6538461538461539,0.7448266666666635,0.05631999999999951,0.688506666666664,0.9
17754,tdc_evidence_validated,True,0.89,0.056,0.23,0.20502901353965183,0.7949709864603481,0.77,0.6852728888888852,0.014137268205874081,0.671135620683011,0.9102221198490857
17755,simple_q076_a008,False,0.7272727272727273,0.14266666666666666,0.3977272727272727,0.22736220472440946,0.7726377952755905,0.6022727272727273,0.6330968888888845,0.01782000000000037,0.6152768888888841,0.76
17755,simple_q084_a008,False,0.8181818181818182,0.10666666666666667,0.42857142857142855,0.18146341463414634,0.8185365853658537,0.5714285714285714,0.659969777777774,0.03718000000000375,0.6227897777777702,0.84
17755,simple_q090_a008,False,0.8666666666666667,0.068,0.2777777777777778,0.15,0.85,0.7222222222222222,0.7361404444444415,0.05631999999999951,0.679820444444442,0.9
17755,simple_q090_a016,False,0.8674698795180723,0.04666666666666667,0.3614457831325301,0.10829268292682927,0.8917073170731707,0.6385542168674698,0.7386399999999972,0.05631999999999951,0.6823199999999977,0.9
17755,tdc_evidence_validated,True,0.82,0.044,0.4,0.16229348882410108,0.8377065111758989,0.6,0.6732275555555516,0.014569519031215894,0.6586580365243357,0.9070870090807059
17756,simple_q076_a008,False,0.7176470588235294,0.13333333333333333,0.4470588235294118,0.24524524524524524,0.7547547547547547,0.5529411764705883,0.6377679999999952,0.01782000000000037,0.6199479999999948,0.76
17756,simple_q084_a008,False,0.810126582278481,0.096,0.34177215189873417,0.1813773035887488,0.8186226964112512,0.6582278481012658,0.6996951111111074,0.03718000000000375,0.6625151111111036,0.84
17756,simple_q090_a008,False,0.7857142857142857,0.05733333333333333,0.3333333333333333,0.15459882583170254,0.8454011741682974,0.6666666666666667,0.7454124444444417,0.05631999999999951,0.6890924444444422,0.9
17756,simple_q090_a016,False,0.8717948717948718,0.05733333333333333,0.28205128205128205,0.1036889332003988,0.8963110667996012,0.717948717948718,0.7404897777777749,0.05631999999999951,0.6841697777777754,0.9
17756,tdc_evidence_validated,True,0.8314606741573034,0.04666666666666667,0.4157303370786517,0.15707317073170732,0.8429268292682927,0.5842696629213483,0.6837031111111078,0.014917986717796358,0.6687851243933115,0.9066679270378526
17757,simple_q076_a008,False,0.7047619047619048,0.13066666666666665,0.42857142857142855,0.22793404461687683,0.7720659553831232,0.5714285714285714,0.6766035555555517,0.01782000000000037,0.6587835555555513,0.76
17757,simple_q084_a008,False,0.8131868131868132,0.08666666666666667,0.37362637362637363,0.1608187134502924,0.8391812865497076,0.6263736263736264,0.6904942222222186,0.03718000000000375,0.6533142222222148,0.84
17757,simple_q090_a008,False,0.78125,0.052,0.28125,0.14854368932038836,0.8514563106796116,0.71875,0.7355759999999965,0.05631999999999951,0.679255999999997,0.9
17757,simple_q090_a016,False,0.77,0.06933333333333333,0.41,0.1222879684418146,0.8777120315581854,0.5900000000000001,0.6998524444444416,0.05631999999999951,0.6435324444444421,0.9
17757,tdc_evidence_validated,True,0.8602150537634409,0.06533333333333333,0.34408602150537637,0.17652764306498545,0.8234723569350145,0.6559139784946236,0.7094071111111074,0.014336623767967148,0.6950704873431403,0.9090158267558488
17758,simple_q076_a008,False,0.6666666666666666,0.132,0.3950617283950617,0.23008849557522124,0.7699115044247787,0.6049382716049383,0.691661333333329,0.01782000000000037,0.6738413333333286,0.76
17758,simple_q084_a008,False,0.8541666666666666,0.08133333333333333,0.2708333333333333,0.18543689320388348,0.8145631067961165,0.7291666666666667,0.7305155555555525,0.03718000000000375,0.6933355555555487,0.84
17758,simple_q090_a008,False,0.7582417582417582,0.08533333333333333,0.42857142857142855,0.12730806608357628,0.8726919339164237,0.5714285714285714,0.705142222222219,0.05631999999999951,0.6488222222222195,0.9
17758,simple_q090_a016,False,0.8421052631578947,0.056,0.35526315789473684,0.11078998073217726,0.8892100192678227,0.6447368421052632,0.7607599999999972,0.05631999999999951,0.7044399999999977,0.9
17758,tdc_evidence_validated,True,0.7884615384615384,0.044,0.375,0.15753424657534246,0.8424657534246576,0.625,0.6764124444444409,0.013967527045865714,0.6624449173985753,0.9077665161762274
17759,simple_q076_a008,False,0.7032967032967034,0.128,0.3626373626373626,0.2313060817547358,0.7686939182452642,0.6373626373626373,0.6674959999999958,0.01782000000000037,0.6496759999999954,0.76
17759,simple_q084_a008,False,0.8315789473684211,0.092,0.3684210526315789,0.1948176583493282,0.8051823416506718,0.631578947368421,0.7092008888888848,0.03718000000000375,0.672020888888881,0.84
17759,simple_q090_a008,False,0.8,0.06,0.3375,0.14480077745383868,0.8551992225461613,0.6625,0.754458666666664,0.05631999999999951,0.6981386666666645,0.9
17759,simple_q090_a016,False,0.875,0.056,0.25,0.13346418056918546,0.8665358194308146,0.75,0.7285742222222195,0.05631999999999951,0.67225422222222,0.9
17759,tdc_evidence_validated,True,0.8554216867469879,0.08133333333333333,0.2891566265060241,0.16235059760956175,0.8376494023904383,0.7108433734939759,0.693939555555552,0.01477633641092312,0.6791632191446288,0.9087260135047255
