quality,seed,irreversible_recall,reversible_recall,critical_precision,false_alarm_rate,probe_rate,irreversible_core_violation_rate,net_vigilance_value,long_term_trajectory_value
0.6,15400,0.6477832512315271,0.5962962962962963,0.3449292452830189,0.21365384615384617,0.08961538461538461,0.458128078817734,0.6140487901138357,0.6176934615384592
0.6,15401,0.6166666666666667,0.5142348754448398,0.3366093366093366,0.2076923076923077,0.0948076923076923,0.4642857142857143,0.5862309091745035,0.5845544230769202
0.6,15402,0.623342175066313,0.5586080586080586,0.3229665071770335,0.21769230769230768,0.10076923076923076,0.46153846153846156,0.5931963139099256,0.6185176923076887
0.6,15403,0.6461916461916462,0.5339449541284403,0.3307462686567164,0.21557692307692308,0.09903846153846153,0.44471744471744473,0.6022700683068888,0.6081298076923052
0.6,15404,0.67828418230563,0.5342205323193916,0.31504424778761064,0.22326923076923078,0.09846153846153846,0.4128686327077748,0.6166819851201844,0.6423211538461508
0.6,15405,0.6030534351145038,0.5522648083623694,0.33393610608800484,0.2125,0.10115384615384615,0.47837150127226463,0.5836720560164887,0.5951199999999971
0.6,15406,0.615979381443299,0.5497076023391813,0.3125374925014997,0.22038461538461537,0.10038461538461538,0.45618556701030927,0.587615999027889,0.6177715384615361
0.6,15407,0.6459948320413437,0.5529411764705883,0.3114754098360656,0.22615384615384615,0.09961538461538462,0.4289405684754522,0.6033297991603458,0.6315265384615347
0.6,15408,0.6596858638743456,0.5355191256830601,0.32326820603907636,0.21980769230769232,0.11,0.4293193717277487,0.6079095779438863,0.6279719230769182
0.6,15409,0.6547314578005116,0.5342205323193916,0.32271634615384615,0.21673076923076923,0.10076923076923076,0.4219948849104859,0.6072841689503669,0.6277315384615337
0.6,15410,0.6444444444444445,0.5439856373429084,0.3268173488087966,0.21192307692307694,0.1,0.42777777777777776,0.6049331564491225,0.6368619230769186
0.6,15411,0.6430446194225722,0.5240549828178694,0.3339404978749241,0.21096153846153845,0.09576923076923077,0.42782152230971127,0.6024983167413557,0.6129023076923034
0.6,15412,0.6171875,0.5380530973451327,0.3165593914569924,0.2246153846153846,0.09,0.4557291666666667,0.5870765219176617,0.6083026923076894
0.6,15413,0.6865671641791045,0.5699588477366255,0.33719512195121953,0.20903846153846153,0.1026923076923077,0.4079601990049751,0.630738333170273,0.6456711538461503
0.6,15414,0.6347607052896725,0.5602094240837696,0.33198146002317497,0.22173076923076923,0.10711538461538461,0.43828715365239296,0.6015159500400229,0.6192521153846114
0.6,15415,0.6683804627249358,0.527336860670194,0.3341303048416019,0.21423076923076922,0.09807692307692308,0.41131105398457585,0.6152069159436868,0.6229669230769193
0.6,15416,0.6440677966101694,0.5292153589315526,0.33777520278099654,0.21980769230769232,0.09865384615384615,0.4116222760290557,0.6051767872711724,0.6096944230769195
0.6,15417,0.6289473684210526,0.5676156583629893,0.33533653846153844,0.21269230769230768,0.10038461538461538,0.4473684210526316,0.6009469972409122,0.6237026923076894
0.6,15418,0.6682464454976303,0.5526315789473685,0.3317972350230415,0.2230769230769231,0.10826923076923077,0.4146919431279621,0.6169692933146079,0.618696346153843
0.6,15419,0.6443298969072165,0.5704099821746881,0.3442028985507246,0.20884615384615385,0.10019230769230769,0.42010309278350516,0.6127640346659079,0.6321136538461493
0.6,15420,0.6269035532994924,0.543859649122807,0.33901399878271454,0.20884615384615385,0.10384615384615385,0.4593908629441624,0.5955367079063318,0.6015957692307665
0.6,15421,0.7154471544715447,0.5418250950570342,0.3287425149700599,0.21557692307692308,0.0975,0.4092140921409214,0.6366903888183798,0.6455663461538425
0.6,15422,0.6078431372549019,0.5739299610894941,0.3177296664716208,0.22423076923076923,0.10634615384615384,0.47794117647058826,0.585448277397088,0.5987401923076897
0.6,15423,0.6045918367346939,0.5418894830659536,0.32551143200962696,0.21557692307692308,0.10192307692307692,0.49744897959183676,0.5788355347263744,0.5919388461538425
0.6,15424,0.6301020408163265,0.5403846153846154,0.31845597104945716,0.2173076923076923,0.1125,0.44387755102040816,0.5939421561981014,0.6206467307692258
0.6,15425,0.6147959183673469,0.543859649122807,0.322788517867604,0.22230769230769232,0.09942307692307692,0.4719387755102041,0.5855934151680211,0.5942263461538431
0.6,15426,0.6153846153846154,0.5594795539033457,0.320891029500301,0.2169230769230769,0.10730769230769231,0.47480106100795755,0.5877961146643917,0.6169223076923043
0.6,15427,0.6711956521739131,0.5606060606060606,0.34772182254196643,0.20923076923076922,0.09423076923076923,0.39945652173913043,0.6257684930802698,0.6423073076923038
0.6,15428,0.6358543417366946,0.5392156862745098,0.30369026013309136,0.22134615384615386,0.09519230769230769,0.4481792717086835,0.5942223033007702,0.6373621153846113
0.6,15429,0.6204379562043796,0.5685483870967742,0.32098027495517034,0.21846153846153846,0.10211538461538462,0.4744525547445255,0.5915815385426272,0.6074813461538433
0.6,15430,0.6430446194225722,0.5480943738656987,0.3154555940023068,0.22826923076923078,0.10846153846153846,0.46194225721784776,0.5971699368855581,0.605427692307689
0.6,15431,0.662269129287599,0.5907473309608541,0.33974358974358976,0.21788461538461537,0.10442307692307692,0.41160949868073876,0.6227897238230959,0.6464232692307647
0.6,15432,0.6842105263157895,0.5441696113074205,0.33759442184776295,0.21923076923076923,0.09961538461538462,0.40350877192982454,0.6253777252889268,0.6238761538461497
0.6,15433,0.6701298701298701,0.542649727767695,0.32364904125508426,0.22384615384615383,0.09846153846153846,0.4103896103896104,0.6160503067340275,0.6296742307692264
0.6,15434,0.6292428198433421,0.5496323529411765,0.32123735871505055,0.21942307692307692,0.09211538461538461,0.45430809399477806,0.5952101889762949,0.6137482692307662
0.6,15435,0.6423173803526449,0.5831739961759083,0.332541567695962,0.21615384615384614,0.10115384615384615,0.44584382871536526,0.6084510837832316,0.6277834615384573
0.6,15436,0.635,0.49250936329588013,0.3193329215565164,0.21192307692307694,0.09826923076923078,0.4275,0.5918196456067916,0.6108767307692274
0.6,15437,0.6511056511056511,0.5355805243445693,0.3279761904761905,0.21711538461538463,0.10230769230769231,0.4348894348894349,0.605037191839439,0.6201884615384582
0.6,15438,0.6580976863753213,0.5386100386100386,0.31788472964943554,0.22076923076923077,0.10115384615384615,0.4267352185089974,0.6077281165389286,0.629863076923073
0.6,15439,0.648989898989899,0.5724770642201835,0.3372851215174867,0.215,0.10615384615384615,0.42424242424242425,0.6126136831851134,0.6318042307692273
0.6,15440,0.6037234042553191,0.55,0.3339449541284404,0.20942307692307693,0.10634615384615384,0.4920212765957447,0.5819504932506495,0.59820865384615
0.6,15441,0.618798955613577,0.5306859205776173,0.3287925696594427,0.20846153846153845,0.10173076923076924,0.46475195822454307,0.5881160334154979,0.6061855769230721
0.6,15442,0.6357142857142857,0.5204460966542751,0.3368226600985222,0.20711538461538462,0.09538461538461539,0.4261904761904762,0.5998490753510046,0.6137430769230725
0.6,15443,0.6047058823529412,0.549165120593692,0.33781307269395233,0.20846153846153845,0.09884615384615385,0.47058823529411764,0.5858892087481621,0.5941984615384587
0.6,15444,0.6455696202531646,0.5934489402697495,0.3319575471698113,0.21788461538461537,0.10423076923076922,0.43544303797468353,0.6122696553039929,0.6340203846153808
0.6,15445,0.6350974930362117,0.531578947368421,0.3247706422018349,0.2123076923076923,0.10096153846153846,0.4401114206128134,0.597159636550414,0.622458653846149
0.6,15446,0.6658031088082902,0.5490196078431373,0.32098027495517034,0.21846153846153846,0.0998076923076923,0.40932642487046633,0.6154638950790364,0.6400774999999967
0.6,15447,0.6567567567567567,0.5904059040590406,0.33274231678487,0.21711538461538463,0.1,0.43513513513513513,0.6169589521594114,0.646521538461534
0.6,15448,0.6640211640211641,0.5639097744360902,0.3307322929171669,0.2144230769230769,0.10923076923076923,0.41798941798941797,0.6172620898021827,0.6411299999999952
0.6,15449,0.6322751322751323,0.5970695970695971,0.34683855125844076,0.20461538461538462,0.10461538461538461,0.46825396825396826,0.606715150533935,0.6232296153846117
0.6,15450,0.6219839142091153,0.5300751879699248,0.3079688436189335,0.2221153846153846,0.09346153846153846,0.46648793565683644,0.5853631291016159,0.6178238461538421
0.6,15451,0.6547945205479452,0.5583482944344704,0.32894736842105265,0.21576923076923077,0.10019230769230769,0.44931506849315067,0.6088957875609599,0.6290705769230731
0.6,15452,0.6227848101265823,0.5163147792706334,0.31790123456790126,0.2125,0.10115384615384615,0.4582278481012658,0.5863795852345894,0.6102249999999969
0.6,15453,0.6025974025974026,0.5794223826714802,0.33034647550776586,0.21557692307692308,0.09884615384615385,0.4805194805194805,0.5868961976886339,0.6099834615384592
0.6,15454,0.6301020408163265,0.5527638190954773,0.34263657957244653,0.2128846153846154,0.10019230769230769,0.44642857142857145,0.6001827607668474,0.6058459615384572
0.6,15455,0.6378378378378379,0.5551663747810858,0.3311377245508982,0.2148076923076923,0.09923076923076923,0.4486486486486487,0.6018053400715382,0.623292307692304
0.6,15456,0.640661938534279,0.5118110236220472,0.31420118343195264,0.22288461538461538,0.10057692307692308,0.4657210401891253,0.5907463418986261,0.5899740384615341
0.6,15457,0.6639784946236559,0.6093189964157706,0.3404872389791183,0.21865384615384614,0.10057692307692308,0.4166666666666667,0.6261302206255352,0.6479594230769196
0.6,15458,0.6544117647058824,0.5576208178438662,0.3345132743362832,0.2169230769230769,0.09634615384615385,0.44607843137254904,0.609901641750786,0.6136432692307661
0.6,15459,0.6727272727272727,0.5935251798561151,0.34424313267095263,0.21576923076923077,0.10019230769230769,0.412987012987013,0.6285566187994631,0.644427115384612
0.6,15460,0.6391509433962265,0.5470383275261324,0.3437132784958872,0.2148076923076923,0.10865384615384616,0.45754716981132076,0.6011837272426621,0.5823551923076884
0.6,15461,0.6270270270270271,0.5757009345794393,0.31671554252199413,0.22403846153846155,0.10230769230769231,0.4243243243243243,0.6003424502259143,0.6436596153846114
0.6,15462,0.648936170212766,0.5652173913043478,0.32629107981220656,0.22076923076923077,0.09961538461538462,0.43882978723404253,0.607955304649835,0.6296142307692267
0.6,15463,0.6776649746192893,0.5337078651685393,0.3287671232876712,0.21673076923076923,0.10288461538461538,0.39086294416243655,0.6212902378816956,0.63525365384615
0.6,15464,0.6368159203980099,0.5858085808580858,0.3509477311889719,0.2173076923076923,0.10538461538461538,0.43781094527363185,0.6097335822842319,0.6104473076923036
0.6,15465,0.6675531914893617,0.5523809523809524,0.3304825901038485,0.21076923076923076,0.10096153846153846,0.40691489361702127,0.6190564528023651,0.6488378846153802
0.6,15466,0.6691176470588235,0.562624254473161,0.33055885850178357,0.21653846153846154,0.10596153846153847,0.41421568627450983,0.6196101118561818,0.6368224999999965
0.6,15467,0.6498740554156172,0.5257548845470693,0.3301549463647199,0.21615384615384614,0.09769230769230769,0.47103274559193953,0.5992887247451953,0.5900399999999971
0.6,15468,0.6773333333333333,0.5652173913043478,0.33292231812577067,0.20807692307692308,0.09769230769230769,0.4053333333333333,0.6262146763770728,0.6575753846153808
0.6,15469,0.6490765171503958,0.5609318996415771,0.3337313432835821,0.21461538461538462,0.0998076923076923,0.39050131926121373,0.6147734708941746,0.645918269230765
0.6,15470,0.6682577565632458,0.5290697674418605,0.3333333333333333,0.21269230769230768,0.10384615384615385,0.3914081145584726,0.6175171134669108,0.6314757692307659
0.6,15471,0.6370370370370371,0.5605786618444847,0.35018495684340323,0.2026923076923077,0.0975,0.4839506172839506,0.6020807305654446,0.5945032692307656
0.6,15472,0.6791044776119403,0.5780346820809249,0.3404634581105169,0.21346153846153845,0.10019230769230769,0.417910447761194,0.6278673678263996,0.63734865384615
0.6,15473,0.625748502994012,0.5236363636363637,0.30565805658056583,0.21711538461538463,0.10230769230769231,0.45209580838323354,0.5872868203545945,0.6364876923076883
0.6,15474,0.6036269430051814,0.5283018867924528,0.31166464155528556,0.21788461538461537,0.0975,0.48186528497409326,0.5762223720313558,0.6038617307692278
0.6,15475,0.6503856041131105,0.5927342256214149,0.3462484624846248,0.20442307692307693,0.09596153846153846,0.4267352185089974,0.6190659883537005,0.640800192307688
0.6,15476,0.6265664160401002,0.564638783269962,0.3191365227537923,0.22442307692307692,0.10019230769230769,0.45363408521303256,0.5952892768661568,0.6191498076923043
0.6,15477,0.6253229974160207,0.5441441441441441,0.32929782082324455,0.21307692307692308,0.09865384615384615,0.46770025839793283,0.5924494628083709,0.6027013461538425
0.6,15478,0.6225961538461539,0.5459770114942529,0.33497536945812806,0.2076923076923077,0.10461538461538461,0.4807692307692308,0.5910047966401414,0.5947046153846113
0.6,15479,0.601063829787234,0.5783365570599613,0.31324582338902146,0.22134615384615386,0.10173076923076924,0.4654255319148936,0.5847455475464464,0.6285982692307656
0.6,15480,0.6605263157894737,0.5772058823529411,0.3321575543797766,0.21846153846153846,0.10596153846153847,0.4473684210526316,0.6143879947410563,0.6255405769230734
0.6,15481,0.6462765957446809,0.5131578947368421,0.3132969034608379,0.2175,0.10288461538461538,0.44148936170212766,0.5965011995278457,0.6250321153846111
0.6,15482,0.6486486486486487,0.5461538461538461,0.32088181261481935,0.21326923076923077,0.09807692307692308,0.4297297297297297,0.6059613955540165,0.6410361538461502
0.6,15483,0.6507936507936508,0.575591985428051,0.33117265763111375,0.21826923076923077,0.10692307692307693,0.42328042328042326,0.6127562645842188,0.6347965384615333
0.6,15484,0.6153846153846154,0.5252707581227437,0.3251684017146356,0.21192307692307694,0.10153846153846154,0.46153846153846156,0.5853592052319957,0.6012957692307654
0.6,15485,0.5873417721518988,0.5508637236084453,0.3153098420413123,0.21673076923076923,0.09942307692307692,0.47848101265822784,0.5739089349094836,0.6130444230769206
0.6,15486,0.5685279187817259,0.5449438202247191,0.31005418422636966,0.22038461538461537,0.11326923076923077,0.49746192893401014,0.5608502760592751,0.5960040384615339
0.6,15487,0.6597402597402597,0.5535390199637024,0.3183371298405467,0.2301923076923077,0.1025,0.43636363636363634,0.6086914833299107,0.6175944230769194
0.6,15488,0.6426735218508998,0.5616197183098591,0.3294730746960046,0.2226923076923077,0.09884615384615385,0.4473007712082262,0.6040321720194088,0.6132638461538421
0.6,15489,0.6151898734177215,0.5694716242661448,0.31861575178997614,0.21961538461538463,0.10288461538461538,0.46582278481012657,0.5900680624067922,0.6208386538461501
0.6,15490,0.6299212598425197,0.5111524163568774,0.31212121212121213,0.21826923076923077,0.10192307692307692,0.4435695538057743,0.5888776312989278,0.6149711538461492
0.6,15491,0.6242937853107344,0.5655172413793104,0.32600950118764843,0.21826923076923077,0.09384615384615384,0.4576271186440678,0.5959545320724884,0.6231584615384588
0.6,15492,0.615979381443299,0.5207207207207207,0.31004110393423373,0.22596153846153846,0.09538461538461539,0.4896907216494845,0.5783502927051247,0.5910688461538427
0.6,15493,0.685785536159601,0.5640074211502782,0.3360417875798027,0.22,0.10153846153846154,0.39650872817955113,0.6296436077583956,0.6375149999999965
0.6,15494,0.654911838790932,0.5526802218114603,0.3423147581139008,0.20653846153846153,0.10115384615384615,0.43828715365239296,0.6120983385566071,0.6153053846153802
0.6,15495,0.6151898734177215,0.6106032906764168,0.3557336621454994,0.20096153846153847,0.10057692307692308,0.44050632911392407,0.6068874573195995,0.6326186538461501
0.6,15496,0.631979695431472,0.5517857142857143,0.34065934065934067,0.2076923076923077,0.10596153846153847,0.434010152284264,0.6022013527082055,0.6225563461538417
0.6,15497,0.6098191214470284,0.5788461538461539,0.3188836104513064,0.2205769230769231,0.10384615384615385,0.46511627906976744,0.5892807060594859,0.6224469230769202
0.6,15498,0.655421686746988,0.5862068965517241,0.3331412103746398,0.2225,0.10384615384615385,0.41686746987951806,0.617205115718149,0.6327711538461505
0.6,15499,0.6520547945205479,0.5502846299810247,0.3188405797101449,0.2169230769230769,0.09326923076923077,0.4684931506849315,0.6030385960343612,0.6255944230769193
0.6,15500,0.6370558375634517,0.5694915254237288,0.3559733171619163,0.20423076923076924,0.09538461538461539,0.47715736040609136,0.6051133231522299,0.5964834615384579
0.6,15501,0.6428571428571429,0.5613382899628253,0.3296432964329643,0.20961538461538462,0.1026923076923077,0.4230769230769231,0.6080718802023594,0.6405165384615352
0.6,15502,0.6855670103092784,0.5860805860805861,0.3523752254960914,0.20711538461538462,0.10846153846153846,0.43556701030927836,0.6315562976658994,0.6373111538461502
0.6,15503,0.6810126582278481,0.5879120879120879,0.3509815585960738,0.2098076923076923,0.10307692307692308,0.40759493670886077,0.6331518917046327,0.6437819230769195
0.6,15504,0.625,0.521891418563923,0.3153846153846154,0.2225,0.10153846153846154,0.45478723404255317,0.5872396973466597,0.6080269230769193
0.6,15505,0.6710526315789473,0.536283185840708,0.33214285714285713,0.21576923076923077,0.09673076923076923,0.4236842105263158,0.615924540503744,0.629366346153843
0.6,15506,0.6666666666666666,0.5448154657293497,0.35714285714285715,0.20076923076923076,0.1,0.4024691358024691,0.6227972551434766,0.6296661538461491
0.6,15507,0.6,0.5577617328519856,0.31430253090052973,0.22403846153846155,0.09326923076923077,0.4746666666666667,0.580284231582392,0.6095171153846131
0.6,15508,0.607940446650124,0.5498981670061099,0.3109903381642512,0.21942307692307692,0.10134615384615385,0.4491315136476427,0.5849384830962309,0.6216617307692273
0.6,15509,0.6393034825870647,0.5777777777777777,0.3337243401759531,0.21846153846153846,0.10192307692307692,0.4253731343283582,0.6086670001747037,0.6286307692307656
0.6,15510,0.6288659793814433,0.532967032967033,0.3167554766133807,0.22192307692307692,0.09846153846153846,0.43041237113402064,0.5939947188047223,0.6197603846153823
0.6,15511,0.6161879895561357,0.5645438898450946,0.3492260061919505,0.2021153846153846,0.10115384615384615,0.4490861618798956,0.5978465101993086,0.6143923076923031
0.6,15512,0.6623376623376623,0.5375722543352601,0.32700551132884265,0.21134615384615385,0.09557692307692307,0.41818181818181815,0.6129231015104489,0.6396371153846128
0.6,15513,0.6385224274406333,0.5308411214953271,0.31272294887039237,0.22230769230769232,0.10019230769230769,0.43799472295514513,0.5960935373592481,0.6258898076923043
0.6,15514,0.6781326781326781,0.595903165735568,0.3396011396011396,0.22288461538461538,0.11076923076923077,0.4103194103194103,0.6295314462546305,0.6366211538461497
0.6,15515,0.6398104265402843,0.5401459854014599,0.33412042502951594,0.2169230769230769,0.1,0.42890995260663506,0.6027590943101814,0.599016153846149
0.6,15516,0.6398963730569949,0.5418118466898955,0.33533653846153844,0.21269230769230768,0.09961538461538462,0.4481865284974093,0.6013649502730934,0.6105680769230732
0.6,15517,0.6370192307692307,0.5293040293040293,0.3373934226552984,0.20923076923076922,0.09923076923076923,0.43509615384615385,0.6003833392450019,0.6085599999999967
0.6,15518,0.6514745308310992,0.5299145299145299,0.3268321513002364,0.21903846153846154,0.1076923076923077,0.43699731903485256,0.6033570660178527,0.6182523076923032
0.6,15519,0.6941747572815534,0.5638841567291312,0.3517673888255416,0.21865384615384614,0.10807692307692307,0.40048543689320387,0.6346140451433048,0.6209219230769187
0.6,15520,0.6294277929155313,0.5693693693693693,0.32774116237267825,0.21576923076923077,0.105,0.4359673024523161,0.6011495354845962,0.6381892307692261
0.6,15521,0.5974358974358974,0.5199240986717267,0.312,0.215,0.10884615384615384,0.47692307692307695,0.5725293942490148,0.6028269230769194
0.6,15522,0.587467362924282,0.5836431226765799,0.3258766626360339,0.2144230769230769,0.09519230769230769,0.4725848563968668,0.5818778959040258,0.6209748076923036
0.6,15523,0.648910411622276,0.5147347740667977,0.3225806451612903,0.21403846153846154,0.10173076923076924,0.42857142857142855,0.6011249633183605,0.6167640384615356
0.6,15524,0.6282722513089005,0.5339622641509434,0.3175470552519733,0.21615384615384614,0.09346153846153846,0.450261780104712,0.5925104050135231,0.6246138461538427
0.6,15525,0.6085858585858586,0.5912408759124088,0.3315727699530516,0.21903846153846154,0.11153846153846154,0.45707070707070707,0.5931801498508346,0.622277692307689
0.6,15526,0.616751269035533,0.5168539325842697,0.3081947743467934,0.22403846153846155,0.09846153846153846,0.4365482233502538,0.5841821053533892,0.614043076923073
0.6,15527,0.6378504672897196,0.5273037542662116,0.34437869822485206,0.21307692307692308,0.09942307692307692,0.4439252336448598,0.5999347097352953,0.5903490384615339
0.6,15528,0.6073170731707317,0.5567567567567567,0.3435960591133005,0.205,0.09519230769230769,0.47317073170731705,0.5892656738222339,0.5973248076923037
0.6,15529,0.6338797814207651,0.5413669064748201,0.3232261976955731,0.21461538461538462,0.09826923076923078,0.453551912568306,0.5963159590941838,0.6252574999999954
0.6,15530,0.6608478802992519,0.5637342908438061,0.33998825601879035,0.21615384615384614,0.10134615384615385,0.42144638403990026,0.6170822321723836,0.624496730769226
0.6,15531,0.6666666666666666,0.574757281553398,0.3284968078932095,0.2225,0.10230769230769231,0.4074074074074074,0.6206733677262426,0.6393034615384575
0.6,15532,0.6288659793814433,0.551660516605166,0.3333333333333333,0.20884615384615385,0.10346153846153847,0.44329896907216493,0.598767876682732,0.6267969230769188
0.6,15533,0.6425,0.5938628158844765,0.3490172721858249,0.2101923076923077,0.10211538461538462,0.45,0.612584314801378,0.6144267307692272
0.6,15534,0.595108695652174,0.5437616387337058,0.3067226890756303,0.2221153846153846,0.10288461538461538,0.48641304347826086,0.5731345102398875,0.6104424999999964
0.6,15535,0.633495145631068,0.5384615384615384,0.3258954785672343,0.22076923076923077,0.10365384615384615,0.441747572815534,0.5965413117342896,0.6039005769230741
0.6,15536,0.6742424242424242,0.5607476635514018,0.3432203389830508,0.20865384615384616,0.10384615384615385,0.4015151515151515,0.6256743197796976,0.6399176923076862
0.6,15537,0.5890052356020943,0.5523156089193825,0.3234772324068598,0.22,0.1026923076923077,0.44502617801047123,0.5794748290941462,0.6064184615384569
0.6,15538,0.6694214876033058,0.5340501792114696,0.3276801938219261,0.21346153846153845,0.11365384615384615,0.418732782369146,0.614066962102611,0.6384828846153797
0.6,15539,0.6540404040404041,0.5274102079395085,0.32844932844932845,0.21153846153846154,0.09961538461538462,0.45202020202020204,0.6036923154770036,0.6076380769230728
0.65,15400,0.742296918767507,0.6068222621184919,0.41020408163265304,0.16673076923076924,0.08923076923076922,0.36694677871148457,0.6802243027275818,0.685619230769224
0.65,15401,0.7063291139240506,0.6103896103896104,0.4075067024128686,0.17,0.08596153846153846,0.3721518987341772,0.6645555836924469,0.6642186538461484
0.65,15402,0.7277486910994765,0.5714285714285714,0.4102911306702776,0.1675,0.08519230769230769,0.3769633507853403,0.6674266394284111,0.6576244230769176
0.65,15403,0.7184986595174263,0.6074600355239786,0.4023746701846966,0.17423076923076924,0.08307692307692308,0.353887399463807,0.670421316263664,0.6825338461538406
0.65,15404,0.7083333333333334,0.5930434782608696,0.3939588688946015,0.18134615384615385,0.08653846153846154,0.3776041666666667,0.6589017750900603,0.6594549999999941
0.65,15405,0.7154046997389034,0.5996343692870201,0.403485254691689,0.17115384615384616,0.0848076923076923,0.39425587467362927,0.6633848575184174,0.6649398076923035
0.65,15406,0.6952141057934509,0.5944444444444444,0.39510258107213764,0.17576923076923076,0.09076923076923077,0.38287153652392947,0.6534477355885113,0.6635857692307635
0.65,15407,0.7012048192771084,0.5656934306569343,0.4044414535666218,0.1701923076923077,0.08692307692307692,0.38795180722891565,0.6528499442487369,0.651710769230764
0.65,15408,0.7064676616915423,0.6306306306306306,0.4106217616580311,0.175,0.08365384615384615,0.38308457711442784,0.6666149854205109,0.6615209615384567
0.65,15409,0.7046004842615012,0.6093457943925233,0.4088800530152419,0.17153846153846153,0.08884615384615385,0.36077481840193704,0.6648931443219203,0.6725623076923036
0.65,15410,0.7247474747474747,0.5989208633093526,0.4161073825503356,0.1673076923076923,0.09038461538461538,0.3611111111111111,0.6729891315933033,0.6724980769230722
0.65,15411,0.7398373983739838,0.6038095238095238,0.39280958721704395,0.1753846153846154,0.08711538461538462,0.37398373983739835,0.6746911399411106,0.6840859615384552
0.65,15412,0.6947890818858561,0.5752688172043011,0.39461588969139855,0.1773076923076923,0.08307692307692308,0.3970223325062035,0.6487425851854144,0.6422073076923032
0.65,15413,0.7111716621253406,0.6132075471698113,0.4027491408934708,0.1671153846153846,0.07903846153846154,0.3787465940054496,0.6662867479303987,0.685375961538457
0.65,15414,0.7588832487309645,0.5796545105566219,0.3988055739880557,0.17423076923076924,0.08557692307692308,0.33756345177664976,0.684243159993502,0.6914955769230722
0.65,15415,0.7120418848167539,0.582089552238806,0.39917976760082025,0.16903846153846153,0.08403846153846153,0.39267015706806285,0.659010514751039,0.6679986538461488
0.65,15416,0.7272727272727273,0.5779816513761468,0.41172506738544473,0.16788461538461538,0.08807692307692308,0.3464373464373464,0.6719275606131327,0.6733796153846102
0.65,15417,0.6867167919799498,0.6206225680933852,0.4042263122017723,0.16807692307692307,0.08519230769230769,0.40852130325814534,0.6533705600745605,0.660535961538456
0.65,15418,0.748730964467005,0.6206896551724138,0.42213386348575216,0.1676923076923077,0.08384615384615385,0.32741116751269034,0.6917867506902108,0.694225769230764
0.65,15419,0.72544080604534,0.5974955277280859,0.40840446487196325,0.17326923076923076,0.0901923076923077,0.3501259445843829,0.6727074731690239,0.6767601923076866
0.65,15420,0.6967418546365914,0.6054054054054054,0.42461964038727523,0.16,0.0823076923076923,0.40601503759398494,0.6592829274167121,0.6542030769230722
0.65,15421,0.7150259067357513,0.5928571428571429,0.40915208613728127,0.16884615384615384,0.0876923076923077,0.36528497409326427,0.6664689650080322,0.6764223076923016
0.65,15422,0.7182741116751269,0.6149732620320856,0.4228956228956229,0.1648076923076923,0.08807692307692308,0.3934010152284264,0.6703027295912783,0.6666076923076879
0.65,15423,0.7302798982188295,0.562152133580705,0.39412157648630597,0.17442307692307693,0.08326923076923078,0.3638676844783715,0.6657363356570379,0.6680032692307644
0.65,15424,0.7128953771289538,0.5842696629213483,0.40989159891598914,0.1675,0.08442307692307692,0.36739659367396593,0.6643810524535544,0.6684924999999953
0.65,15425,0.7129186602870813,0.6015473887814313,0.4046511627906977,0.1723076923076923,0.09403846153846154,0.37320574162679426,0.6646668163980087,0.6628278846153787
0.65,15426,0.7302798982188295,0.6412213740458015,0.4066579634464752,0.1748076923076923,0.0973076923076923,0.356234096692112,0.680177769609459,0.6852503846153791
0.65,15427,0.7525773195876289,0.5867158671586716,0.4169514695830485,0.16403846153846155,0.08903846153846154,0.36597938144329895,0.6826665390944687,0.6762582692307628
0.65,15428,0.7268623024830699,0.584870848708487,0.43528610354223435,0.15942307692307692,0.0825,0.35665914221218964,0.6761101525743898,0.6597928846153797
0.65,15429,0.6897374701670644,0.5950570342205324,0.40896739130434784,0.1673076923076923,0.09173076923076923,0.38902147971360385,0.6532371047778132,0.6568205769230714
0.65,15430,0.7275,0.5927272727272728,0.4185888738127544,0.1648076923076923,0.0825,0.3575,0.6746580367393802,0.6778536538461477
0.65,15431,0.7253333333333334,0.5906542056074766,0.4013651877133106,0.16865384615384615,0.08942307692307692,0.37066666666666664,0.6686250299462906,0.6829355769230716
0.65,15432,0.7068062827225131,0.5598455598455598,0.37786774628879893,0.1773076923076923,0.08076923076923077,0.3769633507853403,0.651522887628013,0.6659138461538415
0.65,15433,0.7297979797979798,0.5769911504424778,0.4261954261954262,0.15923076923076923,0.09,0.36363636363636365,0.6735416546938671,0.6684803846153781
0.65,15434,0.7270531400966184,0.6575091575091575,0.4330708661417323,0.16615384615384615,0.08288461538461539,0.391304347826087,0.6826487220242953,0.6624401923076875
0.65,15435,0.6904176904176904,0.6309090909090909,0.4211938296445339,0.16596153846153847,0.09,0.40540540540540543,0.6592432181763168,0.6561588461538406
0.65,15436,0.723943661971831,0.6045197740112994,0.38303512259774686,0.17903846153846154,0.08538461538461538,0.36056338028169016,0.6681098903229356,0.6898411538461491
0.65,15437,0.7377450980392157,0.5965909090909091,0.4148148148148148,0.1671153846153846,0.08846153846153847,0.35784313725490197,0.6784211534652711,0.6751365384615339
0.65,15438,0.7204610951008645,0.6132075471698113,0.4060734463276836,0.16173076923076923,0.08423076923076923,0.37752161383285304,0.6710276332385431,0.6947357692307636
0.65,15439,0.719626168224299,0.5669144981412639,0.4139095205941931,0.16692307692307692,0.08288461538461539,0.3901869158878505,0.662408828718068,0.6414021153846111
0.65,15440,0.7581863979848866,0.5827586206896552,0.41574495770982434,0.1726923076923077,0.08115384615384616,0.3501259445843829,0.6857303856547851,0.6696792307692256
0.65,15441,0.6991869918699187,0.5886654478976234,0.3795811518324607,0.1823076923076923,0.0901923076923077,0.42276422764227645,0.6466123544961492,0.6516313461538408
0.65,15442,0.713527851458886,0.6093189964157706,0.4033112582781457,0.17326923076923076,0.08942307692307692,0.35809018567639256,0.6679731832247209,0.6841990384615322
0.65,15443,0.7420924574209246,0.5767195767195767,0.40932642487046633,0.1753846153846154,0.08903846153846154,0.35279805352798055,0.6760431282196591,0.6647709615384556
0.65,15444,0.6955380577427821,0.596830985915493,0.39399869536855836,0.17865384615384616,0.08673076923076924,0.3779527559055118,0.6543551978721533,0.6630505769230713
0.65,15445,0.7064935064935065,0.6066176470588235,0.40240641711229946,0.17192307692307693,0.09403846153846154,0.38441558441558443,0.6611585091379208,0.665698269230765
0.65,15446,0.713527851458886,0.626746506986028,0.41114245416078987,0.1605769230769231,0.08557692307692308,0.41114058355437666,0.6669919045941743,0.6746198076923032
0.65,15447,0.7211538461538461,0.6007194244604317,0.425503355704698,0.1646153846153846,0.0875,0.3942307692307692,0.6695509623277114,0.6511855769230704
0.65,15448,0.7281553398058253,0.6339113680154143,0.4073834196891192,0.17596153846153847,0.08442307692307692,0.3446601941747573,0.6802639785948802,0.6894632692307637
0.65,15449,0.7172236503856041,0.6138059701492538,0.3997370151216305,0.17557692307692307,0.0901923076923077,0.36503856041131105,0.6686322124842745,0.6829963461538412
0.65,15450,0.7184986595174263,0.5912162162162162,0.427681660899654,0.15903846153846155,0.08134615384615385,0.3780160857908847,0.6700929184383436,0.665729807692301
0.65,15451,0.6754176610978521,0.6574585635359116,0.4055766793409379,0.1803846153846154,0.09096153846153845,0.4224343675417661,0.6514612449834093,0.6442467307692276
0.65,15452,0.7061855670103093,0.6270566727605119,0.40752972258916775,0.1725,0.08423076923076923,0.4020618556701031,0.6634298981142368,0.6653180769230724
0.65,15453,0.7055961070559611,0.623574144486692,0.4209809264305177,0.16346153846153846,0.08730769230769231,0.39172749391727496,0.6664676431269585,0.6641726923076866
0.65,15454,0.7183770883054893,0.6468253968253969,0.4213709677419355,0.16557692307692307,0.09038461538461538,0.3723150357995227,0.6775438025375281,0.67861884615384
0.65,15455,0.706199460916442,0.5608365019011406,0.37207748830995324,0.18076923076923077,0.08461538461538462,0.38274932614555257,0.6493446969611693,0.6701619230769178
0.65,15456,0.696078431372549,0.6215753424657534,0.42762723066754793,0.16653846153846155,0.09076923076923077,0.4068627450980392,0.6607492788526831,0.6460419230769189
0.65,15457,0.7310513447432763,0.6185185185185185,0.42228152101400934,0.16653846153846155,0.08865384615384615,0.37163814180929094,0.6785542867569084,0.6664401923076864
0.65,15458,0.7055837563451777,0.5888030888030888,0.38304862023653086,0.18057692307692308,0.08961538461538461,0.38071065989847713,0.6550605841341505,0.6667773076923027
0.65,15459,0.6985294117647058,0.5850694444444444,0.4222674813306178,0.16365384615384615,0.09384615384615384,0.4068627450980392,0.6552912281806554,0.6434188461538417
0.65,15460,0.7048346055979644,0.5757575757575758,0.40899795501022496,0.16673076923076924,0.085,0.3791348600508906,0.6581422000446049,0.6617330769230728
0.65,15461,0.7408312958435208,0.6041666666666666,0.4146666666666667,0.16884615384615384,0.08788461538461538,0.3594132029339853,0.6805818675945082,0.67407211538461
0.65,15462,0.7346938775510204,0.5960854092526691,0.4066579634464752,0.1748076923076923,0.09134615384615384,0.3596938775510204,0.6747524051667013,0.6680917307692251
0.65,15463,0.7450980392156863,0.6014760147601476,0.42424242424242425,0.16442307692307692,0.08134615384615385,0.35294117647058826,0.6848952601266037,0.6749298076923027
0.65,15464,0.6775,0.5796296296296296,0.3945945945945946,0.1723076923076923,0.09038461538461538,0.395,0.6424801378301378,0.6509865384615328
0.65,15465,0.7258485639686684,0.6214689265536724,0.40238252812706815,0.17365384615384616,0.08788461538461538,0.35509138381201044,0.6753755514573151,0.6908501923076867
0.65,15466,0.7046511627906977,0.604735883424408,0.41395045632333766,0.1728846153846154,0.09,0.386046511627907,0.6616502506714552,0.6498123076923027
0.65,15467,0.7153284671532847,0.6167763157894737,0.42747603833865816,0.1723076923076923,0.09096153846153845,0.41119221411192214,0.6669372848662154,0.6352817307692261
0.65,15468,0.699724517906336,0.6342857142857142,0.39448924731182794,0.17326923076923076,0.08173076923076923,0.41597796143250687,0.6584503818273614,0.6738351923076875
0.65,15469,0.7213114754098361,0.6392857142857142,0.44429619746497667,0.1601923076923077,0.08596153846153846,0.351288056206089,0.6841065117812883,0.6737767307692261
0.65,15470,0.712468193384224,0.5992292870905588,0.3985165205664194,0.17153846153846153,0.08692307692307692,0.3816793893129771,0.6627348825483742,0.6659880769230719
0.65,15471,0.6858638743455497,0.5879310344827586,0.39029126213592236,0.18115384615384617,0.08730769230769231,0.41361256544502617,0.643785215434152,0.6472730769230726
0.65,15472,0.7253886010362695,0.5916030534351145,0.40717736369910285,0.1651923076923077,0.0901923076923077,0.3704663212435233,0.6699378041227338,0.6776517307692255
0.65,15473,0.699468085106383,0.6268412438625205,0.4216710182767624,0.17038461538461538,0.08884615384615385,0.4015957446808511,0.662544417190498,0.6547311538461484
0.65,15474,0.7300771208226221,0.6014109347442681,0.40796344647519583,0.17442307692307693,0.08288461538461539,0.41131105398457585,0.6682003117175778,0.6515340384615348
0.65,15475,0.6853658536585366,0.599644128113879,0.4259131633356306,0.1601923076923077,0.08884615384615385,0.4024390243902439,0.6537818789749651,0.644987692307687
0.65,15476,0.6758104738154613,0.5944444444444444,0.3951935914552737,0.17423076923076924,0.09192307692307693,0.4139650872817955,0.6416643409050662,0.6491303846153794
0.65,15477,0.6860759493670886,0.5733333333333334,0.40653873489694387,0.1605769230769231,0.09076923076923077,0.40253164556962023,0.646993011330882,0.6597503846153788
0.65,15478,0.679144385026738,0.5919540229885057,0.3822131704005431,0.175,0.08942307692307692,0.4304812834224599,0.6389399906193871,0.6562601923076878
0.65,15479,0.7383177570093458,0.5543478260869565,0.39290882778581765,0.16134615384615383,0.08057692307692307,0.3613707165109034,0.6694626292573136,0.7003032692307638
0.65,15480,0.6928571428571428,0.566990291262136,0.39206455951580366,0.17384615384615384,0.08384615384615385,0.3952380952380952,0.6467635288901983,0.643900384615381
0.65,15481,0.7371007371007371,0.5945454545454546,0.41967871485943775,0.16673076923076924,0.0823076923076923,0.3144963144963145,0.6841135061888075,0.6873430769230705
0.65,15482,0.6970509383378016,0.6319702602230484,0.4076086956521739,0.1676923076923077,0.09365384615384616,0.4155495978552279,0.6586874398477799,0.6645417307692251
0.65,15483,0.7103274559193955,0.5940409683426443,0.4091218515997277,0.16692307692307692,0.08653846153846154,0.3879093198992443,0.6622274118724064,0.6664969230769191
0.65,15484,0.7152777777777778,0.6174757281553398,0.42595108695652173,0.1625,0.08557692307692308,0.3819444444444444,0.6716279866274854,0.6625513461538401
0.65,15485,0.7554945054945055,0.5877034358047016,0.40268456375838924,0.17115384615384616,0.08980769230769231,0.3598901098901099,0.6820254216219597,0.6800509615384558
0.65,15486,0.711864406779661,0.585635359116022,0.39483870967741935,0.1803846153846154,0.08634615384615385,0.3922518159806295,0.6576726789739535,0.6446682692307647
0.65,15487,0.7492877492877493,0.6089965397923875,0.40091264667535853,0.17673076923076922,0.08269230769230769,0.3561253561253561,0.6828984134825289,0.6854565384615328
0.65,15488,0.7162790697674418,0.5672514619883041,0.4041835357624831,0.1698076923076923,0.08538461538461538,0.3581395348837209,0.6631025478873092,0.6631446153846107
0.65,15489,0.7105263157894737,0.6112185686653772,0.41928864569083446,0.16326923076923078,0.08942307692307692,0.41626794258373206,0.6632719732124005,0.6454821153846098
0.65,15490,0.7432098765432099,0.6098003629764065,0.41498371335504886,0.1726923076923077,0.08038461538461539,0.37037037037037035,0.681277173957328,0.6662423076923033
0.65,15491,0.6987951807228916,0.5636998254799301,0.410857908847185,0.16903846153846153,0.08673076923076924,0.3855421686746988,0.652833302670353,0.6438532692307646
0.65,15492,0.6897435897435897,0.6124314442413162,0.40509725016767273,0.17057692307692307,0.08596153846153846,0.3923076923076923,0.6551026461020848,0.6664136538461489
0.65,15493,0.7289719626168224,0.5848375451263538,0.4271323035594359,0.16403846153846155,0.08538461538461538,0.35046728971962615,0.6759577561743249,0.6670488461538409
0.65,15494,0.7025,0.5711610486891385,0.4046961325966851,0.16576923076923078,0.08711538461538462,0.3775,0.6559893801999519,0.6605390384615335
0.65,15495,0.7157622739018088,0.5711538461538461,0.39668279198341394,0.16788461538461538,0.08442307692307692,0.39018087855297157,0.6588648097208504,0.6597244230769181
0.65,15496,0.7043879907621247,0.5806451612903226,0.41255908170155303,0.1673076923076923,0.095,0.371824480369515,0.6594547464896504,0.6544069230769165
0.65,15497,0.709832134292566,0.5953654188948306,0.42367182246133156,0.1648076923076923,0.08519230769230769,0.38369304556354916,0.6650665454107034,0.6530590384615342
0.65,15498,0.7395577395577395,0.592057761732852,0.4132720105124836,0.17173076923076924,0.0823076923076923,0.3488943488943489,0.6792227136343942,0.6687292307692257
0.65,15499,0.6980609418282548,0.6070110701107011,0.4062937062937063,0.16326923076923078,0.08461538461538462,0.3878116343490305,0.6592472433909683,0.6844576923076876
0.65,15500,0.7356020942408377,0.6285211267605634,0.40897435897435896,0.1773076923076923,0.09153846153846154,0.3586387434554974,0.6805129439815156,0.6822807692307638
0.65,15501,0.7048780487804878,0.6066790352504638,0.40875912408759124,0.17134615384615384,0.08730769230769231,0.3902439024390244,0.6611413582843819,0.6613369230769158
0.65,15502,0.7307692307692307,0.5741379310344827,0.406653088934148,0.16807692307692307,0.08711538461538462,0.36538461538461536,0.6698358091086056,0.6757024999999943
0.65,15503,0.7161458333333334,0.6010733452593918,0.39882506527415146,0.17711538461538462,0.08692307692307692,0.390625,0.6629865713029609,0.6601253846153806
0.65,15504,0.7259615384615384,0.6171003717472119,0.43306010928961747,0.1596153846153846,0.08961538461538461,0.37259615384615385,0.6782183209339465,0.6690488461538412
0.65,15505,0.6947890818858561,0.5486238532110091,0.4015256588072122,0.16596153846153847,0.08711538461538462,0.4119106699751861,0.6445524658187316,0.6362859615384563
0.65,15506,0.7340425531914894,0.6287128712871287,0.43829219479653103,0.16192307692307692,0.08865384615384615,0.3404255319148936,0.6878902367265549,0.6904401923076854
0.65,15507,0.7268170426065163,0.6,0.4177386594448206,0.16538461538461538,0.0848076923076923,0.37092731829573933,0.6736083689445997,0.6695955769230709
0.65,15508,0.7173333333333334,0.5934664246823956,0.39946380697050937,0.1723076923076923,0.08557692307692308,0.36533333333333334,0.66595417630967,0.6817667307692254
0.65,15509,0.695054945054945,0.5917602996254682,0.39295580110497236,0.16903846153846153,0.07923076923076923,0.4175824175824176,0.6498509546002655,0.6621592307692267
0.65,15510,0.7749287749287749,0.6480446927374302,0.3971812940422806,0.18096153846153845,0.08826923076923077,0.31339031339031337,0.7037634721748482,0.7197059615384563
0.65,15511,0.6843373493975904,0.599640933572711,0.41420911528150134,0.16807692307692307,0.09096153846153845,0.41927710843373495,0.648774874630599,0.637478269230765
0.65,15512,0.7070422535211267,0.6316758747697975,0.391820580474934,0.1773076923076923,0.08211538461538462,0.37746478873239436,0.6649273007529519,0.6948655769230729
0.65,15513,0.7378640776699029,0.6551094890510949,0.42996108949416345,0.16903846153846153,0.09096153846153845,0.3422330097087379,0.6914854837721304,0.6913821153846094
0.65,15514,0.6966292134831461,0.5949367088607594,0.40406162464985995,0.16365384615384615,0.08846153846153847,0.4157303370786517,0.6527820531591082,0.6635207692307631
0.65,15515,0.7233502538071066,0.6014234875444839,0.41258278145695365,0.17057692307692307,0.08692307692307692,0.38578680203045684,0.6692289608433439,0.6610307692307649
0.65,15516,0.7279596977329975,0.5740740740740741,0.4033670033670034,0.17038461538461538,0.09,0.3879093198992443,0.6650787254447204,0.6592134615384563
0.65,15517,0.7526041666666666,0.6272912423625254,0.40639891082368956,0.1676923076923077,0.08115384615384616,0.34375,0.690467734754859,0.7070930769230719
0.65,15518,0.7088607594936709,0.5929368029739777,0.4036388140161725,0.1701923076923077,0.08057692307692307,0.3822784810126582,0.6613735775500772,0.6661824999999962
0.65,15519,0.7297979797979798,0.6057692307692307,0.4056413700470114,0.1701923076923077,0.09192307692307693,0.34595959595959597,0.6761782533450431,0.6903469230769181
0.65,15520,0.6733167082294265,0.6038461538461538,0.3741191543882127,0.18788461538461537,0.09769230769230769,0.4139650872817955,0.6374592732122781,0.6502396153846106
0.65,15521,0.7103960396039604,0.6,0.4266943291839557,0.15942307692307692,0.08557692307692308,0.37376237623762376,0.6681751344939793,0.6720059615384555
0.65,15522,0.6941747572815534,0.6169811320754717,0.4081225033288948,0.17096153846153847,0.0948076923076923,0.4223300970873786,0.6539433026212724,0.6409321153846104
0.65,15523,0.7167070217917676,0.614963503649635,0.40838709677419355,0.17634615384615385,0.08615384615384615,0.3559322033898305,0.6710695927242453,0.6738653846153796
0.65,15524,0.7012987012987013,0.6428571428571429,0.4268292682926829,0.1626923076923077,0.0875,0.38961038961038963,0.6688862174410954,0.6742232692307644
0.65,15525,0.7295918367346939,0.5851063829787234,0.4196185286103542,0.16384615384615384,0.0848076923076923,0.375,0.6723191097875398,0.6664659615384566
0.65,15526,0.7196969696969697,0.5925233644859813,0.3970976253298153,0.17576923076923076,0.08403846153846153,0.351010101010101,0.6679296902462155,0.6782790384615336
0.65,15527,0.7541371158392435,0.5736137667304015,0.41937669376693765,0.1648076923076923,0.08807692307692308,0.34278959810874704,0.6843283920682836,0.6758626923076863
0.65,15528,0.7480314960629921,0.6198501872659176,0.417910447761194,0.165,0.0876923076923077,0.35958005249343833,0.6869455762348196,0.6892238461538389
0.65,15529,0.7112676056338029,0.6185770750988142,0.4109406270847232,0.1698076923076923,0.08730769230769231,0.3591549295774648,0.6699185918553422,0.6780507692307649
0.65,15530,0.6797900262467191,0.6342412451361867,0.39026017344896596,0.17576923076923076,0.09057692307692308,0.4068241469816273,0.6497963984289336,0.6726228846153792
0.65,15531,0.7558441558441559,0.6141592920353982,0.42876344086021506,0.16346153846153846,0.08903846153846154,0.37142857142857144,0.6894870237907492,0.674690961538456
0.65,15532,0.71,0.5879120879120879,0.4160935350756534,0.16326923076923078,0.08788461538461538,0.3975,0.6612190289765255,0.6573113461538418
0.65,15533,0.6941489361702128,0.6257088846880907,0.4108258154059681,0.16326923076923078,0.08211538461538462,0.39893617021276595,0.6600454023190414,0.6771059615384564
0.65,15534,0.7245989304812834,0.6121673003802282,0.3940199335548173,0.1753846153846154,0.09,0.3609625668449198,0.671187140000798,0.6883903846153793
0.65,15535,0.6955503512880562,0.5765595463137996,0.40484196368527237,0.1701923076923077,0.08846153846153847,0.3793911007025761,0.6532046947058974,0.6551311538461491
0.65,15536,0.6938271604938272,0.629695885509839,0.412109375,0.17365384615384616,0.08557692307692308,0.37530864197530867,0.6623170245519445,0.6659174999999953
0.65,15537,0.7142857142857143,0.5551401869158878,0.3973829201101928,0.16826923076923078,0.08596153846153846,0.3826530612244898,0.6565530559904149,0.6607494230769184
0.65,15538,0.7243107769423559,0.5825426944971537,0.40821917808219177,0.16615384615384615,0.0901923076923077,0.38596491228070173,0.6662253298162336,0.6661221153846103
0.65,15539,0.7230769230769231,0.5912408759124088,0.41793103448275865,0.16230769230769232,0.095,0.3769230769230769,0.6696396542043409,0.6674903846153787
0.7,15400,0.8136986301369863,0.6600719424460432,0.4992481203007519,0.1280769230769231,0.07288461538461538,0.3041095890410959,0.7435857523753056,0.7333663461538398
0.7,15401,0.7783375314861462,0.6807760141093474,0.5225563909774437,0.12211538461538461,0.0751923076923077,0.30982367758186397,0.7350819019856185,0.7201932692307614
0.7,15402,0.7404580152671756,0.6371527777777778,0.4895833333333333,0.13192307692307692,0.07576923076923077,0.3282442748091603,0.704350703007764,0.6983334615384554
0.7,15403,0.7961630695443646,0.6411657559198543,0.5047970479704798,0.12903846153846155,0.07057692307692308,0.31654676258992803,0.7325225238224241,0.705702884615378
0.7,15404,0.7520215633423181,0.6391941391941391,0.4984126984126984,0.12153846153846154,0.07,0.3477088948787062,0.7098189831133227,0.7104730769230697
0.7,15405,0.7875647668393783,0.6637010676156584,0.49852724594992637,0.13096153846153846,0.07480769230769231,0.3134715025906736,0.7315619916285377,0.7215890384615317
0.7,15406,0.7995226730310262,0.6508226691042047,0.5282874617737003,0.11865384615384615,0.07019230769230769,0.3031026252983294,0.7414421562652992,0.716454423076916
0.7,15407,0.7931034482758621,0.6397941680960549,0.4937545922116091,0.1325,0.07538461538461538,0.28116710875331563,0.7330830281073814,0.7274896153846089
0.7,15408,0.7742718446601942,0.6329588014981273,0.5128805620608899,0.12,0.07173076923076924,0.33495145631067963,0.7217728407743786,0.7012194230769162
0.7,15409,0.7774869109947644,0.6368821292775665,0.5056,0.11884615384615385,0.07423076923076923,0.3403141361256545,0.7220534854286716,0.7097788461538395
0.7,15410,0.7769230769230769,0.6330275229357798,0.49352627570449353,0.12788461538461537,0.07134615384615385,0.32564102564102565,0.7205396207298923,0.7099505769230697
0.7,15411,0.7583333333333333,0.6206261510128913,0.48031496062992124,0.12692307692307692,0.07653846153846154,0.35,0.7057596632656361,0.712667307692301
0.7,15412,0.826530612244898,0.6294326241134752,0.5093773443360841,0.12576923076923077,0.07346153846153847,0.28061224489795916,0.7485068204356945,0.7275746153846077
0.7,15413,0.7736842105263158,0.6522556390977443,0.5055205047318612,0.12057692307692308,0.07153846153846154,0.3473684210526316,0.7220469308128366,0.7094515384615333
0.7,15414,0.7755102040816326,0.6256684491978609,0.49885757806549885,0.12653846153846154,0.07442307692307693,0.32142857142857145,0.7199706391744539,0.7071428846153784
0.7,15415,0.7732997481108312,0.6666666666666666,0.4933823529411765,0.1325,0.07057692307692308,0.3249370277078086,0.7240490315754281,0.7126124999999941
0.7,15416,0.7707808564231738,0.6747211895910781,0.5099085365853658,0.12365384615384616,0.07788461538461539,0.3224181360201511,0.7273419072933771,0.7224051923076861
0.7,15417,0.7948051948051948,0.6507936507936508,0.5133079847908745,0.12307692307692308,0.07173076923076924,0.3090909090909091,0.736105836263441,0.7182817307692227
0.7,15418,0.7577319587628866,0.6156583629893239,0.4942084942084942,0.12596153846153846,0.07576923076923077,0.34536082474226804,0.7073563432865135,0.6938884615384551
0.7,15419,0.7757255936675461,0.6178107606679035,0.4815668202764977,0.12980769230769232,0.07057692307692308,0.3087071240105541,0.7178135863892925,0.7229994230769163
0.7,15420,0.7742718446601942,0.650853889943074,0.496996996996997,0.12884615384615383,0.07634615384615384,0.35436893203883496,0.718920720267708,0.6858128846153795
0.7,15421,0.7936507936507936,0.6431095406360424,0.5,0.1276923076923077,0.07153846153846154,0.30952380952380953,0.7320264642307046,0.7177899999999938
0.7,15422,0.8529411764705882,0.6528497409326425,0.5197613721103654,0.12384615384615384,0.07923076923076923,0.2647058823529412,0.7665546773415066,0.7377165384615304
0.7,15423,0.7461538461538462,0.6495412844036698,0.48314606741573035,0.1326923076923077,0.07038461538461538,0.358974358974359,0.7043824395581739,0.698569230769225
0.7,15424,0.7656675749318801,0.6723484848484849,0.4953271028037383,0.12461538461538461,0.07307692307692308,0.3460490463215259,0.7201298940349337,0.7240238461538394
0.7,15425,0.8076923076923077,0.6513026052104208,0.4815650865312265,0.1325,0.07692307692307693,0.2717948717948718,0.740377528948039,0.7487680769230702
0.7,15426,0.8027777777777778,0.6543859649122807,0.5088393543428132,0.12288461538461538,0.07615384615384616,0.325,0.7372482383529331,0.7159396153846085
0.7,15427,0.7989276139410187,0.6425992779783394,0.5105386416861827,0.12057692307692308,0.07076923076923076,0.3512064343163539,0.7313922738960191,0.7055126923076859
0.7,15428,0.7974358974358975,0.650709219858156,0.5067264573991032,0.12692307692307692,0.07788461538461539,0.3,0.7366128715208717,0.709450576923069
0.7,15429,0.795,0.6530214424951267,0.49507202426080366,0.1280769230769231,0.07557692307692308,0.325,0.7313512065034251,0.7160209615384555
0.7,15430,0.83,0.6462715105162524,0.49777117384843983,0.13,0.06711538461538462,0.2775,0.7513644829444589,0.7349290384615323
0.7,15431,0.7679012345679013,0.6568807339449542,0.508745247148289,0.12423076923076923,0.07403846153846154,0.32839506172839505,0.7225709785276795,0.7069163461538396
0.7,15432,0.7789203084832905,0.6519230769230769,0.4762611275964392,0.13576923076923078,0.07423076923076923,0.31876606683804626,0.721848082482841,0.7158226923076864
0.7,15433,0.7844155844155845,0.6642599277978339,0.5098934550989346,0.12384615384615384,0.07730769230769231,0.3116883116883117,0.7326955432903755,0.7246834615384536
0.7,15434,0.7900262467191601,0.6573556797020484,0.4954545454545455,0.1280769230769231,0.06769230769230769,0.3359580052493438,0.7291673773388593,0.7152923076923021
0.7,15435,0.7468030690537084,0.6547406082289803,0.5053763440860215,0.12384615384615384,0.0698076923076923,0.3657289002557545,0.7087079295374699,0.6955955769230707
0.7,15436,0.7340720221606648,0.6733576642335767,0.4964761158966327,0.12365384615384616,0.07153846153846154,0.33240997229916897,0.7090072428267875,0.7281965384615324
0.7,15437,0.8087855297157622,0.6370235934664247,0.4896755162241888,0.13307692307692306,0.07346153846153847,0.3049095607235142,0.7358637378044283,0.7163588461538407
0.7,15438,0.7944862155388471,0.6048689138576779,0.4881769641495042,0.12903846153846155,0.06807692307692308,0.3007518796992481,0.7257293246221036,0.7091146153846084
0.7,15439,0.7989690721649485,0.6336283185840708,0.49554896142433236,0.13076923076923078,0.06903846153846153,0.30670103092783507,0.7323010414015654,0.7157986538461475
0.7,15440,0.8135593220338984,0.6407407407407407,0.5029498525073747,0.1296153846153846,0.07173076923076924,0.3268765133171913,0.7381358469103407,0.7020944230769168
0.7,15441,0.7728395061728395,0.6620450606585788,0.526116578349735,0.12038461538461538,0.06769230769230769,0.32839506172839505,0.7286687158595205,0.7036742307692248
0.7,15442,0.7766233766233767,0.6486486486486487,0.49773413897280966,0.12788461538461537,0.07153846153846154,0.3246753246753247,0.7236065732299872,0.7131469230769159
0.7,15443,0.7868852459016393,0.6622889305816135,0.5263559969442322,0.11923076923076924,0.06788461538461539,0.32084309133489464,0.7356505469375979,0.7117786538461479
0.7,15444,0.7752808988764045,0.6539792387543253,0.5042405551272167,0.12365384615384616,0.06326923076923077,0.29775280898876405,0.7289564579064021,0.7269648076923008
0.7,15445,0.8054862842892768,0.6095764272559853,0.49025487256371814,0.13076923076923078,0.075,0.30423940149625933,0.7303864986649002,0.708994999999995
0.7,15446,0.7847769028871391,0.6774774774774774,0.49486803519061584,0.1325,0.06634615384615385,0.32808398950131235,0.7306833725647544,0.7177844230769167
0.7,15447,0.7832512315270936,0.64,0.5041384499623778,0.12673076923076923,0.07173076923076924,0.312807881773399,0.7274310313463812,0.7101286538461484
0.7,15448,0.8143236074270557,0.6642335766423357,0.49556868537666177,0.13134615384615383,0.06923076923076923,0.3209549071618037,0.7418698529369918,0.7202776923076858
0.7,15449,0.7806788511749347,0.6261022927689595,0.49135987978963186,0.1301923076923077,0.07403846153846154,0.31592689295039167,0.721479101891469,0.7061424999999923
0.7,15450,0.8197115384615384,0.6382608695652174,0.5071633237822349,0.13230769230769232,0.075,0.28365384615384615,0.745634219844563,0.713597307692301
0.7,15451,0.8256410256410256,0.6282051282051282,0.49405646359583955,0.13096153846153846,0.07596153846153846,0.2692307692307692,0.7464884177239304,0.7363617307692238
0.7,15452,0.7654639175257731,0.6286701208981001,0.5034272658035034,0.12538461538461537,0.06673076923076923,0.32216494845360827,0.7173597804102706,0.7041044230769165
0.7,15453,0.7518987341772152,0.6384083044982699,0.49738610903659447,0.12942307692307692,0.06807692307692308,0.33164556962025316,0.7107524609079234,0.6985776923076858
0.7,15454,0.7822784810126582,0.5915492957746479,0.4785714285714286,0.12634615384615386,0.07096153846153846,0.3291139240506329,0.7138188707708765,0.7115644230769167
0.7,15455,0.75,0.6302681992337165,0.49098039215686273,0.12480769230769231,0.07326923076923077,0.3560606060606061,0.7049759709751596,0.6972355769230701
0.7,15456,0.8025,0.635,0.5127830533235939,0.12826923076923077,0.07865384615384616,0.33,0.7332934736191493,0.6940786538461471
0.7,15457,0.8235294117647058,0.6660516605166051,0.5357950263752826,0.11846153846153847,0.07230769230769231,0.30823529411764705,0.7542890716376397,0.7136196153846087
0.7,15458,0.7791563275434243,0.6592592592592592,0.47959914101646384,0.1398076923076923,0.07538461538461538,0.337468982630273,0.7208708947225458,0.7005465384615328
0.7,15459,0.7574123989218329,0.647766323024055,0.5104732350659426,0.12134615384615384,0.062115384615384614,0.3423180592991914,0.7162823665628092,0.7069382692307632
0.7,15460,0.75,0.65625,0.49691833590138673,0.12557692307692309,0.06961538461538462,0.3411458333333333,0.7118964516415789,0.7123419230769168
0.7,15461,0.7746113989637305,0.6836555360281195,0.5251908396946565,0.11961538461538461,0.07153846153846154,0.3471502590673575,0.7303365136445888,0.7099923076923012
0.7,15462,0.7889688249400479,0.6514598540145985,0.5092798812175204,0.1271153846153846,0.07,0.30455635491606714,0.7334413654361422,0.7132773076923009
0.7,15463,0.760752688172043,0.7063339731285988,0.5066147859922179,0.12192307692307693,0.07692307692307693,0.3333333333333333,0.7266479424640521,0.7274634615384543
0.7,15464,0.7659033078880407,0.645224171539961,0.4956862745098039,0.12365384615384616,0.07076923076923076,0.3511450381679389,0.7155623921490522,0.7092980769230708
0.7,15465,0.7985436893203883,0.6337209302325582,0.4977238239757208,0.12730769230769232,0.07365384615384615,0.33495145631067963,0.7291208589510917,0.7033024999999928
0.7,15466,0.7725,0.6173752310536045,0.4908396946564885,0.12826923076923077,0.07173076923076924,0.315,0.717016824989716,0.7054874999999933
0.7,15467,0.7868421052631579,0.631484794275492,0.5034749034749034,0.12365384615384616,0.07346153846153847,0.31842105263157894,0.7270141345422252,0.7089461538461476
0.7,15468,0.7712765957446809,0.6642728904847397,0.5084745762711864,0.1226923076923077,0.06884615384615385,0.3324468085106383,0.7251126563470138,0.7193996153846087
0.7,15469,0.8102564102564103,0.662431941923775,0.5143504531722054,0.12365384615384616,0.06711538461538462,0.3076923076923077,0.7449904818442205,0.7226421153846085
0.7,15470,0.8236775818639799,0.6565836298932385,0.514792899408284,0.12615384615384614,0.07057692307692308,0.3022670025188917,0.7499469307806824,0.7182878846153777
0.7,15471,0.7777777777777778,0.6771217712177122,0.49015151515151517,0.12942307692307692,0.075,0.3416666666666667,0.725185054490405,0.7289173076923026
0.7,15472,0.771505376344086,0.6726618705035972,0.4955022488755622,0.12942307692307692,0.07057692307692308,0.33064516129032256,0.7241741297559086,0.7229901923076849
0.7,15473,0.7506702412868632,0.6322463768115942,0.47471698113207544,0.13384615384615384,0.07326923076923077,0.3351206434316354,0.7049060525462627,0.7119086538461475
0.7,15474,0.7929155313351499,0.6500956022944551,0.492583918813427,0.125,0.075,0.29427792915531337,0.733688216663118,0.7425992307692233
0.7,15475,0.7513661202185792,0.6696914700544465,0.49500384319754037,0.12634615384615386,0.07384615384615385,0.32786885245901637,0.7156152968377038,0.7243049999999944
0.7,15476,0.7543859649122807,0.6554934823091247,0.4844213649851632,0.13365384615384615,0.07076923076923076,0.3283208020050125,0.7125300188284006,0.7105630769230707
0.7,15477,0.7806603773584906,0.6709323583180987,0.5316070068545317,0.11826923076923077,0.0725,0.3136792452830189,0.735833084270211,0.7132294230769153
0.7,15478,0.8046875,0.6193895870736086,0.4935849056603774,0.12903846153846155,0.07692307692307693,0.3229166666666667,0.7299037399549995,0.7070096153846086
0.7,15479,0.8040712468193384,0.6584440227703985,0.5015128593040847,0.12673076923076923,0.07403846153846154,0.2951653944020356,0.740737535666329,0.7269359615384544
0.7,15480,0.7774725274725275,0.6325823223570191,0.5098347757671126,0.11980769230769231,0.07346153846153847,0.31868131868131866,0.7244982819427607,0.7155492307692237
0.7,15481,0.8177215189873418,0.663003663003663,0.4985443959243086,0.1325,0.07230769230769231,0.31139240506329113,0.7443642893386163,0.7236084615384547
0.7,15482,0.8005181347150259,0.6469534050179212,0.5037593984962406,0.12692307692307692,0.07384615384615385,0.32124352331606215,0.7345841774516475,0.7171884615384541
0.7,15483,0.770573566084788,0.6571936056838366,0.5211051419800461,0.12,0.06403846153846154,0.3491271820448878,0.724009025004537,0.7008909615384558
0.7,15484,0.7690355329949239,0.6858846918489065,0.5042801556420233,0.1225,0.07134615384615385,0.33756345177664976,0.7262973128996092,0.7235644230769169
0.7,15485,0.7630208333333334,0.6527777777777778,0.5095201827875095,0.12384615384615384,0.06634615384615385,0.3359375,0.7195681354193112,0.7076524999999927
0.7,15486,0.7529691211401425,0.6321428571428571,0.49740548554484804,0.13038461538461538,0.07384615384615385,0.3491686460807601,0.7076571876990738,0.6806757692307623
0.7,15487,0.8103896103896104,0.6575342465753424,0.49016641452344933,0.1296153846153846,0.07403846153846154,0.2805194805194805,0.7431262300327903,0.744359038461532
0.7,15488,0.7873417721518987,0.6383763837638377,0.48487084870848707,0.13423076923076924,0.07576923076923077,0.3367088607594937,0.7223313904648296,0.7033807692307639
0.7,15489,0.7922705314009661,0.6502732240437158,0.5177626606198035,0.1226923076923077,0.07153846153846154,0.3115942028985507,0.7353312687128083,0.710034230769225
0.7,15490,0.7532808398950132,0.6571428571428571,0.4746376811594203,0.13942307692307693,0.06769230769230769,0.3648293963254593,0.7061867115481802,0.7001692307692249
0.7,15491,0.7917808219178082,0.6139705882352942,0.4882445141065831,0.12557692307692309,0.07076923076923076,0.3095890410958904,0.7251829402126951,0.7248338461538378
0.7,15492,0.7653631284916201,0.6727941176470589,0.47232472324723246,0.1375,0.07307692307692308,0.29329608938547486,0.7218948879337501,0.7466403846153783
0.7,15493,0.7868421052631579,0.6353982300884956,0.48704663212435234,0.13326923076923078,0.07769230769230769,0.33157894736842103,0.7225459942994229,0.7046896153846098
0.7,15494,0.828042328042328,0.6648745519713262,0.5185746777862017,0.12211538461538461,0.07442307692307693,0.2566137566137566,0.7592875871126843,0.7502421153846073
0.7,15495,0.7615384615384615,0.6711026615969582,0.4857997010463378,0.13230769230769232,0.07019230769230769,0.31025641025641026,0.7205614609250776,0.7297967307692254
0.7,15496,0.7780612244897959,0.6395348837209303,0.4957064793130367,0.12423076923076923,0.07403846153846154,0.3163265306122449,0.7236856344960343,0.7206232692307617
0.7,15497,0.7913486005089059,0.6636690647482014,0.5242868157286045,0.11865384615384615,0.0725,0.31297709923664124,0.7381809802516757,0.7251955769230702
0.7,15498,0.760705289672544,0.6617100371747212,0.493993993993994,0.1296153846153846,0.06788461538461539,0.3425692695214106,0.7163860590423983,0.7071013461538406
0.7,15499,0.7726218097447796,0.6624548736462094,0.526711813393529,0.12096153846153847,0.08096153846153846,0.3225058004640371,0.7285790515417643,0.6962824999999919
0.7,15500,0.7774647887323943,0.625,0.4859154929577465,0.12634615384615386,0.06538461538461539,0.3464788732394366,0.7164282231852654,0.7123476923076861
0.7,15501,0.7871148459383753,0.5974955277280859,0.4834905660377358,0.12634615384615386,0.07096153846153846,0.31092436974789917,0.7196729669138388,0.7182244230769156
0.7,15502,0.7994652406417112,0.6238361266294227,0.46008708272859217,0.14307692307692307,0.08269230769230769,0.3074866310160428,0.7238337464210733,0.7189149999999925
0.7,15503,0.7741935483870968,0.6117216117216118,0.4831712789827973,0.13288461538461538,0.07480769230769231,0.33002481389578164,0.7133008265112133,0.6991071153846089
0.7,15504,0.7980049875311721,0.6078066914498141,0.49884348496530456,0.125,0.06615384615384616,0.29925187032418954,0.7298697980820718,0.715546538461532
0.7,15505,0.769620253164557,0.6528028933092225,0.49332344213649854,0.13134615384615383,0.07173076923076924,0.34177215189873417,0.7183031313913895,0.7045390384615323
0.7,15506,0.7512437810945274,0.6470588235294118,0.49395770392749244,0.12884615384615383,0.07365384615384615,0.35323383084577115,0.7085139725189177,0.6983632692307639
0.7,15507,0.8310626702997275,0.6415441176470589,0.51699604743083,0.1175,0.0726923076923077,0.26975476839237056,0.7555907163211083,0.7499692307692238
0.7,15508,0.7791563275434243,0.6694772344013491,0.5262768319763138,0.12307692307692308,0.06788461538461539,0.3424317617866005,0.7305681909039767,0.6977424999999936
0.7,15509,0.7613941018766756,0.6311188811188811,0.48278443113772457,0.13288461538461538,0.07596153846153846,0.3163538873994638,0.7125457437924168,0.7117732692307635
0.7,15510,0.7813267813267813,0.6629834254143646,0.5052160953800298,0.1276923076923077,0.07326923076923077,0.31203931203931207,0.7303547475166486,0.7177090384615329
0.7,15511,0.749379652605459,0.6519230769230769,0.48597422289613346,0.13038461538461538,0.07115384615384615,0.33002481389578164,0.7101728676322577,0.7112853846153796
0.7,15512,0.8089005235602095,0.6549019607843137,0.5027365129007036,0.12230769230769231,0.07076923076923076,0.3089005235602094,0.7413606595227284,0.7363257692307621
0.7,15513,0.7355769230769231,0.6610800744878957,0.5026615969581749,0.12576923076923077,0.06923076923076923,0.3701923076923077,0.7039338970306693,0.6829596153846093
0.7,15514,0.8359375,0.6726296958855098,0.49679258731290094,0.13576923076923078,0.06942307692307692,0.2578125,0.7595856558731802,0.7377178846153783
0.7,15515,0.7943262411347518,0.6420664206642066,0.5170068027210885,0.12288461538461538,0.06807692307692308,0.3120567375886525,0.734908715530106,0.7093899999999927
0.7,15516,0.7837837837837838,0.6554307116104869,0.5166023166023166,0.12038461538461538,0.07019230769230769,0.31695331695331697,0.7320980293367934,0.7147586538461472
0.7,15517,0.7928388746803069,0.6693548387096774,0.4965197215777262,0.12519230769230769,0.06846153846153846,0.3248081841432225,0.7339979574060491,0.7336919230769179
0.7,15518,0.7965260545905707,0.6388384754990926,0.4919590643274854,0.13365384615384615,0.07288461538461538,0.3002481389578164,0.7318611298003428,0.7141486538461469
0.7,15519,0.786046511627907,0.6660268714011516,0.5193328278999242,0.12192307692307693,0.0725,0.30697674418604654,0.7360309132192613,0.7200978846153776
0.7,15520,0.7920792079207921,0.6647940074906367,0.511751326762699,0.12384615384615384,0.06846153846153846,0.3069306930693069,0.737361503411388,0.720737307692301
0.7,15521,0.7952127659574468,0.6181172291296625,0.5050741608118657,0.12192307692307693,0.06692307692307692,0.2898936170212766,0.7326035745262894,0.7219549999999924
0.7,15522,0.7677725118483413,0.6793587174348698,0.49551569506726456,0.12980769230769232,0.07826923076923077,0.3056872037914692,0.7261746595434002,0.720402499999994
0.7,15523,0.8131067961165048,0.6412213740458015,0.5209627329192547,0.11865384615384615,0.07134615384615385,0.32524271844660196,0.7418597767652099,0.7116332692307626
0.7,15524,0.7662921348314606,0.6189555125725339,0.4929157345264728,0.13076923076923078,0.07076923076923076,0.3325842696629214,0.7126505921918976,0.6910819230769182
0.7,15525,0.7558139534883721,0.6556169429097606,0.5214395099540582,0.1201923076923077,0.06846153846153846,0.35348837209302325,0.7167965749961603,0.6915030769230709
0.7,15526,0.7968337730870713,0.6074950690335306,0.48183254344391785,0.12615384615384614,0.07057692307692308,0.30606860158311344,0.7257477196341098,0.726365576923069
0.7,15527,0.8045112781954887,0.6549165120593692,0.4880521361332368,0.13596153846153847,0.0725,0.3032581453634085,0.7366715465404947,0.7187386538461482
0.7,15528,0.7813953488372093,0.6333333333333333,0.5011086474501109,0.12980769230769232,0.07038461538461538,0.29534883720930233,0.7270288838690143,0.7104053846153782
0.7,15529,0.7941888619854721,0.636697247706422,0.49523110785033014,0.13230769230769232,0.0673076923076923,0.288135593220339,0.7329177348103005,0.7182630769230705
0.7,15530,0.7584541062801933,0.6286231884057971,0.5100308641975309,0.12211538461538461,0.07019230769230769,0.34541062801932365,0.7126624034848672,0.6931790384615318
0.7,15531,0.8247978436657682,0.6330935251798561,0.48668639053254437,0.13346153846153846,0.07173076923076924,0.29380053908355797,0.7429400883529289,0.7262590384615312
0.7,15532,0.8010610079575596,0.634862385321101,0.4883195177091183,0.1305769230769231,0.0698076923076923,0.29973474801061006,0.7331740138654007,0.7264898076923018
0.7,15533,0.7855421686746988,0.6174863387978142,0.5022658610271903,0.12673076923076923,0.07192307692307692,0.3253012048192771,0.7230181394780555,0.694444999999994
0.7,15534,0.7743589743589744,0.6365313653136532,0.49314024390243905,0.12788461538461537,0.075,0.3230769230769231,0.7200577295196029,0.7100926923076853
0.7,15535,0.8046875,0.6820603907637656,0.5036337209302325,0.13134615384615383,0.06923076923076923,0.3125,0.7428186719139735,0.7218338461538398
0.7,15536,0.7883597883597884,0.6784452296819788,0.5078183172002978,0.1271153846153846,0.07115384615384615,0.3253968253968254,0.7347285239898811,0.7206438461538394
0.7,15537,0.828125,0.6617647058823529,0.5,0.13038461538461538,0.0726923076923077,0.2708333333333333,0.7537948529411765,0.741839615384609
0.7,15538,0.7800511508951407,0.6223091976516634,0.483695652173913,0.12788461538461537,0.07711538461538461,0.31202046035805625,0.7200505064462217,0.7197967307692232
0.7,15539,0.7872340425531915,0.620889748549323,0.47425057647963104,0.13153846153846155,0.06807692307692308,0.3351063829787234,0.7189245108514721,0.7118723076923017
0.75,15400,0.8644859813084113,0.6979742173112339,0.6134316134316135,0.09076923076923077,0.05653846153846154,0.2383177570093458,0.7995730511894039,0.7625299999999925
0.75,15401,0.8777506112469438,0.7186311787072244,0.6136552872606161,0.08923076923076922,0.05692307692307692,0.2396088019559902,0.8084564677601781,0.7716511538461462
0.75,15402,0.8530259365994236,0.6878306878306878,0.5913793103448276,0.09115384615384615,0.0575,0.2334293948126801,0.7905399948800377,0.7725163461538382
0.75,15403,0.8313817330210773,0.699443413729128,0.6110183639398998,0.08961538461538461,0.059423076923076926,0.2529274004683841,0.7837556338839696,0.7553659615384546
0.75,15404,0.8434579439252337,0.674502712477396,0.6273504273504273,0.08384615384615385,0.06076923076923077,0.2570093457943925,0.787129939547945,0.7477923076922999
0.75,15405,0.8423645320197044,0.687037037037037,0.6011804384485666,0.09096153846153845,0.05557692307692308,0.27832512315270935,0.7820545067479069,0.7466867307692228
0.75,15406,0.8765133171912833,0.6917562724014337,0.6228143213988343,0.08711538461538462,0.05673076923076923,0.2397094430992736,0.8051300840131076,0.7635405769230689
0.75,15407,0.8639798488664987,0.7160940325497287,0.6262711864406779,0.0848076923076923,0.05846153846153846,0.24433249370277077,0.8038161870507868,0.7667846153846077
0.75,15408,0.8427835051546392,0.6941176470588235,0.5780984719864176,0.09557692307692307,0.05653846153846154,0.27319587628865977,0.7802281766178194,0.7575303846153771
0.75,15409,0.8131578947368421,0.730909090909091,0.6076923076923076,0.08826923076923077,0.05692307692307692,0.29210526315789476,0.7762537541405963,0.7583115384615311
0.75,15410,0.8769633507853403,0.7167530224525043,0.6033789219629928,0.0948076923076923,0.058076923076923075,0.24345549738219896,0.805298095695814,0.7715476923076843
0.75,15411,0.8636363636363636,0.6945454545454546,0.5934256055363322,0.09038461538461538,0.057692307692307696,0.26988636363636365,0.7920477665932684,0.7666761538461454
0.75,15412,0.819371727748691,0.7114337568058077,0.6020495303159693,0.08961538461538461,0.05307692307692308,0.28272251308900526,0.7761796055707807,0.7528280769230693
0.75,15413,0.8345679012345679,0.7438330170777988,0.6149957877000842,0.08788461538461538,0.06134615384615385,0.2716049382716049,0.7905693881671547,0.7690782692307615
0.75,15414,0.8530183727034121,0.6581352833638026,0.5874785591766724,0.0925,0.06192307692307692,0.24934383202099739,0.7829297157004713,0.7596588461538376
0.75,15415,0.8465227817745803,0.6870229007633588,0.6078431372549019,0.08846153846153847,0.05346153846153846,0.2422062350119904,0.7894426773278623,0.7615823076922996
0.75,15416,0.8611111111111112,0.7117117117117117,0.587390263367917,0.09942307692307692,0.052884615384615384,0.2777777777777778,0.791326459463331,0.7515736538461454
0.75,15417,0.8320209973753281,0.7209705372616985,0.6139028475711893,0.08865384615384615,0.05557692307692308,0.27034120734908135,0.7861095586375862,0.7558959615384527
0.75,15418,0.8473684210526315,0.6962025316455697,0.6068669527896996,0.08807692307692308,0.05923076923076923,0.24473684210526317,0.7905185557817843,0.7679980769230679
0.75,15419,0.8784810126582279,0.7067395264116576,0.6114808652246256,0.08980769230769231,0.05346153846153846,0.23544303797468355,0.807206044578345,0.7695426923076848
0.75,15420,0.8545454545454545,0.6767485822306238,0.5932642487046632,0.09057692307692308,0.06057692307692308,0.2597402597402597,0.7863847200235047,0.7543294230769153
0.75,15421,0.8153846153846154,0.711645101663586,0.6199294532627866,0.08288461538461539,0.05730769230769231,0.2923076923076923,0.7763110320306561,0.7541680769230695
0.75,15422,0.8542713567839196,0.6998191681735986,0.6003303055326177,0.09307692307692307,0.05596153846153846,0.23618090452261306,0.7938041863734904,0.7690328846153772
0.75,15423,0.8359375,0.7065217391304348,0.5890637945318973,0.09538461538461539,0.05326923076923077,0.2708333333333333,0.7813715441107199,0.7608032692307617
0.75,15424,0.8275862068965517,0.708904109589041,0.6090604026845637,0.08961538461538461,0.05576923076923077,0.2572944297082228,0.7830962969339581,0.7617042307692217
0.75,15425,0.8213333333333334,0.702803738317757,0.5871244635193134,0.0925,0.06288461538461539,0.30666666666666664,0.769782946100468,0.7494836538461466
0.75,15426,0.8432835820895522,0.7121212121212122,0.5860655737704918,0.09711538461538462,0.05826923076923077,0.27860696517412936,0.7835271506162869,0.7538355769230699
0.75,15427,0.840782122905028,0.6478102189781022,0.5704347826086956,0.095,0.06096153846153846,0.2541899441340782,0.7729785106180438,0.7610721153846066
0.75,15428,0.8851674641148325,0.7203883495145631,0.6159600997506235,0.08884615384615385,0.05884615384615385,0.22248803827751196,0.8141529356069609,0.7866746153846076
0.75,15429,0.8509485094850948,0.6877323420074349,0.59375,0.09,0.05826923076923077,0.27100271002710025,0.7855440696555236,0.7619032692307625
0.75,15430,0.8487179487179487,0.6974169741697417,0.6159860990443093,0.085,0.058653846153846154,0.24358974358974358,0.7930363081949005,0.7718963461538385
0.75,15431,0.8607888631090487,0.6833976833976834,0.6097560975609756,0.08923076923076922,0.05557692307692308,0.2505800464037123,0.7939135076318286,0.7551017307692224
0.75,15432,0.8479381443298969,0.7160940325497287,0.5913539967373572,0.09634615384615385,0.05423076923076923,0.2963917525773196,0.7850431535220034,0.7464588461538381
0.75,15433,0.8575418994413407,0.7047619047619048,0.5856401384083045,0.09211538461538461,0.05480769230769231,0.26256983240223464,0.7909107420161623,0.7754021153846073
0.75,15434,0.8262032085561497,0.6956521739130435,0.5933054393305439,0.09346153846153846,0.056346153846153844,0.28342245989304815,0.7746348386618571,0.7459124999999923
0.75,15435,0.8658536585365854,0.696969696969697,0.599502487562189,0.09288461538461538,0.06673076923076923,0.23902439024390243,0.7971288018376478,0.7609694230769141
0.75,15436,0.8439716312056738,0.6964912280701754,0.627287853577371,0.08615384615384615,0.05519230769230769,0.26713947990543735,0.7897433204328674,0.7457686538461455
0.75,15437,0.8740554156171285,0.6684684684684684,0.6038687973086627,0.09057692307692308,0.05692307692307692,0.24433249370277077,0.7968068849699522,0.7587219230769141
0.75,15438,0.8247422680412371,0.6921641791044776,0.6013925152306353,0.08807692307692308,0.058076923076923075,0.2963917525773196,0.773473655364739,0.7417623076922991
0.75,15439,0.8425,0.7513711151736746,0.618693134822167,0.08865384615384615,0.05480769230769231,0.2525,0.7982325711490452,0.7747978846153768
0.75,15440,0.8620689655172413,0.7363636363636363,0.6160337552742616,0.0875,0.056346153846153844,0.22811671087533156,0.8066270985380107,0.7886701923076834
0.75,15441,0.8461538461538461,0.7288135593220338,0.6164267569856055,0.08711538461538462,0.0575,0.2456575682382134,0.7966540842040015,0.7806521153846078
0.75,15442,0.826530612244898,0.6911487758945386,0.5911035072711719,0.09192307692307693,0.05423076923076923,0.27040816326530615,0.775586018865957,0.7509584615384552
0.75,15443,0.8660049627791563,0.7221269296740995,0.6135458167330677,0.09326923076923077,0.06,0.2853598014888337,0.797988708202148,0.7413134615384538
0.75,15444,0.8571428571428571,0.6978021978021978,0.6076923076923076,0.08826923076923077,0.053653846153846156,0.24935064935064935,0.794757042957043,0.7687778846153772
0.75,15445,0.8473804100227791,0.7189292543021033,0.5969672785315243,0.09711538461538462,0.059423076923076926,0.23690205011389523,0.7927987028017267,0.7698717307692227
0.75,15446,0.8317073170731707,0.7224199288256228,0.6024193548387097,0.0948076923076923,0.058076923076923075,0.2707317073170732,0.7837897819668173,0.7475557692307615
0.75,15447,0.8620689655172413,0.6972477064220184,0.618421052631579,0.08365384615384615,0.05884615384615385,0.2519893899204244,0.7980726652765805,0.7726519230769153
0.75,15448,0.850632911392405,0.6583493282149712,0.5950920245398773,0.08884615384615385,0.05423076923076923,0.2759493670886076,0.7806622131456938,0.7523415384615323
0.75,15449,0.8803191489361702,0.6851211072664359,0.6058333333333333,0.09096153846153845,0.05903846153846154,0.24468085106382978,0.8021699227163668,0.7652548076923004
0.75,15450,0.8455882352941176,0.7259528130671506,0.6239530988274706,0.08634615384615385,0.05826923076923077,0.23774509803921567,0.7979927617546443,0.7715209615384542
0.75,15451,0.8597402597402597,0.7009708737864078,0.5844594594594594,0.09461538461538462,0.05346153846153846,0.2519480519480519,0.7921675762180617,0.7667834615384549
0.75,15452,0.8470873786407767,0.708256880733945,0.6084437086092715,0.09096153846153845,0.05692307692307692,0.24757281553398058,0.7920596428262392,0.7592861538461467
0.75,15453,0.8955223880597015,0.6519916142557652,0.5764604810996563,0.0948076923076923,0.05846153846153846,0.2263681592039801,0.8009898879770098,0.7786738461538396
0.75,15454,0.8388746803069054,0.6880907372400756,0.6017391304347826,0.08807692307692308,0.05423076923076923,0.26854219948849106,0.7823787595480245,0.7589326923076839
0.75,15455,0.8478260869565217,0.6792452830188679,0.5808124459809854,0.09326923076923077,0.058076923076923075,0.26358695652173914,0.7816379709979487,0.76747153846153
0.75,15456,0.8897849462365591,0.7092651757188498,0.6195043964828137,0.09153846153846154,0.05346153846153846,0.239247311827957,0.8128515051610715,0.7644492307692229
0.75,15457,0.850253807106599,0.6784386617100372,0.5882352941176471,0.09423076923076923,0.05480769230769231,0.24619289340101522,0.785755040365188,0.7635798076923003
0.75,15458,0.8695652173913043,0.6756238003838771,0.5975820379965457,0.08961538461538461,0.06096153846153846,0.24040920716112532,0.7955103490567187,0.7683582692307611
0.75,15459,0.87468671679198,0.7151394422310757,0.5895087427144047,0.0948076923076923,0.05519230769230769,0.23057644110275688,0.8038604751649818,0.7811944230769161
0.75,15460,0.8445040214477212,0.7248201438848921,0.6079593564775614,0.08903846153846154,0.06326923076923077,0.2546916890080429,0.7925142192555191,0.7704309615384536
0.75,15461,0.847255369928401,0.6964285714285714,0.5962837837837838,0.09192307692307693,0.05692307692307692,0.26730310262529833,0.7860714919055015,0.755927692307685
0.75,15462,0.8731988472622478,0.6962264150943396,0.5818181818181818,0.09288461538461538,0.05153846153846154,0.2219020172910663,0.8005852764140867,0.7949480769230702
0.75,15463,0.8771929824561403,0.6774193548387096,0.6133108677337826,0.08826923076923077,0.05480769230769231,0.23308270676691728,0.8025863614610873,0.7633955769230687
0.75,15464,0.8596059113300493,0.6850828729281768,0.6043587594300084,0.09076923076923077,0.055,0.2536945812807882,0.7924376959167125,0.7587207692307624
0.75,15465,0.8592233009708737,0.6950354609929078,0.6165289256198347,0.08923076923076922,0.05153846153846154,0.2766990291262136,0.7931742416428789,0.7445307692307621
0.75,15466,0.8432835820895522,0.6796296296296296,0.5917854149203688,0.09365384615384616,0.06692307692307692,0.24378109452736318,0.7831353027331515,0.7576149999999913
0.75,15467,0.855036855036855,0.706959706959707,0.6021328958162429,0.09326923076923077,0.05615384615384615,0.24815724815724816,0.7940526140182826,0.760891153846146
0.75,15468,0.8443271767810027,0.7132867132867133,0.6195744680851064,0.08596153846153846,0.055384615384615386,0.2532981530343008,0.7931687047724634,0.7659519230769147
0.75,15469,0.8268733850129198,0.7120418848167539,0.6159052453468697,0.08730769230769231,0.058076923076923075,0.2661498708010336,0.7832868885131601,0.7584426923076847
0.75,15470,0.8607242339832869,0.6831858407079646,0.5830536912751678,0.09557692307692307,0.05903846153846154,0.24512534818941503,0.7899263877820485,0.7638917307692223
0.75,15471,0.85,0.6852886405959032,0.5931330472103005,0.09115384615384615,0.060384615384615384,0.2789473684210526,0.7834726633557988,0.7537384615384534
0.75,15472,0.8476190476190476,0.6869409660107334,0.6125827814569537,0.09,0.05788461538461538,0.2857142857142857,0.7849133527568997,0.7317621153846084
0.75,15473,0.8503937007874016,0.6856127886323268,0.611541774332472,0.08673076923076924,0.054615384615384614,0.2755905511811024,0.7874583827766947,0.7494703846153771
0.75,15474,0.8614609571788413,0.6602687140115163,0.6054721977052074,0.08596153846153846,0.06442307692307692,0.2594458438287154,0.7886276642147007,0.7549928846153768
0.75,15475,0.8682795698924731,0.6974169741697417,0.5764802631578947,0.09903846153846153,0.054038461538461535,0.24731182795698925,0.7941477988631102,0.7747982692307629
0.75,15476,0.824607329842932,0.7021660649819494,0.6027397260273972,0.08923076923076922,0.05576923076923077,0.27486910994764396,0.7778116866120308,0.7516919230769153
0.75,15477,0.8298969072164949,0.7115384615384616,0.5839662447257384,0.0948076923076923,0.061153846153846156,0.27319587628865977,0.7782246239840458,0.7640115384615307
0.75,15478,0.8515625,0.6698841698841699,0.5795356835769562,0.09403846153846154,0.06057692307692308,0.25,0.7829342513437795,0.7693159615384535
0.75,15479,0.8615023474178404,0.7220149253731343,0.6175266175266175,0.08980769230769231,0.06096153846153846,0.27230046948356806,0.7984925825524312,0.7538424999999919
0.75,15480,0.8585858585858586,0.6884328358208955,0.5918196994991652,0.09403846153846154,0.0575,0.22474747474747475,0.7937865291437439,0.7718371153846066
0.75,15481,0.8337730870712401,0.6882453151618398,0.6159110350727117,0.08634615384615385,0.05884615384615385,0.2849604221635884,0.7801708566309796,0.7422661538461451
0.75,15482,0.8421052631578947,0.6814946619217082,0.5962680237489398,0.09153846153846154,0.055384615384615386,0.25526315789473686,0.783092377734349,0.7604411538461473
0.75,15483,0.8790123456790123,0.6797752808988764,0.6031879194630873,0.09096153846153845,0.0648076923076923,0.22962962962962963,0.8018553679136666,0.7662859615384536
0.75,15484,0.8602941176470589,0.7330754352030948,0.6134453781512605,0.08846153846153847,0.06076923076923077,0.27205882352941174,0.7993585854695994,0.7641230769230688
0.75,15485,0.8454106280193237,0.6979362101313321,0.5893877551020408,0.09673076923076923,0.06269230769230769,0.24154589371980675,0.7868364204724226,0.7662499999999909
0.75,15486,0.8633879781420765,0.6890459363957597,0.6060085836909871,0.08826923076923077,0.06076923076923077,0.23497267759562843,0.7970417041251796,0.7750749999999911
0.75,15487,0.8179551122194514,0.6724137931034483,0.5930131004366812,0.08961538461538461,0.05480769230769231,0.2942643391521197,0.7665874673916022,0.7403932692307628
0.75,15488,0.8484848484848485,0.6854545454545454,0.5946622185154296,0.09346153846153846,0.05423076923076923,0.2702020202020202,0.7842648318042814,0.7411084615384541
0.75,15489,0.8537859007832899,0.7022058823529411,0.6049488054607508,0.08903846153846154,0.057115384615384616,0.2584856396866841,0.792286806276786,0.7659936538461463
0.75,15490,0.8427230046948356,0.6823956442831216,0.6181665264928511,0.08730769230769231,0.05557692307692308,0.2746478873239437,0.7846471476718717,0.740947884615377
0.75,15491,0.8593350383631714,0.6636690647482014,0.6093344857389801,0.08692307692307692,0.0575,0.24808184143222506,0.7905024658115267,0.7664474999999922
0.75,15492,0.8415841584158416,0.667953667953668,0.5960034752389227,0.08942307692307692,0.05961538461538462,0.2524752475247525,0.7809621594684885,0.7569107692307618
0.75,15493,0.8668478260869565,0.687382297551789,0.5958188153310104,0.08923076923076922,0.05346153846153846,0.2826086956521739,0.7914280760021193,0.7603419230769154
0.75,15494,0.8445475638051044,0.702247191011236,0.6102394715111478,0.09076923076923077,0.05692307692307692,0.28074245939675174,0.7863216505515843,0.7401626923076847
0.75,15495,0.861904761904762,0.720226843100189,0.5939248601119105,0.09769230769230769,0.05346153846153846,0.23809523809523808,0.7988374236633461,0.7699107692307623
0.75,15496,0.8045685279187818,0.6980392156862745,0.5862369337979094,0.09134615384615384,0.05442307692307692,0.3020304568527919,0.7630345721450644,0.7416640384615317
0.75,15497,0.8582278481012658,0.6879562043795621,0.603201347935973,0.09057692307692308,0.05576923076923077,0.26582278481012656,0.7906742972832365,0.7559869230769156
0.75,15498,0.8623188405797102,0.7286821705426356,0.6159663865546219,0.08788461538461538,0.054615384615384614,0.26570048309178745,0.801048911861548,0.764623076923069
0.75,15499,0.8349753694581281,0.6913357400722022,0.5841423948220065,0.09884615384615385,0.057692307692307696,0.29064039408866993,0.7748603077222528,0.7382299999999925
0.75,15500,0.8461538461538461,0.7022375215146299,0.6069078947368421,0.09192307692307693,0.05961538461538462,0.2743589743589744,0.7870174163978063,0.7527742307692219
0.75,15501,0.8427835051546392,0.7030716723549488,0.6107438016528925,0.09057692307692308,0.057692307692307696,0.27835051546391754,0.7860433793482444,0.7505692307692229
0.75,15502,0.8668555240793201,0.6982758620689655,0.6061381074168798,0.08884615384615385,0.0625,0.2776203966005666,0.7947137301060287,0.7642794230769151
0.75,15503,0.8563829787234043,0.6837121212121212,0.577834179357022,0.09596153846153846,0.05096153846153846,0.22340425531914893,0.7905092187756082,0.7834282692307617
0.75,15504,0.8489208633093526,0.6947162426614482,0.6138528138528139,0.08576923076923076,0.05384615384615385,0.24940047961630696,0.7919050054935047,0.764698076923069
0.75,15505,0.8435897435897436,0.6932038834951456,0.5740585774058578,0.09788461538461539,0.053653846153846156,0.258974358974359,0.7815038991191203,0.760556730769223
0.75,15506,0.8857142857142857,0.7072243346007605,0.6027049873203719,0.09038461538461538,0.05903846153846154,0.22337662337662337,0.8101486277250096,0.7834159615384542
0.75,15507,0.8278481012658228,0.67984934086629,0.593103448275862,0.09076923076923077,0.05903846153846154,0.2759493670886076,0.7737734250090089,0.7554778846153773
0.75,15508,0.8670076726342711,0.7112299465240641,0.6180904522613065,0.0876923076923077,0.06192307692307692,0.2506393861892583,0.8019113355395007,0.7663142307692219
0.75,15509,0.8722891566265061,0.7118959107806692,0.6244761106454317,0.08615384615384615,0.05826923076923077,0.2216867469879518,0.8089774988983075,0.772715961538453
0.75,15510,0.865979381443299,0.7235621521335807,0.606516290726817,0.09057692307692308,0.058076923076923075,0.25,0.8018512575570051,0.7734407692307607
0.75,15511,0.8615384615384616,0.6933797909407665,0.6230899830220713,0.08538461538461538,0.06442307692307692,0.24871794871794872,0.7977695180197665,0.7642178846153755
0.75,15512,0.8136792452830188,0.710261569416499,0.6053772766695577,0.0875,0.05788461538461538,0.294811320754717,0.772539517445603,0.7404871153846088
0.75,15513,0.8618266978922716,0.7266187050359713,0.6251012145748988,0.08903846153846154,0.056346153846153844,0.27634660421545665,0.8002941680705252,0.7457663461538374
0.75,15514,0.8861386138613861,0.7037037037037037,0.6094137076796037,0.09096153846153845,0.05346153846153846,0.22524752475247525,0.8107551803653761,0.7743646153846083
0.75,15515,0.8622448979591837,0.7135325131810193,0.6148760330578512,0.08961538461538461,0.05730769230769231,0.24744897959183673,0.800296826328899,0.7643865384615299
0.75,15516,0.871859296482412,0.6998050682261209,0.5932773109243697,0.09307692307692307,0.05346153846153846,0.2236180904522613,0.8018589834985482,0.7832288461538381
0.75,15517,0.8654822335025381,0.7094188376753507,0.5855096882898062,0.09461538461538462,0.05788461538461538,0.22588832487309646,0.7989396940903081,0.7842032692307616
0.75,15518,0.858560794044665,0.7093690248565966,0.5886699507389163,0.09634615384615385,0.05846153846153846,0.23821339950372208,0.7947804549465088,0.7742976923076839
0.75,15519,0.868632707774799,0.7014134275618374,0.5934156378600823,0.095,0.057692307692307696,0.24128686327077747,0.7982141129216894,0.7667480769230679
0.75,15520,0.8359375,0.7175843694493783,0.6233877901977644,0.08423076923076923,0.05423076923076923,0.2734375,0.7886921166626645,0.7587438461538384
0.75,15521,0.8600917431192661,0.6973684210526315,0.6050283860502839,0.09365384615384616,0.06057692307692308,0.27293577981651373,0.7917691599475709,0.7454351923076856
0.75,15522,0.8601583113456465,0.7145359019264448,0.6183656276326874,0.08711538461538462,0.059423076923076926,0.21899736147757257,0.8036068164877471,0.7819724999999919
0.75,15523,0.8543689320388349,0.6981132075471698,0.594238683127572,0.0948076923076923,0.058076923076923075,0.25970873786407767,0.789596047142644,0.758699999999992
0.75,15524,0.8155339805825242,0.6879562043795621,0.6052631578947368,0.08942307692307692,0.06,0.2936893203883495,0.7695490805117435,0.7358284615384545
0.75,15525,0.8507462686567164,0.6367041198501873,0.5849056603773585,0.09307692307692307,0.06326923076923077,0.2512437810945274,0.7778197845794916,0.759971346153839
0.75,15526,0.8451443569553806,0.7269565217391304,0.6026058631921825,0.09384615384615384,0.05442307692307692,0.2572178477690289,0.7921223525141428,0.7693332692307614
0.75,15527,0.8320413436692506,0.686,0.5969479353680431,0.08634615384615385,0.06096153846153846,0.2997416020671835,0.7745287753522415,0.7520536538461464
0.75,15528,0.8447058823529412,0.6763005780346821,0.5991561181434599,0.09134615384615384,0.05923076923076923,0.27058823529411763,0.7817073698401131,0.749751923076915
0.75,15529,0.8541666666666666,0.6911487758945386,0.617968094038623,0.0875,0.05576923076923077,0.24768518518518517,0.7940309612401574,0.7575146153846073
0.75,15530,0.8117359413202934,0.7306201550387597,0.5988175675675675,0.09134615384615384,0.05692307692307692,0.2885085574572127,0.7744917527253186,0.7541969230769158
0.75,15531,0.8602941176470589,0.7204301075268817,0.626977518734388,0.08615384615384615,0.055384615384615386,0.22303921568627452,0.8056660318180657,0.7817665384615299
0.75,15532,0.8538461538461538,0.7081081081081081,0.6136939983093829,0.08788461538461538,0.05788461538461538,0.2358974358974359,0.7972606109067649,0.7774832692307606
0.75,15533,0.8762135922330098,0.7150635208711433,0.6133225020308692,0.09153846153846154,0.05730769230769231,0.24271844660194175,0.806566501077028,0.7678684615384537
0.75,15534,0.8668280871670703,0.6806569343065694,0.6153198653198653,0.08788461538461538,0.05730769230769231,0.26150121065375304,0.7955106188886284,0.7534842307692227
0.75,15535,0.8535980148883374,0.6744604316546763,0.6006683375104428,0.09192307692307693,0.05615384615384615,0.21836228287841192,0.7917533901623641,0.7679119230769147
0.75,15536,0.8380462724935732,0.7084148727984344,0.5870307167235495,0.09307692307692307,0.054038461538461535,0.2699228791773779,0.782569368935062,0.7661859615384546
0.75,15537,0.8768115942028986,0.7109826589595376,0.5893719806763285,0.09807692307692308,0.0625,0.2463768115942029,0.8014072625944327,0.7677859615384541
0.75,15538,0.8551068883610451,0.6902485659655831,0.5833333333333334,0.09903846153846153,0.060384615384615384,0.2517814726840855,0.7875106305337857,0.756585769230761
0.75,15539,0.8468677494199536,0.7245841035120147,0.6251032204789431,0.08730769230769231,0.054615384615384614,0.2482598607888631,0.797333486582999,0.7635280769230685
0.8,15400,0.8736842105263158,0.7789473684210526,0.691006233303651,0.06673076923076923,0.04346153846153846,0.22105263157894736,0.8325127350106892,0.7983899999999917
0.8,15401,0.9276807980049875,0.758364312267658,0.7414448669201521,0.052307692307692305,0.04057692307692308,0.18453865336658354,0.8649564834743666,0.8149224999999926
0.8,15402,0.8914728682170543,0.7272727272727273,0.6982758620689655,0.06057692307692308,0.04519230769230769,0.26356589147286824,0.8281437239584793,0.7822517307692238
0.8,15403,0.9146341463414634,0.7743589743589744,0.7308031774051191,0.058653846153846154,0.04096153846153846,0.2073170731707317,0.8571550964940026,0.8011948076922991
0.8,15404,0.9302325581395349,0.7395833333333334,0.7043010752688172,0.06346153846153846,0.03653846153846154,0.18087855297157623,0.8573892703945218,0.8052357692307613
0.8,15405,0.9025641025641026,0.7413479052823315,0.717391304347826,0.0575,0.04403846153846154,0.2282051282051282,0.8423504474538688,0.7978582692307604
0.8,15406,0.9273182957393483,0.7641681901279708,0.7316620241411328,0.05557692307692308,0.043076923076923075,0.20551378446115287,0.8613693161831142,0.8053696153846078
0.8,15407,0.8822055137844611,0.7509578544061303,0.7058823529411765,0.05961538461538462,0.04384615384615385,0.24060150375939848,0.8320386137627837,0.7902969230769152
0.8,15408,0.8826666666666667,0.7476808905380334,0.686623012160898,0.06442307692307692,0.041923076923076924,0.23466666666666666,0.8293584718809187,0.7847276923076836
0.8,15409,0.9076923076923077,0.7548500881834215,0.7200736648250461,0.05846153846153846,0.046153846153846156,0.1794871794871795,0.8526632502617769,0.8102299999999915
0.8,15410,0.9131578947368421,0.724907063197026,0.7025738798856054,0.06,0.04557692307692308,0.1868421052631579,0.8467161210687882,0.8019594230769146
0.8,15411,0.9078947368421053,0.7394495412844037,0.7137404580152672,0.057692307692307696,0.04211538461538462,0.2,0.8472552263551724,0.8045871153846077
0.8,15412,0.8989071038251366,0.7895716945996276,0.6978683966635774,0.06269230769230769,0.04288461538461538,0.21584699453551912,0.8468300832388287,0.8161767307692234
0.8,15413,0.8907103825136612,0.7504488330341114,0.6953271028037383,0.06269230769230769,0.04403846153846154,0.18032786885245902,0.8409650856098854,0.8182490384615314
0.8,15414,0.8862433862433863,0.7476280834914611,0.6756255792400371,0.0673076923076923,0.04153846153846154,0.2328042328042328,0.8292707118148763,0.7965949999999928
0.8,15415,0.9215686274509803,0.7787456445993032,0.7158671586715867,0.05923076923076923,0.04057692307692308,0.20448179271708683,0.8589840214455796,0.8113748076922997
0.8,15416,0.8941798941798942,0.7397003745318352,0.6921624173748819,0.06269230769230769,0.04153846153846154,0.21693121693121692,0.836017069419848,0.8031103846153764
0.8,15417,0.8930348258706468,0.7364341085271318,0.6984877126654064,0.06134615384615385,0.043076923076923075,0.22885572139303484,0.8345104466667747,0.7936515384615307
0.8,15418,0.8983050847457628,0.7468354430379747,0.7069431920649234,0.0625,0.04461538461538461,0.21307506053268765,0.8412579230275399,0.7927834615384535
0.8,15419,0.9086161879895561,0.7539543057996485,0.7038043478260869,0.06288461538461539,0.044423076923076926,0.20365535248041775,0.8473916081277132,0.8047248076922997
0.8,15420,0.9024390243902439,0.7642725598526704,0.7248384118190212,0.05730769230769231,0.046153846153846156,0.20243902439024392,0.8499926945481634,0.8037765384615299
0.8,15421,0.896551724137931,0.7567567567567568,0.7052238805970149,0.06076923076923077,0.04211538461538462,0.20689655172413793,0.8429327161418515,0.8039071153846075
0.8,15422,0.9020618556701031,0.7764505119453925,0.7271906052393857,0.058076923076923075,0.039038461538461536,0.21391752577319587,0.8510846429334366,0.8065051923076847
0.8,15423,0.916030534351145,0.7804878048780488,0.7099725526075022,0.06096153846153846,0.04807692307692308,0.2035623409669211,0.8555987804262193,0.8087399999999918
0.8,15424,0.9108433734939759,0.732824427480916,0.699724517906336,0.06288461538461539,0.04384615384615385,0.20240963855421687,0.8445591703755667,0.7983180769230693
0.8,15425,0.889168765743073,0.7226148409893993,0.7277936962750716,0.05480769230769231,0.040192307692307694,0.2367758186397985,0.8346549677198211,0.7853686538461458
0.8,15426,0.9201995012468828,0.7285974499089253,0.7254716981132076,0.05596153846153846,0.045384615384615384,0.1970074812967581,0.8526652917201261,0.8008961538461457
0.8,15427,0.8880597014925373,0.7323688969258589,0.7134831460674157,0.05884615384615385,0.04519230769230769,0.24129353233830847,0.8325003608576904,0.7776871153846064
0.8,15428,0.9108433734939759,0.7313432835820896,0.7129629629629629,0.05961538461538462,0.04269230769230769,0.22409638554216868,0.8439693138672818,0.787255769230761
0.8,15429,0.8638743455497382,0.7308347529812607,0.6963302752293578,0.06365384615384616,0.04730769230769231,0.2486910994764398,0.8182002460489829,0.7696903846153753
0.8,15430,0.9240196078431373,0.7074074074074074,0.6988950276243094,0.06288461538461539,0.040769230769230766,0.19607843137254902,0.8468546971973849,0.7928646153846063
0.8,15431,0.9173789173789174,0.7563352826510721,0.7085828343313373,0.05615384615384615,0.03826923076923077,0.22792022792022792,0.8502524215177382,0.8083455769230703
0.8,15432,0.9164733178654292,0.7627450980392156,0.7031390134529149,0.06365384615384616,0.047692307692307694,0.2088167053364269,0.8511125433558686,0.7984596153846066
0.8,15433,0.9152119700748129,0.728440366972477,0.7009174311926606,0.06269230769230769,0.04423076923076923,0.2119700748129676,0.844708440613357,0.7911903846153755
0.8,15434,0.9002433090024331,0.7523629489603024,0.7164179104477612,0.05846153846153846,0.04038461538461539,0.23114355231143552,0.8427723120307538,0.7866426923076847
0.8,15435,0.8941176470588236,0.7550644567219152,0.7149321266968326,0.06057692307692308,0.05038461538461538,0.1952941176470588,0.8439141592293526,0.8048038461538386
0.8,15436,0.884514435695538,0.7504393673110721,0.7106976744186047,0.059807692307692305,0.046153846153846156,0.2572178477690289,0.8314478944482186,0.7804519230769141
0.8,15437,0.8567708333333334,0.7775700934579439,0.6910946196660482,0.06403846153846154,0.04057692307692308,0.24479166666666666,0.8227947501680563,0.7940448076923
0.8,15438,0.8983050847457628,0.7351778656126482,0.7069457659372027,0.05923076923076923,0.044423076923076926,0.2179176755447942,0.8391504187186156,0.7954444230769157
0.8,15439,0.9177057356608479,0.7419962335216572,0.720226843100189,0.05692307692307692,0.04826923076923077,0.19451371571072318,0.8530574569512993,0.8068678846153764
0.8,15440,0.9211822660098522,0.7445652173913043,0.7168949771689498,0.05961538461538462,0.041346153846153845,0.21428571428571427,0.8522356899038062,0.7987874999999922
0.8,15441,0.9158415841584159,0.735191637630662,0.7180417044424298,0.059807692307692305,0.044807692307692305,0.19306930693069307,0.8509724183884668,0.8021024999999914
0.8,15442,0.9194805194805195,0.7573149741824441,0.7133872416891285,0.06134615384615385,0.044807692307692305,0.2025974025974026,0.8540916626527221,0.8008448076922986
0.8,15443,0.9148351648351648,0.7563176895306859,0.6924493554327809,0.06423076923076923,0.039615384615384615,0.22252747252747251,0.8466812126129716,0.807162692307685
0.8,15444,0.9014778325123153,0.7233201581027668,0.7038461538461539,0.05923076923076923,0.04846153846153846,0.22167487684729065,0.8374586220376325,0.7930653846153752
0.8,15445,0.9007633587786259,0.7485604606525912,0.7126436781609196,0.057692307692307696,0.04807692307692308,0.21374045801526717,0.8435576982182879,0.8090642307692231
0.8,15446,0.9190600522193212,0.7474048442906575,0.7212511499540019,0.05826923076923077,0.046153846153846156,0.18798955613577023,0.8554102574297341,0.807034999999991
0.8,15447,0.905852417302799,0.7383015597920277,0.7057761732851986,0.06269230769230769,0.0425,0.21628498727735368,0.8426214998513146,0.7925698076922991
0.8,15448,0.9123287671232877,0.7385398981324278,0.7097966728280961,0.060384615384615384,0.04,0.19726027397260273,0.8486063056737289,0.8035484615384535
0.8,15449,0.8901408450704226,0.77196261682243,0.6962750716332379,0.061153846153846156,0.04173076923076923,0.23098591549295774,0.8385141430214339,0.8043686538461463
0.8,15450,0.9029850746268657,0.7426086956521739,0.7015985790408525,0.06461538461538462,0.03942307692307692,0.19900497512437812,0.8435874036215023,0.7942905769230679
0.8,15451,0.9050131926121372,0.7463768115942029,0.7049486461251168,0.06076923076923077,0.04326923076923077,0.22955145118733508,0.8419993901441293,0.7902655769230682
0.8,15452,0.8883116883116883,0.7508650519031141,0.6947179946284691,0.06557692307692307,0.04153846153846154,0.22077922077922077,0.8349463301498865,0.7952234615384536
0.8,15453,0.9031413612565445,0.7328519855595668,0.696014828544949,0.06307692307692307,0.05,0.21465968586387435,0.8389509108022151,0.7953834615384534
0.8,15454,0.8761682242990654,0.75139146567718,0.7303370786516854,0.055384615384615386,0.0475,0.23130841121495327,0.8343150088409363,0.7833986538461445
0.8,15455,0.9132791327913279,0.7396021699819169,0.7091254752851711,0.05884615384615385,0.03980769230769231,0.17344173441734417,0.8521050644562301,0.8187109615384541
0.8,15456,0.8823529411764706,0.7618147448015122,0.6993583868011,0.06307692307692307,0.045,0.25,0.8313810763068213,0.7793223076922995
0.8,15457,0.8688524590163934,0.7738317757009345,0.6978074356530028,0.06096153846153846,0.04153846153846154,0.23770491803278687,0.8293111061880593,0.804175769230761
0.8,15458,0.8923512747875354,0.7699619771863118,0.6896551724137931,0.06230769230769231,0.040769230769230766,0.23229461756373937,0.837980898713934,0.8115546153846087
0.8,15459,0.8992443324937027,0.7288801571709234,0.6797385620915033,0.06596153846153846,0.04269230769230769,0.22670025188916876,0.8331051209531207,0.7917799999999925
0.8,15460,0.904,0.775390625,0.698292220113852,0.061153846153846156,0.038461538461538464,0.19466666666666665,0.8497203338928625,0.821277692307685
0.8,15461,0.8964705882352941,0.7479338842975206,0.7116858237547893,0.05788461538461538,0.041923076923076924,0.20941176470588235,0.8423898259535453,0.8052565384615308
0.8,15462,0.9116883116883117,0.7410881801125704,0.6985018726591761,0.06192307692307692,0.04519230769230769,0.21818181818181817,0.8441877975637225,0.8013024999999928
0.8,15463,0.9139784946236559,0.726643598615917,0.7196969696969697,0.05692307692307692,0.04173076923076923,0.21505376344086022,0.8468889138190009,0.7959598076922988
0.8,15464,0.9022556390977443,0.7705779334500875,0.7226738934056007,0.05903846153846154,0.05,0.23558897243107768,0.8462396600042752,0.7873465384615301
0.8,15465,0.8727272727272727,0.7333333333333333,0.7022684310018904,0.06057692307692308,0.044423076923076926,0.24415584415584415,0.8241745899972743,0.7803871153846061
0.8,15466,0.8813131313131313,0.775390625,0.6978484565014031,0.062115384615384614,0.04326923076923077,0.22727272727272727,0.8358323794812921,0.8017709615384547
0.8,15467,0.9076923076923077,0.7367458866544789,0.6919561243144424,0.0648076923076923,0.04211538461538462,0.2128205128205128,0.841437814653354,0.7968094230769149
0.8,15468,0.9250645994832042,0.7612687813021702,0.7197170645446508,0.06096153846153846,0.044807692307692305,0.1834625322997416,0.8602904065669598,0.8103348076922993
0.8,15469,0.890818858560794,0.7623239436619719,0.7193460490463215,0.059423076923076926,0.045384615384615384,0.21588089330024815,0.8422531066365196,0.7936319230769151
0.8,15470,0.8933002481389578,0.7211009174311926,0.69019248395967,0.065,0.0425,0.21588089330024815,0.8322334915656772,0.791230961538453
0.8,15471,0.89501312335958,0.7346938775510204,0.710019267822736,0.05788461538461538,0.04153846153846154,0.2440944881889764,0.8352871219009236,0.7872823076923001
0.8,15472,0.9021164021164021,0.75,0.7268385864374403,0.055,0.040769230769230766,0.21164021164021163,0.8473033117471513,0.8028542307692236
0.8,15473,0.9042056074766355,0.7432950191570882,0.6994584837545126,0.06403846153846154,0.05038461538461538,0.17523364485981308,0.846162785470852,0.813795769230761
0.8,15474,0.9206349206349206,0.7408088235294118,0.7045028142589118,0.06057692307692308,0.04230769230769231,0.20899470899470898,0.8501509535021012,0.8060338461538372
0.8,15475,0.912718204488778,0.7632093933463796,0.6961325966850829,0.06346153846153846,0.04269230769230769,0.2169576059850374,0.8479711073307225,0.8086242307692233
0.8,15476,0.9035532994923858,0.7495621716287215,0.726598702502317,0.05673076923076923,0.04557692307692308,0.2131979695431472,0.847154702944852,0.7939940384615289
0.8,15477,0.8958333333333334,0.740072202166065,0.6962142197599261,0.06326923076923077,0.0425,0.203125,0.838879620036037,0.8010601923076848
0.8,15478,0.8989637305699482,0.7380530973451327,0.7087198515769945,0.060384615384615384,0.041923076923076924,0.19948186528497408,0.8423823716473356,0.8037419230769143
0.8,15479,0.896640826873385,0.7371323529411765,0.7110266159695817,0.05846153846153846,0.04519230769230769,0.23255813953488372,0.837609380941273,0.7904994230769139
0.8,15480,0.8979591836734694,0.7631578947368421,0.7051971326164874,0.06326923076923077,0.04115384615384615,0.24744897959183673,0.8394856874698858,0.7850819230769135
0.8,15481,0.8914728682170543,0.7709790209790209,0.7093862815884476,0.06192307692307692,0.04788461538461539,0.23772609819121446,0.8394968110318586,0.7872813461538368
0.8,15482,0.8933002481389578,0.7607476635514019,0.7095282146160962,0.060384615384615384,0.04173076923076923,0.23076923076923078,0.8400050650482246,0.7954309615384532
0.8,15483,0.8992248062015504,0.7635009310986964,0.7018518518518518,0.06192307692307692,0.044807692307692305,0.2144702842377261,0.8434766235004054,0.8098182692307622
0.8,15484,0.9240506329113924,0.7513227513227513,0.7049910873440285,0.06365384615384616,0.04557692307692308,0.17974683544303796,0.8563420380094245,0.8121090384615317
0.8,15485,0.8929440389294404,0.7177570093457943,0.6986046511627907,0.06230769230769231,0.04115384615384615,0.22141119221411193,0.8324129259427893,0.7853846153846066
0.8,15486,0.9125964010282777,0.7550274223034735,0.7144186046511628,0.05903846153846154,0.047115384615384615,0.2210796915167095,0.848853148438821,0.7907355769230678
0.8,15487,0.8778054862842892,0.7550274223034735,0.7136194029850746,0.05903846153846154,0.04115384615384615,0.22443890274314215,0.8340836629736138,0.7941234615384534
0.8,15488,0.9250645994832042,0.7586837294332724,0.6963963963963964,0.0648076923076923,0.03923076923076923,0.18604651162790697,0.8562518272078006,0.8146076923076855
0.8,15489,0.8986666666666666,0.7361623616236163,0.6989553656220323,0.06096153846153846,0.041346153846153845,0.21866666666666668,0.83826280596994,0.8011698076922988
0.8,15490,0.8778625954198473,0.7509090909090909,0.7137476459510358,0.05846153846153846,0.04634615384615385,0.23155216284987276,0.8323592324360276,0.7929821153846057
0.8,15491,0.9095744680851063,0.7621722846441947,0.7019681349578257,0.061153846153846156,0.04346153846153846,0.19946808510638298,0.8495851338970686,0.820656153846146
0.8,15492,0.8970976253298153,0.7400346620450606,0.7134883720930233,0.05923076923076923,0.04230769230769231,0.21635883905013192,0.8406503215112011,0.7898942307692225
0.8,15493,0.8814432989690721,0.7578125,0.7073643410852714,0.058076923076923075,0.03807692307692308,0.2860824742268041,0.828064988719424,0.7748849999999926
0.8,15494,0.9046454767726161,0.76,0.7124773960216998,0.061153846153846156,0.04230769230769231,0.19315403422982885,0.849465605426111,0.8067338461538383
0.8,15495,0.9238095238095239,0.7042513863216266,0.6878354203935599,0.06711538461538462,0.04230769230769231,0.20476190476190476,0.84315575209513,0.7812784615384527
0.8,15496,0.8933333333333333,0.7106227106227107,0.7053658536585365,0.058076923076923075,0.043076923076923075,0.22666666666666666,0.8320585455195211,0.7918557692307613
0.8,15497,0.8809523809523809,0.720532319391635,0.6926070038910506,0.06076923076923077,0.044807692307692305,0.24338624338624337,0.8242784178256748,0.788265961538453
0.8,15498,0.9014778325123153,0.7449908925318761,0.7156048014773777,0.05923076923076923,0.043076923076923075,0.229064039408867,0.8420085276303492,0.7840842307692218
0.8,15499,0.8894348894348895,0.7525951557093425,0.7173717371737174,0.060384615384615384,0.047115384615384615,0.23095823095823095,0.8378295493500965,0.7825232692307601
0.8,15500,0.8876712328767123,0.7495652173913043,0.7082551594746717,0.059807692307692305,0.041923076923076924,0.19726027397260273,0.8397406881944157,0.8105819230769139
0.8,15501,0.9361702127659575,0.7755102040816326,0.7319391634980988,0.05423076923076923,0.040769230769230766,0.18351063829787234,0.8698540975395218,0.8286099999999925
0.8,15502,0.9223057644110275,0.75,0.7198515769944341,0.058076923076923075,0.04230769230769231,0.19047619047619047,0.8569443451285554,0.8085784615384527
0.8,15503,0.9047619047619048,0.7535460992907801,0.7192307692307692,0.05615384615384615,0.041346153846153845,0.23249299719887956,0.8452643700688132,0.802858653846146
0.8,15504,0.889487870619946,0.736283185840708,0.693953488372093,0.06326923076923077,0.044807692307692305,0.24258760107816713,0.8304178070222189,0.7839471153846074
0.8,15505,0.9102244389027432,0.7508896797153025,0.7293790546802595,0.05615384615384615,0.04153846153846154,0.19950124688279303,0.8525018388152094,0.800210384615375
0.8,15506,0.8952618453865336,0.7337057728119181,0.6946494464944649,0.06365384615384616,0.04211538461538462,0.23940149625935161,0.8330333339780462,0.7820671153846076
0.8,15507,0.8866995073891626,0.7624309392265194,0.712707182320442,0.06,0.046538461538461535,0.23891625615763548,0.8367194904733294,0.78706653846153
0.8,15508,0.899749373433584,0.7607913669064749,0.7287977632805219,0.05596153846153846,0.04673076923076923,0.20050125313283207,0.8491928920304743,0.8116736538461453
0.8,15509,0.8961038961038961,0.7609561752988048,0.6937022900763359,0.06173076923076923,0.047692307692307694,0.24935064935064935,0.8362782517154389,0.8022553846153773
0.8,15510,0.9112709832134293,0.7655038759689923,0.7090576395242452,0.061153846153846156,0.04173076923076923,0.24700239808153476,0.8462229840990583,0.7813986538461439
0.8,15511,0.8867469879518072,0.7684210526315789,0.7008695652173913,0.06615384615384616,0.04211538461538462,0.22409638554216868,0.8374689685338784,0.7848509615384529
0.8,15512,0.9132791327913279,0.7434456928838952,0.6752529898804048,0.06788461538461539,0.045384615384615384,0.2140921409214092,0.84186136984493,0.8058234615384554
0.8,15513,0.912621359223301,0.7388888888888889,0.7110091743119266,0.06057692307692308,0.039038461538461536,0.20145631067961164,0.8484897202181251,0.7995894230769154
0.8,15514,0.8934010152284264,0.7773913043478261,0.7133928571428572,0.06173076923076923,0.03865384615384616,0.22081218274111675,0.8444962654703496,0.7988259615384543
0.8,15515,0.8909090909090909,0.7335766423357665,0.7026548672566372,0.06461538461538462,0.04057692307692308,0.20681818181818182,0.8362114267071343,0.7870971153846072
0.8,15516,0.9311224489795918,0.7482014388489209,0.7238183503243745,0.05730769230769231,0.04326923076923077,0.20918367346938777,0.8586892639394189,0.8017824999999932
0.8,15517,0.8987951807228916,0.7648148148148148,0.7081081081081081,0.06230769230769231,0.04807692307692308,0.21204819277108433,0.8444383136612053,0.7890403846153766
0.8,15518,0.898936170212766,0.7611111111111111,0.6871559633027523,0.06557692307692307,0.04557692307692308,0.23138297872340424,0.8384745389904086,0.7951951923076843
0.8,15519,0.900804289544236,0.7572463768115942,0.7146919431279621,0.05788461538461538,0.04096153846153846,0.1876675603217158,0.8487878328515892,0.8156355769230703
0.8,15520,0.875,0.7216494845360825,0.7057220708446866,0.06230769230769231,0.04384615384615385,0.24509803921568626,0.8234917042766084,0.774862692307683
0.8,15521,0.88,0.7651515151515151,0.7064485081809432,0.058653846153846154,0.04634615384615385,0.256,0.8315608797234206,0.7946209615384537
0.8,15522,0.9101654846335697,0.7718631178707225,0.7217153284671532,0.058653846153846154,0.044807692307692305,0.20094562647754138,0.8541404270596652,0.8104290384615312
0.8,15523,0.8964646464646465,0.7577319587628866,0.7056737588652482,0.06384615384615384,0.04403846153846154,0.23484848484848486,0.8393378498996068,0.7834774999999908
0.8,15524,0.9071618037135278,0.7443181818181818,0.7074109720885466,0.05846153846153846,0.043076923076923075,0.20689655172413793,0.8458780473053216,0.8081257692307617
0.8,15525,0.8982188295165394,0.7629233511586453,0.7138939670932358,0.06019230769230769,0.04461538461538461,0.21119592875318066,0.8452251346788473,0.803208461538453
0.8,15526,0.9043927648578811,0.72,0.699812382739212,0.06153846153846154,0.04730769230769231,0.20930232558139536,0.8389101080617246,0.797870384615376
0.8,15527,0.9111675126903553,0.7557692307692307,0.7175572519083969,0.05692307692307692,0.04519230769230769,0.19289340101522842,0.8525203932445281,0.8143563461538393
0.8,15528,0.9150485436893204,0.7718631178707225,0.7276951672862454,0.056346153846153844,0.04326923076923077,0.20388349514563106,0.8569990219806597,0.8056751923076841
0.8,15529,0.9012658227848102,0.7321100917431193,0.7049486461251168,0.06076923076923077,0.040192307692307694,0.21772151898734177,0.8397470268890931,0.7933424999999916
0.8,15530,0.8974358974358975,0.7384898710865562,0.7204399633363886,0.058653846153846154,0.04865384615384615,0.2191142191142191,0.8408647294856987,0.7870386538461455
0.8,15531,0.9076923076923077,0.7199281867145422,0.7373046875,0.05173076923076923,0.04173076923076923,0.2076923076923077,0.847041935355096,0.7963921153846064
0.8,15532,0.9177377892030848,0.7241379310344828,0.7186311787072244,0.05692307692307692,0.04346153846153846,0.21079691516709512,0.8483246756297729,0.8010042307692223
0.8,15533,0.8882521489971347,0.7531760435571688,0.6833176248821866,0.06461538461538462,0.049423076923076924,0.2349570200573066,0.8316167715476499,0.7979078846153765
0.8,15534,0.8537859007832899,0.7641681901279708,0.6847426470588235,0.06596153846153846,0.040192307692307694,0.26631853785900783,0.8157550424869191,0.784412115384607
0.8,15535,0.8630490956072352,0.7544554455445545,0.6868395773294909,0.06269230769230769,0.04346153846153846,0.24289405684754523,0.8213268223696677,0.7929569230769161
0.8,15536,0.8793969849246231,0.7310469314079422,0.7036346691519105,0.061153846153846156,0.04461538461538461,0.21608040201005024,0.8301011404413662,0.791303461538453
0.8,15537,0.8791773778920309,0.7526132404181185,0.7004524886877828,0.06365384615384616,0.039615384615384615,0.2647814910025707,0.8272198789852252,0.773073076923069
0.8,15538,0.9121447028423773,0.765625,0.7192028985507246,0.05961538461538462,0.03923076923076923,0.2041343669250646,0.8534776723445074,0.8006623076922992
0.8,15539,0.8982188295165394,0.7415730337078652,0.7086092715231788,0.05923076923076923,0.04230769230769231,0.20610687022900764,0.8419145289144306,0.8063273076922991
0.85,15400,0.9546599496221663,0.8186915887850468,0.8161838161838162,0.03538461538461538,0.03346153846153846,0.181360201511335,0.8989041892851375,0.8343146153846085
0.85,15401,0.9473684210526315,0.8122605363984674,0.7903225806451613,0.04,0.034423076923076924,0.1631578947368421,0.8928572519723769,0.842622499999993
0.85,15402,0.949238578680203,0.798951048951049,0.8052325581395349,0.03865384615384616,0.029423076923076923,0.13705583756345177,0.8971674592790045,0.8447551923076858
0.85,15403,0.960880195599022,0.8111753371868978,0.8067393458870169,0.0375,0.035576923076923075,0.18337408312958436,0.8984117391655096,0.825740192307685
0.85,15404,0.9460154241645244,0.8036697247706422,0.7948717948717948,0.04,0.025384615384615384,0.17994858611825193,0.890078778137187,0.8330969230769163
0.85,15405,0.9475,0.7902621722846442,0.7994011976047904,0.03865384615384616,0.031538461538461536,0.195,0.8871504229225216,0.8184753846153769
0.85,15406,0.9319371727748691,0.7980582524271844,0.8039832285115304,0.03596153846153846,0.033269230769230766,0.17015706806282724,0.8856494290855618,0.8391767307692239
0.85,15407,0.9353233830845771,0.7801980198019802,0.8191489361702128,0.032692307692307694,0.028653846153846155,0.18407960199004975,0.8852703413504015,0.8272913461538381
0.85,15408,0.9588688946015425,0.8188824662813102,0.7924528301886793,0.040192307692307694,0.03076923076923077,0.16195372750642673,0.8993896946479168,0.8474811538461462
0.85,15409,0.949874686716792,0.8190127970749543,0.8261738261738262,0.03346153846153846,0.030576923076923078,0.17543859649122806,0.8994203508076644,0.8356944230769143
0.85,15410,0.9368421052631579,0.8354430379746836,0.821285140562249,0.03423076923076923,0.029038461538461537,0.21052631578947367,0.8916959474550691,0.8342078846153779
0.85,15411,0.937984496124031,0.7833333333333333,0.8004073319755601,0.03769230769230769,0.03403846153846154,0.16020671834625322,0.8863075035189159,0.8408128846153771
0.85,15412,0.9417721518987342,0.8194945848375451,0.8090107737512243,0.0375,0.02980769230769231,0.16455696202531644,0.8946396487151476,0.8415444230769159
0.85,15413,0.9562982005141388,0.7790697674418605,0.7938461538461539,0.03865384615384616,0.029423076923076923,0.18508997429305912,0.8895933023991611,0.8255240384615316
0.85,15414,0.9390519187358917,0.8236434108527132,0.827755905511811,0.03365384615384615,0.032115384615384615,0.18510158013544017,0.8945660810686016,0.8240386538461457
0.85,15415,0.9463806970509383,0.7915936952714536,0.8058058058058059,0.037307692307692306,0.03653846153846154,0.2037533512064343,0.8865742177497905,0.8144738461538381
0.85,15416,0.9472361809045227,0.7952468007312614,0.8177240684793555,0.03480769230769231,0.03423076923076923,0.20100502512562815,0.8899048352843204,0.8136630769230682
0.85,15417,0.947242206235012,0.8356164383561644,0.8170974155069582,0.03538461538461538,0.031538461538461536,0.16786570743405277,0.90035934080381,0.8458876923076858
0.85,15418,0.9440203562340967,0.8029197080291971,0.8061630218687873,0.0375,0.02980769230769231,0.19338422391857507,0.8890739575559319,0.8242771153846068
0.85,15419,0.9475,0.7868561278863233,0.8370672097759674,0.03076923076923077,0.029423076923076923,0.18,0.8945940821381394,0.8256974999999924
0.85,15420,0.9526184538653366,0.8217821782178217,0.8174358974358974,0.03423076923076923,0.029038461538461537,0.1770573566084788,0.8996136573709165,0.84464903846153
0.85,15421,0.9416445623342176,0.7985739750445633,0.812753036437247,0.035576923076923075,0.031153846153846153,0.19363395225464192,0.8883849799412359,0.8230611538461461
0.85,15422,0.9545454545454546,0.7980392156862746,0.8043032786885246,0.036730769230769234,0.027692307692307693,0.2222222222222222,0.8891965423840062,0.8190261538461461
0.85,15423,0.9562982005141388,0.8111111111111111,0.8132530120481928,0.03576923076923077,0.025384615384615384,0.16966580976863754,0.8998185465082266,0.8409146153846072
0.85,15424,0.9536585365853658,0.7935606060606061,0.8223350253807107,0.03365384615384615,0.027692307692307693,0.16097560975609757,0.8982891896411953,0.838078846153839
0.85,15425,0.9699248120300752,0.8361266294227188,0.810077519379845,0.03769230769230769,0.028846153846153848,0.17042606516290726,0.908608406653896,0.8491157692307629
0.85,15426,0.9521531100478469,0.822429906542056,0.8096618357487922,0.037884615384615385,0.03576923076923077,0.1507177033492823,0.9008250084851261,0.845896153846145
0.85,15427,0.9651162790697675,0.7836734693877551,0.7966101694915254,0.03923076923076923,0.03096153846153846,0.16744186046511628,0.8963882235535735,0.8312948076922995
0.85,15428,0.9656862745098039,0.7996289424860853,0.8144126357354393,0.036153846153846154,0.03307692307692308,0.14460784313725492,0.9045936939183823,0.8435996153846073
0.85,15429,0.9562982005141388,0.8271375464684015,0.8137450199203188,0.03596153846153846,0.036153846153846154,0.17994858611825193,0.9005523394901522,0.8433546153846074
0.85,15430,0.9366197183098591,0.7729941291585127,0.8227979274611399,0.03288461538461539,0.02923076923076923,0.1643192488262911,0.8874904346485999,0.8304019230769148
0.85,15431,0.9443099273607748,0.8026315789473685,0.799412915851272,0.03942307692307692,0.031538461538461536,0.20581113801452786,0.8864170783959238,0.8180369230769167
0.85,15432,0.9517766497461929,0.7968476357267951,0.812133072407045,0.036923076923076927,0.02346153846153846,0.1649746192893401,0.8960434904319537,0.837200384615377
0.85,15433,0.9525065963060686,0.8247011952191236,0.814931650893796,0.033846153846153845,0.030576923076923078,0.17678100263852242,0.8996624417228866,0.8507521153846084
0.85,15434,0.9609756097560975,0.8109640831758034,0.8108374384236453,0.036923076923076927,0.032115384615384615,0.15365853658536585,0.9028229956255253,0.8485413461538395
0.85,15435,0.9485861182519281,0.8104693140794224,0.8204613841524574,0.034423076923076924,0.02673076923076923,0.16709511568123395,0.8978482859719595,0.8367628846153761
0.85,15436,0.9583333333333334,0.8212389380530973,0.8204868154158215,0.03403846153846154,0.02980769230769231,0.16944444444444445,0.9032407432210696,0.8386386538461453
0.85,15437,0.9496221662468514,0.8026981450252951,0.8170498084291188,0.036730769230769234,0.02673076923076923,0.15365239294710328,0.8979447759772259,0.8320209615384536
0.85,15438,0.9416445623342176,0.8336314847942755,0.8088669950738916,0.037307692307692306,0.03192307692307692,0.16976127320954906,0.8960956264265005,0.8454692307692235
0.85,15439,0.9302949061662198,0.8176795580110497,0.8038617886178862,0.03711538461538461,0.03230769230769231,0.21447721179624665,0.8827059748625349,0.8248123076923002
0.85,15440,0.9547738693467337,0.8237476808905381,0.8054740957966764,0.03826923076923077,0.02980769230769231,0.16331658291457288,0.9003576529145156,0.8386159615384526
0.85,15441,0.9455958549222798,0.791907514450867,0.8185654008438819,0.03307692307692308,0.029038461538461537,0.16062176165803108,0.894130006098676,0.8428755769230679
0.85,15442,0.9195710455764075,0.8096947935368043,0.7947947947947948,0.03942307692307692,0.03096153846153846,0.19571045576407506,0.8777570226875621,0.8319594230769166
0.85,15443,0.9518413597733711,0.8152542372881356,0.8049261083743843,0.03807692307692308,0.0325,0.1529745042492918,0.8987890714257241,0.8517624999999921
0.85,15444,0.9444444444444444,0.8018348623853211,0.823966065747614,0.03192307692307692,0.029038461538461537,0.18333333333333332,0.8933808784683687,0.8408121153846075
0.85,15445,0.9609375,0.810077519379845,0.811340206185567,0.03519230769230769,0.032115384615384615,0.16666666666666666,0.9013476281206008,0.8487778846153777
0.85,15446,0.9458762886597938,0.7788104089219331,0.7963525835866262,0.03865384615384616,0.02923076923076923,0.15721649484536082,0.8888818582160763,0.8409580769230707
0.85,15447,0.9483695652173914,0.8122676579925651,0.8111455108359134,0.03519230769230769,0.02673076923076923,0.15760869565217392,0.8978022937858049,0.8539921153846081
0.85,15448,0.9422572178477691,0.7899461400359067,0.8194871794871795,0.033846153846153845,0.027115384615384614,0.1942257217847769,0.8885489939543015,0.8274663461538393
0.85,15449,0.9462915601023018,0.7872727272727272,0.8269824922760041,0.03230769230769231,0.03423076923076923,0.17391304347826086,0.8930294599232371,0.831299230769222
0.85,15450,0.9533169533169533,0.8134328358208955,0.8086359175662414,0.0375,0.02846153846153846,0.16953316953316952,0.8979497299320649,0.8378911538461462
0.85,15451,0.963254593175853,0.786692759295499,0.8060796645702306,0.035576923076923075,0.03423076923076923,0.16535433070866143,0.8978348655143925,0.8424603846153778
0.85,15452,0.9256410256410257,0.8225806451612904,0.8118811881188119,0.03653846153846154,0.03134615384615384,0.16666666666666666,0.8885108849470554,0.8398817307692225
0.85,15453,0.9283819628647215,0.779385171790235,0.8160919540229885,0.033846153846153845,0.033269230769230766,0.20689655172413793,0.8786665700151733,0.82228403846153
0.85,15454,0.9545454545454546,0.7924528301886793,0.7993827160493827,0.0375,0.0325,0.18716577540106952,0.8914552309380648,0.83907057692307
0.85,15455,0.9506493506493506,0.7885714285714286,0.8150470219435737,0.03403846153846154,0.027884615384615386,0.19220779220779222,0.891408880774398,0.8293032692307618
0.85,15456,0.9560723514211886,0.7833333333333333,0.8217616580310881,0.03307692307692308,0.03076923076923077,0.15503875968992248,0.8981718557379478,0.8432480769230686
0.85,15457,0.9463414634146341,0.7915129151291513,0.821105527638191,0.03423076923076923,0.028076923076923076,0.18292682926829268,0.8920013431042698,0.8243115384615309
0.85,15458,0.9570707070707071,0.8014440433212996,0.8132411067193676,0.03634615384615385,0.029423076923076923,0.14393939393939395,0.9013817715690893,0.8404244230769163
0.85,15459,0.9430051813471503,0.7974910394265233,0.8081918081918081,0.036923076923076927,0.029038461538461537,0.19170984455958548,0.8883677988891343,0.8235021153846072
0.85,15460,0.9514066496163683,0.8189655172413793,0.8105263157894737,0.03807692307692308,0.031538461538461536,0.17135549872122763,0.8978362999614744,0.8343980769230692
0.85,15461,0.9596977329974811,0.8170515097690941,0.8055555555555556,0.039038461538461536,0.03192307692307692,0.15365239294710328,0.9023215492768918,0.8420449999999922
0.85,15462,0.9498680738786279,0.7679558011049724,0.7985611510791367,0.03769230769230769,0.035,0.16094986807387862,0.8884328654188022,0.8299669230769153
0.85,15463,0.9692737430167597,0.7893772893772893,0.783484390735146,0.041346153846153845,0.02846153846153846,0.15921787709497207,0.8981347001266214,0.8427303846153784
0.85,15464,0.9543269230769231,0.8107142857142857,0.8005644402634055,0.040769230769230766,0.02673076923076923,0.18269230769230768,0.895006768889624,0.819392884615376
0.85,15465,0.9465116279069767,0.8018018018018018,0.8208092485549133,0.03576923076923077,0.030384615384615385,0.1744186046511628,0.8944062342487669,0.8335226923076842
0.85,15466,0.9443155452436195,0.8126036484245439,0.8176845943482224,0.038461538461538464,0.028846153846153848,0.18793503480278423,0.8929758287057411,0.8134792307692219
0.85,15467,0.9529702970297029,0.7748091603053435,0.8063200815494393,0.03653846153846154,0.02653846153846154,0.1707920792079208,0.8913605984671473,0.830849230769224
0.85,15468,0.9539295392953929,0.8153846153846154,0.7918367346938775,0.03923076923076923,0.03192307692307692,0.15718157181571815,0.8972688376663985,0.8497942307692234
0.85,15469,0.9387755102040817,0.8101933216168717,0.8357211079274116,0.03307692307692308,0.030576923076923078,0.14285714285714285,0.8986324360190865,0.8451090384615303
0.85,15470,0.9477806788511749,0.7926605504587156,0.7894736842105263,0.040769230769230766,0.03423076923076923,0.1618798955613577,0.8898635322822295,0.8428946153846076
0.85,15471,0.9411764705882353,0.8183556405353728,0.8074534161490683,0.03576923076923077,0.03230769230769231,0.16844919786096257,0.893545210034888,0.8498223076923
0.85,15472,0.9525,0.841796875,0.8235294117647058,0.03346153846153846,0.03519230769230769,0.1625,0.9050739253393666,0.8469271153846082
0.85,15473,0.9543269230769231,0.8055045871559633,0.8212180746561886,0.035,0.03230769230769231,0.16105769230769232,0.8999031874737438,0.8378361538461452
0.85,15474,0.9685863874345549,0.7771739130434783,0.8161389172625128,0.03461538461538462,0.027884615384615386,0.15706806282722513,0.9014307743023391,0.8383594230769147
0.85,15475,0.9763157894736842,0.8417508417508418,0.8163074039362699,0.03769230769230769,0.031153846153846153,0.13157894736842105,0.9175878675874877,0.8605023076923002
0.85,15476,0.9506493506493506,0.7714808043875686,0.8008130081300813,0.03769230769230769,0.0325,0.17922077922077922,0.8875977528372253,0.8263074999999923
0.85,15477,0.9424083769633508,0.8284671532846716,0.8156312625250501,0.03538461538461538,0.03096153846153846,0.17015706806282724,0.8967396375899687,0.8364621153846086
0.85,15478,0.9515738498789347,0.8158844765342961,0.8211856171039844,0.03538461538461538,0.02826923076923077,0.1864406779661017,0.8975610228486502,0.8262921153846068
0.85,15479,0.9348958333333334,0.818,0.7991675338189386,0.03711538461538461,0.03365384615384615,0.16666666666666666,0.8896889355038823,0.8483790384615318
0.85,15480,0.937799043062201,0.8257042253521126,0.8351115421920465,0.032692307692307694,0.027692307692307693,0.20574162679425836,0.8932841256032688,0.8141473076922989
0.85,15481,0.9305912596401028,0.8021778584392014,0.8154158215010142,0.035,0.031153846153846153,0.21079691516709512,0.8826901408199752,0.8155665384615312
0.85,15482,0.9558441558441558,0.7937956204379562,0.8135764944275583,0.03538461538461538,0.030576923076923078,0.17142857142857143,0.8964180484499711,0.834424423076916
0.85,15483,0.9679144385026738,0.8037383177570093,0.8123076923076923,0.03519230769230769,0.027692307692307693,0.1925133689839572,0.9005628984264773,0.8345673076922997
0.85,15484,0.9491525423728814,0.7936802973977695,0.7882231404958677,0.03942307692307692,0.03173076923076923,0.1553672316384181,0.8914939334069107,0.8495621153846082
0.85,15485,0.9416058394160584,0.806282722513089,0.8171318575553417,0.03653846153846154,0.03076923076923077,0.18491484184914841,0.8911883671926888,0.817894999999991
0.85,15486,0.9328537170263789,0.793418647166362,0.834685598377282,0.03134615384615384,0.029615384615384616,0.2038369304556355,0.8862295583543017,0.8151819230769148
0.85,15487,0.9345549738219895,0.8055555555555556,0.7983870967741935,0.038461538461538464,0.027307692307692307,0.17539267015706805,0.886644435639048,0.8336465384615301
0.85,15488,0.9564032697547684,0.7790262172284644,0.7956431535269709,0.037884615384615385,0.03423076923076923,0.1771117166212534,0.8906278958604749,0.8332026923076833
0.85,15489,0.9407216494845361,0.7874762808349146,0.8125,0.03461538461538462,0.02846153846153846,0.18041237113402062,0.8880305824117782,0.8287038461538383
0.85,15490,0.9622166246851386,0.8014705882352942,0.8229376257545271,0.033846153846153845,0.031538461538461536,0.1964735516372796,0.8987237948176425,0.8254584615384531
0.85,15491,0.9452380952380952,0.8014440433212996,0.8351539225422046,0.03192307692307692,0.03173076923076923,0.18333333333333332,0.8950564422411627,0.8237263461538374
0.85,15492,0.9484536082474226,0.7890772128060264,0.7925478348439073,0.039615384615384615,0.02673076923076923,0.17525773195876287,0.8889632539405925,0.8285813461538389
0.85,15493,0.945,0.802491103202847,0.8111545988258317,0.03711538461538461,0.03288461538461539,0.15,0.8951756049634566,0.8408494230769158
0.85,15494,0.9539641943734015,0.7976190476190477,0.808837656099904,0.03826923076923077,0.025576923076923077,0.16112531969309463,0.8968247042851532,0.8349809615384538
0.85,15495,0.949748743718593,0.8283018867924529,0.8219315895372233,0.03403846153846154,0.0275,0.1708542713567839,0.9009368380671525,0.8416748076923012
0.85,15496,0.9470899470899471,0.8321428571428572,0.833164812942366,0.03173076923076923,0.03,0.1746031746031746,0.9016382508571084,0.845779615384607
0.85,15497,0.9552238805970149,0.7945205479452054,0.8220603537981269,0.03288461538461539,0.02980769230769231,0.15422885572139303,0.8998213812902267,0.8483982692307637
0.85,15498,0.9393203883495146,0.8111753371868978,0.8031809145129225,0.03807692307692308,0.025384615384615384,0.16262135922330098,0.8919026127509436,0.8369646153846065
0.85,15499,0.9458762886597938,0.7865961199294532,0.8203834510595358,0.03423076923076923,0.03480769230769231,0.17783505154639176,0.8911253589270556,0.822307884615376
0.85,15500,0.9507772020725389,0.8077634011090573,0.804,0.03769230769230769,0.028653846153846155,0.19689119170984457,0.8920131645042726,0.8275144230769148
0.85,15501,0.9517766497461929,0.7954971857410882,0.8271221532091098,0.032115384615384615,0.03480769230769231,0.1802030456852792,0.8958984785790169,0.8315674999999922
0.85,15502,0.9256410256410257,0.8120300751879699,0.8175257731958763,0.03403846153846154,0.02653846153846154,0.2230769230769231,0.881382266431344,0.813840384615377
0.85,15503,0.9319371727748691,0.8188539741219963,0.8128179043743642,0.03538461538461538,0.03,0.19109947643979058,0.8879543563261391,0.8351419230769156
0.85,15504,0.9381188118811881,0.8132295719844358,0.7883283877349159,0.04115384615384615,0.03076923076923077,0.19306930693069307,0.8853627514972753,0.8276626923076854
0.85,15505,0.9358024691358025,0.789198606271777,0.8023143683702989,0.03942307692307692,0.028846153846153848,0.17777777777777778,0.8846264153559529,0.8270638461538375
0.85,15506,0.946969696969697,0.8069216757741348,0.8147410358565738,0.03576923076923077,0.02923076923076923,0.16666666666666666,0.8955677166402853,0.8417199999999923
0.85,15507,0.9567567567567568,0.7803030303030303,0.8166311300639659,0.03307692307692308,0.032115384615384615,0.1810810810810811,0.8940503357809327,0.8352101923076863
0.85,15508,0.9437340153452686,0.7884615384615384,0.8006166495375129,0.037307692307692306,0.030384615384615385,0.18925831202046037,0.8863436199378094,0.8294669230769154
0.85,15509,0.9489559164733179,0.7881040892193308,0.8017324350336862,0.039615384615384615,0.029423076923076923,0.1740139211136891,0.8902920864880368,0.821697884615376
0.85,15510,0.9516908212560387,0.8109540636042403,0.8170498084291188,0.036730769230769234,0.02846153846153846,0.16183574879227053,0.8990487091984496,0.8356699999999911
0.85,15511,0.9344262295081968,0.7884972170686456,0.7866666666666666,0.04,0.030576923076923078,0.24043715846994534,0.8740648300567503,0.8067644230769145
0.85,15512,0.9437869822485208,0.7922330097087379,0.8024282560706402,0.034423076923076924,0.030192307692307692,0.21005917159763313,0.8850268232021044,0.8318444230769163
0.85,15513,0.9479905437352246,0.8058076225045372,0.8180058083252663,0.036153846153846154,0.028653846153846155,0.18439716312056736,0.8941437861759741,0.8268101923076854
0.85,15514,0.955,0.797752808988764,0.8261758691206544,0.032692307692307694,0.026153846153846153,0.1625,0.9000666095766322,0.8477899999999935
0.85,15515,0.9399038461538461,0.7817531305903399,0.8206144697720515,0.03480769230769231,0.028653846153846155,0.1971153846153846,0.8858722958933108,0.8077594230769148
0.85,15516,0.9541062801932367,0.829443447037702,0.8092540132200189,0.03884615384615384,0.029038461538461537,0.17149758454106281,0.9005245178361437,0.8338074999999919
0.85,15517,0.9591836734693877,0.802536231884058,0.8281092012133469,0.032692307692307694,0.03,0.15051020408163265,0.904067772869434,0.8393565384615319
0.85,15518,0.9527777777777777,0.7816764132553606,0.8285077951002228,0.029615384615384616,0.03,0.19166666666666668,0.893464445640017,0.8356015384615321
0.85,15519,0.9358288770053476,0.8282097649186256,0.8287179487179487,0.032115384615384615,0.03403846153846154,0.21657754010695188,0.8903390525830586,0.8204855769230688
0.85,15520,0.9373601789709173,0.8102766798418972,0.8323293172690763,0.032115384615384615,0.0325,0.1789709172259508,0.8932235998315071,0.8331598076922999
0.85,15521,0.9501246882793017,0.8203266787658802,0.8056092843326886,0.03865384615384616,0.033269230769230766,0.18453865336658354,0.8950837606208956,0.8298844230769161
0.85,15522,0.9441489361702128,0.7935368043087971,0.813265306122449,0.03519230769230769,0.030192307692307692,0.1702127659574468,0.8916092835923769,0.8381836538461463
0.85,15523,0.9648648648648649,0.7848101265822784,0.8213914849428868,0.03307692307692308,0.030192307692307692,0.14054054054054055,0.9038235757543164,0.8511140384615307
0.85,15524,0.9358974358974359,0.7932960893854749,0.8256784968684759,0.032115384615384615,0.031538461538461536,0.19230769230769232,0.8874185177094164,0.8298246153846079
0.85,15525,0.9375,0.7938144329896907,0.8287128712871287,0.033269230769230766,0.02673076923076923,0.1725,0.8911493420277793,0.8328048076923005
0.85,15526,0.9333333333333333,0.7952029520295203,0.782010582010582,0.039615384615384615,0.026923076923076925,0.20303030303030303,0.8787733943656453,0.8344749999999936
0.85,15527,0.9435897435897436,0.7882562277580071,0.8093812375249501,0.036730769230769234,0.02826923076923077,0.1641025641025641,0.8906805235409281,0.8323263461538384
0.85,15528,0.9358974358974359,0.8104906937394247,0.8131021194605009,0.037307692307692306,0.03288461538461539,0.18461538461538463,0.8887320384920087,0.8246140384615293
0.85,15529,0.9502487562189055,0.8,0.8224852071005917,0.03461538461538462,0.031538461538461536,0.15422885572139303,0.8983910977656099,0.8349430769230676
0.85,15530,0.937799043062201,0.8301158301158301,0.8162859980139027,0.035576923076923075,0.029423076923076923,0.19856459330143542,0.8918233425073545,0.8262840384615309
0.85,15531,0.9353233830845771,0.7992424242424242,0.8184615384615385,0.03403846153846154,0.03365384615384615,0.1890547263681592,0.8871895800716696,0.8277259615384536
0.85,15532,0.9492753623188406,0.7853309481216458,0.8205128205128205,0.035,0.026153846153846153,0.1642512077294686,0.8944410230484042,0.8266930769230669
0.85,15533,0.9484777517564403,0.8053435114503816,0.8228855721393035,0.03423076923076923,0.030192307692307692,0.17330210772833723,0.8963887293572527,0.833693269230761
0.85,15534,0.968421052631579,0.8232142857142857,0.8356854838709677,0.03134615384615384,0.03,0.1394736842105263,0.9137756380716059,0.8594638461538382
0.85,15535,0.9572192513368984,0.8416833667334669,0.8053830227743272,0.036153846153846154,0.03076923076923077,0.14705882352941177,0.9063464501421898,0.8613223076923009
0.85,15536,0.9661399548532731,0.8164335664335665,0.8380149812734082,0.033269230769230766,0.03346153846153846,0.14446952595936793,0.9110592905462829,0.8419419230769152
0.85,15537,0.9538461538461539,0.8003472222222222,0.8247524752475247,0.03403846153846154,0.027115384615384614,0.20256410256410257,0.8947978251671321,0.8238721153846083
0.85,15538,0.9656992084432717,0.7804428044280443,0.8117283950617284,0.03519230769230769,0.028653846153846155,0.1820580474934037,0.8970210643256331,0.8306282692307609
0.85,15539,0.9670050761421319,0.8032786885245902,0.8106508875739645,0.036923076923076927,0.028653846153846155,0.1598984771573604,0.9035584906835632,0.8375536538461452
0.9,15400,0.9855421686746988,0.8600746268656716,0.894141829393628,0.019807692307692307,0.01942307692307692,0.08433734939759036,0.9434528714831243,0.8879332692307617
0.9,15401,0.9821428571428571,0.8701298701298701,0.8961175236096537,0.01903846153846154,0.01942307692307692,0.1836734693877551,0.9320671854303694,0.8449871153846068
0.9,15402,0.9675675675675676,0.8465703971119134,0.8989130434782608,0.017884615384615384,0.019615384615384614,0.15135135135135136,0.9265499212256942,0.8609942307692241
0.9,15403,0.9659090909090909,0.8628158844765343,0.8881650380021715,0.019807692307692307,0.01942307692307692,0.15625,0.9261793111722139,0.8608424999999933
0.9,15404,0.9711286089238845,0.8733944954128441,0.8990435706695006,0.01826923076923077,0.018461538461538463,0.17585301837270342,0.929446257318477,0.8546588461538391
0.9,15405,0.9834905660377359,0.8461538461538461,0.8891108891108891,0.021346153846153845,0.021346153846153845,0.15566037735849056,0.9308315476975855,0.8438867307692215
0.9,15406,0.98,0.8613861386138614,0.8959913326110509,0.018461538461538463,0.018461538461538463,0.1625,0.9324067225899189,0.8620534615384536
0.9,15407,0.9761904761904762,0.8476953907815631,0.8959276018099548,0.01769230769230769,0.019230769230769232,0.15873015873015872,0.9290904308077478,0.8634469230769161
0.9,15408,0.9856801909307876,0.8697247706422019,0.9106776180698152,0.01673076923076923,0.025,0.15035799522673032,0.9394204736731726,0.8620988461538377
0.9,15409,0.9705159705159705,0.8414634146341463,0.9079627714581179,0.017115384615384616,0.01673076923076923,0.16461916461916462,0.9268959575926232,0.8391705769230688
0.9,15410,0.985,0.8306122448979592,0.8782894736842105,0.021346153846153845,0.02,0.1325,0.9303238701148474,0.8702369230769159
0.9,15411,0.9702233250620348,0.8717948717948718,0.9040667361835245,0.01769230769230769,0.017115384615384616,0.14640198511166252,0.9331859270193742,0.8695286538461453
0.9,15412,0.9719387755102041,0.8674242424242424,0.9002145922746781,0.017884615384615384,0.016923076923076923,0.15306122448979592,0.9318610143279978,0.8564138461538374
0.9,15413,0.9785714285714285,0.8685185185185185,0.887991927346115,0.021346153846153845,0.016923076923076923,0.15476190476190477,0.9325604042199905,0.8567165384615306
0.9,15414,0.9814323607427056,0.8621359223300971,0.8867102396514162,0.02,0.014423076923076924,0.14323607427055704,0.9342290591080987,0.8662448076923002
0.9,15415,0.9722921914357683,0.8852772466539197,0.889937106918239,0.020192307692307693,0.019807692307692307,0.1561712846347607,0.9326500283723398,0.8678209615384552
0.9,15416,0.9848101265822785,0.8592870544090057,0.900106269925611,0.018076923076923077,0.020192307692307693,0.1518987341772152,0.9358739807890868,0.8627309615384524
0.9,15417,0.9784688995215312,0.8617021276595744,0.9095528455284553,0.017115384615384616,0.01942307692307692,0.18899521531100477,0.9306103276843151,0.8353651923076841
0.9,15418,0.9898734177215189,0.8548951048951049,0.8961303462321792,0.019615384615384614,0.018653846153846153,0.15949367088607594,0.9357682909616615,0.8584282692307609
0.9,15419,0.9571788413098237,0.8513761467889909,0.8893572181243414,0.020192307692307693,0.0175,0.181360201511335,0.9179128524231812,0.8392767307692237
0.9,15420,0.979381443298969,0.8623188405797102,0.8916666666666667,0.02,0.018653846153846153,0.18041237113402062,0.9293758387063407,0.8466413461538393
0.9,15421,0.9763157894736842,0.8707964601769912,0.923982869379015,0.013653846153846154,0.01903846153846154,0.1631578947368421,0.9366510272442148,0.861355576923068
0.9,15422,0.966183574879227,0.860036832412523,0.8993775933609959,0.018653846153846153,0.02,0.17391304347826086,0.9253809078730424,0.8450199999999922
0.9,15423,0.9875621890547264,0.8576779026217228,0.9038054968287527,0.0175,0.020576923076923076,0.12437810945273632,0.9406273648595421,0.8729771153846067
0.9,15424,0.974937343358396,0.8418181818181818,0.8977871443624869,0.018653846153846153,0.0175,0.16040100250626566,0.9276912885960471,0.8501998076923003
0.9,15425,0.9771573604060914,0.8646748681898067,0.9013360739979445,0.018461538461538463,0.018076923076923077,0.14720812182741116,0.934345376790581,0.8580053846153758
0.9,15426,0.9750623441396509,0.8143382352941176,0.9006479481641468,0.01769230769230769,0.019615384615384614,0.14713216957605985,0.9253090007334117,0.8547857692307606
0.9,15427,0.964622641509434,0.8587360594795539,0.9025906735751296,0.018076923076923077,0.018846153846153846,0.1792452830188679,0.9244540777504834,0.844699999999991
0.9,15428,0.9753363228699552,0.8602150537634409,0.9005905511811023,0.01942307692307692,0.022884615384615385,0.1860986547085202,0.9277111181924791,0.8315001923076845
0.9,15429,0.9720101781170484,0.855787476280835,0.9015151515151515,0.0175,0.019230769230769232,0.1475826972010178,0.9307686224082469,0.8638392307692225
0.9,15430,0.9772727272727273,0.8479020979020979,0.8934426229508197,0.02,0.01942307692307692,0.15151515151515152,0.929853645534793,0.8525790384615303
0.9,15431,0.9812646370023419,0.8373287671232876,0.9116465863453815,0.016923076923076923,0.018653846153846153,0.15690866510538642,0.9320936940948782,0.8450828846153753
0.9,15432,0.9870466321243523,0.8702702702702703,0.8898043254376931,0.020576923076923076,0.020961538461538462,0.14248704663212436,0.9379616040855087,0.86651557692307
0.9,15433,0.967828418230563,0.8538324420677362,0.8964781216648879,0.018653846153846153,0.018653846153846153,0.17962466487935658,0.9240684882506205,0.8499724999999915
0.9,15434,0.9778393351800554,0.8482490272373541,0.8915254237288136,0.018461538461538463,0.020192307692307693,0.13850415512465375,0.931547733532983,0.8711124999999929
0.9,15435,0.9827586206896551,0.8689788053949904,0.8900523560209425,0.020192307692307693,0.018461538461538463,0.16502463054187191,0.9334726806538379,0.8583903846153771
0.9,15436,0.9575596816976127,0.8377425044091711,0.8865323435843054,0.020576923076923076,0.018076923076923077,0.14854111405835543,0.9193611537409571,0.8622784615384534
0.9,15437,0.973404255319149,0.8494623655913979,0.89171974522293,0.019615384615384614,0.01730769230769231,0.14893617021276595,0.9287121896343444,0.8620311538461471
0.9,15438,0.9865951742627346,0.8654545454545455,0.8856243441762854,0.020961538461538462,0.018846153846153846,0.1554959785522788,0.9349436681445593,0.8635399999999916
0.9,15439,0.9727047146401985,0.8805147058823529,0.901656314699793,0.01826923076923077,0.02076923076923077,0.141439205955335,0.9356044355103138,0.8609953846153768
0.9,15440,0.9715762273901809,0.8373831775700935,0.8908108108108108,0.01942307692307692,0.0175,0.14987080103359174,0.9257800336122659,0.8644182692307623
0.9,15441,0.968503937007874,0.8612167300380228,0.8867313915857605,0.020192307692307693,0.018461538461538463,0.15223097112860892,0.927314085559041,0.8670042307692238
0.9,15442,0.9779951100244498,0.8568872987477638,0.9118257261410788,0.016346153846153847,0.016346153846153847,0.15158924205378974,0.9347094220078227,0.8589574999999919
0.9,15443,0.9761904761904762,0.8653136531365314,0.9165797705943691,0.015384615384615385,0.0225,0.1261904761904762,0.938740033703738,0.8661632692307615
0.9,15444,0.9776674937965261,0.8546511627906976,0.8997844827586207,0.017884615384615384,0.01942307692307692,0.14392059553349876,0.9331100434093936,0.8665159615384529
0.9,15445,0.9703703703703703,0.8752260397830018,0.9069286452947259,0.01730769230769231,0.01942307692307692,0.13580246913580246,0.9353692821196474,0.8658340384615303
0.9,15446,0.9760765550239234,0.8475499092558983,0.9114583333333334,0.016346153846153847,0.02,0.15789473684210525,0.9313823214519903,0.856569230769222
0.9,15447,0.9832535885167464,0.8539518900343642,0.8954635108481263,0.020384615384615383,0.016923076923076923,0.14114832535885166,0.934972055904361,0.8600776923076842
0.9,15448,0.9792207792207792,0.8653500897666068,0.9148029818956337,0.015384615384615385,0.019230769230769232,0.16103896103896104,0.9357841760837902,0.8582219230769156
0.9,15449,0.9776674937965261,0.8541266794625719,0.9002145922746781,0.017884615384615384,0.019615384615384614,0.1488833746898263,0.9324792694488437,0.861884999999992
0.9,15450,0.983957219251337,0.8787878787878788,0.9082969432314411,0.016153846153846154,0.016923076923076923,0.13903743315508021,0.941714403534645,0.8775723076922999
0.9,15451,0.9841688654353562,0.8410351201478743,0.8903225806451613,0.019615384615384614,0.019230769230769232,0.13984168865435356,0.9326653167429251,0.8613230769230684
0.9,15452,0.9830097087378641,0.8945454545454545,0.9006024096385542,0.01903846153846154,0.016153846153846154,0.17233009708737865,0.9385229991730109,0.8571838461538382
0.9,15453,0.9744897959183674,0.8581818181818182,0.8970588235294118,0.018846153846153846,0.020384615384615383,0.1556122448979592,0.9304018787934754,0.8586196153846072
0.9,15454,0.9698492462311558,0.8591549295774648,0.8891149542217701,0.020961538461538462,0.01769230769230769,0.13316582914572864,0.9301399739353479,0.8715649999999916
0.9,15455,0.9817232375979112,0.8482142857142857,0.9140708915145005,0.015384615384615385,0.01826923076923077,0.14882506527415143,0.935514347099925,0.8571136538461455
0.9,15456,0.9725,0.872255489021956,0.9106945975744212,0.015576923076923077,0.01903846153846154,0.195,0.9294081219039318,0.8471974999999927
0.9,15457,0.972636815920398,0.8781818181818182,0.8973305954825462,0.019230769230769232,0.020576923076923076,0.16417910447761194,0.9317836521182087,0.8582478846153764
0.9,15458,0.9729119638826185,0.8476190476190476,0.8911495422177009,0.020576923076923076,0.01826923076923077,0.18058690744920994,0.9241787333124741,0.8377044230769157
0.9,15459,0.9689922480620154,0.8658088235294118,0.9009584664536742,0.017884615384615384,0.018846153846153846,0.14987080103359174,0.930736614361005,0.8614238461538385
0.9,15460,0.9654255319148937,0.8772563176895307,0.8974630021141649,0.018653846153846153,0.020384615384615383,0.10904255319148937,0.9353109866091232,0.8859049999999906
0.9,15461,0.9817708333333334,0.8587570621468926,0.9044516829533116,0.016923076923076923,0.016153846153846154,0.1484375,0.935894077095428,0.8688857692307614
0.9,15462,0.9921875,0.839572192513369,0.8884254431699687,0.020576923076923076,0.018653846153846153,0.13541666666666666,0.9360029397690116,0.8594517307692221
0.9,15463,0.9814814814814815,0.8761552680221811,0.9008528784648188,0.017884615384615384,0.01596153846153846,0.164021164021164,0.9360977745621524,0.861498653846147
0.9,15464,0.9693877551020408,0.8698884758364313,0.8935721812434141,0.01942307692307692,0.019615384615384614,0.15816326530612246,0.9293262960447988,0.8624546153846069
0.9,15465,0.9655172413793104,0.8589981447124304,0.9047619047619048,0.01730769230769231,0.01826923076923077,0.16748768472906403,0.9266981659555552,0.8513836538461452
0.9,15466,0.9824120603015075,0.8831168831168831,0.887410440122825,0.021153846153846155,0.01903846153846154,0.14321608040201006,0.9377056062865965,0.8770474999999915
0.9,15467,0.9748110831234257,0.8633776091081594,0.9005347593582887,0.017884615384615384,0.020576923076923076,0.1561712846347607,0.9318723076000566,0.8576990384615314
0.9,15468,0.9735449735449735,0.8623853211009175,0.911860718171926,0.015576923076923077,0.019615384615384614,0.15873015873015872,0.9327488063768707,0.8651507692307607
0.9,15469,0.9823232323232324,0.8386524822695035,0.9150743099787686,0.015384615384615385,0.018076923076923077,0.17676767676767677,0.9310353600007076,0.8467042307692231
0.9,15470,0.9822784810126582,0.8532110091743119,0.8960084033613446,0.01903846153846154,0.018461538461538463,0.12151898734177215,0.9369180830212436,0.875936923076915
0.9,15471,0.9738717339667459,0.8653465346534653,0.9020234291799787,0.01769230769230769,0.0175,0.1377672209026128,0.9344135566182405,0.867034423076915
0.9,15472,0.97911227154047,0.8528864059590316,0.8909090909090909,0.019615384615384614,0.01826923076923077,0.1174934725848564,0.93525934270984,0.8793336538461461
0.9,15473,0.9784688995215312,0.8336557059961315,0.8983957219251337,0.01826923076923077,0.01826923076923077,0.13636363636363635,0.9308305385412294,0.8583721153846074
0.9,15474,0.9822784810126582,0.8758620689655172,0.9142857142857143,0.016153846153846154,0.018461538461538463,0.1341772151898734,0.9418705503139375,0.8688230769230689
0.9,15475,0.9741602067183462,0.879646017699115,0.9075804776739356,0.017115384615384616,0.019230769230769232,0.1343669250645995,0.9379625009047783,0.8688880769230676
0.9,15476,0.9781021897810219,0.8598130841121495,0.896049896049896,0.019230769230769232,0.02173076923076923,0.13138686131386862,0.9348266521783712,0.8707128846153772
0.9,15477,0.9782016348773842,0.8438061041292639,0.8991323210412148,0.017884615384615384,0.014807692307692308,0.16893732970027248,0.928782785613998,0.8597244230769145
0.9,15478,0.9720930232558139,0.8647619047619047,0.9017580144777663,0.01826923076923077,0.022307692307692306,0.14418604651162792,0.9324193863594539,0.8533388461538367
0.9,15479,0.9766233766233766,0.8791423001949318,0.895021645021645,0.018653846153846153,0.01942307692307692,0.12207792207792208,0.9384674966359178,0.8758344230769167
0.9,15480,0.9716981132075472,0.8770949720670391,0.9019407558733401,0.018461538461538463,0.021538461538461538,0.15566037735849056,0.9329024020786832,0.8583642307692225
0.9,15481,0.9821882951653944,0.833648393194707,0.9107929515418502,0.015576923076923077,0.021538461538461538,0.13994910941475827,0.9337699469667068,0.8658246153846076
0.9,15482,0.9821882951653944,0.8547486033519553,0.8941798941798942,0.019230769230769232,0.01903846153846154,0.1272264631043257,0.9361314855030599,0.8722105769230687
0.9,15483,0.9735449735449735,0.8605442176870748,0.8837209302325582,0.022115384615384617,0.015769230769230768,0.14814814814814814,0.9293614238659088,0.8646738461538384
0.9,15484,0.9712230215827338,0.8660377358490566,0.897196261682243,0.01903846153846154,0.016346153846153847,0.14388489208633093,0.9319363810011363,0.8648832692307601
0.9,15485,0.9707446808510638,0.8412098298676749,0.8728448275862069,0.022692307692307692,0.02,0.14893617021276595,0.923163043403581,0.8655399999999926
0.9,15486,0.972972972972973,0.8505535055350554,0.8818474758324383,0.021153846153846155,0.021923076923076924,0.11891891891891893,0.9304948166497593,0.872253076923069
0.9,15487,0.9819121447028424,0.8766859344894027,0.8873538788522848,0.020384615384615383,0.01769230769230769,0.11369509043927649,0.9401589824801049,0.8858703846153773
0.9,15488,0.9747474747474747,0.851782363977486,0.9032258064516129,0.01730769230769231,0.018076923076923077,0.1414141414141414,0.9323456489484814,0.8620442307692225
0.9,15489,0.9641943734015346,0.8778004073319755,0.8898678414096917,0.019230769230769232,0.020192307692307693,0.1636828644501279,0.9272146406804866,0.8635121153846081
0.9,15490,0.9757869249394673,0.8617021276595744,0.900709219858156,0.018846153846153846,0.019615384615384614,0.14527845036319612,0.933307187175128,0.8564676923076828
0.9,15491,0.9626436781609196,0.8654545454545455,0.8961325966850828,0.018076923076923077,0.017115384615384616,0.14942528735632185,0.927475985768851,0.8670586538461463
0.9,15492,0.9876237623762376,0.8587155963302753,0.9135932560590094,0.015769230769230768,0.018653846153846153,0.15346534653465346,0.9389875360288129,0.8544401923076839
0.9,15493,0.9548872180451128,0.8296703296703297,0.896774193548387,0.018461538461538463,0.021346153846153845,0.17293233082706766,0.9154694686468031,0.8351932692307609
0.9,15494,0.9844155844155844,0.84472049689441,0.9066820276497696,0.015576923076923077,0.022307692307692306,0.12987012987012986,0.9370647393980494,0.8781438461538374
0.9,15495,0.9734748010610079,0.8545780969479354,0.9054779806659506,0.016923076923076923,0.01653846153846154,0.14058355437665782,0.9328041873407117,0.8633107692307612
0.9,15496,0.9797979797979798,0.8576923076923076,0.8958109559613319,0.018653846153846153,0.02,0.14898989898989898,0.9332152820863346,0.8591857692307607
0.9,15497,0.9865951742627346,0.8505535055350554,0.9020674646354734,0.01730769230769231,0.018076923076923077,0.16621983914209115,0.933986213812488,0.8611507692307602
0.9,15498,0.9564164648910412,0.8474903474903475,0.896774193548387,0.018461538461538463,0.02,0.18159806295399517,0.9180038365488338,0.8449192307692233
0.9,15499,0.9694656488549618,0.8601941747572815,0.8927410617551462,0.01903846153846154,0.01942307692307692,0.17557251908396945,0.9256524560666625,0.8549909615384526
0.9,15500,0.9773869346733668,0.8802281368821293,0.8949579831932774,0.019230769230769232,0.016153846153846154,0.1457286432160804,0.9362533872327762,0.866263846153838
0.9,15501,0.9747474747474747,0.8443223443223443,0.8869109947643979,0.02076923076923077,0.019615384615384614,0.14393939393939395,0.9281264803259568,0.8610153846153781
0.9,15502,0.984375,0.8698884758364313,0.8830897703549061,0.021538461538461538,0.01653846153846154,0.1796875,0.931543570137362,0.8503149999999913
0.9,15503,0.9826732673267327,0.8484848484848485,0.8890020366598778,0.020961538461538462,0.02,0.1707920792079208,0.9291494298160821,0.8498176923076834
0.9,15504,0.9759615384615384,0.851027397260274,0.903,0.018653846153846153,0.016346153846153847,0.15865384615384615,0.9306036143308746,0.8422451923076832
0.9,15505,0.979328165374677,0.8525754884547069,0.8994764397905759,0.018461538461538463,0.01730769230769231,0.14470284237726097,0.9334076527109114,0.8659192307692222
0.9,15506,0.9860724233983287,0.8654205607476636,0.8938730853391685,0.018653846153846153,0.019230769230769232,0.1532033426183844,0.9363563076109711,0.8680199999999926
0.9,15507,0.9785714285714285,0.8492366412213741,0.900105152471083,0.01826923076923077,0.02076923076923077,0.12857142857142856,0.9343909355897231,0.869112692307684
0.9,15508,0.9681697612732095,0.8464351005484461,0.8836712913553896,0.020961538461538462,0.02173076923076923,0.1962864721485411,0.918820519954429,0.8408955769230682
0.9,15509,0.9707317073170731,0.8745318352059925,0.8945191313340227,0.019615384615384614,0.01769230769230769,0.11951219512195121,0.9355005487551815,0.8824926923076838
0.9,15510,0.988795518207283,0.8671454219030521,0.9077090119435396,0.016346153846153847,0.016923076923076923,0.17647058823529413,0.9372901762354073,0.856520384615376
0.9,15511,0.9780821917808219,0.8582230623818525,0.8931718061674009,0.018653846153846153,0.01903846153846154,0.14794520547945206,0.9323931464272512,0.8664255769230691
0.9,15512,0.9922879177377892,0.8391472868217055,0.900990099009901,0.01730769230769231,0.019807692307692307,0.16709511568123395,0.9341924605517516,0.85028826923076
0.9,15513,0.9709762532981531,0.8436293436293436,0.8826754385964912,0.020576923076923076,0.018076923076923077,0.1424802110817942,0.9261253497473051,0.8688234615384539
0.9,15514,0.9807692307692307,0.8647260273972602,0.9030662710187932,0.018846153846153846,0.022884615384615385,0.12740384615384615,0.9381623654031157,0.8685521153846069
0.9,15515,0.9873737373737373,0.9003496503496503,0.9114688128772636,0.016923076923076923,0.016923076923076923,0.14393939393939395,0.946378127975311,0.869593076923068
0.9,15516,0.9795918367346939,0.8625,0.9116719242902208,0.016153846153846154,0.01942307692307692,0.15051020408163265,0.9362206471086373,0.8601078846153769
0.9,15517,0.980246913580247,0.8308550185873605,0.8978723404255319,0.018461538461538463,0.02076923076923077,0.14074074074074075,0.9303614377560593,0.8656423076922996
0.9,15518,0.9813829787234043,0.8546168958742633,0.881578947368421,0.02076923076923077,0.019615384615384614,0.14095744680851063,0.9321718672644235,0.8703619230769152
0.9,15519,0.9636803874092009,0.8549905838041432,0.9006342494714588,0.018076923076923077,0.020384615384615383,0.15254237288135594,0.9262971970699995,0.8550973076922992
0.9,15520,0.9863013698630136,0.8498233215547704,0.9131378935939196,0.015384615384615385,0.0175,0.12876712328767123,0.9400170955613958,0.8765444230769164
0.9,15521,0.9825870646766169,0.8662790697674418,0.8891235480464625,0.020192307692307693,0.01596153846153846,0.1691542288557214,0.9324930845138649,0.8517821153846068
0.9,15522,0.9792207792207792,0.8698010849909584,0.9050632911392406,0.01730769230769231,0.018461538461538463,0.13506493506493505,0.9381035078845206,0.8684476923076836
0.9,15523,0.9721518987341772,0.8743362831858407,0.9051546391752577,0.01769230769230769,0.01769230769230769,0.17974683544303796,0.9305188627786911,0.8537923076922997
0.9,15524,0.9670050761421319,0.8582089552238806,0.908207343412527,0.016346153846153847,0.022115384615384617,0.15736040609137056,0.928759805700767,0.8584540384615308
0.9,15525,0.9761273209549072,0.8571428571428571,0.8905109489051095,0.020192307692307693,0.01826923076923077,0.16976127320954906,0.928301127390103,0.8526151923076843
0.9,15526,0.9899497487437185,0.8563218390804598,0.9052744886975242,0.016923076923076923,0.01826923076923077,0.10804020100502512,0.9437755314838242,0.8863498076923005
0.9,15527,0.9821428571428571,0.8604651162790697,0.9106203995793901,0.016346153846153847,0.01653846153846154,0.14795918367346939,0.9372792494280263,0.8562184615384535
0.9,15528,0.9749303621169917,0.8679577464788732,0.9016042780748663,0.01769230769230769,0.015769230769230768,0.16434540389972144,0.9321317573728863,0.8677807692307612
0.9,15529,0.9845360824742269,0.8514492753623188,0.9044585987261147,0.01730769230769231,0.019615384615384614,0.14948453608247422,0.9355154058812132,0.8624349999999932
0.9,15530,0.9800498753117207,0.8636363636363636,0.9060832443970117,0.016923076923076923,0.01730769230769231,0.16458852867830423,0.9341730273561568,0.8524292307692222
0.9,15531,0.9765625,0.8620689655172413,0.9100642398286938,0.016153846153846154,0.01769230769230769,0.15625,0.9340693549818527,0.8599661538461457
0.9,15532,0.9853300733496333,0.8716475095785441,0.9069767441860465,0.016923076923076923,0.021153846153846155,0.1271393643031785,0.9420607143475397,0.8730780769230689
0.9,15533,0.9795918367346939,0.8682842287694974,0.913312693498452,0.016153846153846154,0.018846153846153846,0.12755102040816327,0.940165548826341,0.8672276923076832
0.9,15534,0.9715639810426541,0.8534031413612565,0.8998998998998999,0.019230769230769232,0.02,0.16113744075829384,0.9281277908276294,0.8485026923076839
0.9,15535,0.9718670076726342,0.866913123844732,0.9031914893617021,0.0175,0.01730769230769231,0.10997442455242967,0.9373516590635484,0.883921153846146
0.9,15536,0.9660574412532638,0.8736059479553904,0.8964781216648879,0.018653846153846153,0.020384615384615383,0.1462140992167102,0.9303938605878509,0.8663138461538382
0.9,15537,0.9619047619047619,0.8760504201680672,0.8962882096069869,0.01826923076923077,0.020384615384615383,0.1880952380952381,0.9240269880004404,0.8509857692307612
0.9,15538,0.9830985915492958,0.861328125,0.8856502242152466,0.019615384615384614,0.01942307692307692,0.10704225352112676,0.9387329463413805,0.8861128846153775
0.9,15539,0.9789473684210527,0.8808080808080808,0.8830601092896175,0.020576923076923076,0.020384615384615383,0.16052631578947368,0.9331716758411754,0.8699115384615315
0.93,15400,0.9920424403183024,0.8992805755395683,0.9407965554359526,0.010576923076923078,0.01173076923076923,0.16976127320954906,0.950121343534367,0.8663209615384534
0.93,15401,0.9946380697050938,0.904296875,0.9445073612684032,0.009423076923076923,0.009807692307692307,0.1447721179624665,0.9557630964674507,0.881954423076916
0.93,15402,0.9898477157360406,0.9197761194029851,0.9443850267379679,0.01,0.012884615384615385,0.14720812182741116,0.955676071914564,0.8843913461538372
0.93,15403,0.994579945799458,0.9018932874354562,0.9388830347734457,0.011153846153846153,0.01326923076923077,0.10298102981029811,0.9592008660549534,0.8850363461538385
0.93,15404,0.9908256880733946,0.8969465648854962,0.9474789915966386,0.009615384615384616,0.014423076923076924,0.1444954128440367,0.9531389255778271,0.8693840384615306
0.93,15405,0.9878048780487805,0.904397705544933,0.9430719656283566,0.010192307692307691,0.013653846153846154,0.12439024390243902,0.9548464660488928,0.8878059615384539
0.93,15406,0.9847328244274809,0.8896797153024911,0.9527389903329753,0.008461538461538461,0.014038461538461538,0.15267175572519084,0.9493109271290726,0.8639117307692212
0.93,15407,0.9954233409610984,0.8949416342412452,0.9460887949260042,0.009807692307692307,0.013076923076923076,0.13043478260869565,0.9563033374434731,0.8786261538461454
0.93,15408,0.9973958333333334,0.9037037037037037,0.9467391304347826,0.009423076923076923,0.010576923076923078,0.11197916666666667,0.9610278977765391,0.8922201923076857
0.93,15409,0.9971988795518207,0.8763837638376384,0.9337078651685393,0.011346153846153846,0.014038461538461538,0.11484593837535013,0.9540055970674173,0.8909067307692222
0.93,15410,0.995249406175772,0.9055944055944056,0.9522357723577236,0.009038461538461539,0.009615384615384616,0.1187648456057007,0.9604803129155571,0.8822257692307599
0.93,15411,0.9868073878627969,0.9040590405904059,0.9381107491856677,0.010961538461538462,0.010384615384615384,0.14775725593667546,0.9509939528012014,0.8722992307692234
0.93,15412,0.9880382775119617,0.8882575757575758,0.9423076923076923,0.010384615384615384,0.014038461538461538,0.14354066985645933,0.9499147159857685,0.8672059615384531
0.93,15413,0.9926108374384236,0.9068901303538175,0.9518716577540107,0.008653846153846154,0.012115384615384615,0.0960591133004926,0.9621416033779435,0.8982951923076836
0.93,15414,0.995575221238938,0.8880733944954129,0.9501525940996948,0.009423076923076923,0.0125,0.11061946902654868,0.9582880552380838,0.8797717307692217
0.93,15415,0.9926650366748166,0.8838095238095238,0.9456521739130435,0.009615384615384616,0.013461538461538462,0.1198044009779951,0.9545743846741827,0.8791865384615307
0.93,15416,0.9844559585492227,0.8905660377358491,0.9445676274944568,0.009615384615384616,0.011923076923076923,0.14248704663212436,0.9494261678048554,0.8765042307692228
0.93,15417,0.9875,0.8585271317829457,0.9405162738496072,0.010192307692307691,0.013076923076923076,0.1275,0.9466827732703702,0.8791588461538383
0.93,15418,0.9796839729119639,0.9052823315118397,0.9529170931422722,0.008846153846153846,0.01173076923076923,0.15349887133182843,0.9497125086065563,0.8674609615384525
0.93,15419,0.9897172236503856,0.8882978723404256,0.9248434237995825,0.013846153846153847,0.014038461538461538,0.14652956298200515,0.9474765022048078,0.8713005769230684
0.93,15420,0.9875311720698254,0.9209558823529411,0.9373040752351097,0.011538461538461539,0.013076923076923076,0.16708229426433915,0.9513502671285303,0.8699426923076842
0.93,15421,0.989501312335958,0.9353680430879713,0.9472573839662447,0.009615384615384616,0.014807692307692308,0.12335958005249344,0.9612123222241529,0.8970774999999914
0.93,15422,0.9918032786885246,0.8903107861060329,0.9340659340659341,0.011538461538461539,0.013846153846153847,0.16120218579234974,0.9484474559156789,0.8718961538461457
0.93,15423,0.9975786924939467,0.891941391941392,0.9345114345114345,0.012115384615384615,0.011538461538461539,0.16464891041162227,0.9508635589864403,0.8599292307692228
0.93,15424,0.9951690821256038,0.9106796116504854,0.943254817987152,0.010192307692307691,0.012692307692307692,0.11352657004830918,0.9603314692384664,0.8933603846153759
0.93,15425,0.9840425531914894,0.8819444444444444,0.9461206896551724,0.009615384615384616,0.0125,0.1276595744680851,0.9498351926055522,0.8844967307692231
0.93,15426,0.9873737373737373,0.9009345794392524,0.9366952789699571,0.011346153846153846,0.012307692307692308,0.12373737373737374,0.9532622796914824,0.8857599999999911
0.93,15427,0.9844559585492227,0.918,0.9322222222222222,0.01173076923076923,0.01173076923076923,0.16321243523316062,0.9494001983968824,0.8788605769230697
0.93,15428,0.9896640826873385,0.8863198458574181,0.9429530201342282,0.009807692307692307,0.012884615384615385,0.14470284237726097,0.9503653256455437,0.871617115384607
0.93,15429,0.9841688654353562,0.9109848484848485,0.9405286343612335,0.010384615384615384,0.011538461538461539,0.1503957783641161,0.9510042454165348,0.8786515384615317
0.93,15430,0.9926470588235294,0.9018867924528302,0.9284963196635121,0.013076923076923076,0.013653846153846154,0.14460784313725492,0.9517232719978332,0.8724059615384527
0.93,15431,0.9893617021276596,0.884765625,0.9439359267734554,0.009423076923076923,0.011153846153846153,0.125,0.9526339061803623,0.8877142307692228
0.93,15432,0.9895833333333334,0.9109947643979057,0.9464847848898216,0.009807692307692307,0.011153846153846153,0.16145833333333334,0.95286703218824,0.862732307692299
0.93,15433,0.980440097799511,0.8734835355285961,0.9272540983606558,0.013653846153846154,0.012307692307692308,0.11735941320293398,0.9451708047926636,0.8711030769230677
0.93,15434,0.9903147699757869,0.8892988929889298,0.9408658922914467,0.010769230769230769,0.014423076923076924,0.13559322033898305,0.9517277570558761,0.8717051923076836
0.93,15435,0.9877149877149877,0.8894927536231884,0.9350785340314136,0.011923076923076923,0.010961538461538462,0.16216216216216217,0.9467606707249433,0.8623086538461441
0.93,15436,0.9921259842519685,0.8962818003913894,0.9414414414414415,0.01,0.009807692307692307,0.14435695538057744,0.95298850706612,0.8737486538461465
0.93,15437,0.9949109414758269,0.903448275862069,0.9442724458204335,0.010384615384615384,0.011923076923076923,0.12468193384223919,0.9578967837577241,0.8770930769230685
0.93,15438,0.9812834224598931,0.9081632653061225,0.9454354669464848,0.01,0.0125,0.17647058823529413,0.9468796546664071,0.8598909615384538
0.93,15439,0.9923469387755102,0.9001814882032668,0.9267015706806283,0.013461538461538462,0.015,0.13520408163265307,0.9520823286514528,0.875976923076915
0.93,15440,0.9951923076923077,0.9092558983666061,0.9423274974253347,0.010769230769230769,0.011153846153846153,0.11538461538461539,0.9597952549166653,0.8892607692307614
0.93,15441,0.98989898989899,0.8934579439252337,0.9487459105779716,0.009038461538461539,0.012692307692307692,0.11363636363636363,0.9562335260147811,0.8908676923076838
0.93,15442,0.9902676399026764,0.8949343339587242,0.947481243301179,0.009423076923076923,0.01173076923076923,0.15815085158150852,0.9511250202187501,0.867233269230761
0.93,15443,0.9901960784313726,0.8608349900596421,0.9404494382022472,0.010192307692307691,0.012884615384615385,0.13480392156862744,0.9473100944184909,0.8708586538461445
0.93,15444,0.9922480620155039,0.9140767824497258,0.9354497354497354,0.01173076923076923,0.01,0.12403100775193798,0.9573026363481212,0.8891673076922997
0.93,15445,0.9897172236503856,0.9042553191489362,0.9450897571277719,0.01,0.012884615384615385,0.14138817480719795,0.9539349930949391,0.8785898076922983
0.93,15446,0.9863760217983651,0.9016697588126159,0.9370165745856354,0.010961538461538462,0.0125,0.17438692098092642,0.946954826643456,0.8699817307692215
0.93,15447,0.9921465968586387,0.887189292543021,0.9366666666666666,0.010961538461538462,0.011538461538461539,0.12303664921465969,0.9532323313766243,0.8780961538461445
0.93,15448,0.9892761394101877,0.8898756660746003,0.9570957095709571,0.0075,0.011923076923076923,0.13672922252010725,0.9539965931463514,0.8755238461538376
0.93,15449,0.9854014598540146,0.8954372623574145,0.9358974358974359,0.011538461538461539,0.013461538461538462,0.11435523114355231,0.9524800499427487,0.8889126923076831
0.93,15450,0.993103448275862,0.8820224719101124,0.9290123456790124,0.01326923076923077,0.013653846153846154,0.12643678160919541,0.9509702045372845,0.8736955769230683
0.93,15451,0.9831730769230769,0.8835125448028673,0.9327817993795243,0.0125,0.010576923076923078,0.15144230769230768,0.9448264590815922,0.8619398076923
0.93,15452,0.9976798143851509,0.8964879852125693,0.9336734693877551,0.0125,0.011153846153846153,0.11832946635730858,0.9570591186579522,0.8794288461538373
0.93,15453,0.9945504087193461,0.8886792452830189,0.9227373068432672,0.013461538461538462,0.012884615384615385,0.15803814713896458,0.9479992654395593,0.8727001923076841
0.93,15454,0.9892183288409704,0.8992395437262357,0.9333333333333333,0.011538461538461539,0.013076923076923076,0.14016172506738545,0.951258823229524,0.8837115384615313
0.93,15455,0.9824046920821115,0.8998178506375227,0.9377828054298643,0.010576923076923078,0.01,0.15249266862170088,0.9479136069943751,0.8761776923076849
0.93,15456,0.9972375690607734,0.9087591240875912,0.9367502726281353,0.011153846153846153,0.011923076923076923,0.15193370165745856,0.9553234635978142,0.8761561538461461
0.93,15457,0.9974811083123426,0.9117647058823529,0.9320794148380356,0.0125,0.012307692307692308,0.13350125944584382,0.9573069238377225,0.8803849999999913
0.93,15458,0.9973684210526316,0.8888888888888888,0.9286486486486486,0.012692307692307692,0.015,0.13157894736842105,0.953169065421697,0.8815192307692233
0.93,15459,0.9896640826873385,0.861995753715499,0.926056338028169,0.012115384615384615,0.01326923076923077,0.13953488372093023,0.9444742442929017,0.8731051923076848
0.93,15460,0.9918032786885246,0.9063097514340345,0.9383408071748879,0.010576923076923078,0.01173076923076923,0.13114754098360656,0.9554354069035389,0.8867282692307621
0.93,15461,0.9924050632911392,0.8987854251012146,0.9166666666666666,0.014615384615384615,0.013076923076923076,0.14936708860759493,0.9487789234527408,0.8749869230769145
0.93,15462,0.9948453608247423,0.8846815834767642,0.9463722397476341,0.009807692307692307,0.011538461538461539,0.11082474226804123,0.9569041724721009,0.8832665384615311
0.93,15463,0.9879807692307693,0.8618181818181818,0.9384941675503712,0.011153846153846153,0.012884615384615385,0.1466346153846154,0.9447474002402687,0.8608313461538378
0.93,15464,0.9925187032418953,0.8992673992673993,0.944739638682253,0.01,0.011923076923076923,0.14214463840399003,0.9542314474360318,0.8703223076923005
0.93,15465,0.9948717948717949,0.9026217228464419,0.942578548212351,0.010192307692307691,0.014423076923076924,0.15384615384615385,0.9538804724051599,0.8732698076923003
0.93,15466,0.9807692307692307,0.9023941068139963,0.937984496124031,0.010769230769230769,0.012307692307692308,0.14285714285714285,0.9486657217124389,0.8806457692307609
0.93,15467,0.9697732997481109,0.8990990990990991,0.9374337221633086,0.011346153846153846,0.013461538461538462,0.16120906801007556,0.9411139669994089,0.8647015384615298
0.93,15468,0.9948717948717949,0.9132841328413284,0.9464094319399786,0.009615384615384616,0.012115384615384615,0.12564102564102564,0.9597035509569787,0.8879544230769149
0.93,15469,0.9908466819221968,0.9018932874354562,0.9475247524752475,0.010192307692307691,0.014423076923076924,0.15560640732265446,0.9525546134801964,0.8591894230769139
0.93,15470,0.9867724867724867,0.9079189686924494,0.9443838604143948,0.009807692307692307,0.0125,0.15343915343915343,0.9517817522497839,0.8780263461538383
0.93,15471,0.9950124688279302,0.9171270718232044,0.9442105263157895,0.010192307692307691,0.012884615384615385,0.18204488778054864,0.9531973478576804,0.864697115384607
0.93,15472,0.9851116625310173,0.9166666666666666,0.9409282700421941,0.010769230769230769,0.014423076923076924,0.13895781637717122,0.953526277078033,0.8753948076922986
0.93,15473,0.9869109947643979,0.8900169204737732,0.9585987261146497,0.0075,0.016153846153846154,0.14921465968586387,0.9514841568013674,0.8688676923076836
0.93,15474,0.9948586118251928,0.8845401174168297,0.9301552106430155,0.012115384615384615,0.012307692307692308,0.15167095115681234,0.9494382511044783,0.8755330769230701
0.93,15475,0.9851116625310173,0.9102333931777379,0.9309989701338826,0.012884615384615385,0.012115384615384615,0.18114143920595532,0.9459717396701097,0.860890576923068
0.93,15476,0.9882629107981221,0.8988970588235294,0.9459459459459459,0.01,0.012884615384615385,0.1431924882629108,0.9523702088647822,0.8776263461538378
0.93,15477,0.9921259842519685,0.8966165413533834,0.9574468085106383,0.007307692307692308,0.012884615384615385,0.15485564304461943,0.954107589874657,0.8741967307692237
0.93,15478,0.989821882951654,0.8868274582560297,0.9312567132116004,0.012307692307692308,0.016346153846153847,0.15267175572519084,0.947461374861722,0.8663155769230689
0.93,15479,0.9974489795918368,0.8947368421052632,0.947481243301179,0.009423076923076923,0.013461538461538462,0.09948979591836735,0.9610450647173746,0.895343846153838
0.93,15480,0.9921259842519685,0.9038112522686026,0.9379014989293362,0.011153846153846153,0.013846153846153847,0.13123359580052493,0.9549147382566934,0.8809084615384531
0.93,15481,0.9853300733496333,0.9021739130434783,0.9474237644584648,0.009615384615384616,0.01326923076923077,0.1466992665036675,0.9514641796298552,0.8618001923076827
0.93,15482,0.9920212765957447,0.8853974121996303,0.9311475409836065,0.012115384615384615,0.010576923076923078,0.13297872340425532,0.9508695772051942,0.8822336538461447
0.93,15483,0.9886363636363636,0.8898488120950324,0.934878587196468,0.011346153846153846,0.011346153846153846,0.17045454545454544,0.9462161548000534,0.8595463461538387
0.93,15484,0.9974424552429667,0.9050086355785838,0.9422680412371134,0.010769230769230769,0.012307692307692308,0.12276214833759591,0.9590978962519191,0.8901576923076837
0.93,15485,0.99,0.8870967741935484,0.9418604651162791,0.010576923076923078,0.012307692307692308,0.13,0.952199795141093,0.8759530769230686
0.93,15486,0.9871134020618557,0.9159212880143113,0.9450897571277719,0.01,0.013653846153846154,0.16494845360824742,0.9518345557439368,0.8723398076922992
0.93,15487,0.978319783197832,0.8992805755395683,0.9348534201954397,0.011538461538461539,0.015384615384615385,0.15718157181571815,0.9447199681619725,0.8734434615384543
0.93,15488,0.9920844327176781,0.9150090415913201,0.9413020277481323,0.010576923076923078,0.0125,0.1345646437994723,0.9569037427171456,0.8789724999999915
0.93,15489,0.9904076738609112,0.9036363636363637,0.9469302809573361,0.009807692307692307,0.014038461538461538,0.14628297362110312,0.9537462467798187,0.8697924999999928
0.93,15490,0.9919571045576407,0.8984238178633975,0.94136460554371,0.010576923076923078,0.0125,0.12064343163538874,0.9558759354445333,0.8840467307692219
0.93,15491,0.9804469273743017,0.888695652173913,0.9400218102508179,0.010576923076923078,0.011923076923076923,0.11452513966480447,0.950065973597294,0.8887330769230682
0.93,15492,0.9923273657289002,0.869811320754717,0.9391592920353983,0.010576923076923078,0.012884615384615385,0.1329923273657289,0.9496397572971919,0.8732824999999922
0.93,15493,0.983957219251337,0.896421845574388,0.9315673289183223,0.011923076923076923,0.01326923076923077,0.13903743315508021,0.9484359999089574,0.8817674999999929
0.93,15494,0.9869451697127938,0.8957597173144877,0.9394904458598726,0.010961538461538462,0.013653846153846154,0.13054830287206268,0.9517860075100415,0.8800071153846067
0.93,15495,0.9922879177377892,0.8973451327433628,0.9360587002096437,0.01173076923076923,0.010769230769230769,0.13881748071979436,0.9529070362625537,0.8706623076922988
0.93,15496,0.9831932773109243,0.8775510204081632,0.9321266968325792,0.011538461538461539,0.010961538461538462,0.13725490196078433,0.9455649505956227,0.8803459615384547
0.93,15497,0.9883177570093458,0.9169741697416974,0.9397344228804902,0.011346153846153846,0.013461538461538462,0.14018691588785046,0.9546074067070157,0.8766046153846069
0.93,15498,0.9794871794871794,0.900355871886121,0.9396825396825397,0.010961538461538462,0.012115384615384615,0.15897435897435896,0.9460971104419502,0.8643451923076833
0.93,15499,0.9870466321243523,0.8983957219251337,0.9475374732334048,0.009423076923076923,0.010769230769230769,0.18393782383419688,0.947297146854361,0.8506392307692218
0.93,15500,0.9866666666666667,0.9070208728652751,0.9560315670800451,0.0075,0.014807692307692308,0.12266666666666666,0.9570092975111889,0.8882032692307603
0.93,15501,0.9899497487437185,0.9020715630885122,0.9407327586206896,0.010576923076923078,0.012692307692307692,0.15326633165829145,0.9516017402051946,0.8716073076922995
0.93,15502,0.9785522788203753,0.888695652173913,0.9389067524115756,0.010961538461538462,0.010192307692307691,0.128686327077748,0.9474801552329822,0.8805794230769145
0.93,15503,0.9975124378109452,0.8931159420289855,0.9390756302521008,0.011153846153846153,0.015576923076923077,0.10199004975124377,0.9590355568703794,0.8921244230769148
0.93,15504,0.9945504087193461,0.8948339483394834,0.9444444444444444,0.009615384615384616,0.010384615384615384,0.1907356948228883,0.948633926855303,0.8638557692307607
0.93,15505,0.9944903581267218,0.8962075848303394,0.9278350515463918,0.012115384615384615,0.012307692307692308,0.1184573002754821,0.9548111951695145,0.8991496153846079
0.93,15506,0.9950617283950617,0.8913480885311871,0.9441964285714286,0.009615384615384616,0.01173076923076923,0.12839506172839507,0.9556563280681237,0.8836790384615305
0.93,15507,0.9824561403508771,0.890625,0.9390919158361019,0.010576923076923078,0.013076923076923076,0.13533834586466165,0.9485215379683556,0.8820496153846076
0.93,15508,0.9948453608247423,0.9035916824196597,0.935064935064935,0.011538461538461539,0.0125,0.1211340206185567,0.9568788830145551,0.8908151923076849
0.93,15509,0.9946808510638298,0.9166666666666666,0.9404761904761905,0.010576923076923078,0.012115384615384615,0.1595744680851064,0.9551657392253138,0.873247884615376
0.93,15510,0.9885321100917431,0.9083969465648855,0.9447916666666667,0.010192307692307691,0.01653846153846154,0.1353211009174312,0.954547760450617,0.8715019230769151
0.93,15511,0.9924050632911392,0.8921933085501859,0.9356223175965666,0.011538461538461539,0.010769230769230769,0.1569620253164557,0.9499127373758529,0.8758369230769155
0.93,15512,0.9925187032418953,0.9100917431192661,0.9410526315789474,0.010769230769230769,0.012884615384615385,0.15211970074812967,0.9541155385919557,0.8770432692307595
0.93,15513,0.9870801033591732,0.8996478873239436,0.95,0.009038461538461539,0.012307692307692308,0.15503875968992248,0.9512703465275854,0.8711999999999912
0.93,15514,0.9951100244498777,0.8848368522072937,0.9475982532751092,0.009230769230769232,0.013076923076923076,0.11246943765281174,0.9569798372546012,0.8887453846153772
0.93,15515,0.9916897506925207,0.9084249084249084,0.9364035087719298,0.011153846153846153,0.01423076923076923,0.1440443213296399,0.9536996225381266,0.8786503846153767
0.93,15516,0.9919571045576407,0.8894557823129252,0.9459745762711864,0.009807692307692307,0.012692307692307692,0.15013404825737264,0.9516129562790508,0.8687180769230676
0.93,15517,0.9874686716791979,0.8946360153256705,0.9566666666666667,0.0075,0.012307692307692308,0.11027568922305764,0.9570903936454753,0.8900769230769147
0.93,15518,0.9949748743718593,0.9072727272727272,0.9381551362683438,0.011346153846153846,0.011538461538461539,0.1306532663316583,0.9568894876406633,0.8753353846153763
0.93,15519,0.9904076738609112,0.8905109489051095,0.9356178608515057,0.011923076923076923,0.013846153846153847,0.13908872901678657,0.9507257509605197,0.8672919230769146
0.93,15520,0.9862637362637363,0.9181286549707602,0.9315375982042648,0.01173076923076923,0.010961538461538462,0.17032967032967034,0.9492762881043584,0.8777501923076838
0.93,15521,0.9879518072289156,0.8994515539305301,0.941544885177453,0.010769230769230769,0.012884615384615385,0.15903614457831325,0.9497339542404752,0.8615601923076834
0.93,15522,0.9855072463768116,0.8909426987060998,0.9383561643835616,0.010384615384615384,0.012115384615384615,0.17681159420289855,0.944850962365203,0.8694924999999921
0.93,15523,0.9899749373433584,0.8963636363636364,0.9426751592356688,0.010384615384615384,0.011346153846153846,0.15288220551378445,0.9511170823645011,0.8674878846153767
0.93,15524,0.9854014598540146,0.9066427289048474,0.9391124871001032,0.011346153846153846,0.01423076923076923,0.170316301703163,0.9479807802146349,0.8609199999999911
0.93,15525,0.9848101265822785,0.8960138648180243,0.9457202505219207,0.01,0.010576923076923078,0.1518987341772152,0.9495208431226286,0.8728486538461456
0.93,15526,0.9877450980392157,0.8862068965517241,0.9482936918304034,0.009615384615384616,0.010384615384615384,0.14950980392156862,0.9498813696257993,0.8592907692307609
0.93,15527,0.984375,0.9076923076923077,0.9619047619047619,0.006923076923076923,0.013653846153846154,0.11458333333333333,0.9580733974358974,0.8946528846153755
0.93,15528,0.9921875,0.912621359223301,0.946607341490545,0.009230769230769232,0.012692307692307692,0.16666666666666666,0.953578579899789,0.865262307692298
0.93,15529,0.9869791666666666,0.8843416370106761,0.9419354838709677,0.010384615384615384,0.011346153846153846,0.11979166666666667,0.9518026488944128,0.8875971153846071
0.93,15530,0.9801488833746899,0.9168173598553345,0.9376299376299376,0.011538461538461539,0.012884615384615385,0.141439205955335,0.9507218720708513,0.8754724999999919
0.93,15531,0.9898734177215189,0.9010791366906474,0.9499467518636848,0.009038461538461539,0.01326923076923077,0.16455696202531644,0.9514652071314194,0.8631017307692224
0.93,15532,0.9928909952606635,0.911190053285968,0.9452332657200812,0.010384615384615384,0.015192307692307692,0.13744075829383887,0.9566943927407843,0.8651963461538379
0.93,15533,0.9832134292565947,0.9241516966067864,0.9499455930359086,0.008846153846153846,0.013076923076923076,0.12470023980815348,0.9571730352236736,0.8957373076922989
0.93,15534,0.987012987012987,0.8638211382113821,0.9504132231404959,0.008076923076923077,0.01173076923076923,0.12987012987012986,0.948718733852991,0.8822724999999921
0.93,15535,0.9782016348773842,0.9190283400809717,0.9409722222222222,0.009807692307692307,0.01326923076923077,0.15803814713896458,0.9488838314389693,0.8767651923076848
0.93,15536,0.9925373134328358,0.906934306569343,0.9441517386722866,0.010192307692307691,0.011346153846153846,0.14925373134328357,0.9545459563458121,0.8709690384615298
0.93,15537,0.9896103896103896,0.8781925343811395,0.9409090909090909,0.01,0.013461538461538462,0.12727272727272726,0.9507940222841992,0.8810634615384542
0.93,15538,0.9921671018276762,0.9125,0.945859872611465,0.009807692307692307,0.010961538461538462,0.13054830287206268,0.9578263070501201,0.8853821153846073
0.93,15539,0.9844961240310077,0.891459074733096,0.9313621964097148,0.0125,0.013461538461538462,0.18863049095607234,0.9418191803252578,0.854075384615376
