world,delta,L,selected_scale,oracle_scale,pred8,pred18,pred128,err8,err18,err128
STATIONARY,0.0,128,18,128,0.20998277956369932,0.1618766002534429,0.2199120004300465,0.08,0.08,0.04
STATIONARY,0.0,128,18,128,0.18822642899836659,0.15175758704674333,0.18827354062273793,0.16,0.18,0.06
STATIONARY,0.0,128,18,128,0.20138749795001856,0.1718567204779926,0.19143270764861314,0.18,0.16,0.04
STATIONARY,0.0,128,18,8,0.17392479060831567,0.14809204621375016,0.17863128046974192,0.0,0.0,0.04
STATIONARY,0.0,128,18,8,0.24280029299263284,0.2072331078001891,0.21293496902093234,0.0,0.02,0.02
STATIONARY,0.0,128,18,8,0.20028935657648636,0.16620995208120057,0.1781058673972152,0.04,0.04,0.04
STATIONARY,0.0,128,18,128,0.17920057323709768,0.1544367398394773,0.19745853324957846,0.36,0.32,0.06
STATIONARY,0.0,128,18,128,0.20671490978577928,0.16816701739889636,0.2380018242859301,0.5,0.48,0.16
SINGLE_SHIFT,0.3,2,18,8,0.17895315023991318,0.16706433959501288,0.19112482903212488,0.06,0.08,0.08
SINGLE_SHIFT,0.3,2,128,18,0.3250879529944994,0.24984000561833036,0.24225876125317145,0.62,0.42,0.5
SINGLE_SHIFT,0.3,2,18,8,0.18261162305097173,0.16521636866232695,0.1868115688409561,0.04,0.04,0.06
SINGLE_SHIFT,0.3,2,18,8,0.1853990612252663,0.15940441572686825,0.18913116342238,0.14,0.14,0.32
SINGLE_SHIFT,0.3,2,18,8,0.21163967125992983,0.1677270708695089,0.2216946449261296,0.04,0.04,0.04
SINGLE_SHIFT,0.3,2,18,8,0.18198360144407635,0.15981587205482217,0.16216778474105034,0.3,0.34,0.3
SINGLE_SHIFT,0.3,2,18,18,0.18178564623571525,0.13710956412450429,0.23904617738102288,0.04,0.0,0.1
SINGLE_SHIFT,0.3,2,18,128,0.16667471101152737,0.15507933432340773,0.16233855398661648,0.5,0.38,0.36
SINGLE_SHIFT,0.3,4,18,8,0.20449903784467496,0.16311061838826268,0.21487124352818915,0.06,0.06,0.08
SINGLE_SHIFT,0.3,4,128,8,0.2341176933270522,0.21777752943216772,0.2172379029100009,0.42,0.72,0.58
SINGLE_SHIFT,0.3,4,18,8,0.1737562247884202,0.16217798180277218,0.17567193026867817,0.04,0.06,0.04
SINGLE_SHIFT,0.3,4,18,18,0.24521310722842432,0.1856140696400024,0.21370844588457924,0.5,0.02,0.5
SINGLE_SHIFT,0.3,4,18,8,0.22559971324886807,0.16495312430197642,0.26813374779054266,0.02,0.02,0.04
SINGLE_SHIFT,0.3,4,8,8,0.17090165234610363,0.21462996374905888,0.22027312107505645,0.04,0.3,0.26
SINGLE_SHIFT,0.3,4,18,8,0.17866309350208592,0.16382207749455505,0.17996462072926256,0.1,0.14,0.1
SINGLE_SHIFT,0.3,4,18,8,0.23517362052028368,0.21296754340207144,0.2535295291743354,0.12,0.22,0.34
SINGLE_SHIFT,0.3,6,18,8,0.18234375017912105,0.14251807169208405,0.22612404636844047,0.06,0.06,0.08
SINGLE_SHIFT,0.3,6,18,18,0.18363643964509943,0.1576650384488186,0.1606440676414362,0.64,0.6,0.64
SINGLE_SHIFT,0.3,6,18,8,0.20443049625320647,0.17870522892941443,0.17915513858830528,0.04,0.04,0.04
SINGLE_SHIFT,0.3,6,18,8,0.1638287459021967,0.1614189920798728,0.23508703378070353,0.0,0.22,0.56
SINGLE_SHIFT,0.3,6,18,8,0.17583775916008873,0.1594447321122646,0.19330268166202938,0.02,0.04,0.04
SINGLE_SHIFT,0.3,6,18,18,0.1956153127235644,0.14772192202523185,0.22041492689096873,0.12,0.04,0.3
SINGLE_SHIFT,0.3,6,8,8,0.17657454958057947,0.1851524043721771,0.20823607146032727,0.1,0.1,0.1
SINGLE_SHIFT,0.3,6,8,8,0.17164844326462195,0.17616749856162633,0.1820602115838236,0.18,0.36,0.3
SINGLE_SHIFT,0.3,8,8,18,0.1847769326360676,0.1896439408492526,0.2801445151544443,0.26,0.06,0.08
SINGLE_SHIFT,0.3,8,18,8,0.1926982592753016,0.1431116370324574,0.27821287899190095,0.08,0.08,0.64
SINGLE_SHIFT,0.3,8,8,8,0.17009358650056247,0.17816039079931822,0.2026720076223206,0.02,0.04,0.04
SINGLE_SHIFT,0.3,8,18,8,0.18357833408850324,0.1580039936425858,0.21115616763648287,0.02,0.1,0.46
SINGLE_SHIFT,0.3,8,8,8,0.18277998919064947,0.20363063604030407,0.24262969916360103,0.0,0.04,0.04
SINGLE_SHIFT,0.3,8,8,8,0.1715305972840203,0.21897390226290614,0.23179676098005342,0.04,0.3,0.3
SINGLE_SHIFT,0.3,8,18,8,0.16741767652763734,0.1522645607695473,0.17913984986845477,0.1,0.1,0.1
SINGLE_SHIFT,0.3,8,8,8,0.17110996984635526,0.18637513782604595,0.18908498885684882,0.22,0.5,0.36
SINGLE_SHIFT,0.3,12,18,8,0.16919043755917798,0.14502880390428807,0.20698346383919167,0.04,0.06,0.08
SINGLE_SHIFT,0.3,12,8,8,0.18915078149813352,0.2550640883445652,0.2688271866446376,0.08,0.66,0.52
SINGLE_SHIFT,0.3,12,18,8,0.2008521327629163,0.1926374361497622,0.19403604283114875,0.04,0.06,0.06
SINGLE_SHIFT,0.3,12,18,18,0.21201098439642516,0.1664860947616966,0.20352553685780872,0.18,0.0,0.26
SINGLE_SHIFT,0.3,12,18,8,0.20065248982461145,0.15461638973777359,0.24181127794443041,0.02,0.02,0.04
SINGLE_SHIFT,0.3,12,18,18,0.24203215689842417,0.19053836961417683,0.21205257716447765,0.22,0.16,0.26
SINGLE_SHIFT,0.3,12,18,8,0.17446766680938108,0.17194300352815467,0.17638749127172157,0.06,0.1,0.1
SINGLE_SHIFT,0.3,12,8,18,0.15912874591542303,0.20363831954012845,0.2916394163901495,0.08,0.04,0.22
SINGLE_SHIFT,0.3,18,18,8,0.19259412929703557,0.15008892654462294,0.23314073016266132,0.06,0.06,0.08
SINGLE_SHIFT,0.3,18,18,18,0.19471686339626987,0.15358614325511621,0.18664508142523037,0.3,0.1,0.42
SINGLE_SHIFT,0.3,18,18,8,0.19552586377976042,0.1620513482725685,0.1818521581052632,0.04,0.04,0.04
SINGLE_SHIFT,0.3,18,18,8,0.1899614218387799,0.13605285767689615,0.2674577572701581,0.0,0.0,0.26
SINGLE_SHIFT,0.3,18,18,128,0.17651891313889898,0.13164784171503635,0.26242252539169353,0.3,0.28,0.04
SINGLE_SHIFT,0.3,18,18,8,0.18067982635181593,0.16417292334573544,0.19070690843961283,0.18,0.2,0.3
SINGLE_SHIFT,0.3,18,18,8,0.2031669786033981,0.15761742436172876,0.20603942729241928,0.06,0.16,0.1
SINGLE_SHIFT,0.3,18,18,18,0.18718653117507628,0.15071239730843014,0.19119829772674188,0.22,0.08,0.28
SINGLE_SHIFT,0.3,24,18,18,0.18014843670174202,0.16874887003395952,0.18165650813565937,0.08,0.06,0.08
SINGLE_SHIFT,0.3,24,18,8,0.18489003056536965,0.13658871207016182,0.26119393594302237,0.08,0.08,0.32
SINGLE_SHIFT,0.3,24,18,128,0.1937745262156989,0.1388822307772666,0.2594137270170994,0.24,0.3,0.04
SINGLE_SHIFT,0.3,24,18,8,0.20398225230572387,0.1471882983459528,0.2599909458052478,0.0,0.02,0.22
SINGLE_SHIFT,0.3,24,8,8,0.17682036214540806,0.19632864178020226,0.21376208511189296,0.04,0.04,0.04
SINGLE_SHIFT,0.3,24,18,8,0.19337637810102157,0.17504962538212604,0.18575960325965243,0.32,0.32,0.38
SINGLE_SHIFT,0.3,24,18,128,0.19647732981717686,0.1882263512468249,0.3206713793929411,0.42,0.26,0.1
SINGLE_SHIFT,0.3,24,18,8,0.18276512118105476,0.14508825800539668,0.21167607877619013,0.22,0.22,0.44
SINGLE_SHIFT,0.3,36,8,18,0.1648176833100786,0.21542794299082282,0.3085101284523549,0.52,0.04,0.08
SINGLE_SHIFT,0.3,36,8,8,0.1642542171301203,0.20294239000468442,0.253508989715463,0.08,0.24,0.52
SINGLE_SHIFT,0.3,36,18,8,0.19253318513712575,0.16034387081040893,0.19747646236306154,0.04,0.04,0.04
SINGLE_SHIFT,0.3,36,8,18,0.1987413111185319,0.22289993436953304,0.2886442390257298,0.02,0.0,0.14
SINGLE_SHIFT,0.3,36,18,8,0.18418170957044003,0.1401933976583666,0.24098962492854664,0.02,0.02,0.04
SINGLE_SHIFT,0.3,36,8,8,0.17341153065954215,0.17937452101006407,0.19977912755145574,0.04,0.18,0.26
SINGLE_SHIFT,0.3,36,18,8,0.21348583729067722,0.16275677888596954,0.21997397188013673,0.06,0.22,0.1
SINGLE_SHIFT,0.3,36,18,18,0.21591313733297224,0.1599929230525834,0.200450614692428,0.24,0.04,0.28
SINGLE_SHIFT,0.3,48,8,18,0.1683538378912542,0.18189374896227156,0.2350348509668506,0.3,0.04,0.08
SINGLE_SHIFT,0.3,48,18,18,0.19662564084283543,0.16177121837034622,0.19654087476195117,0.3,0.16,0.42
SINGLE_SHIFT,0.3,48,18,128,0.16895936645237514,0.1395959365565606,0.2439457181926676,0.42,0.3,0.04
SINGLE_SHIFT,0.3,48,18,128,0.20997439089667017,0.1766237954488565,0.22136324403143814,0.5,0.5,0.22
SINGLE_SHIFT,0.3,48,8,8,0.15915026057103018,0.18447850332845941,0.21880351836431214,0.02,0.04,0.04
SINGLE_SHIFT,0.3,48,18,8,0.18629008543278266,0.1484255954212471,0.21049680565528545,0.04,0.04,0.18
SINGLE_SHIFT,0.3,48,18,128,0.2140162450459502,0.1746579939450022,0.24294348634138346,0.2,0.16,0.1
SINGLE_SHIFT,0.3,48,18,18,0.20020868979512624,0.1562344669069893,0.21797508276439378,0.1,0.04,0.22
SINGLE_SHIFT,0.55,2,8,8,0.17850535759708636,0.2220084458545828,0.2212994555408287,0.08,0.08,0.08
SINGLE_SHIFT,0.55,2,18,18,0.1905139734149506,0.15823922136225893,0.16751710710141576,0.78,0.72,0.78
SINGLE_SHIFT,0.55,2,8,18,0.17455075214277285,0.18464044401050048,0.18620584159323975,0.08,0.06,0.06
SINGLE_SHIFT,0.55,2,18,18,0.17241207251109858,0.14281938691212726,0.1731200660556728,0.52,0.5,0.62
SINGLE_SHIFT,0.55,2,18,18,0.20065899054842642,0.15937719756912685,0.17692839882868655,0.06,0.04,0.08
SINGLE_SHIFT,0.55,2,18,128,0.2017000237237397,0.19050119546967126,0.20330106897087385,0.56,0.54,0.52
SINGLE_SHIFT,0.55,2,18,8,0.20271420574011717,0.1773145978178777,0.1943868780288463,0.1,0.14,0.14
SINGLE_SHIFT,0.55,2,128,18,0.24612543730042297,0.2488005860767705,0.24466549643476748,0.64,0.6,0.6
SINGLE_SHIFT,0.55,4,18,8,0.20588378173827623,0.16873082642730378,0.19917062007866965,0.08,0.08,0.08
SINGLE_SHIFT,0.55,4,18,8,0.23469124702404806,0.19619377654331177,0.24129676749289108,0.72,0.72,0.78
SINGLE_SHIFT,0.55,4,18,18,0.18573318265917033,0.16966600404006696,0.17284116537206787,0.08,0.06,0.06
SINGLE_SHIFT,0.55,4,8,8,0.17793284535414053,0.24163396543321555,0.25183635502802376,0.3,0.7,0.72
SINGLE_SHIFT,0.55,4,8,8,0.2468512620552004,0.27856661850648257,0.3123842491258376,0.04,0.04,0.08
SINGLE_SHIFT,0.55,4,8,8,0.19843433348889417,0.22451247810950417,0.29335444072937333,0.06,0.32,0.5
SINGLE_SHIFT,0.55,4,18,8,0.19305274116007531,0.17246632071483528,0.22167193430862164,0.1,0.1,0.1
SINGLE_SHIFT,0.55,4,8,8,0.15951893342466153,0.20465652111050153,0.20788439420058794,0.3,0.58,0.56
SINGLE_SHIFT,0.55,6,18,8,0.21744584883346235,0.1794200256096843,0.21687820417560627,0.08,0.08,0.08
SINGLE_SHIFT,0.55,6,18,8,0.19980351161289994,0.17450479249342346,0.20862063184141091,0.7,0.72,0.78
SINGLE_SHIFT,0.55,6,18,8,0.2024297915595512,0.1700551261354883,0.17606629624880357,0.06,0.06,0.06
SINGLE_SHIFT,0.55,6,128,8,0.25026904885412016,0.23857735974444633,0.23111017159455136,0.56,0.68,0.68
SINGLE_SHIFT,0.55,6,8,18,0.16519495696818423,0.2206347729382964,0.3150314441087117,0.26,0.04,0.08
SINGLE_SHIFT,0.55,6,18,18,0.17764129592810338,0.1545830279204784,0.16057411844436995,0.56,0.52,0.54
SINGLE_SHIFT,0.55,6,18,8,0.18476297899033076,0.15020578504966114,0.19223328720199853,0.1,0.1,0.14
SINGLE_SHIFT,0.55,6,18,8,0.17545279042654183,0.15645129294923038,0.17899539522383326,0.52,0.52,0.58
SINGLE_SHIFT,0.55,8,18,8,0.1743032716298576,0.16714299679177733,0.2506980882035761,0.04,0.08,0.08
SINGLE_SHIFT,0.55,8,8,8,0.16868770672606162,0.19213299931081423,0.34257985068257973,0.08,0.2,0.78
SINGLE_SHIFT,0.55,8,8,8,0.18367490499699335,0.18979457491137103,0.28652849399177327,0.04,0.04,0.08
SINGLE_SHIFT,0.55,8,18,8,0.18012180993371268,0.16380177739581142,0.2871902116871217,0.02,0.22,0.68
SINGLE_SHIFT,0.55,8,8,18,0.1721761979741131,0.2145745634735483,0.3137528783739455,0.14,0.04,0.08
SINGLE_SHIFT,0.55,8,8,8,0.17376970973281486,0.1938990065328105,0.28287564080083466,0.02,0.26,0.52
SINGLE_SHIFT,0.55,8,18,18,0.1927515246890893,0.16127510287095204,0.2695384027146621,0.1,0.06,0.14
SINGLE_SHIFT,0.55,8,8,8,0.18465600586302114,0.19603980826353776,0.26421365939955943,0.18,0.36,0.54
SINGLE_SHIFT,0.55,12,18,8,0.198047128132279,0.14733140234418615,0.2517493667027403,0.06,0.06,0.08
SINGLE_SHIFT,0.55,12,18,8,0.19793471028721815,0.1619847757889984,0.24910131683660489,0.36,0.36,0.72
SINGLE_SHIFT,0.55,12,18,8,0.19108442270006654,0.18357025085430778,0.23557900540116455,0.04,0.06,0.06
SINGLE_SHIFT,0.55,12,8,8,0.19330540350775735,0.19764855376785795,0.3344253743427607,0.0,0.02,0.66
SINGLE_SHIFT,0.55,12,8,8,0.17302860841769468,0.2109593131330872,0.2969856243494856,0.04,0.04,0.08
SINGLE_SHIFT,0.55,12,18,8,0.18039282654338729,0.1700557255982221,0.29092950856565275,0.04,0.04,0.42
SINGLE_SHIFT,0.55,12,18,18,0.19847125958955936,0.1733655950730506,0.1924355591990027,0.14,0.1,0.14
SINGLE_SHIFT,0.55,12,8,8,0.17679755000121183,0.1959487336750004,0.25352896738056113,0.22,0.46,0.58
SINGLE_SHIFT,0.55,18,8,18,0.16503808761773886,0.1711267419022095,0.3171957758630365,0.44,0.04,0.08
SINGLE_SHIFT,0.55,18,8,8,0.1675410222765991,0.19785175594254878,0.21021085339728096,0.34,0.68,0.7
SINGLE_SHIFT,0.55,18,18,128,0.19713143544197026,0.14100120337381208,0.320452633012532,0.22,0.16,0.06
SINGLE_SHIFT,0.55,18,18,18,0.21927831481988674,0.1696592946137238,0.3841806403876462,0.02,0.0,0.56
SINGLE_SHIFT,0.55,18,8,18,0.16403287288035423,0.18225998794745188,0.3142924278423407,0.22,0.04,0.08
SINGLE_SHIFT,0.55,18,8,8,0.16392131873870674,0.17688603799046998,0.35075341447691233,0.04,0.04,0.42
SINGLE_SHIFT,0.55,18,18,8,0.21236590119443874,0.16232482329985704,0.29229759239909275,0.1,0.1,0.14
SINGLE_SHIFT,0.55,18,18,18,0.1923957198545041,0.14839943197443264,0.20088944670081366,0.54,0.38,0.6
SINGLE_SHIFT,0.55,24,18,128,0.234108678689815,0.16757377767135015,0.3335515952527484,0.22,0.4,0.08
SINGLE_SHIFT,0.55,24,18,8,0.16621559940635502,0.15242493353161032,0.23075777897758176,0.5,0.64,0.78
SINGLE_SHIFT,0.55,24,18,18,0.22778090779260848,0.17325196054503184,0.23386940435486286,0.04,0.0,0.06
SINGLE_SHIFT,0.55,24,18,18,0.19440150326142955,0.15149417074605373,0.20014750050611554,0.54,0.32,0.68
SINGLE_SHIFT,0.55,24,18,8,0.1856715568282833,0.14795592172886066,0.2817770558937505,0.0,0.04,0.08
SINGLE_SHIFT,0.55,24,8,18,0.15275072096433406,0.1550815013432081,0.29253153850784586,0.04,0.0,0.42
SINGLE_SHIFT,0.55,24,18,8,0.22069061686718194,0.1528646721496653,0.3455633606596998,0.08,0.22,0.14
SINGLE_SHIFT,0.55,24,18,18,0.18757390195266035,0.1344260601513484,0.29001610931409433,0.04,0.0,0.58
SINGLE_SHIFT,0.55,36,18,128,0.20038912415757587,0.15188806679391414,0.3282098839890392,0.4,0.3,0.08
SINGLE_SHIFT,0.55,36,18,18,0.24508473369304346,0.1854328240533318,0.2502940051523573,0.46,0.08,0.66
SINGLE_SHIFT,0.55,36,18,18,0.16754239065198528,0.15728416088926336,0.277538151611303,0.18,0.02,0.06
SINGLE_SHIFT,0.55,36,18,18,0.1996368112302213,0.1632612439442766,0.18493393382167927,0.6,0.2,0.54
SINGLE_SHIFT,0.55,36,18,8,0.21292418909407984,0.16543533976949046,0.2068961343845329,0.04,0.04,0.04
SINGLE_SHIFT,0.55,36,18,8,0.19486972480627196,0.18653486531678984,0.2710140044706706,0.12,0.2,0.42
SINGLE_SHIFT,0.55,36,18,8,0.1911999081484985,0.18424517851597202,0.23896225155543901,0.1,0.1,0.1
SINGLE_SHIFT,0.55,36,18,18,0.19159289077585887,0.17776672789533182,0.1975578068534413,0.62,0.36,0.54
SINGLE_SHIFT,0.55,48,18,18,0.19545216797183987,0.16307768208257484,0.26628626303494507,0.24,0.06,0.08
SINGLE_SHIFT,0.55,48,8,8,0.16046511260240728,0.1718705710349678,0.23328258070438346,0.02,0.34,0.66
SINGLE_SHIFT,0.55,48,18,18,0.17278980413342818,0.1715023903105728,0.2564288833357471,0.16,0.04,0.04
SINGLE_SHIFT,0.55,48,18,8,0.20926221757204408,0.15521087021291718,0.24372391459384607,0.0,0.0,0.5
SINGLE_SHIFT,0.55,48,18,128,0.1655028110470269,0.1404943694739153,0.238972371882018,0.22,0.08,0.04
SINGLE_SHIFT,0.55,48,8,18,0.17654721354985536,0.18491188767847352,0.19218970094440924,0.54,0.38,0.42
SINGLE_SHIFT,0.55,48,18,8,0.20092604181880636,0.16332040202605974,0.18926221352928277,0.1,0.1,0.1
SINGLE_SHIFT,0.55,48,18,18,0.18919828318423335,0.14320311068025116,0.21857738554885509,0.22,0.12,0.48
SINGLE_SHIFT,0.8,2,18,8,0.2793065444729761,0.2521734521801673,0.32143479350998433,0.08,0.08,0.08
SINGLE_SHIFT,0.8,2,8,8,0.17341896818895758,0.22786974974965163,0.26812566587830156,0.7,0.82,0.82
SINGLE_SHIFT,0.8,2,8,8,0.16986274904535228,0.17292697070704827,0.18705188751169796,0.08,0.1,0.1
SINGLE_SHIFT,0.8,2,18,8,0.180382794736736,0.18021275476352325,0.21544905033793443,0.72,0.72,0.76
SINGLE_SHIFT,0.8,2,18,8,0.20201972606473317,0.16112915421125595,0.17896038318534452,0.08,0.08,0.08
SINGLE_SHIFT,0.8,2,18,8,0.18519932691076418,0.15338113508451923,0.1717833122333729,0.56,0.56,0.56
SINGLE_SHIFT,0.8,2,18,8,0.1759636239917099,0.15842590950636953,0.16648689045049658,0.14,0.14,0.14
SINGLE_SHIFT,0.8,2,18,128,0.19681634637505674,0.16230479321821972,0.18816950944626068,0.66,0.66,0.64
SINGLE_SHIFT,0.8,4,8,8,0.17497208633844188,0.22058757695511066,0.21941840279879818,0.08,0.08,0.08
SINGLE_SHIFT,0.8,4,18,8,0.22415096418797575,0.20646470942097545,0.2746542349335346,0.78,0.78,0.82
SINGLE_SHIFT,0.8,4,18,8,0.18404783998724655,0.16114009465302825,0.19020230842701538,0.08,0.08,0.1
SINGLE_SHIFT,0.8,4,8,8,0.21221117024432834,0.2701905455801581,0.2881312739097241,0.52,0.72,0.74
SINGLE_SHIFT,0.8,4,8,8,0.23169755376050205,0.23524623028343278,0.2710505946160892,0.04,0.08,0.08
SINGLE_SHIFT,0.8,4,18,8,0.24807903131491107,0.2463134048873418,0.27622065613719204,0.46,0.54,0.56
SINGLE_SHIFT,0.8,4,18,8,0.21189278553921465,0.19620773054773294,0.21658107800162674,0.14,0.14,0.14
SINGLE_SHIFT,0.8,4,8,8,0.15637535097360428,0.20386001273214066,0.22999117159753207,0.5,0.6,0.62
SINGLE_SHIFT,0.8,6,8,8,0.20148843574855693,0.23656326735661914,0.23696210584116412,0.08,0.08,0.08
SINGLE_SHIFT,0.8,6,8,8,0.17376811665615016,0.24706837754642802,0.2904794855372958,0.36,0.78,0.82
SINGLE_SHIFT,0.8,6,8,8,0.16724560136002328,0.20908926316865725,0.26420706553736456,0.04,0.06,0.1
SINGLE_SHIFT,0.8,6,8,8,0.2184786516845019,0.29727681712955256,0.3623624819505254,0.0,0.62,0.72
SINGLE_SHIFT,0.8,6,8,8,0.15496682021028968,0.1934307954862489,0.3151964798632056,0.02,0.04,0.08
SINGLE_SHIFT,0.8,6,8,8,0.15568798449722793,0.2318812872300556,0.2362803486277243,0.42,0.56,0.56
SINGLE_SHIFT,0.8,6,8,8,0.1735324449553944,0.23855386542532142,0.29307654393787397,0.08,0.14,0.14
SINGLE_SHIFT,0.8,6,8,8,0.16518712204746355,0.20856205856861573,0.2980263752347448,0.22,0.54,0.62
SINGLE_SHIFT,0.8,8,8,18,0.15036336624933896,0.3349001688655006,0.3694282041490947,0.36,0.08,0.08
SINGLE_SHIFT,0.8,8,8,8,0.1764400883585855,0.2198962431627391,0.28928058898219844,0.36,0.78,0.82
SINGLE_SHIFT,0.8,8,8,18,0.16324009441332774,0.2152214647626915,0.4064997473973216,0.54,0.04,0.1
SINGLE_SHIFT,0.8,8,8,8,0.17917346490292732,0.19759867246739857,0.32604660082156367,0.0,0.5,0.72
SINGLE_SHIFT,0.8,8,8,8,0.15894485860141477,0.2063117776764156,0.25348713551183233,0.04,0.08,0.08
SINGLE_SHIFT,0.8,8,8,8,0.1575093086602213,0.228048296810799,0.29986623388396333,0.18,0.52,0.56
SINGLE_SHIFT,0.8,8,8,18,0.1673095944041737,0.31956080410434595,0.39409198222063424,0.3,0.14,0.14
SINGLE_SHIFT,0.8,8,8,8,0.1510716139381178,0.21692600966873368,0.3237915741969912,0.04,0.52,0.6
SINGLE_SHIFT,0.8,12,18,8,0.20796779547875083,0.20005562290495377,0.23441412438603104,0.08,0.08,0.08
SINGLE_SHIFT,0.8,12,8,8,0.15322776278497016,0.1761889655685177,0.33514899053583774,0.02,0.58,0.82
SINGLE_SHIFT,0.8,12,18,8,0.18905528549771636,0.1673261750334779,0.30936849644271047,0.04,0.04,0.1
SINGLE_SHIFT,0.8,12,8,8,0.16499692561859344,0.1836075541386969,0.2722855287038553,0.5,0.7,0.76
SINGLE_SHIFT,0.8,12,18,8,0.17528075881533225,0.15000318694970274,0.26697777420560614,0.04,0.04,0.08
SINGLE_SHIFT,0.8,12,8,8,0.16239640142653636,0.19461736580133532,0.3866514187291798,0.04,0.1,0.54
SINGLE_SHIFT,0.8,12,8,18,0.15252390316444625,0.17583775350039418,0.37368548749524116,0.26,0.1,0.14
SINGLE_SHIFT,0.8,12,18,8,0.1791486803319494,0.17191373866275392,0.3359459622663031,0.1,0.22,0.6
SINGLE_SHIFT,0.8,18,18,18,0.23978345240191962,0.15667990376009877,0.29017161944656633,0.08,0.06,0.08
SINGLE_SHIFT,0.8,18,18,18,0.23455314359338986,0.1672702039034841,0.2629654942660501,0.74,0.34,0.82
SINGLE_SHIFT,0.8,18,18,128,0.21111439675450627,0.13559712584666017,0.38338905441110704,0.3,0.42,0.06
SINGLE_SHIFT,0.8,18,18,8,0.2154806212086774,0.14517961667062834,0.3628438068894315,0.0,0.0,0.72
SINGLE_SHIFT,0.8,18,18,128,0.2282029369906753,0.14864450692378178,0.39792915167574094,0.12,0.3,0.08
SINGLE_SHIFT,0.8,18,18,18,0.2415173725502349,0.17609909189354525,0.31661658929638603,0.3,0.04,0.54
SINGLE_SHIFT,0.8,18,18,8,0.19535970400191754,0.13099011323480808,0.33833141087574137,0.06,0.1,0.14
SINGLE_SHIFT,0.8,18,18,8,0.1644532465070717,0.15561695272351234,0.45429741105538735,0.08,0.08,0.6
SINGLE_SHIFT,0.8,24,18,8,0.18232207405778159,0.15094908844076504,0.3189001066207497,0.08,0.08,0.08
SINGLE_SHIFT,0.8,24,18,18,0.18278091820371867,0.15054320830582413,0.3829702408341108,0.08,0.0,0.78
SINGLE_SHIFT,0.8,24,18,18,0.1926179791595785,0.13446619312976343,0.3496967427869426,0.04,0.0,0.08
SINGLE_SHIFT,0.8,24,18,18,0.23579525495765802,0.16177845103405775,0.33059711172584505,0.22,0.0,0.72
SINGLE_SHIFT,0.8,24,18,128,0.21392257315335084,0.15425293615315658,0.4031624913522605,0.38,0.22,0.08
SINGLE_SHIFT,0.8,24,18,8,0.18745947113093195,0.1546162235520342,0.3054661360253844,0.06,0.14,0.54
SINGLE_SHIFT,0.8,24,8,18,0.18321639152230806,0.2024554571440402,0.4342331254259772,0.52,0.06,0.14
SINGLE_SHIFT,0.8,24,18,18,0.18581027303401984,0.13939292245282495,0.23396163358010882,0.52,0.48,0.6
SINGLE_SHIFT,0.8,36,18,8,0.24398248073285594,0.16824611040717966,0.3469659523573011,0.06,0.28,0.08
SINGLE_SHIFT,0.8,36,18,8,0.2442649036623029,0.16649923252623483,0.3741760979756032,0.08,0.08,0.78
SINGLE_SHIFT,0.8,36,8,18,0.16177247889056273,0.1909150604756201,0.3367605123091974,0.28,0.04,0.06
SINGLE_SHIFT,0.8,36,18,18,0.20436920089770752,0.1502675058640495,0.2772450461071486,0.22,0.02,0.68
SINGLE_SHIFT,0.8,36,18,18,0.2176319943967604,0.1512841260922054,0.28047267200639003,0.04,0.02,0.08
SINGLE_SHIFT,0.8,36,18,18,0.18179284300352908,0.13556477162847072,0.44056786262266234,0.06,0.04,0.52
SINGLE_SHIFT,0.8,36,18,18,0.19495525279444784,0.1647697467665411,0.3323744914849382,0.34,0.04,0.14
SINGLE_SHIFT,0.8,36,18,8,0.20764848439113676,0.1454487782862413,0.3714125352379021,0.08,0.08,0.6
SINGLE_SHIFT,0.8,48,18,128,0.18595781443458806,0.1316856844242161,0.28632249444291924,0.16,0.14,0.08
SINGLE_SHIFT,0.8,48,8,8,0.16395001642295554,0.16818229504455104,0.3140095778421572,0.04,0.28,0.78
SINGLE_SHIFT,0.8,48,18,18,0.20753858798560343,0.15569065111028868,0.23476892451079348,0.04,0.02,0.06
SINGLE_SHIFT,0.8,48,18,18,0.1878265837122565,0.14139822741337002,0.23684845237756058,0.18,0.12,0.62
SINGLE_SHIFT,0.8,48,18,128,0.20005661120881482,0.1491210645734237,0.39416479464929927,0.32,0.16,0.08
SINGLE_SHIFT,0.8,48,18,18,0.19772230850424893,0.13895025305024142,0.2964446823810323,0.16,0.04,0.54
SINGLE_SHIFT,0.8,48,18,8,0.2157562840208325,0.1606284823143776,0.22895696277725527,0.1,0.1,0.14
SINGLE_SHIFT,0.8,48,18,18,0.18325878198415657,0.13568892884265205,0.2493141814204808,0.22,0.14,0.54
LOCAL_PULSE_REVERT,0.3,18,18,128,0.17702422441115898,0.14346906733602008,0.17590024683179775,0.06,0.06,0.04
LOCAL_PULSE_REVERT,0.3,18,18,8,0.18601193524165258,0.15287826474875332,0.19898862387440178,0.06,0.08,0.1
LOCAL_PULSE_REVERT,0.3,18,18,128,0.1984108428970065,0.1815576132990314,0.21536530650436272,0.32,0.16,0.0
LOCAL_PULSE_REVERT,0.3,18,18,8,0.2320364543119197,0.19461697482512563,0.20499406566315517,0.0,0.42,0.0
LOCAL_PULSE_REVERT,0.3,18,18,128,0.20188130504533147,0.16286832407834428,0.20516101765856254,0.12,0.16,0.02
LOCAL_PULSE_REVERT,0.3,18,8,18,0.1688756004428336,0.1838490321019087,0.20596046561866677,0.3,0.02,0.04
LOCAL_PULSE_REVERT,0.3,18,18,18,0.17571124488230402,0.17105013074729036,0.17397486977052684,0.14,0.06,0.06
LOCAL_PULSE_REVERT,0.3,18,18,128,0.1992756367703165,0.16871929547018674,0.19173845737915282,0.1,0.08,0.04
LOCAL_PULSE_REVERT,0.3,18,18,18,0.1719713874797175,0.1652761421037467,0.17018074677519365,0.18,0.06,0.06
LOCAL_PULSE_REVERT,0.3,18,18,128,0.19767759532524617,0.1742256058102997,0.17470190877321284,0.34,0.34,0.32
LOCAL_PULSE_REVERT,0.3,18,8,18,0.18508591290788057,0.192481256132719,0.19667596329956594,0.14,0.04,0.04
LOCAL_PULSE_REVERT,0.3,18,18,8,0.16647450867608135,0.14615431084031608,0.20223621958267535,0.0,0.0,0.16
LOCAL_PULSE_REVERT,0.3,18,18,128,0.1667559396360388,0.13764990661191404,0.1771524957327373,0.04,0.04,0.02
LOCAL_PULSE_REVERT,0.3,18,18,128,0.2004892281719847,0.1636157095008315,0.17760310256814402,0.02,0.2,0.0
LOCAL_PULSE_REVERT,0.3,18,18,18,0.1839822990322104,0.17407992439742775,0.17530768355155904,0.08,0.06,0.06
LOCAL_PULSE_REVERT,0.3,18,18,128,0.2023966015594819,0.17055092444894507,0.19170858467797347,0.18,0.18,0.02
LOCAL_PULSE_REVERT,0.3,18,18,8,0.2038853136172425,0.16471972775235882,0.18158272013858315,0.06,0.22,0.06
LOCAL_PULSE_REVERT,0.3,18,18,18,0.17107496252188484,0.15684500902034432,0.15731325497799162,0.16,0.02,0.02
LOCAL_PULSE_REVERT,0.3,18,18,18,0.2008821125164384,0.19125149767848537,0.20469231883227476,0.14,0.0,0.04
LOCAL_PULSE_REVERT,0.3,18,18,8,0.17459272530676082,0.1628265223511709,0.16513326571049247,0.0,0.0,0.0
LOCAL_PULSE_REVERT,0.3,18,18,128,0.17126170197586696,0.1584983705310405,0.2060449980027447,0.04,0.04,0.02
LOCAL_PULSE_REVERT,0.3,18,8,18,0.16212043878374421,0.18435884446638331,0.18954066491867994,0.38,0.06,0.1
LOCAL_PULSE_REVERT,0.3,18,18,128,0.18916624120276662,0.17538950801358308,0.23485874140510735,0.42,0.16,0.1
LOCAL_PULSE_REVERT,0.3,18,8,128,0.1640456612083318,0.17452291830424999,0.1968644224885604,0.08,0.04,0.0
LOCAL_PULSE_REVERT,0.55,18,128,18,0.17423570936475424,0.15526182648409817,0.15515236883985783,0.08,0.06,0.06
LOCAL_PULSE_REVERT,0.55,18,128,8,0.20768694224923717,0.18906344658976001,0.1886083491716922,0.02,0.02,0.02
LOCAL_PULSE_REVERT,0.55,18,18,128,0.16606838221983258,0.1423370556547891,0.22631002792506658,0.04,0.04,0.0
LOCAL_PULSE_REVERT,0.55,18,18,8,0.191873723559281,0.16735751813522812,0.16933277980106948,0.0,0.0,0.0
LOCAL_PULSE_REVERT,0.55,18,18,128,0.19015153207087093,0.18403076039189295,0.1917089266399899,0.04,0.12,0.02
LOCAL_PULSE_REVERT,0.55,18,18,128,0.1609444668645468,0.15667358325125583,0.1765033931058472,0.04,0.04,0.0
LOCAL_PULSE_REVERT,0.55,18,18,128,0.1705944410060902,0.14542106468130986,0.15852540116284636,0.14,0.1,0.0
LOCAL_PULSE_REVERT,0.55,18,8,18,0.18799870125562101,0.2148409303806499,0.21932912799911786,0.36,0.02,0.04
LOCAL_PULSE_REVERT,0.55,18,18,128,0.17231690584208229,0.15368670859536582,0.1699160804047112,0.22,0.16,0.04
LOCAL_PULSE_REVERT,0.55,18,18,128,0.17689625454283628,0.14336584870018934,0.1692121628156875,0.06,0.08,0.04
LOCAL_PULSE_REVERT,0.55,18,18,128,0.17062937732919772,0.15812970285153308,0.22727232547036635,0.42,0.16,0.04
LOCAL_PULSE_REVERT,0.55,18,18,8,0.19775964146767064,0.17370039478042157,0.22441628739343367,0.0,0.0,0.0
LOCAL_PULSE_REVERT,0.55,18,18,8,0.17146542320350186,0.14435690498553982,0.15166093066559566,0.02,0.04,0.02
LOCAL_PULSE_REVERT,0.55,18,18,128,0.1707878907186233,0.14238283940624505,0.21746951584698604,0.04,0.04,0.0
LOCAL_PULSE_REVERT,0.55,18,18,8,0.22440524205757506,0.17306769206746395,0.19785442713287302,0.04,0.14,0.06
LOCAL_PULSE_REVERT,0.55,18,18,18,0.1972406746682783,0.1737905765936823,0.18550787403921895,0.22,0.04,0.04
LOCAL_PULSE_REVERT,0.55,18,18,128,0.16867526642930897,0.15886501139353693,0.1665649870793125,0.06,0.16,0.04
LOCAL_PULSE_REVERT,0.55,18,8,8,0.16544501675581733,0.16600436509268457,0.17304833045427398,0.06,0.22,0.1
LOCAL_PULSE_REVERT,0.55,18,18,8,0.17281576871245624,0.165307048378643,0.1759262154180773,0.04,0.04,0.04
LOCAL_PULSE_REVERT,0.55,18,8,8,0.17687669819172805,0.25340737027001226,0.25189890701572204,0.02,0.02,0.02
LOCAL_PULSE_REVERT,0.55,18,18,128,0.18039293085629923,0.14786116713409655,0.1954777460857875,0.04,0.04,0.02
LOCAL_PULSE_REVERT,0.55,18,128,18,0.2448412233197605,0.2026351463913994,0.20213264871378497,0.16,0.04,0.1
LOCAL_PULSE_REVERT,0.55,18,8,128,0.17512124751173302,0.2228500910119889,0.265216284988767,0.56,0.16,0.06
LOCAL_PULSE_REVERT,0.55,18,18,18,0.1879838448908795,0.14926075161705382,0.18759632335854254,0.08,0.04,0.1
LOCAL_PULSE_REVERT,0.8,18,18,8,0.20320153757692158,0.16164302384711243,0.19075183479674898,0.06,0.08,0.06
LOCAL_PULSE_REVERT,0.8,18,18,8,0.18317759848068857,0.17521524239560904,0.22584804651824844,0.08,0.08,0.14
LOCAL_PULSE_REVERT,0.8,18,8,128,0.20256252769463204,0.22429686821832742,0.26195566006379717,0.04,0.04,0.0
LOCAL_PULSE_REVERT,0.8,18,8,8,0.16460099706158635,0.18132855577110618,0.18386446028656217,0.0,0.0,0.0
LOCAL_PULSE_REVERT,0.8,18,18,128,0.1968265550296352,0.1560851687321553,0.20660769755414415,0.24,0.26,0.02
LOCAL_PULSE_REVERT,0.8,18,18,128,0.19538476777997285,0.15968277881294626,0.19222252554460695,0.04,0.04,0.02
LOCAL_PULSE_REVERT,0.8,18,18,128,0.1889797503926909,0.1669211658361074,0.2848541329820432,0.56,0.4,0.06
LOCAL_PULSE_REVERT,0.8,18,18,8,0.18135767684333481,0.14339328101987892,0.21253174233404407,0.08,0.08,0.08
LOCAL_PULSE_REVERT,0.8,18,8,18,0.1853504932657768,0.1988539719669299,0.21478396112523446,0.26,0.02,0.06
LOCAL_PULSE_REVERT,0.8,18,18,18,0.18327015469176772,0.15299540619190244,0.18933823015824486,0.12,0.08,0.3
LOCAL_PULSE_REVERT,0.8,18,18,128,0.23704489165092282,0.18783591233553415,0.2089890754356385,0.08,0.06,0.0
LOCAL_PULSE_REVERT,0.8,18,18,18,0.1988478244336913,0.1620618982102105,0.24913457550864176,0.02,0.0,0.12
LOCAL_PULSE_REVERT,0.8,18,8,18,0.1767335801060245,0.213088801946101,0.21257276371062556,0.04,0.02,0.02
LOCAL_PULSE_REVERT,0.8,18,18,128,0.160823308780023,0.15407008682234236,0.20634324662832226,0.42,0.3,0.1
LOCAL_PULSE_REVERT,0.8,18,18,18,0.17546194074274193,0.15836616835978595,0.20008162464620716,0.3,0.02,0.1
LOCAL_PULSE_REVERT,0.8,18,8,128,0.1944619995939209,0.20446236063421624,0.21612346597455964,0.5,0.08,0.04
LOCAL_PULSE_REVERT,0.8,18,18,18,0.1796782404911877,0.16423780567208143,0.16744825178264933,0.06,0.04,0.06
LOCAL_PULSE_REVERT,0.8,18,128,8,0.23030755703710562,0.19723694107250492,0.19588958658386524,0.06,0.22,0.08
LOCAL_PULSE_REVERT,0.8,18,8,128,0.17787220968608528,0.20097336191098525,0.21570617376989157,0.5,0.04,0.0
LOCAL_PULSE_REVERT,0.8,18,8,128,0.18218842913436195,0.18488032682040656,0.19505575683111182,0.24,0.02,0.0
LOCAL_PULSE_REVERT,0.8,18,18,8,0.23700090300416243,0.2045297696726016,0.21855103635901785,0.02,0.04,0.04
LOCAL_PULSE_REVERT,0.8,18,18,18,0.21734129719087403,0.21632905406245811,0.22015355286027105,0.32,0.1,0.1
LOCAL_PULSE_REVERT,0.8,18,8,128,0.19173929926593444,0.20175465444522667,0.25169087363780623,0.4,0.12,0.06
LOCAL_PULSE_REVERT,0.8,18,18,128,0.2183614308067833,0.19951289903321123,0.22625981475866427,0.28,0.22,0.08
STATIONARY,0.0,128,18,128,0.18542787536902408,0.16559536571720612,0.20752480174414797,0.12,0.1,0.02
STATIONARY,0.0,128,18,8,0.19840285836115373,0.16151890556447218,0.17862034430143117,0.04,0.14,0.06
STATIONARY,0.0,128,18,128,0.20479965801554065,0.17549531523758163,0.18490803483174423,0.04,0.12,0.02
STATIONARY,0.0,128,18,128,0.192973146193257,0.1679553993569957,0.23670422261261284,0.4,0.36,0.02
STATIONARY,0.0,128,18,8,0.20572505469043612,0.16996125700257358,0.19698543673362356,0.1,0.28,0.1
STATIONARY,0.0,128,8,18,0.17800294411146447,0.18250446619287558,0.19558571865090543,0.22,0.02,0.02
STATIONARY,0.0,128,8,18,0.18003442066416536,0.19541219132693127,0.3019530982390813,0.06,0.02,0.16
STATIONARY,0.0,128,18,8,0.22767098464521188,0.18092079011057077,0.19196131805912892,0.04,0.2,0.04
SINGLE_SHIFT,0.3,2,18,8,0.17941968428247493,0.15431011038763867,0.17744450126750214,0.12,0.12,0.12
SINGLE_SHIFT,0.3,2,18,8,0.1786916544734621,0.17502943289523054,0.1793062374162008,0.28,0.5,0.38
SINGLE_SHIFT,0.3,2,8,18,0.1816094270193188,0.1989018386276691,0.2322136979236243,0.12,0.04,0.04
SINGLE_SHIFT,0.3,2,18,128,0.18210872121845345,0.14640870013812687,0.19699319735568727,0.64,0.66,0.38
SINGLE_SHIFT,0.3,2,8,8,0.1585248366403817,0.19518851367996332,0.22891446589277417,0.06,0.1,0.1
SINGLE_SHIFT,0.3,2,8,8,0.16155713005169275,0.1642739205807015,0.16855358678777943,0.18,0.36,0.34
SINGLE_SHIFT,0.3,2,18,8,0.19223067386313902,0.17104954190230431,0.17387948708760498,0.02,0.02,0.02
SINGLE_SHIFT,0.3,2,8,8,0.16293509340370532,0.20323646549844895,0.26237517426318474,0.04,0.16,0.32
SINGLE_SHIFT,0.3,4,8,8,0.1824535867211178,0.2028216113679994,0.21277442631292973,0.0,0.12,0.12
SINGLE_SHIFT,0.3,4,18,8,0.17265820745647223,0.17017611067313498,0.21486369674280598,0.14,0.3,0.5
SINGLE_SHIFT,0.3,4,18,8,0.19828187362096863,0.1835320938475483,0.19018197826183372,0.04,0.04,0.04
SINGLE_SHIFT,0.3,4,18,8,0.2526400845289357,0.22979842535826642,0.31212950089311214,0.1,0.1,0.28
SINGLE_SHIFT,0.3,4,8,8,0.16545130685768916,0.19540114552242266,0.19875414177538958,0.08,0.1,0.1
SINGLE_SHIFT,0.3,4,18,18,0.17977521489449386,0.15057337608113167,0.15952846976684013,0.22,0.1,0.22
SINGLE_SHIFT,0.3,4,8,18,0.16104994044092727,0.17886490250682283,0.18875081797984647,0.06,0.02,0.02
SINGLE_SHIFT,0.3,4,18,8,0.2195210375681063,0.18900610291896458,0.20386088141271816,0.26,0.44,0.32
SINGLE_SHIFT,0.3,6,18,8,0.23608064717686297,0.2041926290367832,0.21207714697004712,0.12,0.12,0.12
SINGLE_SHIFT,0.3,6,8,8,0.1796518266844874,0.20042828437420385,0.2649969672686009,0.06,0.18,0.4
SINGLE_SHIFT,0.3,6,8,8,0.2070887749375242,0.2144211335721981,0.21365741422012796,0.04,0.04,0.04
SINGLE_SHIFT,0.3,6,18,8,0.16337661754766944,0.1601027206349369,0.19234230035384584,0.26,0.36,0.4
SINGLE_SHIFT,0.3,6,8,18,0.16766408202639385,0.18442431259024566,0.20840640000352934,0.18,0.1,0.1
SINGLE_SHIFT,0.3,6,8,18,0.16285105721001977,0.169129467371163,0.24326298014366585,0.04,0.02,0.22
SINGLE_SHIFT,0.3,6,8,18,0.15368546865369412,0.20614283413645718,0.293702846495058,0.36,0.02,0.02
SINGLE_SHIFT,0.3,6,8,8,0.17261051785124024,0.1778515096948384,0.18688944190324774,0.18,0.36,0.32
SINGLE_SHIFT,0.3,8,18,8,0.17108892054098035,0.14572200824357057,0.18714179563998623,0.12,0.12,0.12
SINGLE_SHIFT,0.3,8,18,8,0.1676876971089104,0.15646571566539966,0.1982589797616309,0.22,0.3,0.5
SINGLE_SHIFT,0.3,8,8,18,0.18320760037306075,0.21900544123061216,0.2704136326844852,0.12,0.04,0.04
SINGLE_SHIFT,0.3,8,18,128,0.17448693759447548,0.16906153772015275,0.24336783556560973,0.68,0.62,0.34
SINGLE_SHIFT,0.3,8,18,8,0.1741278775062793,0.15224156150241616,0.23056287367533979,0.02,0.1,0.1
SINGLE_SHIFT,0.3,8,18,18,0.16930688077356468,0.14891125611932207,0.15226669504819848,0.34,0.24,0.3
SINGLE_SHIFT,0.3,8,8,18,0.15825808215843246,0.24303404588363042,0.28719294841658644,0.34,0.02,0.02
SINGLE_SHIFT,0.3,8,18,18,0.16666388690620243,0.1593682426111938,0.16268574453913573,0.32,0.24,0.26
SINGLE_SHIFT,0.3,12,8,8,0.16704932797539349,0.18195927636655676,0.18854552442315362,0.08,0.12,0.12
SINGLE_SHIFT,0.3,12,18,8,0.19172012204565905,0.17925163227434648,0.24943615923541004,0.02,0.14,0.5
SINGLE_SHIFT,0.3,12,8,18,0.1566622580009541,0.20319502182719654,0.28375424251648956,0.24,0.04,0.04
SINGLE_SHIFT,0.3,12,18,18,0.2023345859415759,0.1680950012880851,0.23098202713559116,0.1,0.0,0.34
SINGLE_SHIFT,0.3,12,18,8,0.19955997555859234,0.18501725592507304,0.1931703840487606,0.02,0.1,0.1
SINGLE_SHIFT,0.3,12,8,8,0.17261586405504145,0.19795670245964064,0.2785150326313197,0.04,0.04,0.36
SINGLE_SHIFT,0.3,12,8,8,0.1827749826003449,0.21311726253275146,0.2150579934397833,0.02,0.02,0.02
SINGLE_SHIFT,0.3,12,18,8,0.1790193269791892,0.14959602002645486,0.24217426175363277,0.04,0.04,0.32
SINGLE_SHIFT,0.3,18,18,18,0.18559620487125522,0.14469556472295933,0.20785278077075992,0.12,0.1,0.12
SINGLE_SHIFT,0.3,18,18,8,0.18339617495866034,0.14160943518969166,0.26044635075073885,0.06,0.08,0.34
SINGLE_SHIFT,0.3,18,18,128,0.16719721321975203,0.14909165216364623,0.269517577812307,0.5,0.16,0.04
SINGLE_SHIFT,0.3,18,18,18,0.18439429344965838,0.1451861547164707,0.1925302191050594,0.3,0.14,0.38
SINGLE_SHIFT,0.3,18,18,18,0.2063787022858017,0.15934176205956468,0.21275402280957298,0.1,0.04,0.1
SINGLE_SHIFT,0.3,18,18,18,0.17477493572450808,0.14249643500660775,0.17540248153959137,0.08,0.02,0.22
SINGLE_SHIFT,0.3,18,18,18,0.1753701572281222,0.15791601131925673,0.2249371965876162,0.04,0.02,0.02
SINGLE_SHIFT,0.3,18,18,8,0.1944449673222812,0.14393406413146803,0.24419132454584802,0.04,0.04,0.32
SINGLE_SHIFT,0.3,24,18,18,0.1629091391861244,0.14337616418101296,0.21323144060447083,0.1,0.06,0.12
SINGLE_SHIFT,0.3,24,8,18,0.18461569946393874,0.21462550284003648,0.2753172404713792,0.08,0.02,0.3
SINGLE_SHIFT,0.3,24,18,128,0.18652023161192918,0.13875884863068574,0.23261616775991165,0.06,0.1,0.04
SINGLE_SHIFT,0.3,24,18,8,0.23067689045993295,0.16816161101477584,0.2509795767786703,0.08,0.1,0.34
SINGLE_SHIFT,0.3,24,18,18,0.20657140493950474,0.16722559959765615,0.1803033671544944,0.1,0.04,0.1
SINGLE_SHIFT,0.3,24,18,8,0.20776112588187534,0.15590832026526222,0.22205854872659536,0.02,0.02,0.24
SINGLE_SHIFT,0.3,24,18,18,0.17533579484595058,0.16232150751748228,0.1738563186148473,0.06,0.02,0.02
SINGLE_SHIFT,0.3,24,18,8,0.19106428995992736,0.13991389042796598,0.2531675337361926,0.04,0.04,0.32
SINGLE_SHIFT,0.3,36,18,18,0.19804573239455142,0.17001122111061698,0.1779237573216083,0.12,0.1,0.12
SINGLE_SHIFT,0.3,36,18,8,0.2015790677595041,0.15235480741119178,0.23031146480659218,0.04,0.08,0.3
SINGLE_SHIFT,0.3,36,18,8,0.19330940016284914,0.14677081556334104,0.20408647495923338,0.04,0.04,0.04
SINGLE_SHIFT,0.3,36,18,18,0.2044714237645204,0.175201567160848,0.26504609345842417,0.1,0.08,0.3
SINGLE_SHIFT,0.3,36,18,128,0.2078402902948643,0.14656723577792824,0.31635817254128307,0.6,0.64,0.1
SINGLE_SHIFT,0.3,36,18,8,0.2310488003030362,0.17324136087610653,0.253476155751097,0.02,0.06,0.22
SINGLE_SHIFT,0.3,36,18,8,0.23421055975618305,0.20809306168277306,0.21805284791442375,0.02,0.02,0.02
SINGLE_SHIFT,0.3,36,18,8,0.18384811221573716,0.15227389434756763,0.19723835625796643,0.04,0.04,0.06
SINGLE_SHIFT,0.3,48,8,8,0.19133482369265334,0.22223245126048982,0.22853075760127098,0.04,0.12,0.12
SINGLE_SHIFT,0.3,48,8,18,0.16393623030676602,0.1695242189567591,0.26632640343742436,0.1,0.06,0.3
SINGLE_SHIFT,0.3,48,18,128,0.19677840188944565,0.1795569295718932,0.28576451974166894,0.28,0.12,0.04
SINGLE_SHIFT,0.3,48,18,18,0.18039861919071445,0.16531843612659167,0.22469480961558078,0.1,0.08,0.16
SINGLE_SHIFT,0.3,48,8,18,0.16479657022437078,0.1835503445888358,0.21410475506022822,0.2,0.1,0.1
SINGLE_SHIFT,0.3,48,18,18,0.17665175660366408,0.17375516750226305,0.1802449184334981,0.36,0.16,0.26
SINGLE_SHIFT,0.3,48,8,8,0.1769032835645159,0.1987483871119917,0.2097671394054775,0.02,0.02,0.02
SINGLE_SHIFT,0.3,48,18,18,0.22206901959130587,0.17305229532548083,0.20626433039958797,0.24,0.04,0.3
SINGLE_SHIFT,0.55,2,18,128,0.1890969553080243,0.18277829254831074,0.21314659639837583,0.16,0.14,0.12
SINGLE_SHIFT,0.55,2,18,18,0.19125992225544458,0.15514853748689084,0.1915236923787158,0.6,0.5,0.64
SINGLE_SHIFT,0.55,2,8,8,0.16559834235725313,0.21207575609019916,0.21405715320740323,0.04,0.04,0.04
SINGLE_SHIFT,0.55,2,8,8,0.20324680457924169,0.20480516999418236,0.20947484575339545,0.4,0.66,0.66
SINGLE_SHIFT,0.55,2,18,8,0.1909299684298316,0.16021854507991243,0.19795021034710905,0.1,0.1,0.1
SINGLE_SHIFT,0.55,2,18,8,0.1799538113853182,0.15869477082075184,0.1741789199720685,0.6,0.62,0.68
SINGLE_SHIFT,0.55,2,18,128,0.17700024450343899,0.1484422909827995,0.17640465860059312,0.08,0.08,0.06
SINGLE_SHIFT,0.55,2,18,128,0.2049752768806368,0.1666061916776939,0.20231487425092473,0.56,0.58,0.44
SINGLE_SHIFT,0.55,4,8,8,0.15427254149251377,0.2056125867480407,0.3125790244853162,0.12,0.12,0.12
SINGLE_SHIFT,0.55,4,8,8,0.22949235531366835,0.26030786292598534,0.2975327814978751,0.3,0.62,0.7
SINGLE_SHIFT,0.55,4,8,8,0.1600886117157157,0.20181221394824725,0.27468345660313953,0.04,0.04,0.04
SINGLE_SHIFT,0.55,4,18,18,0.18622089786569257,0.14688171562693256,0.19734719323317818,0.38,0.36,0.62
SINGLE_SHIFT,0.55,4,8,8,0.1906637011458846,0.22373731587300688,0.22980375500857045,0.1,0.1,0.1
SINGLE_SHIFT,0.55,4,18,128,0.17494537832567747,0.15491575510821998,0.20411354871527929,0.78,0.78,0.7
SINGLE_SHIFT,0.55,4,18,8,0.18552311780161226,0.16751516261605265,0.26376731407726633,0.02,0.02,0.06
SINGLE_SHIFT,0.55,4,18,18,0.19600302078878418,0.1595258894779739,0.17635121408910542,0.44,0.36,0.46
SINGLE_SHIFT,0.55,6,8,8,0.2388864313552038,0.2577281367374608,0.2545193247638093,0.12,0.14,0.12
SINGLE_SHIFT,0.55,6,8,8,0.16552203196917328,0.16981746243031692,0.23290873938396636,0.3,0.56,0.7
SINGLE_SHIFT,0.55,6,8,18,0.2340840820691444,0.34747400553630425,0.3990078026301774,0.2,0.04,0.04
SINGLE_SHIFT,0.55,6,18,8,0.23315308479545943,0.20045703467325002,0.29547500416415023,0.3,0.36,0.66
SINGLE_SHIFT,0.55,6,8,8,0.17040159174133043,0.17865789145761335,0.23241324995088758,0.1,0.1,0.1
SINGLE_SHIFT,0.55,6,8,8,0.16040914905311612,0.21487992741226636,0.25689173444829183,0.02,0.36,0.58
SINGLE_SHIFT,0.55,6,8,18,0.17693109856908432,0.2104263734383074,0.2596718920192282,0.06,0.02,0.06
SINGLE_SHIFT,0.55,6,8,8,0.17820157492331187,0.1821318503639223,0.1874288098843666,0.3,0.44,0.36
SINGLE_SHIFT,0.55,8,18,8,0.19129262101878425,0.18835139812420398,0.21860465641371932,0.12,0.12,0.12
SINGLE_SHIFT,0.55,8,18,18,0.200164436316557,0.15675376572899155,0.2141834522957101,0.62,0.56,0.7
SINGLE_SHIFT,0.55,8,8,18,0.1719287064549167,0.18459979172298574,0.3129323681522856,0.16,0.04,0.04
SINGLE_SHIFT,0.55,8,8,8,0.1625030382620167,0.22649395517668464,0.3219888954284757,0.1,0.3,0.64
SINGLE_SHIFT,0.55,8,8,8,0.17098869124703464,0.18625294115483412,0.2021675374932492,0.1,0.1,0.1
SINGLE_SHIFT,0.55,8,18,8,0.17765136356075917,0.17079085294235832,0.21252857030865996,0.3,0.36,0.56
SINGLE_SHIFT,0.55,8,8,18,0.16802423511312373,0.2243386608931008,0.30959715896575707,0.32,0.02,0.06
SINGLE_SHIFT,0.55,8,18,18,0.2564071791394223,0.21867808701972805,0.23094221830267245,0.5,0.48,0.56
SINGLE_SHIFT,0.55,12,8,8,0.171504752760327,0.20431694974548323,0.21505623507308805,0.12,0.12,0.12
SINGLE_SHIFT,0.55,12,18,18,0.2174862128764219,0.1825648176896043,0.19499755518175976,0.64,0.62,0.66
SINGLE_SHIFT,0.55,12,18,8,0.18337407411242815,0.15690491215445787,0.276845187075966,0.04,0.04,0.04
SINGLE_SHIFT,0.55,12,8,8,0.20615186126305576,0.22974634364385688,0.2764948296161567,0.06,0.32,0.4
SINGLE_SHIFT,0.55,12,8,8,0.18953522297756137,0.21470017850582138,0.24602066118297328,0.1,0.1,0.1
SINGLE_SHIFT,0.55,12,8,8,0.1732039782767924,0.2288749844745688,0.3304363290188415,0.02,0.24,0.64
SINGLE_SHIFT,0.55,12,8,18,0.16920520415132073,0.20581593021569816,0.317970939628709,0.16,0.02,0.06
SINGLE_SHIFT,0.55,12,18,18,0.19718882367698629,0.14727261576855677,0.21738651251966268,0.32,0.18,0.44
SINGLE_SHIFT,0.55,18,18,8,0.16561460445066334,0.15091829845205929,0.24906082760783008,0.1,0.12,0.14
SINGLE_SHIFT,0.55,18,18,18,0.23698152384996896,0.1466165044931257,0.3226192706722652,0.22,0.06,0.7
SINGLE_SHIFT,0.55,18,18,8,0.20456178375676395,0.1433606503791493,0.3002207912502033,0.04,0.06,0.04
SINGLE_SHIFT,0.55,18,18,18,0.18254150107167527,0.1443482764808225,0.2323228472851123,0.3,0.28,0.6
SINGLE_SHIFT,0.55,18,18,8,0.2341512763982744,0.16906252360661528,0.2801222031258678,0.1,0.18,0.1
SINGLE_SHIFT,0.55,18,18,18,0.1630943562941004,0.15918521588896098,0.3241903617146017,0.04,0.02,0.56
SINGLE_SHIFT,0.55,18,18,8,0.19680304092807535,0.13373433666186982,0.32915578424775815,0.04,0.1,0.06
SINGLE_SHIFT,0.55,18,18,18,0.2201664038531933,0.1607515252803291,0.26821388570586574,0.24,0.04,0.44
SINGLE_SHIFT,0.55,24,18,128,0.18887276004007011,0.15639324596556786,0.34392376975850214,0.34,0.2,0.12
SINGLE_SHIFT,0.55,24,8,18,0.16836177800842825,0.18898499953738593,0.4297024141239131,0.12,0.08,0.62
SINGLE_SHIFT,0.55,24,18,8,0.17399416047310098,0.140248432506409,0.22545829833912798,0.04,0.04,0.04
SINGLE_SHIFT,0.55,24,18,8,0.2118744739521558,0.14369542951332137,0.34412928805686577,0.1,0.1,0.44
SINGLE_SHIFT,0.55,24,8,18,0.15931094536208923,0.1674592185855291,0.27239004263723177,0.24,0.08,0.1
SINGLE_SHIFT,0.55,24,18,8,0.19705754067690978,0.15571656854948263,0.25196017346734645,0.22,0.22,0.56
SINGLE_SHIFT,0.55,24,18,128,0.19271110806519692,0.13117147658544653,0.31682616096305455,0.26,0.26,0.02
SINGLE_SHIFT,0.55,24,18,18,0.21659237964084843,0.16078301809863313,0.22285831166737582,0.3,0.08,0.36
SINGLE_SHIFT,0.55,36,18,18,0.20138804406267702,0.17335172528141288,0.30794758697832664,0.1,0.08,0.12
SINGLE_SHIFT,0.55,36,18,18,0.20593669342827362,0.15883384008951668,0.23494309324047608,0.26,0.24,0.58
SINGLE_SHIFT,0.55,36,18,128,0.1657093824746726,0.15537081180433632,0.2590182330155171,0.2,0.06,0.04
SINGLE_SHIFT,0.55,36,18,8,0.1807709279115464,0.13743630678674787,0.24875908231983584,0.0,0.04,0.38
SINGLE_SHIFT,0.55,36,18,8,0.1881315318848685,0.13619921453548597,0.27137096146669953,0.06,0.14,0.1
SINGLE_SHIFT,0.55,36,18,18,0.18367119427646822,0.1473853326707459,0.35977087531513413,0.1,0.06,0.36
SINGLE_SHIFT,0.55,36,18,8,0.20021216774873735,0.14743881676334897,0.24510247711241273,0.02,0.02,0.06
SINGLE_SHIFT,0.55,36,18,18,0.21528674070802364,0.17547239493500372,0.1928552205402389,0.38,0.36,0.46
SINGLE_SHIFT,0.55,48,18,8,0.1794933137034258,0.13757623736072133,0.24816430273587875,0.08,0.1,0.12
SINGLE_SHIFT,0.55,48,18,18,0.21809730891973775,0.16408615012353872,0.2078204113277575,0.52,0.2,0.56
SINGLE_SHIFT,0.55,48,18,8,0.1658750178433651,0.1530330272916622,0.230914633048472,0.04,0.04,0.04
SINGLE_SHIFT,0.55,48,18,8,0.1950382325035698,0.14899762165579464,0.2662777862316395,0.06,0.08,0.38
SINGLE_SHIFT,0.55,48,18,128,0.1888173437916005,0.156406272069379,0.27837385880103205,0.6,0.34,0.1
SINGLE_SHIFT,0.55,48,18,8,0.1805691787652451,0.13897525696192664,0.2362178769907575,0.02,0.02,0.34
SINGLE_SHIFT,0.55,48,18,8,0.1899000261771643,0.15043828161041356,0.20319935072833162,0.02,0.02,0.02
SINGLE_SHIFT,0.55,48,18,18,0.18338718518330058,0.15042388459673797,0.20300882753818897,0.22,0.2,0.32
SINGLE_SHIFT,0.8,2,18,8,0.1792673068992867,0.17622241463035812,0.1780126807357853,0.16,0.16,0.16
SINGLE_SHIFT,0.8,2,8,8,0.23660221626037106,0.24046672819548004,0.24220418662778867,0.72,0.74,0.74
SINGLE_SHIFT,0.8,2,18,18,0.19250258027580672,0.15456378727499012,0.20993469240626197,0.06,0.04,0.1
SINGLE_SHIFT,0.8,2,18,8,0.2774458833924296,0.22585133530278662,0.2531075396392128,0.7,0.7,0.7
SINGLE_SHIFT,0.8,2,8,8,0.22197922411642645,0.22667133392259192,0.2366975136315847,0.1,0.1,0.1
SINGLE_SHIFT,0.8,2,18,8,0.19587027512821117,0.17040533667419738,0.18672292764568332,0.78,0.8,0.78
SINGLE_SHIFT,0.8,2,18,8,0.18200794988125957,0.13850301820527627,0.2450724037559416,0.02,0.02,0.08
SINGLE_SHIFT,0.8,2,18,8,0.18521136294748036,0.16146834957797734,0.2053401374076075,0.56,0.56,0.6
SINGLE_SHIFT,0.8,4,18,8,0.1683691785227167,0.1676432142824606,0.2705012853862433,0.12,0.12,0.16
SINGLE_SHIFT,0.8,4,18,8,0.1740341683019638,0.1669192382465502,0.1730206479397545,0.74,0.74,0.74
SINGLE_SHIFT,0.8,4,8,8,0.19431333880946283,0.22598266100769995,0.29163317766264585,0.04,0.04,0.08
SINGLE_SHIFT,0.8,4,8,8,0.15993475192410564,0.20972309857356528,0.2133462582377231,0.64,0.7,0.7
SINGLE_SHIFT,0.8,4,18,8,0.30985316402319935,0.29605022630611005,0.33594248312708036,0.1,0.1,0.1
SINGLE_SHIFT,0.8,4,18,8,0.1928284683460009,0.16388349889715334,0.16548641966305996,0.78,0.78,0.78
SINGLE_SHIFT,0.8,4,128,8,0.1866704920419066,0.17005810748989114,0.16954495006730483,0.08,0.08,0.08
SINGLE_SHIFT,0.8,4,18,128,0.17995417670517252,0.15444866572437435,0.16998385784210465,0.6,0.6,0.58
SINGLE_SHIFT,0.8,6,8,8,0.1796248488450411,0.20594260213193702,0.2693758199996939,0.12,0.14,0.16
SINGLE_SHIFT,0.8,6,8,8,0.2541160711219049,0.33471418454775526,0.3722672419297306,0.3,0.7,0.72
SINGLE_SHIFT,0.8,6,8,8,0.18291033318170624,0.25832467924356783,0.3150003685152844,0.04,0.04,0.1
SINGLE_SHIFT,0.8,6,8,8,0.15726954531411047,0.2734509957314074,0.31626624295046246,0.0,0.66,0.7
SINGLE_SHIFT,0.8,6,8,8,0.16230343786932305,0.18932151954266316,0.3598467411426097,0.02,0.1,0.1
SINGLE_SHIFT,0.8,6,8,8,0.14894113110242096,0.22343544507269017,0.3461158461043815,0.02,0.44,0.78
SINGLE_SHIFT,0.8,6,8,18,0.15545611942476215,0.22582626730243238,0.36376681916694953,0.08,0.06,0.08
SINGLE_SHIFT,0.8,6,8,8,0.17851833618837018,0.19227150005383106,0.19539152941695714,0.56,0.6,0.6
SINGLE_SHIFT,0.8,8,8,8,0.16872185960915453,0.23064498039037348,0.24932375153058142,0.12,0.16,0.16
SINGLE_SHIFT,0.8,8,18,8,0.17922818284507072,0.17545014067931408,0.29752226035936075,0.22,0.5,0.72
SINGLE_SHIFT,0.8,8,8,8,0.1770525869432089,0.2954842683278095,0.3109105170838509,0.04,0.08,0.08
SINGLE_SHIFT,0.8,8,8,8,0.16026973942182743,0.2989353094736063,0.3127148351768668,0.1,0.7,0.7
SINGLE_SHIFT,0.8,8,8,18,0.15704466152966204,0.24643924428098682,0.3894021716895812,0.48,0.1,0.1
SINGLE_SHIFT,0.8,8,8,8,0.1631305394177209,0.16711400051703473,0.25389931874750993,0.36,0.66,0.78
SINGLE_SHIFT,0.8,8,8,8,0.1874264982959823,0.19903409993035762,0.27643623952396923,0.02,0.06,0.08
SINGLE_SHIFT,0.8,8,8,8,0.14950464864686402,0.2775998800372928,0.3473666505413899,0.04,0.46,0.58
SINGLE_SHIFT,0.8,12,18,18,0.22574012850643005,0.20828580701096663,0.43014313284105005,0.32,0.02,0.16
SINGLE_SHIFT,0.8,12,8,18,0.1817084864451029,0.20466871494576197,0.4494897690463507,0.12,0.06,0.7
SINGLE_SHIFT,0.8,12,18,8,0.1957618555150177,0.14074938594708733,0.3149376841692223,0.04,0.04,0.06
SINGLE_SHIFT,0.8,12,8,8,0.19044302718165074,0.19541475595999871,0.2884073244508495,0.3,0.52,0.7
SINGLE_SHIFT,0.8,12,8,8,0.16877428640988965,0.21296857936401722,0.31859031428469536,0.04,0.1,0.1
SINGLE_SHIFT,0.8,12,18,8,0.16784364579140165,0.14877284831093476,0.24438835617574373,0.22,0.34,0.7
SINGLE_SHIFT,0.8,12,8,18,0.1742364019242073,0.18135375371343587,0.3508179846210133,0.12,0.02,0.08
SINGLE_SHIFT,0.8,12,8,8,0.17860746464663305,0.19958215014065733,0.3478232444958269,0.04,0.3,0.58
SINGLE_SHIFT,0.8,18,8,18,0.15532028992713154,0.2015365418640504,0.46825037670966585,0.64,0.08,0.16
SINGLE_SHIFT,0.8,18,18,18,0.2005775994405483,0.13072580066363537,0.3470128313996081,0.22,0.02,0.72
SINGLE_SHIFT,0.8,18,18,8,0.17603930292951325,0.14698953452006175,0.26591151485760683,0.04,0.04,0.06
SINGLE_SHIFT,0.8,18,18,18,0.16591283320680777,0.16159222120871666,0.35490964385886936,0.1,0.08,0.7
SINGLE_SHIFT,0.8,18,18,128,0.18448701239151202,0.157820203872147,0.434287313724722,0.6,0.24,0.1
SINGLE_SHIFT,0.8,18,18,18,0.21952109555462626,0.15260359087749634,0.3054446963040293,0.22,0.02,0.74
SINGLE_SHIFT,0.8,18,18,8,0.25329291402860066,0.19153629945744252,0.32777710369752044,0.02,0.02,0.08
SINGLE_SHIFT,0.8,18,18,8,0.2387794030224654,0.16084070702614722,0.3527704506729521,0.02,0.04,0.58
SINGLE_SHIFT,0.8,24,18,18,0.23203367016541182,0.1501821575267315,0.311327548343315,0.12,0.06,0.14
SINGLE_SHIFT,0.8,24,18,18,0.2532378423973929,0.17170317882563108,0.2914490228061951,0.6,0.0,0.7
SINGLE_SHIFT,0.8,24,18,8,0.19857145523322373,0.1323454482666592,0.35024088998380687,0.06,0.06,0.08
SINGLE_SHIFT,0.8,24,18,8,0.20208448037620286,0.13429419476838703,0.3488417193010104,0.0,0.1,0.7
SINGLE_SHIFT,0.8,24,18,18,0.2008417887180013,0.1370051747101562,0.31881866719718505,0.1,0.04,0.1
SINGLE_SHIFT,0.8,24,18,18,0.24299691295691556,0.15647890850396173,0.3611603377485863,0.2,0.02,0.76
SINGLE_SHIFT,0.8,24,18,18,0.18332694055720747,0.1490684721261168,0.3450371330259622,0.12,0.02,0.08
SINGLE_SHIFT,0.8,24,18,8,0.17668875472278248,0.12969103829473205,0.3173695963889009,0.06,0.12,0.58
SINGLE_SHIFT,0.8,36,18,18,0.16880855980704607,0.1422212593294315,0.34577801419361864,0.28,0.12,0.12
SINGLE_SHIFT,0.8,36,18,18,0.20507908252233886,0.15053902643194622,0.2621650584011401,0.36,0.28,0.7
SINGLE_SHIFT,0.8,36,18,8,0.2061830157643314,0.14872567041191415,0.25629249064115794,0.04,0.04,0.04
SINGLE_SHIFT,0.8,36,18,18,0.22643799047144256,0.18453030871842782,0.20863729229810324,0.68,0.4,0.68
SINGLE_SHIFT,0.8,36,18,8,0.21029154095235894,0.14369075226502673,0.28241737051838456,0.04,0.1,0.1
SINGLE_SHIFT,0.8,36,18,18,0.23594911021238468,0.1755231124872596,0.31290679815961925,0.22,0.02,0.72
SINGLE_SHIFT,0.8,36,18,8,0.17869675475231817,0.1648308623308731,0.3059242050850291,0.02,0.02,0.06
SINGLE_SHIFT,0.8,36,18,18,0.19041613778842084,0.1484357708032451,0.20021313730273496,0.46,0.34,0.58
SINGLE_SHIFT,0.8,48,18,18,0.22103882597298116,0.15953525340567107,0.2890869404583858,0.12,0.08,0.14
SINGLE_SHIFT,0.8,48,18,8,0.2118239867231668,0.1381824072782825,0.3604036385585419,0.06,0.08,0.64
SINGLE_SHIFT,0.8,48,8,128,0.15662354574442022,0.232741926119369,0.4313734949576018,0.68,0.06,0.04
SINGLE_SHIFT,0.8,48,8,18,0.19441006728276336,0.2194219497482629,0.33726214104852453,0.1,0.06,0.42
SINGLE_SHIFT,0.8,48,18,18,0.177831505519853,0.13894383991625892,0.3215065683366968,0.22,0.08,0.1
SINGLE_SHIFT,0.8,48,18,8,0.19317184463935816,0.136060842939374,0.2929442363656063,0.02,0.02,0.56
SINGLE_SHIFT,0.8,48,18,8,0.22847865455022529,0.16245796075912577,0.26568342632817127,0.02,0.02,0.06
SINGLE_SHIFT,0.8,48,18,8,0.18062194421186323,0.14404772070419053,0.27772257956853746,0.04,0.06,0.5
LOCAL_PULSE_REVERT,0.3,18,18,8,0.17660155600537425,0.14634997083800733,0.16423029354993693,0.1,0.12,0.1
LOCAL_PULSE_REVERT,0.3,18,18,128,0.17193164995488694,0.16630971080530446,0.2642980196962345,0.7,0.6,0.22
LOCAL_PULSE_REVERT,0.3,18,18,8,0.16097108810541177,0.15718094318473858,0.20736670556516715,0.04,0.04,0.04
LOCAL_PULSE_REVERT,0.3,18,8,8,0.1723216352941335,0.18433019536314507,0.18619156591878133,0.1,0.1,0.1
LOCAL_PULSE_REVERT,0.3,18,128,128,0.21832473260716087,0.21100717467214014,0.2089311554839125,0.1,0.08,0.06
LOCAL_PULSE_REVERT,0.3,18,18,8,0.18150802448515785,0.15273524160908916,0.163095204303687,0.02,0.02,0.02
LOCAL_PULSE_REVERT,0.3,18,8,128,0.18476694319199993,0.1852069160970741,0.20351018735284904,0.3,0.16,0.08
LOCAL_PULSE_REVERT,0.3,18,18,128,0.1879983482465403,0.14843186846872933,0.21571949981388422,0.28,0.24,0.04
LOCAL_PULSE_REVERT,0.3,18,8,128,0.1735720962532971,0.19682287130954448,0.2116014916907572,0.12,0.1,0.08
LOCAL_PULSE_REVERT,0.3,18,18,128,0.18532162333815785,0.16685895003543996,0.21400106882179104,0.36,0.28,0.0
LOCAL_PULSE_REVERT,0.3,18,8,8,0.18540496256914268,0.20510246408645835,0.20344379156302625,0.04,0.04,0.04
LOCAL_PULSE_REVERT,0.3,18,18,128,0.20045681952457253,0.17750867632085518,0.2371639348073407,0.1,0.1,0.02
LOCAL_PULSE_REVERT,0.3,18,18,8,0.19790907449363393,0.15221624819801877,0.18233815443209775,0.1,0.1,0.1
LOCAL_PULSE_REVERT,0.3,18,8,18,0.1692540868565613,0.17005688123885268,0.18240556325074975,0.22,0.02,0.02
LOCAL_PULSE_REVERT,0.3,18,18,128,0.20810089307399288,0.1560315794545836,0.20054707701203575,0.16,0.34,0.0
LOCAL_PULSE_REVERT,0.3,18,18,128,0.19574055358295114,0.16702069402050013,0.17529036760220826,0.12,0.06,0.02
LOCAL_PULSE_REVERT,0.3,18,18,8,0.18508795592881705,0.14540969188356714,0.2037221663714068,0.1,0.1,0.1
LOCAL_PULSE_REVERT,0.3,18,18,128,0.1941331407394445,0.16061804547169167,0.21746734239762425,0.1,0.1,0.06
LOCAL_PULSE_REVERT,0.3,18,18,128,0.1729024162473935,0.15348864057403575,0.22804821395826616,0.22,0.14,0.04
LOCAL_PULSE_REVERT,0.3,18,8,128,0.16127677797235612,0.171257859081411,0.1999069966546741,0.36,0.14,0.0
LOCAL_PULSE_REVERT,0.3,18,18,128,0.1908500903783311,0.1566773925924539,0.20877508627157274,0.48,0.48,0.1
LOCAL_PULSE_REVERT,0.3,18,18,8,0.18842525415624575,0.17704219603680174,0.19666619373796335,0.02,0.02,0.02
LOCAL_PULSE_REVERT,0.3,18,8,8,0.16939246544438635,0.20771725578750885,0.20927451000726963,0.02,0.12,0.16
LOCAL_PULSE_REVERT,0.3,18,8,8,0.17294301408540855,0.22271022537311896,0.2438480358397268,0.04,0.04,0.04
LOCAL_PULSE_REVERT,0.55,18,18,8,0.188848114103248,0.15208590770666286,0.1952546477378815,0.08,0.08,0.1
LOCAL_PULSE_REVERT,0.55,18,8,18,0.17371006880618292,0.18429444836852935,0.1959052712072027,0.38,0.06,0.08
LOCAL_PULSE_REVERT,0.55,18,8,128,0.15964804623725432,0.18784439558469668,0.2197311991023493,0.52,0.12,0.04
LOCAL_PULSE_REVERT,0.55,18,18,8,0.19706657874608707,0.1847863856433074,0.24380428005786542,0.1,0.1,0.1
LOCAL_PULSE_REVERT,0.55,18,18,128,0.18637036033678203,0.18158524917543342,0.1933147861754908,0.42,0.1,0.02
LOCAL_PULSE_REVERT,0.55,18,18,8,0.1916158754457305,0.15285308266150346,0.21260930433994174,0.02,0.04,0.02
LOCAL_PULSE_REVERT,0.55,18,18,128,0.19770536476298287,0.1775115524539838,0.18129163916630708,0.08,0.02,0.0
LOCAL_PULSE_REVERT,0.55,18,18,128,0.1867393023038356,0.15292968077419836,0.18007051532124826,0.06,0.16,0.04
LOCAL_PULSE_REVERT,0.55,18,8,18,0.18028695053910077,0.18392929500546765,0.18464681801710917,0.1,0.08,0.08
LOCAL_PULSE_REVERT,0.55,18,18,128,0.17771071614054978,0.15184322572887202,0.15446594271046396,0.26,0.28,0.24
LOCAL_PULSE_REVERT,0.55,18,128,8,0.1836176936954475,0.1757359888406488,0.17552926834969176,0.04,0.04,0.04
LOCAL_PULSE_REVERT,0.55,18,18,18,0.16604690309211065,0.1549311616631061,0.16010554617534825,0.1,0.02,0.06
LOCAL_PULSE_REVERT,0.55,18,18,128,0.1991935181956563,0.1544278304883039,0.21377402152291503,0.38,0.6,0.06
LOCAL_PULSE_REVERT,0.55,18,18,8,0.19352764859560143,0.15385708590839367,0.17375953469379435,0.02,0.02,0.02
LOCAL_PULSE_REVERT,0.55,18,18,18,0.19581277846722517,0.18094963202854597,0.1837308720248384,0.06,0.02,0.02
LOCAL_PULSE_REVERT,0.55,18,18,8,0.18208598518688732,0.15074709298240516,0.2043898276494792,0.04,0.04,0.04
LOCAL_PULSE_REVERT,0.55,18,8,18,0.18435585840714316,0.1848026613112126,0.20247635666138372,0.1,0.0,0.08
LOCAL_PULSE_REVERT,0.55,18,8,128,0.16624718289978593,0.186648550418553,0.20482353356386346,0.52,0.22,0.08
LOCAL_PULSE_REVERT,0.55,18,18,128,0.18669861590582293,0.1495989251398417,0.17963976145475943,0.12,0.12,0.04
LOCAL_PULSE_REVERT,0.55,18,8,128,0.16194639358299132,0.16488436571020565,0.18263343941507862,0.1,0.06,0.0
LOCAL_PULSE_REVERT,0.55,18,8,18,0.17978288731794329,0.1877943127069312,0.18999443042130168,0.16,0.1,0.1
LOCAL_PULSE_REVERT,0.55,18,18,8,0.18312242283716187,0.1602489848088072,0.16487538042342587,0.12,0.24,0.16
LOCAL_PULSE_REVERT,0.55,18,18,128,0.17097487250041138,0.14293503083930778,0.20963532970702065,0.22,0.16,0.02
LOCAL_PULSE_REVERT,0.55,18,18,8,0.17102799055459444,0.16979567112720167,0.18666598319787162,0.04,0.04,0.04
LOCAL_PULSE_REVERT,0.8,18,18,18,0.1695051758023142,0.1694287590817244,0.19744537961071648,0.1,0.02,0.08
LOCAL_PULSE_REVERT,0.8,18,8,18,0.16464939916620677,0.17027844298075553,0.17396311255790892,0.28,0.02,0.02
LOCAL_PULSE_REVERT,0.8,18,8,18,0.1688997957224834,0.19746181036760083,0.1980460232347331,0.16,0.04,0.04
LOCAL_PULSE_REVERT,0.8,18,8,128,0.16939727674111124,0.17911836510022117,0.20111210235531626,0.38,0.24,0.08
LOCAL_PULSE_REVERT,0.8,18,18,128,0.1825660523859476,0.16357550581958277,0.2279645138386273,0.34,0.22,0.1
LOCAL_PULSE_REVERT,0.8,18,18,8,0.23394460388300695,0.17670233019838316,0.22621885618901216,0.02,0.04,0.08
LOCAL_PULSE_REVERT,0.8,18,18,8,0.21371552953003467,0.18178698765177176,0.18926390164725002,0.02,0.16,0.02
LOCAL_PULSE_REVERT,0.8,18,18,8,0.19461713494655258,0.17758493324554228,0.19911815440289626,0.04,0.32,0.04
LOCAL_PULSE_REVERT,0.8,18,8,128,0.16500767438467456,0.19335946668554174,0.20045038562132705,0.12,0.04,0.02
LOCAL_PULSE_REVERT,0.8,18,18,8,0.18138847072867953,0.1678752780140618,0.18457815299359914,0.02,0.08,0.2
LOCAL_PULSE_REVERT,0.8,18,18,8,0.18184048369169148,0.1797796193795921,0.2048154528093943,0.04,0.04,0.04
LOCAL_PULSE_REVERT,0.8,18,8,18,0.17814876563825235,0.178504779386785,0.18133328452880357,0.08,0.06,0.06
LOCAL_PULSE_REVERT,0.8,18,18,8,0.18628295583942855,0.15475600671953813,0.18204541532275037,0.04,0.06,0.1
LOCAL_PULSE_REVERT,0.8,18,18,18,0.1717532298642123,0.167968904938951,0.216227193653304,0.06,0.02,0.02
LOCAL_PULSE_REVERT,0.8,18,18,128,0.17123882260919762,0.15048923092529912,0.19182956866195155,0.16,0.08,0.02
LOCAL_PULSE_REVERT,0.8,18,8,128,0.16368374638257022,0.16517241521328543,0.18972193133764123,0.28,0.1,0.04
LOCAL_PULSE_REVERT,0.8,18,8,128,0.18747643955106888,0.2717772107578122,0.3627278518887805,0.64,0.2,0.08
LOCAL_PULSE_REVERT,0.8,18,8,18,0.1565295669096572,0.2250963508015261,0.25027994711903423,0.12,0.0,0.14
LOCAL_PULSE_REVERT,0.8,18,8,128,0.166263930093725,0.18084809533443566,0.2365949126791034,0.52,0.06,0.04
LOCAL_PULSE_REVERT,0.8,18,18,128,0.187966013344979,0.17604607422951554,0.20292296005374838,0.1,0.08,0.02
LOCAL_PULSE_REVERT,0.8,18,18,18,0.17748447341944212,0.17458098571483485,0.181159145232159,0.16,0.02,0.06
LOCAL_PULSE_REVERT,0.8,18,18,18,0.17787660152040244,0.15502549548891187,0.16008290179237675,0.22,0.14,0.22
LOCAL_PULSE_REVERT,0.8,18,18,128,0.1729897037692989,0.17055022168098477,0.2576818308789727,0.44,0.22,0.02
LOCAL_PULSE_REVERT,0.8,18,8,8,0.18112035495404094,0.2054634836926446,0.23317283865783434,0.04,0.04,0.08
STATIONARY,0.0,128,18,128,0.18143371208431153,0.14106562757547844,0.20368140037618135,0.06,0.06,0.04
STATIONARY,0.0,128,18,8,0.19349830659378306,0.1487785366621213,0.22177908835188095,0.2,0.2,0.2
STATIONARY,0.0,128,8,128,0.165529921652975,0.21114212794855738,0.21751758733722204,0.38,0.04,0.02
STATIONARY,0.0,128,18,18,0.1752648743867906,0.17343208990488096,0.17974525554437135,0.1,0.02,0.06
STATIONARY,0.0,128,18,128,0.1734499869061197,0.15332495511741515,0.18236729401105495,0.36,0.22,0.06
STATIONARY,0.0,128,18,18,0.18590994153392645,0.16017652632069773,0.16339110796603176,0.06,0.02,0.02
STATIONARY,0.0,128,18,128,0.18527399090593047,0.18110118011698453,0.24368067035504107,0.44,0.3,0.04
STATIONARY,0.0,128,18,128,0.20129636597566358,0.1554204915957241,0.2363347085212101,0.12,0.12,0.02
SINGLE_SHIFT,0.3,2,18,8,0.17118367087876518,0.15584729122456834,0.16404085013841302,0.06,0.06,0.06
SINGLE_SHIFT,0.3,2,8,128,0.16898243612161837,0.19939421256334464,0.235282545742647,0.54,0.48,0.42
SINGLE_SHIFT,0.3,2,8,8,0.16743606216578336,0.17884557097420783,0.19980948885028083,0.02,0.22,0.24
SINGLE_SHIFT,0.3,2,18,18,0.21723455390405974,0.16507075290689763,0.20561755164882933,0.36,0.26,0.5
SINGLE_SHIFT,0.3,2,18,18,0.21999686256569514,0.18524298047237314,0.20510490400490583,0.06,0.04,0.12
SINGLE_SHIFT,0.3,2,18,128,0.20449459410393647,0.16762229336212914,0.21931222560789165,0.48,0.52,0.4
SINGLE_SHIFT,0.3,2,18,128,0.17351851420677278,0.1413802128744769,0.2635393914385472,0.22,0.1,0.04
SINGLE_SHIFT,0.3,2,128,8,0.203655135715464,0.17874689558739115,0.17604033395136187,0.48,0.54,0.5
SINGLE_SHIFT,0.3,4,18,8,0.18384291485073856,0.15610583616721913,0.18160886573807067,0.06,0.06,0.06
SINGLE_SHIFT,0.3,4,8,8,0.16558938330560438,0.17889959868404157,0.20766172741441882,0.1,0.34,0.4
SINGLE_SHIFT,0.3,4,18,8,0.23732414959835452,0.19699783072309135,0.23292900699886743,0.16,0.22,0.24
SINGLE_SHIFT,0.3,4,18,18,0.16396515572845663,0.15354491926382677,0.20717964733029362,0.08,0.02,0.26
SINGLE_SHIFT,0.3,4,18,8,0.21760859521633436,0.19127954038300835,0.20992332334794755,0.08,0.1,0.12
SINGLE_SHIFT,0.3,4,18,18,0.17867970239186257,0.1451781297767514,0.17453361361643427,0.18,0.16,0.34
SINGLE_SHIFT,0.3,4,8,128,0.15567789399373097,0.18849626935583833,0.3095460169404092,0.46,0.1,0.04
SINGLE_SHIFT,0.3,4,18,8,0.1742666418087859,0.14581562064682907,0.19100625137512686,0.0,0.02,0.26
SINGLE_SHIFT,0.3,6,18,8,0.2106274274343625,0.18248550736452593,0.23442931775698536,0.04,0.04,0.06
SINGLE_SHIFT,0.3,6,18,18,0.19663851289750292,0.1550146180765238,0.18891113673227358,0.3,0.2,0.4
SINGLE_SHIFT,0.3,6,8,8,0.19572799736108307,0.21646783506761325,0.22309106027198664,0.04,0.24,0.24
SINGLE_SHIFT,0.3,6,8,18,0.156405329205566,0.17945097732945667,0.24065029689002435,0.1,0.08,0.38
SINGLE_SHIFT,0.3,6,18,8,0.1944882222148099,0.16657340115730448,0.17753080388033307,0.08,0.12,0.12
SINGLE_SHIFT,0.3,6,8,8,0.17131286760114997,0.17899509676698855,0.2096047716459331,0.08,0.22,0.4
SINGLE_SHIFT,0.3,6,18,8,0.1719476059636898,0.13811319967503488,0.19705533492247357,0.04,0.04,0.04
SINGLE_SHIFT,0.3,6,128,128,0.18268923480378726,0.16325734331602762,0.16253024361716095,0.38,0.38,0.36
SINGLE_SHIFT,0.3,8,8,8,0.17248677683586025,0.222006903489206,0.23500581241167112,0.0,0.06,0.06
SINGLE_SHIFT,0.3,8,18,18,0.22009687178393442,0.18201415338835444,0.23497618076566326,0.28,0.16,0.4
SINGLE_SHIFT,0.3,8,8,8,0.16494788689340306,0.17051651243080163,0.22130119123190753,0.14,0.16,0.24
SINGLE_SHIFT,0.3,8,8,8,0.1763199977296629,0.26762624400604385,0.27534644269789843,0.1,0.26,0.32
SINGLE_SHIFT,0.3,8,8,8,0.17652785262334497,0.20728922900015198,0.2071549438650369,0.04,0.12,0.12
SINGLE_SHIFT,0.3,8,18,8,0.1734144204477711,0.1732642745335803,0.2061994936068431,0.12,0.28,0.4
SINGLE_SHIFT,0.3,8,8,18,0.18661948650548896,0.23663081973619057,0.24099097236587544,0.1,0.04,0.04
SINGLE_SHIFT,0.3,8,8,8,0.16999285375906306,0.21918352758296505,0.21896618630418954,0.08,0.3,0.28
SINGLE_SHIFT,0.3,12,18,8,0.18688775767846885,0.15796162565580293,0.25165760351494465,0.02,0.02,0.06
SINGLE_SHIFT,0.3,12,18,18,0.20012243538778696,0.1587474878949424,0.18225220246968477,0.38,0.08,0.38
SINGLE_SHIFT,0.3,12,18,8,0.18220321594236055,0.18105929895222947,0.23084544800761952,0.08,0.18,0.24
SINGLE_SHIFT,0.3,12,18,18,0.19173353234618626,0.17350179000979576,0.17676412807914216,0.5,0.38,0.46
SINGLE_SHIFT,0.3,12,8,8,0.20538526699388332,0.20796536141246427,0.208019213352161,0.06,0.12,0.12
SINGLE_SHIFT,0.3,12,128,18,0.2236465524686406,0.18933032932703586,0.18824666685086844,0.4,0.34,0.4
SINGLE_SHIFT,0.3,12,18,128,0.18521093908275796,0.15962916543685685,0.2362629638206495,0.14,0.08,0.04
SINGLE_SHIFT,0.3,12,18,128,0.1775866655396387,0.1569118649287631,0.1570330112019212,0.38,0.38,0.36
SINGLE_SHIFT,0.3,18,18,18,0.2023687224158643,0.1481916716921395,0.20866149701045653,0.04,0.02,0.06
SINGLE_SHIFT,0.3,18,18,18,0.18062450145919912,0.1562475315364241,0.18068159261258987,0.18,0.16,0.24
SINGLE_SHIFT,0.3,18,18,8,0.18535578957998694,0.13743453620249713,0.24012961889294585,0.14,0.14,0.24
SINGLE_SHIFT,0.3,18,8,8,0.2220903222002047,0.22532356910680365,0.30144318025493017,0.02,0.24,0.5
SINGLE_SHIFT,0.3,18,18,18,0.1811896719647353,0.15630521643481093,0.21884496640467713,0.08,0.06,0.12
SINGLE_SHIFT,0.3,18,18,8,0.2065606375103826,0.14910366248606136,0.24333703032353984,0.02,0.18,0.24
SINGLE_SHIFT,0.3,18,18,8,0.17052923334809617,0.1366593253629938,0.2051306188136353,0.04,0.04,0.04
SINGLE_SHIFT,0.3,18,18,18,0.19229535897572467,0.16245401614851387,0.17122988161354752,0.4,0.26,0.36
SINGLE_SHIFT,0.3,24,18,128,0.17895854574935946,0.1681054294762631,0.28593395352002754,0.5,0.26,0.04
SINGLE_SHIFT,0.3,24,8,18,0.15308730174597326,0.1993560310071161,0.28981143051969904,0.2,0.04,0.4
SINGLE_SHIFT,0.3,24,18,128,0.1931442189751299,0.1437365508789904,0.349145417074848,0.44,0.44,0.24
SINGLE_SHIFT,0.3,24,18,18,0.17945632635952347,0.1583876378390066,0.2823745563265022,0.1,0.08,0.46
SINGLE_SHIFT,0.3,24,18,18,0.15604506677285562,0.146764589075721,0.23241395943451465,0.36,0.1,0.12
SINGLE_SHIFT,0.3,24,18,8,0.20722188715735057,0.15446631372910236,0.24143703561911342,0.02,0.16,0.34
SINGLE_SHIFT,0.3,24,18,128,0.2025499566448107,0.14858311791419537,0.2675815386071165,0.1,0.26,0.04
SINGLE_SHIFT,0.3,24,18,18,0.16610901582532692,0.14702253914000502,0.2416019682599736,0.12,0.08,0.28
SINGLE_SHIFT,0.3,36,18,8,0.25035763180209497,0.19949601968977532,0.2193600133460602,0.04,0.04,0.06
SINGLE_SHIFT,0.3,36,18,8,0.23873522125010518,0.17748992592733417,0.24068161153746612,0.06,0.2,0.3
SINGLE_SHIFT,0.3,36,18,18,0.17020047993049597,0.15689545543605346,0.2939946483694135,0.44,0.22,0.22
SINGLE_SHIFT,0.3,36,18,18,0.2013063602983838,0.15635628885214428,0.2012458308546156,0.14,0.08,0.36
SINGLE_SHIFT,0.3,36,8,18,0.16734895016244258,0.1981692313370661,0.28140945135254236,0.42,0.04,0.12
SINGLE_SHIFT,0.3,36,18,18,0.1624985185918394,0.15477101419734088,0.2581521806746373,0.22,0.18,0.18
SINGLE_SHIFT,0.3,36,18,128,0.20839838428409946,0.15929163734117258,0.296379762266929,0.1,0.1,0.04
SINGLE_SHIFT,0.3,36,8,8,0.16200097573640673,0.1829109751363423,0.1851159803036517,0.04,0.36,0.36
SINGLE_SHIFT,0.3,48,18,18,0.18844738162943014,0.18475112614458242,0.19017571390067683,0.06,0.04,0.06
SINGLE_SHIFT,0.3,48,18,18,0.19509434488931288,0.15990738699417842,0.1759181101323612,0.24,0.12,0.24
SINGLE_SHIFT,0.3,48,18,18,0.24356981507267064,0.18660668748965964,0.21922432639202255,0.16,0.14,0.24
SINGLE_SHIFT,0.3,48,18,18,0.20959544399138402,0.1856082220778324,0.2061956122114791,0.5,0.08,0.36
SINGLE_SHIFT,0.3,48,18,18,0.17976838830244504,0.15453083431897965,0.18988882297269918,0.08,0.02,0.08
SINGLE_SHIFT,0.3,48,18,18,0.20051163135068495,0.16044124920976144,0.195938698653106,0.16,0.04,0.18
SINGLE_SHIFT,0.3,48,18,18,0.18022046179772222,0.17220980184875606,0.23020504920230422,0.26,0.02,0.04
SINGLE_SHIFT,0.3,48,18,8,0.18423661335722955,0.15709350293472626,0.20678760827388412,0.04,0.04,0.3
SINGLE_SHIFT,0.55,2,18,8,0.16503479926554393,0.16044213035344163,0.2502818375035322,0.02,0.04,0.06
SINGLE_SHIFT,0.55,2,18,128,0.1831084369576341,0.14960137710540353,0.16595636449897053,0.52,0.54,0.5
SINGLE_SHIFT,0.55,2,8,8,0.20637581230274252,0.21242999537210455,0.2774000531649763,0.2,0.24,0.24
SINGLE_SHIFT,0.55,2,18,18,0.18826523193666017,0.14949085488117217,0.16767944402745832,0.54,0.44,0.58
SINGLE_SHIFT,0.55,2,8,8,0.18285787704787013,0.19743380336978308,0.19794431617758285,0.1,0.12,0.12
SINGLE_SHIFT,0.55,2,18,18,0.1771594357418637,0.171000339174433,0.17448146393083303,0.54,0.5,0.5
SINGLE_SHIFT,0.55,2,8,8,0.19696632144415738,0.20718113353727,0.21414342777564077,0.04,0.04,0.04
SINGLE_SHIFT,0.55,2,18,8,0.17980219596969352,0.16625563558131673,0.21330421517085651,0.4,0.48,0.66
SINGLE_SHIFT,0.55,4,8,8,0.17114229423032462,0.19856998586498553,0.22829508030021092,0.04,0.06,0.06
SINGLE_SHIFT,0.55,4,8,8,0.23111717206402912,0.2614999471284718,0.29860724327671684,0.24,0.46,0.54
SINGLE_SHIFT,0.55,4,8,8,0.1644039827937631,0.22407100665227644,0.22539308675529648,0.16,0.24,0.24
SINGLE_SHIFT,0.55,4,18,128,0.18495541601579146,0.14960643785757385,0.1799874960970841,0.62,0.62,0.58
SINGLE_SHIFT,0.55,4,18,18,0.1733219038881107,0.14067761849109572,0.2743825610813303,0.06,0.04,0.12
SINGLE_SHIFT,0.55,4,8,18,0.15847422369327582,0.23076931817603796,0.39688547257379575,0.22,0.1,0.52
SINGLE_SHIFT,0.55,4,8,18,0.17268494252125963,0.24236059061698337,0.3316993085067002,0.24,0.04,0.04
SINGLE_SHIFT,0.55,4,8,8,0.1759627482413051,0.1964658243373096,0.24624388987283427,0.22,0.54,0.66
SINGLE_SHIFT,0.55,6,8,8,0.16212165409640764,0.21146932844581234,0.22729897266696425,0.04,0.06,0.06
SINGLE_SHIFT,0.55,6,18,8,0.25916337285522406,0.16842572332984573,0.20662691331560062,0.54,0.54,0.54
SINGLE_SHIFT,0.55,6,8,8,0.16996488947451213,0.20332771741041664,0.21799247589850446,0.16,0.24,0.24
SINGLE_SHIFT,0.55,6,128,8,0.22524744162895513,0.21821716871928445,0.2149414176634931,0.52,0.6,0.6
SINGLE_SHIFT,0.55,6,18,8,0.1969351760273174,0.18014847696228767,0.21628152055877045,0.12,0.12,0.16
SINGLE_SHIFT,0.55,6,18,8,0.2062079243289726,0.17395493898385886,0.17922376406769416,0.5,0.54,0.52
SINGLE_SHIFT,0.55,6,18,18,0.1719909374968262,0.15409088997226436,0.32663229954130046,0.22,0.02,0.04
SINGLE_SHIFT,0.55,6,8,8,0.23719371227490224,0.27048318630832074,0.32606174033648144,0.04,0.54,0.7
SINGLE_SHIFT,0.55,8,8,18,0.15778521009626673,0.20008315066980964,0.30985626812918676,0.3,0.04,0.06
SINGLE_SHIFT,0.55,8,8,8,0.20754781771779018,0.2921326828696119,0.31810370549717143,0.04,0.48,0.52
SINGLE_SHIFT,0.55,8,8,8,0.15830234819246558,0.16914607808028656,0.2620350634049033,0.02,0.22,0.24
SINGLE_SHIFT,0.55,8,8,8,0.1572738839265781,0.2677601923752477,0.28514634048861354,0.08,0.58,0.6
SINGLE_SHIFT,0.55,8,18,8,0.17385033264642433,0.16454304169561756,0.21999750679670346,0.06,0.12,0.12
SINGLE_SHIFT,0.55,8,8,8,0.18194058284645034,0.18285404051510193,0.2820477419727218,0.04,0.16,0.44
SINGLE_SHIFT,0.55,8,8,8,0.15722776828831247,0.21396251908063713,0.2545258181566294,0.0,0.04,0.04
SINGLE_SHIFT,0.55,8,8,8,0.15606756460724808,0.19404068815950404,0.2372110750139476,0.04,0.54,0.66
SINGLE_SHIFT,0.55,12,18,8,0.20374076669361627,0.17742304445320908,0.2763212330600247,0.04,0.04,0.06
SINGLE_SHIFT,0.55,12,8,8,0.1894969543314373,0.21079714383455359,0.28016998117108327,0.1,0.28,0.46
SINGLE_SHIFT,0.55,12,8,8,0.16819173719292005,0.1824446237288911,0.2900010762881705,0.2,0.22,0.24
SINGLE_SHIFT,0.55,12,18,18,0.18465742451972625,0.17329968675199792,0.3112839839774307,0.1,0.06,0.6
SINGLE_SHIFT,0.55,12,18,8,0.2006532868264582,0.17800400670381875,0.25625232740055376,0.06,0.1,0.12
SINGLE_SHIFT,0.55,12,18,8,0.1787695253242482,0.1650857561527118,0.2259452907357854,0.16,0.28,0.44
SINGLE_SHIFT,0.55,12,18,18,0.20967078561111716,0.19765093386536556,0.3110976194045494,0.06,0.04,0.04
SINGLE_SHIFT,0.55,12,18,18,0.18755206773287275,0.14386750165046205,0.23468911339276327,0.32,0.28,0.66
SINGLE_SHIFT,0.55,18,18,128,0.2035680984790331,0.13791591981033527,0.32540655047337463,0.12,0.18,0.06
SINGLE_SHIFT,0.55,18,18,8,0.16618082584229435,0.156056415129928,0.23189124028613617,0.24,0.38,0.52
SINGLE_SHIFT,0.55,18,18,18,0.1921670786925553,0.15005125902767785,0.20255545483853368,0.22,0.14,0.24
SINGLE_SHIFT,0.55,18,18,8,0.20847815205909662,0.13990508026086762,0.33159885532446676,0.08,0.1,0.6
SINGLE_SHIFT,0.55,18,18,18,0.21189640752537525,0.16543626979036466,0.20196834541663602,0.08,0.04,0.12
SINGLE_SHIFT,0.55,18,18,18,0.20638515793777884,0.15492486833034175,0.21294416810389274,0.44,0.16,0.5
SINGLE_SHIFT,0.55,18,18,8,0.20682422482088447,0.15427575062280666,0.23406170198610873,0.04,0.04,0.04
SINGLE_SHIFT,0.55,18,18,8,0.20164683874110914,0.16400718673652775,0.20549289510663332,0.44,0.44,0.64
SINGLE_SHIFT,0.55,24,18,8,0.194162248177905,0.1761356201003948,0.2912214910906181,0.0,0.04,0.06
SINGLE_SHIFT,0.55,24,18,18,0.1846090285752607,0.17538955059328643,0.333805043168523,0.2,0.06,0.5
SINGLE_SHIFT,0.55,24,18,8,0.17063902794313174,0.13865473136302706,0.21362470622576937,0.22,0.22,0.24
SINGLE_SHIFT,0.55,24,18,8,0.2009937609940664,0.1453741016414735,0.3005830969606737,0.02,0.06,0.6
SINGLE_SHIFT,0.55,24,18,18,0.18530558930551208,0.1403269246013318,0.2739313698248381,0.12,0.08,0.12
SINGLE_SHIFT,0.55,24,8,18,0.16948133440083646,0.17148019627029104,0.27861789266646775,0.16,0.06,0.42
SINGLE_SHIFT,0.55,24,18,8,0.1772582048101132,0.13342559510335236,0.2737648586186797,0.04,0.04,0.04
SINGLE_SHIFT,0.55,24,18,18,0.23837020170334608,0.1892175260255954,0.22470776613261287,0.68,0.04,0.64
SINGLE_SHIFT,0.55,36,18,8,0.19828886078017371,0.1468185070744435,0.2618410583938436,0.02,0.02,0.06
SINGLE_SHIFT,0.55,36,18,18,0.18379031082646635,0.15841923960549864,0.32769992960437827,0.2,0.16,0.48
SINGLE_SHIFT,0.55,36,8,8,0.18388389607226283,0.20738261626297,0.28656375398956035,0.14,0.22,0.24
SINGLE_SHIFT,0.55,36,18,8,0.18401454588964974,0.14371421024234798,0.2323974661933898,0.18,0.24,0.6
SINGLE_SHIFT,0.55,36,18,18,0.19558039168761435,0.13664389790989945,0.2948633877162066,0.1,0.08,0.12
SINGLE_SHIFT,0.55,36,18,18,0.20768666030562993,0.16162246530291224,0.19784148529746207,0.4,0.1,0.42
SINGLE_SHIFT,0.55,36,18,18,0.20022375050589075,0.1461848334139039,0.246158445132762,0.04,0.0,0.04
SINGLE_SHIFT,0.55,36,18,8,0.18928509227197446,0.13054090913528432,0.3005517450351193,0.08,0.1,0.58
SINGLE_SHIFT,0.55,48,18,18,0.19339988624967747,0.14117497433094608,0.24134438777706402,0.04,0.02,0.06
SINGLE_SHIFT,0.55,48,8,18,0.17102190685621282,0.20270577348488397,0.2986585821657487,0.2,0.14,0.42
SINGLE_SHIFT,0.55,48,18,18,0.2306180070105757,0.1847445788795716,0.20940041447182992,0.22,0.16,0.24
SINGLE_SHIFT,0.55,48,18,18,0.20495780827016813,0.15342510785311828,0.2009389101118796,0.48,0.14,0.52
SINGLE_SHIFT,0.55,48,18,18,0.1911289853606036,0.16771005220089877,0.23988455513326795,0.08,0.06,0.12
SINGLE_SHIFT,0.55,48,18,8,0.214566712441406,0.14396580478491564,0.31680411567676287,0.18,0.18,0.4
SINGLE_SHIFT,0.55,48,18,8,0.22574448649837003,0.1672254635317189,0.19639594551312284,0.04,0.04,0.04
SINGLE_SHIFT,0.55,48,18,18,0.1673819325521694,0.1403761418815592,0.280331577499625,0.08,0.06,0.62
SINGLE_SHIFT,0.8,2,18,8,0.19222508092511217,0.1560596417887301,0.18127163058500254,0.06,0.1,0.06
SINGLE_SHIFT,0.8,2,18,8,0.2039363657466508,0.18378207374411906,0.18551709793487878,0.54,0.54,0.54
SINGLE_SHIFT,0.8,2,18,8,0.18448898914767237,0.17149477950605832,0.19112382180918663,0.3,0.3,0.3
SINGLE_SHIFT,0.8,2,18,8,0.18498836195425666,0.17667079711527872,0.29905786193243994,0.36,0.58,0.68
SINGLE_SHIFT,0.8,2,8,8,0.18760528533632753,0.19190704033506514,0.1981088737940431,0.12,0.2,0.2
SINGLE_SHIFT,0.8,2,8,8,0.21529057471336788,0.26465011788876613,0.2572167693743391,0.54,0.54,0.54
SINGLE_SHIFT,0.8,2,18,18,0.18825309879707164,0.15903201711233622,0.1773071908170323,0.06,0.04,0.06
SINGLE_SHIFT,0.8,2,18,18,0.21730103405440918,0.1695590120016107,0.21387162533720425,0.7,0.66,0.7
SINGLE_SHIFT,0.8,4,18,8,0.1728198322788658,0.15904557894837554,0.2042647087334066,0.06,0.06,0.08
SINGLE_SHIFT,0.8,4,8,8,0.21946561390218394,0.26626393403619053,0.26023406306959806,0.46,0.54,0.54
SINGLE_SHIFT,0.8,4,8,8,0.194405243307463,0.2127993116186239,0.35702735447703815,0.02,0.24,0.3
SINGLE_SHIFT,0.8,4,8,8,0.24745986166086995,0.26531254114359054,0.3424729192571173,0.44,0.62,0.68
SINGLE_SHIFT,0.8,4,18,8,0.17606527496311666,0.1541510932199011,0.1696774260435433,0.2,0.2,0.2
SINGLE_SHIFT,0.8,4,8,8,0.1638250431495746,0.16540164208448738,0.20950717804586674,0.48,0.54,0.54
SINGLE_SHIFT,0.8,4,8,8,0.1563197413206518,0.16586758526687367,0.2634013507522785,0.04,0.04,0.06
SINGLE_SHIFT,0.8,4,8,8,0.18183014975951592,0.20921903964200878,0.23547944097354095,0.64,0.7,0.7
SINGLE_SHIFT,0.8,6,8,8,0.16084303245774773,0.20716362896988946,0.2449599394183772,0.06,0.06,0.06
SINGLE_SHIFT,0.8,6,8,8,0.176553466952254,0.25894557067466795,0.43857206492820183,0.2,0.38,0.54
SINGLE_SHIFT,0.8,6,8,8,0.1699738944204848,0.18982839868375878,0.273915722291797,0.22,0.24,0.28
SINGLE_SHIFT,0.8,6,8,8,0.17174963527165002,0.23692288419534346,0.26607306415781107,0.5,0.66,0.68
SINGLE_SHIFT,0.8,6,8,18,0.18196281972858258,0.29942427177030734,0.44565316158271584,0.38,0.12,0.2
SINGLE_SHIFT,0.8,6,8,8,0.20439776638156312,0.2273267552240134,0.35813687273720934,0.16,0.42,0.54
SINGLE_SHIFT,0.8,6,8,8,0.1804141879870998,0.20174880238877924,0.3510011972639969,0.04,0.04,0.06
SINGLE_SHIFT,0.8,6,8,8,0.17054351557472955,0.2746299406548426,0.447260518903283,0.12,0.46,0.7
SINGLE_SHIFT,0.8,8,8,18,0.16809137913412384,0.24739669876956696,0.40241874514853004,0.3,0.06,0.06
SINGLE_SHIFT,0.8,8,8,8,0.15146249938527018,0.19651268145910863,0.2965195046917749,0.18,0.48,0.54
SINGLE_SHIFT,0.8,8,8,8,0.17251057272858916,0.23339194940129446,0.25268023402097817,0.22,0.26,0.28
SINGLE_SHIFT,0.8,8,8,8,0.16556561751474863,0.24129319442062713,0.31411297318079895,0.18,0.62,0.68
SINGLE_SHIFT,0.8,8,8,18,0.16872354815824941,0.2338119280763256,0.32958144342018986,0.14,0.12,0.2
SINGLE_SHIFT,0.8,8,8,8,0.15751431744194846,0.18355871011948988,0.26174937523425296,0.28,0.5,0.54
SINGLE_SHIFT,0.8,8,8,18,0.16572628565401307,0.1917772464994427,0.3442087023004644,0.06,0.04,0.06
SINGLE_SHIFT,0.8,8,8,8,0.17231079337773994,0.19012603270337367,0.217269838147793,0.64,0.7,0.7
SINGLE_SHIFT,0.8,12,8,18,0.16942027532344306,0.20798280369997413,0.3735613287889431,0.12,0.06,0.06
SINGLE_SHIFT,0.8,12,18,8,0.17547129194496666,0.16699063209773063,0.31183432158963714,0.28,0.44,0.54
SINGLE_SHIFT,0.8,12,18,18,0.20773260867444684,0.14369597511992854,0.32364384592252315,0.16,0.14,0.26
SINGLE_SHIFT,0.8,12,8,8,0.1641528690438569,0.22043880532548252,0.2652291543955824,0.06,0.6,0.62
SINGLE_SHIFT,0.8,12,8,18,0.19562239676321444,0.19933873388272633,0.41462599760927965,0.36,0.06,0.2
SINGLE_SHIFT,0.8,12,18,8,0.21978834488801424,0.17832980285366226,0.29249333855946247,0.36,0.4,0.54
SINGLE_SHIFT,0.8,12,18,8,0.20064161672372574,0.18738904341871132,0.3793935901061222,0.0,0.04,0.06
SINGLE_SHIFT,0.8,12,8,8,0.17756246997043215,0.201740036612966,0.3267059260042447,0.08,0.46,0.7
SINGLE_SHIFT,0.8,18,8,18,0.1588567040818695,0.17260164709509748,0.3465417797399659,0.12,0.04,0.06
SINGLE_SHIFT,0.8,18,18,18,0.1857415183678801,0.16759176749188653,0.3513553260371739,0.18,0.08,0.54
SINGLE_SHIFT,0.8,18,18,8,0.20539447133090313,0.13140500434866115,0.3750452833515342,0.14,0.2,0.26
SINGLE_SHIFT,0.8,18,18,8,0.19056985625642875,0.186174090375204,0.2718403500058869,0.26,0.48,0.62
SINGLE_SHIFT,0.8,18,18,18,0.23826052104780263,0.15960411264055654,0.35258610334095336,0.06,0.04,0.2
SINGLE_SHIFT,0.8,18,18,8,0.1865268722570947,0.1328275562378428,0.34201422149267435,0.02,0.04,0.54
SINGLE_SHIFT,0.8,18,18,8,0.22268923200831858,0.14245566126951262,0.37498829406225254,0.04,0.14,0.06
SINGLE_SHIFT,0.8,18,18,8,0.23149961010644826,0.13750567416483117,0.4774554760449383,0.1,0.12,0.7
SINGLE_SHIFT,0.8,24,18,18,0.21102956048812782,0.14196633090014912,0.3282187486193059,0.04,0.0,0.06
SINGLE_SHIFT,0.8,24,18,8,0.20017837789558807,0.15212438071403636,0.3034495327552953,0.16,0.24,0.54
SINGLE_SHIFT,0.8,24,18,8,0.19690335206759071,0.1480907713683257,0.22899560302093405,0.22,0.22,0.26
SINGLE_SHIFT,0.8,24,18,18,0.22525707031101996,0.16022216366561753,0.3178755795268343,0.26,0.06,0.64
SINGLE_SHIFT,0.8,24,18,8,0.2010908914915648,0.13061244057305196,0.35683259256234523,0.08,0.1,0.2
SINGLE_SHIFT,0.8,24,8,18,0.17439905632176567,0.18523669117928981,0.40196479157845005,0.22,0.12,0.54
SINGLE_SHIFT,0.8,24,18,8,0.2476103452335072,0.18563426450851264,0.23063587854274342,0.04,0.04,0.06
SINGLE_SHIFT,0.8,24,18,18,0.24216018112623047,0.16540396410533797,0.25494922074227117,0.62,0.0,0.7
SINGLE_SHIFT,0.8,36,18,18,0.16407355448586844,0.16181078305517502,0.3073586980688927,0.18,0.04,0.06
SINGLE_SHIFT,0.8,36,18,18,0.19711872623407029,0.15340701798310247,0.2047919125970837,0.48,0.42,0.54
SINGLE_SHIFT,0.8,36,18,18,0.18137735240570704,0.1317839296310233,0.35270434471570045,0.3,0.2,0.24
SINGLE_SHIFT,0.8,36,18,8,0.21940589341191433,0.14361049464924455,0.3535003090925074,0.08,0.1,0.6
SINGLE_SHIFT,0.8,36,18,18,0.19511553766356415,0.13958879241346675,0.27800579057576436,0.06,0.02,0.14
SINGLE_SHIFT,0.8,36,8,18,0.1481600575727302,0.19631378110696315,0.4186778352082964,0.22,0.14,0.52
SINGLE_SHIFT,0.8,36,18,128,0.18526846787595927,0.13278269689373565,0.3245103911087244,0.14,0.1,0.04
SINGLE_SHIFT,0.8,36,18,8,0.1892381231110282,0.17872929605870103,0.32680808563853253,0.08,0.08,0.7
SINGLE_SHIFT,0.8,48,18,18,0.20929868085101788,0.16310815493968617,0.24081324795270312,0.06,0.04,0.06
SINGLE_SHIFT,0.8,48,18,8,0.17809937408117185,0.13666365793940902,0.2990199544390676,0.1,0.1,0.52
SINGLE_SHIFT,0.8,48,18,8,0.18535703511612608,0.1552786371382738,0.28710948109901197,0.02,0.16,0.24
SINGLE_SHIFT,0.8,48,18,8,0.19824184101838993,0.1674733588895252,0.2998226960612265,0.12,0.26,0.62
SINGLE_SHIFT,0.8,48,18,128,0.20120573545336254,0.12877182906380927,0.35666267003371865,0.42,0.42,0.12
SINGLE_SHIFT,0.8,48,18,18,0.19741300112023707,0.15595995130191914,0.33564328192291826,0.12,0.0,0.52
SINGLE_SHIFT,0.8,48,18,128,0.18856640720684462,0.15723572788241144,0.3521773086540859,0.32,0.1,0.04
SINGLE_SHIFT,0.8,48,18,18,0.2304527044780839,0.1789266728744968,0.20371797333658054,0.64,0.32,0.64
LOCAL_PULSE_REVERT,0.3,18,18,128,0.24145874643356974,0.1828926511200652,0.2446044879039376,0.36,0.5,0.0
LOCAL_PULSE_REVERT,0.3,18,8,128,0.16159245419300775,0.19972212547492388,0.212942538920747,0.2,0.1,0.04
LOCAL_PULSE_REVERT,0.3,18,18,8,0.25702029194622644,0.2024911202696351,0.21571529663847697,0.02,0.36,0.14
LOCAL_PULSE_REVERT,0.3,18,8,8,0.16891763737060306,0.18128170794577048,0.18536192477091384,0.08,0.1,0.1
LOCAL_PULSE_REVERT,0.3,18,8,18,0.17431982784429267,0.17468387053550516,0.17871201344864202,0.06,0.02,0.04
LOCAL_PULSE_REVERT,0.3,18,18,128,0.2324564376375645,0.1679067766032333,0.2081149610789899,0.06,0.22,0.04
LOCAL_PULSE_REVERT,0.3,18,18,18,0.18539296704672698,0.17709387412211758,0.17838991129144602,0.08,0.04,0.04
LOCAL_PULSE_REVERT,0.3,18,18,8,0.20047315970376,0.16788884467946932,0.17990287150032194,0.02,0.04,0.06
LOCAL_PULSE_REVERT,0.3,18,8,128,0.157872794164195,0.18482485680688412,0.24635561724383925,0.6,0.18,0.04
LOCAL_PULSE_REVERT,0.3,18,18,8,0.19520543660616332,0.1604299928873903,0.18300038215036618,0.04,0.1,0.1
LOCAL_PULSE_REVERT,0.3,18,18,18,0.18688519401353126,0.15519184989656967,0.1716099309246192,0.1,0.02,0.1
LOCAL_PULSE_REVERT,0.3,18,18,128,0.20489325571302408,0.17902001303952778,0.19254400633722554,0.26,0.18,0.1
LOCAL_PULSE_REVERT,0.3,18,18,128,0.1690450094330014,0.15082273335731508,0.2106527868788898,0.12,0.12,0.04
LOCAL_PULSE_REVERT,0.3,18,18,128,0.1669657584939419,0.140549883207041,0.20096229586056336,0.42,0.4,0.12
LOCAL_PULSE_REVERT,0.3,18,8,128,0.16590290886399822,0.16975567225341778,0.19215654275720426,0.24,0.06,0.04
LOCAL_PULSE_REVERT,0.3,18,18,128,0.20420177676900192,0.16039754129986847,0.19963582980603495,0.06,0.12,0.02
LOCAL_PULSE_REVERT,0.3,18,18,128,0.1926070267925449,0.15297445466322407,0.21344621952980253,0.04,0.06,0.02
LOCAL_PULSE_REVERT,0.3,18,18,18,0.18327361312804716,0.15543350330370506,0.16251790251736795,0.18,0.08,0.16
LOCAL_PULSE_REVERT,0.3,18,18,8,0.1824208010230671,0.14682503513849196,0.17930700057198268,0.04,0.12,0.18
LOCAL_PULSE_REVERT,0.3,18,8,18,0.1918125058739355,0.19430210815076637,0.19311400312920163,0.08,0.0,0.0
LOCAL_PULSE_REVERT,0.3,18,18,128,0.19563580591454235,0.1846516282553651,0.19583995810754282,0.38,0.14,0.06
LOCAL_PULSE_REVERT,0.3,18,8,128,0.18470397935481034,0.18918178695268642,0.22342881949987334,0.4,0.2,0.08
LOCAL_PULSE_REVERT,0.3,18,18,8,0.17635323708147388,0.14836919098339496,0.15360666210845283,0.04,0.04,0.04
LOCAL_PULSE_REVERT,0.3,18,18,8,0.18106607621150184,0.15540778630597568,0.1579826212212049,0.02,0.02,0.04
LOCAL_PULSE_REVERT,0.55,18,8,18,0.18590089912602628,0.1906007711741049,0.20287609976780682,0.06,0.04,0.04
LOCAL_PULSE_REVERT,0.55,18,18,128,0.18578494830370212,0.14823225055090125,0.1844461417425001,0.1,0.2,0.08
LOCAL_PULSE_REVERT,0.55,18,8,18,0.17364838152417458,0.19843322098422886,0.20414374664180757,0.22,0.16,0.22
LOCAL_PULSE_REVERT,0.55,18,18,18,0.17355959389263043,0.16411698988517895,0.1756219396166652,0.08,0.0,0.06
LOCAL_PULSE_REVERT,0.55,18,18,8,0.2019812310175538,0.15601409387055132,0.2187227397031818,0.06,0.1,0.06
LOCAL_PULSE_REVERT,0.55,18,18,128,0.1770874202857932,0.15639401261191388,0.1908216553967379,0.18,0.18,0.02
LOCAL_PULSE_REVERT,0.55,18,18,8,0.16767733036451077,0.14204783633589177,0.19074325816761342,0.04,0.04,0.04
LOCAL_PULSE_REVERT,0.55,18,18,8,0.20490200680429227,0.18069881529990867,0.2067179161580822,0.0,0.02,0.08
LOCAL_PULSE_REVERT,0.55,18,8,18,0.16099060855303352,0.17619967331029632,0.18647335744309226,0.16,0.04,0.04
LOCAL_PULSE_REVERT,0.55,18,18,128,0.1933474773131584,0.1607109068761444,0.16667208367471315,0.22,0.24,0.16
LOCAL_PULSE_REVERT,0.55,18,8,128,0.16925576191758815,0.20498738274801476,0.2626153910495781,0.24,0.22,0.04
LOCAL_PULSE_REVERT,0.55,18,18,128,0.16958764229074366,0.16084983933569977,0.2086853936929348,0.1,0.1,0.02
LOCAL_PULSE_REVERT,0.55,18,18,128,0.24726853657529368,0.18961475402407293,0.2108342616094485,0.12,0.24,0.02
LOCAL_PULSE_REVERT,0.55,18,18,128,0.17122341009785275,0.14518698429076815,0.20354265036748978,0.4,0.32,0.04
LOCAL_PULSE_REVERT,0.55,18,18,8,0.2181891977764072,0.1822717923362792,0.19758792843783796,0.04,0.1,0.04
LOCAL_PULSE_REVERT,0.55,18,18,128,0.18694085924079326,0.15996989612981158,0.19809786854865333,0.4,0.3,0.04
LOCAL_PULSE_REVERT,0.55,18,8,128,0.1581649004410658,0.1754486210641447,0.24105232483286762,0.5,0.16,0.04
LOCAL_PULSE_REVERT,0.55,18,8,18,0.1616562952970533,0.18437097975402572,0.20790320384270436,0.2,0.1,0.18
LOCAL_PULSE_REVERT,0.55,18,128,18,0.2062178339001008,0.1965230607695305,0.19562755366657228,0.22,0.16,0.22
LOCAL_PULSE_REVERT,0.55,18,8,18,0.175859418045251,0.17838095670719892,0.21161053139387911,0.1,0.06,0.12
LOCAL_PULSE_REVERT,0.55,18,18,128,0.2014915963655418,0.14195893464737863,0.29638707459226366,0.52,0.58,0.08
LOCAL_PULSE_REVERT,0.55,18,18,128,0.19289877948421336,0.16870698542556742,0.21935259656153458,0.18,0.18,0.02
LOCAL_PULSE_REVERT,0.55,18,18,8,0.23826554389233817,0.17403662400043052,0.2038149625248737,0.04,0.14,0.04
LOCAL_PULSE_REVERT,0.55,18,18,128,0.19417910098223345,0.1622747394481869,0.19183817293730712,0.26,0.3,0.04
LOCAL_PULSE_REVERT,0.8,18,8,128,0.16503962975988432,0.18953944663542382,0.19489882681072218,0.04,0.08,0.02
LOCAL_PULSE_REVERT,0.8,18,18,128,0.19679959476083367,0.17604303723740597,0.17851084115818847,0.06,0.14,0.04
LOCAL_PULSE_REVERT,0.8,18,18,18,0.1748330800112409,0.16648443433471458,0.1690752176872746,0.14,0.02,0.02
LOCAL_PULSE_REVERT,0.8,18,18,8,0.22694817235225057,0.18728120000756257,0.19556897034310738,0.0,0.1,0.0
LOCAL_PULSE_REVERT,0.8,18,128,128,0.20321882609480063,0.1796447879060833,0.17797477651896598,0.08,0.08,0.02
LOCAL_PULSE_REVERT,0.8,18,18,128,0.17613815286861934,0.1493545285611648,0.191652085398405,0.18,0.18,0.02
LOCAL_PULSE_REVERT,0.8,18,18,128,0.162399869192302,0.15579510670749497,0.16987407598109572,0.04,0.04,0.0
LOCAL_PULSE_REVERT,0.8,18,18,128,0.1690594754204955,0.1462544009674142,0.1568268345701852,0.1,0.04,0.02
LOCAL_PULSE_REVERT,0.8,18,8,18,0.17669065763065223,0.17801870581841803,0.18147808824114678,0.12,0.04,0.04
LOCAL_PULSE_REVERT,0.8,18,8,8,0.17120172915858747,0.19868043971470278,0.20649131834020257,0.1,0.4,0.24
LOCAL_PULSE_REVERT,0.8,18,18,18,0.17946508909483233,0.157390478816878,0.15751781777530954,0.12,0.06,0.06
LOCAL_PULSE_REVERT,0.8,18,18,128,0.19286063936396106,0.1694984348430394,0.19008680609509918,0.08,0.08,0.02
LOCAL_PULSE_REVERT,0.8,18,18,128,0.1890569992290292,0.15352943362493163,0.16939871825162925,0.06,0.1,0.04
LOCAL_PULSE_REVERT,0.8,18,128,18,0.24502605380752723,0.20740165469002492,0.20270846858628622,0.28,0.16,0.16
LOCAL_PULSE_REVERT,0.8,18,8,18,0.21042987717694167,0.2264915698179349,0.22740845268962684,0.1,0.04,0.04
LOCAL_PULSE_REVERT,0.8,18,18,128,0.17928815620326188,0.1729986564423222,0.22698358109188055,0.44,0.26,0.0
LOCAL_PULSE_REVERT,0.8,18,18,128,0.20096962781031258,0.15396866984096227,0.21543942783519748,0.16,0.38,0.04
LOCAL_PULSE_REVERT,0.8,18,18,8,0.1673526314035617,0.15116463696538943,0.16246037158226206,0.24,0.24,0.28
LOCAL_PULSE_REVERT,0.8,18,18,8,0.19705678329720935,0.16024047235594183,0.18259204643560129,0.02,0.08,0.22
LOCAL_PULSE_REVERT,0.8,18,18,128,0.16189567174156053,0.14191384132011856,0.20825377729488515,0.1,0.1,0.08
LOCAL_PULSE_REVERT,0.8,18,18,128,0.19108536648111626,0.16394875536714307,0.2594965273174438,0.12,0.12,0.08
LOCAL_PULSE_REVERT,0.8,18,8,18,0.17691838246023633,0.2129372323999873,0.2190417773020595,0.44,0.02,0.06
LOCAL_PULSE_REVERT,0.8,18,8,18,0.18045801022234859,0.19363709320472264,0.2031208127063812,0.1,0.04,0.04
LOCAL_PULSE_REVERT,0.8,18,8,18,0.1629865419687911,0.17326991884249293,0.17450467235403616,0.36,0.04,0.04
STATIONARY,0.0,128,18,128,0.18342497578558006,0.16350430027517457,0.17534807328259086,0.12,0.12,0.08
STATIONARY,0.0,128,8,128,0.17366400412794558,0.22608257891041467,0.23371108158002696,0.38,0.08,0.02
STATIONARY,0.0,128,8,18,0.17361446230862035,0.20217231928422685,0.20525364230859244,0.28,0.06,0.1
STATIONARY,0.0,128,18,8,0.2292233419127946,0.22682473018616797,0.263918871355533,0.12,0.12,0.12
STATIONARY,0.0,128,18,128,0.18548128316540535,0.15651713880734136,0.16472099666368234,0.04,0.12,0.0
STATIONARY,0.0,128,18,8,0.19050373818400673,0.16244874862088643,0.17350014516934562,0.0,0.12,0.02
STATIONARY,0.0,128,18,128,0.17670923777744996,0.14979365669435304,0.16443574906896113,0.1,0.1,0.08
STATIONARY,0.0,128,18,8,0.1915040839922754,0.14902276010075294,0.1689108286797953,0.0,0.02,0.0
SINGLE_SHIFT,0.3,2,18,8,0.18515073280039332,0.14633299972645578,0.2058706925662836,0.12,0.12,0.12
SINGLE_SHIFT,0.3,2,18,18,0.20061130694979748,0.16529582735571038,0.17614757043863052,0.38,0.24,0.38
SINGLE_SHIFT,0.3,2,18,8,0.1969454165479126,0.1740775690073123,0.1977184877703423,0.22,0.22,0.22
SINGLE_SHIFT,0.3,2,18,128,0.18242349286057938,0.14650337984099052,0.1860714113137409,0.52,0.58,0.36
SINGLE_SHIFT,0.3,2,8,128,0.16819275082555998,0.19115910027364755,0.2505977631395147,0.5,0.12,0.06
SINGLE_SHIFT,0.3,2,18,18,0.20438963688441328,0.16234482635987232,0.18835189395394525,0.36,0.12,0.34
SINGLE_SHIFT,0.3,2,128,8,0.20479641889458652,0.19978151040696035,0.19885998559446075,0.04,0.04,0.04
SINGLE_SHIFT,0.3,2,18,8,0.17174404246287703,0.169127420439789,0.1888673413823876,0.2,0.3,0.42
SINGLE_SHIFT,0.3,4,18,8,0.19467952047944626,0.15280686371410235,0.19141805444673982,0.12,0.12,0.12
SINGLE_SHIFT,0.3,4,18,128,0.19342102643400316,0.1691164746821654,0.18305699387242083,0.4,0.38,0.32
SINGLE_SHIFT,0.3,4,18,8,0.18091549569975643,0.14767747167972065,0.16232779556718963,0.22,0.22,0.22
SINGLE_SHIFT,0.3,4,18,18,0.19913386069644154,0.16777681532166513,0.29741443962841296,0.12,0.1,0.46
SINGLE_SHIFT,0.3,4,18,8,0.2059204691411308,0.16796575587952403,0.19378263469421095,0.06,0.06,0.08
SINGLE_SHIFT,0.3,4,18,18,0.18752002352793015,0.16041688013181754,0.17252105099279486,0.36,0.12,0.28
SINGLE_SHIFT,0.3,4,8,18,0.1822038475892533,0.2437179170770378,0.2857559201496759,0.34,0.04,0.04
SINGLE_SHIFT,0.3,4,18,128,0.18607334805601633,0.15458433095000348,0.16285724315988617,0.44,0.56,0.42
SINGLE_SHIFT,0.3,6,18,8,0.19327932562034938,0.17344485683637342,0.18033054840885998,0.12,0.12,0.12
SINGLE_SHIFT,0.3,6,18,8,0.17658414817040008,0.1353969574581846,0.23392135525458402,0.08,0.08,0.38
SINGLE_SHIFT,0.3,6,8,8,0.15820297128972352,0.19990278332922107,0.2260360056058775,0.2,0.2,0.22
SINGLE_SHIFT,0.3,6,8,8,0.16812778230570843,0.18958321815115783,0.24303639235138857,0.1,0.28,0.5
SINGLE_SHIFT,0.3,6,18,8,0.1670903564476273,0.1498841117972147,0.21289364783975603,0.04,0.06,0.1
SINGLE_SHIFT,0.3,6,128,128,0.20650351139406448,0.1806884789709265,0.18053411341544912,0.2,0.28,0.18
SINGLE_SHIFT,0.3,6,18,8,0.18764901235594447,0.17392143078552738,0.19425939517600024,0.04,0.04,0.04
SINGLE_SHIFT,0.3,6,8,128,0.1598051516251064,0.20222494660425838,0.2386693208031902,0.7,0.52,0.36
SINGLE_SHIFT,0.3,8,8,18,0.1560115081603495,0.17893252340971572,0.23938071791515406,0.3,0.12,0.12
SINGLE_SHIFT,0.3,8,8,18,0.1780420593617109,0.2382616658064671,0.32603134877647644,0.18,0.1,0.38
SINGLE_SHIFT,0.3,8,18,18,0.21875392577993127,0.19076463161691717,0.1980767600599917,0.22,0.2,0.22
SINGLE_SHIFT,0.3,8,18,8,0.17873289411653054,0.170853195539871,0.20727853266407906,0.2,0.28,0.38
SINGLE_SHIFT,0.3,8,18,8,0.18380310820062418,0.15291002922388408,0.17640025644702062,0.08,0.08,0.08
SINGLE_SHIFT,0.3,8,8,8,0.19361445272260366,0.23479074825749183,0.2402867008609706,0.06,0.3,0.32
SINGLE_SHIFT,0.3,8,8,128,0.16402726018480407,0.16776650587630765,0.24810269081329595,0.36,0.08,0.04
SINGLE_SHIFT,0.3,8,8,8,0.17549397493670624,0.20287346870915646,0.20938619187177457,0.04,0.34,0.36
SINGLE_SHIFT,0.3,12,18,18,0.20035497974753513,0.18769187691364989,0.23175520822441417,0.2,0.12,0.12
SINGLE_SHIFT,0.3,12,18,8,0.15962458085970974,0.15683337547615175,0.2163838585056398,0.02,0.1,0.34
SINGLE_SHIFT,0.3,12,18,18,0.20086882806097664,0.15699589854279444,0.1998745659521341,0.2,0.06,0.22
SINGLE_SHIFT,0.3,12,18,8,0.1859443550639934,0.1727134801184694,0.1925684398342353,0.16,0.54,0.32
SINGLE_SHIFT,0.3,12,18,128,0.19854770163431873,0.1439553172957595,0.2738298390797447,0.28,0.28,0.08
SINGLE_SHIFT,0.3,12,8,8,0.16755297862889545,0.17686645780193055,0.2170049519327912,0.08,0.22,0.34
SINGLE_SHIFT,0.3,12,8,18,0.16649238444908698,0.18840063891211753,0.2547792376790638,0.12,0.04,0.04
SINGLE_SHIFT,0.3,12,8,8,0.17624714037943562,0.18396854708289148,0.23967295482356732,0.0,0.1,0.36
SINGLE_SHIFT,0.3,18,18,8,0.20812143523872823,0.14712309180701033,0.23751367460285144,0.04,0.3,0.12
SINGLE_SHIFT,0.3,18,18,18,0.1950603893174069,0.16844360795236082,0.18938981012764447,0.24,0.14,0.14
SINGLE_SHIFT,0.3,18,18,18,0.18914575947085016,0.17086157391643383,0.30484827093278277,0.38,0.2,0.22
SINGLE_SHIFT,0.3,18,18,8,0.16935345369957877,0.14876126096707898,0.21830735288590916,0.04,0.12,0.36
SINGLE_SHIFT,0.3,18,8,18,0.2030891921827158,0.22113189098944652,0.2242129132496898,0.1,0.06,0.08
SINGLE_SHIFT,0.3,18,128,18,0.19052141795467634,0.18304663058620987,0.18207136600890297,0.38,0.34,0.34
SINGLE_SHIFT,0.3,18,18,8,0.2175766500530054,0.16995373027495764,0.2392108310088188,0.02,0.1,0.04
SINGLE_SHIFT,0.3,18,18,8,0.17847210968983307,0.13721264519863322,0.2615677675910317,0.02,0.02,0.36
SINGLE_SHIFT,0.3,24,18,8,0.18943601772980997,0.1565463288301647,0.1713584603025443,0.12,0.12,0.12
SINGLE_SHIFT,0.3,24,18,8,0.18126437766238562,0.16829383694217256,0.1794903233553573,0.16,0.22,0.28
SINGLE_SHIFT,0.3,24,18,18,0.1960305483768237,0.15257059887032778,0.24198230155957437,0.28,0.16,0.22
SINGLE_SHIFT,0.3,24,18,8,0.1846028004636788,0.14310809422883414,0.23552945541095746,0.06,0.1,0.34
SINGLE_SHIFT,0.3,24,18,8,0.19743229456264727,0.14994071028612646,0.25059891592522815,0.08,0.1,0.08
SINGLE_SHIFT,0.3,24,18,18,0.21023362829208442,0.1633289454467952,0.23261116614343605,0.22,0.1,0.34
SINGLE_SHIFT,0.3,24,8,8,0.21535764930473175,0.23541557889430237,0.2572351052727647,0.02,0.04,0.04
SINGLE_SHIFT,0.3,24,18,18,0.1972536077886381,0.15917072272900787,0.17484155423486253,0.3,0.04,0.22
SINGLE_SHIFT,0.3,36,8,18,0.19306727822781788,0.1960861738348643,0.2575115211601171,0.32,0.02,0.12
SINGLE_SHIFT,0.3,36,18,8,0.2027920777650174,0.16034347630576742,0.23399556736478333,0.04,0.14,0.22
SINGLE_SHIFT,0.3,36,18,18,0.2261456872368277,0.17525194787270926,0.20439528821175762,0.2,0.04,0.22
SINGLE_SHIFT,0.3,36,18,18,0.21044690151632153,0.16293868671623002,0.1981336221186226,0.18,0.06,0.26
SINGLE_SHIFT,0.3,36,8,18,0.1648410921067565,0.17299761089846755,0.20988283975081848,0.14,0.06,0.08
SINGLE_SHIFT,0.3,36,18,8,0.20712454904061858,0.14939774404309666,0.2511234921487773,0.02,0.16,0.28
SINGLE_SHIFT,0.3,36,8,128,0.1503123286968389,0.16474839902448862,0.32260497321166787,0.7,0.36,0.04
SINGLE_SHIFT,0.3,36,18,18,0.1675126404481021,0.1436428431686985,0.1601537525505135,0.2,0.18,0.22
SINGLE_SHIFT,0.3,48,18,18,0.20453394854818116,0.16356505922182818,0.19924495636893094,0.12,0.04,0.12
SINGLE_SHIFT,0.3,48,18,8,0.16943143628438936,0.14263120531239187,0.1941944407386917,0.1,0.1,0.28
SINGLE_SHIFT,0.3,48,8,18,0.16445804948610648,0.19839704678800982,0.204284905199174,0.24,0.22,0.22
SINGLE_SHIFT,0.3,48,18,8,0.16528699896289123,0.15357363474971958,0.189220216626682,0.06,0.06,0.2
SINGLE_SHIFT,0.3,48,18,18,0.1688329245649991,0.16368518264965334,0.21431992638346592,0.28,0.06,0.06
SINGLE_SHIFT,0.3,48,18,18,0.1957110309557329,0.1945982233732553,0.19531360156108538,0.3,0.16,0.16
SINGLE_SHIFT,0.3,48,18,128,0.21488673669667788,0.16847299501129806,0.2805364747282147,0.18,0.24,0.04
SINGLE_SHIFT,0.3,48,18,8,0.16796802134505964,0.15325403485386013,0.20440250321124426,0.0,0.0,0.22
SINGLE_SHIFT,0.55,2,8,8,0.16087460394333716,0.17582168350472274,0.24248317027229055,0.12,0.12,0.12
SINGLE_SHIFT,0.55,2,8,8,0.1749355636871401,0.21117963939931655,0.21117663486215724,0.38,0.54,0.52
SINGLE_SHIFT,0.55,2,18,8,0.17680561234222747,0.14399361702453384,0.18770520569164909,0.22,0.22,0.24
SINGLE_SHIFT,0.55,2,18,128,0.18890645417022683,0.1793115371560922,0.19898684902584926,0.66,0.64,0.6
SINGLE_SHIFT,0.55,2,8,8,0.1769322465032706,0.19061257104654689,0.23006383814251255,0.06,0.1,0.1
SINGLE_SHIFT,0.55,2,8,8,0.1693806209354221,0.21565867138504644,0.22603166951660822,0.18,0.42,0.38
SINGLE_SHIFT,0.55,2,8,8,0.1608053764510003,0.20461160337729778,0.2134637362009294,0.04,0.06,0.04
SINGLE_SHIFT,0.55,2,8,8,0.17784368978539453,0.20715133818189801,0.2569828702281262,0.2,0.52,0.64
SINGLE_SHIFT,0.55,4,18,8,0.17400523890699518,0.14618961532495825,0.18613440432025374,0.12,0.12,0.12
SINGLE_SHIFT,0.55,4,128,18,0.18256153920824333,0.16060861124794745,0.15979424490947672,0.5,0.48,0.48
SINGLE_SHIFT,0.55,4,8,8,0.21244826572266998,0.2505797639227963,0.27251005394563615,0.1,0.22,0.24
SINGLE_SHIFT,0.55,4,8,8,0.1666097070671207,0.2114418464593538,0.2524317419815564,0.2,0.56,0.64
SINGLE_SHIFT,0.55,4,18,8,0.17531186555331654,0.16623418043390628,0.22742385057786757,0.08,0.08,0.1
SINGLE_SHIFT,0.55,4,18,18,0.19862508707640858,0.17321481943995767,0.18908612446168402,0.4,0.28,0.38
SINGLE_SHIFT,0.55,4,8,8,0.17302896817710067,0.23613688751705622,0.2798828012182845,0.02,0.04,0.04
SINGLE_SHIFT,0.55,4,8,8,0.17509567121172584,0.18386778708891194,0.18559884902206294,0.58,0.64,0.64
SINGLE_SHIFT,0.55,6,8,18,0.18541236043283518,0.22826556094587064,0.33823418734182326,0.36,0.12,0.12
SINGLE_SHIFT,0.55,6,8,8,0.18151380689711952,0.211523548998241,0.21384845309396175,0.24,0.46,0.44
SINGLE_SHIFT,0.55,6,18,8,0.1693408789184558,0.1626984395513029,0.20982106540752615,0.22,0.22,0.24
SINGLE_SHIFT,0.55,6,8,8,0.1576528383043839,0.2107302320912406,0.23800660359972328,0.3,0.62,0.66
SINGLE_SHIFT,0.55,6,8,18,0.15629753183311748,0.2194822923113044,0.3190270951354357,0.38,0.08,0.1
SINGLE_SHIFT,0.55,6,8,8,0.16744947341193495,0.19759723709536703,0.2795166973655616,0.12,0.16,0.38
SINGLE_SHIFT,0.55,6,18,8,0.19880934926013127,0.17981314279272714,0.18057850739815462,0.04,0.04,0.04
SINGLE_SHIFT,0.55,6,8,8,0.1643351794472759,0.2025871689240701,0.20342638584391853,0.4,0.64,0.64
SINGLE_SHIFT,0.55,8,8,8,0.15966983183424474,0.1793435129825044,0.2601025683933671,0.08,0.12,0.12
SINGLE_SHIFT,0.55,8,8,8,0.16906604798573924,0.3404531123985503,0.3735628725439317,0.2,0.34,0.4
SINGLE_SHIFT,0.55,8,8,8,0.16759451247656723,0.24880381664194062,0.28792996376872293,0.18,0.24,0.24
SINGLE_SHIFT,0.55,8,8,8,0.16808215854341693,0.17838153889424893,0.2187607029333658,0.36,0.54,0.62
SINGLE_SHIFT,0.55,8,18,8,0.23638085778538506,0.19992834026577608,0.2787220427259369,0.02,0.08,0.1
SINGLE_SHIFT,0.55,8,18,8,0.16041724597590065,0.15109926845210522,0.223278251229874,0.12,0.26,0.38
SINGLE_SHIFT,0.55,8,8,18,0.15126779719333375,0.24979942446291206,0.30174533348819443,0.4,0.04,0.04
SINGLE_SHIFT,0.55,8,8,8,0.180779961129262,0.26447487428636346,0.3559516050450086,0.02,0.24,0.6
SINGLE_SHIFT,0.55,12,8,8,0.16108066668407645,0.222418777000463,0.22874843166740236,0.04,0.12,0.12
SINGLE_SHIFT,0.55,12,8,8,0.15977392045786235,0.20947056988281945,0.2998080180992366,0.14,0.28,0.5
SINGLE_SHIFT,0.55,12,8,18,0.17582754215832094,0.17682526564726622,0.3244093571434885,0.42,0.18,0.22
SINGLE_SHIFT,0.55,12,18,8,0.19490491314876693,0.15366556329857137,0.2852247003232581,0.06,0.12,0.6
SINGLE_SHIFT,0.55,12,18,8,0.19620090628493805,0.15941655847432584,0.22731035380113856,0.08,0.08,0.1
SINGLE_SHIFT,0.55,12,8,8,0.16898043255327375,0.19229054477932622,0.22241314798551087,0.2,0.38,0.4
SINGLE_SHIFT,0.55,12,8,8,0.17613727996435408,0.19212096675838397,0.24512392721157816,0.02,0.04,0.04
SINGLE_SHIFT,0.55,12,8,8,0.16676203632254227,0.1868647109910292,0.2933331721341631,0.0,0.24,0.64
SINGLE_SHIFT,0.55,18,18,18,0.23102910359627887,0.17558066490352642,0.24857717841120838,0.12,0.02,0.12
SINGLE_SHIFT,0.55,18,18,18,0.21654389212277467,0.16226474100796187,0.22657649972472968,0.38,0.1,0.48
SINGLE_SHIFT,0.55,18,18,18,0.16067472820992618,0.14070592146763455,0.3445027589400567,0.38,0.18,0.24
SINGLE_SHIFT,0.55,18,18,8,0.17236750115568888,0.16245362374151176,0.3059371261208849,0.12,0.12,0.62
SINGLE_SHIFT,0.55,18,8,18,0.17606798823493222,0.17663916094344728,0.29197730514939463,0.38,0.06,0.1
SINGLE_SHIFT,0.55,18,18,8,0.16090343895875076,0.15228739267557498,0.2510529070234927,0.08,0.16,0.38
SINGLE_SHIFT,0.55,18,18,128,0.18220093949926364,0.13087085847537128,0.305246406136741,0.14,0.12,0.04
SINGLE_SHIFT,0.55,18,18,18,0.21788708689644587,0.15351398560064242,0.2696415850223091,0.2,0.0,0.64
SINGLE_SHIFT,0.55,24,18,18,0.1782675397095786,0.1438759017879496,0.25087366555845314,0.12,0.08,0.12
SINGLE_SHIFT,0.55,24,18,18,0.18287409702677956,0.14250486232462614,0.21306721262414746,0.26,0.22,0.48
SINGLE_SHIFT,0.55,24,18,18,0.20970301471708463,0.16585494343909454,0.21173939070228084,0.22,0.18,0.24
SINGLE_SHIFT,0.55,24,18,8,0.1993546830141879,0.1377487524755686,0.34259689077316086,0.12,0.12,0.58
SINGLE_SHIFT,0.55,24,18,18,0.18074088418136605,0.13673857679533474,0.22826769477547912,0.08,0.06,0.1
SINGLE_SHIFT,0.55,24,8,18,0.1561213944933158,0.19072986536689726,0.3436257442554539,0.2,0.1,0.38
SINGLE_SHIFT,0.55,24,18,18,0.21261174859194348,0.15758540276127248,0.27928864900857964,0.02,0.0,0.04
SINGLE_SHIFT,0.55,24,18,8,0.20529124632842144,0.14353673997928654,0.3035390457671044,0.0,0.02,0.56
SINGLE_SHIFT,0.55,36,18,8,0.20134591211595435,0.1614029331842827,0.21199569087411343,0.12,0.12,0.12
SINGLE_SHIFT,0.55,36,18,18,0.21147797984919608,0.16121285477094005,0.24756736732050716,0.12,0.04,0.38
SINGLE_SHIFT,0.55,36,18,8,0.19992775396510473,0.14624021164161333,0.26812503322338593,0.02,0.04,0.24
SINGLE_SHIFT,0.55,36,18,18,0.23605692483028456,0.18030953290218224,0.25127671229359233,0.4,0.14,0.58
SINGLE_SHIFT,0.55,36,18,18,0.2082638383215689,0.15728518551724446,0.19576564386640025,0.08,0.06,0.1
SINGLE_SHIFT,0.55,36,18,8,0.23484915570718493,0.16610964685546847,0.29344175345709533,0.04,0.2,0.38
SINGLE_SHIFT,0.55,36,18,128,0.16632352164463363,0.13791884322511222,0.3647745905875124,0.58,0.36,0.04
SINGLE_SHIFT,0.55,36,18,18,0.21714723426111662,0.18306211788850996,0.18663700659639956,0.58,0.44,0.56
SINGLE_SHIFT,0.55,48,18,128,0.19850415900115193,0.13959775848599387,0.2864563401886638,0.26,0.36,0.12
SINGLE_SHIFT,0.55,48,18,8,0.17971185537326692,0.13536978335907418,0.2710650564442048,0.04,0.06,0.42
SINGLE_SHIFT,0.55,48,18,8,0.19437661688017666,0.1456620494209511,0.2707840069164274,0.12,0.12,0.22
SINGLE_SHIFT,0.55,48,18,18,0.23943018836990937,0.1824378808151173,0.24182346260656698,0.36,0.12,0.48
SINGLE_SHIFT,0.55,48,18,8,0.21002725576143091,0.14542040616739943,0.27794572027231856,0.06,0.38,0.08
SINGLE_SHIFT,0.55,48,18,18,0.1638757121639044,0.15080046067421757,0.2768306265056385,0.18,0.12,0.32
SINGLE_SHIFT,0.55,48,18,128,0.2017394228575164,0.1455788563125692,0.26433572031183916,0.16,0.4,0.04
SINGLE_SHIFT,0.55,48,18,18,0.22316295065450992,0.17039742374890923,0.23275691526570863,0.28,0.18,0.5
SINGLE_SHIFT,0.8,2,8,8,0.2222471113783014,0.2928932403211161,0.28333357939642795,0.12,0.14,0.14
SINGLE_SHIFT,0.8,2,18,8,0.2502401527199531,0.20005624629236776,0.2114167043610413,0.56,0.56,0.56
SINGLE_SHIFT,0.8,2,8,8,0.18576327364863485,0.22150469677178997,0.25901813543113617,0.22,0.26,0.26
SINGLE_SHIFT,0.8,2,8,8,0.2195528994081444,0.2445250538491452,0.3406736267840906,0.36,0.62,0.7
SINGLE_SHIFT,0.8,2,8,8,0.22601346826690288,0.2371799063374196,0.24077890412341485,0.12,0.12,0.12
SINGLE_SHIFT,0.8,2,8,8,0.1691724519702931,0.20329894888053862,0.2207405043386025,0.42,0.46,0.46
SINGLE_SHIFT,0.8,2,18,8,0.1795427959975242,0.149462383872201,0.18488372297131156,0.06,0.06,0.06
SINGLE_SHIFT,0.8,2,18,18,0.2428116581867383,0.18913722487337037,0.2361737293141354,0.7,0.64,0.7
SINGLE_SHIFT,0.8,4,18,8,0.19683112485386833,0.15832375226226075,0.28512382410755255,0.12,0.12,0.14
SINGLE_SHIFT,0.8,4,8,8,0.15661410023058067,0.30421135952494244,0.3643378636594035,0.14,0.48,0.54
SINGLE_SHIFT,0.8,4,18,8,0.21877678286788485,0.19301720248034057,0.24248182698326312,0.24,0.26,0.26
SINGLE_SHIFT,0.8,4,8,8,0.22409875100521234,0.27427899086678537,0.30555684452802995,0.36,0.66,0.68
SINGLE_SHIFT,0.8,4,18,8,0.18733862964720888,0.15629787853906224,0.23243982269951508,0.1,0.1,0.12
SINGLE_SHIFT,0.8,4,8,8,0.22408845868588567,0.2345496573367094,0.29633454363883427,0.36,0.4,0.44
SINGLE_SHIFT,0.8,4,18,8,0.24556033617728223,0.24283772007693993,0.2762360709871838,0.04,0.06,0.06
SINGLE_SHIFT,0.8,4,18,128,0.25003997323737437,0.20283370163371647,0.22161478725505063,0.74,0.72,0.7
SINGLE_SHIFT,0.8,6,8,8,0.20321167349634991,0.2347318087341025,0.23153560838458842,0.12,0.14,0.14
SINGLE_SHIFT,0.8,6,8,8,0.16206442450233854,0.19632279455990337,0.37052467423602975,0.14,0.24,0.56
SINGLE_SHIFT,0.8,6,8,8,0.1961692396657909,0.20414814048994956,0.31708921241870647,0.18,0.22,0.26
SINGLE_SHIFT,0.8,6,18,8,0.17352598407425043,0.15632799484873613,0.3168211937816925,0.18,0.36,0.68
SINGLE_SHIFT,0.8,6,8,18,0.18063332920971387,0.3400472268894629,0.3541487718266001,0.12,0.1,0.1
SINGLE_SHIFT,0.8,6,8,8,0.17324046231571444,0.21019244607642862,0.29708545880589776,0.28,0.4,0.46
SINGLE_SHIFT,0.8,6,8,8,0.16037622532733206,0.18848392639525716,0.27932988034960354,0.04,0.04,0.06
SINGLE_SHIFT,0.8,6,18,8,0.185520990951458,0.16242556073327774,0.24790512822166705,0.5,0.58,0.7
SINGLE_SHIFT,0.8,8,8,18,0.16502150694136347,0.2903263668962812,0.4160877904730245,0.32,0.12,0.14
SINGLE_SHIFT,0.8,8,8,18,0.14188420943005617,0.2609435565511464,0.5077634188786708,0.22,0.1,0.54
SINGLE_SHIFT,0.8,8,18,8,0.17273765570966537,0.1724270661988664,0.22545321219639688,0.24,0.26,0.26
SINGLE_SHIFT,0.8,8,8,8,0.1557402625132214,0.22035716792266136,0.26785560848728146,0.28,0.64,0.68
SINGLE_SHIFT,0.8,8,8,18,0.15373598354971849,0.2421785079661659,0.3247147136327899,0.12,0.1,0.1
SINGLE_SHIFT,0.8,8,8,8,0.15890732932857612,0.17158752131344482,0.2549882559878388,0.38,0.42,0.46
SINGLE_SHIFT,0.8,8,8,18,0.15658166262069093,0.21839286221560789,0.3305261332784986,0.1,0.04,0.06
SINGLE_SHIFT,0.8,8,8,8,0.17503473757577712,0.23790926294933462,0.343830867666242,0.02,0.52,0.7
SINGLE_SHIFT,0.8,12,18,8,0.19943599721612298,0.15599992203405005,0.2860023225338097,0.12,0.12,0.14
SINGLE_SHIFT,0.8,12,18,8,0.2037664843741077,0.15773736275522413,0.31674299892182756,0.1,0.12,0.54
SINGLE_SHIFT,0.8,12,8,8,0.17617896092826435,0.18854302934132083,0.3768996741816434,0.18,0.22,0.26
SINGLE_SHIFT,0.8,12,8,8,0.14967562299875878,0.21574265489345282,0.36471517089921945,0.12,0.28,0.66
SINGLE_SHIFT,0.8,12,18,8,0.18854933151687073,0.1525105954606296,0.2594921493969794,0.08,0.08,0.1
SINGLE_SHIFT,0.8,12,18,8,0.1930918970946295,0.1584705405167999,0.2635523090600416,0.36,0.36,0.44
SINGLE_SHIFT,0.8,12,18,8,0.1875430288859669,0.14821899743018743,0.2916677611291656,0.04,0.04,0.06
SINGLE_SHIFT,0.8,12,18,8,0.1925008001807661,0.16048717692936287,0.36533607404918017,0.02,0.08,0.7
SINGLE_SHIFT,0.8,18,18,8,0.21837537191303905,0.1580974092553503,0.2793178450652643,0.12,0.12,0.14
SINGLE_SHIFT,0.8,18,18,8,0.21412684458936376,0.14237058472500289,0.3590797353947274,0.14,0.16,0.52
SINGLE_SHIFT,0.8,18,18,18,0.2205029387045931,0.14726651806170413,0.3098390791985569,0.22,0.06,0.26
SINGLE_SHIFT,0.8,18,18,8,0.20134119625634916,0.13035832780344986,0.35175954544351634,0.1,0.12,0.66
SINGLE_SHIFT,0.8,18,18,128,0.17655932715771483,0.1453965119533956,0.4098707800917438,0.5,0.26,0.1
SINGLE_SHIFT,0.8,18,18,18,0.23468345190888024,0.1684575046449729,0.28183859928266114,0.38,0.12,0.44
SINGLE_SHIFT,0.8,18,18,18,0.15440739320478558,0.14924805881817652,0.3808838355654743,0.4,0.04,0.06
SINGLE_SHIFT,0.8,18,18,8,0.21776787808475587,0.14594838730993326,0.39673497986203266,0.0,0.02,0.7
SINGLE_SHIFT,0.8,24,18,128,0.22355802150113174,0.15123414807036556,0.38359604046051743,0.3,0.24,0.14
SINGLE_SHIFT,0.8,24,18,8,0.18757448654964462,0.15532868791290333,0.35208714316412676,0.02,0.1,0.56
SINGLE_SHIFT,0.8,24,18,18,0.20916950000722292,0.14940359895135305,0.2683972774773125,0.2,0.1,0.26
SINGLE_SHIFT,0.8,24,18,8,0.17434846552494476,0.15248878457644982,0.26699918669445705,0.14,0.26,0.64
SINGLE_SHIFT,0.8,24,18,128,0.2028887686048897,0.13794886500430942,0.5097762050233371,0.68,0.58,0.1
SINGLE_SHIFT,0.8,24,18,18,0.20984580413155265,0.14800279501275665,0.31931535169562336,0.12,0.02,0.42
SINGLE_SHIFT,0.8,24,18,128,0.15719802279957484,0.1430656615618475,0.3981684668430679,0.44,0.08,0.06
SINGLE_SHIFT,0.8,24,18,8,0.20442044907782433,0.14716055242897033,0.27855854676574543,0.04,0.08,0.64
SINGLE_SHIFT,0.8,36,18,8,0.18125720538523185,0.14448783369274493,0.28604704288918725,0.1,0.12,0.14
SINGLE_SHIFT,0.8,36,18,18,0.19832014252096972,0.1491748590575011,0.2510493348042023,0.34,0.22,0.54
SINGLE_SHIFT,0.8,36,18,18,0.21078408503924886,0.14925962406239032,0.2742462227908663,0.18,0.08,0.24
SINGLE_SHIFT,0.8,36,18,8,0.18150345408694718,0.14748647744765098,0.2516954365074866,0.28,0.32,0.64
SINGLE_SHIFT,0.8,36,18,128,0.17581513889476397,0.17014086295666977,0.37250841476790125,0.48,0.12,0.1
SINGLE_SHIFT,0.8,36,18,18,0.20980780795305207,0.1460340575315869,0.2824960689468596,0.18,0.1,0.4
SINGLE_SHIFT,0.8,36,18,128,0.1933868184885329,0.14280240147958972,0.3334557035204278,0.18,0.08,0.06
SINGLE_SHIFT,0.8,36,18,18,0.22204465864733766,0.1535148922554639,0.2833165638155501,0.4,0.0,0.7
SINGLE_SHIFT,0.8,48,18,18,0.18773737967355067,0.14469224670946287,0.3086847903285183,0.2,0.12,0.12
SINGLE_SHIFT,0.8,48,18,8,0.1834036970419689,0.14163623261785618,0.27380684075783956,0.18,0.2,0.52
SINGLE_SHIFT,0.8,48,18,128,0.1685969918521881,0.1480192617323488,0.3549347325331794,0.44,0.28,0.24
SINGLE_SHIFT,0.8,48,18,8,0.20300731330523844,0.14077133073397874,0.31809764403013197,0.1,0.12,0.58
SINGLE_SHIFT,0.8,48,18,8,0.18099612264004475,0.14346995509866925,0.2898810305266042,0.04,0.04,0.1
SINGLE_SHIFT,0.8,48,18,18,0.23593711754905738,0.16493441573889864,0.24676115445463465,0.36,0.02,0.38
SINGLE_SHIFT,0.8,48,18,8,0.17492725613438212,0.1548074212176206,0.24068247857787478,0.04,0.04,0.04
SINGLE_SHIFT,0.8,48,18,18,0.21191937578745149,0.15232731380961112,0.21817334326965843,0.4,0.06,0.56
LOCAL_PULSE_REVERT,0.3,18,8,8,0.16587463219966497,0.20477227251615723,0.22734559972146012,0.12,0.12,0.12
LOCAL_PULSE_REVERT,0.3,18,18,8,0.18351846345419506,0.14759418899994997,0.19056866398981462,0.1,0.12,0.1
LOCAL_PULSE_REVERT,0.3,18,18,128,0.2135179771220046,0.19527403913295838,0.23569672861599833,0.2,0.18,0.0
LOCAL_PULSE_REVERT,0.3,18,18,8,0.2086629674566733,0.1600280764150594,0.18468861387380778,0.06,0.26,0.1
LOCAL_PULSE_REVERT,0.3,18,18,8,0.2333013774953785,0.1859540791135978,0.2206969938380386,0.0,0.08,0.04
LOCAL_PULSE_REVERT,0.3,18,8,128,0.1619406947391471,0.1972577740535044,0.2414509958279828,0.38,0.12,0.08
LOCAL_PULSE_REVERT,0.3,18,8,128,0.16179462229809494,0.16199234388240433,0.22556873934293983,0.56,0.28,0.0
LOCAL_PULSE_REVERT,0.3,18,18,128,0.18318059363786277,0.16642055149962523,0.22206351471044208,0.6,0.42,0.14
LOCAL_PULSE_REVERT,0.3,18,8,18,0.18299862882770865,0.22493325532923783,0.2245714475767215,0.12,0.1,0.1
LOCAL_PULSE_REVERT,0.3,18,8,128,0.1702761684332476,0.19087416759165352,0.19910406251997229,0.28,0.06,0.0
LOCAL_PULSE_REVERT,0.3,18,18,8,0.2003843676202573,0.1757129779126753,0.1807901161039433,0.04,0.2,0.18
LOCAL_PULSE_REVERT,0.3,18,18,128,0.21971420728068836,0.16105782738892394,0.27513713450472643,0.12,0.12,0.0
LOCAL_PULSE_REVERT,0.3,18,8,18,0.18971508638328197,0.21069211419439796,0.23227293116021597,0.52,0.04,0.04
LOCAL_PULSE_REVERT,0.3,18,18,128,0.1774806809605826,0.15230882807240412,0.21720566428641638,0.2,0.2,0.08
LOCAL_PULSE_REVERT,0.3,18,18,8,0.17622706539454097,0.14757374733716183,0.18617189210539214,0.04,0.04,0.04
LOCAL_PULSE_REVERT,0.3,18,18,128,0.17619118711835383,0.14740414366833063,0.16887941196653264,0.04,0.06,0.0
LOCAL_PULSE_REVERT,0.3,18,18,128,0.18139890387392724,0.1697948283319611,0.2071341543127471,0.12,0.12,0.08
LOCAL_PULSE_REVERT,0.3,18,18,8,0.185808966300664,0.1851609848731147,0.18753682185147832,0.04,0.1,0.1
LOCAL_PULSE_REVERT,0.3,18,8,18,0.17379036855207217,0.19603986388557929,0.22585861691136197,0.36,0.04,0.14
LOCAL_PULSE_REVERT,0.3,18,18,8,0.19593652125085573,0.146527732634779,0.2198074980075573,0.12,0.12,0.12
LOCAL_PULSE_REVERT,0.3,18,8,128,0.18449073591567594,0.200177227692794,0.22483524770471483,0.38,0.08,0.04
LOCAL_PULSE_REVERT,0.3,18,18,128,0.19051924422748895,0.16108712846097975,0.17152961038511796,0.04,0.1,0.02
LOCAL_PULSE_REVERT,0.3,18,18,128,0.19292878773008,0.15599958568667158,0.23797818871795579,0.4,0.4,0.0
LOCAL_PULSE_REVERT,0.3,18,18,128,0.17466396946541438,0.15963569694190077,0.2415652501192155,0.58,0.38,0.0
LOCAL_PULSE_REVERT,0.55,18,18,18,0.17374887710054937,0.15909273484819011,0.15911764203255602,0.12,0.08,0.08
LOCAL_PULSE_REVERT,0.55,18,128,8,0.22998024140998552,0.20122075933728178,0.19953983670127737,0.08,0.1,0.1
LOCAL_PULSE_REVERT,0.55,18,8,18,0.18660359062632978,0.21378947716927343,0.23172748877836777,0.26,0.12,0.2
LOCAL_PULSE_REVERT,0.55,18,8,18,0.16950250481937176,0.18834013365351224,0.1953239035740605,0.5,0.2,0.2
LOCAL_PULSE_REVERT,0.55,18,8,128,0.1962610625757189,0.2103030946471515,0.28026296843972903,0.54,0.24,0.06
LOCAL_PULSE_REVERT,0.55,18,8,128,0.1710327861411393,0.1730274257267552,0.1882072044522165,0.32,0.16,0.12
LOCAL_PULSE_REVERT,0.55,18,8,128,0.16328112222199745,0.1719834865540099,0.21151659600118175,0.4,0.14,0.0
LOCAL_PULSE_REVERT,0.55,18,8,18,0.16944963766050805,0.1828630665295457,0.24109180065430383,0.04,0.02,0.02
LOCAL_PULSE_REVERT,0.55,18,18,8,0.18059352648478796,0.1486982354592798,0.1574062106269221,0.08,0.12,0.1
LOCAL_PULSE_REVERT,0.55,18,18,8,0.21286937329706673,0.1948089480885386,0.19742466261180944,0.08,0.12,0.1
LOCAL_PULSE_REVERT,0.55,18,18,18,0.19058568138545698,0.1585115842352044,0.1693276287541214,0.1,0.04,0.18
LOCAL_PULSE_REVERT,0.55,18,8,128,0.16351623292812553,0.1907308478716866,0.32788488178290026,0.16,0.12,0.0
LOCAL_PULSE_REVERT,0.55,18,18,128,0.17987637107625246,0.16199260158387482,0.17348072281618773,0.06,0.16,0.0
LOCAL_PULSE_REVERT,0.55,18,18,128,0.20051443023455176,0.1694236078123461,0.2054379084554255,0.2,0.18,0.04
LOCAL_PULSE_REVERT,0.55,18,18,128,0.24067447594465927,0.20853592017419073,0.21453238333257604,0.1,0.02,0.0
LOCAL_PULSE_REVERT,0.55,18,18,128,0.18670553788215236,0.16777827721710104,0.18200796801135416,0.02,0.14,0.0
LOCAL_PULSE_REVERT,0.55,18,18,128,0.20428964172186556,0.16059785984189093,0.20413061380526953,0.14,0.34,0.12
LOCAL_PULSE_REVERT,0.55,18,8,128,0.1544849811050676,0.1720958561896686,0.2896702836347352,0.22,0.2,0.1
LOCAL_PULSE_REVERT,0.55,18,18,128,0.1832182030372031,0.1357117563579079,0.2460164822347615,0.38,0.36,0.1
LOCAL_PULSE_REVERT,0.55,18,8,18,0.18631402162880797,0.23201457331340905,0.241207723778306,0.12,0.04,0.1
LOCAL_PULSE_REVERT,0.55,18,18,8,0.2107514235975306,0.16711244058625296,0.1897481597347103,0.02,0.08,0.02
LOCAL_PULSE_REVERT,0.55,18,18,128,0.18685025760168072,0.17709263726206972,0.1908690567586053,0.1,0.18,0.0
LOCAL_PULSE_REVERT,0.55,18,8,18,0.17791670281754332,0.18468431281748346,0.19951509095667605,0.32,0.02,0.02
LOCAL_PULSE_REVERT,0.55,18,8,128,0.16273297754411478,0.17707438422785235,0.2629353714225884,0.04,0.02,0.0
LOCAL_PULSE_REVERT,0.8,18,8,128,0.17183051139098154,0.1768270316033348,0.17839406181424247,0.24,0.08,0.06
LOCAL_PULSE_REVERT,0.8,18,8,128,0.16034727616865666,0.1712892647349469,0.21843829769373144,0.18,0.14,0.1
LOCAL_PULSE_REVERT,0.8,18,18,128,0.16729177307025656,0.14534904585632816,0.15793592886134125,0.1,0.1,0.06
LOCAL_PULSE_REVERT,0.8,18,8,18,0.16154533914889493,0.193869130816988,0.22099731231687517,0.12,0.06,0.12
LOCAL_PULSE_REVERT,0.8,18,8,18,0.1677358056700541,0.1819763245654104,0.18607544612784252,0.08,0.02,0.04
LOCAL_PULSE_REVERT,0.8,18,18,18,0.21212947897596685,0.20039464743044946,0.2029685523740704,0.26,0.02,0.12
LOCAL_PULSE_REVERT,0.8,18,18,8,0.22883256876658148,0.16658540797019164,0.19808345392582277,0.04,0.2,0.04
LOCAL_PULSE_REVERT,0.8,18,18,8,0.1857362763356296,0.15672144632602267,0.18597536454923713,0.02,0.02,0.02
LOCAL_PULSE_REVERT,0.8,18,8,18,0.19647940556366628,0.2724136217865493,0.2670454419365067,0.52,0.12,0.12
LOCAL_PULSE_REVERT,0.8,18,8,128,0.17715954693543534,0.19026724799404132,0.2844840861057439,0.2,0.16,0.1
LOCAL_PULSE_REVERT,0.8,18,18,18,0.19449199258830982,0.1687378353637151,0.18044586003121083,0.18,0.04,0.18
LOCAL_PULSE_REVERT,0.8,18,8,8,0.18778587399802757,0.19871501830705288,0.2074143737212421,0.06,0.18,0.2
LOCAL_PULSE_REVERT,0.8,18,18,128,0.21632974562760024,0.1717811815904064,0.2708694517085615,0.48,0.48,0.04
LOCAL_PULSE_REVERT,0.8,18,18,8,0.20794419225370378,0.16234312856524594,0.19323431293517881,0.12,0.14,0.14
LOCAL_PULSE_REVERT,0.8,18,18,128,0.20216080420078833,0.19165330999888022,0.20791572112627243,0.14,0.08,0.0
LOCAL_PULSE_REVERT,0.8,18,128,18,0.20904731714972477,0.20128520971429423,0.19922746982430584,0.24,0.08,0.1
LOCAL_PULSE_REVERT,0.8,18,8,18,0.1987935313595487,0.20090866262569124,0.23753841466807693,0.32,0.12,0.12
LOCAL_PULSE_REVERT,0.8,18,18,18,0.183333718212852,0.16016049153184492,0.16055865345733544,0.1,0.08,0.1
LOCAL_PULSE_REVERT,0.8,18,18,18,0.18285080674142942,0.18276377048303621,0.18390176127484978,0.22,0.18,0.2
LOCAL_PULSE_REVERT,0.8,18,18,8,0.18225320943626475,0.15383758902853498,0.24476183828909331,0.12,0.12,0.2
LOCAL_PULSE_REVERT,0.8,18,8,18,0.17621833786467295,0.1789029542810872,0.20015855492561127,0.14,0.04,0.06
LOCAL_PULSE_REVERT,0.8,18,18,128,0.17742436179027332,0.17627399791503925,0.18399434089211122,0.18,0.1,0.02
LOCAL_PULSE_REVERT,0.8,18,8,18,0.1666331935215873,0.18147056073768775,0.23076005060559215,0.36,0.02,0.04
LOCAL_PULSE_REVERT,0.8,18,18,18,0.19878429857576185,0.18795837514163788,0.18878001672051944,0.28,0.08,0.1
STATIONARY,0.0,128,18,18,0.18607252489099163,0.1787653733779716,0.19680200577242427,0.12,0.02,0.04
STATIONARY,0.0,128,128,8,0.1850539409808129,0.16650912285040753,0.16536484344583294,0.02,0.02,0.02
STATIONARY,0.0,128,18,128,0.16928028787853433,0.16609183879491077,0.2634509807028794,0.14,0.14,0.04
STATIONARY,0.0,128,8,128,0.15804216728173492,0.17288642717486596,0.22310311738548563,0.48,0.2,0.06
STATIONARY,0.0,128,18,8,0.17872625920653465,0.1742598323714333,0.18744993268787763,0.0,0.0,0.0
STATIONARY,0.0,128,8,18,0.18024307325874078,0.1902126887003993,0.21655529349197866,0.06,0.04,0.04
STATIONARY,0.0,128,18,128,0.16388478049064786,0.14586926557167637,0.17310379844246293,0.16,0.14,0.06
STATIONARY,0.0,128,8,128,0.1910297621820588,0.19588207666658056,0.19831418472967088,0.16,0.02,0.0
SINGLE_SHIFT,0.3,2,18,8,0.179859924059546,0.1594712903094898,0.16458634206279313,0.12,0.12,0.12
SINGLE_SHIFT,0.3,2,18,128,0.16251866536491086,0.1425807243846497,0.20509118478464,0.6,0.52,0.32
SINGLE_SHIFT,0.3,2,18,128,0.18784553642168003,0.14187984484073388,0.2206334288257289,0.14,0.14,0.1
SINGLE_SHIFT,0.3,2,18,8,0.1665148944859976,0.1599346497096864,0.16123818752660296,0.2,0.38,0.4
SINGLE_SHIFT,0.3,2,18,8,0.18102074530093573,0.16770980490022844,0.1709981659761797,0.0,0.0,0.0
SINGLE_SHIFT,0.3,2,8,8,0.21645327018326455,0.2275933394579529,0.22501160655042565,0.3,0.48,0.38
SINGLE_SHIFT,0.3,2,18,8,0.22361421797627357,0.1762509142022203,0.20358778698159108,0.16,0.16,0.18
SINGLE_SHIFT,0.3,2,18,8,0.2221234087746627,0.20333327810126936,0.21851673539865957,0.3,0.36,0.42
SINGLE_SHIFT,0.3,4,8,8,0.16467317214839694,0.20743602134779518,0.23254027031599803,0.04,0.12,0.14
SINGLE_SHIFT,0.3,4,18,128,0.19320845549690527,0.1901052608740128,0.19422564442930929,0.48,0.32,0.3
SINGLE_SHIFT,0.3,4,18,18,0.18585663596319532,0.18150221037849262,0.18870950667096537,0.14,0.1,0.12
SINGLE_SHIFT,0.3,4,18,8,0.18732624363103548,0.1580382627458283,0.16154449787640213,0.48,0.52,0.48
SINGLE_SHIFT,0.3,4,18,8,0.18000989531306627,0.1536677433161698,0.20741562980989753,0.0,0.0,0.0
SINGLE_SHIFT,0.3,4,18,128,0.17141404830099086,0.1499246955642636,0.1793057343752584,0.46,0.36,0.3
SINGLE_SHIFT,0.3,4,18,8,0.2329822711065637,0.21665871512761975,0.25672156055807877,0.1,0.16,0.16
SINGLE_SHIFT,0.3,4,8,8,0.22890145715704757,0.2371800561138282,0.2507623814589402,0.06,0.3,0.36
SINGLE_SHIFT,0.3,6,18,18,0.17286423530783468,0.14679025028182147,0.23597442877388053,0.08,0.0,0.12
SINGLE_SHIFT,0.3,6,8,8,0.19039617178150114,0.22240103276051254,0.22172022103149794,0.02,0.3,0.26
SINGLE_SHIFT,0.3,6,8,18,0.1714916125523933,0.19112565426009023,0.24699891745948582,0.3,0.08,0.12
SINGLE_SHIFT,0.3,6,18,8,0.17772604131453704,0.17226908359918508,0.17595950518901704,0.24,0.44,0.48
SINGLE_SHIFT,0.3,6,8,18,0.16203080488798435,0.17392326182180912,0.23147917557708775,0.32,0.0,0.0
SINGLE_SHIFT,0.3,6,18,18,0.1824566021358727,0.14750637757469293,0.19392040632915838,0.34,0.3,0.5
SINGLE_SHIFT,0.3,6,18,8,0.17006443879852676,0.1597548201386343,0.16125079533977227,0.16,0.16,0.16
SINGLE_SHIFT,0.3,6,18,8,0.1712520626599834,0.14998328467688601,0.2307724505431927,0.04,0.1,0.42
SINGLE_SHIFT,0.3,8,8,8,0.1847729596847942,0.21677842386060514,0.21812498169289676,0.12,0.14,0.14
SINGLE_SHIFT,0.3,8,18,8,0.1788411668022983,0.1724629464743022,0.18023325021999673,0.02,0.4,0.3
SINGLE_SHIFT,0.3,8,8,8,0.16737220838756234,0.18251226078143182,0.2223985897251722,0.1,0.1,0.12
SINGLE_SHIFT,0.3,8,18,18,0.23084841726013505,0.1856774437158721,0.20427397228929886,0.46,0.16,0.38
SINGLE_SHIFT,0.3,8,8,8,0.18625512332059688,0.19826449557835565,0.20505899325384078,0.0,0.0,0.0
SINGLE_SHIFT,0.3,8,18,128,0.19119430244404473,0.15017207286681505,0.16525778265855331,0.38,0.56,0.36
SINGLE_SHIFT,0.3,8,8,8,0.17013078253531985,0.17420434464771106,0.1775271882342493,0.14,0.16,0.16
SINGLE_SHIFT,0.3,8,8,18,0.16102795977492237,0.21624960449552644,0.31125736072436144,0.14,0.06,0.22
SINGLE_SHIFT,0.3,12,18,128,0.17750220402966158,0.14086411815962524,0.2820220455033459,0.34,0.2,0.12
SINGLE_SHIFT,0.3,12,18,8,0.16802508480765097,0.16456579118806908,0.20133082549048426,0.02,0.1,0.34
SINGLE_SHIFT,0.3,12,8,8,0.19953424999711622,0.21559500819114086,0.21959584234069268,0.14,0.14,0.14
SINGLE_SHIFT,0.3,12,18,18,0.18778128199233798,0.15718000003720212,0.173753191065151,0.2,0.18,0.36
SINGLE_SHIFT,0.3,12,18,128,0.18741632194631752,0.14517768367294168,0.25596348226345805,0.22,0.2,0.0
SINGLE_SHIFT,0.3,12,18,8,0.17855607756544806,0.15223972070546868,0.1975521880467401,0.18,0.26,0.38
SINGLE_SHIFT,0.3,12,8,8,0.2000111793421944,0.20983781032220988,0.24513636037506673,0.12,0.14,0.16
SINGLE_SHIFT,0.3,12,8,8,0.19101784973497585,0.19650143811478415,0.1959181259352531,0.24,0.38,0.36
SINGLE_SHIFT,0.3,18,18,18,0.21242019836528,0.16779845463192564,0.27092285595112064,0.12,0.08,0.12
SINGLE_SHIFT,0.3,18,18,18,0.19453186329124514,0.16281987440354637,0.20564195549817663,0.24,0.22,0.42
SINGLE_SHIFT,0.3,18,18,128,0.1852957261767483,0.14136540704253134,0.24549961943379772,0.16,0.18,0.12
SINGLE_SHIFT,0.3,18,18,18,0.18520586073635895,0.16743793800272325,0.17337574816407506,0.48,0.38,0.48
SINGLE_SHIFT,0.3,18,18,8,0.2078662533314482,0.16192587283482066,0.1984931778761613,0.0,0.0,0.0
SINGLE_SHIFT,0.3,18,8,8,0.16687707628547147,0.22489435843769762,0.2756006975500526,0.06,0.24,0.36
SINGLE_SHIFT,0.3,18,18,8,0.225753992991994,0.1655753054435574,0.23095381846688295,0.1,0.12,0.16
SINGLE_SHIFT,0.3,18,18,8,0.1969877005555371,0.14837619832218146,0.2245525068264374,0.04,0.06,0.34
SINGLE_SHIFT,0.3,24,18,8,0.2213989939712422,0.16923958055855928,0.253319169260658,0.0,0.02,0.12
SINGLE_SHIFT,0.3,24,18,18,0.1929929560188719,0.15033851774125323,0.19405289043016802,0.1,0.02,0.34
SINGLE_SHIFT,0.3,24,18,18,0.19694480165581713,0.16740425347706753,0.17455544945667914,0.1,0.08,0.1
SINGLE_SHIFT,0.3,24,8,8,0.17018260241468663,0.17691336570196195,0.23634062100857456,0.04,0.18,0.48
SINGLE_SHIFT,0.3,24,18,128,0.17844850256306932,0.13840801852736317,0.23309737465646507,0.14,0.12,0.0
SINGLE_SHIFT,0.3,24,18,8,0.17505745923990076,0.1667554321150716,0.16954898456845383,0.12,0.3,0.2
SINGLE_SHIFT,0.3,24,18,8,0.20494669789567818,0.1602342511808261,0.18729923414673955,0.14,0.16,0.14
SINGLE_SHIFT,0.3,24,18,18,0.1905460952582901,0.16004253748540306,0.1640620873205762,0.34,0.24,0.3
SINGLE_SHIFT,0.3,36,18,128,0.16685108861423137,0.14034185761489373,0.2699688056647154,0.36,0.24,0.12
SINGLE_SHIFT,0.3,36,8,18,0.18747843211772477,0.22425266483365927,0.22981474206790137,0.6,0.22,0.22
SINGLE_SHIFT,0.3,36,18,18,0.19143251995909735,0.1860620720318544,0.23780670177796984,0.26,0.08,0.12
SINGLE_SHIFT,0.3,36,18,8,0.18903545233778604,0.1541968071691848,0.21924576795681852,0.04,0.04,0.36
SINGLE_SHIFT,0.3,36,18,18,0.20822380015486372,0.19052741210257826,0.2164430563076474,0.06,0.0,0.0
SINGLE_SHIFT,0.3,36,18,18,0.19582428534006568,0.15211260077746366,0.21472745869036308,0.1,0.02,0.32
SINGLE_SHIFT,0.3,36,18,18,0.23312207604505158,0.17538753665481163,0.22815547861990212,0.16,0.04,0.16
SINGLE_SHIFT,0.3,36,18,18,0.23623945968561624,0.1807420891241905,0.24203586502214727,0.12,0.06,0.26
SINGLE_SHIFT,0.3,48,8,18,0.174370822312219,0.1801279494309721,0.22275094131185152,0.12,0.04,0.12
SINGLE_SHIFT,0.3,48,18,8,0.1780658558716509,0.16757325424210412,0.19435449986537212,0.02,0.1,0.3
SINGLE_SHIFT,0.3,48,18,8,0.19514482817028894,0.18252518093765208,0.19325209965969625,0.08,0.1,0.12
SINGLE_SHIFT,0.3,48,8,128,0.18045924969954155,0.19334916959332962,0.20178625596002375,0.56,0.42,0.36
SINGLE_SHIFT,0.3,48,18,8,0.18728006110441664,0.16765003296412767,0.1750203794633072,0.0,0.0,0.0
SINGLE_SHIFT,0.3,48,18,8,0.16839009625147366,0.16814657335436176,0.16958656481101428,0.12,0.28,0.2
SINGLE_SHIFT,0.3,48,18,18,0.197087406866093,0.16454566413213603,0.1816706240495642,0.16,0.1,0.14
SINGLE_SHIFT,0.3,48,18,128,0.19617134084899998,0.1648776566621618,0.17608622205852137,0.34,0.34,0.22
SINGLE_SHIFT,0.55,2,18,128,0.20313420564714071,0.16399855718725942,0.17793282078328482,0.16,0.16,0.14
SINGLE_SHIFT,0.55,2,18,128,0.16663769440198395,0.15658998435769902,0.19026176274814327,0.66,0.66,0.56
SINGLE_SHIFT,0.55,2,8,18,0.16731875466239696,0.1835255719284106,0.20479705243114774,0.16,0.14,0.14
SINGLE_SHIFT,0.55,2,128,8,0.2495238891132895,0.25359395708432836,0.24791872608729248,0.52,0.62,0.6
SINGLE_SHIFT,0.55,2,8,8,0.1666308033567328,0.18418213381247217,0.2102534133778199,0.0,0.02,0.02
SINGLE_SHIFT,0.55,2,18,18,0.22205555379751454,0.18162353628064343,0.19930564244873655,0.58,0.38,0.58
SINGLE_SHIFT,0.55,2,8,8,0.17472787779410287,0.18464641622259584,0.18763556083377889,0.16,0.18,0.18
SINGLE_SHIFT,0.55,2,18,18,0.22657578546631596,0.1804477865896217,0.19069332159578825,0.66,0.6,0.62
SINGLE_SHIFT,0.55,4,8,8,0.1598672653100979,0.19448604064717492,0.24750296134999056,0.08,0.14,0.16
SINGLE_SHIFT,0.55,4,18,18,0.22037702486866118,0.1935524573119326,0.19378734968457006,0.68,0.66,0.66
SINGLE_SHIFT,0.55,4,8,18,0.1853068991507357,0.2196329543747119,0.29979003058021886,0.14,0.12,0.14
SINGLE_SHIFT,0.55,4,8,8,0.20540175074699668,0.23981628635015334,0.28038261215361887,0.2,0.52,0.6
SINGLE_SHIFT,0.55,4,8,8,0.23555381245955362,0.26928018890020733,0.29732714382994446,0.0,0.02,0.04
SINGLE_SHIFT,0.55,4,18,8,0.26124567062029347,0.23693950532501773,0.3080628519741699,0.34,0.56,0.68
SINGLE_SHIFT,0.55,4,18,8,0.16077740023419038,0.15918471414265584,0.18956035616731592,0.16,0.18,0.18
SINGLE_SHIFT,0.55,4,18,18,0.19748120335050223,0.15177071531351372,0.19809991945873645,0.6,0.46,0.62
SINGLE_SHIFT,0.55,6,18,8,0.18328864544862242,0.1447165159701007,0.2094799343790873,0.12,0.12,0.14
SINGLE_SHIFT,0.55,6,8,8,0.1718087285002608,0.27011125716963275,0.3759842445981701,0.12,0.38,0.66
SINGLE_SHIFT,0.55,6,8,8,0.15369312865609486,0.21662936989289483,0.2727782900219278,0.02,0.14,0.14
SINGLE_SHIFT,0.55,6,18,8,0.20588325857481288,0.1757190111855794,0.19564232179748528,0.56,0.58,0.62
SINGLE_SHIFT,0.55,6,18,8,0.20469706376645425,0.17287389189603963,0.18230115343365166,0.02,0.04,0.04
SINGLE_SHIFT,0.55,6,8,8,0.17415521296788933,0.17652181465333458,0.19515542769625346,0.54,0.66,0.66
SINGLE_SHIFT,0.55,6,18,8,0.2618243411522571,0.21479855430047393,0.21731664197065897,0.18,0.22,0.18
SINGLE_SHIFT,0.55,6,8,8,0.18254034776269978,0.18261709585787594,0.2633847952812141,0.36,0.52,0.64
SINGLE_SHIFT,0.55,8,8,8,0.18157769477046282,0.2357717252436963,0.2965705146083851,0.08,0.12,0.14
SINGLE_SHIFT,0.55,8,8,8,0.17067930319369512,0.1798681256357826,0.18826950925203437,0.5,0.6,0.66
SINGLE_SHIFT,0.55,8,18,8,0.21602001116912256,0.21099061165506974,0.22432992501499302,0.14,0.14,0.14
SINGLE_SHIFT,0.55,8,8,8,0.1772588075354352,0.20482103852929678,0.25267843872009493,0.18,0.48,0.58
SINGLE_SHIFT,0.55,8,8,18,0.15265095286348118,0.3039985868255092,0.3532743963661402,0.32,0.04,0.04
SINGLE_SHIFT,0.55,8,18,8,0.18923191369417786,0.17039585995719567,0.2093583855417834,0.34,0.34,0.52
SINGLE_SHIFT,0.55,8,8,8,0.159823630882366,0.18493426656127324,0.23713985788016884,0.1,0.16,0.18
SINGLE_SHIFT,0.55,8,8,8,0.17296054094823637,0.1926506433517194,0.2541935595259751,0.22,0.46,0.62
SINGLE_SHIFT,0.55,12,8,8,0.16758016062963754,0.21875258501159586,0.32075969646889885,0.1,0.12,0.16
SINGLE_SHIFT,0.55,12,18,8,0.1846435582588246,0.16469699059631415,0.22842097342847234,0.4,0.48,0.66
SINGLE_SHIFT,0.55,12,18,8,0.19706294394146448,0.15004527054348954,0.2544907506510484,0.06,0.08,0.14
SINGLE_SHIFT,0.55,12,18,8,0.19757902286641824,0.16079148062953771,0.29766879550443814,0.18,0.18,0.62
SINGLE_SHIFT,0.55,12,8,18,0.18370497396181867,0.23579364818244802,0.3247729355133456,0.42,0.0,0.02
SINGLE_SHIFT,0.55,12,8,8,0.15984604618508863,0.18119740780580795,0.2727737904614743,0.08,0.34,0.68
SINGLE_SHIFT,0.55,12,8,18,0.17449372551807507,0.2063914819325248,0.39732431397975804,0.46,0.02,0.22
SINGLE_SHIFT,0.55,12,18,8,0.16670186507679802,0.13994479492354941,0.2718601324327015,0.06,0.16,0.62
SINGLE_SHIFT,0.55,18,18,8,0.18691426708795722,0.14701814768113233,0.3132197878561346,0.0,0.08,0.16
SINGLE_SHIFT,0.55,18,18,18,0.16590780662527577,0.15434664545470916,0.37039327996728805,0.12,0.08,0.62
SINGLE_SHIFT,0.55,18,18,8,0.23308376354048838,0.15262334994005478,0.31217607271317743,0.08,0.38,0.14
SINGLE_SHIFT,0.55,18,18,8,0.19087904045031676,0.1589708987124381,0.2819037919825774,0.06,0.12,0.56
SINGLE_SHIFT,0.55,18,8,18,0.16606025757572493,0.20390790616304497,0.38410004273903825,0.48,0.0,0.04
SINGLE_SHIFT,0.55,18,18,8,0.196000822388256,0.14761915394393502,0.3592824850497654,0.06,0.06,0.56
SINGLE_SHIFT,0.55,18,18,128,0.19164289253214944,0.13460737041422877,0.2973394231550216,0.24,0.24,0.18
SINGLE_SHIFT,0.55,18,18,18,0.2101696612844383,0.15538801032957886,0.280189821472089,0.04,0.0,0.54
SINGLE_SHIFT,0.55,24,18,18,0.1813333946814821,0.13530248045290655,0.27686408276525565,0.06,0.0,0.14
SINGLE_SHIFT,0.55,24,18,18,0.17698418271566008,0.1502680158844339,0.3256783635702812,0.08,0.06,0.56
SINGLE_SHIFT,0.55,24,18,128,0.20630682023468735,0.14796066927962995,0.27879678017927906,0.38,0.26,0.14
SINGLE_SHIFT,0.55,24,8,8,0.17146527503527667,0.17812468682884813,0.230718381698371,0.18,0.44,0.54
SINGLE_SHIFT,0.55,24,8,18,0.1576902941531587,0.18172586072647015,0.2796828696420021,0.16,0.0,0.02
SINGLE_SHIFT,0.55,24,8,8,0.17166430486529757,0.2467002747519768,0.287923104903834,0.04,0.34,0.52
SINGLE_SHIFT,0.55,24,18,8,0.197830469409652,0.15481840356047788,0.2650862453611242,0.04,0.1,0.18
SINGLE_SHIFT,0.55,24,8,18,0.14903691473242434,0.18032915075334038,0.3935869501209022,0.14,0.1,0.54
SINGLE_SHIFT,0.55,36,18,8,0.20204399729473177,0.1508531625555894,0.2774932273304031,0.08,0.08,0.14
SINGLE_SHIFT,0.55,36,18,8,0.15656475636130143,0.14810776717021004,0.25432042587020104,0.04,0.04,0.5
SINGLE_SHIFT,0.55,36,18,18,0.19791580336507747,0.15575944642550682,0.20482068347364524,0.1,0.08,0.14
SINGLE_SHIFT,0.55,36,18,8,0.20582583764819584,0.13873602415585737,0.30568740350949813,0.08,0.1,0.48
SINGLE_SHIFT,0.55,36,18,128,0.19647839564493205,0.14569299944346734,0.2501878880595702,0.02,0.1,0.0
SINGLE_SHIFT,0.55,36,18,18,0.19838768931927817,0.14722857224380836,0.260534968590907,0.08,0.02,0.4
SINGLE_SHIFT,0.55,36,18,18,0.21864737083712313,0.1626646496905656,0.26660357978729327,0.16,0.04,0.18
SINGLE_SHIFT,0.55,36,18,18,0.17719111246842276,0.13181173273065366,0.24417588262190354,0.16,0.1,0.56
SINGLE_SHIFT,0.55,48,18,8,0.18172937497651803,0.14060437589253122,0.24580783069429643,0.02,0.06,0.14
SINGLE_SHIFT,0.55,48,18,8,0.19544129322074663,0.14923551632173992,0.2385630534361719,0.02,0.08,0.38
SINGLE_SHIFT,0.55,48,18,128,0.2006879018097742,0.14182402562239907,0.2889053856322237,0.2,0.32,0.14
SINGLE_SHIFT,0.55,48,18,18,0.18085908256244582,0.14542558174740605,0.2102289859078048,0.26,0.24,0.48
SINGLE_SHIFT,0.55,48,8,18,0.16876819765500287,0.17201344407011457,0.23661951785312013,0.02,0.0,0.0
SINGLE_SHIFT,0.55,48,18,8,0.17447530652026563,0.16905762790857465,0.22031156549955705,0.16,0.3,0.48
SINGLE_SHIFT,0.55,48,18,128,0.1754428714215802,0.14558883164475128,0.2562759950237175,0.28,0.2,0.16
SINGLE_SHIFT,0.55,48,18,8,0.18158216189540322,0.14384042314811538,0.2711276134627371,0.02,0.02,0.42
SINGLE_SHIFT,0.8,2,18,8,0.24103812551495313,0.20526197550248856,0.2109497816595985,0.16,0.16,0.16
SINGLE_SHIFT,0.8,2,18,8,0.2196422825201534,0.19403290909490012,0.2402792757232536,0.66,0.66,0.7
SINGLE_SHIFT,0.8,2,18,8,0.19743840160602402,0.18356493381747682,0.20740852261115206,0.14,0.14,0.16
SINGLE_SHIFT,0.8,2,8,8,0.17031766802596465,0.29238204598528017,0.3121650941748353,0.18,0.66,0.68
SINGLE_SHIFT,0.8,2,8,8,0.2341614445540694,0.3488599022595568,0.4020937889569433,0.0,0.04,0.04
SINGLE_SHIFT,0.8,2,8,8,0.18734379934609957,0.1878777951245963,0.23012938624988777,0.56,0.68,0.68
SINGLE_SHIFT,0.8,2,18,128,0.18768789389169138,0.15148350466224764,0.1739756365482686,0.24,0.24,0.22
SINGLE_SHIFT,0.8,2,18,8,0.20469795330223142,0.18132737572201418,0.18220886237910822,0.68,0.68,0.68
SINGLE_SHIFT,0.8,4,8,8,0.21747828279140113,0.22456597903263434,0.22228779675439292,0.14,0.16,0.16
SINGLE_SHIFT,0.8,4,18,8,0.22562641307361045,0.1748481535703678,0.22329810631377095,0.66,0.66,0.68
SINGLE_SHIFT,0.8,4,18,8,0.18032826096418386,0.15328417970237807,0.16072469347905424,0.14,0.14,0.16
SINGLE_SHIFT,0.8,4,18,8,0.18270592688191484,0.17170752386981064,0.2695756097700777,0.48,0.54,0.68
SINGLE_SHIFT,0.8,4,8,8,0.24705929773038665,0.28596853185998056,0.34004856625006,0.0,0.04,0.04
SINGLE_SHIFT,0.8,4,8,8,0.1654730661097167,0.21337324280411712,0.22373799693879146,0.54,0.68,0.68
SINGLE_SHIFT,0.8,4,8,8,0.16387298285524796,0.22657621817472032,0.2328630514292445,0.16,0.22,0.22
SINGLE_SHIFT,0.8,4,8,8,0.26445083529386243,0.3043180965735989,0.28829354106617944,0.56,0.68,0.68
SINGLE_SHIFT,0.8,6,8,18,0.18247064591912637,0.23738387657229856,0.422633538613829,0.24,0.12,0.16
SINGLE_SHIFT,0.8,6,8,8,0.16805188410881927,0.20909494891607758,0.284024749214132,0.42,0.66,0.68
SINGLE_SHIFT,0.8,6,8,8,0.15314941947141655,0.22516337007304518,0.3487840696567015,0.14,0.14,0.14
SINGLE_SHIFT,0.8,6,8,8,0.1696155563584029,0.18753896643543622,0.2839045935776979,0.46,0.58,0.68
SINGLE_SHIFT,0.8,6,8,18,0.184409386122847,0.3036923050105182,0.3727803537446516,0.2,0.02,0.04
SINGLE_SHIFT,0.8,6,8,8,0.20183147954548825,0.2955916621525379,0.2946813476669126,0.3,0.68,0.68
SINGLE_SHIFT,0.8,6,8,8,0.18100747410331328,0.25783751887729023,0.29264299684498957,0.16,0.22,0.24
SINGLE_SHIFT,0.8,6,8,8,0.15926477572952152,0.17454534578671085,0.27379740338845215,0.16,0.42,0.64
SINGLE_SHIFT,0.8,8,8,18,0.1574690219404743,0.21677914745597174,0.3513096023674875,0.14,0.12,0.16
SINGLE_SHIFT,0.8,8,8,8,0.15157280943643922,0.2745401985702618,0.3790398288880155,0.08,0.6,0.68
SINGLE_SHIFT,0.8,8,8,18,0.1542402610939409,0.24878293579544689,0.36470788405515314,0.46,0.14,0.14
SINGLE_SHIFT,0.8,8,8,8,0.17412005939468342,0.18592600103118279,0.26274470822239576,0.28,0.56,0.66
SINGLE_SHIFT,0.8,8,8,18,0.1525291496692642,0.2125652383674671,0.35141193765468387,0.16,0.0,0.04
SINGLE_SHIFT,0.8,8,8,8,0.15195295081594376,0.2091271372522287,0.313905783609476,0.04,0.34,0.68
SINGLE_SHIFT,0.8,8,8,8,0.2006427352956303,0.23109572910529283,0.3233420247780194,0.16,0.18,0.22
SINGLE_SHIFT,0.8,8,8,8,0.16576257844308767,0.25589022774748266,0.35472758626583023,0.0,0.56,0.68
SINGLE_SHIFT,0.8,12,8,8,0.174169155997505,0.1771033187870404,0.2924454200290319,0.12,0.12,0.16
SINGLE_SHIFT,0.8,12,18,8,0.21094953332012464,0.1904861230401141,0.2675525754994961,0.58,0.6,0.68
SINGLE_SHIFT,0.8,12,18,8,0.18857358989898576,0.16520945369840678,0.29398958727794533,0.08,0.12,0.14
SINGLE_SHIFT,0.8,12,8,8,0.19034051942285451,0.24636018338979515,0.33595602344703746,0.18,0.56,0.68
SINGLE_SHIFT,0.8,12,18,128,0.1979443398521566,0.16322340905829233,0.4080526828684303,0.28,0.06,0.04
SINGLE_SHIFT,0.8,12,8,8,0.17097767615904708,0.21413359603197846,0.3568140300977287,0.04,0.38,0.68
SINGLE_SHIFT,0.8,12,8,18,0.17362970866786082,0.2087589473572952,0.4348062068001243,0.54,0.02,0.22
SINGLE_SHIFT,0.8,12,8,8,0.1786051971594289,0.18857228711855242,0.29531252424595933,0.3,0.52,0.68
SINGLE_SHIFT,0.8,18,18,8,0.23417371308289098,0.1451081529381926,0.4101732781638678,0.1,0.28,0.16
SINGLE_SHIFT,0.8,18,8,8,0.17298777045903824,0.18237983251986167,0.38507359576352895,0.08,0.1,0.66
SINGLE_SHIFT,0.8,18,18,128,0.18608968752762134,0.1346173720472458,0.3984456204314927,0.42,0.3,0.14
SINGLE_SHIFT,0.8,18,18,8,0.18549192549688648,0.16749958199606568,0.3283838851720558,0.06,0.2,0.66
SINGLE_SHIFT,0.8,18,18,8,0.197265523579083,0.1408842031742589,0.3096886108971466,0.0,0.0,0.04
SINGLE_SHIFT,0.8,18,18,8,0.21335707737658485,0.1388121684992546,0.37122419036811105,0.02,0.04,0.68
SINGLE_SHIFT,0.8,18,18,8,0.23198682217826055,0.14874088542277636,0.34928405939724466,0.16,0.22,0.22
SINGLE_SHIFT,0.8,18,18,8,0.17379180344832962,0.14452224850706766,0.330151614848088,0.12,0.24,0.68
SINGLE_SHIFT,0.8,24,18,18,0.21804096014805308,0.1546788892678634,0.29169666400050925,0.12,0.06,0.16
SINGLE_SHIFT,0.8,24,18,18,0.20800577157608346,0.14845124658437336,0.3049434096022633,0.1,0.02,0.66
SINGLE_SHIFT,0.8,24,18,8,0.2001168428391689,0.1488996734776343,0.28428437725607325,0.12,0.12,0.14
SINGLE_SHIFT,0.8,24,18,18,0.19795410221262985,0.135767896003179,0.31278698787319487,0.2,0.12,0.66
SINGLE_SHIFT,0.8,24,18,128,0.1865642937118906,0.1442199596912837,0.4026394928352064,0.48,0.32,0.04
SINGLE_SHIFT,0.8,24,18,8,0.19064644350702323,0.137284607836065,0.41736888403835837,0.06,0.06,0.68
SINGLE_SHIFT,0.8,24,18,18,0.17285301877489398,0.13822735330065133,0.34479024997446767,0.14,0.12,0.22
SINGLE_SHIFT,0.8,24,18,8,0.19073617904075227,0.15101428424908128,0.3367636100006252,0.02,0.04,0.64
SINGLE_SHIFT,0.8,36,18,8,0.18187602321392657,0.13457787476496824,0.30368272944944485,0.0,0.06,0.16
SINGLE_SHIFT,0.8,36,18,18,0.190335420595245,0.13518353335996963,0.26869817078016134,0.3,0.1,0.66
SINGLE_SHIFT,0.8,36,18,18,0.24832776706684023,0.17092605829951465,0.28934036223031195,0.08,0.02,0.14
SINGLE_SHIFT,0.8,36,18,8,0.19172465486868076,0.13010627979201378,0.36432968824361406,0.06,0.08,0.66
SINGLE_SHIFT,0.8,36,18,8,0.1752983434611693,0.13737727962869267,0.26329663244599893,0.0,0.0,0.04
SINGLE_SHIFT,0.8,36,18,18,0.20642812434273766,0.14171380585067408,0.2796964941559847,0.16,0.0,0.64
SINGLE_SHIFT,0.8,36,18,18,0.16916033267004787,0.13730058606886542,0.335008231249001,0.24,0.04,0.22
SINGLE_SHIFT,0.8,36,18,18,0.20166651487434636,0.14426794250413716,0.2544831048603146,0.4,0.1,0.62
SINGLE_SHIFT,0.8,48,18,8,0.21107370519092628,0.14482647281626215,0.3353651646137071,0.1,0.22,0.14
SINGLE_SHIFT,0.8,48,18,8,0.17776441201581655,0.13743738943080092,0.2867106176551878,0.04,0.04,0.66
SINGLE_SHIFT,0.8,48,18,18,0.21111369661134832,0.14732639103204218,0.3071309215718557,0.08,0.04,0.14
SINGLE_SHIFT,0.8,48,18,8,0.21015538639064243,0.16474078451308713,0.2991868064221904,0.06,0.06,0.48
SINGLE_SHIFT,0.8,48,18,8,0.21951956432304728,0.15845419168054756,0.28537194589162534,0.0,0.0,0.04
SINGLE_SHIFT,0.8,48,8,8,0.16107064645090194,0.16830717468351672,0.2968528817146443,0.04,0.16,0.64
SINGLE_SHIFT,0.8,48,18,8,0.18382005706204652,0.14298250354757483,0.2134548739390272,0.16,0.16,0.18
SINGLE_SHIFT,0.8,48,18,18,0.1977751821297094,0.14527670135042017,0.26133135371973865,0.16,0.04,0.6
LOCAL_PULSE_REVERT,0.3,18,18,18,0.17163924346698234,0.17123999066155876,0.1713845220591151,0.12,0.06,0.08
LOCAL_PULSE_REVERT,0.3,18,8,128,0.15914114158514392,0.1795406298300281,0.18673811675598406,0.4,0.04,0.02
LOCAL_PULSE_REVERT,0.3,18,18,128,0.18368960759605946,0.171639534562177,0.17343924319861045,0.26,0.04,0.0
LOCAL_PULSE_REVERT,0.3,18,18,128,0.2265116396330663,0.19121728393845563,0.25713013666119716,0.46,0.38,0.04
LOCAL_PULSE_REVERT,0.3,18,18,8,0.17332621533142048,0.16233980392221997,0.17083238077503907,0.0,0.2,0.02
LOCAL_PULSE_REVERT,0.3,18,8,18,0.15813933485694723,0.21923810536484756,0.2308983857976859,0.06,0.02,0.02
LOCAL_PULSE_REVERT,0.3,18,18,18,0.18874834038578275,0.1644722767643069,0.16534994747426884,0.1,0.02,0.06
LOCAL_PULSE_REVERT,0.3,18,18,128,0.1746295029045966,0.15715799574159703,0.16912701903089,0.08,0.04,0.02
LOCAL_PULSE_REVERT,0.3,18,8,128,0.1624916458943069,0.17049581742696326,0.17355928092882358,0.18,0.04,0.02
LOCAL_PULSE_REVERT,0.3,18,18,128,0.1778842998940742,0.15620051494780043,0.20376484867533215,0.12,0.1,0.04
LOCAL_PULSE_REVERT,0.3,18,18,128,0.18878514227335494,0.1448486006835569,0.21626436277571975,0.32,0.38,0.08
LOCAL_PULSE_REVERT,0.3,18,8,18,0.21164835505772178,0.26999879543738975,0.28898136622939197,0.1,0.06,0.1
LOCAL_PULSE_REVERT,0.3,18,8,18,0.17195130897037839,0.19168146367507,0.2614146548237512,0.02,0.0,0.0
LOCAL_PULSE_REVERT,0.3,18,8,128,0.16797095856597416,0.18227720311751766,0.18517801120127939,0.34,0.1,0.06
LOCAL_PULSE_REVERT,0.3,18,8,18,0.1869668625395106,0.20109539624638942,0.20085475658601326,0.16,0.02,0.1
LOCAL_PULSE_REVERT,0.3,18,8,128,0.1584718384214149,0.20936264395235304,0.24126799490299103,0.48,0.04,0.02
LOCAL_PULSE_REVERT,0.3,18,18,18,0.20114871044025448,0.19480976279780704,0.20126925592033107,0.22,0.0,0.02
LOCAL_PULSE_REVERT,0.3,18,8,18,0.16732519120795922,0.19375753267584642,0.2015654361772296,0.1,0.04,0.04
LOCAL_PULSE_REVERT,0.3,18,18,8,0.20424370305391132,0.17157410295575087,0.17405178151335096,0.02,0.08,0.04
LOCAL_PULSE_REVERT,0.3,18,8,128,0.1746195124369431,0.1993428155812626,0.2096511672913179,0.48,0.18,0.14
LOCAL_PULSE_REVERT,0.3,18,18,128,0.18493726885037343,0.16770995722372625,0.2462235051907327,0.38,0.24,0.0
LOCAL_PULSE_REVERT,0.3,18,18,128,0.1873700011640011,0.16363325474227927,0.17400230728371383,0.04,0.04,0.02
LOCAL_PULSE_REVERT,0.3,18,18,128,0.17323553878062162,0.14386089152910653,0.19874632859241234,0.34,0.28,0.04
LOCAL_PULSE_REVERT,0.3,18,18,128,0.19264226751343164,0.15847230270996404,0.19436053987703208,0.26,0.24,0.04
LOCAL_PULSE_REVERT,0.55,18,18,18,0.1840244950140785,0.17108488159543747,0.17774316704837279,0.24,0.0,0.04
LOCAL_PULSE_REVERT,0.55,18,18,128,0.16982564748790557,0.16246901817305698,0.16737223423304876,0.1,0.06,0.04
LOCAL_PULSE_REVERT,0.55,18,8,18,0.15837545201281927,0.18667179003327014,0.22643749259194168,0.14,0.1,0.1
LOCAL_PULSE_REVERT,0.55,18,18,18,0.1923957998813715,0.17351911775325726,0.18894274687989537,0.16,0.04,0.06
LOCAL_PULSE_REVERT,0.55,18,8,128,0.16764540673269684,0.18170445116191808,0.24401818294057673,0.54,0.36,0.04
LOCAL_PULSE_REVERT,0.55,18,8,18,0.17469476478179075,0.19892378052022652,0.20615179924794935,0.34,0.02,0.02
LOCAL_PULSE_REVERT,0.55,18,8,128,0.16902424288713014,0.18403330716561425,0.19008520729020642,0.32,0.12,0.04
LOCAL_PULSE_REVERT,0.55,18,18,128,0.1800018673817295,0.1469291513590595,0.18772366239619828,0.28,0.24,0.04
LOCAL_PULSE_REVERT,0.55,18,8,128,0.17001502684620948,0.19517534411869358,0.2518547586209145,0.54,0.24,0.02
LOCAL_PULSE_REVERT,0.55,18,18,8,0.20239949782970237,0.18665422181716657,0.18869850858225398,0.06,0.14,0.06
LOCAL_PULSE_REVERT,0.55,18,8,18,0.17852392719114032,0.19851789571076578,0.20224011058026603,0.12,0.0,0.0
LOCAL_PULSE_REVERT,0.55,18,8,128,0.17409784815080348,0.22358427461523836,0.2541196550195073,0.58,0.36,0.16
LOCAL_PULSE_REVERT,0.55,18,8,18,0.1729165943051343,0.20141198340053468,0.20314627896960152,0.42,0.06,0.06
LOCAL_PULSE_REVERT,0.55,18,8,18,0.2084666384494303,0.23649467450531103,0.25329907622019926,0.06,0.02,0.04
LOCAL_PULSE_REVERT,0.55,18,18,18,0.1696169468916554,0.15194808157919815,0.15720121447521052,0.12,0.04,0.1
LOCAL_PULSE_REVERT,0.55,18,18,128,0.23821758147587707,0.18600058004030737,0.1934974527471965,0.04,0.16,0.02
LOCAL_PULSE_REVERT,0.55,18,8,8,0.16888583767867485,0.173925977515209,0.20093293563301637,0.12,0.12,0.12
LOCAL_PULSE_REVERT,0.55,18,18,18,0.21138533290176098,0.17649599194985371,0.20964649151851633,0.02,0.0,0.16
LOCAL_PULSE_REVERT,0.55,18,128,18,0.18391668921446075,0.1642866655444005,0.1629141951601039,0.02,0.0,0.0
LOCAL_PULSE_REVERT,0.55,18,18,8,0.18860267349962476,0.15933541707860246,0.1707053764769264,0.06,0.28,0.12
LOCAL_PULSE_REVERT,0.55,18,8,18,0.20893573047879216,0.22016701426158086,0.22644434011236841,0.04,0.0,0.0
LOCAL_PULSE_REVERT,0.55,18,18,128,0.1756580654857518,0.16264381771424957,0.18005163103555777,0.26,0.12,0.02
LOCAL_PULSE_REVERT,0.55,18,18,128,0.1776244585949182,0.1399092059952745,0.22604267028303118,0.36,0.34,0.1
LOCAL_PULSE_REVERT,0.55,18,18,128,0.1947842001749756,0.1582662366554793,0.1721780064961656,0.04,0.06,0.02
LOCAL_PULSE_REVERT,0.8,18,18,128,0.16849884880256763,0.16572088175426175,0.17475522217586748,0.12,0.12,0.02
LOCAL_PULSE_REVERT,0.8,18,18,18,0.17259323682167976,0.16379799629864078,0.1700375539156767,0.12,0.04,0.04
LOCAL_PULSE_REVERT,0.8,18,18,18,0.22422657231845583,0.18407536804648955,0.1876865730571764,0.04,0.02,0.08
LOCAL_PULSE_REVERT,0.8,18,8,128,0.1688745366967636,0.1831212635487845,0.22127993326125867,0.1,0.08,0.04
LOCAL_PULSE_REVERT,0.8,18,18,8,0.20181058321814074,0.15531072320453257,0.17559583234761203,0.0,0.0,0.0
LOCAL_PULSE_REVERT,0.8,18,18,128,0.1742444176846273,0.15073883933671037,0.1518346392562573,0.28,0.24,0.18
LOCAL_PULSE_REVERT,0.8,18,8,128,0.1739217668831621,0.19506058924822617,0.23344970725231223,0.52,0.16,0.06
LOCAL_PULSE_REVERT,0.8,18,18,128,0.22434522447984648,0.18046926745613553,0.20906275135129412,0.02,0.06,0.0
LOCAL_PULSE_REVERT,0.8,18,18,18,0.17054335522576874,0.15456659389867225,0.19454975876676317,0.12,0.02,0.12
LOCAL_PULSE_REVERT,0.8,18,18,128,0.18976805655287585,0.17447549339038676,0.18289045108528573,0.04,0.02,0.0
LOCAL_PULSE_REVERT,0.8,18,18,18,0.16679720232779613,0.15498415832356444,0.16164196132039532,0.08,0.04,0.08
LOCAL_PULSE_REVERT,0.8,18,18,128,0.22392064980550272,0.18346741471878827,0.24192648112546242,0.1,0.1,0.04
LOCAL_PULSE_REVERT,0.8,18,18,8,0.20601203225242415,0.17797901389865234,0.19016609083606814,0.0,0.28,0.0
LOCAL_PULSE_REVERT,0.8,18,18,18,0.1813733492896716,0.1525884871138545,0.16819708228115396,0.08,0.0,0.06
LOCAL_PULSE_REVERT,0.8,18,18,128,0.21758187069320856,0.16369408890430015,0.2414048528922796,0.24,0.46,0.12
LOCAL_PULSE_REVERT,0.8,18,128,18,0.19384454753456062,0.16900588266807273,0.1674883580900991,0.08,0.04,0.04
LOCAL_PULSE_REVERT,0.8,18,8,128,0.18551422906411955,0.18895206131251394,0.2002406005771017,0.36,0.12,0.08
LOCAL_PULSE_REVERT,0.8,18,18,8,0.1831248088463844,0.18250592651736253,0.1878765303285123,0.02,0.32,0.14
LOCAL_PULSE_REVERT,0.8,18,128,8,0.26143282750934405,0.2124132125989007,0.20899982373036918,0.04,0.1,0.1
LOCAL_PULSE_REVERT,0.8,18,18,18,0.18865226495068516,0.1828975729872864,0.18918575685440506,0.46,0.1,0.24
LOCAL_PULSE_REVERT,0.8,18,18,128,0.19885913791539567,0.15129827194450296,0.2260913609166706,0.42,0.52,0.06
LOCAL_PULSE_REVERT,0.8,18,8,8,0.1814413159790654,0.22060214694954336,0.22029486602643006,0.04,0.26,0.18
LOCAL_PULSE_REVERT,0.8,18,18,128,0.1687557653439014,0.13697026085630673,0.21509054276849257,0.46,0.42,0.04
LOCAL_PULSE_REVERT,0.8,18,8,18,0.17521124230989815,0.18211049011841,0.23195204215088694,0.08,0.0,0.1
STATIONARY,0.0,128,18,128,0.19003659114634944,0.17020135465572378,0.2559779705112536,0.44,0.24,0.04
STATIONARY,0.0,128,18,128,0.18739168850727106,0.15784342761571987,0.16653343199459789,0.1,0.16,0.08
STATIONARY,0.0,128,18,128,0.24560505837119473,0.21893782706830972,0.25369355366112456,0.36,0.2,0.0
STATIONARY,0.0,128,18,128,0.18318455211085033,0.16290075614389357,0.17842921516814284,0.06,0.06,0.0
STATIONARY,0.0,128,18,128,0.18802123069003437,0.1500458213374435,0.18859343410503887,0.1,0.12,0.08
STATIONARY,0.0,128,18,18,0.16628663470754895,0.15519224637595436,0.16970103936653008,0.24,0.02,0.06
STATIONARY,0.0,128,18,128,0.20988361328044586,0.1828482076145545,0.1975598828523043,0.06,0.12,0.02
STATIONARY,0.0,128,8,128,0.16314068689758476,0.1692724255624203,0.20835353463320272,0.52,0.32,0.0
SINGLE_SHIFT,0.3,2,18,8,0.17854592565728838,0.14704787801502828,0.15900053107202824,0.14,0.14,0.14
SINGLE_SHIFT,0.3,2,18,8,0.2099983750463874,0.19532168686813553,0.253804669201313,0.02,0.12,0.32
SINGLE_SHIFT,0.3,2,18,18,0.18291757880183768,0.17388816527821035,0.2833972945984161,0.26,0.0,0.18
SINGLE_SHIFT,0.3,2,8,8,0.16953331236636549,0.22058220827804426,0.24498516637259496,0.06,0.24,0.38
SINGLE_SHIFT,0.3,2,18,18,0.20170303853019003,0.17962254317377901,0.18512936362713805,0.14,0.12,0.14
SINGLE_SHIFT,0.3,2,18,8,0.18097760671025914,0.15769787080252293,0.16890405309762993,0.44,0.64,0.48
SINGLE_SHIFT,0.3,2,8,18,0.15732369452613904,0.20987657559216924,0.3151936478064531,0.46,0.04,0.12
SINGLE_SHIFT,0.3,2,18,8,0.16478273410054006,0.15395825698824264,0.17245497602390886,0.38,0.46,0.5
SINGLE_SHIFT,0.3,4,18,8,0.26019025404788365,0.20491502062007577,0.2539908514772132,0.0,0.1,0.14
SINGLE_SHIFT,0.3,4,18,8,0.19532572803275483,0.18301309490559578,0.21046277936500463,0.16,0.24,0.3
SINGLE_SHIFT,0.3,4,8,8,0.1788407297142229,0.17919850027889347,0.19992808928879285,0.18,0.18,0.18
SINGLE_SHIFT,0.3,4,18,8,0.1841558699673097,0.15719696021370938,0.1715987500147234,0.28,0.52,0.42
SINGLE_SHIFT,0.3,4,8,8,0.18254913522441507,0.1945507605679179,0.19914535555851587,0.08,0.12,0.12
SINGLE_SHIFT,0.3,4,18,8,0.2506319548067665,0.2197240543403743,0.2390284781264255,0.42,0.68,0.46
SINGLE_SHIFT,0.3,4,8,8,0.17054866072038097,0.2346387049124084,0.2399080932687185,0.06,0.14,0.14
SINGLE_SHIFT,0.3,4,18,128,0.18576412964560302,0.15069414442059137,0.17127653980492932,0.64,0.66,0.52
SINGLE_SHIFT,0.3,6,18,8,0.19613366931143564,0.18359759610225768,0.18397172645201884,0.14,0.14,0.14
SINGLE_SHIFT,0.3,6,18,8,0.18619458923351373,0.16800062092937537,0.17077116294186365,0.32,0.42,0.42
SINGLE_SHIFT,0.3,6,8,18,0.22847090371257875,0.2876577865467324,0.29508055632781444,0.24,0.18,0.18
SINGLE_SHIFT,0.3,6,18,18,0.1777032801545887,0.14445649756164397,0.1921771116071241,0.18,0.14,0.4
SINGLE_SHIFT,0.3,6,8,18,0.16745327407076044,0.1737786390909203,0.2786070821948372,0.28,0.02,0.12
SINGLE_SHIFT,0.3,6,8,8,0.1850994704395009,0.1985362860701452,0.224558665203449,0.0,0.24,0.28
SINGLE_SHIFT,0.3,6,8,8,0.16554000188198473,0.17849022253287208,0.19879342876176687,0.04,0.12,0.12
SINGLE_SHIFT,0.3,6,8,8,0.16804088931677486,0.2409977895135584,0.24222531013940543,0.04,0.52,0.5
SINGLE_SHIFT,0.3,8,8,8,0.182218721654115,0.23076998324773323,0.23247753807343058,0.02,0.14,0.14
SINGLE_SHIFT,0.3,8,8,8,0.17031009848312903,0.17413518267906927,0.1783529424678884,0.22,0.42,0.34
SINGLE_SHIFT,0.3,8,8,18,0.19838446613353783,0.20961987026456072,0.2123723588431092,0.2,0.18,0.18
SINGLE_SHIFT,0.3,8,18,18,0.19541400775402828,0.16081364908345108,0.20363134236072172,0.22,0.2,0.42
SINGLE_SHIFT,0.3,8,18,18,0.1845478213417718,0.14374158712329058,0.20741398828346233,0.08,0.02,0.12
SINGLE_SHIFT,0.3,8,18,18,0.2163186004034282,0.17321294705306592,0.2167745680631798,0.24,0.22,0.44
SINGLE_SHIFT,0.3,8,18,18,0.1796766194388525,0.14265371236708946,0.19703881080578792,0.02,0.0,0.12
SINGLE_SHIFT,0.3,8,18,18,0.17929878506666957,0.14710574028334866,0.17075155155201774,0.48,0.46,0.52
SINGLE_SHIFT,0.3,12,18,128,0.17755030965239038,0.13181482694781213,0.28300593650848815,0.36,0.28,0.14
SINGLE_SHIFT,0.3,12,18,8,0.17305997934718367,0.16249726783599897,0.24264852715302138,0.04,0.1,0.42
SINGLE_SHIFT,0.3,12,8,8,0.19500491516112098,0.1998358297121616,0.22185212001353116,0.16,0.18,0.18
SINGLE_SHIFT,0.3,12,18,8,0.16301173019698642,0.15426997523308744,0.18073416292586375,0.28,0.44,0.52
SINGLE_SHIFT,0.3,12,18,8,0.20487094459868493,0.16193207539781795,0.18097669075581566,0.12,0.14,0.12
SINGLE_SHIFT,0.3,12,18,18,0.26068672694289724,0.19070564124379705,0.21286479259118662,0.36,0.22,0.34
SINGLE_SHIFT,0.3,12,18,8,0.2096540502704765,0.15669626518924495,0.2776609533185879,0.04,0.04,0.14
SINGLE_SHIFT,0.3,12,18,18,0.26106243999075635,0.20416449054559482,0.20909593882143948,0.58,0.46,0.52
SINGLE_SHIFT,0.3,18,18,18,0.19611321646445035,0.1507726268231684,0.2240695712677349,0.06,0.0,0.14
SINGLE_SHIFT,0.3,18,18,18,0.18240107128573527,0.1494008821393689,0.17566562093507262,0.32,0.26,0.42
SINGLE_SHIFT,0.3,18,18,8,0.18390751126794133,0.1376842048963246,0.24247207159661932,0.02,0.04,0.18
SINGLE_SHIFT,0.3,18,18,18,0.23079287835497903,0.22135970161811652,0.2456955049090851,0.52,0.06,0.3
SINGLE_SHIFT,0.3,18,18,8,0.17644152359630216,0.14707723548365265,0.1918151510594731,0.08,0.1,0.12
SINGLE_SHIFT,0.3,18,18,8,0.2098554387235523,0.19163459081313092,0.2298312092393541,0.24,0.24,0.46
SINGLE_SHIFT,0.3,18,18,128,0.17985963790056492,0.1417956993098319,0.26577612223099834,0.32,0.22,0.12
SINGLE_SHIFT,0.3,18,18,18,0.18091396651841363,0.1490212590040109,0.18051972954127038,0.52,0.46,0.58
SINGLE_SHIFT,0.3,24,18,18,0.18426449182060098,0.14658023305245216,0.20757055125024734,0.06,0.04,0.14
SINGLE_SHIFT,0.3,24,18,8,0.18228261429900686,0.14861946123055214,0.27007614387544615,0.06,0.06,0.36
SINGLE_SHIFT,0.3,24,18,8,0.20958268355461332,0.1576788632756353,0.23394665407587553,0.02,0.26,0.18
SINGLE_SHIFT,0.3,24,18,8,0.18177533110738808,0.1569905678760269,0.27887257376051094,0.08,0.08,0.24
SINGLE_SHIFT,0.3,24,8,18,0.18439771359173793,0.210534663858691,0.32209120942476743,0.34,0.02,0.14
SINGLE_SHIFT,0.3,24,18,8,0.17420846946824164,0.13710446821231018,0.22352862418862046,0.0,0.0,0.38
SINGLE_SHIFT,0.3,24,18,8,0.21301389271318585,0.16966647112152836,0.22402358965142977,0.02,0.02,0.12
SINGLE_SHIFT,0.3,24,18,18,0.2001533131918927,0.17619837588302348,0.18334242782043525,0.52,0.18,0.46
SINGLE_SHIFT,0.3,36,18,8,0.19484298539697642,0.1611631856593486,0.2086828397188391,0.0,0.0,0.14
SINGLE_SHIFT,0.3,36,18,8,0.16831559019299558,0.1424724667621032,0.19326079287640546,0.02,0.02,0.24
SINGLE_SHIFT,0.3,36,8,8,0.19315693532711078,0.2065987750485512,0.22215605818937506,0.02,0.18,0.18
SINGLE_SHIFT,0.3,36,8,18,0.17026674229461677,0.18165202505857625,0.18985070907726473,0.52,0.28,0.28
SINGLE_SHIFT,0.3,36,8,18,0.16706132516318112,0.17613174550528696,0.28733782803733593,0.36,0.12,0.12
SINGLE_SHIFT,0.3,36,18,8,0.2330975055171795,0.16498541165507075,0.25397664355924576,0.08,0.16,0.24
SINGLE_SHIFT,0.3,36,18,128,0.19879863708274334,0.15021904620448703,0.271549361037122,0.2,0.2,0.12
SINGLE_SHIFT,0.3,36,18,128,0.21362735565952576,0.18559025879206448,0.19660147586471083,0.52,0.52,0.46
SINGLE_SHIFT,0.3,48,18,18,0.18524102461860728,0.15167320625901123,0.22269085359460694,0.08,0.02,0.14
SINGLE_SHIFT,0.3,48,18,8,0.21871081975149873,0.18703234372578068,0.19023481579601792,0.18,0.38,0.24
SINGLE_SHIFT,0.3,48,8,18,0.1618707828896249,0.20276426656910126,0.25338846700492484,0.4,0.1,0.18
SINGLE_SHIFT,0.3,48,18,8,0.2084994546532604,0.19300845597599142,0.19306182848785325,0.18,0.28,0.24
SINGLE_SHIFT,0.3,48,18,8,0.18862197001773687,0.15987377698020175,0.17645851598108006,0.1,0.1,0.12
SINGLE_SHIFT,0.3,48,8,18,0.1844027852144356,0.18638323792773812,0.19337445135099968,0.6,0.24,0.36
SINGLE_SHIFT,0.3,48,8,128,0.16538393557124534,0.17467941856553076,0.21421513844387216,0.3,0.12,0.02
SINGLE_SHIFT,0.3,48,18,8,0.17950818608366667,0.15556134570098012,0.16115706134388788,0.46,0.46,0.46
SINGLE_SHIFT,0.55,2,128,8,0.19697981117136631,0.17937976948286732,0.1791613057676134,0.14,0.14,0.14
SINGLE_SHIFT,0.55,2,18,8,0.20590704486296393,0.17442119008928422,0.1751419516788797,0.66,0.68,0.66
SINGLE_SHIFT,0.55,2,8,8,0.18265940513984055,0.21354688803973026,0.23987388512609784,0.18,0.2,0.24
SINGLE_SHIFT,0.55,2,18,8,0.21225971626182416,0.17421982380528078,0.18870115140611177,0.66,0.66,0.66
SINGLE_SHIFT,0.55,2,18,8,0.2522874243057365,0.22053305084476676,0.27259667070461,0.12,0.12,0.14
SINGLE_SHIFT,0.55,2,8,8,0.1693515514748332,0.1802751562011331,0.23280309998914098,0.24,0.48,0.66
SINGLE_SHIFT,0.55,2,18,8,0.16431269484506617,0.13938012814623954,0.1961971517980166,0.12,0.14,0.16
SINGLE_SHIFT,0.55,2,128,8,0.20751698710029567,0.2070515004837464,0.20315342393594968,0.66,0.74,0.74
SINGLE_SHIFT,0.55,4,18,8,0.2338870002723831,0.19562824848333257,0.2074976590570976,0.14,0.14,0.14
SINGLE_SHIFT,0.55,4,8,8,0.1616175448189329,0.21627808491527659,0.2699269456115343,0.02,0.42,0.64
SINGLE_SHIFT,0.55,4,18,18,0.21559594346488464,0.1825367005510433,0.19276445809270085,0.2,0.18,0.2
SINGLE_SHIFT,0.55,4,8,8,0.19480394556674238,0.21418697206504975,0.2538273909275208,0.12,0.44,0.56
SINGLE_SHIFT,0.55,4,8,8,0.16559419097355157,0.17472929279306637,0.17615662467058837,0.2,0.2,0.2
SINGLE_SHIFT,0.55,4,8,8,0.20111489674844796,0.20339657878447034,0.24895523074559328,0.32,0.56,0.68
SINGLE_SHIFT,0.55,4,8,8,0.15946200080077094,0.19352816252471458,0.20515644007044267,0.12,0.14,0.16
SINGLE_SHIFT,0.55,4,8,128,0.17990176666151228,0.22728044200474434,0.25144948511775717,0.74,0.74,0.72
SINGLE_SHIFT,0.55,6,8,8,0.17126233594340262,0.21052801455973044,0.2516013842483668,0.1,0.14,0.14
SINGLE_SHIFT,0.55,6,18,128,0.19732407259485646,0.1593034281644604,0.18869586257453055,0.64,0.72,0.54
SINGLE_SHIFT,0.55,6,18,8,0.19991784513720307,0.14243651138606442,0.23904684760286346,0.18,0.18,0.24
SINGLE_SHIFT,0.55,6,8,8,0.20850020963816063,0.28278627302639997,0.3084289874896369,0.18,0.62,0.66
SINGLE_SHIFT,0.55,6,18,8,0.19731437336086757,0.16383586155756852,0.17978892303693506,0.16,0.2,0.2
SINGLE_SHIFT,0.55,6,8,8,0.17811741894659489,0.2638960444177793,0.283518627318375,0.08,0.48,0.6
SINGLE_SHIFT,0.55,6,8,8,0.1639112117551483,0.17969533443170368,0.1815959061154542,0.14,0.16,0.16
SINGLE_SHIFT,0.55,6,8,8,0.16858423619236662,0.214428021229096,0.23750496622665257,0.38,0.66,0.72
SINGLE_SHIFT,0.55,8,8,8,0.17472357636034913,0.17488342020245834,0.28307568169202013,0.02,0.14,0.14
SINGLE_SHIFT,0.55,8,8,8,0.19180876007349704,0.30651642317053795,0.3042864307240872,0.1,0.72,0.72
SINGLE_SHIFT,0.55,8,8,8,0.17616953567636368,0.19417012022448907,0.19867461602361194,0.18,0.2,0.2
SINGLE_SHIFT,0.55,8,8,8,0.1977473932911723,0.29750855112079855,0.29143085545903735,0.18,0.66,0.66
SINGLE_SHIFT,0.55,8,8,8,0.1691157951014506,0.1807769780138749,0.236059725387129,0.12,0.14,0.18
SINGLE_SHIFT,0.55,8,18,8,0.16239661237388925,0.1457963014227154,0.2031233254857238,0.32,0.44,0.66
SINGLE_SHIFT,0.55,8,18,8,0.18316927766026225,0.148308591754743,0.213329253041434,0.02,0.02,0.14
SINGLE_SHIFT,0.55,8,8,8,0.14651209548712285,0.24234808219003617,0.3918622092018626,0.06,0.14,0.66
SINGLE_SHIFT,0.55,12,8,8,0.1827970300465054,0.18376491091608818,0.25348314976045616,0.1,0.14,0.14
SINGLE_SHIFT,0.55,12,18,8,0.1768497834957743,0.14759939131336414,0.21367115948530988,0.24,0.26,0.56
SINGLE_SHIFT,0.55,12,18,8,0.18669630800238501,0.1460112476065483,0.2076530938290095,0.18,0.18,0.24
SINGLE_SHIFT,0.55,12,8,8,0.1808021327380985,0.20511489593048277,0.2797801813877673,0.12,0.44,0.64
SINGLE_SHIFT,0.55,12,8,18,0.1540070679441246,0.162642458266886,0.3202234539272589,0.3,0.04,0.14
SINGLE_SHIFT,0.55,12,8,8,0.18200434865471307,0.19900173131320603,0.20064523818983918,0.3,0.58,0.54
SINGLE_SHIFT,0.55,12,8,8,0.1633687846749516,0.1991934007083128,0.2566028678107985,0.12,0.12,0.14
SINGLE_SHIFT,0.55,12,8,8,0.15693456678684922,0.18015997456197166,0.3145149690866696,0.04,0.38,0.74
SINGLE_SHIFT,0.55,18,8,8,0.1846171457111588,0.19261462421011552,0.32889023586721006,0.04,0.14,0.14
SINGLE_SHIFT,0.55,18,18,8,0.2016712536639683,0.17591543185825023,0.27752747718876375,0.06,0.16,0.56
SINGLE_SHIFT,0.55,18,18,18,0.1902240674937106,0.15448758579625904,0.34080045480042315,0.32,0.14,0.2
SINGLE_SHIFT,0.55,18,8,8,0.1565668694503784,0.17259078033120068,0.2806925589735954,0.06,0.28,0.64
SINGLE_SHIFT,0.55,18,18,128,0.1916076941255769,0.1346944348604721,0.2937454291772822,0.22,0.2,0.14
SINGLE_SHIFT,0.55,18,18,8,0.18918994359947497,0.1394028282328292,0.2781942370383443,0.0,0.02,0.6
SINGLE_SHIFT,0.55,18,18,18,0.16680733065210326,0.15027967298307754,0.31912999225299316,0.22,0.0,0.16
SINGLE_SHIFT,0.55,18,18,8,0.18972375784938608,0.1430033691676967,0.2642729975504522,0.1,0.12,0.66
SINGLE_SHIFT,0.55,24,8,18,0.15361756568751864,0.1554727282844107,0.2825103740729645,0.2,0.1,0.14
SINGLE_SHIFT,0.55,24,18,18,0.22676974757306964,0.16846335619856492,0.23698617708120048,0.32,0.1,0.64
SINGLE_SHIFT,0.55,24,18,18,0.21634034568172064,0.15144001434001247,0.27586254081473194,0.18,0.0,0.24
SINGLE_SHIFT,0.55,24,18,18,0.21748377332949423,0.15708839332155075,0.27014621535129146,0.1,0.06,0.52
SINGLE_SHIFT,0.55,24,8,128,0.25559904103126657,0.2856976124663727,0.4648376595954378,0.48,0.16,0.14
SINGLE_SHIFT,0.55,24,18,18,0.180622283135601,0.1660219568678191,0.17781991224041513,0.68,0.46,0.64
SINGLE_SHIFT,0.55,24,18,8,0.1850443440705031,0.13528504045732814,0.25439196737653746,0.02,0.02,0.14
SINGLE_SHIFT,0.55,24,8,8,0.15414310431043743,0.17790832045705,0.3001454384313543,0.04,0.18,0.66
SINGLE_SHIFT,0.55,36,18,8,0.18845738600833264,0.14198746676259513,0.23138124622821718,0.1,0.1,0.14
SINGLE_SHIFT,0.55,36,18,8,0.18337704381293865,0.15456232786961355,0.24906131207920396,0.0,0.06,0.42
SINGLE_SHIFT,0.55,36,8,18,0.15937343462338976,0.18111800379362575,0.27299762586282006,0.3,0.16,0.18
SINGLE_SHIFT,0.55,36,18,8,0.1817492897814518,0.13474023895664644,0.30493630159805735,0.08,0.08,0.46
SINGLE_SHIFT,0.55,36,18,8,0.22339862051417136,0.14831875046147747,0.27686617736003805,0.08,0.1,0.14
SINGLE_SHIFT,0.55,36,18,8,0.16719710450612593,0.14947699027072872,0.24457261340661926,0.0,0.2,0.52
SINGLE_SHIFT,0.55,36,18,18,0.16628363919540343,0.15232642168674024,0.3007593833990742,0.32,0.12,0.14
SINGLE_SHIFT,0.55,36,18,18,0.19186124866272394,0.15131104008240573,0.19782183855426858,0.52,0.38,0.62
SINGLE_SHIFT,0.55,48,18,8,0.21957642913822734,0.16155628750523254,0.22268271062806858,0.14,0.14,0.14
SINGLE_SHIFT,0.55,48,18,18,0.18832237610875066,0.1394488347078899,0.24425163385933385,0.1,0.02,0.46
SINGLE_SHIFT,0.55,48,18,8,0.17097493465901098,0.13848022674772992,0.2622421947446865,0.04,0.04,0.2
SINGLE_SHIFT,0.55,48,18,8,0.18592285227981709,0.1391090670802062,0.28020447464840825,0.06,0.06,0.52
SINGLE_SHIFT,0.55,48,18,18,0.22133479727698163,0.16398223900226774,0.2082876255859898,0.12,0.08,0.12
SINGLE_SHIFT,0.55,48,18,18,0.22855332520440488,0.15721061759366986,0.2538496343281596,0.24,0.0,0.6
SINGLE_SHIFT,0.55,48,8,18,0.1784660023856199,0.1891496353105745,0.27629783979307215,0.14,0.1,0.14
SINGLE_SHIFT,0.55,48,18,8,0.200830938128116,0.15975221660138503,0.28619132103348704,0.04,0.04,0.52
SINGLE_SHIFT,0.8,2,8,8,0.15995296874532056,0.1816364711776477,0.2887261009973959,0.1,0.14,0.14
SINGLE_SHIFT,0.8,2,18,8,0.2204737285769084,0.18481657739551643,0.19659771967225367,0.72,0.72,0.72
SINGLE_SHIFT,0.8,2,18,8,0.16825364776846727,0.14649041536610624,0.16520807227300988,0.24,0.24,0.24
SINGLE_SHIFT,0.8,2,18,8,0.18524240343184317,0.15522748379592718,0.16983483630167995,0.66,0.66,0.66
SINGLE_SHIFT,0.8,2,8,8,0.18427846515069587,0.19449240960567238,0.24046310797166337,0.16,0.2,0.2
SINGLE_SHIFT,0.8,2,18,8,0.2153092672129622,0.2045102878020785,0.2640300283022962,0.64,0.68,0.7
SINGLE_SHIFT,0.8,2,8,8,0.1730929394959747,0.22193481308381194,0.2287122259762449,0.14,0.18,0.18
SINGLE_SHIFT,0.8,2,8,8,0.1794425952929186,0.1882054990100415,0.1931658513920228,0.74,0.74,0.74
SINGLE_SHIFT,0.8,4,8,8,0.22901227179610759,0.2318343739589631,0.35451854835378044,0.14,0.14,0.14
SINGLE_SHIFT,0.8,4,8,8,0.21717432384853844,0.22964287240997402,0.2262149360144221,0.66,0.72,0.72
SINGLE_SHIFT,0.8,4,18,8,0.19602568513001462,0.17677893115711674,0.23257406206611203,0.2,0.24,0.24
SINGLE_SHIFT,0.8,4,18,8,0.21636852279138907,0.19892323644810397,0.2643518329716944,0.62,0.66,0.66
SINGLE_SHIFT,0.8,4,8,8,0.1584723902840373,0.22288044313299962,0.2303443321500024,0.14,0.22,0.2
SINGLE_SHIFT,0.8,4,18,8,0.16019327074208053,0.14965039335186786,0.21485383606719802,0.68,0.68,0.7
SINGLE_SHIFT,0.8,4,8,8,0.2859930894943979,0.32963094549303845,0.3414594344801331,0.12,0.16,0.16
SINGLE_SHIFT,0.8,4,8,8,0.1927543403250434,0.20488983925685114,0.21400094145239268,0.74,0.74,0.74
SINGLE_SHIFT,0.8,6,8,8,0.15293291664746295,0.21965598464258274,0.29887133865762694,0.1,0.14,0.14
SINGLE_SHIFT,0.8,6,8,8,0.15239025010348967,0.21280346215331417,0.32143493946272184,0.02,0.5,0.72
SINGLE_SHIFT,0.8,6,8,8,0.15479304979393782,0.18878141779159538,0.28158510729909564,0.18,0.2,0.24
SINGLE_SHIFT,0.8,6,8,8,0.17000594728019577,0.18740024635764677,0.19914465573057286,0.64,0.66,0.66
SINGLE_SHIFT,0.8,6,8,8,0.2295742833894907,0.3005471403253882,0.3033415433845022,0.12,0.2,0.2
SINGLE_SHIFT,0.8,6,8,8,0.22755532766027686,0.2921866534737848,0.3015744002947889,0.3,0.68,0.68
SINGLE_SHIFT,0.8,6,8,8,0.18927770382895281,0.2539093011627393,0.377674557395831,0.14,0.14,0.16
SINGLE_SHIFT,0.8,6,8,8,0.16095087307201067,0.23091078652399594,0.28928463745243505,0.46,0.74,0.74
SINGLE_SHIFT,0.8,8,8,18,0.15429383489699758,0.2584273757735676,0.4084599137807934,0.34,0.14,0.14
SINGLE_SHIFT,0.8,8,8,8,0.1488017218094346,0.1883270471727421,0.3552765417881035,0.06,0.32,0.72
SINGLE_SHIFT,0.8,8,8,8,0.1590684710091773,0.2608208076433979,0.35519433254993443,0.02,0.24,0.24
SINGLE_SHIFT,0.8,8,8,8,0.16149964464079808,0.22753148464385373,0.2798727890261481,0.4,0.66,0.66
SINGLE_SHIFT,0.8,8,8,8,0.15668871495011416,0.21229930139679293,0.2863556157872056,0.08,0.14,0.2
SINGLE_SHIFT,0.8,8,8,8,0.16950851182959212,0.2205513128491646,0.26542997062947754,0.32,0.68,0.7
SINGLE_SHIFT,0.8,8,8,8,0.1571242282185242,0.1952148872801048,0.31338478721300134,0.02,0.14,0.16
SINGLE_SHIFT,0.8,8,8,8,0.16118859325916393,0.18192487257559353,0.32440594813247126,0.3,0.62,0.74
SINGLE_SHIFT,0.8,12,8,8,0.18452298684010435,0.18636071316658623,0.3586656663314943,0.04,0.14,0.14
SINGLE_SHIFT,0.8,12,8,8,0.2013265577118709,0.22171146867182173,0.3539830975601322,0.04,0.32,0.72
SINGLE_SHIFT,0.8,12,8,18,0.16156810933731933,0.2041593817377925,0.3968985621271104,0.46,0.12,0.24
SINGLE_SHIFT,0.8,12,8,8,0.16616753467187195,0.1834013396898601,0.3590415542523326,0.06,0.24,0.66
SINGLE_SHIFT,0.8,12,18,8,0.20408631856009632,0.1456028260508129,0.32103272317891657,0.1,0.1,0.2
SINGLE_SHIFT,0.8,12,8,18,0.19569005331532208,0.20178011917469915,0.43263678564821323,0.16,0.02,0.7
SINGLE_SHIFT,0.8,12,18,18,0.18001601109183704,0.13137454649938318,0.33226610196286516,0.04,0.02,0.16
SINGLE_SHIFT,0.8,12,8,8,0.15776768713970546,0.21148142560545014,0.40053871403379426,0.04,0.46,0.74
SINGLE_SHIFT,0.8,18,18,18,0.20620525987917318,0.13356462756206702,0.33517291456891657,0.06,0.0,0.14
SINGLE_SHIFT,0.8,18,18,18,0.198414885384856,0.13532467490004588,0.3077264695063994,0.16,0.06,0.72
SINGLE_SHIFT,0.8,18,18,8,0.22579607011979388,0.1404863271637781,0.36461922563857246,0.1,0.14,0.24
SINGLE_SHIFT,0.8,18,18,8,0.17198397769101312,0.13849178731683426,0.31253692021154134,0.18,0.28,0.66
SINGLE_SHIFT,0.8,18,18,8,0.16169880458681837,0.14296561125184687,0.23501664204797076,0.12,0.14,0.2
SINGLE_SHIFT,0.8,18,18,8,0.1900208232717816,0.13395252557951462,0.33293784586561564,0.2,0.22,0.7
SINGLE_SHIFT,0.8,18,18,18,0.17000198667877722,0.15251700404813717,0.40169933454751805,0.34,0.04,0.18
SINGLE_SHIFT,0.8,18,18,8,0.19632836143163773,0.1491897316381601,0.36639368766755576,0.04,0.04,0.74
SINGLE_SHIFT,0.8,24,8,18,0.16876907287195808,0.24084761096282972,0.3476805071746889,0.2,0.14,0.14
SINGLE_SHIFT,0.8,24,18,8,0.18670321333699832,0.14410853803206883,0.3486186187519258,0.06,0.06,0.72
SINGLE_SHIFT,0.8,24,18,8,0.21931061543331304,0.15836281840844343,0.2505026838831315,0.18,0.18,0.24
SINGLE_SHIFT,0.8,24,18,8,0.17267341016210247,0.13484273017813764,0.31522713214523795,0.08,0.18,0.66
SINGLE_SHIFT,0.8,24,18,128,0.20320899575218887,0.1327487449757614,0.44147376972596275,0.42,0.38,0.2
SINGLE_SHIFT,0.8,24,18,18,0.22305410127282507,0.1584169748077967,0.30894713708529115,0.24,0.0,0.68
SINGLE_SHIFT,0.8,24,18,18,0.22459217663836425,0.15450456793822084,0.2576472773893461,0.14,0.02,0.16
SINGLE_SHIFT,0.8,24,18,8,0.18433538782937925,0.13922748107109525,0.34478239344765965,0.1,0.26,0.74
SINGLE_SHIFT,0.8,36,18,8,0.22368636276260526,0.14978277978626892,0.26753513066485346,0.14,0.14,0.14
SINGLE_SHIFT,0.8,36,18,18,0.23082521750054635,0.15119246068146686,0.3013335298070675,0.16,0.06,0.66
SINGLE_SHIFT,0.8,36,18,18,0.193496934795058,0.14839254291281798,0.4022534448980186,0.3,0.06,0.24
SINGLE_SHIFT,0.8,36,18,8,0.19921238175632727,0.1352471154463337,0.33081800785615445,0.02,0.02,0.66
SINGLE_SHIFT,0.8,36,18,8,0.17315647010454766,0.14387136637107792,0.2761009970944314,0.08,0.1,0.2
SINGLE_SHIFT,0.8,36,18,18,0.199011488210683,0.14345246387825245,0.28060977802932574,0.24,0.18,0.68
SINGLE_SHIFT,0.8,36,18,8,0.2146804170213967,0.14563461266454863,0.30743863635008123,0.04,0.22,0.14
SINGLE_SHIFT,0.8,36,18,18,0.21364608985085146,0.1470399649057154,0.32989608258039144,0.06,0.04,0.74
SINGLE_SHIFT,0.8,48,18,8,0.16913418313130374,0.1606365110249297,0.25096303952966903,0.0,0.14,0.14
SINGLE_SHIFT,0.8,48,18,8,0.17195344992897824,0.14603682224468634,0.33520276213671163,0.06,0.06,0.62
SINGLE_SHIFT,0.8,48,18,8,0.17881916011015425,0.15442772013486136,0.27743283121567325,0.04,0.18,0.24
SINGLE_SHIFT,0.8,48,18,18,0.16716884580333477,0.13902459403077483,0.3733284514230163,0.12,0.08,0.6
SINGLE_SHIFT,0.8,48,18,18,0.24416461100935619,0.18713527741158706,0.23643711924903688,0.14,0.1,0.16
SINGLE_SHIFT,0.8,48,18,8,0.16039398179416978,0.1593470111323616,0.3067992916301958,0.12,0.2,0.68
SINGLE_SHIFT,0.8,48,18,18,0.1763628895972215,0.1403583276760588,0.3348372309870504,0.24,0.12,0.16
SINGLE_SHIFT,0.8,48,18,18,0.20785000641091772,0.1470112264997849,0.2954887530040274,0.38,0.04,0.74
LOCAL_PULSE_REVERT,0.3,18,8,128,0.1765769055121034,0.17934328475142602,0.2116023635236662,0.14,0.1,0.02
LOCAL_PULSE_REVERT,0.3,18,18,128,0.17606448620402415,0.16694401356407196,0.2289049273073966,0.38,0.24,0.02
LOCAL_PULSE_REVERT,0.3,18,18,8,0.17658131113750083,0.15403402326673005,0.15628885044855895,0.1,0.16,0.16
LOCAL_PULSE_REVERT,0.3,18,8,128,0.16613813868395794,0.17716728471865426,0.183824433824305,0.28,0.06,0.0
LOCAL_PULSE_REVERT,0.3,18,18,128,0.20858730809141396,0.18935508286938615,0.19711243980703275,0.18,0.1,0.08
LOCAL_PULSE_REVERT,0.3,18,18,128,0.18007737700215734,0.14160572592994697,0.20600254076072938,0.14,0.14,0.0
LOCAL_PULSE_REVERT,0.3,18,8,128,0.16638178651121288,0.19781281662141292,0.2031033237503548,0.12,0.12,0.06
LOCAL_PULSE_REVERT,0.3,18,18,128,0.18968330718800702,0.1503774697850161,0.18341255138126586,0.1,0.4,0.04
LOCAL_PULSE_REVERT,0.3,18,8,128,0.17610342623884864,0.1790166717733431,0.24652808326223535,0.62,0.44,0.18
LOCAL_PULSE_REVERT,0.3,18,18,8,0.17707588414077186,0.15658825137814059,0.16296117203848037,0.06,0.06,0.06
LOCAL_PULSE_REVERT,0.3,18,8,128,0.16504575514831607,0.18699732030481356,0.30680992119766354,0.58,0.44,0.04
LOCAL_PULSE_REVERT,0.3,18,18,128,0.2005860570382522,0.14637979416954472,0.20831955619965503,0.44,0.56,0.22
LOCAL_PULSE_REVERT,0.3,18,18,128,0.16734411630903934,0.14380903615604934,0.21501178101190496,0.3,0.26,0.08
LOCAL_PULSE_REVERT,0.3,18,18,128,0.17338367975826402,0.16680338499203703,0.17206992543652375,0.2,0.12,0.04
LOCAL_PULSE_REVERT,0.3,18,18,8,0.16646704851082295,0.13888037518894317,0.16398096859901312,0.02,0.08,0.02
LOCAL_PULSE_REVERT,0.3,18,8,18,0.16815672573423168,0.17180834444505635,0.19108837162122433,0.04,0.02,0.08
LOCAL_PULSE_REVERT,0.3,18,18,8,0.17131479156406076,0.1546116160963423,0.1554327102367968,0.1,0.1,0.1
LOCAL_PULSE_REVERT,0.3,18,18,128,0.19290782208060067,0.15559821513853647,0.1865933307865505,0.16,0.16,0.0
LOCAL_PULSE_REVERT,0.3,18,18,8,0.18552995554570462,0.15793098892251087,0.16534583501222455,0.02,0.06,0.04
LOCAL_PULSE_REVERT,0.3,18,8,18,0.1838833171786792,0.19924847279782434,0.2061534896730768,0.32,0.06,0.08
LOCAL_PULSE_REVERT,0.3,18,18,8,0.16740264052077464,0.15503369085663468,0.1571638112688777,0.1,0.1,0.1
LOCAL_PULSE_REVERT,0.3,18,18,18,0.2322757382287439,0.1954837605699147,0.19597076070782074,0.2,0.02,0.18
LOCAL_PULSE_REVERT,0.3,18,18,18,0.2253233402982742,0.19057886673258123,0.1945902136560995,0.06,0.02,0.02
LOCAL_PULSE_REVERT,0.3,18,8,128,0.15824289713150191,0.19301801988971587,0.25042208521450854,0.74,0.46,0.12
LOCAL_PULSE_REVERT,0.55,18,8,128,0.19398479413368108,0.2117039434759529,0.26193714482524766,0.52,0.24,0.02
LOCAL_PULSE_REVERT,0.55,18,18,8,0.23220994330862546,0.18513313680620191,0.23184408899142794,0.06,0.06,0.16
LOCAL_PULSE_REVERT,0.55,18,18,128,0.18889999840990307,0.14991433962983483,0.16102692274888647,0.04,0.18,0.0
LOCAL_PULSE_REVERT,0.55,18,8,18,0.2273300086583249,0.24134572757711292,0.23636794556981178,0.38,0.1,0.12
LOCAL_PULSE_REVERT,0.55,18,18,128,0.16723279915892814,0.1625888008861181,0.23180990386227082,0.4,0.3,0.04
LOCAL_PULSE_REVERT,0.55,18,18,128,0.18836900943254717,0.1665057313501028,0.18582041659249024,0.24,0.2,0.0
LOCAL_PULSE_REVERT,0.55,18,18,128,0.20255336318628767,0.17472948518086281,0.18531632183368357,0.1,0.12,0.04
LOCAL_PULSE_REVERT,0.55,18,18,128,0.22045780480425886,0.16727354012873877,0.22650330904211116,0.38,0.5,0.04
LOCAL_PULSE_REVERT,0.55,18,8,128,0.17265210364267494,0.17774218411656956,0.18337382940962516,0.22,0.02,0.0
LOCAL_PULSE_REVERT,0.55,18,18,8,0.1737886905207137,0.14491207670162493,0.18743882556968325,0.06,0.06,0.08
LOCAL_PULSE_REVERT,0.55,18,8,128,0.18863398665610964,0.20722108419538612,0.2116367877287361,0.26,0.18,0.16
LOCAL_PULSE_REVERT,0.55,18,18,18,0.1966263401105059,0.17776320649547162,0.18770511141625768,0.24,0.06,0.12
LOCAL_PULSE_REVERT,0.55,18,18,128,0.1739476374978657,0.16283157968064688,0.17305582794240607,0.1,0.1,0.08
LOCAL_PULSE_REVERT,0.55,18,18,18,0.17963095273072519,0.14946117268493392,0.16038735650668823,0.2,0.0,0.2
LOCAL_PULSE_REVERT,0.55,18,8,18,0.2074648561516385,0.2528875558813495,0.27304194528870107,0.32,0.02,0.1
LOCAL_PULSE_REVERT,0.55,18,8,18,0.16228932954658998,0.20016009939371204,0.2585281733686623,0.06,0.04,0.18
LOCAL_PULSE_REVERT,0.55,18,18,8,0.19469866018953477,0.177532049951088,0.18847473038425422,0.04,0.14,0.04
LOCAL_PULSE_REVERT,0.55,18,8,8,0.1838525183445782,0.20503897881398778,0.20600282938505304,0.06,0.08,0.06
LOCAL_PULSE_REVERT,0.55,18,18,128,0.17481326395704008,0.14611687363992895,0.1707718516336216,0.14,0.08,0.02
LOCAL_PULSE_REVERT,0.55,18,8,18,0.16431150067476014,0.17394257785974476,0.20025245911950498,0.08,0.04,0.1
LOCAL_PULSE_REVERT,0.55,18,18,128,0.18457284728780596,0.13842668507780256,0.23821460253316298,0.34,0.36,0.08
LOCAL_PULSE_REVERT,0.55,18,18,128,0.17865260915854508,0.14797767634870207,0.1578085079500416,0.2,0.22,0.1
LOCAL_PULSE_REVERT,0.55,18,18,18,0.17977829248676686,0.17505192659400273,0.18510910009083809,0.18,0.02,0.02
LOCAL_PULSE_REVERT,0.55,18,18,128,0.1776177040036772,0.1464888176947251,0.16394240474097946,0.3,0.36,0.1
LOCAL_PULSE_REVERT,0.8,18,8,8,0.17100924988455335,0.2226924380528222,0.23680164883401844,0.14,0.14,0.14
LOCAL_PULSE_REVERT,0.8,18,18,18,0.1755706010261873,0.16866875776562765,0.16922122846632312,0.16,0.06,0.06
LOCAL_PULSE_REVERT,0.8,18,18,128,0.178475126349685,0.15384006073633985,0.16173354254057548,0.12,0.06,0.02
LOCAL_PULSE_REVERT,0.8,18,18,128,0.16888474084042515,0.14645146167778447,0.24368377788372533,0.52,0.44,0.0
LOCAL_PULSE_REVERT,0.8,18,18,128,0.20830084440900049,0.18812391866896272,0.28124440078807295,0.36,0.3,0.08
LOCAL_PULSE_REVERT,0.8,18,18,128,0.2583971528717759,0.1827611672636229,0.20294638298042553,0.2,0.14,0.04
LOCAL_PULSE_REVERT,0.8,18,18,8,0.21014462455762603,0.18974016386828627,0.19344676674685682,0.02,0.12,0.04
LOCAL_PULSE_REVERT,0.8,18,8,128,0.17996687069887243,0.21542729331335445,0.24469556350302404,0.06,0.04,0.02
LOCAL_PULSE_REVERT,0.8,18,18,128,0.21049794468279856,0.15685624396087208,0.24482895467943308,0.2,0.32,0.14
LOCAL_PULSE_REVERT,0.8,18,8,128,0.16986346147174947,0.18335968653782628,0.19061639868726685,0.32,0.16,0.12
LOCAL_PULSE_REVERT,0.8,18,8,128,0.1763523245784104,0.21722269217212767,0.22687959350259632,0.46,0.04,0.0
LOCAL_PULSE_REVERT,0.8,18,18,128,0.16770256234155068,0.16740003957113692,0.17954371949102457,0.28,0.12,0.08
LOCAL_PULSE_REVERT,0.8,18,8,18,0.1835231990218553,0.1845660528521851,0.19397789933137932,0.14,0.08,0.1
LOCAL_PULSE_REVERT,0.8,18,18,128,0.1758515040422293,0.1756808923987005,0.2019568832317153,0.5,0.24,0.18
LOCAL_PULSE_REVERT,0.8,18,8,18,0.17223048772367466,0.1763502451123678,0.1920500310967954,0.14,0.02,0.1
LOCAL_PULSE_REVERT,0.8,18,18,128,0.20012179528172422,0.17927601559848658,0.1899065343433353,0.34,0.26,0.12
LOCAL_PULSE_REVERT,0.8,18,18,128,0.17956507713670505,0.17387647108443788,0.24049536962230045,0.36,0.2,0.1
LOCAL_PULSE_REVERT,0.8,18,18,18,0.17172712632027043,0.1612363662254697,0.16429540350340005,0.16,0.02,0.08
LOCAL_PULSE_REVERT,0.8,18,18,128,0.17506419951401556,0.16555794970217394,0.20870073117435797,0.34,0.18,0.02
LOCAL_PULSE_REVERT,0.8,18,18,18,0.20750585029023125,0.1655589068600052,0.1828675505298169,0.18,0.06,0.16
LOCAL_PULSE_REVERT,0.8,18,18,8,0.17157266524771012,0.14672976494735226,0.16735847366872533,0.02,0.04,0.1
LOCAL_PULSE_REVERT,0.8,18,8,128,0.1692521477933987,0.18579357569440333,0.22799163932619385,0.16,0.14,0.0
LOCAL_PULSE_REVERT,0.8,18,8,128,0.157679830916692,0.19957492387785383,0.23991466071893042,0.14,0.06,0.04
LOCAL_PULSE_REVERT,0.8,18,18,128,0.18814027519576235,0.14884022496329793,0.19737196286934183,0.04,0.06,0.02
STATIONARY,0.0,128,18,128,0.16660999320080358,0.1615326109263529,0.187803028642712,0.16,0.04,0.0
STATIONARY,0.0,128,18,8,0.19690711285409615,0.1750162353031548,0.17602110439705024,0.02,0.06,0.08
STATIONARY,0.0,128,18,128,0.17120316234623545,0.1705045218285172,0.20243652523894867,0.5,0.36,0.18
STATIONARY,0.0,128,18,8,0.19392884536288743,0.15770374764190556,0.18514383719403496,0.02,0.1,0.14
STATIONARY,0.0,128,8,128,0.16059463573650315,0.16101105795226064,0.20249106011634643,0.08,0.08,0.04
STATIONARY,0.0,128,8,128,0.1880576888512953,0.19752592059789387,0.22623395998975257,0.12,0.12,0.08
STATIONARY,0.0,128,18,8,0.1865206625296867,0.15201923205680312,0.18050067550032903,0.04,0.06,0.12
STATIONARY,0.0,128,18,128,0.17687457826274672,0.14643309490136835,0.16162695878220582,0.2,0.22,0.16
SINGLE_SHIFT,0.3,2,8,8,0.17849987537203912,0.19296999655353575,0.20353105343156316,0.1,0.1,0.1
SINGLE_SHIFT,0.3,2,8,8,0.18427810154959717,0.1936422878114333,0.194348394058446,0.12,0.28,0.22
SINGLE_SHIFT,0.3,2,18,8,0.16680692949702908,0.1596880134449668,0.1828829724550376,0.02,0.1,0.1
SINGLE_SHIFT,0.3,2,8,18,0.17165629386185638,0.18136506311395867,0.19157000733209945,0.62,0.26,0.44
SINGLE_SHIFT,0.3,2,8,18,0.16123021251123046,0.1981133316736166,0.2125221271017462,0.14,0.08,0.08
SINGLE_SHIFT,0.3,2,18,18,0.20068117026358986,0.17988398295529315,0.1860003775060573,0.38,0.26,0.26
SINGLE_SHIFT,0.3,2,18,18,0.20786561217673988,0.1629498525315774,0.22265165999759032,0.06,0.04,0.06
SINGLE_SHIFT,0.3,2,8,8,0.1642531020616813,0.18972446348527505,0.19369927412906182,0.18,0.38,0.38
SINGLE_SHIFT,0.3,4,8,8,0.17249760670436662,0.19830914895438115,0.2233935562927692,0.0,0.1,0.1
SINGLE_SHIFT,0.3,4,18,8,0.17194381185366805,0.15421227206601165,0.26596077507819016,0.1,0.1,0.2
SINGLE_SHIFT,0.3,4,18,18,0.16449880215234486,0.1523896936557706,0.1937256556329374,0.12,0.1,0.1
SINGLE_SHIFT,0.3,4,18,18,0.1792565361446055,0.14362984945195234,0.19065949466439266,0.28,0.26,0.5
SINGLE_SHIFT,0.3,4,8,8,0.1869605104486216,0.20083264749165788,0.22621848821839163,0.04,0.08,0.08
SINGLE_SHIFT,0.3,4,18,8,0.19307247279204504,0.16362721560288138,0.24799191132523174,0.0,0.02,0.34
SINGLE_SHIFT,0.3,4,18,18,0.15785899318425375,0.15282980005069136,0.21834964287767414,0.12,0.06,0.06
SINGLE_SHIFT,0.3,4,18,128,0.17240387313755423,0.14156685896782567,0.16887928350975245,0.52,0.5,0.38
SINGLE_SHIFT,0.3,6,18,8,0.18325258023147584,0.16593536207006077,0.1723100478851871,0.1,0.1,0.1
SINGLE_SHIFT,0.3,6,18,128,0.19430484523186597,0.17392414253308372,0.1755335008678028,0.32,0.22,0.18
SINGLE_SHIFT,0.3,6,8,18,0.16640380484118222,0.21174224185604779,0.2273328674018284,0.24,0.1,0.1
SINGLE_SHIFT,0.3,6,18,8,0.17560077196669108,0.16409430395337302,0.23461051409036726,0.12,0.26,0.56
SINGLE_SHIFT,0.3,6,18,8,0.17878730906179416,0.1787484593683409,0.17964061377987534,0.08,0.08,0.08
SINGLE_SHIFT,0.3,6,128,8,0.17371523626581736,0.15457399114315523,0.15439192626060766,0.16,0.2,0.2
SINGLE_SHIFT,0.3,6,18,8,0.18201507931976418,0.15436190349659618,0.19259037631966744,0.06,0.06,0.06
SINGLE_SHIFT,0.3,6,18,8,0.17963864587106945,0.16792873642127665,0.18433512452719797,0.28,0.32,0.36
SINGLE_SHIFT,0.3,8,18,8,0.17947220454384755,0.16174777213150024,0.16198641469052746,0.08,0.1,0.1
SINGLE_SHIFT,0.3,8,18,128,0.18372190132180377,0.1567675128368289,0.1639466235940602,0.18,0.32,0.16
SINGLE_SHIFT,0.3,8,8,18,0.16344176727473425,0.17085740091022575,0.19164094588101033,0.14,0.1,0.1
SINGLE_SHIFT,0.3,8,8,18,0.15719837301431075,0.21276425169267918,0.3143086407369199,0.14,0.08,0.48
SINGLE_SHIFT,0.3,8,18,128,0.1890558243402248,0.15073972730561644,0.22034154965739947,0.16,0.12,0.08
SINGLE_SHIFT,0.3,8,8,18,0.15685877204241944,0.2726979054536641,0.3653667013605134,0.14,0.04,0.38
SINGLE_SHIFT,0.3,8,18,8,0.20951683655424566,0.191119780054927,0.1911827941008999,0.06,0.06,0.06
SINGLE_SHIFT,0.3,8,18,128,0.17610877560254778,0.1757318720216743,0.18610239926301414,0.52,0.36,0.32
SINGLE_SHIFT,0.3,12,18,18,0.1689256752931103,0.15199839417991196,0.1576134150595779,0.1,0.08,0.08
SINGLE_SHIFT,0.3,12,18,8,0.18605847823930083,0.1382977571752162,0.27182385887627547,0.1,0.1,0.14
SINGLE_SHIFT,0.3,12,18,8,0.19597988793732377,0.1647504084797259,0.22149263804723646,0.04,0.08,0.1
SINGLE_SHIFT,0.3,12,18,18,0.20839682338505744,0.16926846803840867,0.19474820981474036,0.48,0.04,0.44
SINGLE_SHIFT,0.3,12,18,8,0.1814818039888604,0.14028685047739747,0.21325762553961225,0.04,0.04,0.08
SINGLE_SHIFT,0.3,12,18,18,0.21338665362694584,0.19147867452707654,0.19335859315651055,0.38,0.2,0.26
SINGLE_SHIFT,0.3,12,18,18,0.24083759643340183,0.18056604244674074,0.2290281197760073,0.06,0.04,0.06
SINGLE_SHIFT,0.3,12,18,8,0.1923189497782993,0.1456903170292241,0.23512823944124914,0.0,0.02,0.32
SINGLE_SHIFT,0.3,18,18,8,0.18557782165999198,0.15393347690093007,0.16883312626654073,0.1,0.1,0.1
SINGLE_SHIFT,0.3,18,8,18,0.16982337170778805,0.1839707056951837,0.28055149304510724,0.1,0.08,0.28
SINGLE_SHIFT,0.3,18,18,18,0.17668997401238332,0.16646652906668014,0.17694011734761492,0.1,0.08,0.1
SINGLE_SHIFT,0.3,18,18,8,0.1925931744326896,0.14346268998811934,0.24172271584904165,0.02,0.12,0.48
SINGLE_SHIFT,0.3,18,8,18,0.16230518739906116,0.20397408448082655,0.26388214329348886,0.42,0.04,0.08
SINGLE_SHIFT,0.3,18,18,18,0.2140910183310299,0.17206951487995506,0.1929641015197703,0.12,0.1,0.14
SINGLE_SHIFT,0.3,18,18,18,0.15827915003339918,0.14291451236313313,0.22959491853380334,0.34,0.06,0.06
SINGLE_SHIFT,0.3,18,18,8,0.1941263899367417,0.14741367686369705,0.22203261627778412,0.02,0.04,0.22
SINGLE_SHIFT,0.3,24,18,8,0.16287826246564174,0.1408863410161613,0.1599369579368017,0.0,0.02,0.08
SINGLE_SHIFT,0.3,24,8,18,0.1721425338783222,0.17320000889868067,0.2506542863906248,0.1,0.02,0.2
SINGLE_SHIFT,0.3,24,18,18,0.17739436323333088,0.1548717741342829,0.2167051222916705,0.2,0.1,0.1
SINGLE_SHIFT,0.3,24,18,8,0.17179148964466232,0.13813144935497498,0.24376819583508685,0.12,0.12,0.28
SINGLE_SHIFT,0.3,24,8,18,0.16185113335404985,0.23734871491750392,0.3060044573996436,0.58,0.04,0.08
SINGLE_SHIFT,0.3,24,18,18,0.20529465834935373,0.1784588292590152,0.20219109299649976,0.38,0.08,0.26
SINGLE_SHIFT,0.3,24,8,18,0.17162900422879157,0.20863020132443263,0.3144967433917151,0.58,0.06,0.06
SINGLE_SHIFT,0.3,24,18,18,0.22883659693158262,0.1771117310850148,0.21713531905551411,0.32,0.02,0.32
SINGLE_SHIFT,0.3,36,18,8,0.19880713591833704,0.16282337961535337,0.19678386019188876,0.0,0.0,0.08
SINGLE_SHIFT,0.3,36,18,8,0.19321704781148322,0.1695584226644696,0.17869599580830778,0.12,0.24,0.14
SINGLE_SHIFT,0.3,36,18,128,0.18642737631528816,0.16421911417701082,0.2726878469356155,0.3,0.16,0.1
SINGLE_SHIFT,0.3,36,18,18,0.18536766246050593,0.15418693518006107,0.16058815152356562,0.44,0.26,0.44
SINGLE_SHIFT,0.3,36,18,8,0.17838309972630462,0.1419080977588565,0.20848693161876122,0.02,0.04,0.08
SINGLE_SHIFT,0.3,36,18,18,0.1924769667047661,0.15328902705253625,0.18371479246789557,0.2,0.02,0.26
SINGLE_SHIFT,0.3,36,18,8,0.18604590652014874,0.16168994464174058,0.16472610351665024,0.06,0.06,0.06
SINGLE_SHIFT,0.3,36,18,8,0.1798452733093898,0.14456865650065132,0.1942188609824867,0.0,0.02,0.18
SINGLE_SHIFT,0.3,48,18,8,0.18691985044718462,0.1479673643888683,0.20238040393588247,0.0,0.0,0.08
SINGLE_SHIFT,0.3,48,18,8,0.19009360023722546,0.15181819091258827,0.19619177460551573,0.04,0.08,0.12
SINGLE_SHIFT,0.3,48,128,18,0.2574243654638189,0.23681858487864924,0.23240004833362107,0.1,0.08,0.1
SINGLE_SHIFT,0.3,48,18,18,0.21917723126014818,0.1990927885884628,0.20564724697405606,0.56,0.26,0.48
SINGLE_SHIFT,0.3,48,18,18,0.17306654861649942,0.1650577696797387,0.20387576561644588,0.22,0.02,0.08
SINGLE_SHIFT,0.3,48,8,18,0.1709614176130836,0.17649087897126414,0.2242722221402914,0.12,0.0,0.1
SINGLE_SHIFT,0.3,48,8,18,0.16790522088017892,0.1819793971820908,0.2479952231079828,0.28,0.06,0.06
SINGLE_SHIFT,0.3,48,8,8,0.17343469099955539,0.21325101479884867,0.2599798001349614,0.04,0.16,0.26
SINGLE_SHIFT,0.55,2,18,8,0.1887080871945217,0.1606547821350685,0.18125473253732377,0.1,0.1,0.1
SINGLE_SHIFT,0.55,2,18,128,0.1660698463243941,0.15935446986125712,0.18294722024202112,0.46,0.42,0.38
SINGLE_SHIFT,0.55,2,18,128,0.16548057231801544,0.16128402500775443,0.18004076590266818,0.16,0.14,0.12
SINGLE_SHIFT,0.55,2,18,8,0.1916072953571366,0.16705432677845264,0.2556111703180675,0.42,0.48,0.66
SINGLE_SHIFT,0.55,2,18,8,0.1980619991199152,0.1602442114714744,0.1872841709189937,0.1,0.1,0.1
SINGLE_SHIFT,0.55,2,18,18,0.20409071020338349,0.17219238297869519,0.18498405420368944,0.48,0.4,0.48
SINGLE_SHIFT,0.55,2,8,8,0.17979749574626655,0.19597345399087765,0.2131247152625248,0.06,0.06,0.06
SINGLE_SHIFT,0.55,2,18,8,0.16388586445203313,0.1558852489639188,0.21294395018177814,0.32,0.42,0.62
SINGLE_SHIFT,0.55,4,18,8,0.1653353512495003,0.14774245210467873,0.2212473312012669,0.1,0.1,0.1
SINGLE_SHIFT,0.55,4,128,128,0.17185673513080796,0.15434607000464343,0.15387787516370424,0.38,0.38,0.36
SINGLE_SHIFT,0.55,4,8,18,0.15475552593032105,0.181247098591343,0.26550285038539795,0.18,0.1,0.12
SINGLE_SHIFT,0.55,4,8,128,0.18371363476639996,0.2149383172920728,0.2256409568686261,0.68,0.66,0.64
SINGLE_SHIFT,0.55,4,18,8,0.19470738924223466,0.14345281588588202,0.23393379008827372,0.08,0.08,0.12
SINGLE_SHIFT,0.55,4,8,8,0.1759978343281466,0.1957379469511135,0.2620702816978224,0.12,0.38,0.52
SINGLE_SHIFT,0.55,4,18,8,0.23748827264545802,0.20644856040435686,0.2112447283166076,0.06,0.06,0.06
SINGLE_SHIFT,0.55,4,8,8,0.21322088258106575,0.23160386897563465,0.22748753490458923,0.38,0.58,0.56
SINGLE_SHIFT,0.55,6,8,8,0.1707334488328644,0.1952248729938506,0.2209412564511351,0.08,0.1,0.1
SINGLE_SHIFT,0.55,6,8,8,0.1748495268153575,0.23274613616768008,0.23348525900072944,0.06,0.36,0.36
SINGLE_SHIFT,0.55,6,8,18,0.1661435513355037,0.25986288049492895,0.35796450695070575,0.62,0.08,0.1
SINGLE_SHIFT,0.55,6,8,8,0.17255820441433975,0.19409744291298134,0.28533067859013966,0.0,0.48,0.66
SINGLE_SHIFT,0.55,6,8,18,0.16158462893552752,0.183513551531007,0.2990658518881212,0.22,0.08,0.1
SINGLE_SHIFT,0.55,6,8,8,0.2825849502311093,0.3300404815891346,0.3396820172384818,0.06,0.48,0.52
SINGLE_SHIFT,0.55,6,8,18,0.17916606904170407,0.2603889637379109,0.4336430477353869,0.6,0.06,0.06
SINGLE_SHIFT,0.55,6,128,8,0.22756042208860608,0.21187088505322657,0.20908137968363108,0.58,0.64,0.62
SINGLE_SHIFT,0.55,8,18,8,0.19489371380503429,0.17962267412322716,0.23827793970827377,0.08,0.1,0.1
SINGLE_SHIFT,0.55,8,8,8,0.160561847886149,0.20864336041966497,0.2942698273452617,0.1,0.24,0.38
SINGLE_SHIFT,0.55,8,8,18,0.14895789475985324,0.30226425490369174,0.4436801245164659,0.64,0.1,0.16
SINGLE_SHIFT,0.55,8,18,18,0.2298293978196495,0.19239829850867904,0.19865610995986507,0.68,0.6,0.64
SINGLE_SHIFT,0.55,8,8,8,0.1808442796740967,0.1830111301480204,0.20533921211172623,0.08,0.1,0.1
SINGLE_SHIFT,0.55,8,18,8,0.1861473516257608,0.16128470668544803,0.2943036221931298,0.0,0.02,0.48
SINGLE_SHIFT,0.55,8,8,18,0.19423809438454312,0.2438740071689966,0.3264072610309926,0.32,0.06,0.06
SINGLE_SHIFT,0.55,8,8,8,0.15563873219525165,0.2213406956137947,0.29549711381296634,0.02,0.38,0.6
SINGLE_SHIFT,0.55,12,18,8,0.19085526299874325,0.14335406504626555,0.2529705947039561,0.1,0.1,0.1
SINGLE_SHIFT,0.55,12,8,8,0.16691261339852712,0.2161776567737858,0.26040647644690557,0.02,0.36,0.36
SINGLE_SHIFT,0.55,12,8,8,0.1710615275203945,0.18103203878730179,0.2005995801133627,0.06,0.1,0.1
SINGLE_SHIFT,0.55,12,18,18,0.16240428849906102,0.1578801990427032,0.3415644009068642,0.12,0.06,0.64
SINGLE_SHIFT,0.55,12,18,18,0.21121291753807866,0.17167691275989289,0.2002690214535038,0.1,0.08,0.1
SINGLE_SHIFT,0.55,12,8,8,0.18199730796608085,0.19199464468768995,0.2924567688718973,0.02,0.26,0.52
SINGLE_SHIFT,0.55,12,8,18,0.1736440410534242,0.2092088712149104,0.3819032032010733,0.46,0.06,0.06
SINGLE_SHIFT,0.55,12,8,8,0.17106350846274151,0.23229685720229692,0.36869788421993926,0.06,0.16,0.54
SINGLE_SHIFT,0.55,18,18,18,0.23764903170431195,0.15495399432382317,0.25623348877302177,0.08,0.02,0.1
SINGLE_SHIFT,0.55,18,18,18,0.17641139554566931,0.13843388329873252,0.3498634226925619,0.12,0.1,0.34
SINGLE_SHIFT,0.55,18,18,18,0.20349681344072768,0.1473402152951594,0.24597090721044407,0.1,0.0,0.14
SINGLE_SHIFT,0.55,18,18,8,0.1705733428900058,0.13633275659639307,0.445278205452186,0.14,0.14,0.6
SINGLE_SHIFT,0.55,18,18,18,0.1983385224503724,0.14679695530607997,0.26894163044161923,0.04,0.0,0.1
SINGLE_SHIFT,0.55,18,18,18,0.18105645357108274,0.14172449972124646,0.3104395461541346,0.08,0.0,0.5
SINGLE_SHIFT,0.55,18,18,8,0.1909350887718019,0.1514356396352991,0.22587988608131243,0.06,0.06,0.06
SINGLE_SHIFT,0.55,18,18,18,0.20280192359660512,0.15212018436813285,0.22798639377397026,0.28,0.1,0.46
SINGLE_SHIFT,0.55,24,18,8,0.187188927734352,0.14229540939099022,0.2515940710918376,0.06,0.08,0.1
SINGLE_SHIFT,0.55,24,18,18,0.20038819244099113,0.14946398859042542,0.21641666423614964,0.24,0.06,0.36
SINGLE_SHIFT,0.55,24,18,8,0.2336742408190471,0.16447897314090712,0.27673398780085084,0.04,0.18,0.1
SINGLE_SHIFT,0.55,24,8,18,0.1588530536403168,0.16754124847634863,0.36499239241553666,0.14,0.1,0.66
SINGLE_SHIFT,0.55,24,18,18,0.21788761358901781,0.1493969625926107,0.23684472830127276,0.08,0.0,0.1
SINGLE_SHIFT,0.55,24,18,8,0.18004178849891947,0.1382975371564472,0.2594122400563037,0.04,0.08,0.5
SINGLE_SHIFT,0.55,24,18,8,0.19568360659562234,0.14080763005188449,0.25642071505290603,0.04,0.2,0.06
SINGLE_SHIFT,0.55,24,18,18,0.21652172468454897,0.15627984362478392,0.21374192915549553,0.36,0.22,0.48
SINGLE_SHIFT,0.55,36,18,18,0.2104295053977546,0.15759136830856316,0.2735029763240276,0.06,0.0,0.1
SINGLE_SHIFT,0.55,36,18,18,0.18528696191125182,0.13838502216001616,0.23694926476690248,0.06,0.04,0.34
SINGLE_SHIFT,0.55,36,18,18,0.1973892183658308,0.14863959674024857,0.20741072370360078,0.1,0.08,0.1
SINGLE_SHIFT,0.55,36,18,8,0.1955188360515675,0.14736492393931316,0.2625186181748628,0.02,0.1,0.52
SINGLE_SHIFT,0.55,36,18,8,0.17253596632663437,0.16535762024535164,0.20468670514437104,0.04,0.08,0.08
SINGLE_SHIFT,0.55,36,18,8,0.1881673994432609,0.14698561162852594,0.22811343486476704,0.0,0.02,0.34
SINGLE_SHIFT,0.55,36,18,128,0.220732752879263,0.16772037217306898,0.31585278980571524,0.16,0.14,0.06
SINGLE_SHIFT,0.55,36,18,8,0.21673077560657542,0.17560897889145974,0.2300909144883072,0.28,0.28,0.44
SINGLE_SHIFT,0.55,48,8,18,0.16735634663805804,0.1793437057027095,0.25678361321599313,0.16,0.08,0.1
SINGLE_SHIFT,0.55,48,18,18,0.17315029939333573,0.17147579159907878,0.3546385314964156,0.14,0.1,0.32
SINGLE_SHIFT,0.55,48,18,8,0.23925961591688594,0.19743680786224488,0.2691418743277203,0.06,0.1,0.1
SINGLE_SHIFT,0.55,48,18,18,0.19716057374926277,0.15040957086448636,0.22159125420687076,0.14,0.1,0.48
SINGLE_SHIFT,0.55,48,18,18,0.17295065585132377,0.1324195067009254,0.2649266531650834,0.22,0.1,0.1
SINGLE_SHIFT,0.55,48,18,18,0.19307252668578756,0.1556522071807084,0.18049922601192173,0.24,0.1,0.3
SINGLE_SHIFT,0.55,48,18,128,0.19259184476126984,0.13974451634142093,0.2573605620576038,0.16,0.2,0.06
SINGLE_SHIFT,0.55,48,18,8,0.16806337802663174,0.16665788777106547,0.21543455658758973,0.14,0.26,0.38
SINGLE_SHIFT,0.8,2,18,8,0.21072547503633848,0.20492752912408055,0.24040574553612234,0.1,0.1,0.14
SINGLE_SHIFT,0.8,2,18,8,0.1608403757719607,0.16009622037138474,0.17075843061561816,0.5,0.52,0.52
SINGLE_SHIFT,0.8,2,18,8,0.17795233419432985,0.15719633579987857,0.15806334348802037,0.18,0.18,0.18
SINGLE_SHIFT,0.8,2,8,8,0.16917789079291176,0.21859655728491384,0.27809616134749715,0.42,0.66,0.68
SINGLE_SHIFT,0.8,2,18,8,0.167255284657229,0.15123189640660226,0.29503409325370245,0.08,0.1,0.14
SINGLE_SHIFT,0.8,2,18,8,0.24870676939591588,0.20718031818751012,0.22907113965794954,0.52,0.52,0.52
SINGLE_SHIFT,0.8,2,18,8,0.2166418381973856,0.20299569021621697,0.21794258853578433,0.06,0.08,0.08
SINGLE_SHIFT,0.8,2,18,8,0.1685801333002679,0.13847055921589788,0.18013983356276925,0.56,0.56,0.62
SINGLE_SHIFT,0.8,4,8,8,0.16385447433781075,0.19901945782598437,0.28790069650535943,0.1,0.1,0.1
SINGLE_SHIFT,0.8,4,8,8,0.21053983682248867,0.2568125209576383,0.28376406808604077,0.36,0.46,0.52
SINGLE_SHIFT,0.8,4,18,8,0.2063962038949069,0.16283881248042942,0.18996363707653055,0.16,0.16,0.18
SINGLE_SHIFT,0.8,4,8,8,0.18896579903032457,0.20225664866981907,0.30839515369571313,0.46,0.64,0.68
SINGLE_SHIFT,0.8,4,8,8,0.18502453308776065,0.2631185851387777,0.2923715559373943,0.08,0.12,0.14
SINGLE_SHIFT,0.8,4,8,8,0.1582373148067636,0.19365263054129608,0.24031982527233048,0.42,0.52,0.52
SINGLE_SHIFT,0.8,4,18,8,0.18489722808376508,0.17004548348470266,0.2051301771077158,0.06,0.08,0.08
SINGLE_SHIFT,0.8,4,8,8,0.2064664371364263,0.2541621275890205,0.37838916725056154,0.18,0.54,0.72
SINGLE_SHIFT,0.8,6,8,8,0.16934288601611525,0.22420658531437762,0.2839041536540389,0.1,0.1,0.1
SINGLE_SHIFT,0.8,6,18,8,0.18242946750360572,0.14601351830204118,0.24132790447534577,0.36,0.36,0.42
SINGLE_SHIFT,0.8,6,8,8,0.19033790092938596,0.2312118221957984,0.28563306508604697,0.1,0.16,0.18
SINGLE_SHIFT,0.8,6,8,8,0.16017801231537632,0.19923485812758604,0.30230966838180745,0.28,0.62,0.68
SINGLE_SHIFT,0.8,6,8,8,0.1702151315028643,0.2100922990469238,0.2864734227412591,0.08,0.12,0.14
SINGLE_SHIFT,0.8,6,18,8,0.19172747527843542,0.16572604193018714,0.26793506369492126,0.46,0.48,0.52
SINGLE_SHIFT,0.8,6,8,8,0.16897069992236896,0.20596163276479054,0.328061981392089,0.06,0.06,0.08
SINGLE_SHIFT,0.8,6,8,8,0.17017429137100723,0.24833980126564198,0.3328671015561227,0.08,0.54,0.66
SINGLE_SHIFT,0.8,8,8,8,0.159225486215295,0.1848008458297623,0.37197897398724,0.04,0.1,0.12
SINGLE_SHIFT,0.8,8,8,8,0.1603908231962271,0.2373951713231422,0.3958154109600879,0.1,0.22,0.42
SINGLE_SHIFT,0.8,8,8,18,0.17654981757771193,0.2594168051575036,0.3617818577147262,0.38,0.1,0.18
SINGLE_SHIFT,0.8,8,8,8,0.1658010786909863,0.21649127892163653,0.2859091610223187,0.42,0.68,0.68
SINGLE_SHIFT,0.8,8,8,8,0.18518892159096068,0.2263387942608249,0.3033551570981819,0.02,0.1,0.14
SINGLE_SHIFT,0.8,8,8,8,0.16024722365927555,0.23418592514996966,0.27169563218499637,0.18,0.52,0.52
SINGLE_SHIFT,0.8,8,18,8,0.18666952214689606,0.1453299243129371,0.24279420150004707,0.06,0.06,0.08
SINGLE_SHIFT,0.8,8,8,8,0.15439027953829587,0.2130362112546737,0.3810336055161252,0.04,0.32,0.66
SINGLE_SHIFT,0.8,12,18,8,0.19155727116334673,0.17730218367349745,0.32544731630249113,0.08,0.1,0.1
SINGLE_SHIFT,0.8,12,18,8,0.20478942669347772,0.16379892376306213,0.2929468736873939,0.24,0.28,0.42
SINGLE_SHIFT,0.8,12,8,18,0.19047302034958724,0.2741553880317157,0.434498106271759,0.44,0.1,0.18
SINGLE_SHIFT,0.8,12,8,8,0.1939437066290657,0.2144695859030427,0.35436079165899004,0.0,0.48,0.68
SINGLE_SHIFT,0.8,12,18,8,0.17583003723420537,0.16940134604469687,0.3004801279307971,0.08,0.08,0.14
SINGLE_SHIFT,0.8,12,8,18,0.17662548144308224,0.23754696863153268,0.43586070567628593,0.12,0.1,0.52
SINGLE_SHIFT,0.8,12,18,18,0.1648536907398881,0.15157236430926072,0.38882208519283723,0.38,0.06,0.08
SINGLE_SHIFT,0.8,12,18,8,0.19186430444789826,0.17470083630457875,0.36036296645135446,0.04,0.1,0.62
SINGLE_SHIFT,0.8,18,18,8,0.184707497131327,0.12874065961525488,0.30281100876054484,0.08,0.08,0.1
SINGLE_SHIFT,0.8,18,18,8,0.20998399819629418,0.1307884178797776,0.3456942346858319,0.1,0.1,0.42
SINGLE_SHIFT,0.8,18,18,8,0.17100059886747743,0.1372987487819278,0.30920368304694734,0.04,0.08,0.16
SINGLE_SHIFT,0.8,18,18,18,0.19383271829348003,0.14042911389016186,0.2649132722716409,0.58,0.52,0.68
SINGLE_SHIFT,0.8,18,18,18,0.23987173672820558,0.18035137889686917,0.2590615388982169,0.1,0.08,0.14
SINGLE_SHIFT,0.8,18,18,18,0.16544538866551897,0.1470824632762083,0.38612641219451327,0.12,0.0,0.52
SINGLE_SHIFT,0.8,18,18,8,0.18125775669303817,0.158747326353602,0.2793845329873166,0.06,0.06,0.08
SINGLE_SHIFT,0.8,18,18,8,0.17536699733740402,0.1394456570647496,0.39384097576865257,0.04,0.04,0.62
SINGLE_SHIFT,0.8,24,18,18,0.21573259843323758,0.14810327887918615,0.28266265918393274,0.1,0.08,0.1
SINGLE_SHIFT,0.8,24,18,18,0.20424640574576103,0.14627615556399984,0.2758044070863832,0.3,0.14,0.44
SINGLE_SHIFT,0.8,24,18,8,0.19720446096991892,0.13133531460375755,0.34140523691841923,0.06,0.06,0.16
SINGLE_SHIFT,0.8,24,18,18,0.192568148336024,0.12919000244197665,0.3245593424897653,0.12,0.0,0.68
SINGLE_SHIFT,0.8,24,18,8,0.20157822427843236,0.1437200536163714,0.33973053950469356,0.04,0.04,0.12
SINGLE_SHIFT,0.8,24,18,8,0.21676100109478252,0.14503592087280381,0.33517063440381956,0.0,0.12,0.52
SINGLE_SHIFT,0.8,24,18,8,0.211276313375282,0.14314669146706077,0.3121175741877954,0.06,0.2,0.06
SINGLE_SHIFT,0.8,24,18,18,0.18611501500081803,0.13162528699871195,0.277902686107908,0.22,0.18,0.62
SINGLE_SHIFT,0.8,36,18,18,0.1641871420647918,0.14678232534391136,0.349771513119082,0.18,0.0,0.1
SINGLE_SHIFT,0.8,36,18,18,0.19150588551511677,0.16007887189442874,0.34509545361438004,0.08,0.02,0.4
SINGLE_SHIFT,0.8,36,18,18,0.22854148931981394,0.16869896179626157,0.23495642981036957,0.1,0.0,0.14
SINGLE_SHIFT,0.8,36,18,18,0.2012274270015859,0.15174906857118484,0.23540848362742664,0.52,0.44,0.68
SINGLE_SHIFT,0.8,36,18,18,0.2308741116866273,0.1724460214507505,0.27819632589831644,0.08,0.06,0.12
SINGLE_SHIFT,0.8,36,18,18,0.21505072215500576,0.14934994552356984,0.26761085694116854,0.26,0.02,0.52
SINGLE_SHIFT,0.8,36,18,18,0.1851722769172643,0.1376897173823181,0.2628917805726118,0.06,0.04,0.06
SINGLE_SHIFT,0.8,36,18,8,0.19034368969610715,0.12399861004583863,0.379569639387078,0.04,0.04,0.62
SINGLE_SHIFT,0.8,48,18,8,0.17992906649085497,0.14201459686046516,0.30130558355533227,0.0,0.02,0.1
SINGLE_SHIFT,0.8,48,18,18,0.15962512718323077,0.15102790183883807,0.31101851439519673,0.1,0.06,0.36
SINGLE_SHIFT,0.8,48,18,8,0.18235106014497077,0.1472116611220245,0.284655608564036,0.06,0.06,0.14
SINGLE_SHIFT,0.8,48,18,8,0.20254147607096448,0.13544520924643572,0.33529750918768864,0.1,0.12,0.64
SINGLE_SHIFT,0.8,48,18,18,0.17773895251366084,0.13273415721341336,0.3096597206820766,0.2,0.04,0.12
SINGLE_SHIFT,0.8,48,18,18,0.21327700611970776,0.1759090988897219,0.2927630477274548,0.08,0.02,0.46
SINGLE_SHIFT,0.8,48,18,8,0.17933760379613878,0.14075573300898045,0.26554846699308426,0.06,0.06,0.06
SINGLE_SHIFT,0.8,48,18,8,0.18706477727936405,0.13200799378820743,0.29508225910126384,0.02,0.02,0.56
LOCAL_PULSE_REVERT,0.3,18,18,128,0.22720944219748215,0.18924781830164022,0.2570633746320096,0.32,0.18,0.02
LOCAL_PULSE_REVERT,0.3,18,18,128,0.18208683928546948,0.17186478913376396,0.2565104984219302,0.36,0.22,0.08
LOCAL_PULSE_REVERT,0.3,18,128,128,0.19780434172441239,0.17508066190413585,0.17342745869387605,0.06,0.1,0.04
LOCAL_PULSE_REVERT,0.3,18,8,128,0.16768026385229726,0.2248211902735322,0.29565329998094725,0.14,0.14,0.12
LOCAL_PULSE_REVERT,0.3,18,18,128,0.2153628822920262,0.1649545708608203,0.22423071291322888,0.24,0.4,0.04
LOCAL_PULSE_REVERT,0.3,18,18,128,0.1931452100857376,0.18155067140716094,0.2436271979722914,0.26,0.14,0.08
LOCAL_PULSE_REVERT,0.3,18,18,18,0.18624930418929894,0.15841584948057644,0.1804574841705715,0.14,0.06,0.06
LOCAL_PULSE_REVERT,0.3,18,8,128,0.17596270027599895,0.19127243480833778,0.2584405401322763,0.46,0.22,0.02
LOCAL_PULSE_REVERT,0.3,18,18,18,0.20732229416908718,0.1893652799429593,0.22517158663135065,0.1,0.08,0.08
LOCAL_PULSE_REVERT,0.3,18,8,128,0.16775399953563602,0.18504757366503266,0.20843954775165338,0.1,0.1,0.04
LOCAL_PULSE_REVERT,0.3,18,18,8,0.2006286048440264,0.15490437150691697,0.1798199311249845,0.08,0.1,0.08
LOCAL_PULSE_REVERT,0.3,18,8,18,0.16705650285275786,0.17506879420984758,0.17719808409871204,0.44,0.1,0.16
LOCAL_PULSE_REVERT,0.3,18,18,128,0.19758933786481075,0.15418667548868759,0.18406489038828175,0.04,0.08,0.02
LOCAL_PULSE_REVERT,0.3,18,8,128,0.1631208654364327,0.2004172484225164,0.27802232601302673,0.52,0.32,0.04
LOCAL_PULSE_REVERT,0.3,18,18,128,0.19191289850809323,0.17506695365289643,0.19570765293304307,0.06,0.06,0.04
LOCAL_PULSE_REVERT,0.3,18,18,128,0.19122745509834832,0.15636533842519323,0.20495901641853975,0.32,0.36,0.16
LOCAL_PULSE_REVERT,0.3,18,8,18,0.16893856763576828,0.18448908083935092,0.20043005921994841,0.14,0.02,0.08
LOCAL_PULSE_REVERT,0.3,18,18,8,0.17989355933128023,0.15983613107745356,0.1636412828115064,0.04,0.06,0.08
LOCAL_PULSE_REVERT,0.3,18,18,128,0.2367151433769354,0.19664616495717804,0.22743614644955906,0.06,0.06,0.04
LOCAL_PULSE_REVERT,0.3,18,18,128,0.16128493836888871,0.1600373428682028,0.17177388029196133,0.48,0.32,0.26
LOCAL_PULSE_REVERT,0.3,18,18,128,0.1790752820239824,0.16934999907697754,0.18242470899881919,0.06,0.26,0.02
LOCAL_PULSE_REVERT,0.3,18,18,128,0.1934374829819944,0.1508803885883521,0.1927942404015148,0.1,0.12,0.02
LOCAL_PULSE_REVERT,0.3,18,18,128,0.18952267785490662,0.15765408150468552,0.1949695635966435,0.06,0.06,0.04
LOCAL_PULSE_REVERT,0.3,18,8,18,0.17843303289483128,0.20258205246713748,0.20539827569303298,0.04,0.02,0.02
LOCAL_PULSE_REVERT,0.55,18,8,18,0.15938309430159547,0.1951077257522913,0.19839069815923122,0.24,0.08,0.08
LOCAL_PULSE_REVERT,0.55,18,18,8,0.19745637044477113,0.16159363632657622,0.17827971067935972,0.02,0.12,0.08
LOCAL_PULSE_REVERT,0.55,18,18,128,0.2188994201203533,0.18483059163181853,0.2417119277677556,0.22,0.2,0.08
LOCAL_PULSE_REVERT,0.55,18,8,18,0.16543399066343845,0.1724219457923888,0.17528059977922933,0.44,0.04,0.1
LOCAL_PULSE_REVERT,0.55,18,18,128,0.16609004016797865,0.15335675555373404,0.17133576396251732,0.26,0.2,0.0
LOCAL_PULSE_REVERT,0.55,18,18,8,0.17908126912236944,0.15399723546294924,0.15737702640790985,0.0,0.08,0.02
LOCAL_PULSE_REVERT,0.55,18,18,128,0.16701682289648875,0.16267046031655316,0.26762841833923834,0.6,0.42,0.06
LOCAL_PULSE_REVERT,0.55,18,18,128,0.18461428169656702,0.15914000524877586,0.1635644485893229,0.14,0.1,0.06
LOCAL_PULSE_REVERT,0.55,18,18,8,0.1794828257803211,0.1568446550034189,0.17327763849556616,0.02,0.08,0.08
LOCAL_PULSE_REVERT,0.55,18,18,128,0.17218751681335584,0.1429432934995734,0.2141448015347352,0.1,0.1,0.08
LOCAL_PULSE_REVERT,0.55,18,18,128,0.16595890099273836,0.15168019397675178,0.17252031215590377,0.22,0.16,0.02
LOCAL_PULSE_REVERT,0.55,18,8,18,0.19623083131467248,0.2595040923526327,0.2634226497275552,0.54,0.0,0.06
LOCAL_PULSE_REVERT,0.55,18,18,128,0.1536109276615653,0.14736600147809514,0.2847992056000456,0.66,0.58,0.0
LOCAL_PULSE_REVERT,0.55,18,18,8,0.17093874835467093,0.15045070268703145,0.15686978101463034,0.0,0.0,0.02
LOCAL_PULSE_REVERT,0.55,18,18,128,0.1853028307080609,0.14904092805998254,0.2085239411696626,0.42,0.42,0.1
LOCAL_PULSE_REVERT,0.55,18,18,18,0.19435364510282638,0.17526527435604253,0.18944377712168495,0.18,0.04,0.08
LOCAL_PULSE_REVERT,0.55,18,18,8,0.20940256105181507,0.1625282456195525,0.18373371903001443,0.04,0.14,0.08
LOCAL_PULSE_REVERT,0.55,18,18,18,0.1655140722682111,0.15328534753638226,0.18478692401497626,0.16,0.06,0.06
LOCAL_PULSE_REVERT,0.55,18,8,128,0.18110836918608192,0.18992889603278448,0.23958703062051903,0.44,0.2,0.0
LOCAL_PULSE_REVERT,0.55,18,18,18,0.19836437508415214,0.1901267284388837,0.1914081384458357,0.1,0.04,0.04
LOCAL_PULSE_REVERT,0.55,18,18,8,0.17441990515990538,0.15123765380690235,0.15416767382184726,0.02,0.06,0.04
LOCAL_PULSE_REVERT,0.55,18,8,18,0.1627455631461798,0.2178916925738804,0.24597907214321615,0.12,0.0,0.04
LOCAL_PULSE_REVERT,0.55,18,18,8,0.20164077148821133,0.17051525006621818,0.2422508511005247,0.06,0.06,0.06
LOCAL_PULSE_REVERT,0.55,18,18,18,0.1807316448249369,0.16703244761582703,0.17361413929291603,0.1,0.0,0.02
LOCAL_PULSE_REVERT,0.8,18,18,18,0.20774419534809935,0.19438208922134026,0.19658127488166585,0.1,0.08,0.08
LOCAL_PULSE_REVERT,0.8,18,18,128,0.1744255311459788,0.16442922189642775,0.20856076803472043,0.32,0.14,0.0
LOCAL_PULSE_REVERT,0.8,18,128,18,0.17762202323660511,0.1550968846769817,0.154978886327825,0.18,0.1,0.12
LOCAL_PULSE_REVERT,0.8,18,8,128,0.16430715027444567,0.22173899993521004,0.2883844695594556,0.14,0.12,0.04
LOCAL_PULSE_REVERT,0.8,18,18,18,0.16319750837177133,0.16257554799255136,0.17118073869769443,0.22,0.02,0.04
LOCAL_PULSE_REVERT,0.8,18,18,8,0.19101179156286605,0.1640570767572789,0.17111878333067285,0.0,0.02,0.04
LOCAL_PULSE_REVERT,0.8,18,8,18,0.18335409559668658,0.19849657191872117,0.20149532271363815,0.42,0.12,0.12
LOCAL_PULSE_REVERT,0.8,18,8,128,0.1579363003474178,0.16768069616241046,0.25691097728165235,0.1,0.04,0.02
LOCAL_PULSE_REVERT,0.8,18,8,18,0.17146536160050446,0.18095470349389411,0.20718264607672165,0.16,0.0,0.08
LOCAL_PULSE_REVERT,0.8,18,18,128,0.18041277244386283,0.1723593335436948,0.18673804183666926,0.1,0.08,0.0
LOCAL_PULSE_REVERT,0.8,18,8,128,0.17468407420714133,0.1992020276102481,0.20540275403072594,0.1,0.16,0.04
LOCAL_PULSE_REVERT,0.8,18,8,128,0.16693137870327754,0.18747459848110926,0.19447731975684354,0.48,0.16,0.14
LOCAL_PULSE_REVERT,0.8,18,18,128,0.18426144732716349,0.1500763767335778,0.16120958078923028,0.08,0.2,0.02
LOCAL_PULSE_REVERT,0.8,18,18,128,0.1734276203324469,0.15408508326418793,0.2197016293565135,0.12,0.12,0.0
LOCAL_PULSE_REVERT,0.8,18,8,128,0.16859232970860555,0.2042032095386633,0.20744887671952825,0.42,0.06,0.04
LOCAL_PULSE_REVERT,0.8,18,128,18,0.16611629618982415,0.15208744911705446,0.1513647176724759,0.16,0.06,0.06
LOCAL_PULSE_REVERT,0.8,18,128,8,0.18113772138842157,0.1581606613327989,0.1577976431413039,0.08,0.08,0.08
LOCAL_PULSE_REVERT,0.8,18,18,18,0.1680831814330714,0.15346003874216554,0.15532025406405028,0.14,0.06,0.06
LOCAL_PULSE_REVERT,0.8,18,18,128,0.1933952048797032,0.17487798409096958,0.17602722355143552,0.02,0.06,0.0
LOCAL_PULSE_REVERT,0.8,18,8,8,0.18244356666412637,0.19687151454443227,0.1970279151004479,0.1,0.22,0.16
LOCAL_PULSE_REVERT,0.8,18,18,8,0.16617200780437277,0.14863137047095293,0.1526450913835785,0.04,0.04,0.04
LOCAL_PULSE_REVERT,0.8,18,18,18,0.19064263132687012,0.16415765538446903,0.16532709052137082,0.1,0.02,0.06
LOCAL_PULSE_REVERT,0.8,18,18,128,0.18305554462196677,0.1409831633069679,0.2167275061902083,0.32,0.34,0.06
LOCAL_PULSE_REVERT,0.8,18,8,128,0.19540807504013674,0.21319360535103674,0.21989448486292495,0.38,0.18,0.16
STATIONARY,0.0,128,18,18,0.1971989416262124,0.18139478399636028,0.18265824034057923,0.14,0.0,0.0
STATIONARY,0.0,128,18,128,0.18645386718587534,0.16293846616649613,0.1882674274329976,0.14,0.14,0.04
STATIONARY,0.0,128,18,18,0.1771062271599319,0.17024016830565789,0.184464057488465,0.46,0.0,0.26
STATIONARY,0.0,128,18,128,0.20324501807433207,0.17565751684485229,0.17644792477530868,0.02,0.04,0.0
STATIONARY,0.0,128,8,8,0.18846995376652492,0.19101341717528206,0.19208380000506164,0.04,0.04,0.04
STATIONARY,0.0,128,18,128,0.20086515701461785,0.15717412738865139,0.20104217229035962,0.18,0.46,0.0
STATIONARY,0.0,128,18,18,0.22483659343861823,0.1979712199077068,0.2216427264897622,0.08,0.06,0.08
STATIONARY,0.0,128,18,128,0.16988760950401763,0.14586139935840323,0.21390675259240313,0.3,0.18,0.02
SINGLE_SHIFT,0.3,2,18,128,0.18641687457009176,0.18492524855528134,0.2506322371239047,0.06,0.06,0.04
SINGLE_SHIFT,0.3,2,8,8,0.18617759491329022,0.22909209221206842,0.2504731391708668,0.14,0.16,0.16
SINGLE_SHIFT,0.3,2,8,8,0.1618856101735699,0.1829207149712813,0.18887467783351844,0.06,0.12,0.12
SINGLE_SHIFT,0.3,2,18,8,0.17250863586088802,0.14606329487540795,0.21095888487280148,0.16,0.16,0.44
SINGLE_SHIFT,0.3,2,8,8,0.1676147307729584,0.17003993234274542,0.18651730291707924,0.04,0.04,0.04
SINGLE_SHIFT,0.3,2,18,8,0.17534914002671337,0.16753763247732084,0.17255507912384158,0.48,0.54,0.56
SINGLE_SHIFT,0.3,2,18,8,0.18184380068193642,0.16989947528582253,0.2137492675878186,0.06,0.08,0.08
SINGLE_SHIFT,0.3,2,18,8,0.19481790682629088,0.169871526274362,0.18523323355833315,0.36,0.56,0.38
SINGLE_SHIFT,0.3,4,18,18,0.16254409796479313,0.15767806524681766,0.1618895108462881,0.06,0.04,0.04
SINGLE_SHIFT,0.3,4,18,18,0.18163201791214598,0.1576567515502801,0.17209995586953794,0.38,0.12,0.24
SINGLE_SHIFT,0.3,4,8,8,0.17254747389466285,0.19531963448946402,0.2040078676499315,0.04,0.12,0.12
SINGLE_SHIFT,0.3,4,8,8,0.16415238110279695,0.2370536382107005,0.2509643254524086,0.04,0.22,0.3
SINGLE_SHIFT,0.3,4,18,8,0.18016180822656908,0.1689700818109061,0.23641083523840423,0.0,0.04,0.04
SINGLE_SHIFT,0.3,4,18,8,0.1705907131874281,0.15319903958711942,0.2002582615565075,0.18,0.32,0.54
SINGLE_SHIFT,0.3,4,8,18,0.1619791659413412,0.1742468698775463,0.2071725746439695,0.26,0.06,0.08
SINGLE_SHIFT,0.3,4,18,128,0.20586306520178685,0.17934584749760732,0.18856832789178424,0.38,0.36,0.32
SINGLE_SHIFT,0.3,6,18,8,0.1993197460504151,0.16901189472991587,0.20225757694058494,0.04,0.04,0.04
SINGLE_SHIFT,0.3,6,8,8,0.17014929111954952,0.209323065791958,0.2337369004326379,0.02,0.26,0.38
SINGLE_SHIFT,0.3,6,8,18,0.1604345907356245,0.2189010789393622,0.2772022586114286,0.46,0.1,0.12
SINGLE_SHIFT,0.3,6,8,8,0.17764361191392225,0.18391168668587363,0.21387703393812102,0.1,0.22,0.4
SINGLE_SHIFT,0.3,6,18,8,0.1786087356013339,0.16843028302390511,0.19392096995373034,0.04,0.04,0.04
SINGLE_SHIFT,0.3,6,18,128,0.17497517241593916,0.1417793982408044,0.22251077131613137,0.76,0.72,0.5
SINGLE_SHIFT,0.3,6,8,18,0.15951825633715333,0.1656435238794884,0.24160255099301522,0.3,0.02,0.08
SINGLE_SHIFT,0.3,6,8,8,0.16518094743370967,0.16688183398149817,0.1800761415548935,0.18,0.34,0.36
SINGLE_SHIFT,0.3,8,8,8,0.16902825542055577,0.16977515137295954,0.17593946973267058,0.04,0.04,0.04
SINGLE_SHIFT,0.3,8,18,8,0.17076645292049805,0.14703870251672654,0.21758859033463912,0.18,0.18,0.4
SINGLE_SHIFT,0.3,8,18,8,0.20995987716192305,0.19849806253642238,0.24695689220743322,0.08,0.1,0.12
SINGLE_SHIFT,0.3,8,8,18,0.1599207327108621,0.20793906549802846,0.2854557303609143,0.04,0.0,0.22
SINGLE_SHIFT,0.3,8,18,8,0.18372435867363235,0.17214612531996643,0.19667615699381694,0.04,0.04,0.04
SINGLE_SHIFT,0.3,8,18,18,0.20460811536400966,0.16740996953749196,0.18796134413523546,0.52,0.36,0.54
SINGLE_SHIFT,0.3,8,8,18,0.15403185176890918,0.2202682268626311,0.2823200096769262,0.48,0.04,0.08
SINGLE_SHIFT,0.3,8,8,8,0.18257824541859077,0.19294006924242493,0.19453750659606464,0.2,0.38,0.38
SINGLE_SHIFT,0.3,12,18,8,0.17969141664959754,0.15526190673281795,0.18420510599145992,0.02,0.04,0.04
SINGLE_SHIFT,0.3,12,18,18,0.19421308689196093,0.1602615768531567,0.1724969803670959,0.26,0.16,0.26
SINGLE_SHIFT,0.3,12,18,18,0.16972361352899118,0.14656633974265754,0.26626163991307306,0.24,0.04,0.14
SINGLE_SHIFT,0.3,12,18,18,0.187325732897773,0.16229962028198877,0.16414460160484026,0.36,0.28,0.32
SINGLE_SHIFT,0.3,12,18,18,0.18428509112246552,0.15821800885132262,0.23803038332853282,0.06,0.02,0.04
SINGLE_SHIFT,0.3,12,18,18,0.19876220535823216,0.15989932293261308,0.19628757979387346,0.34,0.16,0.5
SINGLE_SHIFT,0.3,12,18,8,0.19006700433873974,0.17788586814940496,0.21603169139362607,0.04,0.08,0.08
SINGLE_SHIFT,0.3,12,18,8,0.17526296006155076,0.14539751238866222,0.1863217482255608,0.2,0.2,0.36
SINGLE_SHIFT,0.3,18,8,18,0.16116156470956652,0.23230586161208858,0.29798134571383544,0.52,0.04,0.04
SINGLE_SHIFT,0.3,18,8,18,0.155276947796862,0.18595064407600892,0.25515118104090057,0.16,0.06,0.26
SINGLE_SHIFT,0.3,18,8,128,0.18011251745510265,0.23338851984407336,0.3641980413694326,0.62,0.26,0.12
SINGLE_SHIFT,0.3,18,18,8,0.1727010099234179,0.14068009275921312,0.2150717342601183,0.02,0.02,0.16
SINGLE_SHIFT,0.3,18,18,18,0.21234950026051858,0.20985715476164227,0.2751434007052779,0.3,0.02,0.04
SINGLE_SHIFT,0.3,18,18,8,0.22340744294976,0.1604806738588319,0.25642757824980217,0.02,0.04,0.5
SINGLE_SHIFT,0.3,18,18,8,0.1828556687889784,0.1411758753367756,0.2143294297203092,0.04,0.08,0.08
SINGLE_SHIFT,0.3,18,18,18,0.18950177925023223,0.15751114017737358,0.16700454816921126,0.38,0.26,0.36
SINGLE_SHIFT,0.3,24,18,128,0.18185300257992443,0.1402361297622884,0.24219375573789173,0.34,0.28,0.04
SINGLE_SHIFT,0.3,24,18,8,0.17037759110479556,0.1509403120033219,0.18707153805372342,0.02,0.04,0.16
SINGLE_SHIFT,0.3,24,18,8,0.1868301940319968,0.15740321000955765,0.21965819875544176,0.02,0.08,0.12
SINGLE_SHIFT,0.3,24,8,8,0.15672909926225564,0.17760226036865412,0.25485734986053105,0.04,0.04,0.12
SINGLE_SHIFT,0.3,24,18,128,0.16718394860311214,0.147948451866273,0.2452948629707723,0.26,0.06,0.04
SINGLE_SHIFT,0.3,24,8,8,0.16597420163078994,0.21135813027932415,0.26352843871660825,0.08,0.24,0.52
SINGLE_SHIFT,0.3,24,18,128,0.1929509993238317,0.15411479534682984,0.24385188382760992,0.3,0.22,0.08
SINGLE_SHIFT,0.3,24,18,18,0.19134760250739477,0.15783792476874303,0.17454404438545967,0.16,0.02,0.2
SINGLE_SHIFT,0.3,36,8,18,0.17328522653974593,0.18404950541829684,0.22929150005534704,0.2,0.04,0.04
SINGLE_SHIFT,0.3,36,18,128,0.17540794819973812,0.15085887721899768,0.15854128064517484,0.24,0.2,0.14
SINGLE_SHIFT,0.3,36,18,128,0.20016410925892547,0.14442833829327167,0.2663626542355201,0.32,0.46,0.12
SINGLE_SHIFT,0.3,36,18,8,0.1935891656995831,0.15285184268905785,0.2217814266593884,0.02,0.04,0.16
SINGLE_SHIFT,0.3,36,18,8,0.1854574994445815,0.15320862611597558,0.1916640314525728,0.04,0.04,0.04
SINGLE_SHIFT,0.3,36,18,18,0.19104687829332964,0.14762905698591255,0.22687092841647058,0.08,0.0,0.5
SINGLE_SHIFT,0.3,36,18,128,0.17415780755964333,0.138565416807054,0.21237726354191203,0.18,0.14,0.08
SINGLE_SHIFT,0.3,36,18,8,0.1645911151417562,0.14302008943306432,0.16219045103354596,0.14,0.14,0.2
SINGLE_SHIFT,0.3,48,8,18,0.17628463454108578,0.18819076345810873,0.2226854655144427,0.26,0.04,0.04
SINGLE_SHIFT,0.3,48,18,18,0.1830770643742273,0.1683343731938361,0.17558217559391606,0.28,0.14,0.18
SINGLE_SHIFT,0.3,48,8,18,0.17496909636833027,0.1868621781833438,0.27747507891223905,0.36,0.0,0.12
SINGLE_SHIFT,0.3,48,18,8,0.16760718204653477,0.1540112893014692,0.16723827375778852,0.08,0.12,0.16
SINGLE_SHIFT,0.3,48,18,8,0.18420763638938192,0.15321322779124577,0.16203627906403062,0.04,0.04,0.04
SINGLE_SHIFT,0.3,48,18,18,0.20136337846464306,0.15607307852055197,0.1923141410061889,0.26,0.02,0.36
SINGLE_SHIFT,0.3,48,18,128,0.21408911532711955,0.14144823202808463,0.3017626300758222,0.62,0.68,0.08
SINGLE_SHIFT,0.3,48,8,128,0.17006609571017348,0.206597728426272,0.22789562342623434,0.6,0.34,0.2
SINGLE_SHIFT,0.55,2,18,8,0.21373518310773218,0.19461068430231984,0.21369254161474519,0.06,0.06,0.06
SINGLE_SHIFT,0.55,2,8,128,0.1797906611180763,0.19576888991768313,0.22335303968733716,0.54,0.52,0.5
SINGLE_SHIFT,0.55,2,18,8,0.19807440295426118,0.18109214508599983,0.18129371109170453,0.16,0.16,0.16
SINGLE_SHIFT,0.55,2,18,8,0.19598879193767002,0.19238181480108138,0.2105600680627648,0.5,0.6,0.64
SINGLE_SHIFT,0.55,2,18,8,0.1871949195757741,0.1577803319864338,0.17303505061832844,0.06,0.06,0.06
SINGLE_SHIFT,0.55,2,18,18,0.17246847617318958,0.16138571248158784,0.17529274280961193,0.78,0.72,0.76
SINGLE_SHIFT,0.55,2,8,8,0.19137009010540199,0.21626374254733677,0.2246575424392543,0.08,0.08,0.08
SINGLE_SHIFT,0.55,2,18,18,0.17192503297188264,0.1702016137894819,0.1734774375180156,0.66,0.62,0.62
SINGLE_SHIFT,0.55,4,8,8,0.16610609108879662,0.19839846471534225,0.2000239265471108,0.04,0.06,0.06
SINGLE_SHIFT,0.55,4,8,8,0.15981706428995132,0.2306778921153561,0.27813024932550245,0.14,0.26,0.44
SINGLE_SHIFT,0.55,4,128,8,0.2410969832664126,0.20626775952785759,0.2037388249219155,0.16,0.16,0.16
SINGLE_SHIFT,0.55,4,8,8,0.1889087709740624,0.252645679449262,0.29848311483715295,0.02,0.44,0.6
SINGLE_SHIFT,0.55,4,18,8,0.2148892583852214,0.18587131984154837,0.2219718545300535,0.04,0.04,0.04
SINGLE_SHIFT,0.55,4,18,18,0.24628157866193698,0.2018309407823299,0.21362740343703424,0.74,0.72,0.76
SINGLE_SHIFT,0.55,4,18,8,0.20097577244886503,0.19476020286908924,0.19788732593138478,0.08,0.08,0.08
SINGLE_SHIFT,0.55,4,8,8,0.16129805413924647,0.17325589970026672,0.20347238303429074,0.36,0.56,0.62
SINGLE_SHIFT,0.55,6,8,18,0.16525628900170783,0.22103078844907748,0.29057713184281486,0.14,0.04,0.06
SINGLE_SHIFT,0.55,6,18,8,0.18442716711663523,0.14957011201851164,0.2507136341930144,0.24,0.24,0.52
SINGLE_SHIFT,0.55,6,8,8,0.1589576726371273,0.27381703501082516,0.2796332023067344,0.16,0.16,0.16
SINGLE_SHIFT,0.55,6,8,8,0.1820433498989004,0.19139366305694994,0.2628075612750206,0.16,0.42,0.64
SINGLE_SHIFT,0.55,6,8,8,0.16417692572607698,0.19886790770321028,0.24996815392187818,0.04,0.04,0.04
SINGLE_SHIFT,0.55,6,8,8,0.16797586654164712,0.1719766983123257,0.1716329997541816,0.64,0.72,0.72
SINGLE_SHIFT,0.55,6,8,8,0.15505107224680642,0.23185201897063631,0.2560713091981556,0.06,0.08,0.08
SINGLE_SHIFT,0.55,6,8,8,0.21742782072858935,0.28046533897182585,0.2904184519321843,0.18,0.6,0.62
SINGLE_SHIFT,0.55,8,8,18,0.17967833940474037,0.22986270713208,0.31318994145985113,0.38,0.04,0.04
SINGLE_SHIFT,0.55,8,8,8,0.2026528076428769,0.22880811457067796,0.3076660320022475,0.06,0.4,0.52
SINGLE_SHIFT,0.55,8,18,8,0.2039339678631501,0.16517992145585808,0.22210886255760146,0.1,0.12,0.16
SINGLE_SHIFT,0.55,8,18,8,0.16756110261473328,0.1445961717013679,0.21699671234147902,0.12,0.16,0.5
SINGLE_SHIFT,0.55,8,18,8,0.20514741809817727,0.17035735902093022,0.2462727169140384,0.04,0.04,0.06
SINGLE_SHIFT,0.55,8,8,8,0.18063599126840427,0.22316558362196798,0.27396481251872157,0.02,0.52,0.64
SINGLE_SHIFT,0.55,8,8,8,0.18822076587623526,0.20228585624444878,0.24536869871349984,0.08,0.08,0.08
SINGLE_SHIFT,0.55,8,8,8,0.16504529557974307,0.20397888522612465,0.2561572212073556,0.0,0.36,0.54
SINGLE_SHIFT,0.55,12,18,18,0.18332019168859212,0.17044222797301348,0.3107071688811409,0.2,0.02,0.06
SINGLE_SHIFT,0.55,12,8,8,0.19628901662121137,0.20979964349467278,0.2588784103066804,0.2,0.4,0.5
SINGLE_SHIFT,0.55,12,18,8,0.18825895857436484,0.1411889080584132,0.22885696764677582,0.1,0.1,0.16
SINGLE_SHIFT,0.55,12,18,8,0.17616668983385625,0.15988554586542866,0.22491786373333422,0.28,0.36,0.62
SINGLE_SHIFT,0.55,12,8,18,0.18878522928266228,0.21604640385762158,0.3674731771683123,0.34,0.04,0.06
SINGLE_SHIFT,0.55,12,8,8,0.16912159714913688,0.19095277357022628,0.29188482300816093,0.08,0.24,0.62
SINGLE_SHIFT,0.55,12,18,18,0.18064612142926909,0.16620690115077077,0.3216706060806862,0.3,0.08,0.08
SINGLE_SHIFT,0.55,12,8,8,0.16144276313822087,0.22603927002176694,0.36606755803284907,0.04,0.18,0.62
SINGLE_SHIFT,0.55,18,8,128,0.2036750246849877,0.21304195933929712,0.35205139892157516,0.46,0.1,0.04
SINGLE_SHIFT,0.55,18,18,8,0.19026814520352062,0.1385299006595688,0.28211340227574927,0.04,0.06,0.4
SINGLE_SHIFT,0.55,18,18,128,0.1631486373520997,0.15559525687077058,0.3587996528994479,0.5,0.2,0.16
SINGLE_SHIFT,0.55,18,18,18,0.2480753161598444,0.1672876712067167,0.27935711275249375,0.28,0.04,0.6
SINGLE_SHIFT,0.55,18,18,8,0.19496998548338493,0.15049933285613085,0.28172991454380536,0.02,0.02,0.04
SINGLE_SHIFT,0.55,18,18,18,0.1872335676725746,0.14880954500546864,0.18430909424692296,0.66,0.54,0.72
SINGLE_SHIFT,0.55,18,18,18,0.1778455600692736,0.1323090496983967,0.26536156358661994,0.08,0.06,0.08
SINGLE_SHIFT,0.55,18,18,18,0.19315758815960019,0.15562438918655425,0.22155319407554225,0.2,0.18,0.44
SINGLE_SHIFT,0.55,24,18,128,0.2043677213443351,0.137387557330121,0.31855123503763394,0.46,0.46,0.04
SINGLE_SHIFT,0.55,24,18,8,0.1842810769906839,0.1328556890770983,0.32028733964341033,0.14,0.14,0.44
SINGLE_SHIFT,0.55,24,18,18,0.19770241548400583,0.15976764050957937,0.17770714026431841,0.16,0.14,0.16
SINGLE_SHIFT,0.55,24,18,18,0.19598783465769798,0.16491683126195045,0.17545823053583254,0.44,0.16,0.38
SINGLE_SHIFT,0.55,24,18,18,0.17843404742561042,0.17041147310550012,0.2726548215840615,0.12,0.04,0.04
SINGLE_SHIFT,0.55,24,18,18,0.17930787130423945,0.15243449501516249,0.4295605605748409,0.1,0.08,0.52
SINGLE_SHIFT,0.55,24,18,18,0.1876124600375289,0.1507616858553595,0.2385692107803258,0.1,0.02,0.08
SINGLE_SHIFT,0.55,24,18,18,0.20454519612541447,0.15902084081429482,0.2234169416277924,0.34,0.14,0.48
SINGLE_SHIFT,0.55,36,8,18,0.16424499431566378,0.19975793755649918,0.3444893909605674,0.52,0.0,0.06
SINGLE_SHIFT,0.55,36,18,8,0.20040033762569312,0.14109542078393725,0.30707614042139664,0.16,0.16,0.32
SINGLE_SHIFT,0.55,36,18,128,0.18036375736438034,0.12903285179857424,0.2923150409122551,0.4,0.34,0.12
SINGLE_SHIFT,0.55,36,18,8,0.23168985807815623,0.16106613722160487,0.31052779391718877,0.0,0.04,0.48
SINGLE_SHIFT,0.55,36,18,8,0.19577052751114704,0.1477781912520418,0.257901349154975,0.04,0.04,0.04
SINGLE_SHIFT,0.55,36,8,8,0.19915915596049727,0.21551814708140302,0.31101770439866167,0.02,0.22,0.56
SINGLE_SHIFT,0.55,36,8,128,0.17239058485927433,0.18604329570115655,0.29756660221428266,0.4,0.1,0.08
SINGLE_SHIFT,0.55,36,18,18,0.21162056421690656,0.16761219022911625,0.19075224252468284,0.38,0.14,0.38
SINGLE_SHIFT,0.55,48,18,8,0.18443560490464278,0.1585298005935248,0.24118622341253,0.0,0.04,0.04
SINGLE_SHIFT,0.55,48,18,8,0.17788468653109296,0.1632780787855174,0.21986582487261191,0.1,0.18,0.4
SINGLE_SHIFT,0.55,48,18,18,0.16053112964615163,0.15574965128167714,0.2722275762158895,0.36,0.04,0.14
SINGLE_SHIFT,0.55,48,18,18,0.17981418085724174,0.15861679047858768,0.24700252648152965,0.04,0.02,0.24
SINGLE_SHIFT,0.55,48,18,8,0.20124008581211866,0.156725235766931,0.2023389649582718,0.04,0.04,0.04
SINGLE_SHIFT,0.55,48,18,8,0.1895526806458722,0.15273263384039348,0.2301168578785027,0.1,0.24,0.6
SINGLE_SHIFT,0.55,48,18,128,0.17610646726494397,0.14249619517830367,0.24193653304234303,0.14,0.1,0.08
SINGLE_SHIFT,0.55,48,18,18,0.18164929354641565,0.1586416819910953,0.17294222881850074,0.54,0.32,0.38
SINGLE_SHIFT,0.8,2,18,8,0.19263702528194612,0.17810953884810848,0.18981697658232854,0.06,0.06,0.06
SINGLE_SHIFT,0.8,2,8,8,0.2023492991226901,0.2596297752508559,0.3272376545594659,0.24,0.52,0.54
SINGLE_SHIFT,0.8,2,8,8,0.1879205671590014,0.20933488057848063,0.24881274732208625,0.16,0.16,0.18
SINGLE_SHIFT,0.8,2,8,8,0.2090618198327723,0.2631364254984498,0.2603260338664664,0.62,0.68,0.68
SINGLE_SHIFT,0.8,2,8,8,0.19282093712948553,0.20413150448319606,0.23671446237800725,0.06,0.06,0.06
SINGLE_SHIFT,0.8,2,8,8,0.16703978543587492,0.17684849085300866,0.17822981746045147,0.76,0.78,0.78
SINGLE_SHIFT,0.8,2,8,8,0.1946134171356464,0.1955053162752099,0.337113777911122,0.04,0.08,0.08
SINGLE_SHIFT,0.8,2,8,18,0.19187633923675457,0.19473013265057307,0.20010321581521665,0.68,0.66,0.66
SINGLE_SHIFT,0.8,4,8,8,0.20425223068396786,0.24777506666307128,0.32567835827825764,0.04,0.06,0.06
SINGLE_SHIFT,0.8,4,18,8,0.21166146385998902,0.180224073463416,0.2494369830877935,0.44,0.46,0.52
SINGLE_SHIFT,0.8,4,18,8,0.16136870894784588,0.15758203845300722,0.2660400967750362,0.12,0.16,0.18
SINGLE_SHIFT,0.8,4,8,8,0.1693766531013668,0.19387299464797664,0.22972194898348067,0.5,0.66,0.68
SINGLE_SHIFT,0.8,4,8,8,0.1941915053926339,0.23579101240533523,0.26264638699776727,0.04,0.06,0.06
SINGLE_SHIFT,0.8,4,18,8,0.24055312050913694,0.19492153674275026,0.20223803941231516,0.78,0.78,0.78
SINGLE_SHIFT,0.8,4,8,8,0.15657918246193028,0.17074892572797476,0.26302868782867456,0.08,0.08,0.08
SINGLE_SHIFT,0.8,4,8,8,0.2390192755184791,0.2554910886901979,0.26608282452043475,0.4,0.64,0.66
SINGLE_SHIFT,0.8,6,18,8,0.19023057730321166,0.1415027533648374,0.3494791263891497,0.0,0.0,0.06
SINGLE_SHIFT,0.8,6,18,8,0.21687004638224694,0.211091039920031,0.24633499615335003,0.44,0.52,0.52
SINGLE_SHIFT,0.8,6,18,8,0.19049453592882037,0.15849632366497055,0.2647244015844915,0.1,0.14,0.16
SINGLE_SHIFT,0.8,6,8,8,0.16171468449406284,0.23565482575116872,0.3465000455313266,0.08,0.6,0.68
SINGLE_SHIFT,0.8,6,18,8,0.15520509903339524,0.15007612316685615,0.25020573300070437,0.04,0.04,0.06
SINGLE_SHIFT,0.8,6,8,8,0.15371270281611588,0.24742613076149259,0.3533957366378943,0.02,0.72,0.78
SINGLE_SHIFT,0.8,6,8,18,0.16629541991606575,0.2373286453106414,0.35090942747757414,0.12,0.08,0.08
SINGLE_SHIFT,0.8,6,8,8,0.15861119500709392,0.19257368934575728,0.2694554069186678,0.2,0.56,0.66
SINGLE_SHIFT,0.8,8,8,8,0.15860560939691373,0.16760827201311568,0.2663919191300417,0.04,0.06,0.06
SINGLE_SHIFT,0.8,8,8,8,0.15675467484635425,0.23419649687992475,0.3021279459450229,0.2,0.52,0.56
SINGLE_SHIFT,0.8,8,8,8,0.15565765245931265,0.22055850607320204,0.3108915434450049,0.1,0.16,0.2
SINGLE_SHIFT,0.8,8,8,8,0.16744503653156573,0.18020709354630257,0.23610958136274446,0.5,0.66,0.68
SINGLE_SHIFT,0.8,8,8,8,0.1544042778705056,0.20054031273428233,0.3295536622310454,0.04,0.04,0.06
SINGLE_SHIFT,0.8,8,8,8,0.16659306998936216,0.187264652457549,0.24940979444368144,0.56,0.76,0.78
SINGLE_SHIFT,0.8,8,8,8,0.18899699186959706,0.2067426143630233,0.22043738329219373,0.08,0.08,0.08
SINGLE_SHIFT,0.8,8,8,8,0.16544564425550362,0.250651345778102,0.3523994542487817,0.02,0.56,0.66
SINGLE_SHIFT,0.8,12,8,18,0.1698258653657009,0.17036380578144228,0.3892727614131064,0.34,0.0,0.06
SINGLE_SHIFT,0.8,12,18,18,0.20702066101242017,0.15090573716147515,0.2848913300482086,0.28,0.26,0.52
SINGLE_SHIFT,0.8,12,18,8,0.1771235604831406,0.17565015928177818,0.3436861509156516,0.06,0.1,0.16
SINGLE_SHIFT,0.8,12,18,8,0.18655461898373601,0.16870458096541222,0.33222189950994374,0.08,0.16,0.66
SINGLE_SHIFT,0.8,12,8,18,0.15677482456911082,0.22288144768659077,0.3264930232273695,0.06,0.04,0.06
SINGLE_SHIFT,0.8,12,8,8,0.19848870815033887,0.23344997746320642,0.3173231293044304,0.52,0.76,0.8
SINGLE_SHIFT,0.8,12,18,18,0.1940628599835709,0.15593174472625873,0.35992164326381054,0.22,0.08,0.08
SINGLE_SHIFT,0.8,12,8,8,0.16029942251630971,0.20742593277498916,0.3592157869202209,0.02,0.32,0.66
SINGLE_SHIFT,0.8,18,18,8,0.15845272929132043,0.14296695659330116,0.31149700206139497,0.02,0.04,0.06
SINGLE_SHIFT,0.8,18,18,18,0.22604720694861954,0.14920983098497304,0.32352906478137855,0.24,0.04,0.52
SINGLE_SHIFT,0.8,18,18,18,0.17656216531575866,0.13202455712059352,0.29961958496149055,0.06,0.02,0.16
SINGLE_SHIFT,0.8,18,18,8,0.1776463355767993,0.13583826518497646,0.2729739796015654,0.16,0.16,0.66
SINGLE_SHIFT,0.8,18,18,8,0.25378374844499035,0.1913774332408497,0.27538081289271943,0.04,0.04,0.06
SINGLE_SHIFT,0.8,18,18,18,0.26258215779203464,0.1783666586921092,0.2611265828361166,0.76,0.26,0.78
SINGLE_SHIFT,0.8,18,18,128,0.23189441211031755,0.146132213279889,0.35875208984073803,0.12,0.24,0.08
SINGLE_SHIFT,0.8,18,18,18,0.2168585876781886,0.14911892202941268,0.2951101005717536,0.2,0.06,0.64
SINGLE_SHIFT,0.8,24,18,18,0.17259849629353996,0.1374522000745359,0.3173942163115736,0.08,0.0,0.06
SINGLE_SHIFT,0.8,24,18,18,0.19059857750729978,0.1254424750219377,0.34625868508097263,0.1,0.0,0.54
SINGLE_SHIFT,0.8,24,18,8,0.21759393464664056,0.15322097151835604,0.29959385013276285,0.06,0.14,0.16
SINGLE_SHIFT,0.8,24,18,8,0.21379994043328754,0.15050873165976114,0.30981995792996225,0.02,0.04,0.62
SINGLE_SHIFT,0.8,24,18,18,0.23214807461947884,0.163368410970493,0.3404339201866296,0.04,0.0,0.06
SINGLE_SHIFT,0.8,24,18,8,0.1830446488525951,0.15613760050889008,0.3239197819236188,0.0,0.06,0.72
SINGLE_SHIFT,0.8,24,18,8,0.20011187634198382,0.1683600598824006,0.2909855287676159,0.08,0.08,0.08
SINGLE_SHIFT,0.8,24,18,18,0.24318927518593078,0.15307341177074454,0.3171055960897333,0.3,0.02,0.64
SINGLE_SHIFT,0.8,36,18,8,0.21208294101728004,0.15002753326416018,0.27068637600032547,0.04,0.22,0.06
SINGLE_SHIFT,0.8,36,18,18,0.22595483246760997,0.15312183109064256,0.3215923481365351,0.18,0.14,0.52
SINGLE_SHIFT,0.8,36,18,128,0.18933652744513088,0.13670275086210865,0.3304508103157518,0.34,0.26,0.16
SINGLE_SHIFT,0.8,36,18,18,0.21171381351108626,0.16016797947769718,0.263376543040989,0.16,0.08,0.6
SINGLE_SHIFT,0.8,36,18,18,0.1952392398102156,0.14047842047022968,0.279798035750158,0.04,0.0,0.04
SINGLE_SHIFT,0.8,36,18,18,0.2016559679120972,0.14155235579472944,0.29381728402989593,0.36,0.24,0.78
SINGLE_SHIFT,0.8,36,18,18,0.204945882610902,0.15131145588919362,0.257758553481501,0.08,0.02,0.08
SINGLE_SHIFT,0.8,36,18,18,0.2218455237348014,0.14406304770092832,0.33261173322174864,0.14,0.02,0.64
SINGLE_SHIFT,0.8,48,18,128,0.18602398793969702,0.14344984596199953,0.3869830371597312,0.52,0.42,0.06
SINGLE_SHIFT,0.8,48,18,18,0.17117567323194813,0.15028693328069614,0.30247825264176564,0.14,0.04,0.44
SINGLE_SHIFT,0.8,48,18,8,0.21382821502587337,0.2013338078684169,0.28588656160488646,0.02,0.1,0.16
SINGLE_SHIFT,0.8,48,18,8,0.19132191250070843,0.14705834435338652,0.24912301785676677,0.16,0.16,0.6
SINGLE_SHIFT,0.8,48,18,18,0.20813860640902954,0.1577518156298131,0.2702280680618569,0.04,0.02,0.04
SINGLE_SHIFT,0.8,48,18,18,0.27216785450683584,0.18788281815902422,0.2988710580646075,0.24,0.18,0.74
SINGLE_SHIFT,0.8,48,18,128,0.21363659703424426,0.13470517044817987,0.3715937621606012,0.44,0.52,0.08
SINGLE_SHIFT,0.8,48,18,8,0.19518580813602696,0.1403253987047916,0.27447792368261464,0.02,0.02,0.44
LOCAL_PULSE_REVERT,0.3,18,8,128,0.1691664581290183,0.18130671770271514,0.19145807710981155,0.04,0.26,0.0
LOCAL_PULSE_REVERT,0.3,18,8,18,0.1691104139148952,0.19645974026833002,0.21588036785480583,0.16,0.0,0.06
LOCAL_PULSE_REVERT,0.3,18,18,128,0.18636038995831086,0.16862845848462388,0.19611106669018064,0.32,0.18,0.02
LOCAL_PULSE_REVERT,0.3,18,18,18,0.1841045206335868,0.17228925369081657,0.1867657604665511,0.08,0.04,0.04
LOCAL_PULSE_REVERT,0.3,18,18,128,0.2164347578728918,0.1842479895235926,0.19046818091361847,0.06,0.04,0.02
LOCAL_PULSE_REVERT,0.3,18,8,128,0.16741291470362732,0.21249762139469555,0.27146012276776665,0.08,0.08,0.06
LOCAL_PULSE_REVERT,0.3,18,18,8,0.23046546670004464,0.19851047263744825,0.19997052583204936,0.04,0.36,0.1
LOCAL_PULSE_REVERT,0.3,18,18,18,0.19061897658595067,0.17991572853192983,0.18694896433226987,0.04,0.0,0.02
LOCAL_PULSE_REVERT,0.3,18,18,128,0.22890308154776404,0.22780978152635084,0.2804652535455675,0.68,0.46,0.22
LOCAL_PULSE_REVERT,0.3,18,8,128,0.15979651143514054,0.17158689952922282,0.22114100071875373,0.44,0.24,0.04
LOCAL_PULSE_REVERT,0.3,18,8,128,0.17298563945897952,0.18290724569119324,0.20183707982960208,0.4,0.12,0.02
LOCAL_PULSE_REVERT,0.3,18,18,8,0.1931318999056342,0.1680414145711809,0.17314182680712342,0.04,0.04,0.04
LOCAL_PULSE_REVERT,0.3,18,18,8,0.17997251296610245,0.16333959339879167,0.19589244874950676,0.04,0.04,0.04
LOCAL_PULSE_REVERT,0.3,18,18,8,0.19317988203468556,0.15459261697296595,0.17160061839420443,0.02,0.36,0.02
LOCAL_PULSE_REVERT,0.3,18,18,8,0.2262822867978931,0.19728311538001314,0.19747597869031408,0.04,0.12,0.08
LOCAL_PULSE_REVERT,0.3,18,128,18,0.18258972276616428,0.17141812320958244,0.1703431986220737,0.02,0.0,0.0
LOCAL_PULSE_REVERT,0.3,18,8,18,0.16038317917961017,0.21678193986153832,0.22944950284797644,0.04,0.0,0.0
LOCAL_PULSE_REVERT,0.3,18,18,128,0.2071808915969243,0.1900027248161802,0.2376831885059677,0.16,0.14,0.0
LOCAL_PULSE_REVERT,0.3,18,18,8,0.16839902242037397,0.15704650810981458,0.16369188972514065,0.08,0.1,0.08
LOCAL_PULSE_REVERT,0.3,18,18,128,0.1789755969639228,0.14629152390441422,0.209566607245152,0.32,0.28,0.06
LOCAL_PULSE_REVERT,0.3,18,18,8,0.2008255366799645,0.15296927886887626,0.17282816651942806,0.04,0.04,0.04
LOCAL_PULSE_REVERT,0.3,18,8,8,0.1952479629112291,0.20101180373350674,0.21416492114846136,0.02,0.16,0.24
LOCAL_PULSE_REVERT,0.3,18,8,128,0.15913363882625298,0.17315488821111757,0.24089836194135156,0.56,0.36,0.08
LOCAL_PULSE_REVERT,0.3,18,18,8,0.18524363264175173,0.15336157762387878,0.17365077199429574,0.02,0.02,0.02
LOCAL_PULSE_REVERT,0.55,18,8,128,0.17739501439179534,0.1793327122868227,0.23319228062577382,0.42,0.22,0.04
LOCAL_PULSE_REVERT,0.55,18,8,128,0.18824458437931954,0.2133946438176599,0.21389029645943092,0.14,0.12,0.0
LOCAL_PULSE_REVERT,0.55,18,8,128,0.16788303174838615,0.18193691771845302,0.22833957225578308,0.5,0.32,0.08
LOCAL_PULSE_REVERT,0.55,18,18,128,0.17568974862861209,0.16048567988437898,0.2088129759127873,0.04,0.04,0.02
LOCAL_PULSE_REVERT,0.55,18,8,18,0.16545564216659575,0.21783730025895856,0.22181374611045032,0.34,0.04,0.04
LOCAL_PULSE_REVERT,0.55,18,18,8,0.17817191391654186,0.15117454632405072,0.1943033515337367,0.04,0.04,0.06
LOCAL_PULSE_REVERT,0.55,18,18,128,0.1794220204080325,0.1591275794938271,0.21015616750493318,0.44,0.4,0.16
LOCAL_PULSE_REVERT,0.55,18,8,128,0.16343873292769445,0.18804447887847395,0.20464794081617912,0.44,0.18,0.14
LOCAL_PULSE_REVERT,0.55,18,18,128,0.17529244201895883,0.16301293250129784,0.18160124965222232,0.26,0.02,0.0
LOCAL_PULSE_REVERT,0.55,18,18,128,0.17789232676567812,0.16702282758262435,0.1774843083156398,0.24,0.16,0.06
LOCAL_PULSE_REVERT,0.55,18,18,18,0.18178286750754474,0.17300306294371914,0.17886490243839362,0.1,0.04,0.1
LOCAL_PULSE_REVERT,0.55,18,8,18,0.17152735070573183,0.18261398491900852,0.18847738471684797,0.16,0.02,0.02
LOCAL_PULSE_REVERT,0.55,18,18,8,0.18079753772787174,0.1517207088254106,0.1595990657086598,0.02,0.04,0.04
LOCAL_PULSE_REVERT,0.55,18,128,8,0.1895189092996672,0.18696342927326093,0.18593257735732774,0.02,0.26,0.24
LOCAL_PULSE_REVERT,0.55,18,8,128,0.18098778092786447,0.2060707187128895,0.27599978930430424,0.66,0.3,0.02
LOCAL_PULSE_REVERT,0.55,18,18,8,0.20747904001105763,0.1841531630530139,0.191511182085269,0.02,0.04,0.02
LOCAL_PULSE_REVERT,0.55,18,18,128,0.1713360281890756,0.15543275642658924,0.17600145562166744,0.28,0.14,0.0
LOCAL_PULSE_REVERT,0.55,18,18,128,0.17738748930013826,0.16833625648501108,0.17112524250452674,0.04,0.08,0.0
LOCAL_PULSE_REVERT,0.55,18,18,8,0.1737125333712279,0.15555059265987176,0.16455405093924386,0.06,0.1,0.1
LOCAL_PULSE_REVERT,0.55,18,8,18,0.16613092122198336,0.2085766363371319,0.21737503318514495,0.48,0.02,0.04
LOCAL_PULSE_REVERT,0.55,18,18,8,0.16398093451464923,0.14389738564409527,0.16445165882230692,0.04,0.04,0.06
LOCAL_PULSE_REVERT,0.55,18,8,18,0.18466699102211798,0.1973988374227198,0.2430910852082464,0.08,0.0,0.22
LOCAL_PULSE_REVERT,0.55,18,8,18,0.15962027588119052,0.19858600951713418,0.20442070306733073,0.08,0.04,0.04
LOCAL_PULSE_REVERT,0.55,18,18,8,0.17943298738877025,0.17237429512451222,0.1734649596709402,0.02,0.02,0.02
LOCAL_PULSE_REVERT,0.8,18,18,128,0.20095530441220846,0.17542532935761268,0.1853820138254013,0.26,0.14,0.0
LOCAL_PULSE_REVERT,0.8,18,18,8,0.17832071502761224,0.14694687432954734,0.16115435865824884,0.04,0.14,0.06
LOCAL_PULSE_REVERT,0.8,18,8,18,0.18198181133349708,0.1983833398560915,0.20203748101085744,0.44,0.04,0.1
LOCAL_PULSE_REVERT,0.8,18,8,8,0.16952819655002715,0.17892299038454557,0.1942324339795871,0.04,0.04,0.04
LOCAL_PULSE_REVERT,0.8,18,18,8,0.2036238452078961,0.17199053689494687,0.21185746688790122,0.04,0.04,0.04
LOCAL_PULSE_REVERT,0.8,18,8,8,0.16271903515431485,0.165373857546169,0.16729565802722296,0.02,0.22,0.18
LOCAL_PULSE_REVERT,0.8,18,18,128,0.19578312588695296,0.16808320203800828,0.1687603322350998,0.04,0.04,0.02
LOCAL_PULSE_REVERT,0.8,18,8,128,0.17784211168509975,0.19973577396763875,0.2246297008891386,0.56,0.34,0.2
LOCAL_PULSE_REVERT,0.8,18,8,128,0.17091114751802586,0.17301289823263938,0.22201052292068216,0.42,0.12,0.04
LOCAL_PULSE_REVERT,0.8,18,18,128,0.18265163076752275,0.14249783394772247,0.2062488044639879,0.1,0.14,0.06
LOCAL_PULSE_REVERT,0.8,18,8,128,0.17734160026376966,0.20916678849491865,0.2740519858347294,0.16,0.12,0.1
LOCAL_PULSE_REVERT,0.8,18,8,18,0.17423801358957816,0.22242314697494323,0.2279458848473584,0.3,0.02,0.04
LOCAL_PULSE_REVERT,0.8,18,8,8,0.16213244332012788,0.16807046605651266,0.2268487073591875,0.04,0.04,0.04
LOCAL_PULSE_REVERT,0.8,18,18,128,0.19002447540342954,0.15461566955052777,0.16783056645096905,0.2,0.44,0.18
LOCAL_PULSE_REVERT,0.8,18,18,128,0.20515831126651551,0.16086482560142598,0.20695181795833364,0.3,0.44,0.1
LOCAL_PULSE_REVERT,0.8,18,18,128,0.20472694370859904,0.16615788794782121,0.22564558361231524,0.2,0.34,0.0
LOCAL_PULSE_REVERT,0.8,18,8,18,0.1827225296737794,0.19798220381515527,0.21917897824416172,0.28,0.02,0.04
LOCAL_PULSE_REVERT,0.8,18,18,8,0.18405906674768718,0.14827381266756423,0.19836555234619707,0.04,0.06,0.08
LOCAL_PULSE_REVERT,0.8,18,18,128,0.17268407872523078,0.1606609828137905,0.1946442223930876,0.1,0.1,0.02
LOCAL_PULSE_REVERT,0.8,18,18,128,0.1920744308151657,0.16578291384265398,0.21857246500995764,0.04,0.04,0.0
LOCAL_PULSE_REVERT,0.8,18,18,128,0.23842267507547163,0.21388132026696652,0.2739239807395514,0.32,0.06,0.04
LOCAL_PULSE_REVERT,0.8,18,18,8,0.19792295056332895,0.16287731799687283,0.20039158628503928,0.0,0.02,0.14
LOCAL_PULSE_REVERT,0.8,18,8,18,0.1759349008023349,0.23446024580518493,0.25855121533768405,0.08,0.04,0.1
LOCAL_PULSE_REVERT,0.8,18,18,8,0.17046301544611966,0.1618151351172225,0.2154118415430069,0.02,0.02,0.16
STATIONARY,0.0,128,18,128,0.1982466328247984,0.1666531774909108,0.17524739513800283,0.12,0.14,0.06
STATIONARY,0.0,128,8,128,0.17001567406084822,0.21249533478015561,0.24226054821594234,0.52,0.2,0.08
STATIONARY,0.0,128,8,128,0.176659186169309,0.1838029085970138,0.2126571643694578,0.3,0.08,0.06
STATIONARY,0.0,128,8,8,0.1733490581867445,0.18382503586878046,0.19392735874295203,0.06,0.28,0.06
STATIONARY,0.0,128,8,18,0.1835181682171078,0.2268471806361946,0.22740952304112658,0.16,0.02,0.02
STATIONARY,0.0,128,18,128,0.17819483616990742,0.14594152246973255,0.22809794398614777,0.46,0.42,0.0
STATIONARY,0.0,128,18,128,0.21762114558415485,0.1607016950204414,0.1902654941493944,0.08,0.28,0.04
STATIONARY,0.0,128,18,128,0.18825949987328713,0.17401621790537913,0.23705081934794406,0.1,0.1,0.02
SINGLE_SHIFT,0.3,2,18,18,0.1578565292075672,0.14907897419910765,0.2425715767777307,0.28,0.06,0.16
SINGLE_SHIFT,0.3,2,18,8,0.17916733417563493,0.17878477690256842,0.18318502636708608,0.16,0.32,0.34
SINGLE_SHIFT,0.3,2,18,8,0.23466980993642722,0.22919146468806081,0.26344386392857727,0.08,0.16,0.22
SINGLE_SHIFT,0.3,2,18,8,0.1952165972513537,0.17131667731176248,0.2665394657968106,0.02,0.02,0.46
SINGLE_SHIFT,0.3,2,18,8,0.18973212210175086,0.15619248542967604,0.18248334879770473,0.16,0.16,0.16
SINGLE_SHIFT,0.3,2,18,128,0.23210394100947146,0.2019037420474652,0.2378959619154376,0.56,0.54,0.36
SINGLE_SHIFT,0.3,2,18,8,0.18726544981434892,0.17380622179016347,0.2722003114900783,0.1,0.1,0.24
SINGLE_SHIFT,0.3,2,18,8,0.1742494788907279,0.17417411199422905,0.20009447935568098,0.16,0.3,0.32
SINGLE_SHIFT,0.3,4,18,8,0.18246885018907913,0.14872779874307515,0.16857306174303024,0.16,0.16,0.16
SINGLE_SHIFT,0.3,4,128,18,0.1931191905171693,0.17577403203790726,0.17455063508670107,0.46,0.34,0.34
SINGLE_SHIFT,0.3,4,18,8,0.1962411065148682,0.18250037143186829,0.1906958709384816,0.22,0.22,0.22
SINGLE_SHIFT,0.3,4,8,18,0.1641529959578738,0.17641571908081796,0.18260573000618896,0.66,0.46,0.48
SINGLE_SHIFT,0.3,4,18,8,0.1772670142774981,0.16145257990430514,0.16221396592614218,0.18,0.18,0.18
SINGLE_SHIFT,0.3,4,18,128,0.2071542214980465,0.16817119206821377,0.20055682563517715,0.54,0.58,0.36
SINGLE_SHIFT,0.3,4,8,8,0.16728693608174172,0.18017510490990454,0.19691647131057477,0.02,0.24,0.24
SINGLE_SHIFT,0.3,4,8,128,0.1703895842551967,0.17346706731903555,0.1921072510494097,0.44,0.34,0.32
SINGLE_SHIFT,0.3,6,8,18,0.15498854886156166,0.2025114807333714,0.2940606347237765,0.48,0.12,0.16
SINGLE_SHIFT,0.3,6,18,18,0.19533271377264047,0.15007742374597643,0.19687677275756013,0.28,0.04,0.38
SINGLE_SHIFT,0.3,6,8,8,0.16002615888226548,0.1915792927172696,0.22000234442943106,0.1,0.22,0.22
SINGLE_SHIFT,0.3,6,18,8,0.1744271972578336,0.15284570854973842,0.18329605375251706,0.34,0.42,0.5
SINGLE_SHIFT,0.3,6,18,8,0.1637622142124679,0.15358218446106328,0.18087507441893003,0.12,0.16,0.16
SINGLE_SHIFT,0.3,6,18,8,0.15845717084953054,0.1519739788189371,0.20936675339296665,0.0,0.02,0.3
SINGLE_SHIFT,0.3,6,18,8,0.1832180935999416,0.1476051265955558,0.17589268796693003,0.24,0.24,0.24
SINGLE_SHIFT,0.3,6,128,128,0.30180084757619335,0.24017578919240617,0.23370313586579958,0.32,0.32,0.28
SINGLE_SHIFT,0.3,8,8,8,0.16367962578552592,0.19026878040615847,0.22266102719968095,0.16,0.16,0.16
SINGLE_SHIFT,0.3,8,8,8,0.16700746497594737,0.20643590102460183,0.2729236323851925,0.08,0.12,0.36
SINGLE_SHIFT,0.3,8,18,8,0.21411378927325075,0.17186805248767056,0.2510217389514107,0.12,0.12,0.22
SINGLE_SHIFT,0.3,8,8,8,0.1690724460033723,0.19277191429817916,0.1978931263500778,0.12,0.46,0.46
SINGLE_SHIFT,0.3,8,18,8,0.17474594831962292,0.1508528944381028,0.16554330322127037,0.16,0.16,0.16
SINGLE_SHIFT,0.3,8,18,8,0.18155571226460465,0.17214756954422025,0.18682923211251035,0.12,0.58,0.3
SINGLE_SHIFT,0.3,8,18,18,0.21018193193182408,0.15314600472882348,0.24147554061077048,0.1,0.08,0.24
SINGLE_SHIFT,0.3,8,18,128,0.2531334010011994,0.20819953308309203,0.2663688305155807,0.48,0.48,0.32
SINGLE_SHIFT,0.3,12,18,8,0.20495115038428707,0.1602650356732388,0.22665646792731525,0.0,0.12,0.16
SINGLE_SHIFT,0.3,12,18,8,0.16443294891061858,0.15920012573383238,0.20395269188793322,0.0,0.18,0.36
SINGLE_SHIFT,0.3,12,18,18,0.16181044884651427,0.14166563093079762,0.23251261104745502,0.24,0.12,0.22
SINGLE_SHIFT,0.3,12,18,8,0.19397994978491928,0.15631690436302478,0.2658807489222734,0.06,0.06,0.38
SINGLE_SHIFT,0.3,12,18,18,0.179233770759864,0.17222286092637754,0.24361774443161277,0.26,0.0,0.16
SINGLE_SHIFT,0.3,12,18,18,0.16701587056815861,0.1653963743222204,0.31066960155365775,0.02,0.0,0.54
SINGLE_SHIFT,0.3,12,18,18,0.1770593847044505,0.16755308492455326,0.2783094468494144,0.28,0.08,0.24
SINGLE_SHIFT,0.3,12,18,18,0.20145631599950362,0.16241203091747425,0.19629029153679595,0.28,0.12,0.32
SINGLE_SHIFT,0.3,18,18,18,0.21034559422032367,0.16616846541168198,0.20627263866503778,0.06,0.0,0.16
SINGLE_SHIFT,0.3,18,18,18,0.1975033338188549,0.15285172264490113,0.20749797270300965,0.2,0.0,0.36
SINGLE_SHIFT,0.3,18,18,8,0.18343084651182662,0.14140815839082052,0.21296628908353846,0.16,0.16,0.16
SINGLE_SHIFT,0.3,18,18,18,0.16870082842613573,0.16811233247168328,0.2833104493844942,0.06,0.02,0.5
SINGLE_SHIFT,0.3,18,18,8,0.19276927779421765,0.1476476356031741,0.23044519553136206,0.02,0.06,0.16
SINGLE_SHIFT,0.3,18,18,8,0.17966486681834376,0.16727152393015723,0.22084786858708377,0.02,0.16,0.46
SINGLE_SHIFT,0.3,18,18,18,0.17044178621554196,0.14056259639079688,0.21084479987367294,0.16,0.08,0.24
SINGLE_SHIFT,0.3,18,8,18,0.17370742499684405,0.18773225418681977,0.32558293134037347,0.12,0.1,0.14
SINGLE_SHIFT,0.3,24,8,18,0.1683872489322326,0.1874601329628877,0.2697440895375402,0.4,0.12,0.16
SINGLE_SHIFT,0.3,24,18,18,0.19401491025490075,0.17762938319996668,0.1827740728734503,0.3,0.12,0.22
SINGLE_SHIFT,0.3,24,18,8,0.16136465212782283,0.1507942260513157,0.18059356736140672,0.06,0.12,0.22
SINGLE_SHIFT,0.3,24,18,8,0.19562538337284263,0.1555963850153498,0.30668596889605165,0.1,0.1,0.28
SINGLE_SHIFT,0.3,24,18,18,0.24944512020987017,0.23196970888006566,0.33379728342189513,0.24,0.0,0.18
SINGLE_SHIFT,0.3,24,18,8,0.20784539699859245,0.1690778758763809,0.28479790388725135,0.0,0.0,0.18
SINGLE_SHIFT,0.3,24,18,8,0.20894750136901646,0.17251169743635975,0.2292910772877832,0.2,0.2,0.24
SINGLE_SHIFT,0.3,24,18,18,0.15440005630099318,0.1513548066041638,0.3431729158373524,0.12,0.1,0.3
SINGLE_SHIFT,0.3,36,18,8,0.18274605871979793,0.1585003683361296,0.1586450650426613,0.16,0.16,0.16
SINGLE_SHIFT,0.3,36,18,18,0.1836948518245621,0.14836797393857556,0.194371545898422,0.12,0.06,0.3
SINGLE_SHIFT,0.3,36,8,18,0.19058022194039284,0.2507770818824726,0.27423386456385956,0.24,0.18,0.22
SINGLE_SHIFT,0.3,36,18,18,0.19980156967472454,0.15599283753123974,0.1884651178466009,0.3,0.02,0.32
SINGLE_SHIFT,0.3,36,18,18,0.19507988987225905,0.1913540183075478,0.19977413090847063,0.16,0.14,0.14
SINGLE_SHIFT,0.3,36,8,8,0.1946635440483649,0.1979130167304479,0.2681272086238679,0.0,0.02,0.42
SINGLE_SHIFT,0.3,36,18,8,0.20803892837573232,0.1702403376666141,0.18182969081066352,0.24,0.24,0.24
SINGLE_SHIFT,0.3,36,18,18,0.17937430136268565,0.15430204337936343,0.24492825772001686,0.1,0.02,0.28
SINGLE_SHIFT,0.3,48,18,18,0.19321148045426112,0.18230102512673668,0.21284302738417393,0.14,0.0,0.16
SINGLE_SHIFT,0.3,48,18,18,0.22727622253841961,0.1818953918055838,0.19945447376607103,0.38,0.06,0.26
SINGLE_SHIFT,0.3,48,18,128,0.17042580262126136,0.16522903013845244,0.20078137022404674,0.24,0.1,0.08
SINGLE_SHIFT,0.3,48,18,8,0.2429730554288479,0.15951683175552317,0.23090056196817127,0.06,0.06,0.28
SINGLE_SHIFT,0.3,48,18,18,0.20062202022314238,0.1649539746578348,0.19104367650979348,0.16,0.14,0.16
SINGLE_SHIFT,0.3,48,18,8,0.1826164733951442,0.17225472342380072,0.21417263090921504,0.0,0.02,0.22
SINGLE_SHIFT,0.3,48,18,18,0.21807362093839303,0.17791837446119066,0.20738388908633712,0.24,0.18,0.24
SINGLE_SHIFT,0.3,48,18,18,0.16465213506699244,0.15632795292382604,0.1620709836394166,0.32,0.12,0.18
SINGLE_SHIFT,0.55,2,8,8,0.18439555167520863,0.18481576441038564,0.21895945337839853,0.16,0.16,0.16
SINGLE_SHIFT,0.55,2,18,128,0.17515431514386137,0.16166881097862748,0.20553111320233253,0.62,0.62,0.54
SINGLE_SHIFT,0.55,2,18,8,0.1903517975796297,0.14898210824362573,0.23005870544950133,0.22,0.22,0.24
SINGLE_SHIFT,0.55,2,8,8,0.17596713806326092,0.19011179307273562,0.19111258105771525,0.64,0.68,0.68
SINGLE_SHIFT,0.55,2,18,8,0.1957650161713042,0.1949263312998208,0.20062912106101308,0.18,0.18,0.18
SINGLE_SHIFT,0.55,2,8,8,0.16111043620695678,0.16673314012577822,0.2739479217614647,0.02,0.32,0.7
SINGLE_SHIFT,0.55,2,18,8,0.17563357225550694,0.1398808745474452,0.25186246599091316,0.22,0.24,0.26
SINGLE_SHIFT,0.55,2,8,18,0.18855931290448608,0.19119520501898157,0.19758697203349251,0.5,0.38,0.44
SINGLE_SHIFT,0.55,4,18,8,0.18729867019553972,0.14756627268364544,0.19573762042076678,0.16,0.16,0.16
SINGLE_SHIFT,0.55,4,8,8,0.1759300747774147,0.17855090321227457,0.260712971718531,0.14,0.34,0.54
SINGLE_SHIFT,0.55,4,18,8,0.19090467162650526,0.150395315748167,0.240512067521553,0.1,0.14,0.24
SINGLE_SHIFT,0.55,4,8,8,0.18034187268830731,0.25769884392039094,0.2638164584721064,0.02,0.64,0.52
SINGLE_SHIFT,0.55,4,18,8,0.18170140714477234,0.16400501980625087,0.17575537249691767,0.18,0.18,0.18
SINGLE_SHIFT,0.55,4,18,18,0.18286055180785668,0.15178841066700996,0.17319525889859425,0.64,0.62,0.72
SINGLE_SHIFT,0.55,4,8,8,0.18483224576940396,0.22743485328177865,0.31185470762769135,0.02,0.24,0.26
SINGLE_SHIFT,0.55,4,18,128,0.21659680569942652,0.17560038192023322,0.18673383954616754,0.5,0.52,0.48
SINGLE_SHIFT,0.55,6,8,18,0.1840208864254743,0.2344811180059842,0.3281267285495321,0.24,0.16,0.16
SINGLE_SHIFT,0.55,6,18,8,0.15714284413613747,0.15064142258109542,0.28501277326206714,0.0,0.22,0.6
SINGLE_SHIFT,0.55,6,8,8,0.183282755773509,0.23003054382802768,0.2899558582350347,0.08,0.22,0.24
SINGLE_SHIFT,0.55,6,18,8,0.1660038480641213,0.16094728217634735,0.2976115305736961,0.12,0.32,0.68
SINGLE_SHIFT,0.55,6,8,8,0.16721527080670243,0.19840182705745363,0.2364915156219511,0.16,0.18,0.18
SINGLE_SHIFT,0.55,6,18,8,0.19033380477031864,0.17654012067784933,0.1961171451767852,0.52,0.58,0.64
SINGLE_SHIFT,0.55,6,8,18,0.18641584866555527,0.2915679963044077,0.3255847883739816,0.38,0.24,0.24
SINGLE_SHIFT,0.55,6,8,8,0.17948066261337,0.22196540910070858,0.254351072140713,0.12,0.38,0.44
SINGLE_SHIFT,0.55,8,8,18,0.16211570966280808,0.2291519772532891,0.3050509540386193,0.4,0.16,0.16
SINGLE_SHIFT,0.55,8,8,8,0.16029075665362116,0.26090054159603915,0.3295765336099759,0.08,0.46,0.58
SINGLE_SHIFT,0.55,8,8,18,0.15020292941004287,0.21887152985568187,0.3799277894526807,0.44,0.06,0.24
SINGLE_SHIFT,0.55,8,8,8,0.2234058537160361,0.2703286458384916,0.2931607045506622,0.02,0.64,0.66
SINGLE_SHIFT,0.55,8,8,8,0.15779561687117144,0.18418486403933093,0.23792968031919107,0.02,0.16,0.18
SINGLE_SHIFT,0.55,8,18,8,0.18960816697504376,0.16226285603515908,0.2676653755374758,0.0,0.02,0.56
SINGLE_SHIFT,0.55,8,8,8,0.17438075659727856,0.17514660697641699,0.2533018657870107,0.22,0.24,0.26
SINGLE_SHIFT,0.55,8,8,8,0.1583770803499708,0.17560185044750637,0.252914728476352,0.06,0.28,0.44
SINGLE_SHIFT,0.55,12,18,8,0.17700415430569197,0.17273580031241226,0.20300558217728354,0.16,0.16,0.16
SINGLE_SHIFT,0.55,12,18,8,0.20365666075968686,0.184895084357584,0.2778305537549334,0.08,0.12,0.48
SINGLE_SHIFT,0.55,12,18,18,0.16907740534864876,0.14855898590573308,0.26107252084169635,0.18,0.06,0.22
SINGLE_SHIFT,0.55,12,8,8,0.1724409668193643,0.2007934579513567,0.2702987713358474,0.02,0.5,0.68
SINGLE_SHIFT,0.55,12,8,8,0.15455260706225346,0.16189941714744785,0.2771814218324678,0.12,0.14,0.18
SINGLE_SHIFT,0.55,12,8,8,0.1749685039275609,0.2054797047526545,0.350317720964919,0.0,0.06,0.64
SINGLE_SHIFT,0.55,12,8,18,0.15225111801344063,0.1764831214183984,0.3161064481810741,0.38,0.08,0.24
SINGLE_SHIFT,0.55,12,18,8,0.1755481113891227,0.14901170802544847,0.3107600111472749,0.04,0.1,0.48
SINGLE_SHIFT,0.55,18,18,8,0.1806325824583959,0.1455519541071618,0.25958494720467606,0.02,0.14,0.16
SINGLE_SHIFT,0.55,18,18,8,0.20551330938275383,0.143054163382938,0.3499154855653275,0.08,0.08,0.52
SINGLE_SHIFT,0.55,18,18,8,0.20930998297614803,0.16389015115083233,0.19441611831902628,0.22,0.22,0.22
SINGLE_SHIFT,0.55,18,18,18,0.1983953163372641,0.1555343893040251,0.2485253015976174,0.26,0.24,0.56
SINGLE_SHIFT,0.55,18,18,18,0.17211464537403248,0.16612703844918,0.32837929201614313,0.34,0.1,0.18
SINGLE_SHIFT,0.55,18,18,8,0.20680912988323316,0.13483498102622324,0.3651349358562568,0.0,0.02,0.58
SINGLE_SHIFT,0.55,18,18,18,0.20587257751416818,0.14788366630242775,0.24522644591875975,0.2,0.06,0.24
SINGLE_SHIFT,0.55,18,18,8,0.17895209702669196,0.13505403163440535,0.29443735723462144,0.06,0.06,0.48
SINGLE_SHIFT,0.55,24,18,18,0.21427211365160426,0.18939456384359563,0.3234873339595693,0.16,0.1,0.16
SINGLE_SHIFT,0.55,24,18,8,0.19319425085090267,0.14021418637588712,0.2945553997831165,0.0,0.02,0.52
SINGLE_SHIFT,0.55,24,18,18,0.21122531295118055,0.14215668895058045,0.30112913499359123,0.18,0.16,0.22
SINGLE_SHIFT,0.55,24,18,8,0.18334777163701338,0.1311136008689553,0.33212152348027346,0.06,0.06,0.56
SINGLE_SHIFT,0.55,24,18,8,0.19220252063479226,0.14704050754435577,0.25863976838455227,0.12,0.14,0.18
SINGLE_SHIFT,0.55,24,18,18,0.2142288346280525,0.15226521200887277,0.26212348662599366,0.02,0.0,0.58
SINGLE_SHIFT,0.55,24,18,18,0.1869220818819967,0.13122682440941022,0.29025974954361244,0.1,0.08,0.24
SINGLE_SHIFT,0.55,24,18,18,0.20249400238849227,0.14953669409100998,0.24107670349076005,0.26,0.12,0.42
SINGLE_SHIFT,0.55,36,18,18,0.223715518251758,0.17542672936974021,0.21662179563725426,0.16,0.1,0.16
SINGLE_SHIFT,0.55,36,18,18,0.19845624023545225,0.14789181410255936,0.24033955729075468,0.28,0.12,0.52
SINGLE_SHIFT,0.55,36,18,18,0.2059587732016452,0.16276507004864754,0.2007086520820642,0.2,0.16,0.22
SINGLE_SHIFT,0.55,36,18,8,0.1787653304435145,0.17776975131176548,0.248551362813937,0.02,0.22,0.48
SINGLE_SHIFT,0.55,36,8,128,0.15847344472334432,0.166896870097622,0.33465064465335387,0.58,0.22,0.18
SINGLE_SHIFT,0.55,36,18,18,0.21934646078866538,0.17546074721575158,0.19722087621472645,0.58,0.18,0.58
SINGLE_SHIFT,0.55,36,18,18,0.24061435733393335,0.17773627812076678,0.26959095074875533,0.2,0.1,0.24
SINGLE_SHIFT,0.55,36,8,8,0.18021904738299416,0.21753194640998466,0.2554464371808572,0.12,0.38,0.44
SINGLE_SHIFT,0.55,48,18,128,0.20451244388107978,0.1478840418229908,0.2746764238250465,0.28,0.24,0.16
SINGLE_SHIFT,0.55,48,18,18,0.1947830437738996,0.1512196928383818,0.20050331169127253,0.22,0.12,0.46
SINGLE_SHIFT,0.55,48,8,18,0.16093665457896275,0.2143600042422335,0.31584906153026865,0.44,0.1,0.22
SINGLE_SHIFT,0.55,48,18,18,0.2297138952106839,0.18601596492037217,0.21336550106972188,0.46,0.16,0.5
SINGLE_SHIFT,0.55,48,18,8,0.19864385030476378,0.1519731955925089,0.2682298977337034,0.02,0.02,0.18
SINGLE_SHIFT,0.55,48,18,18,0.228903879568221,0.1749800881720094,0.22450510074708505,0.22,0.0,0.52
SINGLE_SHIFT,0.55,48,18,8,0.2459623961780739,0.18494421789912271,0.23323391105051797,0.24,0.28,0.24
SINGLE_SHIFT,0.55,48,18,18,0.1750935773842546,0.14493186476814068,0.16470595501174323,0.2,0.12,0.28
SINGLE_SHIFT,0.8,2,18,8,0.17243383269917223,0.15568288405317174,0.21939271140271763,0.16,0.16,0.16
SINGLE_SHIFT,0.8,2,18,8,0.21626576316360052,0.19666180335883995,0.2162867670113231,0.62,0.62,0.62
SINGLE_SHIFT,0.8,2,18,8,0.18735962842698892,0.1678261565252566,0.18347954325555735,0.24,0.24,0.24
SINGLE_SHIFT,0.8,2,18,8,0.18402026489534756,0.15425012351520453,0.16339571822478777,0.68,0.68,0.68
SINGLE_SHIFT,0.8,2,18,8,0.1907327029522808,0.173251016642416,0.17414135876127915,0.18,0.18,0.18
SINGLE_SHIFT,0.8,2,18,8,0.1686172481834255,0.1612124403074771,0.17651753347407056,0.74,0.74,0.74
SINGLE_SHIFT,0.8,2,8,8,0.1663122599544049,0.16701065075955418,0.17307315290089167,0.26,0.26,0.26
SINGLE_SHIFT,0.8,2,8,8,0.17517232043102027,0.2127748799022498,0.25619319789329037,0.32,0.48,0.52
SINGLE_SHIFT,0.8,4,18,8,0.195358851773219,0.1819833283673874,0.19839123870486342,0.16,0.18,0.2
SINGLE_SHIFT,0.8,4,18,8,0.17757354092972344,0.17682226084288521,0.2602266426004419,0.46,0.52,0.62
SINGLE_SHIFT,0.8,4,8,8,0.216056397580053,0.2729027139225,0.3861252696781523,0.08,0.22,0.24
SINGLE_SHIFT,0.8,4,18,8,0.17865478916464492,0.1444281349517168,0.1987069566231531,0.68,0.68,0.68
SINGLE_SHIFT,0.8,4,18,8,0.19463332772503605,0.1616950629856613,0.20567921229759709,0.18,0.18,0.18
SINGLE_SHIFT,0.8,4,8,8,0.2474039207557435,0.24885000452438163,0.26225118889125726,0.64,0.74,0.74
SINGLE_SHIFT,0.8,4,8,8,0.21964320654592548,0.2395472418208353,0.31397850919875187,0.24,0.26,0.26
SINGLE_SHIFT,0.8,4,8,8,0.19013305663907532,0.2763368385379601,0.26993905674978774,0.3,0.52,0.48
SINGLE_SHIFT,0.8,6,18,8,0.17145642021423121,0.15270156927372197,0.20868977357207147,0.16,0.16,0.18
SINGLE_SHIFT,0.8,6,8,8,0.1723965420334854,0.21012695802585057,0.326066846967539,0.1,0.46,0.62
SINGLE_SHIFT,0.8,6,8,8,0.15705418976108781,0.2206174355438147,0.3473543088420778,0.14,0.22,0.24
SINGLE_SHIFT,0.8,6,18,8,0.1778283008966503,0.14601323001088304,0.23376274492661944,0.58,0.64,0.68
SINGLE_SHIFT,0.8,6,8,18,0.189510337231906,0.28910136635632666,0.4357895157572131,0.24,0.18,0.18
SINGLE_SHIFT,0.8,6,8,8,0.1464667036413912,0.2596205315538723,0.4139471058927339,0.02,0.32,0.74
SINGLE_SHIFT,0.8,6,18,8,0.16307030987210547,0.15141161137503148,0.2710741561703402,0.22,0.24,0.26
SINGLE_SHIFT,0.8,6,8,8,0.2268264131146995,0.24158967391752964,0.2458808659121328,0.48,0.54,0.56
SINGLE_SHIFT,0.8,8,8,8,0.16707008402537554,0.20491951767977645,0.25567668818697975,0.16,0.16,0.18
SINGLE_SHIFT,0.8,8,8,8,0.18705781742377675,0.2342897827215097,0.292437664797228,0.12,0.58,0.62
SINGLE_SHIFT,0.8,8,8,18,0.15198452156808576,0.22517896278390243,0.3827865152282981,0.38,0.22,0.24
SINGLE_SHIFT,0.8,8,8,8,0.15848709025887586,0.23181010532718968,0.28054315718051753,0.3,0.68,0.68
SINGLE_SHIFT,0.8,8,8,8,0.17039384356458517,0.23444395528937081,0.2616741963093595,0.16,0.18,0.18
SINGLE_SHIFT,0.8,8,8,8,0.18431303842207739,0.2249453287178859,0.30415495432376977,0.02,0.54,0.74
SINGLE_SHIFT,0.8,8,18,18,0.1723968017048642,0.1669786865687144,0.39633222502731486,0.46,0.08,0.26
SINGLE_SHIFT,0.8,8,8,8,0.15537872800453484,0.19083627225336403,0.31433184730953767,0.08,0.36,0.54
SINGLE_SHIFT,0.8,12,18,8,0.1920712145130431,0.18919262641527645,0.36072070224826175,0.12,0.16,0.2
SINGLE_SHIFT,0.8,12,8,8,0.21656692695955465,0.2280308479993824,0.2968087551283038,0.4,0.52,0.62
SINGLE_SHIFT,0.8,12,18,8,0.17697447399294003,0.16888143441643247,0.3069179479047526,0.0,0.22,0.24
SINGLE_SHIFT,0.8,12,18,8,0.1836226042732275,0.1763427835159762,0.3605998154084536,0.06,0.24,0.68
SINGLE_SHIFT,0.8,12,8,8,0.1865825258730403,0.1902623929100737,0.2911262053972073,0.16,0.18,0.18
SINGLE_SHIFT,0.8,12,18,8,0.20319512145473467,0.15584168533239762,0.33188882288992333,0.02,0.06,0.74
SINGLE_SHIFT,0.8,12,18,8,0.20902835052768268,0.19093609250884147,0.2724322533632125,0.24,0.24,0.26
SINGLE_SHIFT,0.8,12,8,8,0.1637320407955434,0.16474491277670583,0.32634742707439873,0.08,0.3,0.54
SINGLE_SHIFT,0.8,18,18,18,0.19882513100350993,0.14120151177602763,0.277744529355035,0.16,0.04,0.16
SINGLE_SHIFT,0.8,18,18,18,0.2063068115560617,0.14879948561094292,0.30681933643376114,0.02,0.0,0.58
SINGLE_SHIFT,0.8,18,18,18,0.15881351802069318,0.1499725598984334,0.41621473855400337,0.44,0.24,0.24
SINGLE_SHIFT,0.8,18,18,18,0.1985539629590055,0.13115761524592656,0.3310311517143404,0.16,0.02,0.68
SINGLE_SHIFT,0.8,18,18,18,0.24733669358139468,0.17595875454184445,0.30658892009680067,0.18,0.12,0.18
SINGLE_SHIFT,0.8,18,18,8,0.19984038169336554,0.1824899130219827,0.30494078375840455,0.18,0.42,0.74
SINGLE_SHIFT,0.8,18,18,18,0.18606224909929583,0.14828042365936306,0.38011042451265964,0.28,0.08,0.26
SINGLE_SHIFT,0.8,18,18,18,0.201381539446732,0.14046942269141363,0.29027500767197506,0.32,0.14,0.52
SINGLE_SHIFT,0.8,24,18,18,0.248867117368324,0.18676122499667963,0.29575580557495484,0.16,0.04,0.16
SINGLE_SHIFT,0.8,24,18,8,0.15794878091506184,0.14825380030884897,0.3143823163009035,0.08,0.2,0.62
SINGLE_SHIFT,0.8,24,18,18,0.2358710844351932,0.16427708616541062,0.32204196822093806,0.16,0.08,0.24
SINGLE_SHIFT,0.8,24,18,8,0.18998253790505878,0.1642029076750196,0.3471255395749076,0.02,0.22,0.68
SINGLE_SHIFT,0.8,24,18,18,0.17462746628293022,0.1587827638425529,0.39451457122098516,0.34,0.02,0.18
SINGLE_SHIFT,0.8,24,18,8,0.17179488941214668,0.14180930544739956,0.3720617336600428,0.0,0.0,0.74
SINGLE_SHIFT,0.8,24,18,8,0.20847122940682455,0.14201527504970438,0.30757905832668553,0.06,0.1,0.26
SINGLE_SHIFT,0.8,24,8,8,0.17043692866397145,0.17330771806012943,0.31501070101655043,0.12,0.32,0.52
SINGLE_SHIFT,0.8,36,18,18,0.2026290604067079,0.14323015871462869,0.28577729024505155,0.16,0.06,0.16
SINGLE_SHIFT,0.8,36,18,18,0.20274939690448712,0.14393562312838573,0.26617146153354354,0.26,0.0,0.54
SINGLE_SHIFT,0.8,36,18,18,0.2059805611718998,0.15629674573888155,0.25486853047691554,0.16,0.1,0.24
SINGLE_SHIFT,0.8,36,18,8,0.21022301215098232,0.13572466142373868,0.3723548436031705,0.02,0.06,0.68
SINGLE_SHIFT,0.8,36,18,8,0.20441002370093656,0.13950697054167524,0.3328666287914125,0.12,0.16,0.18
SINGLE_SHIFT,0.8,36,18,18,0.21441302379862973,0.15652307786106626,0.2525078445734156,0.46,0.22,0.66
SINGLE_SHIFT,0.8,36,18,8,0.20114415352968493,0.14154910372448398,0.3057215264723902,0.06,0.1,0.26
SINGLE_SHIFT,0.8,36,18,18,0.17386751183901814,0.14557169704183714,0.3584945487037219,0.1,0.02,0.48
SINGLE_SHIFT,0.8,48,18,8,0.21999020367779418,0.15717543395298111,0.30053441491421073,0.0,0.2,0.16
SINGLE_SHIFT,0.8,48,18,8,0.17261156522256338,0.15401280542622484,0.34081547325514444,0.08,0.08,0.52
SINGLE_SHIFT,0.8,48,18,8,0.20802879772402066,0.1474356964214819,0.2958545928187131,0.08,0.12,0.24
SINGLE_SHIFT,0.8,48,18,18,0.20857805311096064,0.1511885522394453,0.29501939149790857,0.08,0.02,0.64
SINGLE_SHIFT,0.8,48,18,8,0.1930243027205666,0.13259831293408472,0.32242920672150555,0.0,0.0,0.18
SINGLE_SHIFT,0.8,48,18,18,0.219945962909079,0.15526782516838936,0.28496545555051667,0.02,0.0,0.58
SINGLE_SHIFT,0.8,48,8,18,0.15267556973202584,0.17964442956236223,0.31998755035925835,0.44,0.04,0.24
SINGLE_SHIFT,0.8,48,18,18,0.20413546294955706,0.15074546580139644,0.23723134451712352,0.3,0.06,0.44
LOCAL_PULSE_REVERT,0.3,18,18,8,0.21614497516367556,0.1807162426470353,0.19740833312751818,0.1,0.12,0.12
LOCAL_PULSE_REVERT,0.3,18,18,128,0.18861008538515178,0.14882726099946245,0.2333677960379299,0.08,0.08,0.0
LOCAL_PULSE_REVERT,0.3,18,8,18,0.17783551047518287,0.19687725092888772,0.21931761604860028,0.22,0.0,0.06
LOCAL_PULSE_REVERT,0.3,18,18,128,0.18934117121788743,0.16348414164253094,0.215568445187355,0.06,0.06,0.02
LOCAL_PULSE_REVERT,0.3,18,8,128,0.17232127083368412,0.17435402691683755,0.20785258307747928,0.4,0.12,0.02
LOCAL_PULSE_REVERT,0.3,18,8,18,0.18979543307275948,0.20301034961273962,0.24767276041695047,0.02,0.0,0.0
LOCAL_PULSE_REVERT,0.3,18,18,128,0.17681517213573453,0.17103899191540808,0.1830632428469702,0.24,0.24,0.02
LOCAL_PULSE_REVERT,0.3,18,18,128,0.1927514879775687,0.19271737177068987,0.20363383950485592,0.08,0.12,0.06
LOCAL_PULSE_REVERT,0.3,18,18,128,0.1933559711724064,0.1752295505648157,0.17884118513107475,0.12,0.08,0.02
LOCAL_PULSE_REVERT,0.3,18,18,128,0.1708451772100787,0.15521986053840742,0.18238382288458985,0.08,0.08,0.0
LOCAL_PULSE_REVERT,0.3,18,18,8,0.18373439200063324,0.15374676923150116,0.18125711129464045,0.04,0.08,0.06
LOCAL_PULSE_REVERT,0.3,18,8,128,0.16588842657250427,0.17239903892031863,0.18062326356554545,0.06,0.14,0.04
LOCAL_PULSE_REVERT,0.3,18,18,8,0.17232528509752582,0.14879789398858698,0.14957958841472138,0.02,0.02,0.02
LOCAL_PULSE_REVERT,0.3,18,18,128,0.16650521652511052,0.1484059492066262,0.17187955160810134,0.14,0.02,0.0
LOCAL_PULSE_REVERT,0.3,18,128,8,0.17579261102499374,0.1579553218795935,0.1571631563613334,0.06,0.08,0.08
LOCAL_PULSE_REVERT,0.3,18,18,18,0.17634248307180989,0.14877367819339787,0.16312256847130427,0.12,0.06,0.1
LOCAL_PULSE_REVERT,0.3,18,18,128,0.18333052819065987,0.15738471830064651,0.16278327983716928,0.12,0.12,0.02
LOCAL_PULSE_REVERT,0.3,18,18,128,0.16583906846452393,0.1581927916372257,0.2093719565864941,0.08,0.08,0.0
LOCAL_PULSE_REVERT,0.3,18,18,18,0.19958808893572808,0.1618299325290425,0.18726708183783042,0.08,0.04,0.08
LOCAL_PULSE_REVERT,0.3,18,18,18,0.18653245195132037,0.16651863342776468,0.16978801898236456,0.16,0.02,0.02
LOCAL_PULSE_REVERT,0.3,18,18,128,0.19471889594339856,0.15625945433278846,0.19857808824901688,0.14,0.26,0.02
LOCAL_PULSE_REVERT,0.3,18,18,18,0.18068017501055547,0.17641873783003276,0.17672898233128947,0.32,0.06,0.06
LOCAL_PULSE_REVERT,0.3,18,8,128,0.17738917471501298,0.17891811838008806,0.19128971904818226,0.22,0.08,0.02
LOCAL_PULSE_REVERT,0.3,18,8,128,0.18920804788905293,0.2362956345091177,0.29808347094803794,0.44,0.12,0.02
LOCAL_PULSE_REVERT,0.55,18,18,8,0.1852024423791121,0.15226935844546635,0.16705566388879303,0.14,0.16,0.16
LOCAL_PULSE_REVERT,0.55,18,8,128,0.1625020323633284,0.2361674300606763,0.294988763829818,0.1,0.08,0.02
LOCAL_PULSE_REVERT,0.55,18,18,18,0.1774353085909412,0.15292299573065388,0.16097527647550255,0.12,0.04,0.06
LOCAL_PULSE_REVERT,0.55,18,18,128,0.17911014912760445,0.15130149563276865,0.1740737149753521,0.3,0.3,0.18
LOCAL_PULSE_REVERT,0.55,18,18,128,0.18011606748928233,0.1621126557230235,0.17370499489983748,0.12,0.12,0.02
LOCAL_PULSE_REVERT,0.55,18,18,8,0.24553026351269358,0.2032974934526731,0.20403084851276812,0.0,0.0,0.0
LOCAL_PULSE_REVERT,0.55,18,18,128,0.1729531959960669,0.16366480381809592,0.22654051960552998,0.46,0.26,0.1
LOCAL_PULSE_REVERT,0.55,18,18,128,0.1712374261784682,0.15517410645943563,0.16515520399085695,0.16,0.12,0.06
LOCAL_PULSE_REVERT,0.55,18,18,8,0.20525277017768423,0.16228643945577398,0.18625743317470625,0.12,0.16,0.12
LOCAL_PULSE_REVERT,0.55,18,18,128,0.18719984132853507,0.15354788848522924,0.17729244894060275,0.02,0.08,0.0
LOCAL_PULSE_REVERT,0.55,18,18,8,0.17610955997973723,0.14310604715748929,0.19295226885358077,0.08,0.1,0.08
LOCAL_PULSE_REVERT,0.55,18,18,8,0.214938257277608,0.17314803727887595,0.23716188116359033,0.02,0.06,0.24
LOCAL_PULSE_REVERT,0.55,18,18,128,0.18735519694356917,0.16289937420087897,0.2074179964708539,0.24,0.14,0.08
LOCAL_PULSE_REVERT,0.55,18,8,128,0.1619945546291018,0.18480309099361608,0.2281227279073216,0.58,0.18,0.0
LOCAL_PULSE_REVERT,0.55,18,18,8,0.22364046118258848,0.16846782585838727,0.21435015232826138,0.08,0.18,0.22
LOCAL_PULSE_REVERT,0.55,18,18,128,0.24809523225776228,0.19447553996096253,0.21388030112549544,0.2,0.16,0.08
LOCAL_PULSE_REVERT,0.55,18,18,128,0.23260097195020973,0.17253911864539948,0.22183806578667334,0.14,0.28,0.1
LOCAL_PULSE_REVERT,0.55,18,18,128,0.21049340130219665,0.17461256246942022,0.1936543102730446,0.08,0.08,0.0
LOCAL_PULSE_REVERT,0.55,18,18,128,0.16999496825847715,0.16747335088227205,0.17490400856612814,0.1,0.12,0.04
LOCAL_PULSE_REVERT,0.55,18,8,8,0.19754507271233882,0.2181634464422009,0.21993990486610168,0.04,0.32,0.22
LOCAL_PULSE_REVERT,0.55,18,8,18,0.17124361651060602,0.24377285884432,0.24436611173435427,0.18,0.02,0.02
LOCAL_PULSE_REVERT,0.55,18,18,18,0.20271710503752455,0.16528523192729885,0.1806732841668896,0.14,0.0,0.12
LOCAL_PULSE_REVERT,0.55,18,18,128,0.18967335505909258,0.16579684238195252,0.21077724156581726,0.24,0.24,0.1
LOCAL_PULSE_REVERT,0.55,18,8,128,0.1893667464406343,0.22561182371147828,0.2434936175420784,0.42,0.12,0.08
LOCAL_PULSE_REVERT,0.8,18,8,128,0.17035951797591184,0.20505878267687822,0.20909516862744762,0.4,0.04,0.0
LOCAL_PULSE_REVERT,0.8,18,18,8,0.19941042160673683,0.1648781474240051,0.19547085612173176,0.0,0.08,0.08
LOCAL_PULSE_REVERT,0.8,18,18,18,0.19203649686535057,0.16811242405113339,0.1841694749793234,0.26,0.0,0.16
LOCAL_PULSE_REVERT,0.8,18,8,128,0.1731846060216737,0.1957707281279294,0.21831052426703668,0.1,0.06,0.02
LOCAL_PULSE_REVERT,0.8,18,18,128,0.17795456717763838,0.15824305076944503,0.18898039449859363,0.2,0.12,0.02
LOCAL_PULSE_REVERT,0.8,18,8,18,0.1719304113007734,0.21128801249524623,0.27013287537771785,0.02,0.0,0.0
LOCAL_PULSE_REVERT,0.8,18,18,8,0.22478547834711654,0.20967433163508442,0.21020283777730406,0.1,0.24,0.12
LOCAL_PULSE_REVERT,0.8,18,18,8,0.18660526467401178,0.1813855346171833,0.27009928825320745,0.1,0.1,0.12
LOCAL_PULSE_REVERT,0.8,18,18,128,0.17960833709422075,0.14815180143251333,0.1747313724698819,0.16,0.2,0.0
LOCAL_PULSE_REVERT,0.8,18,18,128,0.17672195622175474,0.16185286019860554,0.16961809711424813,0.08,0.06,0.02
LOCAL_PULSE_REVERT,0.8,18,18,8,0.18791596965685006,0.16799165350500533,0.17467541533716496,0.06,0.12,0.06
LOCAL_PULSE_REVERT,0.8,18,18,18,0.19141811202238493,0.18195855290946933,0.2004967367253395,0.46,0.02,0.28
LOCAL_PULSE_REVERT,0.8,18,18,128,0.17997930673348914,0.13880576855766175,0.2547861270818671,0.46,0.4,0.12
LOCAL_PULSE_REVERT,0.8,18,18,128,0.1771246762066323,0.15187066997598567,0.19394225328157488,0.42,0.32,0.06
LOCAL_PULSE_REVERT,0.8,18,18,128,0.19380016519938267,0.15278161177735128,0.2093179672227596,0.24,0.28,0.12
LOCAL_PULSE_REVERT,0.8,18,18,8,0.18637823945252868,0.14654878876561359,0.201907169465269,0.04,0.1,0.1
LOCAL_PULSE_REVERT,0.8,18,18,128,0.183665139505711,0.15161476333193655,0.17209201484638614,0.14,0.16,0.1
LOCAL_PULSE_REVERT,0.8,18,18,8,0.1898619351724043,0.17006336355788243,0.17687842225591988,0.12,0.3,0.16
LOCAL_PULSE_REVERT,0.8,18,18,128,0.1838523297835205,0.14287281627997778,0.21671870853719186,0.38,0.38,0.06
LOCAL_PULSE_REVERT,0.8,18,8,18,0.16929254961957396,0.20334575172770325,0.20753896068469935,0.5,0.14,0.16
LOCAL_PULSE_REVERT,0.8,18,18,18,0.1889068345065238,0.16979614724087266,0.22568015053578072,0.22,0.12,0.14
LOCAL_PULSE_REVERT,0.8,18,18,128,0.16632929224715343,0.1591063071469982,0.20784470298753965,0.52,0.28,0.02
LOCAL_PULSE_REVERT,0.8,18,18,18,0.21790026420022368,0.17769521926662446,0.21959034087360468,0.2,0.18,0.18
LOCAL_PULSE_REVERT,0.8,18,8,128,0.18091880510633543,0.18976463163941631,0.21509816748148314,0.34,0.16,0.1
STATIONARY,0.0,128,18,128,0.18877510619711715,0.1530130418309868,0.17132496961807187,0.06,0.1,0.0
STATIONARY,0.0,128,18,128,0.16938915893666037,0.16878392965347405,0.17616663571331312,0.28,0.1,0.02
STATIONARY,0.0,128,18,8,0.21940198445481252,0.1860352592542247,0.1869947540362031,0.02,0.1,0.04
STATIONARY,0.0,128,18,128,0.23366251651961478,0.21122451404756554,0.2534562414078377,0.06,0.06,0.0
STATIONARY,0.0,128,8,128,0.18193217918927418,0.2064671863098978,0.20833136580182332,0.26,0.06,0.04
STATIONARY,0.0,128,8,128,0.17301002894480957,0.2075077962478051,0.21922329751059796,0.22,0.04,0.02
STATIONARY,0.0,128,18,128,0.17053719399372566,0.14070572923407623,0.1873044590955539,0.3,0.3,0.0
STATIONARY,0.0,128,8,8,0.18458468756381022,0.19515382978533463,0.19955117536334624,0.02,0.02,0.02
SINGLE_SHIFT,0.3,2,8,8,0.16768882685544428,0.17765893089555312,0.1848756566521847,0.08,0.14,0.12
SINGLE_SHIFT,0.3,2,8,8,0.19715704328537034,0.2813892482216623,0.31094408463022793,0.16,0.24,0.3
SINGLE_SHIFT,0.3,2,8,8,0.16003884453740957,0.17368508012478934,0.18384720049855718,0.1,0.1,0.1
SINGLE_SHIFT,0.3,2,18,128,0.18626442400173582,0.18601558832959358,0.2004293469569878,0.62,0.54,0.5
SINGLE_SHIFT,0.3,2,18,8,0.16999822042321466,0.14434621625499527,0.17705665970675008,0.06,0.06,0.06
SINGLE_SHIFT,0.3,2,8,8,0.16605925284038536,0.20252352409448926,0.23185240102238744,0.02,0.12,0.28
SINGLE_SHIFT,0.3,2,18,8,0.1834695267335978,0.1691361595247451,0.21765145971873237,0.0,0.0,0.02
SINGLE_SHIFT,0.3,2,128,8,0.22211690807342457,0.21821146074922645,0.21271151691123213,0.38,0.5,0.48
SINGLE_SHIFT,0.3,4,18,8,0.18228234102301302,0.15461054558272289,0.16310226402046418,0.14,0.14,0.14
SINGLE_SHIFT,0.3,4,18,8,0.1806888075696515,0.1654850790031585,0.1682532924688814,0.3,0.32,0.3
SINGLE_SHIFT,0.3,4,18,8,0.19820314160544467,0.18502483988593296,0.19354530931874736,0.1,0.1,0.1
SINGLE_SHIFT,0.3,4,8,8,0.16072679750880164,0.16690241901444722,0.1971330453403671,0.12,0.4,0.5
SINGLE_SHIFT,0.3,4,8,18,0.16642338333447246,0.17956522540778325,0.25504416942650243,0.2,0.06,0.06
SINGLE_SHIFT,0.3,4,128,8,0.2219066437374192,0.20215075841569,0.19910962088937711,0.14,0.3,0.28
SINGLE_SHIFT,0.3,4,18,8,0.17018709323673653,0.16639914086563026,0.17247746651577028,0.0,0.02,0.02
SINGLE_SHIFT,0.3,4,8,8,0.17257339639804456,0.179595594063497,0.23781649284438158,0.02,0.24,0.48
SINGLE_SHIFT,0.3,6,18,8,0.20863769315193398,0.188340657698955,0.19376490624787565,0.12,0.12,0.12
SINGLE_SHIFT,0.3,6,18,8,0.17259373052718807,0.17011638594935713,0.17563909820914428,0.3,0.36,0.3
SINGLE_SHIFT,0.3,6,18,8,0.1871359279301182,0.15120506321598168,0.23862581947231246,0.02,0.04,0.1
SINGLE_SHIFT,0.3,6,18,128,0.228652493415373,0.18952021349223017,0.19316355439253047,0.48,0.48,0.42
SINGLE_SHIFT,0.3,6,8,8,0.16557608911576321,0.1757509920676873,0.21104173404484355,0.06,0.06,0.06
SINGLE_SHIFT,0.3,6,18,8,0.17926754426751157,0.17171759123470193,0.17422168824814602,0.48,0.56,0.58
SINGLE_SHIFT,0.3,6,8,8,0.15854264825701986,0.21499747988863016,0.21947420464901973,0.0,0.02,0.02
SINGLE_SHIFT,0.3,6,18,8,0.18798123546295717,0.16669869526566033,0.1861536289587214,0.48,0.6,0.5
SINGLE_SHIFT,0.3,8,18,8,0.19985553763040909,0.15721071182322235,0.2015927855376642,0.1,0.1,0.12
SINGLE_SHIFT,0.3,8,18,8,0.16430353377201254,0.15265152404126864,0.19056121147020885,0.22,0.3,0.32
SINGLE_SHIFT,0.3,8,18,8,0.17669405017802448,0.14752244986101684,0.16684901450525655,0.1,0.1,0.1
SINGLE_SHIFT,0.3,8,18,18,0.17892147493799646,0.150774667766177,0.1674918445724567,0.1,0.08,0.14
SINGLE_SHIFT,0.3,8,18,8,0.189145534723848,0.1499582118987893,0.21329572191941745,0.06,0.06,0.08
SINGLE_SHIFT,0.3,8,18,18,0.17977732273429614,0.1616710562925913,0.16235470128081403,0.18,0.1,0.12
SINGLE_SHIFT,0.3,8,18,8,0.17127241778563615,0.16279916837715983,0.16756670269725957,0.02,0.02,0.02
SINGLE_SHIFT,0.3,8,8,8,0.16170627004806487,0.253093641616169,0.2922259589620848,0.04,0.42,0.48
SINGLE_SHIFT,0.3,12,18,18,0.19916335132962557,0.19342545320636348,0.27560541736719546,0.3,0.02,0.12
SINGLE_SHIFT,0.3,12,18,8,0.1661577470853159,0.1589492262352621,0.22067935205081704,0.04,0.12,0.3
SINGLE_SHIFT,0.3,12,8,18,0.1740045648359985,0.20256264249427558,0.3016009381898727,0.46,0.04,0.1
SINGLE_SHIFT,0.3,12,18,128,0.178110085059074,0.1637806150998628,0.18387353118388805,0.56,0.5,0.42
SINGLE_SHIFT,0.3,12,18,8,0.1788372764613738,0.15371522499659093,0.19328842214349135,0.06,0.06,0.06
SINGLE_SHIFT,0.3,12,8,8,0.16558480942166473,0.17036365925692248,0.19572579302143456,0.04,0.16,0.28
SINGLE_SHIFT,0.3,12,18,8,0.2215991106056368,0.171633877169101,0.2563973328050822,0.0,0.18,0.02
SINGLE_SHIFT,0.3,12,18,18,0.17755061660980526,0.14796321098870396,0.1765585788951583,0.38,0.3,0.48
SINGLE_SHIFT,0.3,18,18,128,0.18125684233958572,0.17253880097517924,0.27252922003872265,0.42,0.2,0.12
SINGLE_SHIFT,0.3,18,8,8,0.1562522720365909,0.18054582972617506,0.2670750201344161,0.1,0.14,0.38
SINGLE_SHIFT,0.3,18,18,18,0.21405561391271277,0.1691119836555809,0.20999773393801788,0.1,0.04,0.1
SINGLE_SHIFT,0.3,18,18,18,0.19859757681047366,0.14806357802836845,0.21081948678784965,0.1,0.0,0.34
SINGLE_SHIFT,0.3,18,18,128,0.1865486541514452,0.12961071251227174,0.30485402830581504,0.4,0.42,0.06
SINGLE_SHIFT,0.3,18,8,8,0.15426267788222686,0.20574444198068237,0.3082694951303973,0.04,0.04,0.12
SINGLE_SHIFT,0.3,18,18,8,0.1731089584227818,0.16349861301583718,0.2083994404862964,0.0,0.0,0.02
SINGLE_SHIFT,0.3,18,18,18,0.23401116115359757,0.17955895861178597,0.23773966089569507,0.3,0.02,0.48
SINGLE_SHIFT,0.3,24,18,18,0.1951939521370848,0.15647079438301886,0.1733270457047122,0.12,0.08,0.12
SINGLE_SHIFT,0.3,24,18,18,0.1698269111335696,0.15558358716494494,0.1580258687278223,0.34,0.3,0.3
SINGLE_SHIFT,0.3,24,18,18,0.22266880793846164,0.19648460194196474,0.28749574125325794,0.14,0.04,0.1
SINGLE_SHIFT,0.3,24,18,8,0.18773213218461038,0.15083149254807526,0.22773636333768388,0.06,0.06,0.28
SINGLE_SHIFT,0.3,24,18,8,0.20657680117856517,0.16820791855871076,0.18732803888781452,0.06,0.06,0.06
SINGLE_SHIFT,0.3,24,18,8,0.18439254412395023,0.1725598888079682,0.23946304448405525,0.0,0.04,0.28
SINGLE_SHIFT,0.3,24,18,8,0.19537899728938174,0.15736476863761145,0.21175756947317545,0.0,0.0,0.0
SINGLE_SHIFT,0.3,24,18,8,0.20843852341051006,0.15343821805128222,0.2685547985883316,0.02,0.02,0.32
SINGLE_SHIFT,0.3,36,8,8,0.1706417394107307,0.18140117311326015,0.2005405936171971,0.08,0.12,0.12
SINGLE_SHIFT,0.3,36,8,18,0.2056613747114921,0.20991433982639096,0.2806039066559592,0.14,0.12,0.18
SINGLE_SHIFT,0.3,36,18,8,0.17358511103539936,0.1397439007520609,0.18419411195910412,0.1,0.1,0.1
SINGLE_SHIFT,0.3,36,18,8,0.17321134103921812,0.14479519216274958,0.21295478377656052,0.0,0.02,0.38
SINGLE_SHIFT,0.3,36,18,18,0.24004798815516695,0.17253779165691602,0.21562434966433291,0.06,0.04,0.06
SINGLE_SHIFT,0.3,36,18,8,0.17908241833721342,0.1526151284699318,0.211484818248514,0.0,0.0,0.12
SINGLE_SHIFT,0.3,36,8,18,0.1593365377937183,0.18583903195384882,0.25048762007874475,0.4,0.0,0.0
SINGLE_SHIFT,0.3,36,18,18,0.21995999423986715,0.1721252701588101,0.21857503381708915,0.12,0.0,0.32
SINGLE_SHIFT,0.3,48,18,8,0.18517956291302637,0.15402588980253026,0.22189289542795868,0.06,0.08,0.12
SINGLE_SHIFT,0.3,48,18,18,0.1755895163652957,0.14343690381064514,0.188955956296559,0.12,0.02,0.28
SINGLE_SHIFT,0.3,48,18,8,0.1842220461708839,0.1669673270751928,0.18085943552432782,0.06,0.1,0.1
SINGLE_SHIFT,0.3,48,18,8,0.18428179307138084,0.15665319248577889,0.2210427670747979,0.06,0.06,0.14
SINGLE_SHIFT,0.3,48,8,8,0.16765130039042772,0.1706758081242821,0.18762283053121848,0.04,0.06,0.06
SINGLE_SHIFT,0.3,48,18,18,0.23261359440510773,0.18201233849795365,0.20660901184126168,0.28,0.04,0.26
SINGLE_SHIFT,0.3,48,18,8,0.1821351520059465,0.14719051161545627,0.17211936890605284,0.0,0.0,0.0
SINGLE_SHIFT,0.3,48,8,8,0.16159230916541328,0.17109518731511536,0.24111843159709123,0.02,0.02,0.38
SINGLE_SHIFT,0.55,2,18,8,0.17808375477395705,0.14764456563762524,0.15402596282255135,0.14,0.14,0.14
SINGLE_SHIFT,0.55,2,8,8,0.15981972642812425,0.23713314016806858,0.26479300121628196,0.2,0.52,0.54
SINGLE_SHIFT,0.55,2,8,8,0.1648801056952337,0.21086389150838797,0.21079605435588528,0.1,0.12,0.12
SINGLE_SHIFT,0.55,2,18,18,0.20040614831463827,0.15355927351901522,0.1835593642980703,0.64,0.62,0.68
SINGLE_SHIFT,0.55,2,8,8,0.1637874471939814,0.188469259453629,0.19020478076333777,0.08,0.08,0.08
SINGLE_SHIFT,0.55,2,18,8,0.16800541784054773,0.14239354311771485,0.18450226216306462,0.34,0.4,0.64
SINGLE_SHIFT,0.55,2,18,8,0.16851551758986327,0.14552661077963872,0.1743465887561416,0.02,0.02,0.02
SINGLE_SHIFT,0.55,2,18,18,0.1881066713959355,0.18321110809966604,0.19492570739700368,0.68,0.6,0.64
SINGLE_SHIFT,0.55,4,18,8,0.18812781438221368,0.17305178186235096,0.20740949886005391,0.12,0.14,0.14
SINGLE_SHIFT,0.55,4,8,8,0.18029858556557837,0.18371506087919115,0.18989281501255217,0.54,0.54,0.54
SINGLE_SHIFT,0.55,4,8,18,0.152222919675889,0.22121127639856253,0.31864944106567433,0.12,0.1,0.14
SINGLE_SHIFT,0.55,4,8,8,0.21207643468503903,0.24269078843231254,0.2719163037408419,0.1,0.5,0.56
SINGLE_SHIFT,0.55,4,18,8,0.2659763645808321,0.22735568050611696,0.25175582624058607,0.08,0.08,0.08
SINGLE_SHIFT,0.55,4,18,18,0.2210603126670689,0.16514520677356057,0.19459506830581033,0.6,0.28,0.64
SINGLE_SHIFT,0.55,4,8,8,0.18269240836678424,0.19675631054793152,0.1989106469353638,0.02,0.02,0.02
SINGLE_SHIFT,0.55,4,8,8,0.23835388932739632,0.26087842652206816,0.2524492661812095,0.48,0.6,0.6
SINGLE_SHIFT,0.55,6,18,8,0.18538349014897193,0.17620242143569326,0.21906739202902473,0.12,0.14,0.14
SINGLE_SHIFT,0.55,6,18,18,0.2000117055745401,0.14120749570700442,0.26383017040502393,0.26,0.04,0.5
SINGLE_SHIFT,0.55,6,8,8,0.19168941511836302,0.25327992157457563,0.30696079537220083,0.02,0.1,0.12
SINGLE_SHIFT,0.55,6,8,8,0.2064228618133193,0.20877480115675284,0.22692768410064484,0.5,0.62,0.64
SINGLE_SHIFT,0.55,6,8,18,0.16345356875187877,0.19103990226927386,0.3168560008920782,0.24,0.06,0.08
SINGLE_SHIFT,0.55,6,8,8,0.21727466295938105,0.2927709023430848,0.350535700259568,0.02,0.52,0.7
SINGLE_SHIFT,0.55,6,8,8,0.193366701816432,0.22274316461904228,0.26877687546771445,0.0,0.02,0.02
SINGLE_SHIFT,0.55,6,18,8,0.19547768869921725,0.19122876253670132,0.19402456318428482,0.6,0.64,0.62
SINGLE_SHIFT,0.55,8,8,8,0.16137537969698126,0.21469769491516155,0.2265541110772072,0.1,0.14,0.14
SINGLE_SHIFT,0.55,8,18,18,0.18991831885035,0.15311660897661353,0.16542716876029656,0.56,0.5,0.54
SINGLE_SHIFT,0.55,8,8,18,0.1561443172040066,0.17284782912195562,0.2983844203753319,0.34,0.08,0.12
SINGLE_SHIFT,0.55,8,8,8,0.16217299711649125,0.2623948955517818,0.27060354371280554,0.0,0.62,0.62
SINGLE_SHIFT,0.55,8,8,8,0.1894754616799342,0.2530051624545909,0.3069840180817765,0.04,0.08,0.08
SINGLE_SHIFT,0.55,8,8,8,0.16078667670814326,0.2012739942273322,0.2891140934610533,0.02,0.28,0.7
SINGLE_SHIFT,0.55,8,8,8,0.17096749715643086,0.21365424361686342,0.2463874852446649,0.0,0.02,0.02
SINGLE_SHIFT,0.55,8,18,8,0.18843276334975215,0.18811674708846207,0.30561779731802075,0.0,0.18,0.56
SINGLE_SHIFT,0.55,12,8,8,0.16132066754761026,0.178835686091569,0.27998172005890604,0.08,0.12,0.14
SINGLE_SHIFT,0.55,12,18,18,0.2013724536833019,0.1560987384035336,0.21548098612402394,0.38,0.28,0.5
SINGLE_SHIFT,0.55,12,8,8,0.18776160159115846,0.19534688439487272,0.24317910904801165,0.1,0.1,0.12
SINGLE_SHIFT,0.55,12,8,8,0.1618526140550531,0.24341653063117696,0.30299996085204267,0.06,0.5,0.62
SINGLE_SHIFT,0.55,12,18,8,0.19373049942982984,0.16581777078681284,0.1779899911268777,0.08,0.08,0.08
SINGLE_SHIFT,0.55,12,8,8,0.1699840275014405,0.24532025917999564,0.28591101259686685,0.02,0.28,0.6
SINGLE_SHIFT,0.55,12,8,18,0.1793080103736273,0.1956534399141423,0.3025550794557255,0.3,0.0,0.02
SINGLE_SHIFT,0.55,12,8,8,0.1888290876236269,0.21557581942984488,0.3396849966797691,0.02,0.3,0.6
SINGLE_SHIFT,0.55,18,18,8,0.20101887331096355,0.1809699696362431,0.2795052397850356,0.04,0.1,0.14
SINGLE_SHIFT,0.55,18,18,18,0.20673501492802085,0.1421315063717227,0.28298843038051363,0.3,0.02,0.54
SINGLE_SHIFT,0.55,18,18,18,0.21908861292304396,0.16485948495796104,0.2626806370861456,0.1,0.04,0.12
SINGLE_SHIFT,0.55,18,18,18,0.2147038230397475,0.17197578740236946,0.19256519181561535,0.58,0.16,0.56
SINGLE_SHIFT,0.55,18,18,8,0.18599600655439308,0.14333601392945777,0.19489689671216218,0.06,0.06,0.08
SINGLE_SHIFT,0.55,18,18,18,0.2036849192814275,0.14181111503270072,0.26583709152258533,0.2,0.1,0.7
SINGLE_SHIFT,0.55,18,18,8,0.1963085467693466,0.14407602450033977,0.2671208149200584,0.0,0.08,0.02
SINGLE_SHIFT,0.55,18,18,18,0.1913316757013479,0.14098972396967518,0.2525351810850319,0.44,0.3,0.6
SINGLE_SHIFT,0.55,24,18,8,0.23223058813979686,0.1618261450487635,0.33730971977934576,0.02,0.28,0.14
SINGLE_SHIFT,0.55,24,18,8,0.19175476079828696,0.16354610974993639,0.3569149221056683,0.14,0.14,0.52
SINGLE_SHIFT,0.55,24,18,18,0.22206700757589165,0.1558532386817575,0.25983800617741093,0.1,0.0,0.12
SINGLE_SHIFT,0.55,24,18,18,0.19688263010015994,0.14141544432186257,0.2751996484458672,0.06,0.02,0.6
SINGLE_SHIFT,0.55,24,18,18,0.176201890010845,0.17148929452494002,0.3123526853056402,0.1,0.06,0.08
SINGLE_SHIFT,0.55,24,18,18,0.20881586920949952,0.1552492262805705,0.23462904142493143,0.22,0.0,0.6
SINGLE_SHIFT,0.55,24,8,128,0.15756558550137337,0.1710129542505568,0.3914164693049944,0.74,0.46,0.02
SINGLE_SHIFT,0.55,24,18,8,0.21206161961732034,0.14945840511612782,0.3559765109805204,0.0,0.02,0.6
SINGLE_SHIFT,0.55,36,18,128,0.1890216763438549,0.12804178116081727,0.3327088322482526,0.36,0.36,0.14
SINGLE_SHIFT,0.55,36,8,18,0.15612415293827878,0.17320121031524208,0.3513118202400097,0.16,0.14,0.44
SINGLE_SHIFT,0.55,36,18,18,0.218213580214891,0.1621533834197942,0.22047529880781117,0.06,0.04,0.1
SINGLE_SHIFT,0.55,36,18,8,0.15821926421661564,0.15668209030236574,0.2454512172524854,0.04,0.14,0.56
SINGLE_SHIFT,0.55,36,18,128,0.19110933584929238,0.13941062170119645,0.2634870758845532,0.1,0.2,0.06
SINGLE_SHIFT,0.55,36,18,8,0.16421697167896557,0.1522430742275208,0.31165718478464993,0.04,0.04,0.56
SINGLE_SHIFT,0.55,36,18,128,0.2277630070601014,0.14859598838125104,0.2846784290723654,0.08,0.4,0.02
SINGLE_SHIFT,0.55,36,18,18,0.18564692272514124,0.14036910853162726,0.222248256939763,0.36,0.2,0.54
SINGLE_SHIFT,0.55,48,18,128,0.1858034848003439,0.13754961563327178,0.26759051674793116,0.26,0.2,0.12
SINGLE_SHIFT,0.55,48,18,18,0.23784196603830146,0.18601610463512805,0.22898192598046588,0.36,0.06,0.38
SINGLE_SHIFT,0.55,48,18,18,0.1883262353279299,0.16675619502722153,0.27134828202276245,0.14,0.04,0.1
SINGLE_SHIFT,0.55,48,8,8,0.16148226298023602,0.1883437634096083,0.24293871233721712,0.06,0.18,0.5
SINGLE_SHIFT,0.55,48,18,8,0.18558178651653998,0.15030204181166107,0.17780501888689207,0.06,0.06,0.06
SINGLE_SHIFT,0.55,48,18,18,0.2114545497796567,0.1682345249416312,0.21908048578002703,0.12,0.04,0.28
SINGLE_SHIFT,0.55,48,18,128,0.1763962301394877,0.14137821155009794,0.2832549985787274,0.4,0.28,0.02
SINGLE_SHIFT,0.55,48,18,18,0.18402808078643296,0.15158847633614442,0.16872351841907124,0.5,0.42,0.5
SINGLE_SHIFT,0.8,2,8,8,0.19038136618307136,0.257316422010415,0.25858608981108044,0.14,0.16,0.16
SINGLE_SHIFT,0.8,2,18,8,0.1959058233401178,0.19215152967740676,0.19287311814386385,0.56,0.56,0.56
SINGLE_SHIFT,0.8,2,8,8,0.20362214622105407,0.2196806159365109,0.2742799702559867,0.12,0.16,0.16
SINGLE_SHIFT,0.8,2,18,8,0.17151176513398297,0.14718492849229492,0.15761870599750358,0.74,0.74,0.74
SINGLE_SHIFT,0.8,2,8,8,0.22856271250476792,0.2383286111058401,0.2387018394148537,0.08,0.08,0.08
SINGLE_SHIFT,0.8,2,18,8,0.19028157556008912,0.1784740033380363,0.1821337076619593,0.72,0.72,0.74
SINGLE_SHIFT,0.8,2,8,8,0.16455457467870657,0.23090946664095435,0.28529857165382466,0.0,0.02,0.04
SINGLE_SHIFT,0.8,2,18,8,0.19941878749895636,0.18065853346462635,0.18392792825957743,0.7,0.7,0.7
SINGLE_SHIFT,0.8,4,8,8,0.17743844685263876,0.25637464419527534,0.2534413070250127,0.14,0.16,0.16
SINGLE_SHIFT,0.8,4,8,8,0.18122415408919562,0.2814769820386265,0.29157992956993994,0.3,0.56,0.56
SINGLE_SHIFT,0.8,4,128,8,0.2218104544955866,0.19609826598640728,0.19339188612126307,0.12,0.16,0.16
SINGLE_SHIFT,0.8,4,8,8,0.19684960647597993,0.2562439036203707,0.28994786320543464,0.5,0.72,0.74
SINGLE_SHIFT,0.8,4,18,8,0.17766410301666463,0.1682126536528493,0.2760890184682706,0.06,0.08,0.08
SINGLE_SHIFT,0.8,4,8,8,0.1889836739140459,0.23045170248937963,0.22837889367797634,0.7,0.74,0.72
SINGLE_SHIFT,0.8,4,8,18,0.1970248890568699,0.23716309674476269,0.4177316428500582,0.12,0.02,0.04
SINGLE_SHIFT,0.8,4,18,8,0.2979895999464339,0.26097908477671616,0.30620780308010503,0.6,0.64,0.66
SINGLE_SHIFT,0.8,6,18,8,0.19981805706562406,0.15695715155128132,0.2737342214374574,0.12,0.14,0.16
SINGLE_SHIFT,0.8,6,8,8,0.1939703926271046,0.23996874566934348,0.32577895194331985,0.2,0.5,0.56
SINGLE_SHIFT,0.8,6,8,8,0.2780394990283791,0.28777454082257475,0.38283265254753057,0.1,0.12,0.16
SINGLE_SHIFT,0.8,6,8,8,0.16995665291591008,0.22710292043675356,0.2509044732754118,0.58,0.72,0.74
SINGLE_SHIFT,0.8,6,8,8,0.1619594537080946,0.24893012087522792,0.34950298159461096,0.04,0.08,0.08
SINGLE_SHIFT,0.8,6,8,8,0.17357046372912924,0.2355673753934217,0.2934943443726133,0.22,0.7,0.72
SINGLE_SHIFT,0.8,6,18,8,0.184822969671923,0.17797486610558788,0.18680137823183912,0.02,0.04,0.04
SINGLE_SHIFT,0.8,6,8,8,0.1667332601553652,0.18160587265669192,0.20146414192896586,0.54,0.64,0.64
SINGLE_SHIFT,0.8,8,8,18,0.1672894778043237,0.29830829218530275,0.3824896703539902,0.38,0.14,0.14
SINGLE_SHIFT,0.8,8,8,8,0.1597940712367667,0.2370291189024991,0.3854173780688149,0.1,0.38,0.56
SINGLE_SHIFT,0.8,8,8,8,0.2673275510369927,0.30598271517304154,0.29127725028356527,0.12,0.16,0.16
SINGLE_SHIFT,0.8,8,8,8,0.15709162972304785,0.24945536326018072,0.3363300387038949,0.02,0.62,0.74
SINGLE_SHIFT,0.8,8,8,18,0.1504220317995272,0.22807176113724775,0.3273682598974061,0.16,0.08,0.08
SINGLE_SHIFT,0.8,8,18,8,0.20764712901651416,0.20285745471766925,0.23446145994660433,0.56,0.7,0.72
SINGLE_SHIFT,0.8,8,8,18,0.1547560028264895,0.20646281627657734,0.3567439246740783,0.48,0.0,0.02
SINGLE_SHIFT,0.8,8,8,8,0.15729043238078078,0.256170762862393,0.4201287301661246,0.02,0.5,0.68
SINGLE_SHIFT,0.8,12,8,18,0.1741948424972798,0.19438411573654257,0.4303874971196435,0.42,0.08,0.14
SINGLE_SHIFT,0.8,12,8,8,0.1683033854693371,0.2415871940223468,0.401885541714187,0.16,0.3,0.56
SINGLE_SHIFT,0.8,12,8,18,0.17945836934220116,0.22453374679832702,0.40942785072859444,0.36,0.1,0.16
SINGLE_SHIFT,0.8,12,18,18,0.21114137224294163,0.1683150259304804,0.20354263066021427,0.72,0.66,0.72
SINGLE_SHIFT,0.8,12,8,18,0.1622900314473366,0.23500848935443974,0.3702041615353383,0.1,0.08,0.08
SINGLE_SHIFT,0.8,12,8,8,0.19450535674771088,0.21603241125353043,0.2751810496211101,0.18,0.6,0.7
SINGLE_SHIFT,0.8,12,8,18,0.20058880667950255,0.2269462697808329,0.347020616802776,0.04,0.02,0.04
SINGLE_SHIFT,0.8,12,8,8,0.17823239883680883,0.19777821423773514,0.2860813952310622,0.4,0.58,0.64
SINGLE_SHIFT,0.8,18,18,128,0.18621106156863693,0.14611000390731538,0.41577041215938987,0.38,0.26,0.14
SINGLE_SHIFT,0.8,18,18,8,0.19717821292678497,0.12518739574138102,0.37490787568161504,0.14,0.16,0.54
SINGLE_SHIFT,0.8,18,18,128,0.16430020144888305,0.15166780400488322,0.3828733113116528,0.46,0.14,0.12
SINGLE_SHIFT,0.8,18,18,18,0.18773618694645533,0.14231639760040524,0.3721111340497351,0.06,0.02,0.72
SINGLE_SHIFT,0.8,18,18,18,0.23445150407850907,0.1742169754675237,0.2500518500253037,0.08,0.06,0.08
SINGLE_SHIFT,0.8,18,18,8,0.18133720482243748,0.13587701657605575,0.2632630904757995,0.28,0.28,0.72
SINGLE_SHIFT,0.8,18,18,18,0.17752233027203848,0.13794170558953325,0.37871538968907686,0.24,0.0,0.04
SINGLE_SHIFT,0.8,18,18,8,0.16627121817063695,0.15210075912090998,0.2954481848006695,0.16,0.44,0.64
SINGLE_SHIFT,0.8,24,18,8,0.19666118313626937,0.13461853611626312,0.3323092592529788,0.02,0.06,0.14
SINGLE_SHIFT,0.8,24,18,8,0.20838365557802893,0.12953340431407875,0.3792472995463622,0.04,0.12,0.56
SINGLE_SHIFT,0.8,24,18,8,0.18572437548493495,0.13599858641618737,0.281249142567603,0.1,0.1,0.16
SINGLE_SHIFT,0.8,24,18,8,0.21855215807656836,0.14079157586233612,0.38533076414216627,0.06,0.06,0.66
SINGLE_SHIFT,0.8,24,18,18,0.21802924863617212,0.15403036974451687,0.3061427261102473,0.06,0.0,0.08
SINGLE_SHIFT,0.8,24,18,18,0.20724641427937493,0.1391049012372234,0.33358862386715527,0.12,0.04,0.72
SINGLE_SHIFT,0.8,24,18,128,0.188550208186359,0.13980952479625333,0.4033859762283998,0.56,0.48,0.02
SINGLE_SHIFT,0.8,24,18,18,0.2177203780050768,0.16062699392972868,0.20928031434952468,0.64,0.58,0.66
SINGLE_SHIFT,0.8,36,18,8,0.18682174355601114,0.13213207972409444,0.313567870515656,0.02,0.02,0.14
SINGLE_SHIFT,0.8,36,18,18,0.17412797949284523,0.13972842694892817,0.20014850851473653,0.44,0.38,0.54
SINGLE_SHIFT,0.8,36,8,8,0.1995054946744217,0.20994307012241095,0.3450348238217016,0.04,0.1,0.12
SINGLE_SHIFT,0.8,36,18,18,0.22883858146391461,0.17555901438702523,0.2340932217695223,0.62,0.5,0.72
SINGLE_SHIFT,0.8,36,18,18,0.2121483511074029,0.15180688815656004,0.27489820567035883,0.06,0.04,0.08
SINGLE_SHIFT,0.8,36,18,8,0.20521553445338023,0.1352737988081806,0.3362127770672818,0.02,0.04,0.7
SINGLE_SHIFT,0.8,36,18,128,0.21261077457216157,0.1463687638474012,0.326769670809409,0.18,0.18,0.02
SINGLE_SHIFT,0.8,36,18,18,0.21031406556601576,0.16192958173610028,0.2560514119571102,0.48,0.42,0.62
SINGLE_SHIFT,0.8,48,8,128,0.14794272424128052,0.14918854697432202,0.3500180048427079,0.56,0.3,0.14
SINGLE_SHIFT,0.8,48,18,8,0.1945418956834359,0.14588488285409082,0.24519156217812868,0.3,0.3,0.54
SINGLE_SHIFT,0.8,48,18,8,0.23417680664909646,0.16388446738566637,0.29224845986414305,0.1,0.14,0.12
SINGLE_SHIFT,0.8,48,18,8,0.20982548049059838,0.14655238895922976,0.2955435075688232,0.06,0.06,0.56
SINGLE_SHIFT,0.8,48,8,18,0.15815959396916074,0.18332026106683555,0.3284639186974952,0.4,0.06,0.08
SINGLE_SHIFT,0.8,48,18,18,0.1937248132078338,0.13985399412354213,0.26409950420697753,0.04,0.02,0.52
SINGLE_SHIFT,0.8,48,18,18,0.1729527505706797,0.17113885521144157,0.35490421777857734,0.4,0.0,0.02
SINGLE_SHIFT,0.8,48,18,8,0.17604149563304178,0.14566892292981992,0.28561992336458664,0.02,0.14,0.6
LOCAL_PULSE_REVERT,0.3,18,128,8,0.21643640625144336,0.1923405767308638,0.18842228710735148,0.1,0.1,0.1
LOCAL_PULSE_REVERT,0.3,18,18,128,0.16807261920569333,0.1500877787149905,0.17228784646215792,0.26,0.14,0.02
LOCAL_PULSE_REVERT,0.3,18,18,128,0.1665962372563402,0.14890228228719685,0.18942478107845226,0.1,0.1,0.08
LOCAL_PULSE_REVERT,0.3,18,18,128,0.1822816582442083,0.15486348750757867,0.17110897172677494,0.1,0.1,0.06
LOCAL_PULSE_REVERT,0.3,18,18,128,0.16370089863734466,0.15905651735606827,0.1955155530374708,0.44,0.28,0.1
LOCAL_PULSE_REVERT,0.3,18,18,128,0.1875149120981436,0.1853786101302626,0.22776617188432893,0.28,0.1,0.0
LOCAL_PULSE_REVERT,0.3,18,8,128,0.17265437173042386,0.18303360972327226,0.20625106497542262,0.4,0.16,0.0
LOCAL_PULSE_REVERT,0.3,18,18,128,0.19573333893933084,0.15497133689320478,0.17855809577307147,0.3,0.3,0.06
LOCAL_PULSE_REVERT,0.3,18,18,8,0.20941822813477562,0.17928018004598015,0.1851914038702001,0.08,0.18,0.08
LOCAL_PULSE_REVERT,0.3,18,18,8,0.205151512728582,0.1929872996999957,0.20371764924895458,0.02,0.12,0.14
LOCAL_PULSE_REVERT,0.3,18,18,8,0.17186632717950162,0.1586398207210228,0.1608316923572908,0.0,0.06,0.04
LOCAL_PULSE_REVERT,0.3,18,18,128,0.1767505815232345,0.1442329270129947,0.18734554071452514,0.2,0.2,0.02
LOCAL_PULSE_REVERT,0.3,18,8,18,0.17415318367201552,0.18320885867228937,0.18601371690128074,0.24,0.04,0.04
LOCAL_PULSE_REVERT,0.3,18,18,128,0.18371970100500018,0.16866185981988832,0.18020752103862683,0.04,0.02,0.0
LOCAL_PULSE_REVERT,0.3,18,18,8,0.18556504577844973,0.14521214246365488,0.20358502451158153,0.0,0.0,0.0
LOCAL_PULSE_REVERT,0.3,18,8,128,0.1607452557174454,0.20172951130408853,0.23754910386391562,0.6,0.46,0.28
LOCAL_PULSE_REVERT,0.3,18,18,128,0.21538636101273564,0.17963411208505006,0.1824739233185235,0.02,0.02,0.0
LOCAL_PULSE_REVERT,0.3,18,18,128,0.19501398576776063,0.16309122872495257,0.18814493235396004,0.08,0.14,0.02
LOCAL_PULSE_REVERT,0.3,18,8,18,0.1638782625402604,0.16957498504771515,0.17170809389743893,0.1,0.04,0.04
LOCAL_PULSE_REVERT,0.3,18,18,128,0.20518059202454766,0.1683944105310241,0.21529707936493084,0.06,0.06,0.02
LOCAL_PULSE_REVERT,0.3,18,18,8,0.18027345536305575,0.1549154950742348,0.16018538512784433,0.06,0.06,0.06
LOCAL_PULSE_REVERT,0.3,18,18,128,0.18379848374923766,0.1690519419650629,0.2073045455598826,0.12,0.04,0.02
LOCAL_PULSE_REVERT,0.3,18,8,18,0.16670341866173125,0.17708309309760684,0.1854043307854391,0.16,0.0,0.0
LOCAL_PULSE_REVERT,0.3,18,18,18,0.18380434688079375,0.15578136098121984,0.1587997430794702,0.14,0.02,0.1
LOCAL_PULSE_REVERT,0.55,18,18,8,0.18885424459852915,0.15928388635228832,0.17029165032436813,0.04,0.12,0.08
LOCAL_PULSE_REVERT,0.55,18,18,128,0.2051450913005705,0.15968072446113485,0.1822994388901669,0.12,0.32,0.04
LOCAL_PULSE_REVERT,0.55,18,8,128,0.1762535518325366,0.1806299125673674,0.20955003829143312,0.1,0.1,0.08
LOCAL_PULSE_REVERT,0.55,18,18,8,0.19445772048679996,0.1786653712393033,0.17933857066702646,0.2,0.28,0.22
LOCAL_PULSE_REVERT,0.55,18,18,128,0.18585109092999438,0.15193196339812232,0.1682310211270207,0.12,0.24,0.1
LOCAL_PULSE_REVERT,0.55,18,18,128,0.18644988151777925,0.1846542602437773,0.23251832030616967,0.38,0.12,0.0
LOCAL_PULSE_REVERT,0.55,18,18,8,0.1868557681636114,0.1776646665016192,0.1854204418501648,0.0,0.0,0.0
LOCAL_PULSE_REVERT,0.55,18,18,8,0.20451195274919867,0.1855882900969171,0.19468228600268797,0.02,0.08,0.12
LOCAL_PULSE_REVERT,0.55,18,8,128,0.17137555531606746,0.17748419578521288,0.18376496996728273,0.3,0.1,0.0
LOCAL_PULSE_REVERT,0.55,18,18,18,0.18332758733316676,0.17714755353083497,0.19127408149641445,0.3,0.08,0.14
LOCAL_PULSE_REVERT,0.55,18,8,18,0.17157357037215862,0.20603622832671573,0.21406942048540545,0.12,0.1,0.1
LOCAL_PULSE_REVERT,0.55,18,18,128,0.18285494349887665,0.16001260821782162,0.18775761372858932,0.38,0.28,0.1
LOCAL_PULSE_REVERT,0.55,18,18,18,0.1800085922912721,0.16456761150914143,0.2577385760591475,0.08,0.06,0.1
LOCAL_PULSE_REVERT,0.55,18,8,128,0.16740741777558096,0.17942485353344242,0.24204229104079128,0.6,0.18,0.04
LOCAL_PULSE_REVERT,0.55,18,18,18,0.24279846538352276,0.23788898852660068,0.2485467762099413,0.18,0.0,0.0
LOCAL_PULSE_REVERT,0.55,18,18,128,0.18091494135016098,0.15082374419263045,0.15702386462285106,0.22,0.3,0.16
LOCAL_PULSE_REVERT,0.55,18,18,18,0.1619151731024502,0.15054818659212243,0.20480541939264651,0.3,0.1,0.12
LOCAL_PULSE_REVERT,0.55,18,18,128,0.17312634753280903,0.16027312508929736,0.20355781450889152,0.14,0.14,0.02
LOCAL_PULSE_REVERT,0.55,18,8,8,0.16442248823581576,0.19359656708040118,0.1979377610495923,0.1,0.1,0.1
LOCAL_PULSE_REVERT,0.55,18,18,128,0.17394710410265735,0.16446997007456554,0.18989220522689831,0.26,0.1,0.0
LOCAL_PULSE_REVERT,0.55,18,8,128,0.16615724073660254,0.20489213423383631,0.21820318553297843,0.44,0.06,0.0
LOCAL_PULSE_REVERT,0.55,18,8,18,0.1617929777925543,0.18334587546530184,0.20134784440743,0.04,0.0,0.04
LOCAL_PULSE_REVERT,0.55,18,8,18,0.17363408601919952,0.19068508582114424,0.21299708765538114,0.02,0.0,0.0
LOCAL_PULSE_REVERT,0.55,18,8,18,0.1619895130743569,0.18064779152921817,0.25102494498127786,0.04,0.02,0.12
LOCAL_PULSE_REVERT,0.8,18,18,18,0.21378951998608653,0.19874513633351235,0.20052312983655698,0.12,0.1,0.12
LOCAL_PULSE_REVERT,0.8,18,18,18,0.19718110493362653,0.16158776621060664,0.18058951045940927,0.06,0.04,0.14
LOCAL_PULSE_REVERT,0.8,18,18,18,0.23259713653572342,0.1987680386110683,0.21137054355544085,0.12,0.0,0.04
LOCAL_PULSE_REVERT,0.8,18,8,18,0.16762191049503666,0.18594468253766402,0.18629968152768553,0.28,0.02,0.02
LOCAL_PULSE_REVERT,0.8,18,8,128,0.17023671460145356,0.1787735807290968,0.19390029174414705,0.28,0.04,0.02
LOCAL_PULSE_REVERT,0.8,18,18,128,0.20180711772237356,0.17025233917193902,0.21006493575005972,0.1,0.1,0.0
LOCAL_PULSE_REVERT,0.8,18,18,18,0.183367848067739,0.1773280043572756,0.18196119167026462,0.16,0.0,0.0
LOCAL_PULSE_REVERT,0.8,18,128,18,0.18624124440669526,0.17628006579645658,0.1750855577774825,0.26,0.1,0.1
LOCAL_PULSE_REVERT,0.8,18,18,8,0.18038350396445751,0.14898660384405704,0.15809750514100868,0.08,0.12,0.08
LOCAL_PULSE_REVERT,0.8,18,18,8,0.18783407192001006,0.1517250668654313,0.1981926135207156,0.04,0.12,0.14
LOCAL_PULSE_REVERT,0.8,18,18,128,0.17419854442143196,0.14322423797319855,0.18564889926628894,0.14,0.14,0.08
LOCAL_PULSE_REVERT,0.8,18,18,18,0.23089003027539723,0.22745607743933383,0.22848596295394588,0.22,0.08,0.08
LOCAL_PULSE_REVERT,0.8,18,18,8,0.20943680580503907,0.19024766980940705,0.19122008730854828,0.04,0.06,0.06
LOCAL_PULSE_REVERT,0.8,18,8,18,0.17229321168182457,0.2150206598210664,0.22655339463905588,0.54,0.04,0.04
LOCAL_PULSE_REVERT,0.8,18,8,18,0.17237849770476973,0.24884739332945718,0.2619886850822305,0.52,0.0,0.0
LOCAL_PULSE_REVERT,0.8,18,18,128,0.16175736027524387,0.15778493517219946,0.1938461178298206,0.52,0.46,0.3
LOCAL_PULSE_REVERT,0.8,18,18,18,0.20765481005018713,0.17505205678894084,0.18543465437376058,0.12,0.02,0.12
LOCAL_PULSE_REVERT,0.8,18,18,8,0.18657531577814276,0.16288080757137002,0.1866712809052102,0.04,0.04,0.12
LOCAL_PULSE_REVERT,0.8,18,18,18,0.17556551904822004,0.1696798288479679,0.18346005340417232,0.08,0.06,0.08
LOCAL_PULSE_REVERT,0.8,18,8,8,0.16126634596707365,0.2062690691607961,0.20959754883129178,0.06,0.2,0.14
LOCAL_PULSE_REVERT,0.8,18,18,128,0.17466855546305501,0.16526933095518698,0.16912332897653204,0.1,0.06,0.02
LOCAL_PULSE_REVERT,0.8,18,8,18,0.1764942250044729,0.18025712244455236,0.20730570992447414,0.04,0.0,0.04
LOCAL_PULSE_REVERT,0.8,18,18,8,0.18513835726878508,0.15221159384806637,0.17185038111242992,0.0,0.08,0.0
LOCAL_PULSE_REVERT,0.8,18,18,128,0.2201124330944979,0.18641346080911167,0.1892609012290891,0.24,0.2,0.12
STATIONARY,0.0,128,18,8,0.17289254900993276,0.1448396691788298,0.15734749188147082,0.06,0.08,0.06
STATIONARY,0.0,128,18,128,0.16346933117647716,0.15267473908764684,0.2163281890242532,0.5,0.32,0.06
STATIONARY,0.0,128,18,8,0.18595047441195844,0.18446689397785657,0.18649444849233102,0.16,0.32,0.26
STATIONARY,0.0,128,18,128,0.16764777214379176,0.14760622232770046,0.2494966341712691,0.12,0.12,0.0
STATIONARY,0.0,128,18,128,0.1884732135676367,0.15445852745727429,0.19105500558311403,0.06,0.06,0.02
STATIONARY,0.0,128,18,8,0.20262044662884685,0.17377335815736883,0.18808865273260783,0.0,0.22,0.0
STATIONARY,0.0,128,8,18,0.16328057886494654,0.16542002176818366,0.166957048307343,0.12,0.04,0.08
STATIONARY,0.0,128,18,128,0.1747147002893916,0.14946147626728065,0.15145319197951088,0.1,0.08,0.06
SINGLE_SHIFT,0.3,2,8,18,0.18207712565409992,0.2077235926774239,0.23384077481821275,0.1,0.08,0.08
SINGLE_SHIFT,0.3,2,18,128,0.19170153162178238,0.15586698116518163,0.22864626634518517,0.68,0.66,0.36
SINGLE_SHIFT,0.3,2,8,18,0.17365547117487787,0.24484999576751224,0.24533218729880846,0.28,0.02,0.02
SINGLE_SHIFT,0.3,2,8,128,0.16243668847951478,0.23228687620767594,0.23811843918489126,0.72,0.46,0.44
SINGLE_SHIFT,0.3,2,18,8,0.21467343378800943,0.1782524589617397,0.20017347937449612,0.06,0.06,0.06
SINGLE_SHIFT,0.3,2,18,8,0.1772292647955198,0.16398841587928648,0.16708699057838897,0.22,0.36,0.3
SINGLE_SHIFT,0.3,2,18,8,0.18386484017347898,0.15964223178260137,0.20618090283492121,0.06,0.12,0.12
SINGLE_SHIFT,0.3,2,18,8,0.1757904280603712,0.16378445802593833,0.22733906803022289,0.14,0.3,0.4
SINGLE_SHIFT,0.3,4,18,8,0.18998590423276002,0.16046655678141156,0.182218374570222,0.08,0.08,0.08
SINGLE_SHIFT,0.3,4,8,8,0.18091472628060642,0.21940231783100927,0.22331701070004958,0.08,0.54,0.5
SINGLE_SHIFT,0.3,4,18,8,0.19372692022304336,0.16015544558282666,0.17385756199249672,0.02,0.02,0.02
SINGLE_SHIFT,0.3,4,8,8,0.2155668834859159,0.2561042933442063,0.28743456526563715,0.12,0.32,0.44
SINGLE_SHIFT,0.3,4,8,8,0.20477063603370818,0.22131626888016234,0.22374211209489034,0.06,0.06,0.06
SINGLE_SHIFT,0.3,4,18,8,0.1855132205515788,0.16573877246581456,0.17355424689374774,0.46,0.64,0.48
SINGLE_SHIFT,0.3,4,18,8,0.1841868756257721,0.1591551358789569,0.18684430678108496,0.04,0.12,0.12
SINGLE_SHIFT,0.3,4,18,128,0.1900524858240395,0.1599115299349302,0.18352551534683384,0.44,0.46,0.38
SINGLE_SHIFT,0.3,6,18,8,0.18576281506681264,0.1756164177881742,0.19500940973596137,0.02,0.1,0.08
SINGLE_SHIFT,0.3,6,8,8,0.171825379104109,0.20660852686946998,0.21706365567318767,0.14,0.48,0.5
SINGLE_SHIFT,0.3,6,8,18,0.17343703754582995,0.19541041209482005,0.2586972771217595,0.34,0.0,0.02
SINGLE_SHIFT,0.3,6,8,8,0.24392421738821538,0.26838117964028624,0.27240003278785985,0.14,0.44,0.44
SINGLE_SHIFT,0.3,6,8,8,0.16744688122222576,0.18635563547040912,0.1937282755175532,0.06,0.06,0.06
SINGLE_SHIFT,0.3,6,8,8,0.18063720869940567,0.1821755064852288,0.18573100808579518,0.48,0.62,0.62
SINGLE_SHIFT,0.3,6,8,18,0.16027331678764636,0.19295566487918073,0.23614035308014455,0.16,0.12,0.12
SINGLE_SHIFT,0.3,6,18,18,0.16700282169690372,0.15429991123973047,0.1622208063340709,0.48,0.38,0.4
SINGLE_SHIFT,0.3,8,8,18,0.15463839304229512,0.21535212698915163,0.29081969166454696,0.52,0.0,0.08
SINGLE_SHIFT,0.3,8,18,8,0.16112344417449298,0.1592679670218012,0.2810432562837162,0.12,0.12,0.36
SINGLE_SHIFT,0.3,8,18,18,0.17485893109210665,0.17207627673351616,0.2460066361447897,0.16,0.02,0.02
SINGLE_SHIFT,0.3,8,8,8,0.16171849406828392,0.18185754682943714,0.21494711159041974,0.04,0.24,0.4
SINGLE_SHIFT,0.3,8,8,18,0.17668691746103068,0.1878451472451849,0.24117709748495358,0.16,0.06,0.06
SINGLE_SHIFT,0.3,8,18,8,0.17639111059862123,0.14423577365774615,0.24177030979662298,0.0,0.0,0.3
SINGLE_SHIFT,0.3,8,8,18,0.16083292156845896,0.24919107809483862,0.25562874399320923,0.36,0.12,0.12
SINGLE_SHIFT,0.3,8,18,128,0.17884898805454452,0.15479463659128118,0.18389198231911733,0.48,0.46,0.4
SINGLE_SHIFT,0.3,12,8,18,0.21832736242746867,0.2325378917470084,0.32385039367597146,0.32,0.02,0.08
SINGLE_SHIFT,0.3,12,18,18,0.2166142990282238,0.18567095082790408,0.2601538173730858,0.08,0.06,0.36
SINGLE_SHIFT,0.3,12,18,8,0.17101177266163517,0.13881880412339143,0.18308153036054653,0.0,0.02,0.02
SINGLE_SHIFT,0.3,12,18,18,0.23713999600693048,0.200928034910345,0.20337429380787506,0.44,0.22,0.42
SINGLE_SHIFT,0.3,12,18,18,0.18178113456241457,0.163773888171948,0.22260308284946545,0.24,0.02,0.06
SINGLE_SHIFT,0.3,12,8,8,0.17275870791422232,0.23268379107846046,0.28471377056894276,0.02,0.2,0.38
SINGLE_SHIFT,0.3,12,18,8,0.17346058958769073,0.14388408140721304,0.19661537185526107,0.04,0.06,0.12
SINGLE_SHIFT,0.3,12,8,18,0.16914534086927416,0.17955201449081967,0.2819123221847176,0.22,0.04,0.4
SINGLE_SHIFT,0.3,18,18,128,0.22369128157905377,0.1680630540467958,0.2689292349267173,0.14,0.22,0.08
SINGLE_SHIFT,0.3,18,18,8,0.2031326478870591,0.18658280932628452,0.22668156321351676,0.08,0.1,0.22
SINGLE_SHIFT,0.3,18,18,8,0.22541906800024858,0.15903157620310535,0.2199479413866873,0.02,0.16,0.02
SINGLE_SHIFT,0.3,18,8,8,0.19206812820464017,0.22482100052449752,0.26335095180059315,0.12,0.18,0.4
SINGLE_SHIFT,0.3,18,18,128,0.19492266851749834,0.14674201589879127,0.24358202553641828,0.24,0.26,0.06
SINGLE_SHIFT,0.3,18,18,8,0.1869766851444438,0.13885469513793855,0.23579968441884175,0.0,0.0,0.34
SINGLE_SHIFT,0.3,18,18,18,0.17468336541799262,0.15915877968814304,0.20295769795774293,0.16,0.06,0.12
SINGLE_SHIFT,0.3,18,18,8,0.16813169174352752,0.15127720901524766,0.22084081307319484,0.06,0.1,0.36
SINGLE_SHIFT,0.3,24,18,18,0.20841204770357213,0.1644162921242262,0.19086570603066422,0.08,0.06,0.08
SINGLE_SHIFT,0.3,24,8,18,0.1741553023230447,0.18376730018991874,0.19373191884761243,0.66,0.28,0.4
SINGLE_SHIFT,0.3,24,18,18,0.20081725517265972,0.16474591494520807,0.23627761232963151,0.26,0.0,0.02
SINGLE_SHIFT,0.3,24,18,8,0.1717867852093022,0.14585469576227625,0.2007693540809673,0.02,0.02,0.38
SINGLE_SHIFT,0.3,24,18,18,0.17642019009001547,0.1552878853460254,0.21974359988920442,0.24,0.06,0.06
SINGLE_SHIFT,0.3,24,18,18,0.17641267770302677,0.14464101922429026,0.18205340292298286,0.14,0.06,0.24
SINGLE_SHIFT,0.3,24,18,128,0.19999707512701595,0.15081171661865933,0.24399855740739365,0.28,0.28,0.12
SINGLE_SHIFT,0.3,24,8,8,0.1675294388810563,0.19643213246173447,0.20187028879900024,0.06,0.34,0.3
SINGLE_SHIFT,0.3,36,8,8,0.16235702456298562,0.16876260331402987,0.17270781827277917,0.08,0.08,0.08
SINGLE_SHIFT,0.3,36,18,18,0.1654096684051086,0.15569877889308117,0.20373763971698206,0.1,0.08,0.26
SINGLE_SHIFT,0.3,36,18,128,0.16433241385044173,0.14745131400449832,0.21919950391542306,0.3,0.14,0.02
SINGLE_SHIFT,0.3,36,18,8,0.18418345170228842,0.13321741343785562,0.2898990472495175,0.12,0.12,0.4
SINGLE_SHIFT,0.3,36,18,8,0.18805811959269156,0.1545467971003859,0.18845752305322722,0.06,0.06,0.06
SINGLE_SHIFT,0.3,36,18,8,0.1639639223369017,0.14127528186559699,0.18996078187850518,0.04,0.12,0.3
SINGLE_SHIFT,0.3,36,18,128,0.177616546006354,0.13753736939649686,0.2506140454737582,0.44,0.4,0.12
SINGLE_SHIFT,0.3,36,18,18,0.19107696646064828,0.16039294434627188,0.17139709631830768,0.38,0.22,0.36
SINGLE_SHIFT,0.3,48,18,128,0.20980770928471068,0.1806792355960076,0.3117239706415512,0.42,0.3,0.08
SINGLE_SHIFT,0.3,48,18,18,0.20908274469801272,0.16410667661200293,0.1941516247534171,0.22,0.06,0.34
SINGLE_SHIFT,0.3,48,18,18,0.16053436144923885,0.15801576280477334,0.19507948481973397,0.28,0.02,0.02
SINGLE_SHIFT,0.3,48,18,18,0.1842762610238609,0.15247055054989622,0.17676655325678603,0.1,0.02,0.18
SINGLE_SHIFT,0.3,48,8,18,0.1731735771872276,0.17440534230735838,0.17542738442456265,0.2,0.04,0.04
SINGLE_SHIFT,0.3,48,18,8,0.18781405368120668,0.17284092303456128,0.18264387198976909,0.18,0.2,0.22
SINGLE_SHIFT,0.3,48,18,128,0.19007207136847748,0.14179165048959985,0.257294837618548,0.34,0.34,0.12
SINGLE_SHIFT,0.3,48,18,8,0.1640196000727779,0.15247136334420025,0.205850877396905,0.06,0.1,0.34
SINGLE_SHIFT,0.55,2,18,18,0.2603638150863199,0.17873330148733046,0.2635452549765273,0.1,0.08,0.1
SINGLE_SHIFT,0.55,2,18,18,0.20399526729771097,0.15496740124221478,0.23089324658115604,0.56,0.36,0.68
SINGLE_SHIFT,0.55,2,8,8,0.18580167905844625,0.2059052722419219,0.21672687571243174,0.02,0.02,0.02
SINGLE_SHIFT,0.55,2,8,8,0.1903913424427238,0.23617318925673192,0.35225685515827343,0.12,0.18,0.6
SINGLE_SHIFT,0.55,2,18,8,0.1988132900550514,0.16152690557320576,0.17072385786685315,0.06,0.06,0.06
SINGLE_SHIFT,0.55,2,8,8,0.16152071467625087,0.1838597033702768,0.18544671738307375,0.6,0.72,0.72
SINGLE_SHIFT,0.55,2,18,8,0.23270449491520873,0.1863826346135471,0.19593676453112044,0.12,0.12,0.12
SINGLE_SHIFT,0.55,2,8,18,0.20495129867311115,0.21486590029317756,0.2163002479125248,0.56,0.54,0.54
SINGLE_SHIFT,0.55,4,18,18,0.2198310417234706,0.1594983349993756,0.22489940752793405,0.1,0.08,0.1
SINGLE_SHIFT,0.55,4,128,8,0.2112009462000601,0.18356409087469033,0.18286714722487044,0.64,0.68,0.64
SINGLE_SHIFT,0.55,4,18,8,0.2613113150111061,0.21013133454116478,0.2412091247431856,0.02,0.02,0.02
SINGLE_SHIFT,0.55,4,18,18,0.20418467397060042,0.16182355095769094,0.22648771916160687,0.42,0.4,0.6
SINGLE_SHIFT,0.55,4,8,8,0.23099835069764402,0.28540628176979876,0.2779821868173417,0.06,0.06,0.06
SINGLE_SHIFT,0.55,4,8,8,0.2147427507577659,0.26411758078287634,0.2912438338868818,0.24,0.68,0.72
SINGLE_SHIFT,0.55,4,128,8,0.20715714198544874,0.19044321025703576,0.18919066850362484,0.12,0.12,0.12
SINGLE_SHIFT,0.55,4,18,18,0.18797877314980138,0.1401345407311868,0.24958069996297924,0.38,0.34,0.54
SINGLE_SHIFT,0.55,6,18,8,0.2052268309053385,0.1925150274189468,0.20629313567252827,0.08,0.1,0.1
SINGLE_SHIFT,0.55,6,8,8,0.16234191958315142,0.27164275862436543,0.34182343415919414,0.12,0.54,0.68
SINGLE_SHIFT,0.55,6,8,8,0.1992710592433957,0.20708095267846227,0.20796496019980582,0.02,0.02,0.02
SINGLE_SHIFT,0.55,6,8,8,0.15514024335390786,0.2140783970666511,0.30439807462141394,0.12,0.36,0.54
SINGLE_SHIFT,0.55,6,8,18,0.20321073746580573,0.2977079732555939,0.37942934023871416,0.46,0.06,0.06
SINGLE_SHIFT,0.55,6,8,18,0.17550994298906203,0.17804234767213428,0.1805305355369069,0.74,0.7,0.72
SINGLE_SHIFT,0.55,6,18,8,0.1872242791786161,0.16462859358150772,0.168080271092392,0.12,0.12,0.12
SINGLE_SHIFT,0.55,6,18,18,0.1848158963604155,0.15141031680143907,0.18218314732435323,0.46,0.44,0.54
SINGLE_SHIFT,0.55,8,18,8,0.17750151953557003,0.14915896575967483,0.20071130443667226,0.08,0.08,0.1
SINGLE_SHIFT,0.55,8,8,8,0.16063144529395101,0.17231200512719813,0.23298069129497823,0.2,0.54,0.68
SINGLE_SHIFT,0.55,8,8,18,0.15753258266895317,0.17221142224024472,0.25106272079491704,0.2,0.02,0.02
SINGLE_SHIFT,0.55,8,8,8,0.1621948650503237,0.2204880812351405,0.2941329624930272,0.12,0.44,0.62
SINGLE_SHIFT,0.55,8,8,8,0.16825931035253971,0.22188941904768644,0.2798118240379278,0.04,0.06,0.06
SINGLE_SHIFT,0.55,8,8,128,0.17311421427540566,0.18307146465638824,0.20480196438708484,0.76,0.72,0.7
SINGLE_SHIFT,0.55,8,18,8,0.20229286062458784,0.19736843865045905,0.25689947872418534,0.12,0.12,0.12
SINGLE_SHIFT,0.55,8,8,8,0.17207966275593983,0.19313617551672008,0.27486039749891283,0.06,0.32,0.46
SINGLE_SHIFT,0.55,12,8,8,0.18751458832718637,0.23157854036260117,0.2526186036381935,0.08,0.1,0.1
SINGLE_SHIFT,0.55,12,8,8,0.16008790712651097,0.213731663398992,0.33025209417054213,0.12,0.22,0.68
SINGLE_SHIFT,0.55,12,8,18,0.15320939596899658,0.17360711554283137,0.2898335860942403,0.28,0.02,0.02
SINGLE_SHIFT,0.55,12,18,18,0.2117708388754378,0.16344081966470544,0.2427561381340471,0.38,0.14,0.5
SINGLE_SHIFT,0.55,12,18,128,0.19440970711027325,0.14896690366247772,0.36037270307662167,0.42,0.24,0.06
SINGLE_SHIFT,0.55,12,18,18,0.2074276059268541,0.1445721797271922,0.2673514767019186,0.18,0.04,0.62
SINGLE_SHIFT,0.55,12,18,8,0.16931309622176,0.1580300015841969,0.232703697630716,0.1,0.12,0.12
SINGLE_SHIFT,0.55,12,8,8,0.16673948814759235,0.20705817992347095,0.2922770523979696,0.08,0.36,0.52
SINGLE_SHIFT,0.55,18,18,8,0.2309569393870466,0.16583868254856404,0.2980751665477564,0.08,0.14,0.1
SINGLE_SHIFT,0.55,18,8,18,0.15110539834150674,0.16835973218020678,0.2997695995267852,0.12,0.02,0.54
SINGLE_SHIFT,0.55,18,18,128,0.22811558967226456,0.15330598665291592,0.29694718169168466,0.06,0.34,0.02
SINGLE_SHIFT,0.55,18,18,18,0.184776245536183,0.15952245402476256,0.330298572364264,0.12,0.02,0.62
SINGLE_SHIFT,0.55,18,18,128,0.19065473301405222,0.1543517694666014,0.34528641445808606,0.5,0.32,0.06
SINGLE_SHIFT,0.55,18,18,18,0.21301960432910583,0.15776513780816245,0.2461922328331672,0.46,0.16,0.72
SINGLE_SHIFT,0.55,18,18,128,0.17601059810084943,0.13536906265951676,0.306465578004432,0.4,0.28,0.12
SINGLE_SHIFT,0.55,18,18,8,0.1843827997089894,0.14062419699131115,0.272725309304746,0.32,0.32,0.54
SINGLE_SHIFT,0.55,24,18,128,0.17683914481784602,0.1393677686554737,0.3770734101575274,0.62,0.34,0.1
SINGLE_SHIFT,0.55,24,18,8,0.20435480731139694,0.14893075448583964,0.26648338710425795,0.1,0.12,0.52
SINGLE_SHIFT,0.55,24,18,128,0.20626518470759375,0.150953575060213,0.2816274342387689,0.16,0.26,0.02
SINGLE_SHIFT,0.55,24,18,18,0.23110200650095122,0.17087425071772191,0.2837472862635421,0.36,0.06,0.6
SINGLE_SHIFT,0.55,24,18,128,0.2047188056984998,0.1366230291858741,0.35007571975606233,0.34,0.36,0.06
SINGLE_SHIFT,0.55,24,18,18,0.19242551287226592,0.1434583375987603,0.21081719597858403,0.24,0.14,0.48
SINGLE_SHIFT,0.55,24,18,8,0.19420222809909501,0.19193909663246744,0.3195672954748732,0.1,0.12,0.12
SINGLE_SHIFT,0.55,24,18,18,0.17244660748476187,0.1481893538872141,0.33822780216981685,0.22,0.12,0.54
SINGLE_SHIFT,0.55,36,18,18,0.1670057039739759,0.1574355563076073,0.30122412194448545,0.26,0.04,0.1
SINGLE_SHIFT,0.55,36,18,8,0.23272680249909386,0.17007928729753055,0.3055629010160727,0.04,0.12,0.62
SINGLE_SHIFT,0.55,36,8,8,0.15777253105916836,0.16484549667711515,0.22476862595916705,0.02,0.02,0.02
SINGLE_SHIFT,0.55,36,18,8,0.19101295449012823,0.13947821737282728,0.3349844261377944,0.12,0.12,0.46
SINGLE_SHIFT,0.55,36,18,8,0.16872496735750947,0.13857630565248902,0.2150561376098533,0.06,0.06,0.06
SINGLE_SHIFT,0.55,36,18,18,0.16314733908587345,0.14621568822772013,0.25303453190840974,0.02,0.0,0.38
SINGLE_SHIFT,0.55,36,18,18,0.16358165579736286,0.1472643557255879,0.23624736229063784,0.2,0.04,0.12
SINGLE_SHIFT,0.55,36,8,8,0.1571949772478362,0.20259996438801747,0.2590758629236278,0.1,0.4,0.5
SINGLE_SHIFT,0.55,48,18,8,0.18536606644259418,0.17901001185649046,0.23026521915622583,0.06,0.08,0.1
SINGLE_SHIFT,0.55,48,18,18,0.2195415650629203,0.1555120193398393,0.21404923759758548,0.54,0.16,0.64
SINGLE_SHIFT,0.55,48,8,8,0.18473929486288718,0.18613899008537046,0.19223511076021121,0.02,0.02,0.02
SINGLE_SHIFT,0.55,48,18,18,0.20612816362529943,0.15424025557703885,0.20292884715477907,0.42,0.22,0.46
SINGLE_SHIFT,0.55,48,18,8,0.20446422856375152,0.1548320176637464,0.2409355274678381,0.04,0.06,0.06
SINGLE_SHIFT,0.55,48,18,8,0.17370744894277362,0.14841745566222414,0.2483705104721503,0.0,0.0,0.38
SINGLE_SHIFT,0.55,48,18,18,0.16833069747142107,0.15880273292666666,0.23134570982882954,0.16,0.12,0.12
SINGLE_SHIFT,0.55,48,8,18,0.16001816398455768,0.19679723761933732,0.2128361516844264,0.56,0.4,0.4
SINGLE_SHIFT,0.8,2,18,8,0.18203180020171617,0.16797098053576814,0.16938577412070904,0.12,0.12,0.12
SINGLE_SHIFT,0.8,2,8,8,0.17137160241407942,0.18584207967432043,0.19374419061733844,0.68,0.72,0.72
SINGLE_SHIFT,0.8,2,18,128,0.18063130406091282,0.1531424334732831,0.17418446558515477,0.04,0.04,0.02
SINGLE_SHIFT,0.8,2,8,8,0.20303953575261538,0.23478995294786326,0.2511082956787718,0.56,0.7,0.72
SINGLE_SHIFT,0.8,2,18,8,0.16500644036245443,0.15829713872788198,0.21700243375179928,0.06,0.06,0.06
SINGLE_SHIFT,0.8,2,18,8,0.20684171133352727,0.17914877642387067,0.18427590249972528,0.76,0.78,0.76
SINGLE_SHIFT,0.8,2,8,8,0.16220833570558083,0.2267065901900535,0.30569727136157426,0.12,0.12,0.12
SINGLE_SHIFT,0.8,2,128,8,0.22793559702840385,0.1964647388832344,0.19356293246741138,0.56,0.56,0.56
SINGLE_SHIFT,0.8,4,8,18,0.16118635088295216,0.38033313681295317,0.42962759904354025,0.32,0.12,0.12
SINGLE_SHIFT,0.8,4,18,8,0.22421481141688307,0.20142349790868735,0.23562001545452588,0.64,0.68,0.7
SINGLE_SHIFT,0.8,4,8,18,0.17145682887188843,0.2274543103363412,0.40708381818277695,0.3,0.02,0.04
SINGLE_SHIFT,0.8,4,18,8,0.22188938675824008,0.1742075942578218,0.2655107142111494,0.62,0.62,0.72
SINGLE_SHIFT,0.8,4,18,8,0.3216958332312877,0.2280038256942658,0.2473342348478474,0.06,0.06,0.08
SINGLE_SHIFT,0.8,4,8,8,0.21411129598638456,0.2363124301041479,0.23679506162156047,0.72,0.76,0.76
SINGLE_SHIFT,0.8,4,8,8,0.17977718269933937,0.26199298711784363,0.3228407858910398,0.08,0.12,0.12
SINGLE_SHIFT,0.8,4,8,8,0.25749819991585665,0.25751061132900055,0.3276435500389075,0.4,0.54,0.56
SINGLE_SHIFT,0.8,6,8,8,0.168323989645479,0.34493328286018904,0.33949289865059395,0.0,0.12,0.12
SINGLE_SHIFT,0.8,6,8,8,0.16536759442174973,0.21682870392830333,0.2429203193785699,0.46,0.7,0.72
SINGLE_SHIFT,0.8,6,18,8,0.22457950232864216,0.218566727324441,0.24914358593419414,0.02,0.02,0.02
SINGLE_SHIFT,0.8,6,18,8,0.22621721587290786,0.19981351109021717,0.2032046302117599,0.7,0.7,0.7
SINGLE_SHIFT,0.8,6,8,8,0.1700190129943125,0.22561680755544347,0.3240501913627402,0.06,0.06,0.08
SINGLE_SHIFT,0.8,6,8,8,0.17414014066148148,0.26889137762739285,0.34838174966354857,0.0,0.64,0.74
SINGLE_SHIFT,0.8,6,8,8,0.22844488171186286,0.2794581579074683,0.39260849976658285,0.06,0.12,0.12
SINGLE_SHIFT,0.8,6,18,8,0.19413503792392278,0.16032756294391096,0.1748299743539899,0.56,0.56,0.56
SINGLE_SHIFT,0.8,8,8,18,0.16092302079223297,0.26423232479228886,0.39798578324236816,0.26,0.1,0.12
SINGLE_SHIFT,0.8,8,8,8,0.1917136246204954,0.20902991598865484,0.22393007933998935,0.68,0.72,0.72
SINGLE_SHIFT,0.8,8,8,18,0.15624771585176428,0.19003446565929827,0.3519587594831017,0.3,0.02,0.02
SINGLE_SHIFT,0.8,8,8,8,0.16872624477303297,0.2652277879263807,0.26585744248627474,0.22,0.7,0.68
SINGLE_SHIFT,0.8,8,8,8,0.1612427451581346,0.27441304420804774,0.3269564602587579,0.04,0.06,0.08
SINGLE_SHIFT,0.8,8,8,8,0.16492156273586375,0.2856014250079285,0.3483772552680443,0.0,0.68,0.74
SINGLE_SHIFT,0.8,8,8,18,0.15313356241298826,0.18180260545538265,0.3536000866043342,0.22,0.12,0.12
SINGLE_SHIFT,0.8,8,8,8,0.15365476111629706,0.23199826005940188,0.41770087036864323,0.24,0.36,0.56
SINGLE_SHIFT,0.8,12,8,18,0.186419658117976,0.20244493809032688,0.40663015810743264,0.3,0.08,0.12
SINGLE_SHIFT,0.8,12,8,8,0.18251619688719703,0.19791697757827847,0.3227903342349805,0.2,0.54,0.72
SINGLE_SHIFT,0.8,12,18,8,0.1822930728326473,0.17898074054780186,0.271298960059399,0.02,0.02,0.04
SINGLE_SHIFT,0.8,12,8,8,0.193263145650438,0.20580100869215412,0.3195509541102797,0.22,0.46,0.7
SINGLE_SHIFT,0.8,12,8,8,0.20360359896972774,0.24496736006962203,0.35137750184840527,0.02,0.06,0.06
SINGLE_SHIFT,0.8,12,8,8,0.19233075119691978,0.2037929690880093,0.37891681883843087,0.0,0.22,0.74
SINGLE_SHIFT,0.8,12,18,18,0.18559984736740712,0.18094318958487113,0.3682436087888203,0.2,0.12,0.12
SINGLE_SHIFT,0.8,12,18,8,0.1727484333083426,0.15475590603249847,0.3153408399624798,0.32,0.38,0.56
SINGLE_SHIFT,0.8,18,18,8,0.1816608498344335,0.13748833366833182,0.32960775143296345,0.02,0.08,0.12
SINGLE_SHIFT,0.8,18,18,8,0.18701268905074953,0.12722861975002805,0.40770125014890646,0.12,0.12,0.72
SINGLE_SHIFT,0.8,18,18,18,0.17617008919247018,0.14680107461938566,0.34619165696354015,0.24,0.0,0.02
SINGLE_SHIFT,0.8,18,18,18,0.23127917624592567,0.16055536837290504,0.24856061772950422,0.62,0.18,0.68
SINGLE_SHIFT,0.8,18,18,8,0.19789636570769537,0.12892392260987404,0.36363113539215725,0.06,0.12,0.06
SINGLE_SHIFT,0.8,18,18,8,0.17154192148520364,0.15040178246867275,0.43077947942922784,0.02,0.02,0.72
SINGLE_SHIFT,0.8,18,18,8,0.20426259630723953,0.13821503752307382,0.3167991091290267,0.04,0.14,0.12
SINGLE_SHIFT,0.8,18,18,18,0.1650786549876791,0.14883075278696517,0.39972829059888954,0.24,0.06,0.56
SINGLE_SHIFT,0.8,24,18,8,0.23742761940065324,0.1578951134191287,0.3502384612532404,0.02,0.22,0.12
SINGLE_SHIFT,0.8,24,18,18,0.18870340098278193,0.13706382427148392,0.3105559912198854,0.08,0.02,0.68
SINGLE_SHIFT,0.8,24,18,18,0.18456625731217483,0.16519480176953316,0.3337946841386812,0.38,0.0,0.02
SINGLE_SHIFT,0.8,24,8,18,0.16280909474515126,0.18587247796552275,0.3771784526127163,0.12,0.02,0.68
SINGLE_SHIFT,0.8,24,18,18,0.21847179007733877,0.15963806780912507,0.24430665488288492,0.06,0.04,0.06
SINGLE_SHIFT,0.8,24,18,8,0.19509227247023353,0.12655330037056148,0.34949891448082304,0.0,0.0,0.74
SINGLE_SHIFT,0.8,24,18,8,0.21310509950352172,0.14946297637261502,0.3096859065514973,0.12,0.12,0.12
SINGLE_SHIFT,0.8,24,18,8,0.22168637499203642,0.155630701703282,0.42609321168452596,0.24,0.24,0.56
SINGLE_SHIFT,0.8,36,18,8,0.21713962831828548,0.15497266114963223,0.30416922569896493,0.06,0.06,0.1
SINGLE_SHIFT,0.8,36,18,18,0.19456279361707368,0.14581182529164938,0.23519810193173982,0.44,0.32,0.68
SINGLE_SHIFT,0.8,36,18,8,0.1905853147451229,0.13357021311115572,0.30015634735882807,0.0,0.0,0.02
SINGLE_SHIFT,0.8,36,18,18,0.15835955669595222,0.15540725139043038,0.3243822128789086,0.12,0.08,0.56
SINGLE_SHIFT,0.8,36,18,8,0.20965637896172304,0.13662926097547792,0.3306084030983822,0.04,0.08,0.06
SINGLE_SHIFT,0.8,36,18,8,0.17470094430758362,0.1482749562933602,0.2879510571596983,0.04,0.2,0.72
SINGLE_SHIFT,0.8,36,18,8,0.22375594149782327,0.14653936730631242,0.31356000610426843,0.12,0.12,0.12
SINGLE_SHIFT,0.8,36,18,18,0.22039550516455989,0.16116854079973825,0.25514227828300967,0.4,0.22,0.56
SINGLE_SHIFT,0.8,48,18,8,0.18589570274027836,0.14812145981940492,0.24492284692247995,0.08,0.08,0.12
SINGLE_SHIFT,0.8,48,18,8,0.18503314061108952,0.14604360631295962,0.2532592653984171,0.26,0.28,0.68
SINGLE_SHIFT,0.8,48,18,8,0.19154764510302344,0.14063408227519564,0.27396885590250913,0.02,0.02,0.02
SINGLE_SHIFT,0.8,48,18,8,0.20097452892362336,0.1488990796407145,0.3115966541980842,0.04,0.04,0.6
SINGLE_SHIFT,0.8,48,18,8,0.24847075602117027,0.18472453291284682,0.27695131351089014,0.06,0.28,0.06
SINGLE_SHIFT,0.8,48,18,8,0.24595323138558103,0.16620465613147753,0.29028235501860516,0.0,0.0,0.62
SINGLE_SHIFT,0.8,48,18,8,0.2030749089502073,0.16776589803529815,0.26001475047788614,0.04,0.12,0.12
SINGLE_SHIFT,0.8,48,18,18,0.22155611961081664,0.15542343573511833,0.261701399166557,0.32,0.2,0.46
LOCAL_PULSE_REVERT,0.3,18,18,128,0.16686867739799496,0.16229075562901304,0.20825035178998444,0.28,0.22,0.04
LOCAL_PULSE_REVERT,0.3,18,8,128,0.18156930271782795,0.18881078307916266,0.20121989495420703,0.12,0.22,0.06
LOCAL_PULSE_REVERT,0.3,18,18,18,0.17723029523730774,0.1631585508748409,0.18426212974853162,0.02,0.0,0.0
LOCAL_PULSE_REVERT,0.3,18,8,128,0.16776291087868697,0.19496328224132786,0.2230306728422207,0.46,0.16,0.0
LOCAL_PULSE_REVERT,0.3,18,8,128,0.18021258902294401,0.1889032440117739,0.20595865415979117,0.06,0.04,0.02
LOCAL_PULSE_REVERT,0.3,18,18,8,0.17921043622608662,0.16737835938265264,0.17050230074994382,0.04,0.16,0.18
LOCAL_PULSE_REVERT,0.3,18,18,128,0.1816074104827364,0.15778373308996854,0.19533869912823046,0.42,0.4,0.22
LOCAL_PULSE_REVERT,0.3,18,8,128,0.17300322548485023,0.2034731481350213,0.20908993223279607,0.22,0.18,0.04
LOCAL_PULSE_REVERT,0.3,18,8,18,0.16757625283514246,0.17388648611332438,0.17878794228648306,0.08,0.02,0.02
LOCAL_PULSE_REVERT,0.3,18,8,128,0.15953718851245113,0.1742226459063243,0.1844346886716932,0.12,0.16,0.0
LOCAL_PULSE_REVERT,0.3,18,18,128,0.17176435712485175,0.16081482855787252,0.17939407488199482,0.02,0.02,0.0
LOCAL_PULSE_REVERT,0.3,18,18,128,0.1669880065370272,0.1531812801489909,0.16580839927063812,0.08,0.04,0.0
LOCAL_PULSE_REVERT,0.3,18,18,18,0.20878109886905724,0.18577218714698762,0.18682220565327984,0.06,0.04,0.04
LOCAL_PULSE_REVERT,0.3,18,18,128,0.1684196712735814,0.14520827034973968,0.19234610236386795,0.3,0.22,0.02
LOCAL_PULSE_REVERT,0.3,18,8,18,0.17303771244511099,0.18103996240163864,0.20374481069594558,0.3,0.06,0.08
LOCAL_PULSE_REVERT,0.3,18,18,8,0.1870312885334868,0.15338375231220247,0.19949342191224506,0.06,0.06,0.22
LOCAL_PULSE_REVERT,0.3,18,8,18,0.15418282869832511,0.2406757089411784,0.25645865215919345,0.12,0.08,0.08
LOCAL_PULSE_REVERT,0.3,18,18,8,0.1905104891817235,0.16166246688947525,0.21904105306127114,0.12,0.12,0.14
LOCAL_PULSE_REVERT,0.3,18,18,128,0.177995342357314,0.146462022245567,0.18304614938008587,0.28,0.26,0.0
LOCAL_PULSE_REVERT,0.3,18,18,128,0.20633450055405994,0.1737586907184449,0.21414525476317559,0.1,0.12,0.0
LOCAL_PULSE_REVERT,0.3,18,18,8,0.20266516508672094,0.15793607108873026,0.18328390206687498,0.04,0.16,0.04
LOCAL_PULSE_REVERT,0.3,18,18,8,0.18777454356846401,0.15257025202237587,0.18469909301808676,0.0,0.0,0.06
LOCAL_PULSE_REVERT,0.3,18,18,18,0.16989759727033224,0.167289574021461,0.19460635652926825,0.22,0.04,0.12
LOCAL_PULSE_REVERT,0.3,18,8,128,0.1645669729131325,0.2097082983637863,0.26416616044180036,0.56,0.4,0.34
LOCAL_PULSE_REVERT,0.55,18,8,8,0.16000966211757775,0.161737643257257,0.1917903292218962,0.08,0.08,0.08
LOCAL_PULSE_REVERT,0.55,18,18,128,0.19740680613399011,0.16193907626443443,0.19916697045764528,0.34,0.36,0.14
LOCAL_PULSE_REVERT,0.55,18,18,128,0.1603413138349493,0.15585939454640316,0.17875260772277124,0.02,0.02,0.0
LOCAL_PULSE_REVERT,0.55,18,8,18,0.17026101214410974,0.18176907593558603,0.2021754161202607,0.12,0.02,0.1
LOCAL_PULSE_REVERT,0.55,18,8,128,0.16433316164644574,0.18345610366791557,0.20730181996796265,0.06,0.06,0.04
LOCAL_PULSE_REVERT,0.55,18,18,18,0.19019670860267157,0.18133586401439125,0.1869815446273084,0.02,0.0,0.0
LOCAL_PULSE_REVERT,0.55,18,18,128,0.20141919679728765,0.16246083590260907,0.20036108742568742,0.32,0.4,0.18
LOCAL_PULSE_REVERT,0.55,18,8,128,0.17625335562948716,0.18683033488657225,0.19305074087832685,0.2,0.04,0.02
LOCAL_PULSE_REVERT,0.55,18,18,128,0.18989123594402715,0.1656878896606368,0.16882094525389307,0.02,0.02,0.0
LOCAL_PULSE_REVERT,0.55,18,18,128,0.19410832501919523,0.17197031145366204,0.19124367963506084,0.26,0.14,0.0
LOCAL_PULSE_REVERT,0.55,18,18,128,0.22660340093100392,0.18008678231655117,0.19528856790325724,0.16,0.16,0.0
LOCAL_PULSE_REVERT,0.55,18,8,128,0.16656812858629705,0.21807864644393962,0.2265823483221176,0.12,0.18,0.1
LOCAL_PULSE_REVERT,0.55,18,18,128,0.1877173874388175,0.14952502599408812,0.1918239445645534,0.06,0.06,0.02
LOCAL_PULSE_REVERT,0.55,18,8,128,0.19339050024694052,0.2014851657937608,0.2258187552845472,0.5,0.24,0.18
LOCAL_PULSE_REVERT,0.55,18,128,128,0.22800449381963883,0.19330117024186824,0.18998923967885256,0.08,0.06,0.0
LOCAL_PULSE_REVERT,0.55,18,8,128,0.16472849824786862,0.16670602927037567,0.20749041148909425,0.38,0.22,0.04
LOCAL_PULSE_REVERT,0.55,18,18,8,0.17153508884770083,0.16630345433989147,0.19720502716274005,0.08,0.08,0.08
LOCAL_PULSE_REVERT,0.55,18,8,128,0.17060678896484727,0.205042283793096,0.2810372291897704,0.12,0.12,0.0
LOCAL_PULSE_REVERT,0.55,18,18,128,0.19602485581171655,0.1514126128560285,0.20923083466614525,0.28,0.36,0.02
LOCAL_PULSE_REVERT,0.55,18,18,128,0.18151092726613238,0.15522453586754956,0.16566770527434407,0.16,0.1,0.08
LOCAL_PULSE_REVERT,0.55,18,8,128,0.15994666860180398,0.1615683145256838,0.20418600642753712,0.06,0.06,0.04
LOCAL_PULSE_REVERT,0.55,18,128,18,0.18805962679402416,0.18438086920960572,0.18379328368866002,0.22,0.06,0.1
LOCAL_PULSE_REVERT,0.55,18,18,128,0.28849373148182605,0.19988455069270036,0.2540358463263302,0.3,0.4,0.06
LOCAL_PULSE_REVERT,0.55,18,8,128,0.16503244888209953,0.17921875189294773,0.18061131216175333,0.38,0.18,0.16
LOCAL_PULSE_REVERT,0.8,18,18,128,0.21393254753618393,0.20652201649085203,0.2246270252101812,0.22,0.06,0.02
LOCAL_PULSE_REVERT,0.8,18,18,8,0.18051486993097973,0.15229508111239848,0.19879838666656616,0.12,0.12,0.12
LOCAL_PULSE_REVERT,0.8,18,8,18,0.17682490708591103,0.21229649604469533,0.22270359956203348,0.02,0.0,0.02
LOCAL_PULSE_REVERT,0.8,18,8,8,0.16753571480742044,0.1830646926353552,0.27367253219096394,0.12,0.12,0.18
LOCAL_PULSE_REVERT,0.8,18,18,128,0.18422403765031356,0.16030276604932425,0.23194937036053379,0.56,0.5,0.06
LOCAL_PULSE_REVERT,0.8,18,18,8,0.18217935663555362,0.15225299454994215,0.16508435788059567,0.06,0.28,0.14
LOCAL_PULSE_REVERT,0.8,18,18,128,0.19963818495563,0.1668899656601303,0.19854484938732941,0.2,0.2,0.04
LOCAL_PULSE_REVERT,0.8,18,8,128,0.16707949279390286,0.22305874613886129,0.22512480526437406,0.24,0.32,0.16
LOCAL_PULSE_REVERT,0.8,18,18,8,0.234059957005943,0.1800198719154508,0.199627815174366,0.0,0.14,0.06
LOCAL_PULSE_REVERT,0.8,18,128,18,0.1675463643030284,0.1513517682526518,0.1509175717242613,0.34,0.22,0.22
LOCAL_PULSE_REVERT,0.8,18,18,8,0.1787007987341897,0.1544932675574472,0.17799425924417014,0.0,0.0,0.1
LOCAL_PULSE_REVERT,0.8,18,18,18,0.199606611648359,0.19288577585405856,0.19326702073722168,0.22,0.0,0.0
LOCAL_PULSE_REVERT,0.8,18,18,18,0.21131231890738708,0.17780159802666715,0.19038433512598807,0.06,0.04,0.06
LOCAL_PULSE_REVERT,0.8,18,8,18,0.16709363248921752,0.1991533522707372,0.24445261235718235,0.02,0.0,0.2
LOCAL_PULSE_REVERT,0.8,18,8,128,0.15658194478404097,0.20170659891563897,0.27521365138824094,0.64,0.2,0.12
LOCAL_PULSE_REVERT,0.8,18,18,128,0.1833614025656775,0.1532616983632969,0.2082074316947675,0.2,0.2,0.08
LOCAL_PULSE_REVERT,0.8,18,18,8,0.19099620292203262,0.15976061086215063,0.17358842021883286,0.0,0.26,0.02
LOCAL_PULSE_REVERT,0.8,18,18,18,0.20089340421931465,0.17171974913969026,0.2014921573778025,0.16,0.14,0.26
LOCAL_PULSE_REVERT,0.8,18,18,128,0.18217464290209925,0.17480117490100996,0.22212822739594018,0.3,0.1,0.02
LOCAL_PULSE_REVERT,0.8,18,18,18,0.1927026087366912,0.1642922105574484,0.17195134592999267,0.16,0.0,0.1
LOCAL_PULSE_REVERT,0.8,18,8,128,0.1578799303439637,0.20618917264085704,0.24534875098370845,0.62,0.12,0.04
LOCAL_PULSE_REVERT,0.8,18,18,8,0.172086347694945,0.16650827253809192,0.20101526737814723,0.0,0.04,0.22
LOCAL_PULSE_REVERT,0.8,18,18,128,0.18297900872438583,0.1767939136719195,0.23544239182560986,0.44,0.22,0.12
LOCAL_PULSE_REVERT,0.8,18,18,128,0.2203841348878119,0.18189353560495788,0.20143066444473692,0.06,0.2,0.02
STATIONARY,0.0,128,18,128,0.1730897744202053,0.1440508292839833,0.19873679938307054,0.16,0.16,0.12
STATIONARY,0.0,128,18,128,0.2020449320851804,0.16441313209862268,0.19685897160824473,0.24,0.36,0.1
STATIONARY,0.0,128,8,128,0.17224195011242796,0.1911767684009457,0.19215138697036055,0.1,0.04,0.02
STATIONARY,0.0,128,18,128,0.184608174633032,0.1603120103368664,0.1857819676188162,0.16,0.08,0.04
STATIONARY,0.0,128,18,128,0.25148884368578756,0.2067891851526596,0.2332420619641018,0.18,0.22,0.02
STATIONARY,0.0,128,18,128,0.2018051622250741,0.16773974020022445,0.18504718466889494,0.04,0.04,0.0
STATIONARY,0.0,128,18,128,0.1619748333107167,0.14869047400728014,0.18532941869953837,0.24,0.16,0.02
STATIONARY,0.0,128,18,128,0.22648669957278877,0.16354339949711916,0.18954746043974646,0.14,0.16,0.06
SINGLE_SHIFT,0.3,2,18,8,0.16446471275637078,0.15182015122581904,0.20024400453780253,0.1,0.14,0.16
SINGLE_SHIFT,0.3,2,18,128,0.19463957232270956,0.16681725106723236,0.17240013481290656,0.42,0.34,0.24
SINGLE_SHIFT,0.3,2,8,8,0.1793432473883778,0.23006057700067842,0.2588030355904805,0.12,0.12,0.12
SINGLE_SHIFT,0.3,2,18,18,0.18752326081550005,0.15443069277611424,0.1655224385636871,0.26,0.18,0.24
SINGLE_SHIFT,0.3,2,128,8,0.18254207199711137,0.16449762057213907,0.16391189712900794,0.06,0.06,0.06
SINGLE_SHIFT,0.3,2,8,8,0.16129096922288855,0.1782825805083322,0.17913889764281632,0.2,0.44,0.44
SINGLE_SHIFT,0.3,2,18,18,0.2214426789356916,0.189881862048096,0.2000924661485627,0.08,0.04,0.08
SINGLE_SHIFT,0.3,2,18,18,0.19666761128157723,0.18114211393884672,0.19165289168316643,0.56,0.32,0.38
SINGLE_SHIFT,0.3,4,18,8,0.16388756576642496,0.16234559919540859,0.17246530998959148,0.16,0.16,0.16
SINGLE_SHIFT,0.3,4,18,8,0.20937723863412191,0.16989355651067678,0.240115852807665,0.1,0.1,0.42
SINGLE_SHIFT,0.3,4,18,8,0.16714252907683386,0.14252252836846743,0.21676359019499986,0.04,0.06,0.12
SINGLE_SHIFT,0.3,4,18,8,0.17639428686112105,0.15212206470146256,0.18349870656443515,0.1,0.1,0.18
SINGLE_SHIFT,0.3,4,18,18,0.19333986404667877,0.17101159624343762,0.2288134485567023,0.16,0.0,0.06
SINGLE_SHIFT,0.3,4,18,8,0.1957436343531789,0.19493779090233032,0.19590112277050736,0.32,0.44,0.44
SINGLE_SHIFT,0.3,4,18,18,0.1815364102747614,0.14414013296871003,0.23269183606542357,0.08,0.06,0.06
SINGLE_SHIFT,0.3,4,18,128,0.1994031100020821,0.16607615348322616,0.17973793074301453,0.52,0.56,0.4
SINGLE_SHIFT,0.3,6,18,8,0.20318177506767668,0.16394268439083293,0.22764347651835504,0.08,0.1,0.16
SINGLE_SHIFT,0.3,6,18,8,0.17216356812092512,0.14585935291340651,0.1866556838432027,0.26,0.26,0.44
SINGLE_SHIFT,0.3,6,8,18,0.16136432127046935,0.18108508353264743,0.21617236747726207,0.24,0.06,0.12
SINGLE_SHIFT,0.3,6,8,8,0.18120745801110064,0.2050259903464808,0.2773817579733195,0.04,0.14,0.26
SINGLE_SHIFT,0.3,6,18,8,0.18497549446305345,0.15991803425964882,0.16393318714058097,0.06,0.06,0.06
SINGLE_SHIFT,0.3,6,8,8,0.17026197011514246,0.18297937389511348,0.2319444971269318,0.04,0.1,0.42
SINGLE_SHIFT,0.3,6,8,8,0.16560186602691837,0.2111958523735173,0.216659783422624,0.02,0.08,0.08
SINGLE_SHIFT,0.3,6,8,8,0.1622685841056793,0.1879222433749386,0.19303514012910516,0.14,0.34,0.3
SINGLE_SHIFT,0.3,8,8,8,0.19724689423034633,0.20368942759944741,0.21032739321929916,0.14,0.18,0.16
SINGLE_SHIFT,0.3,8,8,8,0.1778299578620177,0.17788884353404455,0.22539051728177703,0.1,0.16,0.38
SINGLE_SHIFT,0.3,8,8,18,0.1694180975892096,0.20745939194472773,0.23843458522748737,0.18,0.12,0.12
SINGLE_SHIFT,0.3,8,8,8,0.16962610047610294,0.20777236801971485,0.22029285836304838,0.04,0.22,0.24
SINGLE_SHIFT,0.3,8,18,8,0.17720808664304225,0.16657584197800154,0.2259972234837793,0.0,0.06,0.06
SINGLE_SHIFT,0.3,8,18,8,0.17245164333463717,0.1524809990511034,0.21049185911196955,0.04,0.12,0.44
SINGLE_SHIFT,0.3,8,18,8,0.1982521231411792,0.16253802502525333,0.23443020825361027,0.04,0.04,0.08
SINGLE_SHIFT,0.3,8,8,8,0.17452050277316142,0.18513073360291735,0.2363215110255689,0.08,0.12,0.3
SINGLE_SHIFT,0.3,12,8,18,0.16366146406437349,0.17744120393500987,0.1960451921095543,0.18,0.16,0.16
SINGLE_SHIFT,0.3,12,8,18,0.15715556502533717,0.1759660439113324,0.2654380889139119,0.22,0.06,0.34
SINGLE_SHIFT,0.3,12,8,18,0.16515464414764316,0.18732184836201848,0.29916986932703804,0.32,0.02,0.12
SINGLE_SHIFT,0.3,12,18,8,0.21143766219424337,0.15554423582918064,0.30288569635310253,0.06,0.06,0.24
SINGLE_SHIFT,0.3,12,18,128,0.18304338167712275,0.17779850036103687,0.30090173347910054,0.6,0.28,0.06
SINGLE_SHIFT,0.3,12,18,8,0.188937443255319,0.1384053651137524,0.2522592159088651,0.02,0.04,0.44
SINGLE_SHIFT,0.3,12,8,18,0.192145250930106,0.22868048918270478,0.24522215600972538,0.1,0.04,0.06
SINGLE_SHIFT,0.3,12,8,18,0.18573340150530923,0.23659234658771353,0.3146461154105266,0.16,0.12,0.34
SINGLE_SHIFT,0.3,18,18,8,0.20483928876738267,0.14682203498368737,0.2489188198939451,0.1,0.34,0.14
SINGLE_SHIFT,0.3,18,18,18,0.2038863817215137,0.17305849607899845,0.1921209517400206,0.5,0.1,0.42
SINGLE_SHIFT,0.3,18,8,128,0.1795414211913517,0.1854766539330344,0.2957413520443418,0.5,0.14,0.12
SINGLE_SHIFT,0.3,18,18,8,0.2088502506390451,0.15655505019161306,0.2864248445858038,0.04,0.06,0.24
SINGLE_SHIFT,0.3,18,18,8,0.1814933215164151,0.1680405872089834,0.21547396500097862,0.02,0.06,0.06
SINGLE_SHIFT,0.3,18,18,8,0.1714829124442646,0.15074986829608925,0.3030467155873057,0.04,0.04,0.46
SINGLE_SHIFT,0.3,18,8,18,0.20575873346023715,0.22064377186087245,0.2764169906244474,0.22,0.04,0.04
SINGLE_SHIFT,0.3,18,18,18,0.24067864516937978,0.16525998757893834,0.24184425313773505,0.24,0.16,0.32
SINGLE_SHIFT,0.3,24,18,128,0.17081714704139242,0.1623745051259826,0.3033918188001492,0.5,0.26,0.16
SINGLE_SHIFT,0.3,24,18,18,0.21177039509820675,0.16688225526985948,0.22241143949379746,0.22,0.02,0.34
SINGLE_SHIFT,0.3,24,18,18,0.19424149297561916,0.16079080919453578,0.17850108324527708,0.12,0.06,0.12
SINGLE_SHIFT,0.3,24,8,128,0.16218748137333047,0.17705991624266174,0.21568218764517738,0.58,0.36,0.24
SINGLE_SHIFT,0.3,24,8,18,0.17021957791195177,0.17288138567224942,0.2419729484032904,0.26,0.06,0.06
SINGLE_SHIFT,0.3,24,8,18,0.1720754078156138,0.18941410014124707,0.20924858208070668,0.7,0.3,0.46
SINGLE_SHIFT,0.3,24,18,8,0.19378747221197265,0.15883094427302658,0.18886179639040837,0.04,0.04,0.08
SINGLE_SHIFT,0.3,24,18,18,0.19799150303301397,0.15950735259302348,0.18081927469925957,0.34,0.18,0.34
SINGLE_SHIFT,0.3,36,8,18,0.1649364668511163,0.18171761575971035,0.18418772981152953,0.18,0.16,0.16
SINGLE_SHIFT,0.3,36,18,8,0.2103220988014591,0.16160627768357888,0.2392244596445274,0.04,0.1,0.24
SINGLE_SHIFT,0.3,36,8,18,0.17209057945361367,0.17642331045658394,0.1844380719171663,0.12,0.08,0.12
SINGLE_SHIFT,0.3,36,8,8,0.16579212130337453,0.23987541812479057,0.25793205047484774,0.06,0.14,0.18
SINGLE_SHIFT,0.3,36,8,18,0.16439450106202863,0.17305637218321152,0.2118058002516236,0.1,0.06,0.06
SINGLE_SHIFT,0.3,36,8,8,0.1941337398723742,0.20038664854758836,0.3384026737266163,0.04,0.04,0.44
SINGLE_SHIFT,0.3,36,8,128,0.1611775785070614,0.20467139386194433,0.2723141247183426,0.42,0.08,0.04
SINGLE_SHIFT,0.3,36,18,18,0.20192270127266085,0.19454286694663572,0.19671903030065133,0.34,0.12,0.16
SINGLE_SHIFT,0.3,48,8,128,0.1509932463258423,0.1991195415043509,0.3157630873645903,0.56,0.18,0.14
SINGLE_SHIFT,0.3,48,18,18,0.22321430044727927,0.1694915038816584,0.20115814689650005,0.1,0.04,0.22
SINGLE_SHIFT,0.3,48,18,8,0.23567039642556836,0.18759334455288829,0.2198729493678238,0.06,0.3,0.12
SINGLE_SHIFT,0.3,48,18,18,0.17349558157031872,0.1724196706037935,0.22679922873386305,0.04,0.0,0.2
SINGLE_SHIFT,0.3,48,18,8,0.1795836725275059,0.16922609502819647,0.17624478062336435,0.06,0.06,0.06
SINGLE_SHIFT,0.3,48,18,8,0.16145367160401636,0.14874600907776847,0.29970303671183457,0.04,0.04,0.44
SINGLE_SHIFT,0.3,48,18,8,0.1851422605834958,0.1596775400669475,0.17060510031056725,0.04,0.04,0.06
SINGLE_SHIFT,0.3,48,18,18,0.21302833601970744,0.17421696616234425,0.2049842693189089,0.26,0.2,0.34
SINGLE_SHIFT,0.55,2,18,8,0.19141953544329834,0.16427486503734812,0.17338426452140304,0.18,0.2,0.2
SINGLE_SHIFT,0.55,2,18,8,0.19256803245649667,0.18524552267588493,0.22649013746796048,0.44,0.52,0.58
SINGLE_SHIFT,0.55,2,8,8,0.19048075668695336,0.23965192414052594,0.2375223307241594,0.12,0.12,0.12
SINGLE_SHIFT,0.55,2,8,8,0.2286434983990835,0.23426106969951135,0.2442370458021622,0.3,0.54,0.58
SINGLE_SHIFT,0.55,2,8,8,0.1990215051051149,0.23109097717223231,0.24623774454939334,0.06,0.06,0.06
SINGLE_SHIFT,0.55,2,8,18,0.16516397945103922,0.2026116025121666,0.20758077772944797,0.7,0.46,0.48
SINGLE_SHIFT,0.55,2,18,8,0.17757439184838394,0.1755429272755751,0.19519322381723242,0.08,0.08,0.08
SINGLE_SHIFT,0.55,2,8,18,0.19377643804660483,0.19888500938138967,0.24367634375216585,0.64,0.6,0.6
SINGLE_SHIFT,0.55,4,8,8,0.15502833064162722,0.21738403234008455,0.2582054556522012,0.08,0.16,0.18
SINGLE_SHIFT,0.55,4,18,128,0.18077541065198757,0.1539710639843258,0.21437364114304477,0.6,0.58,0.56
SINGLE_SHIFT,0.55,4,18,8,0.19654833099656294,0.1629316866422345,0.17172592510322582,0.12,0.12,0.12
SINGLE_SHIFT,0.55,4,18,8,0.17078515163385768,0.16568606573471906,0.1679396520595163,0.46,0.58,0.56
SINGLE_SHIFT,0.55,4,18,8,0.17284318209822494,0.14880580541173272,0.17333988511930085,0.06,0.06,0.06
SINGLE_SHIFT,0.55,4,18,18,0.20772925674479167,0.1716256477587001,0.17785332181787225,0.68,0.66,0.7
SINGLE_SHIFT,0.55,4,8,18,0.17407568169728044,0.2050637229024927,0.28848352800974286,0.22,0.04,0.08
SINGLE_SHIFT,0.55,4,18,8,0.2085369137497906,0.17831465186295017,0.19972066262606855,0.6,0.6,0.6
SINGLE_SHIFT,0.55,6,8,8,0.17015151097439166,0.17591268262629858,0.28003933016476673,0.08,0.14,0.18
SINGLE_SHIFT,0.55,6,8,8,0.16201280182290226,0.28883410688460226,0.31596220328792,0.14,0.56,0.58
SINGLE_SHIFT,0.55,6,8,18,0.18840637240464,0.2281253581804795,0.297803168281371,0.14,0.12,0.12
SINGLE_SHIFT,0.55,6,18,18,0.20118696582795162,0.18506796209583315,0.187123836200974,0.6,0.56,0.58
SINGLE_SHIFT,0.55,6,8,128,0.15348251456212508,0.1676964468272156,0.37625523341775424,0.62,0.16,0.06
SINGLE_SHIFT,0.55,6,18,8,0.24274230605317831,0.18852736318176713,0.2205504780261938,0.5,0.5,0.66
SINGLE_SHIFT,0.55,6,8,8,0.19498117767076523,0.24954825072716397,0.2719130485143847,0.04,0.08,0.08
SINGLE_SHIFT,0.55,6,8,8,0.1580637237827425,0.20591794360913862,0.21447727885476536,0.34,0.6,0.6
SINGLE_SHIFT,0.55,8,8,8,0.25597461403226857,0.27882010810280883,0.3480242739826551,0.04,0.16,0.2
SINGLE_SHIFT,0.55,8,8,8,0.17143148762634208,0.17375727862001517,0.23673671453094935,0.26,0.44,0.58
SINGLE_SHIFT,0.55,8,18,18,0.20584399877961637,0.15157934780224713,0.2711588251603193,0.1,0.08,0.12
SINGLE_SHIFT,0.55,8,8,8,0.16419583689909528,0.20741762201986616,0.31031647375845284,0.06,0.14,0.36
SINGLE_SHIFT,0.55,8,8,18,0.151771951433287,0.23365047169861589,0.35102060778232397,0.62,0.06,0.06
SINGLE_SHIFT,0.55,8,8,8,0.16837951148643548,0.2257036241627938,0.28649496593610757,0.04,0.44,0.5
SINGLE_SHIFT,0.55,8,8,8,0.17160680948360707,0.2370794278241744,0.23858597725457048,0.04,0.08,0.08
SINGLE_SHIFT,0.55,8,8,8,0.16433319751479952,0.1870271579433375,0.21054439156857876,0.34,0.56,0.6
SINGLE_SHIFT,0.55,12,18,8,0.16349345412843677,0.14561568482035567,0.187970104800222,0.14,0.16,0.18
SINGLE_SHIFT,0.55,12,18,18,0.19955461229366234,0.16211187230192525,0.2663580152779104,0.22,0.2,0.56
SINGLE_SHIFT,0.55,12,18,8,0.18855567477352125,0.17053990971590868,0.23530045235466476,0.02,0.12,0.12
SINGLE_SHIFT,0.55,12,8,8,0.1603426955447501,0.17494506658394685,0.26333934566486433,0.06,0.22,0.54
SINGLE_SHIFT,0.55,12,8,18,0.16217384041645436,0.18283518979441568,0.3204611541864879,0.4,0.06,0.06
SINGLE_SHIFT,0.55,12,18,18,0.19427293449303146,0.15810162786551396,0.1725962717503287,0.54,0.46,0.54
SINGLE_SHIFT,0.55,12,8,18,0.16325943865310888,0.1752887887933651,0.3157479082392344,0.26,0.04,0.08
SINGLE_SHIFT,0.55,12,18,18,0.2355694841557019,0.17235226964646938,0.2512000071364377,0.52,0.24,0.6
SINGLE_SHIFT,0.55,18,18,8,0.18029714993252285,0.14223762762169664,0.2520899651781818,0.12,0.14,0.18
SINGLE_SHIFT,0.55,18,18,18,0.16749931181061223,0.15338810716082318,0.3309245523053299,0.2,0.1,0.58
SINGLE_SHIFT,0.55,18,18,8,0.19758207479672651,0.17084981769009636,0.2395657487764953,0.06,0.12,0.12
SINGLE_SHIFT,0.55,18,8,8,0.16077252232806197,0.16140944635707552,0.31690218204045945,0.04,0.08,0.58
SINGLE_SHIFT,0.55,18,18,128,0.18766749237068475,0.14669248101449953,0.3487819996104135,0.56,0.38,0.06
SINGLE_SHIFT,0.55,18,18,8,0.16203875518345656,0.15154701797272274,0.2576723126788743,0.02,0.1,0.5
SINGLE_SHIFT,0.55,18,18,18,0.2201730235970014,0.17217352101940225,0.2440538969188315,0.08,0.04,0.08
SINGLE_SHIFT,0.55,18,18,8,0.20057631925906988,0.147723530592445,0.30549084721142633,0.0,0.04,0.56
SINGLE_SHIFT,0.55,24,18,8,0.210396649790732,0.14648512329642963,0.277047367067328,0.04,0.24,0.18
SINGLE_SHIFT,0.55,24,18,18,0.20471669349200322,0.14718017938213757,0.26149665819720264,0.26,0.1,0.58
SINGLE_SHIFT,0.55,24,18,8,0.1785363879937719,0.13768716600474978,0.23096044151281528,0.08,0.12,0.12
SINGLE_SHIFT,0.55,24,18,18,0.18335890824196607,0.14189141888603912,0.2192317706032891,0.24,0.18,0.5
SINGLE_SHIFT,0.55,24,18,8,0.2120429714579263,0.1492346230883579,0.27486811743441936,0.06,0.28,0.06
SINGLE_SHIFT,0.55,24,18,8,0.18633524337695712,0.14004490979527537,0.25536104143470484,0.02,0.02,0.48
SINGLE_SHIFT,0.55,24,18,18,0.2185854435711205,0.16715177577494914,0.2900528727428499,0.18,0.02,0.08
SINGLE_SHIFT,0.55,24,18,8,0.19203739420340876,0.1796230119552922,0.275417328927828,0.18,0.28,0.6
SINGLE_SHIFT,0.55,36,18,18,0.16621345483466501,0.16222822171164472,0.1715025934029351,0.2,0.18,0.2
SINGLE_SHIFT,0.55,36,18,18,0.2140557375202828,0.1585305462709479,0.25026080363639197,0.24,0.08,0.52
SINGLE_SHIFT,0.55,36,18,18,0.1727605522911909,0.15523647112496022,0.31232858475343245,0.3,0.08,0.12
SINGLE_SHIFT,0.55,36,18,18,0.1915060693030764,0.1760066597524716,0.3384016762765317,0.06,0.04,0.34
SINGLE_SHIFT,0.55,36,18,8,0.20454953969899686,0.15994311031494884,0.20214379014932565,0.06,0.06,0.06
SINGLE_SHIFT,0.55,36,18,8,0.1936079167935861,0.1395963522520089,0.30002266967469726,0.04,0.04,0.46
SINGLE_SHIFT,0.55,36,18,8,0.20839712800643212,0.15594709914838759,0.22531419148679774,0.04,0.04,0.08
SINGLE_SHIFT,0.55,36,18,18,0.21078001316430248,0.16209112241028995,0.2256895963253806,0.44,0.3,0.6
SINGLE_SHIFT,0.55,48,18,128,0.17955619241867826,0.13867964977859884,0.26968865509085765,0.26,0.22,0.16
SINGLE_SHIFT,0.55,48,18,8,0.17424831033103205,0.1608088524799827,0.2548834847228155,0.06,0.1,0.48
SINGLE_SHIFT,0.55,48,18,128,0.20810654012882618,0.14584963673890025,0.292334516750095,0.32,0.4,0.12
SINGLE_SHIFT,0.55,48,8,18,0.16650517777859747,0.1778436195628236,0.32641354901704495,0.06,0.04,0.34
SINGLE_SHIFT,0.55,48,18,8,0.20529177379491895,0.1523450488144701,0.2501298519916702,0.06,0.22,0.06
SINGLE_SHIFT,0.55,48,18,18,0.18553906969656309,0.14496940257434357,0.1964589298179144,0.3,0.2,0.46
SINGLE_SHIFT,0.55,48,18,8,0.2014785097436568,0.15475659779215079,0.1944027223008175,0.04,0.04,0.06
SINGLE_SHIFT,0.55,48,18,18,0.19150336037575316,0.15109381518650133,0.22322501345001575,0.26,0.2,0.46
SINGLE_SHIFT,0.8,2,18,8,0.22028856155611667,0.16698972581232285,0.19772188640719016,0.2,0.2,0.2
SINGLE_SHIFT,0.8,2,18,18,0.23050405241489094,0.19105355320621814,0.235135359274394,0.6,0.58,0.62
SINGLE_SHIFT,0.8,2,8,8,0.1697743262011988,0.2340677880891404,0.2344449823889069,0.12,0.12,0.12
SINGLE_SHIFT,0.8,2,8,18,0.1685755469063782,0.20183073982035216,0.2220387495624703,0.76,0.68,0.68
SINGLE_SHIFT,0.8,2,8,8,0.15780867711672097,0.16319244806928493,0.2664048596357595,0.06,0.06,0.06
SINGLE_SHIFT,0.8,2,18,18,0.2616202905717131,0.1865162534977798,0.22171596116712572,0.7,0.54,0.7
SINGLE_SHIFT,0.8,2,18,8,0.2017906138254272,0.15546248820003944,0.20016836361532817,0.08,0.08,0.08
SINGLE_SHIFT,0.8,2,18,8,0.2261079591395989,0.2096121165616984,0.2626013414908124,0.6,0.6,0.62
SINGLE_SHIFT,0.8,4,8,8,0.18958281557189757,0.23047915457137966,0.2529493621239347,0.18,0.2,0.24
SINGLE_SHIFT,0.8,4,18,8,0.3945817574143922,0.3280451506281083,0.40870425903309415,0.52,0.58,0.62
SINGLE_SHIFT,0.8,4,8,8,0.17367976497724114,0.18736168464631522,0.21854062015938233,0.12,0.12,0.12
SINGLE_SHIFT,0.8,4,8,8,0.16531262112479564,0.23991386231276332,0.31744881061334673,0.2,0.6,0.68
SINGLE_SHIFT,0.8,4,8,8,0.2962723309658425,0.3376605982788714,0.34852852657401867,0.06,0.06,0.06
SINGLE_SHIFT,0.8,4,8,8,0.20404770524213378,0.23202240920219075,0.24870324619531872,0.5,0.7,0.72
SINGLE_SHIFT,0.8,4,18,8,0.22056847092664936,0.1822996102363106,0.18814509148550534,0.08,0.08,0.08
SINGLE_SHIFT,0.8,4,8,8,0.17985948529837462,0.24671999680158405,0.358614127010056,0.18,0.6,0.62
SINGLE_SHIFT,0.8,6,8,8,0.15677813862468679,0.21541414375940668,0.27482909178506726,0.04,0.18,0.2
SINGLE_SHIFT,0.8,6,18,8,0.20098730827854022,0.1569046356577399,0.2700325731089976,0.58,0.58,0.62
SINGLE_SHIFT,0.8,6,8,8,0.16201842707543393,0.17758387472042927,0.23947840904782244,0.12,0.12,0.12
SINGLE_SHIFT,0.8,6,18,8,0.23795583778267146,0.2187369561997659,0.338210246000971,0.26,0.42,0.66
SINGLE_SHIFT,0.8,6,18,8,0.19820048929635842,0.1843979084987505,0.2514142598474042,0.06,0.06,0.06
SINGLE_SHIFT,0.8,6,18,8,0.1758634353095402,0.16835849214155632,0.17734901915810855,0.7,0.74,0.74
SINGLE_SHIFT,0.8,6,8,18,0.21297523687055508,0.3184977542306241,0.4077046878621171,0.16,0.08,0.08
SINGLE_SHIFT,0.8,6,8,8,0.17031295104535357,0.29632204474285595,0.3018130655998304,0.34,0.62,0.62
SINGLE_SHIFT,0.8,8,18,8,0.18406056679876714,0.15627363880243678,0.34832289412468836,0.08,0.12,0.2
SINGLE_SHIFT,0.8,8,18,8,0.17138333043809356,0.15770488420974138,0.3303428066816291,0.1,0.26,0.6
SINGLE_SHIFT,0.8,8,8,18,0.15172938452523477,0.30495784468823334,0.36355866536170006,0.32,0.12,0.12
SINGLE_SHIFT,0.8,8,8,8,0.16115547832323127,0.18732775041551633,0.3763965072032506,0.04,0.2,0.62
SINGLE_SHIFT,0.8,8,8,18,0.15466597630883078,0.3023024295591442,0.4581971540272523,0.72,0.06,0.06
SINGLE_SHIFT,0.8,8,8,8,0.15621517083722017,0.23516118336605363,0.335163189096335,0.0,0.62,0.74
SINGLE_SHIFT,0.8,8,8,18,0.15920569076339425,0.2558611061474153,0.39481611841534564,0.26,0.08,0.08
SINGLE_SHIFT,0.8,8,8,8,0.15869055079800132,0.20624456338624791,0.3475484985419106,0.14,0.34,0.6
SINGLE_SHIFT,0.8,12,18,8,0.21135579357564208,0.16458259041477244,0.3344684120854762,0.1,0.14,0.2
SINGLE_SHIFT,0.8,12,18,18,0.20052927105451804,0.1504945999689354,0.2326442320425996,0.58,0.56,0.62
SINGLE_SHIFT,0.8,12,8,18,0.19850145693593568,0.20176633937021912,0.45344826056389825,0.46,0.08,0.12
SINGLE_SHIFT,0.8,12,18,8,0.17598400122170413,0.17574221236665252,0.3005778533411504,0.18,0.26,0.6
SINGLE_SHIFT,0.8,12,8,128,0.18634608976501477,0.1935516058899165,0.4656364571643968,0.64,0.28,0.06
SINGLE_SHIFT,0.8,12,18,8,0.1901921946700258,0.17649273678779762,0.3470988851434898,0.16,0.44,0.74
SINGLE_SHIFT,0.8,12,8,18,0.18088707407775353,0.18923802137767784,0.3301861334613901,0.1,0.04,0.08
SINGLE_SHIFT,0.8,12,8,8,0.186588920375633,0.20960340134854238,0.43288501476508995,0.16,0.2,0.62
SINGLE_SHIFT,0.8,18,8,128,0.14251237487412977,0.15611981645899803,0.46019965005049257,0.56,0.3,0.2
SINGLE_SHIFT,0.8,18,18,18,0.20234279028399618,0.15677861081096253,0.2019034520839517,0.58,0.52,0.6
SINGLE_SHIFT,0.8,18,18,8,0.1956935076059323,0.134184064574474,0.3169333639663908,0.06,0.06,0.12
SINGLE_SHIFT,0.8,18,18,8,0.19376249661653935,0.13067119619482404,0.43818088382265047,0.06,0.06,0.58
SINGLE_SHIFT,0.8,18,18,8,0.2222731037514666,0.1526136836704432,0.34782452770091843,0.06,0.1,0.06
SINGLE_SHIFT,0.8,18,8,8,0.1653447419229614,0.18035542502651114,0.3661937896550847,0.04,0.22,0.7
SINGLE_SHIFT,0.8,18,18,128,0.21062399617749605,0.13481795054110096,0.38223527025578674,0.16,0.16,0.08
SINGLE_SHIFT,0.8,18,18,18,0.2013363283726735,0.13907891341863166,0.29799859920663424,0.26,0.18,0.6
SINGLE_SHIFT,0.8,24,18,18,0.20749183927285245,0.15701122541374565,0.2607718048193251,0.16,0.14,0.2
SINGLE_SHIFT,0.8,24,18,18,0.16880471700459912,0.15089512151620146,0.3842141940617708,0.22,0.04,0.58
SINGLE_SHIFT,0.8,24,18,18,0.18428850256722765,0.14280455179801158,0.29310370018738324,0.1,0.04,0.12
SINGLE_SHIFT,0.8,24,18,8,0.19643752433660946,0.16967824375647184,0.32166076262631255,0.18,0.24,0.62
SINGLE_SHIFT,0.8,24,18,8,0.20358735441539375,0.1423638782421282,0.314943903502393,0.06,0.06,0.06
SINGLE_SHIFT,0.8,24,18,8,0.2092480057432639,0.2075483414609683,0.34911116599822073,0.04,0.26,0.7
SINGLE_SHIFT,0.8,24,18,128,0.193608416027477,0.1284479775092946,0.3697002074746249,0.24,0.22,0.08
SINGLE_SHIFT,0.8,24,18,18,0.24365375510629678,0.17945619211738698,0.23773399064787093,0.6,0.18,0.6
SINGLE_SHIFT,0.8,36,18,18,0.22978632488523673,0.15632265744815346,0.28139091305716063,0.14,0.02,0.18
SINGLE_SHIFT,0.8,36,18,8,0.19573366557085214,0.14422375271044194,0.3546055830984424,0.2,0.2,0.58
SINGLE_SHIFT,0.8,36,18,8,0.17065829427921256,0.1652755012830003,0.3026392616573863,0.06,0.12,0.12
SINGLE_SHIFT,0.8,36,18,18,0.18279110467205076,0.16324908405367727,0.3642950364819797,0.06,0.04,0.58
SINGLE_SHIFT,0.8,36,18,128,0.19460876610062572,0.14906490642281764,0.34810261394997394,0.5,0.3,0.06
SINGLE_SHIFT,0.8,36,18,18,0.19303634489048185,0.1377796680940477,0.2844313659020489,0.24,0.1,0.7
SINGLE_SHIFT,0.8,36,8,18,0.16308205933020925,0.17674581508294787,0.34485117586757513,0.3,0.04,0.08
SINGLE_SHIFT,0.8,36,18,8,0.19330405717899127,0.1536178677148211,0.3322136541175903,0.06,0.16,0.6
SINGLE_SHIFT,0.8,48,18,8,0.17736145858740127,0.14477813397773953,0.2250342946900762,0.16,0.16,0.2
SINGLE_SHIFT,0.8,48,18,18,0.20089830586309013,0.15366964491587812,0.20262158179732367,0.54,0.38,0.56
SINGLE_SHIFT,0.8,48,18,128,0.20939482943506021,0.14366188175838138,0.3619699698462034,0.3,0.26,0.12
SINGLE_SHIFT,0.8,48,18,18,0.19835598311982505,0.14106302008966431,0.271363102294856,0.16,0.04,0.5
SINGLE_SHIFT,0.8,48,18,8,0.23050210340560212,0.17907794067053603,0.21092043007612984,0.06,0.06,0.06
SINGLE_SHIFT,0.8,48,18,18,0.20339427751787673,0.15893141341932862,0.2245306451555927,0.44,0.34,0.62
SINGLE_SHIFT,0.8,48,18,18,0.1886849400973441,0.13563352853750896,0.3221495791614816,0.12,0.08,0.08
SINGLE_SHIFT,0.8,48,18,18,0.22253970645149193,0.16340882273186413,0.2543144611558308,0.5,0.16,0.6
LOCAL_PULSE_REVERT,0.3,18,18,128,0.16884441599578826,0.14578824883535704,0.1587419719011648,0.1,0.12,0.06
LOCAL_PULSE_REVERT,0.3,18,18,128,0.21369786509131114,0.17155014859976658,0.20610410113252445,0.26,0.44,0.1
LOCAL_PULSE_REVERT,0.3,18,8,128,0.18622495750021437,0.1909429052091777,0.19781238565902026,0.48,0.26,0.22
LOCAL_PULSE_REVERT,0.3,18,18,8,0.176269968980076,0.14936841643413915,0.18351073942247484,0.04,0.04,0.04
LOCAL_PULSE_REVERT,0.3,18,18,18,0.20180451953545184,0.1781488656777486,0.17877915252878884,0.16,0.0,0.0
LOCAL_PULSE_REVERT,0.3,18,18,8,0.211241698343399,0.17182715942313012,0.21261999042511662,0.0,0.04,0.16
LOCAL_PULSE_REVERT,0.3,18,8,18,0.18497310057329602,0.20727110698563828,0.2800833490019196,0.08,0.04,0.08
LOCAL_PULSE_REVERT,0.3,18,18,128,0.19877191860902077,0.1692348133742595,0.18412821590227438,0.04,0.06,0.0
LOCAL_PULSE_REVERT,0.3,18,18,128,0.18535832221050644,0.15351134370548394,0.1689480668374437,0.04,0.12,0.02
LOCAL_PULSE_REVERT,0.3,18,18,128,0.16482094280447845,0.14037146977707762,0.1722460835864569,0.26,0.16,0.1
LOCAL_PULSE_REVERT,0.3,18,18,8,0.1780235751933553,0.16118240854994306,0.16612105246343498,0.02,0.12,0.02
LOCAL_PULSE_REVERT,0.3,18,18,128,0.17965954225697686,0.1749448075384762,0.18686114343996482,0.18,0.04,0.02
LOCAL_PULSE_REVERT,0.3,18,18,18,0.17145983917290214,0.14521218888938947,0.1537123400061737,0.04,0.02,0.12
LOCAL_PULSE_REVERT,0.3,18,18,8,0.20214332016619255,0.14495509659658987,0.25424154134727467,0.04,0.1,0.04
LOCAL_PULSE_REVERT,0.3,18,8,128,0.1658321825805697,0.19359944232017373,0.19463945895030288,0.26,0.04,0.02
LOCAL_PULSE_REVERT,0.3,18,18,128,0.194405170757679,0.1637595461948753,0.18284048871126504,0.2,0.2,0.08
LOCAL_PULSE_REVERT,0.3,18,18,128,0.21635896416503733,0.20945763392347588,0.21318939861030256,0.38,0.02,0.0
LOCAL_PULSE_REVERT,0.3,18,18,128,0.1817527028569143,0.1435218486080249,0.21906995584633165,0.22,0.22,0.06
LOCAL_PULSE_REVERT,0.3,18,18,128,0.1801222385521365,0.15120129643440097,0.17317348030742152,0.06,0.12,0.04
LOCAL_PULSE_REVERT,0.3,18,18,8,0.19233400943963777,0.1858246413837219,0.18696901627948878,0.04,0.04,0.04
LOCAL_PULSE_REVERT,0.3,18,18,128,0.20922184617238665,0.19389767809212752,0.21807010314835587,0.34,0.14,0.06
LOCAL_PULSE_REVERT,0.3,18,18,128,0.18013348263742435,0.1409090036732817,0.2024996566989421,0.04,0.04,0.02
LOCAL_PULSE_REVERT,0.3,18,18,8,0.2013494081710681,0.15802351132882425,0.19794703972708041,0.04,0.04,0.04
LOCAL_PULSE_REVERT,0.3,18,18,128,0.1754455064196294,0.14405861218588986,0.17474635222310367,0.34,0.34,0.16
LOCAL_PULSE_REVERT,0.55,18,18,128,0.21872319716502803,0.1815276774447627,0.18688153426804274,0.28,0.28,0.26
LOCAL_PULSE_REVERT,0.55,18,18,8,0.17600155511466076,0.1706479794703871,0.17604191137914602,0.06,0.12,0.1
LOCAL_PULSE_REVERT,0.55,18,18,128,0.17713844428980596,0.146231903098788,0.17565805013251806,0.08,0.12,0.02
LOCAL_PULSE_REVERT,0.55,18,8,18,0.1904881847578998,0.22567832073941124,0.22559234607375464,0.36,0.08,0.18
LOCAL_PULSE_REVERT,0.55,18,8,18,0.1643547516814409,0.1744327556197599,0.17762994860723302,0.06,0.0,0.02
LOCAL_PULSE_REVERT,0.55,18,18,8,0.1944909821940182,0.16789437979808902,0.18987573971720637,0.02,0.02,0.08
LOCAL_PULSE_REVERT,0.55,18,8,128,0.16818342635730277,0.16911337182553635,0.2340111537896063,0.08,0.08,0.04
LOCAL_PULSE_REVERT,0.55,18,128,128,0.23117098833226826,0.20747330017422122,0.20640769904007564,0.18,0.04,0.0
LOCAL_PULSE_REVERT,0.55,18,18,18,0.19114602899545818,0.16441464327078964,0.21296890035987143,0.12,0.06,0.14
LOCAL_PULSE_REVERT,0.55,18,18,8,0.18217328281900214,0.17038184848388166,0.17572318230477701,0.1,0.28,0.12
LOCAL_PULSE_REVERT,0.55,18,18,128,0.1771619406720159,0.1499731746956114,0.17659329845130772,0.12,0.08,0.04
LOCAL_PULSE_REVERT,0.55,18,8,128,0.1767628266794851,0.18410021955925743,0.20537411564486407,0.04,0.04,0.0
LOCAL_PULSE_REVERT,0.55,18,18,8,0.1787941261468661,0.14469404630676647,0.23708661840780484,0.06,0.06,0.06
LOCAL_PULSE_REVERT,0.55,18,18,128,0.18760283230962202,0.15330446159439745,0.17875866735355406,0.18,0.34,0.1
LOCAL_PULSE_REVERT,0.55,18,8,18,0.19721806051266505,0.2067976714129833,0.21052658037195096,0.26,0.08,0.08
LOCAL_PULSE_REVERT,0.55,18,18,128,0.17745374518313484,0.149241181233625,0.15514492080174264,0.2,0.24,0.14
LOCAL_PULSE_REVERT,0.55,18,18,128,0.1829347762203495,0.1693219348899157,0.18449273184314066,0.1,0.26,0.0
LOCAL_PULSE_REVERT,0.55,18,18,8,0.1905770636586505,0.17966341912436587,0.21097971521046938,0.1,0.1,0.16
LOCAL_PULSE_REVERT,0.55,18,18,8,0.21355398196703584,0.1965811121943753,0.21586566341670235,0.12,0.12,0.12
LOCAL_PULSE_REVERT,0.55,18,8,128,0.18531163782158033,0.21017437664100935,0.2187017059986549,0.06,0.2,0.02
LOCAL_PULSE_REVERT,0.55,18,8,128,0.15905149492241885,0.16314193809086677,0.23972745123666556,0.6,0.34,0.06
LOCAL_PULSE_REVERT,0.55,18,18,8,0.19638559041058984,0.159268852077798,0.20084379766166513,0.0,0.0,0.18
LOCAL_PULSE_REVERT,0.55,18,18,128,0.1676774872842303,0.13715807690010434,0.23335922626358982,0.3,0.26,0.04
LOCAL_PULSE_REVERT,0.55,18,18,18,0.20184786013947062,0.1951235676707111,0.19696191550096792,0.04,0.0,0.0
LOCAL_PULSE_REVERT,0.8,18,8,128,0.17737632057227656,0.19299924032254273,0.20112123694411824,0.14,0.02,0.0
LOCAL_PULSE_REVERT,0.8,18,18,18,0.19958989479239395,0.16509677074085477,0.16946347851709384,0.1,0.04,0.04
LOCAL_PULSE_REVERT,0.8,18,8,128,0.16089556247777936,0.16858249162205605,0.21994080661034826,0.46,0.24,0.02
LOCAL_PULSE_REVERT,0.8,18,18,8,0.19842934614708024,0.16251441886858778,0.19736743007137464,0.04,0.04,0.08
LOCAL_PULSE_REVERT,0.8,18,18,18,0.166830462784938,0.1610757735508557,0.16746935296566495,0.12,0.06,0.06
LOCAL_PULSE_REVERT,0.8,18,18,8,0.1785085587388731,0.16791197529299914,0.18978751621585996,0.04,0.04,0.04
LOCAL_PULSE_REVERT,0.8,18,18,128,0.20665730951243086,0.16305818531659125,0.2630703502057999,0.08,0.08,0.04
LOCAL_PULSE_REVERT,0.8,18,8,128,0.17314694044331744,0.19941867660525,0.2553838417322825,0.18,0.14,0.04
LOCAL_PULSE_REVERT,0.8,18,18,18,0.17623098174802596,0.15071736762686536,0.19520305799239288,0.14,0.06,0.14
LOCAL_PULSE_REVERT,0.8,18,18,18,0.18121975913840438,0.14866084449339786,0.16129812816576794,0.1,0.02,0.1
LOCAL_PULSE_REVERT,0.8,18,18,128,0.18841489118588717,0.1610020444812914,0.2287337646301944,0.5,0.32,0.02
LOCAL_PULSE_REVERT,0.8,18,18,18,0.1867317135541801,0.15632916986065898,0.16410884750284696,0.14,0.04,0.14
LOCAL_PULSE_REVERT,0.8,18,8,8,0.16771560589948206,0.18949994482520174,0.19778081620067256,0.06,0.3,0.16
LOCAL_PULSE_REVERT,0.8,18,18,8,0.1840319643131775,0.16828087854953067,0.22704751154433608,0.04,0.04,0.1
LOCAL_PULSE_REVERT,0.8,18,18,8,0.18828443191047728,0.15268585160978412,0.1820863255841531,0.04,0.08,0.04
LOCAL_PULSE_REVERT,0.8,18,8,8,0.18606399246888203,0.20370670014146777,0.2031571894944127,0.06,0.18,0.12
LOCAL_PULSE_REVERT,0.8,18,8,18,0.17143946532193577,0.18140076570408573,0.18681537285403801,0.14,0.02,0.04
LOCAL_PULSE_REVERT,0.8,18,18,18,0.17720247438983008,0.17443852032266102,0.21645651068384067,0.2,0.04,0.12
LOCAL_PULSE_REVERT,0.8,18,8,18,0.16236695591778713,0.1927635443122646,0.19475695109983684,0.12,0.0,0.02
LOCAL_PULSE_REVERT,0.8,18,8,128,0.15535324498090042,0.17436968353093432,0.24606536574002058,0.58,0.3,0.18
LOCAL_PULSE_REVERT,0.8,18,18,8,0.18501878293938895,0.14736449181091485,0.18889047220762015,0.0,0.16,0.06
LOCAL_PULSE_REVERT,0.8,18,18,18,0.19345145058240215,0.1649384461841152,0.16657050647154945,0.12,0.1,0.1
LOCAL_PULSE_REVERT,0.8,18,18,8,0.19316454590942034,0.16157601991024986,0.16726509850983587,0.04,0.04,0.04
LOCAL_PULSE_REVERT,0.8,18,18,128,0.19046002629054734,0.13968171384347833,0.2385901675565477,0.16,0.18,0.1
STATIONARY,0.0,128,18,128,0.25055509058623854,0.22514734664682914,0.2806592610868361,0.1,0.1,0.04
STATIONARY,0.0,128,18,8,0.2448868900009619,0.18756373035938062,0.2168538962110173,0.08,0.12,0.14
STATIONARY,0.0,128,8,128,0.1593717178034904,0.21787154971982411,0.26907443830903865,0.74,0.16,0.04
STATIONARY,0.0,128,18,128,0.20899252307735858,0.16705475635183958,0.1868191795789758,0.16,0.22,0.0
STATIONARY,0.0,128,18,128,0.17429352446892513,0.14164547486111498,0.1916309817205333,0.4,0.36,0.14
STATIONARY,0.0,128,18,8,0.18098332055966826,0.14883902581250827,0.16339342041379384,0.04,0.12,0.1
STATIONARY,0.0,128,128,8,0.17518252962430372,0.1712361699292621,0.1701067836304298,0.12,0.12,0.12
STATIONARY,0.0,128,8,8,0.1671158637145864,0.17715876401524633,0.17780035977057002,0.12,0.28,0.26
SINGLE_SHIFT,0.3,2,18,18,0.21376979873292087,0.15958121847739956,0.185516084070463,0.1,0.08,0.1
SINGLE_SHIFT,0.3,2,8,8,0.2315537226473304,0.2547450109490603,0.2620301577056402,0.12,0.4,0.4
SINGLE_SHIFT,0.3,2,18,8,0.19736536233297097,0.1604372157977996,0.18332713754466362,0.04,0.08,0.04
SINGLE_SHIFT,0.3,2,18,18,0.17540863809834914,0.14263517502836648,0.1909759579129093,0.3,0.28,0.44
SINGLE_SHIFT,0.3,2,18,8,0.19503635341847192,0.16346830548155444,0.1860242356490623,0.1,0.12,0.12
SINGLE_SHIFT,0.3,2,18,18,0.19968469742867848,0.17194977267412662,0.17656106336406963,0.5,0.4,0.46
SINGLE_SHIFT,0.3,2,18,8,0.21838051276793347,0.1840232909354269,0.21338087990900584,0.12,0.12,0.12
SINGLE_SHIFT,0.3,2,18,18,0.17660808829909871,0.133889506717069,0.23278033815401752,0.06,0.0,0.4
SINGLE_SHIFT,0.3,4,8,18,0.16418263256654897,0.18555185658190262,0.23865236911196652,0.16,0.1,0.1
SINGLE_SHIFT,0.3,4,18,128,0.18190827179286784,0.17438820187769177,0.18423602012729345,0.44,0.4,0.38
SINGLE_SHIFT,0.3,4,18,8,0.1896835921866844,0.15743317221694395,0.16858942851123665,0.04,0.04,0.04
SINGLE_SHIFT,0.3,4,18,8,0.18888077312382745,0.16512142023084322,0.2383185900647336,0.02,0.12,0.42
SINGLE_SHIFT,0.3,4,18,8,0.18902995599639888,0.17126261891929392,0.2144481238693961,0.04,0.12,0.12
SINGLE_SHIFT,0.3,4,18,18,0.2141657008543317,0.16180623085157392,0.20485669619613583,0.26,0.1,0.38
SINGLE_SHIFT,0.3,4,18,18,0.16774882898158675,0.15566349583962685,0.21091363835762839,0.24,0.02,0.12
SINGLE_SHIFT,0.3,4,18,8,0.17837367721810707,0.16956847182905702,0.17700397832778503,0.36,0.46,0.42
SINGLE_SHIFT,0.3,6,8,8,0.17220386279926872,0.17899494082288403,0.18379779539391047,0.1,0.1,0.1
SINGLE_SHIFT,0.3,6,8,18,0.16628647417597275,0.19543390321037762,0.2853450884331666,0.22,0.0,0.4
SINGLE_SHIFT,0.3,6,18,128,0.15733976930949406,0.15692285416690838,0.2556842642026464,0.42,0.08,0.04
SINGLE_SHIFT,0.3,6,18,18,0.19257211670781904,0.14816103148899548,0.19549783430593634,0.28,0.14,0.36
SINGLE_SHIFT,0.3,6,18,18,0.18038525010354436,0.16358010441134832,0.22186911376763574,0.16,0.02,0.12
SINGLE_SHIFT,0.3,6,8,18,0.18252353312568073,0.18570004514446778,0.2593056372124528,0.14,0.12,0.48
SINGLE_SHIFT,0.3,6,18,8,0.1779918292898733,0.14296362233743173,0.21254584715833236,0.02,0.02,0.12
SINGLE_SHIFT,0.3,6,8,18,0.19405728463641927,0.19939886380186456,0.20302884846161828,0.52,0.38,0.44
SINGLE_SHIFT,0.3,8,8,18,0.18234439116889112,0.20338710945410357,0.23272443861993644,0.12,0.1,0.1
SINGLE_SHIFT,0.3,8,8,8,0.15828532447729227,0.1857553692833655,0.24700095229031305,0.18,0.22,0.4
SINGLE_SHIFT,0.3,8,8,8,0.17382640932945675,0.17429949654750543,0.19486277935268678,0.04,0.04,0.04
SINGLE_SHIFT,0.3,8,18,18,0.18015977555961815,0.1533292228314438,0.18333557777082413,0.38,0.34,0.44
SINGLE_SHIFT,0.3,8,18,8,0.1706201438962991,0.16542496873976018,0.18225563766027741,0.04,0.12,0.12
SINGLE_SHIFT,0.3,8,18,8,0.1981201839943322,0.16018717153792958,0.2455724130107793,0.02,0.04,0.48
SINGLE_SHIFT,0.3,8,8,128,0.1631241012982112,0.1890949342162519,0.3242735232820298,0.44,0.2,0.12
SINGLE_SHIFT,0.3,8,8,8,0.16428680375404117,0.17285511601738598,0.18332799717101506,0.12,0.3,0.32
SINGLE_SHIFT,0.3,12,18,8,0.19027422026832688,0.16341900258347536,0.17866374256427184,0.1,0.1,0.1
SINGLE_SHIFT,0.3,12,8,18,0.16138487622927244,0.19199163963677063,0.2697704168774143,0.24,0.02,0.34
SINGLE_SHIFT,0.3,12,18,8,0.19928041455050538,0.17049370759715066,0.17928323321035056,0.04,0.04,0.04
SINGLE_SHIFT,0.3,12,18,18,0.17994244511185264,0.14572188291830304,0.21519333673604502,0.04,0.02,0.36
SINGLE_SHIFT,0.3,12,18,8,0.18628111551024834,0.18010089189996817,0.18460680527331563,0.1,0.12,0.12
SINGLE_SHIFT,0.3,12,8,128,0.174341567259455,0.19302837574896356,0.22920353664119542,0.6,0.48,0.32
SINGLE_SHIFT,0.3,12,18,128,0.19569315578686017,0.19561814456092838,0.32189981547281615,0.44,0.24,0.12
SINGLE_SHIFT,0.3,12,18,18,0.18188638751363403,0.16706909411093987,0.1861357474553635,0.46,0.18,0.38
SINGLE_SHIFT,0.3,18,18,8,0.1985004980842968,0.14459952420581768,0.2527911994876454,0.0,0.14,0.1
SINGLE_SHIFT,0.3,18,18,8,0.21712505695817333,0.1667627983437379,0.2319845378507283,0.18,0.22,0.34
SINGLE_SHIFT,0.3,18,18,8,0.19346395985988504,0.15450810485653477,0.21826709170012445,0.04,0.04,0.04
SINGLE_SHIFT,0.3,18,18,18,0.17005097687957874,0.15844058612313824,0.235283945012389,0.14,0.08,0.32
SINGLE_SHIFT,0.3,18,18,8,0.18746262426077237,0.14502246283205114,0.22933913219401267,0.04,0.06,0.12
SINGLE_SHIFT,0.3,18,18,8,0.20847946429516992,0.1834227365173169,0.2860859607769032,0.14,0.14,0.22
SINGLE_SHIFT,0.3,18,18,8,0.21294821975911965,0.16628143086123098,0.21001559068083825,0.12,0.24,0.12
SINGLE_SHIFT,0.3,18,18,8,0.16347893005714473,0.14489108062198938,0.2171548794801398,0.0,0.1,0.38
SINGLE_SHIFT,0.3,24,18,8,0.17617942016773822,0.1408089179529084,0.1878127199994405,0.08,0.08,0.1
SINGLE_SHIFT,0.3,24,18,8,0.18531361572508967,0.15621648672809665,0.20812874418124885,0.0,0.12,0.38
SINGLE_SHIFT,0.3,24,18,128,0.21920700003557045,0.16513091824496082,0.26892743109099143,0.1,0.34,0.04
SINGLE_SHIFT,0.3,24,18,8,0.15784990246687902,0.14982630556690948,0.2798004122791849,0.16,0.16,0.34
SINGLE_SHIFT,0.3,24,8,128,0.16356408357897842,0.171172384940679,0.2925207231182676,0.5,0.14,0.12
SINGLE_SHIFT,0.3,24,18,8,0.2366939833964216,0.18085017570551531,0.24081407369981517,0.12,0.14,0.42
SINGLE_SHIFT,0.3,24,8,18,0.1655291778071314,0.2064159262238125,0.27696033310348883,0.28,0.12,0.12
SINGLE_SHIFT,0.3,24,8,18,0.16961479249321038,0.19183745844516079,0.20068496787401838,0.44,0.12,0.2
SINGLE_SHIFT,0.3,36,128,8,0.1686945551254202,0.1581246369922495,0.1579314593641886,0.1,0.1,0.1
SINGLE_SHIFT,0.3,36,18,8,0.19135803277739333,0.16710086679230288,0.17403807899001167,0.34,0.4,0.34
SINGLE_SHIFT,0.3,36,8,18,0.1583074362230048,0.16532592013781325,0.2259179279302671,0.16,0.04,0.04
SINGLE_SHIFT,0.3,36,18,18,0.18167285351341866,0.14679371052457874,0.17558783931618674,0.22,0.02,0.26
SINGLE_SHIFT,0.3,36,8,8,0.2061395254285022,0.21345077900197365,0.21308152874261416,0.12,0.12,0.12
SINGLE_SHIFT,0.3,36,18,18,0.20362120284740573,0.16106895256188936,0.1864777086491979,0.3,0.04,0.32
SINGLE_SHIFT,0.3,36,18,8,0.19709020618909567,0.1750905046497708,0.2283822665046989,0.08,0.1,0.12
SINGLE_SHIFT,0.3,36,18,8,0.1704293688405747,0.14123393180061317,0.254990098178871,0.2,0.2,0.3
SINGLE_SHIFT,0.3,48,18,128,0.18721304672873937,0.15062410352606556,0.2526676565501526,0.32,0.26,0.1
SINGLE_SHIFT,0.3,48,8,18,0.18056099344110044,0.19964997437937657,0.24972169952312062,0.16,0.12,0.36
SINGLE_SHIFT,0.3,48,18,8,0.21686073478628745,0.16936611172535412,0.228507399564848,0.04,0.04,0.04
SINGLE_SHIFT,0.3,48,18,8,0.17566804573958492,0.14768329714307327,0.24836581997274665,0.14,0.14,0.26
SINGLE_SHIFT,0.3,48,18,18,0.1746856564351414,0.14587401757006366,0.22154480156852918,0.14,0.02,0.12
SINGLE_SHIFT,0.3,48,8,18,0.16287616613218486,0.16559914257519412,0.21352323703600537,0.14,0.04,0.3
SINGLE_SHIFT,0.3,48,18,18,0.21250240987573324,0.16483116246727966,0.2228565843940664,0.12,0.06,0.12
SINGLE_SHIFT,0.3,48,8,128,0.16155298520200573,0.1770787713956139,0.20560879625193743,0.46,0.42,0.36
SINGLE_SHIFT,0.55,2,18,8,0.17916634099586212,0.16548522626764783,0.2044953760229448,0.1,0.1,0.1
SINGLE_SHIFT,0.55,2,18,8,0.22029976564279333,0.1710601259518621,0.2081150656721936,0.52,0.52,0.52
SINGLE_SHIFT,0.55,2,8,8,0.19273380611496438,0.2268816076553038,0.2266138365106779,0.04,0.08,0.08
SINGLE_SHIFT,0.55,2,18,8,0.17082403775698307,0.15882158651622402,0.28286833752890733,0.18,0.32,0.56
SINGLE_SHIFT,0.55,2,18,8,0.17220052473533776,0.1546502418910354,0.22625722393191747,0.12,0.12,0.16
SINGLE_SHIFT,0.55,2,18,128,0.1897030446775304,0.17713912368652476,0.19208606534578546,0.6,0.54,0.5
SINGLE_SHIFT,0.55,2,8,8,0.17280700292483692,0.2047753547873419,0.21642184044059867,0.12,0.14,0.14
SINGLE_SHIFT,0.55,2,18,8,0.22422902075895298,0.20500279516466988,0.23407592749300507,0.4,0.44,0.46
SINGLE_SHIFT,0.55,4,8,8,0.24002204935098362,0.24625241687372562,0.25482205101379213,0.1,0.12,0.12
SINGLE_SHIFT,0.55,4,18,8,0.23013707998309216,0.22793793225249268,0.2909407643831498,0.34,0.4,0.5
SINGLE_SHIFT,0.55,4,8,8,0.20682095096185638,0.23077647420251507,0.2869976847268862,0.04,0.08,0.08
SINGLE_SHIFT,0.55,4,18,18,0.1960000731782929,0.1635518774448185,0.18087932446002195,0.54,0.5,0.56
SINGLE_SHIFT,0.55,4,18,8,0.1711669617248281,0.16872237984073885,0.16966093057009496,0.12,0.14,0.16
SINGLE_SHIFT,0.55,4,18,18,0.20328129989222657,0.15184144759226179,0.3160887354948303,0.04,0.02,0.56
SINGLE_SHIFT,0.55,4,8,8,0.2102479835887262,0.29639853319425136,0.30737507856536195,0.12,0.12,0.14
SINGLE_SHIFT,0.55,4,18,8,0.1834006923392876,0.16793113434569382,0.20227808700446093,0.46,0.46,0.54
SINGLE_SHIFT,0.55,6,8,8,0.1776766216550421,0.1817069254067411,0.19454645846121113,0.1,0.12,0.12
SINGLE_SHIFT,0.55,6,8,8,0.1904793601604432,0.32599161867273396,0.35277165308387803,0.22,0.44,0.46
SINGLE_SHIFT,0.55,6,18,8,0.23978576133200044,0.2336033177689963,0.2579033471048711,0.04,0.08,0.08
SINGLE_SHIFT,0.55,6,8,8,0.1739137153392115,0.22105015826239013,0.22468358710476014,0.38,0.56,0.56
SINGLE_SHIFT,0.55,6,18,8,0.20316170442864656,0.16484729008290172,0.19465783631458314,0.12,0.12,0.12
SINGLE_SHIFT,0.55,6,8,18,0.16758810523926274,0.21102782366227324,0.37723134011443277,0.16,0.02,0.54
SINGLE_SHIFT,0.55,6,8,8,0.1612815561428343,0.18021807854988062,0.2450928104852278,0.12,0.12,0.14
SINGLE_SHIFT,0.55,6,8,8,0.16116738081334078,0.17308112543903473,0.2172994878590273,0.36,0.46,0.52
SINGLE_SHIFT,0.55,8,8,8,0.16726161933245798,0.21140996801769976,0.2825241396134716,0.02,0.1,0.12
SINGLE_SHIFT,0.55,8,18,8,0.174186663183793,0.1634925631270283,0.16426580019205816,0.44,0.52,0.46
SINGLE_SHIFT,0.55,8,18,8,0.17484529781979616,0.15895704606022565,0.2700000685571441,0.04,0.04,0.08
SINGLE_SHIFT,0.55,8,8,8,0.15807279911512284,0.22373851646918688,0.28950972634003497,0.1,0.44,0.56
SINGLE_SHIFT,0.55,8,8,8,0.1598659740318378,0.18299024068516725,0.2205072412569489,0.08,0.12,0.12
SINGLE_SHIFT,0.55,8,8,8,0.15735524060660944,0.16353825737674793,0.2936477290732287,0.04,0.28,0.58
SINGLE_SHIFT,0.55,8,8,8,0.18152018651841614,0.21429407722467098,0.22193269220089204,0.12,0.12,0.12
SINGLE_SHIFT,0.55,8,8,8,0.16506329529978897,0.17583657825528456,0.24727338478679892,0.14,0.38,0.46
SINGLE_SHIFT,0.55,12,8,8,0.19533380202798314,0.21534206039466677,0.2400723142870617,0.04,0.1,0.1
SINGLE_SHIFT,0.55,12,18,18,0.20022392599085484,0.14511967081637697,0.3016652885788432,0.18,0.08,0.52
SINGLE_SHIFT,0.55,12,8,18,0.1688553973679116,0.2135531929871855,0.3190121734398111,0.16,0.04,0.08
SINGLE_SHIFT,0.55,12,8,8,0.1660916580555547,0.22984217631480452,0.34272697396400015,0.16,0.18,0.48
SINGLE_SHIFT,0.55,12,18,8,0.22059700955166042,0.1693705157432697,0.26899069017963406,0.12,0.12,0.14
SINGLE_SHIFT,0.55,12,18,18,0.2038074595377696,0.18867821345249874,0.3009958559771338,0.14,0.08,0.54
SINGLE_SHIFT,0.55,12,8,8,0.17604058174641884,0.22385411255622942,0.28705484997554703,0.06,0.12,0.12
SINGLE_SHIFT,0.55,12,8,8,0.1677078842703397,0.17853380355572704,0.2623916592281711,0.12,0.38,0.52
SINGLE_SHIFT,0.55,18,18,8,0.16894807601803943,0.15603251409293387,0.21827065670073695,0.1,0.1,0.12
SINGLE_SHIFT,0.55,18,8,18,0.16508417915395665,0.17373664203758338,0.2964406547252572,0.22,0.08,0.44
SINGLE_SHIFT,0.55,18,18,18,0.18645603640866726,0.14091600810442212,0.2456234216221506,0.04,0.02,0.06
SINGLE_SHIFT,0.55,18,18,8,0.21346837115009998,0.15901734366238005,0.36736978080777705,0.16,0.16,0.46
SINGLE_SHIFT,0.55,18,18,8,0.204248245230653,0.1808150037819181,0.25659826516674367,0.12,0.12,0.14
SINGLE_SHIFT,0.55,18,18,8,0.17146133131381944,0.14624916194528653,0.306089033976692,0.14,0.14,0.52
SINGLE_SHIFT,0.55,18,18,18,0.19862210676124786,0.14582108307365593,0.2919471731956881,0.08,0.06,0.12
SINGLE_SHIFT,0.55,18,18,18,0.2082795089687364,0.1605615629204171,0.2033375263987709,0.46,0.36,0.52
SINGLE_SHIFT,0.55,24,18,128,0.2008688349889152,0.14296235852144182,0.29403266863238176,0.14,0.18,0.1
SINGLE_SHIFT,0.55,24,18,18,0.18008844080076863,0.1617949227501864,0.30553849633669217,0.2,0.08,0.44
SINGLE_SHIFT,0.55,24,18,8,0.23273990311343495,0.18083321696931084,0.22721095806024935,0.04,0.04,0.08
SINGLE_SHIFT,0.55,24,18,18,0.18378123609996597,0.14018895146359112,0.23348592618329175,0.3,0.22,0.5
SINGLE_SHIFT,0.55,24,18,128,0.20842661028245785,0.19005920950269162,0.33312101379696873,0.42,0.14,0.12
SINGLE_SHIFT,0.55,24,18,18,0.2025934694794488,0.14192843872677427,0.25957956952150596,0.12,0.02,0.52
SINGLE_SHIFT,0.55,24,18,18,0.16620473254910356,0.1497986869043774,0.2688808093784838,0.2,0.1,0.12
SINGLE_SHIFT,0.55,24,18,18,0.21112842928829836,0.16539790929948076,0.19645933397359985,0.46,0.38,0.52
SINGLE_SHIFT,0.55,36,18,8,0.18316846201658404,0.17294036449293826,0.1950406121841378,0.1,0.1,0.1
SINGLE_SHIFT,0.55,36,18,18,0.1705606934846999,0.14171705638438192,0.28827722038942893,0.16,0.04,0.46
SINGLE_SHIFT,0.55,36,8,18,0.17021542867665923,0.254312654208387,0.363523083692819,0.74,0.02,0.04
SINGLE_SHIFT,0.55,36,18,18,0.19035420994994445,0.15022412410234615,0.2165284409434527,0.3,0.26,0.46
SINGLE_SHIFT,0.55,36,18,8,0.1952791539411966,0.1529823327083631,0.20959987017070264,0.12,0.12,0.12
SINGLE_SHIFT,0.55,36,18,8,0.18994879434116183,0.16404447680401343,0.22521417566297855,0.2,0.26,0.5
SINGLE_SHIFT,0.55,36,18,18,0.1709572230605474,0.14069101332506204,0.2920678659387611,0.18,0.1,0.12
SINGLE_SHIFT,0.55,36,18,8,0.19161155003969862,0.1376909492263704,0.26086983018482945,0.02,0.18,0.38
SINGLE_SHIFT,0.55,48,128,18,0.23427722385715613,0.23499531481967387,0.23145678329834304,0.12,0.1,0.1
SINGLE_SHIFT,0.55,48,18,8,0.190598100529076,0.16342933165746906,0.19855171721545684,0.4,0.4,0.42
SINGLE_SHIFT,0.55,48,18,8,0.19655761537191838,0.1456129362557936,0.22290210806285468,0.04,0.04,0.08
SINGLE_SHIFT,0.55,48,18,8,0.18743592888354524,0.14424303486964477,0.25223516426165155,0.02,0.02,0.44
SINGLE_SHIFT,0.55,48,8,128,0.162396012774323,0.19536935390694474,0.3539992301442826,0.62,0.24,0.12
SINGLE_SHIFT,0.55,48,18,8,0.18049927955476172,0.15567981298567082,0.21889060669514726,0.08,0.14,0.48
SINGLE_SHIFT,0.55,48,18,128,0.18284332890243316,0.13111694247960487,0.27249697199788875,0.26,0.26,0.12
SINGLE_SHIFT,0.55,48,8,8,0.1676864836350537,0.16852521152407804,0.2531358048778633,0.06,0.14,0.44
SINGLE_SHIFT,0.8,2,18,8,0.1762239904049712,0.17572186634404782,0.23104266140928484,0.1,0.12,0.12
SINGLE_SHIFT,0.8,2,8,8,0.1982315698830106,0.2150192931847384,0.2601832615524032,0.5,0.52,0.52
SINGLE_SHIFT,0.8,2,8,8,0.17437168827442803,0.17593173787782207,0.21560141815436415,0.08,0.08,0.08
SINGLE_SHIFT,0.8,2,18,8,0.20224984776784855,0.19641701122894284,0.25173361165421126,0.5,0.56,0.62
SINGLE_SHIFT,0.8,2,8,8,0.1619399684625751,0.16710709598419476,0.1750676863290972,0.16,0.22,0.22
SINGLE_SHIFT,0.8,2,8,8,0.250341652891257,0.2811155686650955,0.27387517144403556,0.54,0.64,0.64
SINGLE_SHIFT,0.8,2,8,8,0.19595557883827727,0.2041967121460682,0.21232987242026433,0.12,0.16,0.14
SINGLE_SHIFT,0.8,2,8,8,0.2233140085365587,0.2366674672020365,0.23353505786907708,0.54,0.58,0.56
SINGLE_SHIFT,0.8,4,8,8,0.23585078823102334,0.24283027512936833,0.24672611665007235,0.1,0.12,0.12
SINGLE_SHIFT,0.8,4,18,18,0.20737777866207993,0.1485933074216019,0.24133465736204976,0.52,0.44,0.52
SINGLE_SHIFT,0.8,4,8,8,0.2518639170856712,0.34731067159109463,0.3299806520173729,0.08,0.08,0.08
SINGLE_SHIFT,0.8,4,8,8,0.17451904475864402,0.24399320444940484,0.31064116249698087,0.22,0.54,0.62
SINGLE_SHIFT,0.8,4,8,8,0.16109657608141068,0.16981403109438445,0.2840017388288751,0.1,0.12,0.18
SINGLE_SHIFT,0.8,4,18,128,0.18643244006415802,0.15167767064350374,0.1717413627192019,0.66,0.66,0.64
SINGLE_SHIFT,0.8,4,8,8,0.1615213003440568,0.19923957011370308,0.25991309490870396,0.12,0.14,0.16
SINGLE_SHIFT,0.8,4,8,8,0.25042641740706295,0.2723888958891266,0.32716711556314576,0.4,0.52,0.56
SINGLE_SHIFT,0.8,6,18,8,0.18173533237617612,0.17298923208270356,0.27215290577232365,0.1,0.1,0.12
SINGLE_SHIFT,0.8,6,8,8,0.17801430780255953,0.20444839298144263,0.2556834911335313,0.44,0.52,0.52
SINGLE_SHIFT,0.8,6,8,8,0.19202728843052283,0.26501349046085,0.3387181469060463,0.04,0.08,0.08
SINGLE_SHIFT,0.8,6,8,8,0.18787870259155273,0.2416021513313593,0.33472849879347616,0.2,0.5,0.62
SINGLE_SHIFT,0.8,6,8,8,0.1570722380466758,0.19317151861368043,0.2578163494387173,0.12,0.14,0.22
SINGLE_SHIFT,0.8,6,8,8,0.21403519492591752,0.2185239638680547,0.36992575729812566,0.04,0.4,0.64
SINGLE_SHIFT,0.8,6,8,8,0.16357941452087219,0.16904472358157416,0.2412655742805986,0.12,0.14,0.16
SINGLE_SHIFT,0.8,6,18,8,0.20619358564512785,0.18519826939035733,0.25402329127642204,0.46,0.52,0.56
SINGLE_SHIFT,0.8,8,8,8,0.17103086838171844,0.2296039110391568,0.29548683927932057,0.1,0.12,0.12
SINGLE_SHIFT,0.8,8,8,8,0.14571564110156715,0.21841118435024492,0.4081135520033372,0.24,0.36,0.52
SINGLE_SHIFT,0.8,8,8,8,0.1726676511462399,0.26286621968066853,0.3392139031338589,0.04,0.08,0.08
SINGLE_SHIFT,0.8,8,8,8,0.16153754943863305,0.18296289583078815,0.253882671297216,0.4,0.54,0.62
SINGLE_SHIFT,0.8,8,8,18,0.1531778645316134,0.1986872823881532,0.37775999842455893,0.3,0.12,0.2
SINGLE_SHIFT,0.8,8,8,8,0.14744003482132423,0.23858169260795298,0.3647549143120686,0.16,0.42,0.62
SINGLE_SHIFT,0.8,8,8,18,0.1577703355558163,0.2640537601065264,0.3125494654206362,0.2,0.12,0.14
SINGLE_SHIFT,0.8,8,8,8,0.17196993609540015,0.31404951893845834,0.37643890966503035,0.0,0.52,0.56
SINGLE_SHIFT,0.8,12,8,18,0.16284704055871416,0.18718534343166177,0.39140472558081846,0.18,0.1,0.12
SINGLE_SHIFT,0.8,12,8,18,0.16997201298637224,0.1900554150522495,0.3960340359671707,0.22,0.1,0.52
SINGLE_SHIFT,0.8,12,8,8,0.22267901900277523,0.23845111305267605,0.31579834546335084,0.04,0.08,0.08
SINGLE_SHIFT,0.8,12,8,8,0.16044003835099688,0.22110496515745062,0.43397546883698124,0.16,0.16,0.62
SINGLE_SHIFT,0.8,12,8,18,0.17127082642255828,0.19343065094442677,0.3545319764841625,0.18,0.12,0.18
SINGLE_SHIFT,0.8,12,8,8,0.1983326868763353,0.20535394128480464,0.30412545819339715,0.44,0.54,0.64
SINGLE_SHIFT,0.8,12,18,128,0.2028813160582382,0.16105805644692126,0.4457797866536311,0.28,0.2,0.16
SINGLE_SHIFT,0.8,12,18,8,0.1825927976867389,0.13481511080996988,0.2596698797479413,0.44,0.44,0.56
SINGLE_SHIFT,0.8,18,18,128,0.23744004431678295,0.14920692919578868,0.40762651011173373,0.32,0.32,0.12
SINGLE_SHIFT,0.8,18,18,8,0.15707509252766017,0.15308624812428415,0.3112746898308378,0.12,0.3,0.52
SINGLE_SHIFT,0.8,18,18,8,0.17195108575287954,0.16748095135321225,0.28750823912860207,0.04,0.04,0.08
SINGLE_SHIFT,0.8,18,8,18,0.1574942228448057,0.16984205887090342,0.39185785750719915,0.16,0.0,0.62
SINGLE_SHIFT,0.8,18,18,8,0.24139069618358125,0.1670848316426163,0.3444918068221887,0.1,0.16,0.18
SINGLE_SHIFT,0.8,18,18,8,0.2003801185566527,0.13106294115399106,0.3627331104039895,0.04,0.14,0.62
SINGLE_SHIFT,0.8,18,18,8,0.20961649106513783,0.13646071269934437,0.36637457803387263,0.04,0.2,0.16
SINGLE_SHIFT,0.8,18,18,18,0.22173729515183885,0.15113920432450398,0.31544196168289784,0.38,0.14,0.56
SINGLE_SHIFT,0.8,24,18,18,0.18322321483461562,0.16005010627788674,0.3792168767336518,0.2,0.02,0.12
SINGLE_SHIFT,0.8,24,18,8,0.1711842266835578,0.13899296815860393,0.32261198171048067,0.04,0.1,0.52
SINGLE_SHIFT,0.8,24,18,18,0.20971200113956306,0.15243391565622175,0.38862270824036216,0.04,0.02,0.08
SINGLE_SHIFT,0.8,24,18,18,0.21020638817900306,0.1360659061291069,0.33810913373278206,0.22,0.02,0.6
SINGLE_SHIFT,0.8,24,18,8,0.1817338043040896,0.14287277967997591,0.32318112042504293,0.04,0.08,0.16
SINGLE_SHIFT,0.8,24,18,18,0.22361204854599598,0.1556934374625849,0.3090915562686306,0.26,0.14,0.58
SINGLE_SHIFT,0.8,24,18,8,0.1827842075718286,0.13614908183831576,0.2797924957749657,0.12,0.12,0.14
SINGLE_SHIFT,0.8,24,18,18,0.22101094012157468,0.16023551049288812,0.2533268006411179,0.46,0.36,0.56
SINGLE_SHIFT,0.8,36,18,18,0.17069832568996393,0.1450789984735973,0.3504617500454995,0.32,0.08,0.12
SINGLE_SHIFT,0.8,36,18,8,0.18187916426751394,0.14698935701432436,0.2539187459941992,0.26,0.3,0.5
SINGLE_SHIFT,0.8,36,18,8,0.201439081399187,0.1696500403185283,0.30319623684271096,0.04,0.04,0.08
SINGLE_SHIFT,0.8,36,18,18,0.164817055778504,0.1588135134180788,0.32745238284570977,0.14,0.02,0.54
SINGLE_SHIFT,0.8,36,18,8,0.22740529275413765,0.15173364055141178,0.3002283191196706,0.06,0.06,0.18
SINGLE_SHIFT,0.8,36,18,18,0.19607688113103355,0.15973009377918948,0.3033826982720741,0.04,0.02,0.54
SINGLE_SHIFT,0.8,36,8,18,0.15998115611594546,0.1681035980818797,0.3286723421962646,0.24,0.12,0.14
SINGLE_SHIFT,0.8,36,18,18,0.22229260453915692,0.1455069560715827,0.29631039496054506,0.36,0.18,0.56
SINGLE_SHIFT,0.8,48,8,8,0.1769783866884469,0.18731055708680658,0.2749520227348696,0.04,0.1,0.1
SINGLE_SHIFT,0.8,48,18,8,0.16111664248195673,0.15543682218726462,0.24441176196872655,0.16,0.36,0.46
SINGLE_SHIFT,0.8,48,18,8,0.17544608395690123,0.1415504492713096,0.26417754511218117,0.02,0.04,0.08
SINGLE_SHIFT,0.8,48,18,18,0.18443678179794862,0.14529574145290658,0.31295419119359125,0.1,0.08,0.5
SINGLE_SHIFT,0.8,48,18,18,0.19611063588175068,0.14114334465351394,0.3192573152013254,0.2,0.14,0.14
SINGLE_SHIFT,0.8,48,18,8,0.1780564638879638,0.13430813733104127,0.28635220133592526,0.02,0.02,0.54
SINGLE_SHIFT,0.8,48,18,8,0.22438333358859025,0.17335531405390114,0.22104332076790725,0.12,0.12,0.12
SINGLE_SHIFT,0.8,48,18,18,0.19889056909349342,0.14679043528685629,0.24747113888255573,0.3,0.1,0.46
LOCAL_PULSE_REVERT,0.3,18,18,128,0.16781323794931788,0.1573071940452313,0.1935886945941101,0.32,0.16,0.0
LOCAL_PULSE_REVERT,0.3,18,8,18,0.16144358516668292,0.17226242294126512,0.19064132262373884,0.14,0.08,0.14
LOCAL_PULSE_REVERT,0.3,18,8,18,0.21260536818594328,0.22256598239130682,0.2223316944385014,0.04,0.02,0.02
LOCAL_PULSE_REVERT,0.3,18,18,128,0.1983900570820577,0.1876537228897296,0.20246954665816463,0.16,0.16,0.12
LOCAL_PULSE_REVERT,0.3,18,128,18,0.18247400013951998,0.17242752132063494,0.17168305632257802,0.14,0.02,0.06
LOCAL_PULSE_REVERT,0.3,18,18,128,0.16882007180369457,0.14852776335200238,0.15617603016759893,0.14,0.14,0.12
LOCAL_PULSE_REVERT,0.3,18,8,128,0.16296089059354868,0.1972026425103096,0.2583078849252244,0.5,0.2,0.12
LOCAL_PULSE_REVERT,0.3,18,18,18,0.16156890238008992,0.15990026998777543,0.18310778020223523,0.14,0.0,0.12
LOCAL_PULSE_REVERT,0.3,18,8,128,0.17518637278665947,0.20753882268376858,0.24787771874946704,0.12,0.1,0.08
LOCAL_PULSE_REVERT,0.3,18,8,128,0.17766581592278302,0.19434946187768584,0.20736999800112255,0.4,0.1,0.0
LOCAL_PULSE_REVERT,0.3,18,18,18,0.17911423329798556,0.14816875327235673,0.16189848989408864,0.04,0.02,0.04
LOCAL_PULSE_REVERT,0.3,18,18,128,0.18327123532877182,0.18304657562497367,0.19602331415378485,0.16,0.12,0.1
LOCAL_PULSE_REVERT,0.3,18,128,18,0.17686364356273573,0.17026293116768607,0.16916904935222676,0.06,0.0,0.02
LOCAL_PULSE_REVERT,0.3,18,18,128,0.22673224708742223,0.1917172591829214,0.20393912165338007,0.06,0.14,0.04
LOCAL_PULSE_REVERT,0.3,18,18,128,0.2057318873071468,0.1859085992025017,0.18640053780643584,0.22,0.08,0.04
LOCAL_PULSE_REVERT,0.3,18,18,128,0.17097488042347903,0.14550299110381432,0.15282078833543905,0.28,0.28,0.18
LOCAL_PULSE_REVERT,0.3,18,18,18,0.20002729503183794,0.17028186108834578,0.18598134005365638,0.14,0.0,0.08
LOCAL_PULSE_REVERT,0.3,18,8,18,0.17221360096579705,0.1845219899767395,0.18583288368661646,0.4,0.12,0.12
LOCAL_PULSE_REVERT,0.3,18,8,128,0.17536707042443642,0.1910642678369193,0.26167247576853975,0.74,0.3,0.04
LOCAL_PULSE_REVERT,0.3,18,18,8,0.19489972151343143,0.17381992625035614,0.18558459972684452,0.1,0.32,0.16
LOCAL_PULSE_REVERT,0.3,18,8,128,0.17541559278922397,0.19266764665180883,0.20145805239824413,0.38,0.12,0.08
LOCAL_PULSE_REVERT,0.3,18,18,8,0.1810784804809186,0.17307800674799156,0.17500775987421371,0.08,0.14,0.14
LOCAL_PULSE_REVERT,0.3,18,18,8,0.2186571488463304,0.18271409477425918,0.1882238826741598,0.08,0.2,0.1
LOCAL_PULSE_REVERT,0.3,18,18,8,0.1747981160518556,0.13942366123348798,0.1974540440164501,0.06,0.14,0.16
LOCAL_PULSE_REVERT,0.55,18,18,8,0.1655650347575933,0.15906943553690517,0.21299327563900133,0.1,0.1,0.14
LOCAL_PULSE_REVERT,0.55,18,18,128,0.1653593017736604,0.15641489206813428,0.1827845826115867,0.2,0.16,0.06
LOCAL_PULSE_REVERT,0.55,18,18,128,0.16137440152463828,0.149021225329845,0.2869681133358493,0.8,0.7,0.02
LOCAL_PULSE_REVERT,0.55,18,18,128,0.17848379789998112,0.1575926918378639,0.16263244209470026,0.28,0.22,0.16
LOCAL_PULSE_REVERT,0.55,18,18,8,0.19166124901875664,0.16301743090819362,0.16825319109415257,0.04,0.1,0.04
LOCAL_PULSE_REVERT,0.55,18,18,128,0.18137341634123413,0.15409922782179664,0.166951047272542,0.02,0.12,0.0
LOCAL_PULSE_REVERT,0.55,18,18,8,0.1809387247401866,0.1612745054895096,0.16679286534916568,0.12,0.12,0.12
LOCAL_PULSE_REVERT,0.55,18,18,18,0.2178952316561808,0.19094450093934992,0.19267168547967242,0.14,0.12,0.14
LOCAL_PULSE_REVERT,0.55,18,18,8,0.18716043776195235,0.15539627925870367,0.16412415554530144,0.0,0.1,0.0
LOCAL_PULSE_REVERT,0.55,18,18,128,0.1745984658833248,0.1633064377926394,0.17327547583776984,0.32,0.14,0.0
LOCAL_PULSE_REVERT,0.55,18,18,8,0.17722028958784652,0.14993516644658705,0.16114477827629203,0.04,0.04,0.04
LOCAL_PULSE_REVERT,0.55,18,18,128,0.1668666584747045,0.1497943301259693,0.15574888457677924,0.02,0.1,0.0
LOCAL_PULSE_REVERT,0.55,18,18,18,0.20505938176934574,0.17159003239273093,0.1769469709316856,0.08,0.06,0.12
LOCAL_PULSE_REVERT,0.55,18,18,8,0.18160180762003234,0.17299367934496698,0.18096146869586016,0.08,0.14,0.14
LOCAL_PULSE_REVERT,0.55,18,18,18,0.2100542024617778,0.18946486852826713,0.21201607618196877,0.12,0.06,0.06
LOCAL_PULSE_REVERT,0.55,18,18,18,0.17727137584820402,0.15134511694594222,0.15668347041477027,0.26,0.1,0.16
LOCAL_PULSE_REVERT,0.55,18,8,8,0.162763772340565,0.18550872022254,0.2246040133138638,0.1,0.1,0.1
LOCAL_PULSE_REVERT,0.55,18,8,18,0.17085267834747836,0.21058612278854608,0.23849725668305083,0.24,0.04,0.04
LOCAL_PULSE_REVERT,0.55,18,8,18,0.16723777457818267,0.18594771083316813,0.2057736264817344,0.34,0.04,0.04
LOCAL_PULSE_REVERT,0.55,18,18,18,0.18782806106177768,0.16820452888043147,0.1844240906872512,0.38,0.02,0.24
LOCAL_PULSE_REVERT,0.55,18,18,128,0.20311676717331686,0.16277800185624788,0.18564749231884634,0.2,0.34,0.06
LOCAL_PULSE_REVERT,0.55,18,18,128,0.16671911673153222,0.15062405116156524,0.15127363316201733,0.04,0.08,0.02
LOCAL_PULSE_REVERT,0.55,18,8,18,0.1645491149399646,0.1740062375613714,0.1773164839724162,0.24,0.06,0.1
LOCAL_PULSE_REVERT,0.55,18,8,128,0.21442337342959236,0.23061954409415028,0.2575713312911512,0.46,0.36,0.26
LOCAL_PULSE_REVERT,0.8,18,18,128,0.18349292855657137,0.1514819407459414,0.16437927635098531,0.02,0.16,0.0
LOCAL_PULSE_REVERT,0.8,18,8,128,0.17788126971387147,0.21636099120120342,0.2229762081304544,0.22,0.3,0.08
LOCAL_PULSE_REVERT,0.8,18,8,18,0.1939097667261123,0.19887643377026137,0.21519567302067275,0.04,0.02,0.04
LOCAL_PULSE_REVERT,0.8,18,18,8,0.18897729633315322,0.16508765296425554,0.16831970055558518,0.1,0.14,0.12
LOCAL_PULSE_REVERT,0.8,18,18,8,0.17323098786887897,0.15441749263172713,0.1643104389170932,0.04,0.24,0.04
LOCAL_PULSE_REVERT,0.8,18,18,128,0.17786744142982408,0.16776716427215344,0.20311747831701435,0.14,0.14,0.02
LOCAL_PULSE_REVERT,0.8,18,8,18,0.17461707789902156,0.1801118615686759,0.18281300443756365,0.24,0.02,0.04
LOCAL_PULSE_REVERT,0.8,18,18,18,0.18821292911731505,0.15803535183309536,0.1730646178542827,0.34,0.02,0.26
LOCAL_PULSE_REVERT,0.8,18,18,128,0.1776776632209147,0.156746028672491,0.17944309313554102,0.1,0.1,0.0
LOCAL_PULSE_REVERT,0.8,18,8,18,0.18498249306306994,0.19125367104944713,0.19090119017866056,0.4,0.08,0.12
LOCAL_PULSE_REVERT,0.8,18,18,8,0.18229563528595435,0.14519440428006022,0.1754844849401012,0.04,0.04,0.04
LOCAL_PULSE_REVERT,0.8,18,18,128,0.18713917908200872,0.1621573309129157,0.16896803184232248,0.02,0.24,0.0
LOCAL_PULSE_REVERT,0.8,18,18,18,0.17400508722740218,0.1554360851959262,0.16067409743653735,0.1,0.06,0.12
LOCAL_PULSE_REVERT,0.8,18,18,128,0.19828098556585277,0.16349382146638414,0.17477464021560357,0.06,0.24,0.02
LOCAL_PULSE_REVERT,0.8,18,18,18,0.16286446333498167,0.15116603802807638,0.15664150285175266,0.2,0.02,0.02
LOCAL_PULSE_REVERT,0.8,18,18,18,0.23580671067605743,0.18796582207514143,0.21511394283932947,0.08,0.04,0.18
LOCAL_PULSE_REVERT,0.8,18,18,128,0.17476139651751266,0.15732044410496226,0.22120440928912055,0.36,0.32,0.04
LOCAL_PULSE_REVERT,0.8,18,18,128,0.1803502776515649,0.16063379576799156,0.1721797930169446,0.34,0.12,0.08
LOCAL_PULSE_REVERT,0.8,18,18,128,0.19985667933883702,0.15173327594295363,0.30729540048082976,0.62,0.54,0.04
LOCAL_PULSE_REVERT,0.8,18,8,128,0.19102400179658421,0.20050957435308275,0.24751225697011978,0.16,0.16,0.06
LOCAL_PULSE_REVERT,0.8,18,8,18,0.1602300264416847,0.209440946316125,0.21408800840477593,0.4,0.08,0.08
LOCAL_PULSE_REVERT,0.8,18,8,128,0.18511456545428165,0.18648274965230352,0.2377235649315899,0.14,0.14,0.0
LOCAL_PULSE_REVERT,0.8,18,18,8,0.21093858259886278,0.18435240871015607,0.19598326633597918,0.12,0.2,0.12
LOCAL_PULSE_REVERT,0.8,18,8,18,0.2053195799108416,0.2088131152139171,0.21994512503330277,0.36,0.14,0.14
STATIONARY,0.0,128,8,8,0.18660798153527086,0.2034708661249788,0.20998821930782718,0.06,0.16,0.18
STATIONARY,0.0,128,18,128,0.18869312922314074,0.15447009546145737,0.17286070265296707,0.04,0.2,0.02
STATIONARY,0.0,128,8,128,0.16727827928446193,0.1833972373829578,0.22058205228168107,0.16,0.12,0.0
STATIONARY,0.0,128,18,8,0.18302241011176104,0.16456582729718597,0.17891277306283307,0.0,0.36,0.1
STATIONARY,0.0,128,8,128,0.1656819771192905,0.1858886434098361,0.18788845670809956,0.4,0.1,0.08
STATIONARY,0.0,128,18,128,0.17433050032949432,0.14090452150020077,0.18112130914193772,0.44,0.44,0.18
STATIONARY,0.0,128,18,18,0.1832620786998023,0.15877153411834594,0.16127199310117782,0.16,0.12,0.12
STATIONARY,0.0,128,18,128,0.1838630481088656,0.17615096768723448,0.1951941057622544,0.38,0.2,0.1
SINGLE_SHIFT,0.3,2,18,8,0.1719920010890577,0.16788406694364358,0.18999881452920472,0.02,0.06,0.06
SINGLE_SHIFT,0.3,2,18,128,0.20088832775500406,0.17151152469498726,0.17971952749435324,0.4,0.44,0.34
SINGLE_SHIFT,0.3,2,18,18,0.18853832401341386,0.17987922608313556,0.2419772058360408,0.1,0.08,0.16
SINGLE_SHIFT,0.3,2,18,8,0.17847821904709832,0.15183353313460338,0.23475340994810875,0.1,0.22,0.58
SINGLE_SHIFT,0.3,2,18,18,0.19584918654310887,0.1577019827967426,0.21696044683739374,0.06,0.0,0.2
SINGLE_SHIFT,0.3,2,18,18,0.17760928290371297,0.1435405549698252,0.18691060134442486,0.4,0.34,0.52
SINGLE_SHIFT,0.3,2,18,8,0.17283371363203906,0.1409219856004295,0.18694624730364076,0.1,0.12,0.22
SINGLE_SHIFT,0.3,2,128,8,0.191029476375449,0.1889126593396223,0.1877612846593026,0.26,0.4,0.38
SINGLE_SHIFT,0.3,4,18,8,0.2227090517047385,0.1607098494601343,0.23840152858050895,0.02,0.3,0.06
SINGLE_SHIFT,0.3,4,18,18,0.1735962219848401,0.17108327676700605,0.24663915734115666,0.14,0.08,0.26
SINGLE_SHIFT,0.3,4,18,8,0.22568897882268232,0.1815348183893508,0.20323945187974335,0.16,0.16,0.16
SINGLE_SHIFT,0.3,4,8,128,0.1655510683594956,0.1713942909021312,0.17867849282422527,0.7,0.58,0.52
SINGLE_SHIFT,0.3,4,18,8,0.18339051226414957,0.15894529082563758,0.17514988506462875,0.16,0.18,0.2
SINGLE_SHIFT,0.3,4,18,8,0.16326832206386013,0.15610454315999692,0.2114924551058009,0.0,0.12,0.44
SINGLE_SHIFT,0.3,4,18,8,0.22089484957860414,0.16665413987972308,0.199614954623569,0.04,0.16,0.16
SINGLE_SHIFT,0.3,4,8,8,0.16467973878064285,0.17190158933484245,0.17747203216448715,0.04,0.34,0.36
SINGLE_SHIFT,0.3,6,18,18,0.1685626412574825,0.1527088510175213,0.20550451289660052,0.18,0.04,0.06
SINGLE_SHIFT,0.3,6,18,8,0.16969937429741797,0.15949359841894156,0.17746015336980603,0.12,0.2,0.22
SINGLE_SHIFT,0.3,6,18,8,0.17498885435199926,0.15853896020500985,0.19234839372992188,0.16,0.16,0.16
SINGLE_SHIFT,0.3,6,18,8,0.25116058597851604,0.22572200101300186,0.25812841232951844,0.4,0.46,0.6
SINGLE_SHIFT,0.3,6,18,18,0.16470277323218815,0.14101922619488444,0.2356873378529208,0.3,0.1,0.2
SINGLE_SHIFT,0.3,6,18,128,0.16370890495201723,0.15753670279011064,0.16743878250550454,0.58,0.56,0.52
SINGLE_SHIFT,0.3,6,18,18,0.18520261388590287,0.14546403191664495,0.2616966206980382,0.16,0.12,0.22
SINGLE_SHIFT,0.3,6,8,8,0.15486714523118958,0.2276760443440848,0.2436725785845499,0.04,0.54,0.6
SINGLE_SHIFT,0.3,8,8,128,0.15689424057316578,0.17124906605974058,0.30450932634648126,0.56,0.28,0.06
SINGLE_SHIFT,0.3,8,8,8,0.1562811826954553,0.20529545145862924,0.22325438721635968,0.2,0.22,0.26
SINGLE_SHIFT,0.3,8,8,128,0.15629859443077979,0.1851745865469515,0.2852690226719859,0.52,0.18,0.16
SINGLE_SHIFT,0.3,8,8,8,0.16987047257313334,0.17507355738308553,0.3274644819820486,0.04,0.04,0.58
SINGLE_SHIFT,0.3,8,18,8,0.18588694485728077,0.15623464022036945,0.2020922584345176,0.16,0.16,0.2
SINGLE_SHIFT,0.3,8,18,128,0.1862726830013734,0.15434143080250334,0.16690749161556767,0.3,0.38,0.26
SINGLE_SHIFT,0.3,8,8,18,0.1510339603467948,0.20711171834292053,0.3314658104923819,0.58,0.18,0.22
SINGLE_SHIFT,0.3,8,18,8,0.17649746626987606,0.15092870470756534,0.21509315835214723,0.2,0.3,0.58
SINGLE_SHIFT,0.3,12,18,8,0.18900453953270932,0.15991302380825714,0.21646631466445693,0.04,0.04,0.06
SINGLE_SHIFT,0.3,12,8,18,0.18220020758727598,0.21861258881721168,0.27833949986392303,0.2,0.02,0.22
SINGLE_SHIFT,0.3,12,18,18,0.19426474936391364,0.1645457272981737,0.25475519354687276,0.16,0.08,0.16
SINGLE_SHIFT,0.3,12,18,18,0.17559293211917804,0.15383904927176484,0.25128943775449525,0.04,0.02,0.5
SINGLE_SHIFT,0.3,12,18,8,0.16706671927372022,0.16237693141427298,0.2232163227609362,0.1,0.16,0.2
SINGLE_SHIFT,0.3,12,18,8,0.18255284495486457,0.1714847540294852,0.19604382684378374,0.16,0.26,0.38
SINGLE_SHIFT,0.3,12,18,128,0.17720193236000698,0.17680846931230434,0.29794722726859413,0.58,0.32,0.18
SINGLE_SHIFT,0.3,12,18,8,0.22368433745085867,0.17281892544026548,0.27205574209453787,0.04,0.04,0.4
SINGLE_SHIFT,0.3,18,18,128,0.16603980757223147,0.14479203503507496,0.24566949693447765,0.32,0.22,0.06
SINGLE_SHIFT,0.3,18,18,8,0.20292869362518948,0.16920136195984492,0.17312257987721424,0.26,0.26,0.26
SINGLE_SHIFT,0.3,18,18,18,0.194230166187553,0.15447256018754138,0.21097430588576357,0.08,0.04,0.16
SINGLE_SHIFT,0.3,18,18,8,0.18039803125469264,0.14586630172169884,0.2934456353125279,0.04,0.04,0.5
SINGLE_SHIFT,0.3,18,18,18,0.19073599405833963,0.183750004624787,0.27461805061482514,0.32,0.04,0.2
SINGLE_SHIFT,0.3,18,18,18,0.17363352173440555,0.13957163042858126,0.18483775086003684,0.06,0.02,0.26
SINGLE_SHIFT,0.3,18,128,8,0.2042604083596232,0.18397345626484174,0.1829742445112254,0.1,0.18,0.2
SINGLE_SHIFT,0.3,18,18,18,0.2164803451927368,0.15933419532339482,0.22454347889639542,0.3,0.04,0.5
SINGLE_SHIFT,0.3,24,18,128,0.1775503859892604,0.15937880685258837,0.2729243871397777,0.36,0.22,0.06
SINGLE_SHIFT,0.3,24,18,18,0.2021347008661647,0.16480265949630024,0.2081478499768854,0.22,0.18,0.3
SINGLE_SHIFT,0.3,24,18,128,0.17695117900317917,0.15484372363334883,0.2833317731578774,0.4,0.28,0.16
SINGLE_SHIFT,0.3,24,18,18,0.21264117435051413,0.17272150704473987,0.1882251422995836,0.58,0.36,0.5
SINGLE_SHIFT,0.3,24,18,18,0.18319323784138336,0.17263261748361403,0.2431245811217552,0.24,0.0,0.2
SINGLE_SHIFT,0.3,24,18,18,0.20636006228591947,0.1705464949871145,0.23598966895522852,0.16,0.08,0.44
SINGLE_SHIFT,0.3,24,8,18,0.16833388560927215,0.22873686559588488,0.31838625680220545,0.56,0.12,0.22
SINGLE_SHIFT,0.3,24,18,8,0.19075259564897382,0.17713390864027317,0.20487090934490504,0.08,0.2,0.36
SINGLE_SHIFT,0.3,36,8,8,0.19407027614876488,0.19685755647719877,0.2021907412076392,0.06,0.06,0.06
SINGLE_SHIFT,0.3,36,18,18,0.19831062276220054,0.15245952766613838,0.1885628333583713,0.2,0.04,0.22
SINGLE_SHIFT,0.3,36,18,8,0.18252427938724775,0.15655061663160444,0.16034358554547917,0.08,0.08,0.14
SINGLE_SHIFT,0.3,36,18,8,0.18078573600555733,0.1457152355464003,0.20483890417658304,0.0,0.0,0.32
SINGLE_SHIFT,0.3,36,18,8,0.22266595321388738,0.16993374300316236,0.2498610909152355,0.1,0.34,0.2
SINGLE_SHIFT,0.3,36,8,18,0.17394129619536683,0.17851621401779122,0.18420009078824826,0.44,0.1,0.22
SINGLE_SHIFT,0.3,36,18,18,0.1818128000023539,0.14381199402469252,0.20744786564105328,0.16,0.14,0.16
SINGLE_SHIFT,0.3,36,18,8,0.20114586139187723,0.14589809975914658,0.26391195587959365,0.04,0.04,0.36
SINGLE_SHIFT,0.3,48,8,128,0.1620691373366259,0.1852500319615856,0.28811231548793736,0.62,0.32,0.06
SINGLE_SHIFT,0.3,48,8,18,0.16078658899049522,0.19494947795829903,0.27869872145075913,0.2,0.12,0.22
SINGLE_SHIFT,0.3,48,18,128,0.16942492506503512,0.16880542194648782,0.17713333102167805,0.14,0.08,0.06
SINGLE_SHIFT,0.3,48,18,18,0.16621771268213154,0.16182100458982623,0.1968115911533385,0.04,0.02,0.24
SINGLE_SHIFT,0.3,48,18,8,0.20855034709081793,0.1641982577415145,0.19600938521911365,0.06,0.22,0.16
SINGLE_SHIFT,0.3,48,18,128,0.18337361530644802,0.16121079205211286,0.19593146386639287,0.54,0.44,0.28
SINGLE_SHIFT,0.3,48,8,8,0.16641700622529354,0.18394024038794102,0.2079418286487083,0.12,0.18,0.22
SINGLE_SHIFT,0.3,48,18,8,0.17895839825775003,0.15153133877203398,0.19068465357993006,0.12,0.14,0.36
SINGLE_SHIFT,0.55,2,8,8,0.1701460224802838,0.2188356096111869,0.22540087110635407,0.06,0.08,0.06
SINGLE_SHIFT,0.55,2,18,128,0.19383751428255272,0.16053052310156177,0.18292653859980285,0.58,0.58,0.56
SINGLE_SHIFT,0.55,2,8,8,0.19793012044065159,0.30036576267113374,0.2930287252892282,0.06,0.16,0.16
SINGLE_SHIFT,0.55,2,8,8,0.1732382409778024,0.1933063050283541,0.1984677078301401,0.48,0.7,0.66
SINGLE_SHIFT,0.55,2,8,8,0.19536540377188805,0.20483325932465102,0.20350608251707458,0.22,0.24,0.24
SINGLE_SHIFT,0.55,2,18,18,0.19623161777156864,0.16136100894773717,0.17887938613766602,0.56,0.46,0.58
SINGLE_SHIFT,0.55,2,18,8,0.26911720272724665,0.25967026819396277,0.29598201569808114,0.2,0.22,0.22
SINGLE_SHIFT,0.55,2,18,18,0.21725869275104276,0.16112788944501263,0.20231623133862175,0.68,0.62,0.68
SINGLE_SHIFT,0.55,4,128,8,0.26848144165260934,0.2529820891047416,0.24212907785327883,0.06,0.06,0.06
SINGLE_SHIFT,0.55,4,18,8,0.20353508005484455,0.18581447622115993,0.2657337397595476,0.22,0.26,0.52
SINGLE_SHIFT,0.55,4,18,8,0.22981500950778475,0.20235492487927123,0.2879089300164496,0.08,0.16,0.16
SINGLE_SHIFT,0.55,4,18,8,0.19579755833108184,0.1886453126904104,0.2731071891946999,0.32,0.48,0.72
SINGLE_SHIFT,0.55,4,18,8,0.26519351001888264,0.2034951683912319,0.20966829561064898,0.24,0.24,0.24
SINGLE_SHIFT,0.55,4,8,8,0.16736661120240143,0.16828722324573211,0.21430479926756088,0.38,0.54,0.6
SINGLE_SHIFT,0.55,4,8,8,0.1977357207743033,0.20899575611217105,0.22824245681331645,0.2,0.22,0.22
SINGLE_SHIFT,0.55,4,8,8,0.2259691138439617,0.25710948817350904,0.25297347126188335,0.5,0.68,0.68
SINGLE_SHIFT,0.55,6,18,8,0.16552760565473665,0.16377253781852094,0.2656012154966361,0.02,0.06,0.06
SINGLE_SHIFT,0.55,6,8,8,0.17107464478119888,0.17409342161808694,0.2399219672407419,0.18,0.26,0.48
SINGLE_SHIFT,0.55,6,8,8,0.17284943147255738,0.2470899288241623,0.24583530747463644,0.06,0.16,0.16
SINGLE_SHIFT,0.55,6,8,8,0.1683192440929847,0.20427874381479885,0.2543386390887106,0.36,0.66,0.76
SINGLE_SHIFT,0.55,6,8,8,0.1858007206564989,0.2075534025606122,0.2871096346092896,0.04,0.22,0.24
SINGLE_SHIFT,0.55,6,18,8,0.1738180824988144,0.1586487663898329,0.20786308646044738,0.44,0.56,0.6
SINGLE_SHIFT,0.55,6,8,8,0.1754326730065578,0.1903554169408779,0.2826476176425863,0.12,0.18,0.22
SINGLE_SHIFT,0.55,6,8,8,0.1890338864842546,0.19333658918446125,0.2355384724747519,0.54,0.68,0.68
SINGLE_SHIFT,0.55,8,8,18,0.15879903111645577,0.2556779922188566,0.3240613004652199,0.32,0.06,0.06
SINGLE_SHIFT,0.55,8,8,8,0.15692718598993483,0.1630074072759382,0.2541953423607958,0.16,0.28,0.54
SINGLE_SHIFT,0.55,8,8,18,0.15232341795533827,0.25859197830884884,0.34746600626003754,0.5,0.16,0.16
SINGLE_SHIFT,0.55,8,18,8,0.1742002686003273,0.15363412213595026,0.23309581058291926,0.22,0.36,0.64
SINGLE_SHIFT,0.55,8,8,8,0.20638986769406698,0.21609510477826224,0.26244603220079216,0.06,0.22,0.24
SINGLE_SHIFT,0.55,8,8,8,0.2001613717489159,0.22988699297051335,0.2834462672273211,0.3,0.56,0.6
SINGLE_SHIFT,0.55,8,8,18,0.15808195037202866,0.22300815426117987,0.29287549170882693,0.24,0.2,0.22
SINGLE_SHIFT,0.55,8,8,8,0.1874839273419381,0.2068902702787474,0.25668563715822773,0.32,0.62,0.68
SINGLE_SHIFT,0.55,12,8,128,0.16055410502452813,0.17488576664908187,0.3562724399584011,0.5,0.1,0.06
SINGLE_SHIFT,0.55,12,8,8,0.2098325499330535,0.21614865666898211,0.30839652245756277,0.08,0.26,0.54
SINGLE_SHIFT,0.55,12,18,8,0.17819688659802482,0.17333782529721534,0.25437480792694095,0.08,0.16,0.16
SINGLE_SHIFT,0.55,12,8,8,0.1873166360895107,0.2157805481255416,0.3575165295495848,0.04,0.32,0.74
SINGLE_SHIFT,0.55,12,8,18,0.15678803069236538,0.18512277175869418,0.31018719001149764,0.48,0.08,0.24
SINGLE_SHIFT,0.55,12,18,8,0.18311188546894916,0.16726830518725957,0.25454424203518805,0.3,0.44,0.6
SINGLE_SHIFT,0.55,12,8,18,0.15895821726400636,0.18843317195465345,0.30034291576672395,0.38,0.04,0.22
SINGLE_SHIFT,0.55,12,18,8,0.16939298755056598,0.1507738097257632,0.23096459956355814,0.2,0.38,0.68
SINGLE_SHIFT,0.55,18,18,128,0.18173056621284922,0.14822797096503493,0.26739672820693255,0.32,0.1,0.06
SINGLE_SHIFT,0.55,18,18,18,0.22114077344989722,0.16100977979372752,0.2527161101434537,0.3,0.18,0.54
SINGLE_SHIFT,0.55,18,18,8,0.17900277305777204,0.14109651373947374,0.2537492467069892,0.06,0.08,0.16
SINGLE_SHIFT,0.55,18,18,18,0.22528634138376377,0.165502462260698,0.24319799064016112,0.5,0.0,0.66
SINGLE_SHIFT,0.55,18,18,8,0.20824053003045945,0.14615296062104038,0.25854179375031294,0.16,0.16,0.24
SINGLE_SHIFT,0.55,18,18,18,0.2312021212505419,0.1669641220145567,0.2740454180077764,0.3,0.08,0.58
SINGLE_SHIFT,0.55,18,8,18,0.16531174760431197,0.17869117823891803,0.30653831984919955,0.26,0.1,0.22
SINGLE_SHIFT,0.55,18,18,8,0.1795786921243942,0.14144406465358342,0.2295034950653062,0.16,0.2,0.64
SINGLE_SHIFT,0.55,24,18,128,0.23596031457772695,0.16170979007609934,0.34402849411432856,0.16,0.36,0.06
SINGLE_SHIFT,0.55,24,18,8,0.18419316631340735,0.13397689800636992,0.271101103392738,0.02,0.04,0.42
SINGLE_SHIFT,0.55,24,18,8,0.19499745942808,0.14338062261887152,0.25012496319633243,0.08,0.08,0.16
SINGLE_SHIFT,0.55,24,18,18,0.22578524694331822,0.17198377154837605,0.22855041100600984,0.48,0.12,0.66
SINGLE_SHIFT,0.55,24,18,18,0.16333662217511324,0.1509254534342922,0.289877345059384,0.22,0.08,0.24
SINGLE_SHIFT,0.55,24,18,8,0.18097957545150165,0.1382372789015126,0.25856479793719833,0.0,0.02,0.56
SINGLE_SHIFT,0.55,24,18,18,0.16143171336704445,0.15201229480650605,0.29621695185050523,0.28,0.1,0.22
SINGLE_SHIFT,0.55,24,8,18,0.1622991060717026,0.23529070736982646,0.2461137548244825,0.7,0.38,0.62
SINGLE_SHIFT,0.55,36,18,128,0.19682300398919642,0.16230113284757472,0.3285895671661191,0.42,0.3,0.06
SINGLE_SHIFT,0.55,36,18,18,0.20402132115406,0.15755047958273868,0.17881628570706767,0.44,0.22,0.38
SINGLE_SHIFT,0.55,36,18,18,0.19919820114241676,0.15182124914725537,0.2210904620569452,0.14,0.08,0.16
SINGLE_SHIFT,0.55,36,18,8,0.19336684206654592,0.133881629766489,0.3054021237090978,0.04,0.04,0.5
SINGLE_SHIFT,0.55,36,18,8,0.18696759134708107,0.15467376772951744,0.2175062896542721,0.16,0.16,0.24
SINGLE_SHIFT,0.55,36,18,18,0.21338016100548504,0.16513427672556605,0.21218205798264533,0.32,0.0,0.44
SINGLE_SHIFT,0.55,36,18,128,0.17149765829032718,0.1390795284904895,0.3824601670375914,0.58,0.5,0.22
SINGLE_SHIFT,0.55,36,8,18,0.1693016599097411,0.1956766532570218,0.3604695695647872,0.06,0.04,0.6
SINGLE_SHIFT,0.55,48,18,8,0.22056341296952897,0.15431682143877848,0.24975680103280504,0.06,0.18,0.06
SINGLE_SHIFT,0.55,48,18,8,0.18488706442600542,0.15214823929183507,0.2675148286757246,0.04,0.08,0.42
SINGLE_SHIFT,0.55,48,8,8,0.20910578205685879,0.212573358129925,0.21107017355579644,0.16,0.16,0.16
SINGLE_SHIFT,0.55,48,18,18,0.1810514411652597,0.1471297100306755,0.17282935014357548,0.5,0.42,0.6
SINGLE_SHIFT,0.55,48,18,8,0.20925094518087578,0.15525169502637212,0.24537541325560064,0.06,0.22,0.2
SINGLE_SHIFT,0.55,48,18,18,0.19801083431029567,0.15558604524003436,0.20804273468096302,0.3,0.08,0.46
SINGLE_SHIFT,0.55,48,18,8,0.19168453839850927,0.13432242136424904,0.2915465039349443,0.18,0.18,0.22
SINGLE_SHIFT,0.55,48,18,8,0.2211354673862778,0.14481328065955884,0.3214143207498868,0.04,0.04,0.58
SINGLE_SHIFT,0.8,2,18,8,0.32766085612023543,0.2516147192080897,0.2869150476067206,0.06,0.06,0.08
SINGLE_SHIFT,0.8,2,18,8,0.21202616876112743,0.19038307800118526,0.19780440750735648,0.58,0.58,0.58
SINGLE_SHIFT,0.8,2,18,8,0.22276279950309813,0.2202109813747089,0.3023055714268795,0.16,0.16,0.16
SINGLE_SHIFT,0.8,2,18,18,0.18632916721218554,0.14241589356443757,0.20717894242253182,0.78,0.74,0.8
SINGLE_SHIFT,0.8,2,8,8,0.189033058766608,0.23123841215978685,0.2600381729762602,0.24,0.24,0.26
SINGLE_SHIFT,0.8,2,8,8,0.171091449704271,0.1826726859826263,0.1853038217966283,0.66,0.66,0.66
SINGLE_SHIFT,0.8,2,8,8,0.1721252271047779,0.2006533822683935,0.21285938797675655,0.22,0.22,0.22
SINGLE_SHIFT,0.8,2,18,8,0.171853497162559,0.15432934887856728,0.1728355526109402,0.68,0.68,0.7
SINGLE_SHIFT,0.8,4,8,8,0.16183534659652457,0.18085045669587438,0.2210503619085608,0.06,0.06,0.08
SINGLE_SHIFT,0.8,4,18,8,0.1992392714169874,0.16199892366282037,0.20142495649876296,0.58,0.58,0.58
SINGLE_SHIFT,0.8,4,18,8,0.20771288900899906,0.19032334878903054,0.21295940914661785,0.16,0.16,0.16
SINGLE_SHIFT,0.8,4,8,8,0.1620223068973084,0.17644633128196224,0.3062023445658063,0.22,0.5,0.8
SINGLE_SHIFT,0.8,4,18,8,0.2489446631587554,0.21700602046673353,0.28200530492976983,0.24,0.24,0.24
SINGLE_SHIFT,0.8,4,18,8,0.278262746216493,0.2124848859381228,0.2575196170851106,0.66,0.66,0.66
SINGLE_SHIFT,0.8,4,18,8,0.18821502907917123,0.1446189961262917,0.25525973602457336,0.2,0.22,0.22
SINGLE_SHIFT,0.8,4,8,8,0.17161789543531913,0.26865051675179197,0.28686650188507556,0.38,0.68,0.7
SINGLE_SHIFT,0.8,6,8,8,0.1662283393564453,0.2103264869999843,0.3413740231271274,0.06,0.06,0.08
SINGLE_SHIFT,0.8,6,18,8,0.2535647352011423,0.2255861969259919,0.24443566495159536,0.56,0.56,0.58
SINGLE_SHIFT,0.8,6,8,8,0.1824138484725608,0.23819800792960355,0.3611721612963994,0.08,0.16,0.16
SINGLE_SHIFT,0.8,6,8,8,0.18025282565940362,0.20185370570468306,0.3296028065593886,0.42,0.66,0.8
SINGLE_SHIFT,0.8,6,8,8,0.22434129026821423,0.36796717684124886,0.3589973093240285,0.16,0.24,0.24
SINGLE_SHIFT,0.8,6,8,8,0.1733619342953816,0.1873046127384839,0.2843016579601905,0.26,0.56,0.66
SINGLE_SHIFT,0.8,6,8,8,0.17389317053039816,0.2248341884005883,0.2704323214523727,0.18,0.22,0.22
SINGLE_SHIFT,0.8,6,8,8,0.24282181921926646,0.24605111225201934,0.25075991305618567,0.68,0.7,0.7
SINGLE_SHIFT,0.8,8,8,18,0.1529329057552171,0.276881221011357,0.3414067283140608,0.22,0.06,0.08
SINGLE_SHIFT,0.8,8,8,18,0.16387537161434315,0.16973127641658228,0.3516764320443286,0.2,0.18,0.58
SINGLE_SHIFT,0.8,8,8,18,0.18800731697770542,0.37219071532987585,0.44124089173314024,0.36,0.16,0.16
SINGLE_SHIFT,0.8,8,8,8,0.15608807897066546,0.2539347840795672,0.32349113475623936,0.0,0.68,0.8
SINGLE_SHIFT,0.8,8,8,18,0.17188418979096295,0.24660896425714063,0.3956200292898234,0.52,0.18,0.24
SINGLE_SHIFT,0.8,8,8,8,0.1520869311005791,0.2180255026494188,0.3635756119633193,0.08,0.46,0.66
SINGLE_SHIFT,0.8,8,8,18,0.16942367662730096,0.2983879124128933,0.4606312703470711,0.52,0.22,0.24
SINGLE_SHIFT,0.8,8,8,8,0.15288068132828606,0.21065419363077711,0.33775772733512066,0.04,0.54,0.68
SINGLE_SHIFT,0.8,12,8,18,0.18558231208185705,0.2476716590470014,0.44410643809006,0.44,0.06,0.08
SINGLE_SHIFT,0.8,12,18,8,0.18855376210090433,0.15173275091473076,0.27008416784764905,0.3,0.32,0.58
SINGLE_SHIFT,0.8,12,18,8,0.19887328775058785,0.19872497870580677,0.345494792395508,0.06,0.16,0.16
SINGLE_SHIFT,0.8,12,8,8,0.19249791566710606,0.20131806997390153,0.3990318339357986,0.04,0.32,0.8
SINGLE_SHIFT,0.8,12,18,18,0.18600990524164637,0.13918842944253954,0.40693171027526176,0.44,0.24,0.24
SINGLE_SHIFT,0.8,12,8,8,0.16322257438705595,0.23340578754208136,0.4269654915815496,0.12,0.2,0.66
SINGLE_SHIFT,0.8,12,8,8,0.19936672943882416,0.23818297212304915,0.3842409056204101,0.14,0.2,0.22
SINGLE_SHIFT,0.8,12,8,8,0.16467550759212854,0.17526621266365372,0.20619715880988318,0.68,0.68,0.68
SINGLE_SHIFT,0.8,18,18,128,0.20956807425807308,0.14312116849284617,0.35152245031072127,0.18,0.22,0.08
SINGLE_SHIFT,0.8,18,18,18,0.21270895934638767,0.15119706330472973,0.3155833802244278,0.16,0.02,0.56
SINGLE_SHIFT,0.8,18,18,8,0.21001158261807631,0.13614208221083016,0.35134413961932853,0.06,0.08,0.16
SINGLE_SHIFT,0.8,18,18,8,0.17877203602979538,0.16076168231255134,0.4405279084615461,0.04,0.04,0.8
SINGLE_SHIFT,0.8,18,8,8,0.18457230386457937,0.1960722118571771,0.34887102969902,0.18,0.2,0.24
SINGLE_SHIFT,0.8,18,18,18,0.25261039263834867,0.18002449588470965,0.303648217051571,0.4,0.0,0.66
SINGLE_SHIFT,0.8,18,18,18,0.1947933738672496,0.1239216490946366,0.37646534872808113,0.26,0.2,0.22
SINGLE_SHIFT,0.8,18,18,8,0.17438356951109218,0.13221281874548943,0.267470846625934,0.32,0.36,0.68
SINGLE_SHIFT,0.8,24,18,8,0.2163774052630054,0.14784271718802203,0.3496630054293412,0.06,0.22,0.08
SINGLE_SHIFT,0.8,24,18,8,0.18601287546635156,0.14051589027374495,0.4233904434337151,0.2,0.2,0.56
SINGLE_SHIFT,0.8,24,18,128,0.20654801484449933,0.13223348337286464,0.3668739422887279,0.18,0.22,0.16
SINGLE_SHIFT,0.8,24,18,8,0.21571217974147766,0.1357124351898825,0.36507048363527417,0.0,0.04,0.78
SINGLE_SHIFT,0.8,24,18,18,0.1890599117515006,0.15172591504704455,0.35721220991512515,0.22,0.04,0.24
SINGLE_SHIFT,0.8,24,18,18,0.19105396949206244,0.15589780420352603,0.4272936363938883,0.12,0.08,0.66
SINGLE_SHIFT,0.8,24,18,18,0.19296656372488993,0.15109069128796163,0.35267996803968815,0.16,0.06,0.22
SINGLE_SHIFT,0.8,24,18,18,0.19162041146478317,0.1323483557478989,0.31149879975154876,0.24,0.2,0.68
SINGLE_SHIFT,0.8,36,18,8,0.18762282371781075,0.14609038526895576,0.24860022828172612,0.06,0.06,0.06
SINGLE_SHIFT,0.8,36,18,8,0.21583737743233858,0.1449713540629273,0.3364839761665472,0.12,0.2,0.54
SINGLE_SHIFT,0.8,36,18,128,0.16237691943453483,0.15289851136987648,0.4140103257484949,0.56,0.3,0.16
SINGLE_SHIFT,0.8,36,18,18,0.2063201880616804,0.1467600156173979,0.310561954386349,0.12,0.0,0.74
SINGLE_SHIFT,0.8,36,18,18,0.19922478230140903,0.14587837761469682,0.3316507073861989,0.06,0.04,0.24
SINGLE_SHIFT,0.8,36,18,8,0.21482884022138535,0.14841018400804723,0.3532509478741869,0.08,0.08,0.58
SINGLE_SHIFT,0.8,36,18,8,0.23527439980887632,0.165026570439191,0.2904876995562638,0.1,0.3,0.22
SINGLE_SHIFT,0.8,36,18,8,0.20018205523911592,0.1409789890752732,0.32245849433345936,0.0,0.04,0.68
SINGLE_SHIFT,0.8,48,18,8,0.25538702002803776,0.1671457391754281,0.30394263256323717,0.06,0.28,0.06
SINGLE_SHIFT,0.8,48,18,8,0.18805985109266382,0.15391181997838926,0.267563750064946,0.16,0.18,0.48
SINGLE_SHIFT,0.8,48,18,18,0.19240720391156765,0.16379277673268247,0.3019499131309096,0.32,0.08,0.16
SINGLE_SHIFT,0.8,48,18,18,0.20668910537911084,0.1533830935464376,0.2151036180922424,0.66,0.46,0.78
SINGLE_SHIFT,0.8,48,18,8,0.18672473068425952,0.14377014581528483,0.2157153256087102,0.16,0.16,0.24
SINGLE_SHIFT,0.8,48,18,18,0.17899363191265438,0.1474510995256096,0.172822929686804,0.56,0.46,0.58
SINGLE_SHIFT,0.8,48,18,18,0.22936304684230138,0.15133702184096315,0.30524344055356467,0.14,0.12,0.22
SINGLE_SHIFT,0.8,48,18,18,0.20009928291991186,0.14697062174420097,0.2467722994468758,0.5,0.38,0.68
LOCAL_PULSE_REVERT,0.3,18,8,128,0.1619061194339784,0.19313036676071485,0.1968808876084314,0.42,0.04,0.0
LOCAL_PULSE_REVERT,0.3,18,18,18,0.17813697624570096,0.1657145842374825,0.16838674950622748,0.04,0.02,0.02
LOCAL_PULSE_REVERT,0.3,18,8,18,0.1767089321900378,0.18286515110773435,0.19273059561122804,0.12,0.04,0.08
LOCAL_PULSE_REVERT,0.3,18,18,128,0.1799738656707541,0.14117215270188835,0.20406164178803443,0.46,0.5,0.12
LOCAL_PULSE_REVERT,0.3,18,8,128,0.17882152859520759,0.18326925242501801,0.1888957642836952,0.14,0.3,0.06
LOCAL_PULSE_REVERT,0.3,18,18,128,0.18204250841443692,0.1455261781739559,0.17777101636602266,0.3,0.36,0.08
LOCAL_PULSE_REVERT,0.3,18,18,128,0.17975150698492415,0.15132558695907644,0.20002544480504117,0.5,0.42,0.14
LOCAL_PULSE_REVERT,0.3,18,18,8,0.21248535996568693,0.17602482500115488,0.2183832336697609,0.04,0.04,0.12
LOCAL_PULSE_REVERT,0.3,18,18,128,0.17304547291290484,0.14960791488023711,0.15763754327021465,0.22,0.16,0.04
LOCAL_PULSE_REVERT,0.3,18,8,128,0.16958381863542177,0.18035799945205347,0.1860807988592623,0.22,0.04,0.02
LOCAL_PULSE_REVERT,0.3,18,8,128,0.17794410308006303,0.17904114523492787,0.18613123097776363,0.22,0.08,0.04
LOCAL_PULSE_REVERT,0.3,18,128,18,0.21143351981291245,0.1869757477897926,0.18388797472868745,0.02,0.0,0.0
LOCAL_PULSE_REVERT,0.3,18,18,128,0.19343341263382263,0.15889102749240283,0.18223237991836594,0.16,0.16,0.1
LOCAL_PULSE_REVERT,0.3,18,8,128,0.16810346345948218,0.1842043593196731,0.20208126573105625,0.12,0.08,0.04
LOCAL_PULSE_REVERT,0.3,18,18,18,0.2057359953919042,0.16511314302708113,0.18245723011374065,0.18,0.1,0.12
LOCAL_PULSE_REVERT,0.3,18,18,8,0.19453309725034346,0.15863590157493704,0.17062500379967221,0.0,0.24,0.0
LOCAL_PULSE_REVERT,0.3,18,18,128,0.16044973547095556,0.15958435405419888,0.2724455929848044,0.68,0.44,0.04
LOCAL_PULSE_REVERT,0.3,18,18,128,0.1979427630135501,0.1648961253024386,0.17917588295504375,0.16,0.22,0.08
LOCAL_PULSE_REVERT,0.3,18,8,18,0.17036675005440555,0.21681021783477464,0.2424120133844048,0.16,0.02,0.1
LOCAL_PULSE_REVERT,0.3,18,18,18,0.17937252645029306,0.15729759745977423,0.15804897333726498,0.22,0.12,0.14
LOCAL_PULSE_REVERT,0.3,18,8,8,0.16558631929506995,0.16679434717207547,0.16753810184791354,0.12,0.16,0.16
LOCAL_PULSE_REVERT,0.3,18,8,8,0.19705375157566815,0.20480247347598268,0.21112104937784876,0.04,0.06,0.08
LOCAL_PULSE_REVERT,0.3,18,8,128,0.17405648693698011,0.1871319024724663,0.2082436535398828,0.34,0.12,0.02
LOCAL_PULSE_REVERT,0.3,18,18,8,0.18320317455869448,0.1639390903817808,0.16775199763426824,0.0,0.12,0.0
LOCAL_PULSE_REVERT,0.55,18,8,128,0.16557702573232752,0.18153131260681424,0.22430037826311144,0.42,0.08,0.06
LOCAL_PULSE_REVERT,0.55,18,8,18,0.172908164553285,0.23205338578203133,0.2358194422073066,0.44,0.06,0.08
LOCAL_PULSE_REVERT,0.55,18,18,128,0.1876391105625664,0.14804187789316933,0.19342355398390276,0.08,0.16,0.02
LOCAL_PULSE_REVERT,0.55,18,18,128,0.17104396380501374,0.15395773091039996,0.16045620861777662,0.2,0.12,0.06
LOCAL_PULSE_REVERT,0.55,18,18,8,0.18624033831830375,0.15169916616254533,0.17055349949427517,0.08,0.16,0.1
LOCAL_PULSE_REVERT,0.55,18,18,128,0.18027253770433022,0.14947220866804425,0.15527614308011134,0.04,0.04,0.0
LOCAL_PULSE_REVERT,0.55,18,18,128,0.20687143268589117,0.16968576406011546,0.18043095406883716,0.16,0.14,0.12
LOCAL_PULSE_REVERT,0.55,18,8,8,0.16523277131707761,0.17188134251309417,0.224044636578096,0.04,0.04,0.12
LOCAL_PULSE_REVERT,0.55,18,18,8,0.22691904468454543,0.19784159971757304,0.2122344677612974,0.06,0.44,0.12
LOCAL_PULSE_REVERT,0.55,18,8,128,0.16729328934096885,0.20538548440676793,0.21978754823809932,0.4,0.1,0.08
LOCAL_PULSE_REVERT,0.55,18,18,8,0.191608878122815,0.1699313787862669,0.17599441637671853,0.04,0.18,0.08
LOCAL_PULSE_REVERT,0.55,18,18,18,0.2059445949968709,0.17032465037085448,0.19150784345473698,0.16,0.12,0.32
LOCAL_PULSE_REVERT,0.55,18,18,128,0.16503386953476773,0.16235546198201448,0.18758063111973639,0.16,0.16,0.1
LOCAL_PULSE_REVERT,0.55,18,18,128,0.19830140365358637,0.15353756751150108,0.25454961611021293,0.12,0.12,0.0
LOCAL_PULSE_REVERT,0.55,18,18,8,0.19302384829998798,0.1552956245750884,0.19852208444764838,0.06,0.12,0.18
LOCAL_PULSE_REVERT,0.55,18,18,8,0.16692262207946693,0.13867974937301963,0.1670827608317972,0.0,0.0,0.2
LOCAL_PULSE_REVERT,0.55,18,18,8,0.19351966240375917,0.14795305228356712,0.22221250535058135,0.06,0.06,0.06
LOCAL_PULSE_REVERT,0.55,18,8,18,0.18890919219396501,0.20250651359109953,0.2227123077835788,0.2,0.08,0.18
LOCAL_PULSE_REVERT,0.55,18,18,128,0.19759840242804974,0.1630743695093721,0.19833751991022644,0.08,0.08,0.04
LOCAL_PULSE_REVERT,0.55,18,18,128,0.1897888757668831,0.14759337030945696,0.24499085941334608,0.66,0.66,0.28
LOCAL_PULSE_REVERT,0.55,18,18,128,0.17776127202453507,0.17696376606840875,0.18064339444055133,0.28,0.04,0.0
LOCAL_PULSE_REVERT,0.55,18,18,8,0.18401552315974606,0.15050489904842157,0.1820716993253354,0.0,0.08,0.08
LOCAL_PULSE_REVERT,0.55,18,18,8,0.2130442193245374,0.17321620921347702,0.18442834840512545,0.04,0.12,0.1
LOCAL_PULSE_REVERT,0.55,18,8,18,0.1748346899712282,0.21748861884838022,0.21786976288287466,0.62,0.2,0.2
LOCAL_PULSE_REVERT,0.8,18,18,18,0.1873707913825308,0.15798694768456747,0.16187427652042555,0.12,0.0,0.06
LOCAL_PULSE_REVERT,0.8,18,18,18,0.20981022561642695,0.18375042383116827,0.19472419042411301,0.14,0.08,0.12
LOCAL_PULSE_REVERT,0.8,18,8,128,0.166544773012403,0.19159939267090068,0.22426734395856643,0.16,0.1,0.04
LOCAL_PULSE_REVERT,0.8,18,8,18,0.1635262921546355,0.17091394285498307,0.19348640460574076,0.04,0.02,0.14
LOCAL_PULSE_REVERT,0.8,18,18,18,0.22567585971183926,0.19197197285757053,0.20740174742614836,0.2,0.04,0.16
LOCAL_PULSE_REVERT,0.8,18,18,128,0.2029303693464511,0.15159451167410234,0.21691277102915543,0.08,0.12,0.04
LOCAL_PULSE_REVERT,0.8,18,8,128,0.168989983773147,0.19297144120497683,0.19763735555365236,0.32,0.04,0.0
LOCAL_PULSE_REVERT,0.8,18,18,128,0.18651873753668474,0.14898410437865217,0.20140343792989393,0.62,0.62,0.36
LOCAL_PULSE_REVERT,0.8,18,8,18,0.16991622342313,0.17756239997697518,0.20386914536115658,0.24,0.06,0.06
LOCAL_PULSE_REVERT,0.8,18,18,128,0.1750644023009894,0.16272870838398934,0.168234611984203,0.18,0.06,0.04
LOCAL_PULSE_REVERT,0.8,18,18,8,0.1793545275084246,0.16826798097363554,0.17664948084734988,0.06,0.06,0.08
LOCAL_PULSE_REVERT,0.8,18,8,128,0.17249223723875462,0.18909753219499023,0.20131380951387495,0.5,0.32,0.22
LOCAL_PULSE_REVERT,0.8,18,18,8,0.18533195242469835,0.17096269286983262,0.1792923649869329,0.08,0.16,0.16
LOCAL_PULSE_REVERT,0.8,18,18,128,0.21135393757833526,0.1764657071147802,0.18709392466773656,0.18,0.12,0.06
LOCAL_PULSE_REVERT,0.8,18,18,8,0.19495972456637636,0.15524818178420374,0.2039748244537444,0.14,0.14,0.16
LOCAL_PULSE_REVERT,0.8,18,18,8,0.2145075194105031,0.17622972992364755,0.17932151268438531,0.0,0.26,0.0
LOCAL_PULSE_REVERT,0.8,18,8,8,0.1730241650029031,0.25095261666245056,0.26353948389116855,0.06,0.06,0.06
LOCAL_PULSE_REVERT,0.8,18,8,128,0.17520345368958928,0.19406984744281133,0.25738866561345625,0.2,0.2,0.06
LOCAL_PULSE_REVERT,0.8,18,18,128,0.17270539116987754,0.14709282907631868,0.22486960478368648,0.16,0.16,0.08
LOCAL_PULSE_REVERT,0.8,18,18,128,0.179530178974762,0.15019866028116108,0.19129004772915834,0.42,0.4,0.12
LOCAL_PULSE_REVERT,0.8,18,18,8,0.20261823330526052,0.16253675678664792,0.197258571732023,0.06,0.1,0.16
LOCAL_PULSE_REVERT,0.8,18,18,128,0.1731367607482004,0.15177762557168634,0.16156314108009626,0.24,0.2,0.08
LOCAL_PULSE_REVERT,0.8,18,8,128,0.16139006930095928,0.1666911644300365,0.2236522060203703,0.2,0.16,0.08
LOCAL_PULSE_REVERT,0.8,18,8,128,0.16210245316471075,0.18300562948901639,0.1904608851808951,0.5,0.04,0.02
STATIONARY,0.0,128,8,128,0.16676924757398331,0.18853600790635255,0.20474927811921848,0.1,0.08,0.04
STATIONARY,0.0,128,18,128,0.175183658900518,0.1621214820847574,0.17834790988505936,0.32,0.1,0.04
STATIONARY,0.0,128,18,8,0.17675465401576285,0.1739949590902141,0.20885788899023458,0.08,0.14,0.14
STATIONARY,0.0,128,18,8,0.16677093340177793,0.13955416904032228,0.16161659536250228,0.02,0.02,0.04
STATIONARY,0.0,128,18,8,0.21547996473571737,0.19211711651844546,0.20003101483497393,0.0,0.0,0.0
STATIONARY,0.0,128,18,128,0.1657950492687322,0.16093425246044438,0.1806444955717141,0.08,0.08,0.06
STATIONARY,0.0,128,18,128,0.16550614173281758,0.16265039943441814,0.16737496398904578,0.06,0.06,0.0
STATIONARY,0.0,128,8,128,0.1580877549621972,0.16504432480707107,0.2341793636148089,0.6,0.34,0.06
SINGLE_SHIFT,0.3,2,18,8,0.17920711009572943,0.16263196854231474,0.1640571805423583,0.1,0.1,0.1
SINGLE_SHIFT,0.3,2,18,18,0.19924126447517645,0.18183951441988228,0.1852663801897534,0.6,0.4,0.42
SINGLE_SHIFT,0.3,2,18,8,0.1809298484989529,0.1648210293928949,0.17564467362274117,0.14,0.14,0.14
SINGLE_SHIFT,0.3,2,18,18,0.20756211686958712,0.17885667915562498,0.1882316893807523,0.38,0.14,0.28
SINGLE_SHIFT,0.3,2,18,8,0.1865501138289545,0.17260213781018405,0.1799617411726954,0.0,0.0,0.0
SINGLE_SHIFT,0.3,2,18,8,0.16811400622291414,0.16577271979084235,0.16959930392455722,0.16,0.2,0.2
SINGLE_SHIFT,0.3,2,18,8,0.1757403542418697,0.15942295980562152,0.16008848692205618,0.1,0.1,0.1
SINGLE_SHIFT,0.3,2,18,8,0.18272973529327793,0.15044812285408463,0.20142296957862518,0.06,0.06,0.22
SINGLE_SHIFT,0.3,4,8,8,0.173122205967476,0.18488838855196174,0.20988037474740912,0.04,0.1,0.1
SINGLE_SHIFT,0.3,4,18,8,0.18853415180518276,0.174343195631427,0.19290572399555528,0.32,0.4,0.4
SINGLE_SHIFT,0.3,4,8,18,0.18841930948338317,0.2382327463276072,0.2794439089758023,0.24,0.14,0.14
SINGLE_SHIFT,0.3,4,18,18,0.1701993763391004,0.15615165902271483,0.15646695273737835,0.26,0.16,0.18
SINGLE_SHIFT,0.3,4,18,8,0.17103132545143135,0.1662074257756087,0.17155586261373848,0.0,0.0,0.0
SINGLE_SHIFT,0.3,4,18,8,0.17789150167849693,0.16251184977255295,0.16714108711587702,0.2,0.2,0.24
SINGLE_SHIFT,0.3,4,18,8,0.16924710847392685,0.15899052548405798,0.17662280487360155,0.1,0.1,0.1
SINGLE_SHIFT,0.3,4,18,8,0.15943751702402398,0.1488199017321365,0.1939028078484948,0.32,0.42,0.6
SINGLE_SHIFT,0.3,6,8,18,0.15888167888282853,0.21248385349708743,0.21340045122728152,0.14,0.1,0.1
SINGLE_SHIFT,0.3,6,8,18,0.1970303991234112,0.24096650268752232,0.3165202339203266,0.14,0.02,0.4
SINGLE_SHIFT,0.3,6,8,8,0.16415400809422231,0.1980891347605908,0.20438014584668165,0.12,0.14,0.14
SINGLE_SHIFT,0.3,6,18,18,0.18117378998762634,0.15592712511723913,0.16475659657643765,0.42,0.18,0.32
SINGLE_SHIFT,0.3,6,8,18,0.170576099292093,0.17110169756402047,0.20375533382667657,0.02,0.0,0.0
SINGLE_SHIFT,0.3,6,8,18,0.16421269115005888,0.16743533134586527,0.29628898322062336,0.1,0.08,0.18
SINGLE_SHIFT,0.3,6,18,8,0.20150123272748066,0.20059262018961344,0.20475603668825845,0.1,0.12,0.1
SINGLE_SHIFT,0.3,6,18,8,0.16987576446855754,0.16082231241227998,0.19173201083600858,0.24,0.32,0.46
SINGLE_SHIFT,0.3,8,18,8,0.17222523367004236,0.1462967683155659,0.16867324349032142,0.1,0.1,0.1
SINGLE_SHIFT,0.3,8,8,8,0.1709710625799899,0.17375892621685377,0.17933248396168464,0.14,0.4,0.4
SINGLE_SHIFT,0.3,8,18,8,0.17189358016596154,0.15073096529458707,0.17252540493603344,0.14,0.14,0.14
SINGLE_SHIFT,0.3,8,18,8,0.19049856665088974,0.16836758569502439,0.2306006523171091,0.04,0.06,0.24
SINGLE_SHIFT,0.3,8,8,18,0.16375370220197116,0.17324489654656042,0.23026980798795904,0.2,0.0,0.0
SINGLE_SHIFT,0.3,8,8,8,0.1755893949246562,0.18229742317581044,0.21499790207594538,0.08,0.08,0.18
SINGLE_SHIFT,0.3,8,8,18,0.1740281347761089,0.194743486129362,0.21187404500552587,0.12,0.1,0.1
SINGLE_SHIFT,0.3,8,18,18,0.17717049901171547,0.17021756735057147,0.1737686311034621,0.58,0.26,0.3
SINGLE_SHIFT,0.3,12,18,18,0.21741308214509109,0.15931439451208818,0.20798512710679282,0.1,0.02,0.1
SINGLE_SHIFT,0.3,12,8,8,0.16251895138260714,0.22391297174047953,0.235824125792345,0.14,0.4,0.4
SINGLE_SHIFT,0.3,12,8,8,0.19595919979620438,0.20092583169896472,0.21877391303949736,0.14,0.14,0.14
SINGLE_SHIFT,0.3,12,18,18,0.2126468486505944,0.16097404666852358,0.22484357848708428,0.14,0.02,0.24
SINGLE_SHIFT,0.3,12,18,8,0.186699354457866,0.14991501766246587,0.17120549398809595,0.0,0.0,0.0
SINGLE_SHIFT,0.3,12,8,18,0.15856872417883333,0.19615517429323054,0.26325565561413683,0.1,0.08,0.1
SINGLE_SHIFT,0.3,12,8,8,0.15904555586221455,0.18916630652103422,0.24813108603205883,0.08,0.1,0.12
SINGLE_SHIFT,0.3,12,18,8,0.17351931259313352,0.16204652419818869,0.1683286612952777,0.32,0.54,0.4
SINGLE_SHIFT,0.3,18,18,18,0.18148675190409047,0.15812249179081064,0.2259050656757652,0.06,0.0,0.1
SINGLE_SHIFT,0.3,18,8,18,0.15953124877621963,0.16610716699483322,0.24949246264050695,0.14,0.0,0.4
SINGLE_SHIFT,0.3,18,18,18,0.2432518040865887,0.18429829387513869,0.23991415732542362,0.14,0.08,0.14
SINGLE_SHIFT,0.3,18,18,8,0.17762043362868274,0.15274000319056347,0.21103398661112563,0.04,0.04,0.18
SINGLE_SHIFT,0.3,18,18,128,0.19682596050434822,0.15002874234368585,0.19829519954096875,0.12,0.18,0.0
SINGLE_SHIFT,0.3,18,18,8,0.16594713507817369,0.15770060365514726,0.2474296555401417,0.08,0.08,0.18
SINGLE_SHIFT,0.3,18,18,18,0.20009958469542863,0.18876226883435102,0.25615630729342964,0.22,0.06,0.1
SINGLE_SHIFT,0.3,18,8,18,0.2014340657749779,0.23554986961335259,0.35804413590364664,0.12,0.04,0.48
SINGLE_SHIFT,0.3,24,18,128,0.19632452326887265,0.15114511691883528,0.22948632883608486,0.16,0.16,0.1
SINGLE_SHIFT,0.3,24,18,18,0.18911382005386476,0.1624771337578241,0.17287284125754251,0.42,0.1,0.38
SINGLE_SHIFT,0.3,24,18,18,0.2346910518001431,0.19441298079729513,0.2010952193615766,0.14,0.12,0.14
SINGLE_SHIFT,0.3,24,8,18,0.18294215934181554,0.1865513904906933,0.18793938900229312,0.44,0.16,0.18
SINGLE_SHIFT,0.3,24,18,128,0.19131315525266074,0.1710798663865505,0.2502324613335135,0.12,0.04,0.0
SINGLE_SHIFT,0.3,24,18,8,0.17909033252016543,0.14113991643173135,0.24337772120324494,0.08,0.08,0.18
SINGLE_SHIFT,0.3,24,8,8,0.16632187956377417,0.18783046380558002,0.20891688656343846,0.04,0.1,0.1
SINGLE_SHIFT,0.3,24,18,18,0.16272874025809206,0.14275644504002305,0.2057399674135422,0.12,0.1,0.2
SINGLE_SHIFT,0.3,36,18,128,0.17073904543334562,0.14444524869728534,0.2666702127811762,0.6,0.5,0.04
SINGLE_SHIFT,0.3,36,18,18,0.1701264712991933,0.1404768920929601,0.17637872308681932,0.16,0.1,0.4
SINGLE_SHIFT,0.3,36,18,18,0.18140054516377488,0.16201986121537945,0.22869613495450214,0.08,0.02,0.14
SINGLE_SHIFT,0.3,36,18,18,0.21652147179568554,0.16329540367625892,0.22847304326836976,0.06,0.04,0.16
SINGLE_SHIFT,0.3,36,8,18,0.1543168622813159,0.1957195917304178,0.2607037752788923,0.32,0.0,0.0
SINGLE_SHIFT,0.3,36,18,18,0.17041031965514664,0.14716921642781622,0.2024169479219128,0.08,0.0,0.18
SINGLE_SHIFT,0.3,36,18,8,0.1960795790508341,0.16685892069256916,0.17700775003097424,0.1,0.1,0.1
SINGLE_SHIFT,0.3,36,18,8,0.1742819763643363,0.1452478478822184,0.22290899607595563,0.04,0.06,0.4
SINGLE_SHIFT,0.3,48,18,128,0.1639226719029232,0.14760134229229582,0.23536051578575223,0.36,0.16,0.1
SINGLE_SHIFT,0.3,48,18,18,0.1842415519672734,0.1622827684506851,0.17796686407449872,0.36,0.06,0.16
SINGLE_SHIFT,0.3,48,18,8,0.1686579707860966,0.15843052594175103,0.1628885298361262,0.14,0.14,0.14
SINGLE_SHIFT,0.3,48,18,8,0.17150860805428655,0.14878080381742642,0.2387670725874923,0.02,0.02,0.16
SINGLE_SHIFT,0.3,48,18,128,0.17256681233839588,0.13990621006235573,0.26682727960095143,0.28,0.2,0.0
SINGLE_SHIFT,0.3,48,18,8,0.17318058069480607,0.14988913544945104,0.15900598677814218,0.08,0.1,0.14
SINGLE_SHIFT,0.3,48,8,18,0.1646205897280085,0.18978933039702697,0.24649298735107666,0.34,0.0,0.1
SINGLE_SHIFT,0.3,48,18,128,0.19339381998526795,0.1713435905173156,0.1757389434563657,0.3,0.24,0.22
SINGLE_SHIFT,0.55,2,18,8,0.2002608800292309,0.19303485251202937,0.20953128729459747,0.1,0.12,0.14
SINGLE_SHIFT,0.55,2,8,8,0.16232553049257303,0.22772708606803646,0.289328294816873,0.1,0.5,0.64
SINGLE_SHIFT,0.55,2,8,8,0.18327212320009964,0.2457280708512559,0.2504609688707703,0.14,0.2,0.16
SINGLE_SHIFT,0.55,2,8,8,0.1901562576026792,0.25102991089949256,0.25784974161921903,0.12,0.48,0.48
SINGLE_SHIFT,0.55,2,8,8,0.17602430068706973,0.17872564878379663,0.2545509896310198,0.0,0.0,0.02
SINGLE_SHIFT,0.55,2,8,8,0.1845910993674651,0.1978342388002146,0.23284240615601912,0.2,0.48,0.6
SINGLE_SHIFT,0.55,2,18,8,0.18366972930032754,0.1823060324125558,0.20401452155729347,0.12,0.14,0.14
SINGLE_SHIFT,0.55,2,18,128,0.1975408792953486,0.15415192465944735,0.19772290403802675,0.68,0.68,0.66
SINGLE_SHIFT,0.55,4,18,8,0.25143128222041566,0.23383835567225572,0.3134954989362793,0.04,0.1,0.12
SINGLE_SHIFT,0.55,4,128,8,0.2467445571915931,0.21183483418426666,0.20746382286992232,0.6,0.64,0.6
SINGLE_SHIFT,0.55,4,8,8,0.18806570761823685,0.22783818558857838,0.2584697783497633,0.14,0.14,0.16
SINGLE_SHIFT,0.55,4,8,8,0.21391620319040852,0.23317044385273275,0.23716110970400858,0.26,0.48,0.5
SINGLE_SHIFT,0.55,4,128,8,0.2450986185765845,0.22611846957721202,0.22359961256727112,0.0,0.02,0.02
SINGLE_SHIFT,0.55,4,8,8,0.2754510967943617,0.2909526402402626,0.3212628628284143,0.06,0.32,0.5
SINGLE_SHIFT,0.55,4,18,8,0.21564046045551713,0.19754710483955334,0.27115885353265623,0.1,0.1,0.14
SINGLE_SHIFT,0.55,4,128,8,0.2732368523257703,0.2753036921807783,0.26355272428623044,0.56,0.66,0.66
SINGLE_SHIFT,0.55,6,18,18,0.20000175917765017,0.16607377118914943,0.18862667144714348,0.14,0.12,0.14
SINGLE_SHIFT,0.55,6,8,18,0.16451298564893632,0.18501873371045977,0.29336723636030165,0.14,0.1,0.56
SINGLE_SHIFT,0.55,6,8,8,0.1688024573194846,0.20932049782282483,0.21257163410261534,0.14,0.14,0.14
SINGLE_SHIFT,0.55,6,8,8,0.17182431670445517,0.174643672855035,0.17798146364184642,0.44,0.48,0.48
SINGLE_SHIFT,0.55,6,8,8,0.2035431883711193,0.24278843504420994,0.23858353481456018,0.0,0.02,0.02
SINGLE_SHIFT,0.55,6,8,8,0.16848385989115008,0.2710386586636009,0.29949815042343425,0.08,0.5,0.6
SINGLE_SHIFT,0.55,6,18,8,0.20646329269214808,0.17231045862956507,0.28063261959267427,0.06,0.1,0.12
SINGLE_SHIFT,0.55,6,18,18,0.18563146887186507,0.138415237787768,0.22570592132393233,0.48,0.32,0.66
SINGLE_SHIFT,0.55,8,8,18,0.16545039344526158,0.1722205572882191,0.28700670827102875,0.16,0.08,0.14
SINGLE_SHIFT,0.55,8,8,8,0.16560241624531935,0.17121300296293726,0.2211372796487263,0.36,0.52,0.64
SINGLE_SHIFT,0.55,8,8,8,0.16823306631082588,0.19530755061469324,0.22057558422317303,0.14,0.14,0.14
SINGLE_SHIFT,0.55,8,8,8,0.17551412124921797,0.2020161772574819,0.3847097914146476,0.04,0.04,0.5
SINGLE_SHIFT,0.55,8,8,18,0.20283160488026333,0.2145513086328199,0.3839150553564567,0.28,0.0,0.02
SINGLE_SHIFT,0.55,8,8,8,0.18575598195724735,0.21349119777683098,0.2729030716816382,0.12,0.44,0.62
SINGLE_SHIFT,0.55,8,18,18,0.18875634537348235,0.17651582052120662,0.36611261276764173,0.34,0.08,0.12
SINGLE_SHIFT,0.55,8,8,8,0.22502192692066064,0.3131384318292865,0.3834567244365114,0.12,0.28,0.6
SINGLE_SHIFT,0.55,12,8,18,0.1767507164145168,0.21521097754840238,0.29025403468427885,0.14,0.1,0.12
SINGLE_SHIFT,0.55,12,8,8,0.16468350860600672,0.20498805614388177,0.2503929956232243,0.1,0.58,0.64
SINGLE_SHIFT,0.55,12,8,8,0.18118361179190146,0.20315014794714242,0.2538413819873004,0.14,0.14,0.14
SINGLE_SHIFT,0.55,12,8,8,0.16496550601323448,0.17961378929624613,0.22064935387754783,0.14,0.28,0.48
SINGLE_SHIFT,0.55,12,8,8,0.16606462989887022,0.22047044482735215,0.282320718132886,0.0,0.0,0.02
SINGLE_SHIFT,0.55,12,18,8,0.17192112106279783,0.17185475844206527,0.3508928868042918,0.08,0.08,0.54
SINGLE_SHIFT,0.55,12,18,8,0.21216784689751692,0.1667308007762892,0.23137083487978455,0.1,0.1,0.14
SINGLE_SHIFT,0.55,12,8,8,0.17668398779339517,0.22358510466939902,0.26358857593694696,0.26,0.64,0.66
SINGLE_SHIFT,0.55,18,18,18,0.19789084733092419,0.15714028287958043,0.32343700263928615,0.16,0.08,0.14
SINGLE_SHIFT,0.55,18,18,18,0.19886606533203327,0.14499367174648842,0.28184688965613774,0.16,0.1,0.64
SINGLE_SHIFT,0.55,18,18,8,0.19176214512880377,0.15023057075597782,0.22523830943865583,0.14,0.14,0.14
SINGLE_SHIFT,0.55,18,18,8,0.1858901372178852,0.13376971500301313,0.32432999022209125,0.04,0.04,0.44
SINGLE_SHIFT,0.55,18,18,18,0.16614563606436092,0.13883384033706386,0.25214855220602855,0.06,0.0,0.0
SINGLE_SHIFT,0.55,18,18,18,0.21630402165004747,0.16468546167046857,0.20764077942008372,0.18,0.06,0.28
SINGLE_SHIFT,0.55,18,18,18,0.1927735348270636,0.1541180127595331,0.29381699045456733,0.04,0.0,0.12
SINGLE_SHIFT,0.55,18,18,8,0.26821258604660647,0.15164669983106505,0.37386071630856227,0.08,0.12,0.64
SINGLE_SHIFT,0.55,24,18,18,0.18837754486309052,0.14194262795554125,0.24291945121176148,0.1,0.08,0.14
SINGLE_SHIFT,0.55,24,18,8,0.18879353604343324,0.12908089001005424,0.3724397608683828,0.14,0.14,0.52
SINGLE_SHIFT,0.55,24,18,8,0.2173687368265425,0.16239460680287413,0.2905693178855722,0.02,0.08,0.14
SINGLE_SHIFT,0.55,24,18,8,0.20372053575659646,0.1732202781628322,0.2305096607661141,0.04,0.04,0.18
SINGLE_SHIFT,0.55,24,18,128,0.17165918366088323,0.14768900467224874,0.2958458208876091,0.18,0.04,0.02
SINGLE_SHIFT,0.55,24,18,8,0.20556796449146109,0.1476856693136336,0.2914066667053549,0.08,0.08,0.44
SINGLE_SHIFT,0.55,24,18,18,0.21633393530203654,0.1459583704040234,0.2950043547076161,0.06,0.02,0.14
SINGLE_SHIFT,0.55,24,18,18,0.18451677527986302,0.13842138489738157,0.2747379383788632,0.06,0.02,0.6
SINGLE_SHIFT,0.55,36,8,18,0.1591807899994341,0.19372096975417766,0.20369884542256256,0.14,0.1,0.1
SINGLE_SHIFT,0.55,36,18,8,0.18231310026588948,0.1323199005845094,0.3189242466359988,0.14,0.14,0.44
SINGLE_SHIFT,0.55,36,18,8,0.17889950302940838,0.1377656500097787,0.2417319297418216,0.08,0.14,0.14
SINGLE_SHIFT,0.55,36,18,8,0.20509555013213412,0.1365117803938787,0.3292294634203202,0.04,0.08,0.26
SINGLE_SHIFT,0.55,36,18,128,0.1560064124169358,0.15087148175350495,0.3229937454007792,0.34,0.08,0.02
SINGLE_SHIFT,0.55,36,18,8,0.21430073776607725,0.14892869794533437,0.33170249262311524,0.08,0.1,0.32
SINGLE_SHIFT,0.55,36,18,8,0.23354825239650845,0.18590678122523618,0.26580212774774464,0.02,0.02,0.1
SINGLE_SHIFT,0.55,36,18,18,0.19695546820158408,0.1452169734759048,0.22467221528953618,0.24,0.16,0.58
SINGLE_SHIFT,0.55,48,18,128,0.19514471431214053,0.14233142244962962,0.24985414422640195,0.12,0.32,0.1
SINGLE_SHIFT,0.55,48,18,18,0.1699847419397366,0.1582033706049543,0.2787834611688971,0.14,0.04,0.52
SINGLE_SHIFT,0.55,48,18,128,0.23472485208399152,0.15621861424520112,0.3081073564118313,0.22,0.3,0.14
SINGLE_SHIFT,0.55,48,8,18,0.17539009523642998,0.18834656693071083,0.33807881063521317,0.08,0.04,0.18
SINGLE_SHIFT,0.55,48,18,8,0.175789407931104,0.16063785715406914,0.18182016339853055,0.0,0.0,0.0
SINGLE_SHIFT,0.55,48,18,18,0.19588101483082646,0.14798019754396333,0.23754742228084555,0.08,0.06,0.38
SINGLE_SHIFT,0.55,48,18,128,0.15883230197962986,0.15397900973672796,0.3280744014555612,0.5,0.22,0.1
SINGLE_SHIFT,0.55,48,18,8,0.18884293477124156,0.13897661295763747,0.25784561847075177,0.08,0.12,0.4
SINGLE_SHIFT,0.8,2,8,8,0.16728790939420482,0.18887770130246379,0.19214668823374,0.14,0.14,0.14
SINGLE_SHIFT,0.8,2,8,8,0.18056486112590772,0.3499678939824687,0.3874565356932506,0.14,0.64,0.68
SINGLE_SHIFT,0.8,2,8,8,0.18499229249559498,0.1974127361281622,0.1976736744400622,0.16,0.2,0.2
SINGLE_SHIFT,0.8,2,18,8,0.1782968650861498,0.15963468063111383,0.159733742896644,0.54,0.54,0.54
SINGLE_SHIFT,0.8,2,8,8,0.1659717815136328,0.18436799527696623,0.2826979096826472,0.0,0.02,0.04
SINGLE_SHIFT,0.8,2,8,8,0.18785764363152632,0.19757505275274656,0.20015379135111364,0.64,0.64,0.64
SINGLE_SHIFT,0.8,2,18,8,0.22627132332822,0.21132536613986141,0.2865745009886819,0.12,0.14,0.14
SINGLE_SHIFT,0.8,2,8,18,0.16602567242307453,0.1790202394272366,0.19780121881045354,0.7,0.68,0.68
SINGLE_SHIFT,0.8,4,8,8,0.18739818635428518,0.24021418826369448,0.28044682281750094,0.1,0.14,0.14
SINGLE_SHIFT,0.8,4,18,18,0.19217424718359202,0.14751898780432407,0.1840004309231791,0.68,0.64,0.68
SINGLE_SHIFT,0.8,4,8,8,0.25956301933247544,0.3082006531088097,0.29425089220219597,0.14,0.2,0.2
SINGLE_SHIFT,0.8,4,8,8,0.1848436462551495,0.21947811108152956,0.3075339431104258,0.14,0.44,0.54
SINGLE_SHIFT,0.8,4,18,8,0.23402232884382015,0.20846163111594987,0.31025629627695145,0.0,0.0,0.02
SINGLE_SHIFT,0.8,4,18,8,0.21275954982001055,0.1866067836991022,0.2756175690992647,0.44,0.52,0.64
SINGLE_SHIFT,0.8,4,8,8,0.16841459550661506,0.20782909613999154,0.30928224716458785,0.06,0.12,0.14
SINGLE_SHIFT,0.8,4,8,8,0.17127411831260994,0.23378386437604154,0.34465649337415194,0.04,0.6,0.68
SINGLE_SHIFT,0.8,6,8,8,0.1651544659437794,0.16825739180131782,0.25901301901619567,0.08,0.1,0.14
SINGLE_SHIFT,0.8,6,8,8,0.1695400076219853,0.28359713309186946,0.4054942137048348,0.14,0.52,0.64
SINGLE_SHIFT,0.8,6,8,8,0.21295780112736096,0.24165480223451177,0.40201938584768515,0.06,0.14,0.2
SINGLE_SHIFT,0.8,6,8,8,0.16051851722757216,0.22636635491923132,0.3359213163283868,0.02,0.28,0.54
SINGLE_SHIFT,0.8,6,18,8,0.17436442452896267,0.16342692244771045,0.24973593624819265,0.0,0.02,0.02
SINGLE_SHIFT,0.8,6,8,8,0.22280807870947875,0.2869934271706805,0.3093801992488576,0.18,0.6,0.64
SINGLE_SHIFT,0.8,6,8,8,0.22840636752828408,0.3006973539256625,0.36085461636280247,0.1,0.14,0.14
SINGLE_SHIFT,0.8,6,8,8,0.1748099859779386,0.20922924318151392,0.28923388815021533,0.32,0.66,0.68
SINGLE_SHIFT,0.8,8,8,18,0.1553028159571259,0.28750817479824,0.3751352710059856,0.34,0.14,0.14
SINGLE_SHIFT,0.8,8,8,8,0.14638588249530052,0.2472918655528373,0.4130826312173902,0.14,0.36,0.64
SINGLE_SHIFT,0.8,8,8,18,0.15933857838429522,0.35705547218538475,0.4544393866952305,0.42,0.14,0.2
SINGLE_SHIFT,0.8,8,8,8,0.17493722272049236,0.25259750072105686,0.35370324184371343,0.04,0.24,0.52
SINGLE_SHIFT,0.8,8,8,18,0.15111437798524568,0.22769518862413868,0.3499803027897321,0.32,0.0,0.02
SINGLE_SHIFT,0.8,8,8,8,0.17096166786062578,0.21543345297996208,0.31667339471853434,0.18,0.6,0.66
SINGLE_SHIFT,0.8,8,18,8,0.1722072065285397,0.1701798531441536,0.24987696619496133,0.1,0.12,0.14
SINGLE_SHIFT,0.8,8,8,8,0.15875296513863307,0.27811807541321476,0.4487039466828361,0.14,0.22,0.66
SINGLE_SHIFT,0.8,12,18,8,0.17871825011401826,0.16604779025018723,0.309462387444132,0.06,0.1,0.14
SINGLE_SHIFT,0.8,12,8,8,0.18099643187793396,0.2039768327826413,0.34914950545652884,0.02,0.42,0.64
SINGLE_SHIFT,0.8,12,8,8,0.18939227682122686,0.23277307311125583,0.39850117923207934,0.08,0.14,0.2
SINGLE_SHIFT,0.8,12,18,8,0.22880635266410926,0.195262702037414,0.2777896643115964,0.26,0.44,0.54
SINGLE_SHIFT,0.8,12,8,18,0.1873952219236466,0.20629010088378447,0.3579932966820668,0.08,0.0,0.02
SINGLE_SHIFT,0.8,12,8,18,0.18161119472139145,0.18518150021516158,0.40325516370698034,0.08,0.04,0.64
SINGLE_SHIFT,0.8,12,8,18,0.16743071704351092,0.18866376655058645,0.4227607919787935,0.34,0.02,0.14
SINGLE_SHIFT,0.8,12,8,18,0.1833139425155819,0.1835981939148499,0.42150302546694207,0.12,0.08,0.66
SINGLE_SHIFT,0.8,18,18,18,0.21475499659980654,0.15270232067902204,0.3102228732178762,0.04,0.0,0.14
SINGLE_SHIFT,0.8,18,18,18,0.21146349737173725,0.1501557304149447,0.2854884693444894,0.3,0.04,0.64
SINGLE_SHIFT,0.8,18,18,18,0.20545937094498914,0.16019413750637063,0.3861116959628287,0.18,0.0,0.18
SINGLE_SHIFT,0.8,18,18,18,0.1922858529876049,0.1374782832608988,0.2806172386913323,0.16,0.12,0.52
SINGLE_SHIFT,0.8,18,18,128,0.19972071502577676,0.12897304682046964,0.35903228264420844,0.04,0.06,0.02
SINGLE_SHIFT,0.8,18,18,8,0.20101142309478962,0.13030899129238632,0.3867481328998682,0.08,0.08,0.64
SINGLE_SHIFT,0.8,18,18,18,0.1767277674814304,0.13984142480502867,0.3982945810870422,0.34,0.08,0.14
SINGLE_SHIFT,0.8,18,18,18,0.2311172863054935,0.15677274578399691,0.3239713438923221,0.46,0.24,0.68
SINGLE_SHIFT,0.8,24,18,8,0.1771763321486367,0.13740472393295497,0.30195104956030844,0.04,0.08,0.14
SINGLE_SHIFT,0.8,24,18,18,0.18397234497890716,0.14319575464341597,0.3312373972345978,0.14,0.04,0.64
SINGLE_SHIFT,0.8,24,18,18,0.2307435738500466,0.15416574196489957,0.2998837406854134,0.14,0.02,0.2
SINGLE_SHIFT,0.8,24,18,18,0.1946809827356766,0.1301659291514507,0.3284945739126938,0.04,0.02,0.52
SINGLE_SHIFT,0.8,24,18,8,0.2126414343870592,0.1535873217107393,0.324508249229125,0.0,0.0,0.02
SINGLE_SHIFT,0.8,24,18,18,0.22107673639705852,0.15328280820293158,0.3040991337610446,0.16,0.08,0.62
SINGLE_SHIFT,0.8,24,18,18,0.26525959807772875,0.1921885829512103,0.2983279596343194,0.1,0.06,0.14
SINGLE_SHIFT,0.8,24,18,8,0.1940111866577826,0.12947445186657958,0.3453105293616868,0.04,0.04,0.68
SINGLE_SHIFT,0.8,36,18,128,0.17717742085518648,0.15288402837780402,0.37636602087773785,0.52,0.22,0.14
SINGLE_SHIFT,0.8,36,18,8,0.19537780728759876,0.16676957742201487,0.2694489577513946,0.36,0.4,0.64
SINGLE_SHIFT,0.8,36,18,18,0.19963963994348957,0.13805580080897636,0.32395176924690006,0.02,0.0,0.16
SINGLE_SHIFT,0.8,36,18,8,0.2153692887323417,0.14524166061547145,0.3308596131685429,0.02,0.04,0.5
SINGLE_SHIFT,0.8,36,18,8,0.17419115515390654,0.1513800117999958,0.25000426543369836,0.0,0.0,0.02
SINGLE_SHIFT,0.8,36,18,8,0.18777447237528594,0.1348148083702838,0.3792559740118938,0.08,0.08,0.6
SINGLE_SHIFT,0.8,36,18,128,0.1643698884581765,0.14162512420228063,0.39853932893090765,0.54,0.34,0.12
SINGLE_SHIFT,0.8,36,18,18,0.19737710413798412,0.13493622399847605,0.3006489740936899,0.16,0.1,0.66
SINGLE_SHIFT,0.8,48,18,18,0.1899674777431284,0.13217345306796632,0.31394439119495,0.14,0.12,0.14
SINGLE_SHIFT,0.8,48,18,8,0.18137687101857328,0.13227778695261394,0.3536006441129365,0.14,0.14,0.62
SINGLE_SHIFT,0.8,48,18,18,0.21705143673175242,0.15400161379975308,0.2644351842061084,0.14,0.04,0.14
SINGLE_SHIFT,0.8,48,18,18,0.16124372980836463,0.15277150445441245,0.364872302391804,0.08,0.04,0.46
SINGLE_SHIFT,0.8,48,18,128,0.20383715532947733,0.15972967460354764,0.37616723110848677,0.2,0.08,0.02
SINGLE_SHIFT,0.8,48,18,8,0.18606075848335502,0.13687102531733134,0.3264851453460877,0.08,0.08,0.5
SINGLE_SHIFT,0.8,48,18,8,0.205604903411069,0.14427562247745326,0.3188388463720978,0.1,0.16,0.12
SINGLE_SHIFT,0.8,48,18,18,0.23215215786407215,0.17124547538233115,0.21276858461722553,0.6,0.12,0.62
LOCAL_PULSE_REVERT,0.3,18,18,8,0.2162646109858715,0.19929934017260728,0.20227103278548142,0.0,0.08,0.0
LOCAL_PULSE_REVERT,0.3,18,18,128,0.17453049445504223,0.15677926889067492,0.18278901063873398,0.14,0.14,0.0
LOCAL_PULSE_REVERT,0.3,18,18,18,0.1769192080108498,0.17187008134633042,0.1865215234120966,0.18,0.02,0.12
LOCAL_PULSE_REVERT,0.3,18,18,8,0.19679775233659874,0.15715416400469376,0.19785326789345578,0.02,0.04,0.02
LOCAL_PULSE_REVERT,0.3,18,18,18,0.17970698576248892,0.17357018955872777,0.17365640134969626,0.2,0.1,0.1
LOCAL_PULSE_REVERT,0.3,18,128,18,0.2499841588361464,0.24703462442726032,0.24599651371328318,0.08,0.02,0.06
LOCAL_PULSE_REVERT,0.3,18,8,128,0.15736505677764517,0.1743971854898062,0.23570989540850323,0.4,0.12,0.04
LOCAL_PULSE_REVERT,0.3,18,8,18,0.1632701296748064,0.17741816881733957,0.1818023202536138,0.24,0.12,0.12
LOCAL_PULSE_REVERT,0.3,18,18,128,0.17655107006927023,0.17406014808453543,0.2271213130360627,0.1,0.1,0.04
LOCAL_PULSE_REVERT,0.3,18,18,128,0.18314300692329052,0.1488616347369196,0.16459696042997682,0.1,0.24,0.04
LOCAL_PULSE_REVERT,0.3,18,18,8,0.2014372505977201,0.15900052494052871,0.21082912298763984,0.14,0.14,0.14
LOCAL_PULSE_REVERT,0.3,18,8,8,0.18194852902000985,0.187259373796216,0.18859733554558178,0.02,0.02,0.02
LOCAL_PULSE_REVERT,0.3,18,18,128,0.19099330884707244,0.1768796939809258,0.309035267232588,0.76,0.58,0.0
LOCAL_PULSE_REVERT,0.3,18,18,128,0.19695496453877465,0.16919950243620555,0.19113354970975474,0.16,0.14,0.06
LOCAL_PULSE_REVERT,0.3,18,18,128,0.16828345148719046,0.1562890232749709,0.19843926899401237,0.26,0.12,0.0
LOCAL_PULSE_REVERT,0.3,18,18,18,0.18777520269807,0.16345037711725202,0.17420511637899241,0.08,0.06,0.06
LOCAL_PULSE_REVERT,0.3,18,18,8,0.1714834383218673,0.14927029501160036,0.1840240234794809,0.02,0.04,0.14
LOCAL_PULSE_REVERT,0.3,18,18,128,0.22392270252228696,0.1555457648825313,0.24662405763406742,0.14,0.14,0.02
LOCAL_PULSE_REVERT,0.3,18,18,128,0.17276388205466756,0.13933298189797466,0.21355675039967506,0.26,0.22,0.12
LOCAL_PULSE_REVERT,0.3,18,18,18,0.18650306372351746,0.15589014280663643,0.19296922811800818,0.04,0.02,0.14
LOCAL_PULSE_REVERT,0.3,18,128,8,0.1809916483350985,0.16436565590198085,0.16378546411274902,0.0,0.0,0.0
LOCAL_PULSE_REVERT,0.3,18,18,128,0.17434306388950477,0.15843025064295854,0.21387769349111332,0.2,0.18,0.0
LOCAL_PULSE_REVERT,0.3,18,18,128,0.17515830381100567,0.14202539375199327,0.17941569308214242,0.06,0.1,0.02
LOCAL_PULSE_REVERT,0.3,18,18,8,0.18254302131466893,0.1802911124854158,0.23690839245569428,0.12,0.12,0.16
LOCAL_PULSE_REVERT,0.55,18,18,128,0.1841845734547347,0.1606836464226242,0.2038226408417029,0.08,0.08,0.04
LOCAL_PULSE_REVERT,0.55,18,18,128,0.16893499410600837,0.13980361698931298,0.186348949458809,0.14,0.14,0.0
LOCAL_PULSE_REVERT,0.55,18,18,128,0.17957003997867416,0.17369084920093514,0.18627750254568362,0.14,0.18,0.08
LOCAL_PULSE_REVERT,0.55,18,18,18,0.16230884163528148,0.14997029631035805,0.15911331561216108,0.14,0.04,0.04
LOCAL_PULSE_REVERT,0.55,18,8,18,0.16702756639476896,0.1703500812441664,0.1736711061391526,0.04,0.0,0.0
LOCAL_PULSE_REVERT,0.55,18,8,18,0.17871551794598367,0.24398683233065582,0.24710002422757837,0.08,0.06,0.06
LOCAL_PULSE_REVERT,0.55,18,18,8,0.18461587102429805,0.15432106081501132,0.173289969107156,0.1,0.1,0.1
LOCAL_PULSE_REVERT,0.55,18,8,128,0.1650356872402555,0.17493360888447165,0.2075722097396289,0.58,0.24,0.12
LOCAL_PULSE_REVERT,0.55,18,8,8,0.20368237948216758,0.23481365152186917,0.24105927679861683,0.1,0.14,0.12
LOCAL_PULSE_REVERT,0.55,18,18,8,0.18632292045097892,0.18480103863983582,0.25008695034685086,0.14,0.14,0.14
LOCAL_PULSE_REVERT,0.55,18,8,18,0.17573563363299505,0.19517652557638138,0.23162019033570938,0.38,0.0,0.14
LOCAL_PULSE_REVERT,0.55,18,8,128,0.16159273864135895,0.16390359113318842,0.2322727469912793,0.08,0.04,0.0
LOCAL_PULSE_REVERT,0.55,18,18,8,0.1992028548783984,0.1573458068481934,0.17658376317339225,0.0,0.2,0.0
LOCAL_PULSE_REVERT,0.55,18,18,128,0.18138492463707961,0.1738413346077551,0.2098825498503031,0.2,0.16,0.06
LOCAL_PULSE_REVERT,0.55,18,18,128,0.16657895138563755,0.1567828640951931,0.1937000746191772,0.1,0.1,0.04
LOCAL_PULSE_REVERT,0.55,18,18,128,0.22167542004821927,0.2092109988128547,0.21892222301272501,0.4,0.16,0.1
LOCAL_PULSE_REVERT,0.55,18,8,18,0.1956874237672014,0.226503329417062,0.2380975993410182,0.1,0.04,0.06
LOCAL_PULSE_REVERT,0.55,18,18,8,0.18009005186686164,0.16549584450415936,0.22656068557419465,0.14,0.14,0.18
LOCAL_PULSE_REVERT,0.55,18,18,128,0.18411020770367872,0.1495962096486317,0.1596540415073412,0.08,0.18,0.02
LOCAL_PULSE_REVERT,0.55,18,18,8,0.17525608939879592,0.1627595940812651,0.17240394948619728,0.02,0.04,0.02
LOCAL_PULSE_REVERT,0.55,18,128,8,0.17566792586191154,0.1570277532495621,0.15599955687419037,0.0,0.0,0.0
LOCAL_PULSE_REVERT,0.55,18,8,18,0.16450899168991376,0.19740312052482498,0.20052955202639633,0.3,0.04,0.06
LOCAL_PULSE_REVERT,0.55,18,18,128,0.15859609959799023,0.15503251747932173,0.2270522082895131,0.4,0.22,0.02
LOCAL_PULSE_REVERT,0.55,18,18,18,0.17244145717819337,0.15839543244278137,0.16627986277424608,0.24,0.02,0.12
LOCAL_PULSE_REVERT,0.8,18,18,128,0.19741295513041798,0.14935063875979956,0.20158450874325715,0.1,0.1,0.0
LOCAL_PULSE_REVERT,0.8,18,8,8,0.20006599069059383,0.20028806997649382,0.2111191560005885,0.1,0.14,0.14
LOCAL_PULSE_REVERT,0.8,18,18,8,0.17520833136417607,0.1448483933081696,0.16310717802615513,0.02,0.12,0.04
LOCAL_PULSE_REVERT,0.8,18,18,128,0.18160364822727282,0.1758941074406178,0.18416573781600354,0.02,0.02,0.0
LOCAL_PULSE_REVERT,0.8,18,18,8,0.179011680669194,0.1535507171253208,0.2179819914370573,0.0,0.0,0.04
LOCAL_PULSE_REVERT,0.8,18,8,18,0.16536997250138102,0.2198760439416193,0.2261634567555593,0.44,0.06,0.06
LOCAL_PULSE_REVERT,0.8,18,8,18,0.17372007489805413,0.18105717108515942,0.19136769837104206,0.1,0.0,0.1
LOCAL_PULSE_REVERT,0.8,18,18,128,0.1908933122922864,0.16991799005079433,0.17219836351157936,0.04,0.06,0.02
LOCAL_PULSE_REVERT,0.8,18,8,128,0.17280039470798328,0.17866005568711232,0.18571304218021625,0.32,0.08,0.04
LOCAL_PULSE_REVERT,0.8,18,18,18,0.19268769863637736,0.16490439886349448,0.1728428686663221,0.1,0.06,0.1
LOCAL_PULSE_REVERT,0.8,18,18,8,0.1690991749346456,0.14760711945499674,0.1773263393920342,0.0,0.08,0.14
LOCAL_PULSE_REVERT,0.8,18,8,128,0.16218091168841126,0.17261060395958047,0.20677356756313942,0.04,0.04,0.02
LOCAL_PULSE_REVERT,0.8,18,8,8,0.16324390899349187,0.16387002819670282,0.1653587359274959,0.0,0.0,0.0
LOCAL_PULSE_REVERT,0.8,18,18,128,0.18871223146532373,0.15710782612396773,0.17028428413225088,0.08,0.08,0.02
LOCAL_PULSE_REVERT,0.8,18,8,18,0.16330797922179083,0.17438338989707658,0.22039327657215155,0.34,0.06,0.1
LOCAL_PULSE_REVERT,0.8,18,18,128,0.1698915532145884,0.15696793906802617,0.1730447978189717,0.44,0.32,0.22
LOCAL_PULSE_REVERT,0.8,18,18,18,0.18693799806243663,0.1845724727962809,0.1866165032210764,0.1,0.0,0.04
LOCAL_PULSE_REVERT,0.8,18,18,18,0.18512748206864485,0.17949543109605948,0.19337237346382502,0.14,0.1,0.1
LOCAL_PULSE_REVERT,0.8,18,18,18,0.19172036586452496,0.16743562604110665,0.20534962213763489,0.06,0.0,0.14
LOCAL_PULSE_REVERT,0.8,18,8,18,0.17618925045519546,0.19606917458261824,0.1982511795856252,0.14,0.02,0.02
LOCAL_PULSE_REVERT,0.8,18,18,18,0.18408422361889623,0.18272830436217338,0.19348849910239208,0.08,0.0,0.0
LOCAL_PULSE_REVERT,0.8,18,8,128,0.16004225647552578,0.16541923856760832,0.20388807260562541,0.32,0.16,0.06
LOCAL_PULSE_REVERT,0.8,18,18,128,0.19541765211696246,0.17236992996273867,0.1728569416464558,0.02,0.04,0.0
LOCAL_PULSE_REVERT,0.8,18,8,128,0.1917196756306828,0.2028388871207425,0.24235193287931067,0.12,0.12,0.04
