seed,condition,dt,mean_response,mean_credit
26400,NO_REPLENISH,1,0.013305439959322271,0.2800000000000001
26400,NO_REPLENISH,2,0.013354264695798139,0.2800000000000001
26400,NO_REPLENISH,3,0.013241298684474165,0.2800000000000001
26400,NO_REPLENISH,4,0.013235449507096592,0.2800000000000001
26400,NO_REPLENISH,5,0.013275449729701938,0.2800000000000001
26400,NO_REPLENISH,6,0.013196671173842064,0.2800000000000001
26400,NO_REPLENISH,7,0.013206122900313038,0.2800000000000001
26400,NO_REPLENISH,8,0.01318897211006932,0.2800000000000001
26400,NO_REPLENISH,9,0.013276164441686009,0.2800000000000001
26400,NO_REPLENISH,10,0.01321462734118077,0.2800000000000001
26400,NO_REPLENISH,11,0.013267943877603114,0.2800000000000001
26400,NO_REPLENISH,12,0.013292218551863974,0.2800000000000001
26400,NO_REPLENISH,13,0.01323657984951381,0.2800000000000001
26400,NO_REPLENISH,14,0.01337552365115365,0.2800000000000001
26400,NO_REPLENISH,15,0.013256756786380169,0.2800000000000001
26400,NO_REPLENISH,16,0.0132754236424794,0.2800000000000001
26400,NO_REPLENISH,17,0.013235949491304919,0.2800000000000001
26400,NO_REPLENISH,18,0.013315591227563059,0.2800000000000001
26400,NO_REPLENISH,19,0.01337338147527467,0.2800000000000001
26400,NO_REPLENISH,20,0.013157470837465731,0.2800000000000001
26400,NO_REPLENISH,21,0.013206091432421338,0.2800000000000001
26400,NO_REPLENISH,22,0.013282117375742192,0.2800000000000001
26400,NO_REPLENISH,23,0.01326962031750059,0.2800000000000001
26400,NO_REPLENISH,24,0.013280444982978238,0.2800000000000001
26400,NO_REPLENISH,25,0.013192028353895166,0.2800000000000001
26400,NO_REPLENISH,26,0.013265476747549137,0.2800000000000001
26400,NO_REPLENISH,27,0.013140057445428488,0.2800000000000001
26400,NO_REPLENISH,28,0.013270436884625722,0.2800000000000001
26400,NO_REPLENISH,29,0.013296841769353043,0.2800000000000001
26400,NO_REPLENISH,30,0.013235949140634149,0.2800000000000001
26400,NO_REPLENISH,31,0.013382772403530724,0.2800000000000001
26400,NO_REPLENISH,32,0.013218082651162597,0.2800000000000001
26400,NO_REPLENISH,33,0.01319371759899049,0.2800000000000001
26400,NO_REPLENISH,34,0.013283516109016007,0.2800000000000001
26400,NO_REPLENISH,35,0.013230689216911196,0.2800000000000001
26400,NO_REPLENISH,36,0.013363254114003595,0.2800000000000001
26400,NO_REPLENISH,37,0.013238112380535126,0.2800000000000001
26400,NO_REPLENISH,38,0.013257076037207433,0.2800000000000001
26400,NO_REPLENISH,39,0.013350963553495555,0.2800000000000001
26400,NO_REPLENISH,40,0.013279992428379253,0.2800000000000001
26400,NO_REPLENISH,41,0.013283894188726199,0.2800000000000001
26400,NO_REPLENISH,42,0.013272174516833624,0.2800000000000001
26400,NO_REPLENISH,43,0.013218079568197892,0.2800000000000001
26400,NO_REPLENISH,44,0.013217991521596459,0.2800000000000001
26400,NO_REPLENISH,45,0.01320128677563827,0.2800000000000001
26400,NO_REPLENISH,46,0.013294484092003506,0.2800000000000001
26400,NO_REPLENISH,47,0.013297687979731465,0.2800000000000001
26400,NO_REPLENISH,48,0.013208244060558039,0.2800000000000001
26400,NO_REPLENISH,49,0.013316182513539202,0.2800000000000001
26400,NO_REPLENISH,50,0.013208597462266611,0.2800000000000001
26400,NO_REPLENISH,51,0.013181286170367087,0.2800000000000001
26400,NO_REPLENISH,52,0.0132474230159485,0.2800000000000001
26400,NO_REPLENISH,53,0.013180034423988024,0.2800000000000001
26400,NO_REPLENISH,54,0.013318183878536047,0.2800000000000001
26400,NO_REPLENISH,55,0.013300144078593347,0.2800000000000001
26400,NO_REPLENISH,56,0.013192994311304834,0.2800000000000001
26400,NO_REPLENISH,57,0.013184507044793847,0.2800000000000001
26400,NO_REPLENISH,58,0.013156790553969627,0.2800000000000001
26400,NO_REPLENISH,59,0.013223572001303087,0.2800000000000001
26400,NO_REPLENISH,60,0.013257623236420248,0.2800000000000001
26400,NO_REPLENISH,61,0.013271830906673629,0.2800000000000001
26400,NO_REPLENISH,62,0.013174247502171388,0.2800000000000001
26400,NO_REPLENISH,63,0.013217495210732774,0.2800000000000001
26400,NO_REPLENISH,64,0.013238748387030527,0.2800000000000001
26400,NO_REPLENISH,65,0.013360980463934968,0.2800000000000001
26400,NO_REPLENISH,66,0.013334083168023278,0.2800000000000001
26400,NO_REPLENISH,67,0.013294173377697454,0.2800000000000001
26400,NO_REPLENISH,68,0.013293831484163993,0.2800000000000001
26400,NO_REPLENISH,69,0.013226306692255494,0.2800000000000001
26400,NO_REPLENISH,70,0.013196068686655673,0.2800000000000001
26400,NO_REPLENISH,71,0.013163889484566904,0.2800000000000001
26400,NO_REPLENISH,72,0.013152479897125854,0.2800000000000001
26400,NO_REPLENISH,73,0.013226391762285567,0.2800000000000001
26400,NO_REPLENISH,74,0.013286932292490774,0.2800000000000001
26400,NO_REPLENISH,75,0.013287808423223336,0.2800000000000001
26400,NO_REPLENISH,76,0.013218091622680011,0.2800000000000001
26400,NO_REPLENISH,77,0.013130560110732882,0.2800000000000001
26400,NO_REPLENISH,78,0.01332129914897553,0.2800000000000001
26400,NO_REPLENISH,79,0.013319154062162242,0.2800000000000001
26400,NO_REPLENISH,80,0.013244667437044886,0.2800000000000001
26400,NO_REPLENISH,81,0.01326578202687536,0.2800000000000001
26400,NO_REPLENISH,82,0.013398162935810115,0.2800000000000001
26400,NO_REPLENISH,83,0.013277358318634363,0.2800000000000001
26400,NO_REPLENISH,84,0.013293568233696595,0.2800000000000001
26400,NO_REPLENISH,85,0.013161594458504615,0.2800000000000001
26400,NO_REPLENISH,86,0.013166813375307137,0.2800000000000001
26400,NO_REPLENISH,87,0.01323551440727573,0.2800000000000001
26400,NO_REPLENISH,88,0.013337416608931422,0.2800000000000001
26400,NO_REPLENISH,89,0.013333734843182303,0.2800000000000001
26400,NO_REPLENISH,90,0.013207439265881605,0.2800000000000001
26400,NO_REPLENISH,91,0.01326920713342223,0.2800000000000001
26400,NO_REPLENISH,92,0.013358267848590394,0.2800000000000001
26400,NO_REPLENISH,93,0.013314874523670328,0.2800000000000001
26400,NO_REPLENISH,94,0.013211298756606878,0.2800000000000001
26400,NO_REPLENISH,95,0.013348088911905176,0.2800000000000001
26400,NO_REPLENISH,96,0.013197274293725164,0.2800000000000001
26400,NO_REPLENISH,97,0.013185883482054114,0.2800000000000001
26400,NO_REPLENISH,98,0.01336425669339085,0.2800000000000001
26400,NO_REPLENISH,99,0.013210846701787904,0.2800000000000001
26400,NO_REPLENISH,100,0.013186403664917362,0.2800000000000001
26400,SMOOTH_TIME,1,0.01656282831218801,0.3485170590141093
26400,SMOOTH_TIME,2,0.0195763929039478,0.410513857783853
26400,SMOOTH_TIME,3,0.0220560608017011,0.4666108811091633
26400,SMOOTH_TIME,4,0.02443469254685453,0.5173695668543398
26400,SMOOTH_TIME,5,0.026671883269228286,0.5632979250069038
26400,SMOOTH_TIME,6,0.028457593661133502,0.604855622012301
26400,SMOOTH_TIME,7,0.030234390623639845,0.6424585812701852
26400,SMOOTH_TIME,8,0.031780410797500054,0.6764831458356005
26400,SMOOTH_TIME,9,0.03342939597172926,0.7072698449867687
26400,SMOOTH_TIME,10,0.03457358732519488,0.7351268023565617
26400,SMOOTH_TIME,11,0.03588790705523879,0.7603328197373828
26400,SMOOTH_TIME,12,0.03701891364997172,0.7831401674232145
26400,SMOOTH_TIME,13,0.037824844086059954,0.8037771090155114
26400,SMOOTH_TIME,14,0.0390904385995908,0.8224501859620433
26400,SMOOTH_TIME,15,0.03953477100195003,0.8393462846931304
26400,SMOOTH_TIME,16,0.040300465343695205,0.8546345070438478
26400,SMOOTH_TIME,17,0.04082292055847931,0.8684678626820314
26400,SMOOTH_TIME,18,0.0416461235510286,0.8809848004804577
26400,SMOOTH_TIME,19,0.0423537031445974,0.8923105941597028
26400,SMOOTH_TIME,20,0.04215216083399769,0.9025585960696388
26400,SMOOTH_TIME,21,0.042732747669124736,0.9118313716578529
26400,SMOOTH_TIME,22,0.043364748824960275,0.9202217259791197
26400,SMOOTH_TIME,23,0.043674368614518205,0.9278136325195815
26400,SMOOTH_TIME,24,0.044027380206739686,0.9346830736316231
26400,SMOOTH_TIME,25,0.044025336891640156,0.9408988009907927
26400,SMOOTH_TIME,26,0.044526082150901786,0.94652302368568
26400,SMOOTH_TIME,27,0.04434546437799224,0.9516120308273804
26400,SMOOTH_TIME,28,0.04498922910544021,0.9562167549098427
26400,SMOOTH_TIME,29,0.04527177411444414,0.960383281559387
26400,SMOOTH_TIME,30,0.04523887383625202,0.9641533107751381
26400,SMOOTH_TIME,31,0.04589071505953138,0.9675645742766382
26400,SMOOTH_TIME,32,0.04548008461846176,0.9706512131355765
26400,SMOOTH_TIME,33,0.04552556225635185,0.9734441194711073
26400,SMOOTH_TIME,34,0.045946942785104604,0.9759712456285653
26400,SMOOTH_TIME,35,0.045872819015497356,0.9782578839359305
26400,SMOOTH_TIME,36,0.04641885376381347,0.9803269198379495
26400,SMOOTH_TIME,37,0.04607835929128457,0.9821990609413559
26400,SMOOTH_TIME,38,0.04622067533219911,0.9838930442635606
26400,SMOOTH_TIME,39,0.04661324295142578,0.9854258237590211
26400,SMOOTH_TIME,40,0.04643363541078347,0.9868127400001113
26400,SMOOTH_TIME,41,0.04650700704773005,0.988067673710732
26400,SMOOTH_TIME,42,0.046517485370237664,0.9892031846892558
26400,SMOOTH_TIME,43,0.0463799505183339,0.9902306375112157
26400,SMOOTH_TIME,44,0.04642246101022973,0.9911603152697909
26400,SMOOTH_TIME,45,0.04640294208267388,0.9920015224924655
26400,SMOOTH_TIME,46,0.04676083986072558,0.9927626782638638
26400,SMOOTH_TIME,47,0.04680168426748451,0.9934514004867788
26400,SMOOTH_TIME,48,0.046522220713783674,0.9940745821247053
26400,SMOOTH_TIME,49,0.04692084233600546,0.9946384601889343
26400,SMOOTH_TIME,50,0.046571708434543224,0.9951486781606586
26400,SMOOTH_TIME,51,0.04649806524054927,0.9956103424728285
26400,SMOOTH_TIME,52,0.0467459242569429,0.9960280736170524
26400,SMOOTH_TIME,53,0.04653177644334669,0.9964060523870247
26400,SMOOTH_TIME,54,0.047023875546852466,0.9967480617213192
26400,SMOOTH_TIME,55,0.046976898200281586,0.997057524564306
26400,SMOOTH_TIME,56,0.04661930073279843,0.997337538124132
26400,SMOOTH_TIME,57,0.04660123933838032,0.9975909048706205
26400,SMOOTH_TIME,58,0.04651579039514906,0.9978201605833292
26400,SMOOTH_TIME,59,0.04675694396203325,0.9980275997304866
26400,SMOOTH_TIME,60,0.04688270123073438,0.9982152984328002
26400,SMOOTH_TIME,61,0.04693978162601673,0.99838513524197
26400,SMOOTH_TIME,62,0.046608839172469,0.998538809941867
26400,SMOOTH_TIME,63,0.04676637892942843,0.9986778605605392
26400,SMOOTH_TIME,64,0.04684433102976789,0.9988036787633147
26400,SMOOTH_TIME,65,0.047273570088007054,0.9989175237810562
26400,SMOOTH_TIME,66,0.047186009431108726,0.9990205350129654
26400,SMOOTH_TIME,67,0.04705193738365656,0.9991137434300749
26400,SMOOTH_TIME,68,0.047055010799498344,0.9991980818935514
26400,SMOOTH_TIME,69,0.046823398608772306,0.999274394491085
26400,SMOOTH_TIME,70,0.04672187756575691,0.9993434449848008
26400,SMOOTH_TIME,71,0.04661374062968026,0.9994059244552483
26400,SMOOTH_TIME,72,0.04657669723287732,0.9994624582179691
26400,SMOOTH_TIME,73,0.04683533353567513,0.9995136120818605
26400,SMOOTH_TIME,74,0.0470472529709405,0.9995598980119863
26400,SMOOTH_TIME,75,0.04705068803548925,0.9996017792534938
26400,SMOOTH_TIME,76,0.04681077063970398,0.9996396749679229
26400,SMOOTH_TIME,77,0.04651016107742643,0.9996739644283216
26400,SMOOTH_TIME,78,0.047172559854863925,0.9997049908151344
26400,SMOOTH_TIME,79,0.04716540179381908,0.9997330646508692
26400,SMOOTH_TIME,80,0.04691022235545758,0.99975846690791
26400,SMOOTH_TIME,81,0.046982185171217355,0.9997814518205832
26400,SMOOTH_TIME,82,0.04744126119766651,0.9998022494296203
26400,SMOOTH_TIME,83,0.047026131292987626,0.9998210678844827
26400,SMOOTH_TIME,84,0.04708309522920504,0.9998380955265914
26400,SMOOTH_TIME,85,0.04662703355854612,0.9998535027743126
26400,SMOOTH_TIME,86,0.04664291505680244,0.9998674438285596
26400,SMOOTH_TIME,87,0.046882982717575294,0.9998800582160889
26400,SMOOTH_TIME,88,0.04723688879403253,0.9998914721859312
26400,SMOOTH_TIME,89,0.047225729414342686,0.999901799972933
26400,SMOOTH_TIME,90,0.0467884421177111,0.9999111449410575
26400,SMOOTH_TIME,91,0.04699989526311991,0.9999196006178869
26400,SMOOTH_TIME,92,0.04731146122654562,0.9999272516306772
26400,SMOOTH_TIME,93,0.047161531350680595,0.9999341745533356
26400,SMOOTH_TIME,94,0.04680027712149489,0.9999404386727994
26400,SMOOTH_TIME,95,0.04727500675938174,0.999946106682481
26400,SMOOTH_TIME,96,0.04675312164290677,0.9999512353097266
26400,SMOOTH_TIME,97,0.04671471044366112,0.9999558758835616
26400,SMOOTH_TIME,98,0.047333399157978774,0.9999600748484087
26400,SMOOTH_TIME,99,0.04680072022166152,0.9999638742289195
26400,SMOOTH_TIME,100,0.04671571778318304,0.9999673120505713
26400,HARD_STEP,1,0.013311441198154842,0.2800000000000001
26400,HARD_STEP,2,0.013360348881925008,0.2800000000000001
26400,HARD_STEP,3,0.013247331850704896,0.2800000000000001
26400,HARD_STEP,4,0.01324151848928267,0.2800000000000001
26400,HARD_STEP,5,0.013281617196812118,0.2800000000000001
26400,HARD_STEP,6,0.01320274142959406,0.2800000000000001
26400,HARD_STEP,7,0.013212179848586933,0.2800000000000001
26400,HARD_STEP,8,0.013194849543224146,0.2800000000000001
26400,HARD_STEP,9,0.013281998657833536,0.2800000000000001
26400,HARD_STEP,10,0.013220589206408178,0.2800000000000001
26400,HARD_STEP,11,0.01327392366718865,0.2800000000000001
26400,HARD_STEP,12,0.013298413245959572,0.2800000000000001
26400,HARD_STEP,13,0.04691264490370519,1.0
26400,HARD_STEP,14,0.047394104542387426,1.0
26400,HARD_STEP,15,0.04698380665715079,1.0
26400,HARD_STEP,16,0.04704844449077739,1.0
26400,HARD_STEP,17,0.046910521835482576,1.0
26400,HARD_STEP,18,0.047187034735506755,1.0
26400,HARD_STEP,19,0.04738755527806574,1.0
26400,HARD_STEP,20,0.04663797761771441,1.0
26400,HARD_STEP,21,0.0468072063818493,1.0
26400,HARD_STEP,22,0.04707273341839699,1.0
26400,HARD_STEP,23,0.04702725991009976,1.0
26400,HARD_STEP,24,0.04706530424616642,1.0
26400,HARD_STEP,25,0.046757443837807784,1.0
26400,HARD_STEP,26,0.0470143136086121,1.0
26400,HARD_STEP,27,0.04657840134852395,1.0
26400,HARD_STEP,28,0.04703007109758378,1.0
26400,HARD_STEP,29,0.04712281042786928,1.0
26400,HARD_STEP,30,0.046911239389297,1.0
26400,HARD_STEP,31,0.04742137439162377,1.0
26400,HARD_STEP,32,0.046847731038523015,1.0
26400,HARD_STEP,33,0.04676529895680861,1.0
26400,HARD_STEP,34,0.04707649477190975,1.0
26400,HARD_STEP,35,0.04689342152905702,1.0
26400,HARD_STEP,36,0.047352975632399756,1.0
26400,HARD_STEP,37,0.04691849769505648,1.0
26400,HARD_STEP,38,0.046983255702343,1.0
26400,HARD_STEP,39,0.04731056968785765,1.0
26400,HARD_STEP,40,0.04706376457074122,1.0
26400,HARD_STEP,41,0.04707752320467936,1.0
26400,HARD_STEP,42,0.04703697932021678,1.0
26400,HARD_STEP,43,0.04684942786058738,1.0
26400,HARD_STEP,44,0.04684856082573139,1.0
26400,HARD_STEP,45,0.04679051748511287,1.0
26400,HARD_STEP,46,0.04711501662567028,1.0
26400,HARD_STEP,47,0.04712536435792699,1.0
26400,HARD_STEP,48,0.046814645813513946,1.0
26400,HARD_STEP,49,0.04718958444210839,1.0
26400,HARD_STEP,50,0.04681594757827182,1.0
26400,HARD_STEP,51,0.04672089951356576,1.0
26400,HARD_STEP,52,0.0469503202983414,1.0
26400,HARD_STEP,53,0.046715834103153664,1.0
26400,HARD_STEP,54,0.047196269866420816,1.0
26400,HARD_STEP,55,0.04713340634448971,1.0
26400,HARD_STEP,56,0.04676193285197034,1.0
26400,HARD_STEP,57,0.0467323534163241,1.0
26400,HARD_STEP,58,0.04663563166918155,1.0
26400,HARD_STEP,59,0.04686796512238283,1.0
26400,HARD_STEP,60,0.046985052380904745,1.0
26400,HARD_STEP,61,0.04703423007237264,1.0
26400,HARD_STEP,62,0.04669619138653822,1.0
26400,HARD_STEP,63,0.04684626475044623,1.0
26400,HARD_STEP,64,0.046920041433203406,1.0
26400,HARD_STEP,65,0.04734474773658509,1.0
26400,HARD_STEP,66,0.047251539264968945,1.0
26400,HARD_STEP,67,0.04711332828026819,1.0
26400,HARD_STEP,68,0.047112735387589595,1.0
26400,HARD_STEP,69,0.04687834691028404,1.0
26400,HARD_STEP,70,0.046772693639028536,1.0
26400,HARD_STEP,71,0.04666075005153697,1.0
26400,HARD_STEP,72,0.046621157918928346,1.0
26400,HARD_STEP,73,0.046878713228589074,1.0
26400,HARD_STEP,74,0.04708828658033128,1.0
26400,HARD_STEP,75,0.047090652888621354,1.0
26400,HARD_STEP,76,0.04684821420213738,1.0
26400,HARD_STEP,77,0.0465461261851929,1.0
26400,HARD_STEP,78,0.047207585061141505,1.0
26400,HARD_STEP,79,0.04719877807401084,1.0
26400,HARD_STEP,80,0.04694069895832736,1.0
26400,HARD_STEP,81,0.04701348870581882,1.0
26400,HARD_STEP,82,0.04747309485010113,1.0
26400,HARD_STEP,83,0.0470551679135148,1.0
26400,HARD_STEP,84,0.047112282915449076,1.0
26400,HARD_STEP,85,0.04665297323494377,1.0
26400,HARD_STEP,86,0.04666909348887786,1.0
26400,HARD_STEP,87,0.04690859396111502,1.0
26400,HARD_STEP,88,0.04726345809019878,1.0
26400,HARD_STEP,89,0.0472503114660013,1.0
26400,HARD_STEP,90,0.04681308884573205,1.0
26400,HARD_STEP,91,0.047024664049495575,1.0
26400,HARD_STEP,92,0.04733488191947661,1.0
26400,HARD_STEP,93,0.047185630133499,1.0
26400,HARD_STEP,94,0.04682463066161572,1.0
26400,HARD_STEP,95,0.04729939233753891,1.0
26400,HARD_STEP,96,0.046777113276801875,1.0
26400,HARD_STEP,97,0.046737498013766844,1.0
26400,HARD_STEP,98,0.047356323704798996,1.0
26400,HARD_STEP,99,0.046823788000371465,1.0
26400,HARD_STEP,100,0.046738495711577434,1.0
26400,REFRACTORY_TIME,1,0.013311505904611784,0.2800000000000001
26400,REFRACTORY_TIME,2,0.013360529011981884,0.2800000000000001
26400,REFRACTORY_TIME,3,0.013247437178519691,0.2800000000000001
26400,REFRACTORY_TIME,4,0.013241566078481183,0.2800000000000001
26400,REFRACTORY_TIME,5,0.013281645819621388,0.2800000000000001
26400,REFRACTORY_TIME,6,0.01320286399416108,0.2800000000000001
26400,REFRACTORY_TIME,7,0.013212359498596697,0.2800000000000001
26400,REFRACTORY_TIME,8,0.01319511548414884,0.2800000000000001
26400,REFRACTORY_TIME,9,0.013282318461804936,0.2800000000000001
26400,REFRACTORY_TIME,10,0.013220748286110336,0.2800000000000001
26400,REFRACTORY_TIME,11,0.013274075109021738,0.2800000000000001
26400,REFRACTORY_TIME,12,0.013298500243024272,0.2800000000000001
26400,REFRACTORY_TIME,13,0.01648422994540027,0.3485170590141093
26400,REFRACTORY_TIME,14,0.019615087528521206,0.410513857783853
26400,REFRACTORY_TIME,15,0.022090354685990982,0.4666108811091633
26400,REFRACTORY_TIME,16,0.024517536468918816,0.5173695668543398
26400,REFRACTORY_TIME,17,0.026603065021633215,0.5632979250069038
26400,REFRACTORY_TIME,18,0.028722670545280524,0.604855622012301
26400,REFRACTORY_TIME,19,0.030625908221158547,0.6424585812701852
26400,REFRACTORY_TIME,20,0.03171800033160238,0.6764831458356005
26400,REFRACTORY_TIME,21,0.033269110581487384,0.7072698449867687
26400,REFRACTORY_TIME,22,0.034762663116585574,0.7351268023565617
26400,REFRACTORY_TIME,23,0.03590765820829031,0.7603328197373828
26400,REFRACTORY_TIME,24,0.03700159888332614,0.7831401674232145
26400,REFRACTORY_TIME,25,0.03771479143388116,0.8037771090155114
26400,REFRACTORY_TIME,26,0.03879093883277238,0.8224501859620433
26400,REFRACTORY_TIME,27,0.03920798341928609,0.8393462846931304
26400,REFRACTORY_TIME,28,0.040301767865638466,0.8546345070438478
26400,REFRACTORY_TIME,29,0.04102512914638939,0.8684678626820314
26400,REFRACTORY_TIME,30,0.041419450176376944,0.8809848004804577
26400,REFRACTORY_TIME,31,0.042400663282872585,0.8923105941597028
26400,REFRACTORY_TIME,32,0.04236227226902587,0.9025585960696388
26400,REFRACTORY_TIME,33,0.04271219134307654,0.9118313716578529
26400,REFRACTORY_TIME,34,0.043386662238034675,0.9202217259791197
26400,REFRACTORY_TIME,35,0.04356792221028647,0.9278136325195815
26400,REFRACTORY_TIME,36,0.04431634853056284,0.9346830736316231
26400,REFRACTORY_TIME,37,0.044195518373246444,0.9408988009907927
26400,REFRACTORY_TIME,38,0.044517183975048745,0.94652302368568
26400,REFRACTORY_TIME,39,0.045063683236070094,0.9516120308273804
26400,REFRACTORY_TIME,40,0.0450415792871768,0.9562167549098427
26400,REFRACTORY_TIME,41,0.04524807348319331,0.960383281559387
26400,REFRACTORY_TIME,42,0.045382377379259486,0.9641533107751381
26400,REFRACTORY_TIME,43,0.04535721256158141,0.9675645742766382
26400,REFRACTORY_TIME,44,0.045500077466018085,0.9706512131355765
26400,REFRACTORY_TIME,45,0.045572071035902995,0.9734441194711073
26400,REFRACTORY_TIME,46,0.04600437928355792,0.9759712456285653
26400,REFRACTORY_TIME,47,0.046120286481814654,0.9782578839359305
26400,REFRACTORY_TIME,48,0.045911706603444596,0.9803269198379495
26400,REFRACTORY_TIME,49,0.04636607300120096,0.9821990609413559
26400,REFRACTORY_TIME,50,0.046077243705602795,0.9838930442635606
26400,REFRACTORY_TIME,51,0.04605355936531145,0.9854258237590211
26400,REFRACTORY_TIME,52,0.04634336238744802,0.9868127400001113
26400,REFRACTORY_TIME,53,0.0461707573977436,0.988067673710732
26400,REFRACTORY_TIME,54,0.046696488859983926,0.9892031846892558
26400,REFRACTORY_TIME,55,0.04668255390182786,0.9902306375112157
26400,REFRACTORY_TIME,56,0.046357078903382976,0.9911603152697909
26400,REFRACTORY_TIME,57,0.046366367563139686,0.9920015224924655
26400,REFRACTORY_TIME,58,0.04630591255677369,0.9927626782638638
26400,REFRACTORY_TIME,59,0.04656684501622907,0.9934514004867788
26400,REFRACTORY_TIME,60,0.04671298074526631,0.9940745821247053
26400,REFRACTORY_TIME,61,0.046788186815895,0.9946384601889343
26400,REFRACTORY_TIME,62,0.04647531684375996,0.9951486781606586
26400,REFRACTORY_TIME,63,0.04664605578766079,0.9956103424728285
26400,REFRACTORY_TIME,64,0.046738217617829904,0.9960280736170524
26400,REFRACTORY_TIME,65,0.04717894192270076,0.9964060523870247
26400,REFRACTORY_TIME,66,0.04710107225047019,0.9967480617213192
26400,REFRACTORY_TIME,67,0.046977867965430485,0.997057524564306
26400,REFRACTORY_TIME,68,0.04698948114393927,0.997337538124132
26400,REFRACTORY_TIME,69,0.04676714101989682,0.9975909048706205
26400,REFRACTORY_TIME,70,0.04667313447884497,0.9978201605833292
26400,REFRACTORY_TIME,71,0.046571694299218265,0.9980275997304866
26400,REFRACTORY_TIME,72,0.046539951765414374,0.9982152984328002
26400,REFRACTORY_TIME,73,0.04680452632713708,0.99838513524197
26400,REFRACTORY_TIME,74,0.04702081443775674,0.998538809941867
26400,REFRACTORY_TIME,75,0.04702985257426317,0.9986778605605392
26400,REFRACTORY_TIME,76,0.046794154130648115,0.9988036787633147
26400,REFRACTORY_TIME,77,0.046496108257056155,0.9989175237810562
26400,REFRACTORY_TIME,78,0.0471628838108045,0.9990205350129654
26400,REFRACTORY_TIME,79,0.04715816526802205,0.9991137434300749
26400,REFRACTORY_TIME,80,0.046904542151251415,0.9991980818935514
26400,REFRACTORY_TIME,81,0.04698175560067241,0.999274394491085
26400,REFRACTORY_TIME,82,0.04744240526582729,0.9993434449848008
26400,REFRACTORY_TIME,83,0.0470280714129474,0.9994059244552483
26400,REFRACTORY_TIME,84,0.047086767692616736,0.9994624582179691
26400,REFRACTORY_TIME,85,0.046631447237575924,0.9995136120818605
26400,REFRACTORY_TIME,86,0.04665112309770005,0.9995598980119863
26400,REFRACTORY_TIME,87,0.04689151337802692,0.9996017792534938
26400,REFRACTORY_TIME,88,0.047247382740211154,0.9996396749679229
26400,REFRACTORY_TIME,89,0.04723537492346989,0.9996739644283216
26400,REFRACTORY_TIME,90,0.04679965185595351,0.9997049908151344
26400,REFRACTORY_TIME,91,0.04701331925699418,0.9997330646508692
26400,REFRACTORY_TIME,92,0.04732553437819632,0.99975846690791
26400,REFRACTORY_TIME,93,0.04717506418735815,0.9997814518205832
26400,REFRACTORY_TIME,94,0.046816232721702745,0.9998022494296203
26400,REFRACTORY_TIME,95,0.04729077974122159,0.9998210678844827
26400,REFRACTORY_TIME,96,0.0467694783058607,0.9998380955265914
26400,REFRACTORY_TIME,97,0.04673119130943196,0.9998535027743126
26400,REFRACTORY_TIME,98,0.04735089762467624,0.9998674438285596
26400,REFRACTORY_TIME,99,0.04681920844765151,0.9998800582160889
26400,REFRACTORY_TIME,100,0.046733703640421516,0.9998914721859312
26401,NO_REPLENISH,1,0.013188212639144605,0.2800000000000001
26401,NO_REPLENISH,2,0.013294314134184906,0.2800000000000001
26401,NO_REPLENISH,3,0.013287937095612878,0.2800000000000001
26401,NO_REPLENISH,4,0.013329423404959724,0.2800000000000001
26401,NO_REPLENISH,5,0.01330400503018378,0.2800000000000001
26401,NO_REPLENISH,6,0.013347036818486507,0.2800000000000001
26401,NO_REPLENISH,7,0.013341919998905145,0.2800000000000001
26401,NO_REPLENISH,8,0.013104048145318745,0.2800000000000001
26401,NO_REPLENISH,9,0.013199541982938974,0.2800000000000001
26401,NO_REPLENISH,10,0.013282059645771638,0.2800000000000001
26401,NO_REPLENISH,11,0.013132147847637875,0.2800000000000001
26401,NO_REPLENISH,12,0.013300607555831493,0.2800000000000001
26401,NO_REPLENISH,13,0.01328594677674295,0.2800000000000001
26401,NO_REPLENISH,14,0.013276382281113663,0.2800000000000001
26401,NO_REPLENISH,15,0.013325267427355769,0.2800000000000001
26401,NO_REPLENISH,16,0.013273769540387281,0.2800000000000001
26401,NO_REPLENISH,17,0.013189944093469136,0.2800000000000001
26401,NO_REPLENISH,18,0.0132809394548535,0.2800000000000001
26401,NO_REPLENISH,19,0.013140071793743954,0.2800000000000001
26401,NO_REPLENISH,20,0.013319021644924262,0.2800000000000001
26401,NO_REPLENISH,21,0.013258285679792077,0.2800000000000001
26401,NO_REPLENISH,22,0.013244024234910145,0.2800000000000001
26401,NO_REPLENISH,23,0.013254383736282698,0.2800000000000001
26401,NO_REPLENISH,24,0.013248595057327261,0.2800000000000001
26401,NO_REPLENISH,25,0.01325735314081987,0.2800000000000001
26401,NO_REPLENISH,26,0.013256898034333352,0.2800000000000001
26401,NO_REPLENISH,27,0.013287522450752813,0.2800000000000001
26401,NO_REPLENISH,28,0.013187091477289067,0.2800000000000001
26401,NO_REPLENISH,29,0.013297497721305493,0.2800000000000001
26401,NO_REPLENISH,30,0.013231828269719711,0.2800000000000001
26401,NO_REPLENISH,31,0.013346640093946446,0.2800000000000001
26401,NO_REPLENISH,32,0.013320303166386568,0.2800000000000001
26401,NO_REPLENISH,33,0.013373797232290069,0.2800000000000001
26401,NO_REPLENISH,34,0.013327989348459713,0.2800000000000001
26401,NO_REPLENISH,35,0.013328020833434309,0.2800000000000001
26401,NO_REPLENISH,36,0.013280220900298996,0.2800000000000001
26401,NO_REPLENISH,37,0.013223570749990374,0.2800000000000001
26401,NO_REPLENISH,38,0.013224693346903653,0.2800000000000001
26401,NO_REPLENISH,39,0.013189656810517722,0.2800000000000001
26401,NO_REPLENISH,40,0.013263919439418403,0.2800000000000001
26401,NO_REPLENISH,41,0.013284489786489809,0.2800000000000001
26401,NO_REPLENISH,42,0.013224470201712643,0.2800000000000001
26401,NO_REPLENISH,43,0.013198237447857052,0.2800000000000001
26401,NO_REPLENISH,44,0.01333117925741653,0.2800000000000001
26401,NO_REPLENISH,45,0.013315976824748962,0.2800000000000001
26401,NO_REPLENISH,46,0.01336006520140562,0.2800000000000001
26401,NO_REPLENISH,47,0.01326467680979983,0.2800000000000001
26401,NO_REPLENISH,48,0.01318030547386472,0.2800000000000001
26401,NO_REPLENISH,49,0.013261240646871448,0.2800000000000001
26401,NO_REPLENISH,50,0.013249668271113018,0.2800000000000001
26401,NO_REPLENISH,51,0.013144854083542446,0.2800000000000001
26401,NO_REPLENISH,52,0.01323930894023286,0.2800000000000001
26401,NO_REPLENISH,53,0.013192803401013467,0.2800000000000001
26401,NO_REPLENISH,54,0.013230255897000248,0.2800000000000001
26401,NO_REPLENISH,55,0.013270137851253132,0.2800000000000001
26401,NO_REPLENISH,56,0.013244515146728843,0.2800000000000001
26401,NO_REPLENISH,57,0.013351572453520333,0.2800000000000001
26401,NO_REPLENISH,58,0.0132565359661227,0.2800000000000001
26401,NO_REPLENISH,59,0.013307098258016362,0.2800000000000001
26401,NO_REPLENISH,60,0.013298066596522148,0.2800000000000001
26401,NO_REPLENISH,61,0.013246255472961073,0.2800000000000001
26401,NO_REPLENISH,62,0.013264914422723073,0.2800000000000001
26401,NO_REPLENISH,63,0.013223546738049555,0.2800000000000001
26401,NO_REPLENISH,64,0.013335292559448902,0.2800000000000001
26401,NO_REPLENISH,65,0.013137922960624401,0.2800000000000001
26401,NO_REPLENISH,66,0.013285686419568765,0.2800000000000001
26401,NO_REPLENISH,67,0.013175763432203225,0.2800000000000001
26401,NO_REPLENISH,68,0.013263363985998325,0.2800000000000001
26401,NO_REPLENISH,69,0.01321100175469865,0.2800000000000001
26401,NO_REPLENISH,70,0.013211994112905209,0.2800000000000001
26401,NO_REPLENISH,71,0.013293528755996743,0.2800000000000001
26401,NO_REPLENISH,72,0.013345534170431968,0.2800000000000001
26401,NO_REPLENISH,73,0.01336728775319108,0.2800000000000001
26401,NO_REPLENISH,74,0.013274824376909017,0.2800000000000001
26401,NO_REPLENISH,75,0.013202677632999586,0.2800000000000001
26401,NO_REPLENISH,76,0.013297317664606179,0.2800000000000001
26401,NO_REPLENISH,77,0.013343116983959713,0.2800000000000001
26401,NO_REPLENISH,78,0.013299340830026376,0.2800000000000001
26401,NO_REPLENISH,79,0.013299072835974687,0.2800000000000001
26401,NO_REPLENISH,80,0.013341331960797514,0.2800000000000001
26401,NO_REPLENISH,81,0.013206970573302652,0.2800000000000001
26401,NO_REPLENISH,82,0.013178952679010932,0.2800000000000001
26401,NO_REPLENISH,83,0.013256086822100539,0.2800000000000001
26401,NO_REPLENISH,84,0.013311656876645797,0.2800000000000001
26401,NO_REPLENISH,85,0.01323923564428412,0.2800000000000001
26401,NO_REPLENISH,86,0.01332346900511263,0.2800000000000001
26401,NO_REPLENISH,87,0.01319414615409527,0.2800000000000001
26401,NO_REPLENISH,88,0.013294038551522178,0.2800000000000001
26401,NO_REPLENISH,89,0.013281460502502057,0.2800000000000001
26401,NO_REPLENISH,90,0.013242852023541335,0.2800000000000001
26401,NO_REPLENISH,91,0.013237436777768521,0.2800000000000001
26401,NO_REPLENISH,92,0.013287852588917603,0.2800000000000001
26401,NO_REPLENISH,93,0.013371272334855855,0.2800000000000001
26401,NO_REPLENISH,94,0.013278283561161184,0.2800000000000001
26401,NO_REPLENISH,95,0.013282460793370579,0.2800000000000001
26401,NO_REPLENISH,96,0.013311979151649854,0.2800000000000001
26401,NO_REPLENISH,97,0.013336838323066957,0.2800000000000001
26401,NO_REPLENISH,98,0.013261912349404723,0.2800000000000001
26401,NO_REPLENISH,99,0.013270931998991278,0.2800000000000001
26401,NO_REPLENISH,100,0.013298739121201317,0.2800000000000001
26401,SMOOTH_TIME,1,0.01641495380152617,0.3485170590141093
26401,SMOOTH_TIME,2,0.01948550211808132,0.410513857783853
26401,SMOOTH_TIME,3,0.02212956653773514,0.4666108811091633
26401,SMOOTH_TIME,4,0.024602376856081732,0.5173695668543398
26401,SMOOTH_TIME,5,0.026723670575251476,0.5632979250069038
26401,SMOOTH_TIME,6,0.0287744031834398,0.604855622012301
26401,SMOOTH_TIME,7,0.030537817122212447,0.6424585812701852
26401,SMOOTH_TIME,8,0.03157355948533124,0.6764831458356005
26401,SMOOTH_TIME,9,0.033234502355830566,0.7072698449867687
26401,SMOOTH_TIME,10,0.03474403079890821,0.7351268023565617
26401,SMOOTH_TIME,11,0.035521186562844885,0.7603328197373828
26401,SMOOTH_TIME,12,0.03703718964946682,0.7831401674232145
26401,SMOOTH_TIME,13,0.037960174459915556,0.8037771090155114
26401,SMOOTH_TIME,14,0.03880263687623942,0.8224501859620433
26401,SMOOTH_TIME,15,0.0397321738149903,0.8393462846931304
26401,SMOOTH_TIME,16,0.04029101081602488,0.8546345070438478
26401,SMOOTH_TIME,17,0.040679809234491424,0.8684678626820314
26401,SMOOTH_TIME,18,0.04153721849812662,0.8809848004804577
26401,SMOOTH_TIME,19,0.041624390432433274,0.8923105941597028
26401,SMOOTH_TIME,20,0.04265873799049264,0.9025585960696388
26401,SMOOTH_TIME,21,0.04289630328472364,0.9118313716578529
26401,SMOOTH_TIME,22,0.04323899082237317,0.9202217259791197
26401,SMOOTH_TIME,23,0.043622792911068596,0.9278136325195815
26401,SMOOTH_TIME,24,0.04392185116743771,0.9346830736316231
26401,SMOOTH_TIME,25,0.04423769716996418,0.9408988009907927
26401,SMOOTH_TIME,26,0.04449551775127625,0.94652302368568
26401,SMOOTH_TIME,27,0.044831172201582205,0.9516120308273804
26401,SMOOTH_TIME,28,0.044711053101663366,0.9562167549098427
26401,SMOOTH_TIME,29,0.04527141311574786,0.960383281559387
26401,SMOOTH_TIME,30,0.045224816106948285,0.9641533107751381
26401,SMOOTH_TIME,31,0.04576872089810884,0.9675645742766382
26401,SMOOTH_TIME,32,0.04582297575960117,0.9706512131355765
26401,SMOOTH_TIME,33,0.046133480574029294,0.9734441194711073
26401,SMOOTH_TIME,34,0.04609553401614017,0.9759712456285653
26401,SMOOTH_TIME,35,0.04620200329698784,0.9782578839359305
26401,SMOOTH_TIME,36,0.04613514719354623,0.9803269198379495
26401,SMOOTH_TIME,37,0.04602774139957106,0.9821990609413559
26401,SMOOTH_TIME,38,0.04610912891855321,0.9838930442635606
26401,SMOOTH_TIME,39,0.04606038448216801,0.9854258237590211
26401,SMOOTH_TIME,40,0.04637877563537394,0.9868127400001113
26401,SMOOTH_TIME,41,0.04650693067287667,0.988067673710732
26401,SMOOTH_TIME,42,0.04635346133619072,0.9892031846892558
26401,SMOOTH_TIME,43,0.046309626642638824,0.9902306375112157
26401,SMOOTH_TIME,44,0.04681095239555388,0.9911603152697909
26401,SMOOTH_TIME,45,0.04679661757412001,0.9920015224924655
26401,SMOOTH_TIME,46,0.046982920776721254,0.9927626782638638
26401,SMOOTH_TIME,47,0.046686284439316106,0.9934514004867788
26401,SMOOTH_TIME,48,0.046424641831154724,0.9940745821247053
26401,SMOOTH_TIME,49,0.04673006043710909,0.9946384601889343
26401,SMOOTH_TIME,50,0.04671371025005985,0.9951486781606586
26401,SMOOTH_TIME,51,0.04637110276545749,0.9956103424728285
26401,SMOOTH_TIME,52,0.046718467903992554,0.9960280736170524
26401,SMOOTH_TIME,53,0.04657458007094974,0.9964060523870247
26401,SMOOTH_TIME,54,0.04672007120225143,0.9967480617213192
26401,SMOOTH_TIME,55,0.046871956348211126,0.997057524564306
26401,SMOOTH_TIME,56,0.046796612596842334,0.997337538124132
26401,SMOOTH_TIME,57,0.047178141089269036,0.9975909048706205
26401,SMOOTH_TIME,58,0.046860773656888545,0.9978201605833292
26401,SMOOTH_TIME,59,0.04704540293861901,0.9980275997304866
26401,SMOOTH_TIME,60,0.047021991743625924,0.9982152984328002
26401,SMOOTH_TIME,61,0.04685026738972964,0.99838513524197
26401,SMOOTH_TIME,62,0.046922521691292296,0.998538809941867
26401,SMOOTH_TIME,63,0.046785025731010677,0.9986778605605392
26401,SMOOTH_TIME,64,0.04717862240926283,0.9988036787633147
26401,SMOOTH_TIME,65,0.04649928806354555,0.9989175237810562
26401,SMOOTH_TIME,66,0.04701640410738617,0.9990205350129654
26401,SMOOTH_TIME,67,0.046640366563868635,0.9991137434300749
26401,SMOOTH_TIME,68,0.04694666039517901,0.9991980818935514
26401,SMOOTH_TIME,69,0.04676934454184125,0.999274394491085
26401,SMOOTH_TIME,70,0.04677603316233068,0.9993434449848008
26401,SMOOTH_TIME,71,0.04706134861427602,0.9994059244552483
26401,SMOOTH_TIME,72,0.04724495521558799,0.9994624582179691
26401,SMOOTH_TIME,73,0.04732249763803043,0.9995136120818605
26401,SMOOTH_TIME,74,0.047003323784266804,0.9995598980119863
26401,SMOOTH_TIME,75,0.04675551567330267,0.9996017792534938
26401,SMOOTH_TIME,76,0.04708573318704808,0.9996396749679229
26401,SMOOTH_TIME,77,0.04724625174451017,0.9996739644283216
26401,SMOOTH_TIME,78,0.047096299977856554,0.9997049908151344
26401,SMOOTH_TIME,79,0.04709530091205206,0.9997330646508692
26401,SMOOTH_TIME,80,0.047243205336713605,0.99975846690791
26401,SMOOTH_TIME,81,0.04677833151354515,0.9997814518205832
26401,SMOOTH_TIME,82,0.04668222066113123,0.9998022494296203
26401,SMOOTH_TIME,83,0.04695077651797817,0.9998210678844827
26401,SMOOTH_TIME,84,0.0471451943572418,0.9998380955265914
26401,SMOOTH_TIME,85,0.046893260871274094,0.9998535027743126
26401,SMOOTH_TIME,86,0.04718729898244189,0.9998674438285596
26401,SMOOTH_TIME,87,0.04673886545963274,0.9998800582160889
26401,SMOOTH_TIME,88,0.047085097264976505,0.9998914721859312
26401,SMOOTH_TIME,89,0.04704331382661183,0.999901799972933
26401,SMOOTH_TIME,90,0.04690797023525022,0.9999111449410575
26401,SMOOTH_TIME,91,0.046891160047789225,0.9999196006178869
26401,SMOOTH_TIME,92,0.0470664430362815,0.9999272516306772
26401,SMOOTH_TIME,93,0.04735608181765938,0.9999341745533356
26401,SMOOTH_TIME,94,0.047033607711509585,0.9999404386727994
26401,SMOOTH_TIME,95,0.04704826565399012,0.999946106682481
26401,SMOOTH_TIME,96,0.04715057526045752,0.9999512353097266
26401,SMOOTH_TIME,97,0.04723727366016315,0.9999558758835616
26401,SMOOTH_TIME,98,0.046977701069192045,0.9999600748484087
26401,SMOOTH_TIME,99,0.04700891017102054,0.9999638742289195
26401,SMOOTH_TIME,100,0.047106280033532455,0.9999673120505713
26401,HARD_STEP,1,0.013186532652740654,0.2800000000000001
26401,HARD_STEP,2,0.013292456938897086,0.2800000000000001
26401,HARD_STEP,3,0.01328627208184601,0.2800000000000001
26401,HARD_STEP,4,0.013327680659459185,0.2800000000000001
26401,HARD_STEP,5,0.013302196944380245,0.2800000000000001
26401,HARD_STEP,6,0.01334522660186877,0.2800000000000001
26401,HARD_STEP,7,0.013340367902940674,0.2800000000000001
26401,HARD_STEP,8,0.013102447845351991,0.2800000000000001
26401,HARD_STEP,9,0.01319797780134708,0.2800000000000001
26401,HARD_STEP,10,0.01328036004048641,0.2800000000000001
26401,HARD_STEP,11,0.013130455650142198,0.2800000000000001
26401,HARD_STEP,12,0.01329899387785654,0.2800000000000001
26401,HARD_STEP,13,0.04706022783800503,1.0
26401,HARD_STEP,14,0.04702651831373267,1.0
26401,HARD_STEP,15,0.04719580879303642,1.0
26401,HARD_STEP,16,0.04701802971930191,1.0
26401,HARD_STEP,17,0.04672583372748564,1.0
26401,HARD_STEP,18,0.04704177771709935,1.0
26401,HARD_STEP,19,0.04655374671542006,1.0
26401,HARD_STEP,20,0.04717443695849677,1.0
26401,HARD_STEP,21,0.046963736003742464,1.0
26401,HARD_STEP,22,0.04691407212248926,1.0
26401,HARD_STEP,23,0.046949534949244566,1.0
26401,HARD_STEP,24,0.04693042841368386,1.0
26401,HARD_STEP,25,0.0469598866769294,1.0
26401,HARD_STEP,26,0.04695868090198549,1.0
26401,HARD_STEP,27,0.0470639749400932,1.0
26401,HARD_STEP,28,0.04671670942199416,1.0
26401,HARD_STEP,29,0.04709888229869913,1.0
26401,HARD_STEP,30,0.04687018193979514,1.0
26401,HARD_STEP,31,0.04726885879999254,1.0
26401,HARD_STEP,32,0.047178458291594345,1.0
26401,HARD_STEP,33,0.047365476839268096,1.0
26401,HARD_STEP,34,0.047205663341328176,1.0
26401,HARD_STEP,35,0.04720650651798961,1.0
26401,HARD_STEP,36,0.04703916321645577,1.0
26401,HARD_STEP,37,0.04684218242740782,1.0
26401,HARD_STEP,38,0.04684587406654827,1.0
26401,HARD_STEP,39,0.0467255761178866,1.0
26401,HARD_STEP,40,0.04698296365586668,1.0
26401,HARD_STEP,41,0.047053307469508344,1.0
26401,HARD_STEP,42,0.04684645408219068,1.0
26401,HARD_STEP,43,0.04675498289168209,1.0
26401,HARD_STEP,44,0.04721709279202235,1.0
26401,HARD_STEP,45,0.04716362658230729,1.0
26401,HARD_STEP,46,0.04731685286069268,1.0
26401,HARD_STEP,47,0.0469871734131114,1.0
26401,HARD_STEP,48,0.04669148530587927,1.0
26401,HARD_STEP,49,0.0469748741550187,1.0
26401,HARD_STEP,50,0.0469338666012949,1.0
26401,HARD_STEP,51,0.046569156566829195,1.0
26401,HARD_STEP,52,0.04689792196202863,1.0
26401,HARD_STEP,53,0.04673730469555945,1.0
26401,HARD_STEP,54,0.04686708495591204,1.0
26401,HARD_STEP,55,0.047005656740007916,1.0
26401,HARD_STEP,56,0.04691632899720205,1.0
26401,HARD_STEP,57,0.047286660540811896,1.0
26401,HARD_STEP,58,0.04695550809682806,1.0
26401,HARD_STEP,59,0.047133552756106895,1.0
26401,HARD_STEP,60,0.04710042271179534,1.0
26401,HARD_STEP,61,0.046921963488889155,1.0
26401,HARD_STEP,62,0.0469855539323071,1.0
26401,HARD_STEP,63,0.04684289371638195,1.0
26401,HARD_STEP,64,0.047231236183085536,1.0
26401,HARD_STEP,65,0.04654587210904276,1.0
26401,HARD_STEP,66,0.04705938559420494,1.0
26401,HARD_STEP,67,0.04667816766575705,1.0
26401,HARD_STEP,68,0.046980308033472244,1.0
26401,HARD_STEP,69,0.046799135931127535,1.0
26401,HARD_STEP,70,0.046802514817423535,1.0
26401,HARD_STEP,71,0.04708573495892413,1.0
26401,HARD_STEP,72,0.04726789506197576,1.0
26401,HARD_STEP,73,0.04734136573700337,1.0
26401,HARD_STEP,74,0.047020531526222605,1.0
26401,HARD_STEP,75,0.046769925259427046,1.0
26401,HARD_STEP,76,0.04709902324865372,1.0
26401,HARD_STEP,77,0.047258555782878575,1.0
26401,HARD_STEP,78,0.04710535920409257,1.0
26401,HARD_STEP,79,0.047105484197652835,1.0
26401,HARD_STEP,80,0.04724953753296405,1.0
26401,HARD_STEP,81,0.04678470279196487,1.0
26401,HARD_STEP,82,0.04668866916082281,1.0
26401,HARD_STEP,83,0.04695443339011126,1.0
26401,HARD_STEP,84,0.04714872525291184,1.0
26401,HARD_STEP,85,0.04689572955913665,1.0
26401,HARD_STEP,86,0.04718999541840844,1.0
26401,HARD_STEP,87,0.04674001287239393,1.0
26401,HARD_STEP,88,0.04708828426147472,1.0
26401,HARD_STEP,89,0.04704365900949947,1.0
26401,HARD_STEP,90,0.046909585241891816,1.0
26401,HARD_STEP,91,0.046890562545638496,1.0
26401,HARD_STEP,92,0.047066604232537,1.0
26401,HARD_STEP,93,0.04735478597697287,1.0
26401,HARD_STEP,94,0.04703303123517932,1.0
26401,HARD_STEP,95,0.04704724586544731,1.0
26401,HARD_STEP,96,0.04715025311910118,1.0
26401,HARD_STEP,97,0.04723668774668266,1.0
26401,HARD_STEP,98,0.04697610014807096,1.0
26401,HARD_STEP,99,0.047006687733729624,1.0
26401,HARD_STEP,100,0.04710378975416668,1.0
26401,REFRACTORY_TIME,1,0.013188287059440923,0.2800000000000001
26401,REFRACTORY_TIME,2,0.013294381734372517,0.2800000000000001
26401,REFRACTORY_TIME,3,0.013288075524461795,0.2800000000000001
26401,REFRACTORY_TIME,4,0.013329482047385868,0.2800000000000001
26401,REFRACTORY_TIME,5,0.01330398471292446,0.2800000000000001
26401,REFRACTORY_TIME,6,0.013347078329255429,0.2800000000000001
26401,REFRACTORY_TIME,7,0.013342079293660575,0.2800000000000001
26401,REFRACTORY_TIME,8,0.013104107443212035,0.2800000000000001
26401,REFRACTORY_TIME,9,0.01319968453521624,0.2800000000000001
26401,REFRACTORY_TIME,10,0.013282120154195104,0.2800000000000001
26401,REFRACTORY_TIME,11,0.013132190228544135,0.2800000000000001
26401,REFRACTORY_TIME,12,0.013300800366772648,0.2800000000000001
26401,REFRACTORY_TIME,13,0.016537393483216783,0.3485170590141093
26401,REFRACTORY_TIME,14,0.01946036880872183,0.410513857783853
26401,REFRACTORY_TIME,15,0.022192726444695443,0.4666108811091633
26401,REFRACTORY_TIME,16,0.024501720501164323,0.5173695668543398
26401,REFRACTORY_TIME,17,0.026497783512152123,0.5632979250069038
26401,REFRACTORY_TIME,18,0.028634720539237036,0.604855622012301
26401,REFRACTORY_TIME,19,0.030081139571940557,0.6424585812701852
26401,REFRACTORY_TIME,20,0.03208841581746398,0.6764831458356005
26401,REFRACTORY_TIME,21,0.033383199210961355,0.7072698449867687
26401,REFRACTORY_TIME,22,0.03464787483890047,0.7351268023565617
26401,REFRACTORY_TIME,23,0.035849787343982344,0.7603328197373828
26401,REFRACTORY_TIME,24,0.036896743106419556,0.7831401674232145
26401,REFRACTORY_TIME,25,0.03788228239983126,0.8037771090155114
26401,REFRACTORY_TIME,26,0.03874895157476452,0.8224501859620433
26401,REFRACTORY_TIME,27,0.039623248129194155,0.8393462846931304
26401,REFRACTORY_TIME,28,0.04003535938155751,0.8546345070438478
26401,REFRACTORY_TIME,29,0.04100886800654221,0.8684678626820314
26401,REFRACTORY_TIME,30,0.04138907520423045,0.8809848004804577
26401,REFRACTORY_TIME,31,0.04227010056173484,0.8923105941597028
26401,REFRACTORY_TIME,32,0.04266511517917898,0.9025585960696388
26401,REFRACTORY_TIME,33,0.04326675532778337,0.9118313716578529
26401,REFRACTORY_TIME,34,0.043510629665341354,0.9202217259791197
26401,REFRACTORY_TIME,35,0.04386381382976904,0.9278136325195815
26401,REFRACTORY_TIME,36,0.044028259586571215,0.9346830736316231
26401,REFRACTORY_TIME,37,0.04412977223394546,0.9408988009907927
26401,REFRACTORY_TIME,38,0.04439160315970364,0.94652302368568
26401,REFRACTORY_TIME,39,0.04451029334610384,0.9516120308273804
26401,REFRACTORY_TIME,40,0.04496975794016084,0.9562167549098427
26401,REFRACTORY_TIME,41,0.04523050124809872,0.960383281559387
26401,REFRACTORY_TIME,42,0.04520452551240741,0.9641533107751381
26401,REFRACTORY_TIME,43,0.0452718536583982,0.9675645742766382
26401,REFRACTORY_TIME,44,0.04586358796069462,0.9706512131355765
26401,REFRACTORY_TIME,45,0.04594152931216098,0.9734441194711073
26401,REFRACTORY_TIME,46,0.04620653063474031,0.9759712456285653
26401,REFRACTORY_TIME,47,0.0459903240561062,0.9782578839359305
26401,REFRACTORY_TIME,48,0.04579672728043798,0.9803269198379495
26401,REFRACTORY_TIME,49,0.04615943164991857,0.9821990609413559
26401,REFRACTORY_TIME,50,0.046198010505435316,0.9838930442635606
26401,REFRACTORY_TIME,51,0.045908604732382306,0.9854258237590211
26401,REFRACTORY_TIME,52,0.04629735718488903,0.9868127400001113
26401,REFRACTORY_TIME,53,0.046196178685251915,0.988067673710732
26401,REFRACTORY_TIME,54,0.04637690061835318,0.9892031846892558
26401,REFRACTORY_TIME,55,0.04656101586094774,0.9902306375112157
26401,REFRACTORY_TIME,56,0.04651511047826636,0.9911603152697909
26401,REFRACTORY_TIME,57,0.04692263827450679,0.9920015224924655
26401,REFRACTORY_TIME,58,0.04663026179505264,0.9927626782638638
26401,REFRACTORY_TIME,59,0.046837290231713014,0.9934514004867788
26401,REFRACTORY_TIME,60,0.046833575369201595,0.9940745821247053
26401,REFRACTORY_TIME,61,0.04668094433863922,0.9946384601889343
26401,REFRACTORY_TIME,62,0.04676924860744488,0.9951486781606586
26401,REFRACTORY_TIME,63,0.046646948276019,0.9956103424728285
26401,REFRACTORY_TIME,64,0.04705350967453468,0.9960280736170524
26401,REFRACTORY_TIME,65,0.0463872551321699,0.9964060523870247
26401,REFRACTORY_TIME,66,0.046914203123297187,0.9967480617213192
26401,REFRACTORY_TIME,67,0.046549418536089536,0.997057524564306
26401,REFRACTORY_TIME,68,0.0468642941413798,0.997337538124132
26401,REFRACTORY_TIME,69,0.04669551403864258,0.9975909048706205
26401,REFRACTORY_TIME,70,0.04670808721884704,0.9978201605833292
26401,REFRACTORY_TIME,71,0.04700054635448031,0.9980275997304866
26401,REFRACTORY_TIME,72,0.047190668128703005,0.9982152984328002
26401,REFRACTORY_TIME,73,0.04727275029490439,0.99838513524197
26401,REFRACTORY_TIME,74,0.04696001167262339,0.998538809941867
26401,REFRACTORY_TIME,75,0.046716120026881275,0.9986778605605392
26401,REFRACTORY_TIME,76,0.04705030299056301,0.9988036787633147
26401,REFRACTORY_TIME,77,0.047213532317010705,0.9989175237810562
26401,REFRACTORY_TIME,78,0.047067012340017846,0.9990205350129654
26401,REFRACTORY_TIME,79,0.047070453425879226,0.9991137434300749
26401,REFRACTORY_TIME,80,0.04721988049646628,0.9991980818935514
26401,REFRACTORY_TIME,81,0.0467582817866792,0.999274394491085
26401,REFRACTORY_TIME,82,0.04666517861843342,0.9993434449848008
26401,REFRACTORY_TIME,83,0.04693450992383027,0.9994059244552483
26401,REFRACTORY_TIME,84,0.047130524221865,0.9994624582179691
26401,REFRACTORY_TIME,85,0.04688029421664331,0.9995136120818605
26401,REFRACTORY_TIME,86,0.04717517202798596,0.9995598980119863
26401,REFRACTORY_TIME,87,0.046729140900266246,0.9996017792534938
26401,REFRACTORY_TIME,88,0.04707771041993671,0.9996396749679229
26401,REFRACTORY_TIME,89,0.04703576828449887,0.9996739644283216
26401,REFRACTORY_TIME,90,0.04690230912551644,0.9997049908151344
26401,REFRACTORY_TIME,91,0.04688456133379817,0.9997330646508692
26401,REFRACTORY_TIME,92,0.04706160885095351,0.99975846690791
26401,REFRACTORY_TIME,93,0.04735225461525791,0.9997814518205832
26401,REFRACTORY_TIME,94,0.04703037609588501,0.9998022494296203
26401,REFRACTORY_TIME,95,0.04704541273067242,0.9998210678844827
26401,REFRACTORY_TIME,96,0.04714873835184544,0.9998380955265914
26401,REFRACTORY_TIME,97,0.04723571258001863,0.9998535027743126
26401,REFRACTORY_TIME,98,0.04697619594960075,0.9998674438285596
26401,REFRACTORY_TIME,99,0.0470081205132715,0.9998800582160889
26401,REFRACTORY_TIME,100,0.04710491696916547,0.9998914721859312
26402,NO_REPLENISH,1,0.013334862282432242,0.2800000000000001
26402,NO_REPLENISH,2,0.01322752609825172,0.2800000000000001
26402,NO_REPLENISH,3,0.013357868007584045,0.2800000000000001
26402,NO_REPLENISH,4,0.013234165367846747,0.2800000000000001
26402,NO_REPLENISH,5,0.013199313857957312,0.2800000000000001
26402,NO_REPLENISH,6,0.013242207228813765,0.2800000000000001
26402,NO_REPLENISH,7,0.01319824293668793,0.2800000000000001
26402,NO_REPLENISH,8,0.013219957245357771,0.2800000000000001
26402,NO_REPLENISH,9,0.01329225342403744,0.2800000000000001
26402,NO_REPLENISH,10,0.013169705647582233,0.2800000000000001
26402,NO_REPLENISH,11,0.013258714379860826,0.2800000000000001
26402,NO_REPLENISH,12,0.013347170717778934,0.2800000000000001
26402,NO_REPLENISH,13,0.01314520324613718,0.2800000000000001
26402,NO_REPLENISH,14,0.013258109098608991,0.2800000000000001
26402,NO_REPLENISH,15,0.013220445813895735,0.2800000000000001
26402,NO_REPLENISH,16,0.013271722471833064,0.2800000000000001
26402,NO_REPLENISH,17,0.01327702733551589,0.2800000000000001
26402,NO_REPLENISH,18,0.013223571246419078,0.2800000000000001
26402,NO_REPLENISH,19,0.013245155320950918,0.2800000000000001
26402,NO_REPLENISH,20,0.01331540361938355,0.2800000000000001
26402,NO_REPLENISH,21,0.013160680254841246,0.2800000000000001
26402,NO_REPLENISH,22,0.013236784619638675,0.2800000000000001
26402,NO_REPLENISH,23,0.013212131808493009,0.2800000000000001
26402,NO_REPLENISH,24,0.013227474861349562,0.2800000000000001
26402,NO_REPLENISH,25,0.013221312080815223,0.2800000000000001
26402,NO_REPLENISH,26,0.01338660871999135,0.2800000000000001
26402,NO_REPLENISH,27,0.013322982099195085,0.2800000000000001
26402,NO_REPLENISH,28,0.013204679798808475,0.2800000000000001
26402,NO_REPLENISH,29,0.013292967002049327,0.2800000000000001
26402,NO_REPLENISH,30,0.013236752146899731,0.2800000000000001
26402,NO_REPLENISH,31,0.013244162546045171,0.2800000000000001
26402,NO_REPLENISH,32,0.0132220305807825,0.2800000000000001
26402,NO_REPLENISH,33,0.013208957257008722,0.2800000000000001
26402,NO_REPLENISH,34,0.013228636569145934,0.2800000000000001
26402,NO_REPLENISH,35,0.013258548049882071,0.2800000000000001
26402,NO_REPLENISH,36,0.013212140536619723,0.2800000000000001
26402,NO_REPLENISH,37,0.013287858395058598,0.2800000000000001
26402,NO_REPLENISH,38,0.013314019752054346,0.2800000000000001
26402,NO_REPLENISH,39,0.013169561932152617,0.2800000000000001
26402,NO_REPLENISH,40,0.013371457996217737,0.2800000000000001
26402,NO_REPLENISH,41,0.013220713674900209,0.2800000000000001
26402,NO_REPLENISH,42,0.013290063078465572,0.2800000000000001
26402,NO_REPLENISH,43,0.01322753769002602,0.2800000000000001
26402,NO_REPLENISH,44,0.01318161365256862,0.2800000000000001
26402,NO_REPLENISH,45,0.01309891530147149,0.2800000000000001
26402,NO_REPLENISH,46,0.0133009633793569,0.2800000000000001
26402,NO_REPLENISH,47,0.013254359868835794,0.2800000000000001
26402,NO_REPLENISH,48,0.013301975600561943,0.2800000000000001
26402,NO_REPLENISH,49,0.013225067528110002,0.2800000000000001
26402,NO_REPLENISH,50,0.013263107681543406,0.2800000000000001
26402,NO_REPLENISH,51,0.013261501918338659,0.2800000000000001
26402,NO_REPLENISH,52,0.013221535300278702,0.2800000000000001
26402,NO_REPLENISH,53,0.013259953977183709,0.2800000000000001
26402,NO_REPLENISH,54,0.013331835076205714,0.2800000000000001
26402,NO_REPLENISH,55,0.013241710617323793,0.2800000000000001
26402,NO_REPLENISH,56,0.013247741697288559,0.2800000000000001
26402,NO_REPLENISH,57,0.01317466939447122,0.2800000000000001
26402,NO_REPLENISH,58,0.013282226858624171,0.2800000000000001
26402,NO_REPLENISH,59,0.013257879001854614,0.2800000000000001
26402,NO_REPLENISH,60,0.01329024547627513,0.2800000000000001
26402,NO_REPLENISH,61,0.01321589013503007,0.2800000000000001
26402,NO_REPLENISH,62,0.013330871872889593,0.2800000000000001
26402,NO_REPLENISH,63,0.013375159957166682,0.2800000000000001
26402,NO_REPLENISH,64,0.013211726441057406,0.2800000000000001
26402,NO_REPLENISH,65,0.013264185278625128,0.2800000000000001
26402,NO_REPLENISH,66,0.013196921313565207,0.2800000000000001
26402,NO_REPLENISH,67,0.013238492794740977,0.2800000000000001
26402,NO_REPLENISH,68,0.013304833345511543,0.2800000000000001
26402,NO_REPLENISH,69,0.013333954790276875,0.2800000000000001
26402,NO_REPLENISH,70,0.01326242780122657,0.2800000000000001
26402,NO_REPLENISH,71,0.01318372430661801,0.2800000000000001
26402,NO_REPLENISH,72,0.013404286219238407,0.2800000000000001
26402,NO_REPLENISH,73,0.013289006483750768,0.2800000000000001
26402,NO_REPLENISH,74,0.013191176969426963,0.2800000000000001
26402,NO_REPLENISH,75,0.013263622935568218,0.2800000000000001
26402,NO_REPLENISH,76,0.013207561721964236,0.2800000000000001
26402,NO_REPLENISH,77,0.013302218125673233,0.2800000000000001
26402,NO_REPLENISH,78,0.01315545622346168,0.2800000000000001
26402,NO_REPLENISH,79,0.013267406953154384,0.2800000000000001
26402,NO_REPLENISH,80,0.013111975695293857,0.2800000000000001
26402,NO_REPLENISH,81,0.013163363404007413,0.2800000000000001
26402,NO_REPLENISH,82,0.013263268488245399,0.2800000000000001
26402,NO_REPLENISH,83,0.013211338956793073,0.2800000000000001
26402,NO_REPLENISH,84,0.013105556866414356,0.2800000000000001
26402,NO_REPLENISH,85,0.013174737544056526,0.2800000000000001
26402,NO_REPLENISH,86,0.013170529558776617,0.2800000000000001
26402,NO_REPLENISH,87,0.0132752077654606,0.2800000000000001
26402,NO_REPLENISH,88,0.01328899112893397,0.2800000000000001
26402,NO_REPLENISH,89,0.013313488651563829,0.2800000000000001
26402,NO_REPLENISH,90,0.013192307051637714,0.2800000000000001
26402,NO_REPLENISH,91,0.013173827159032897,0.2800000000000001
26402,NO_REPLENISH,92,0.013216085823615603,0.2800000000000001
26402,NO_REPLENISH,93,0.01322621381627972,0.2800000000000001
26402,NO_REPLENISH,94,0.01328912009625211,0.2800000000000001
26402,NO_REPLENISH,95,0.013236390545250882,0.2800000000000001
26402,NO_REPLENISH,96,0.013160859778820701,0.2800000000000001
26402,NO_REPLENISH,97,0.013236523254539426,0.2800000000000001
26402,NO_REPLENISH,98,0.013235992833037816,0.2800000000000001
26402,NO_REPLENISH,99,0.01337330440098169,0.2800000000000001
26402,NO_REPLENISH,100,0.013294076265626559,0.2800000000000001
26402,SMOOTH_TIME,1,0.016582974724946003,0.3485170590141093
26402,SMOOTH_TIME,2,0.019372420993778734,0.410513857783853
26402,SMOOTH_TIME,3,0.02222769478607603,0.4666108811091633
26402,SMOOTH_TIME,4,0.024408290342512257,0.5173695668543398
26402,SMOOTH_TIME,5,0.0264936771760875,0.5632979250069038
26402,SMOOTH_TIME,6,0.028526249140473876,0.604855622012301
26402,SMOOTH_TIME,7,0.030186486207239904,0.6424585812701852
26402,SMOOTH_TIME,8,0.03182287086954224,0.6764831458356005
26402,SMOOTH_TIME,9,0.03343709775926317,0.7072698449867687
26402,SMOOTH_TIME,10,0.03442374799696734,0.7351268023565617
26402,SMOOTH_TIME,11,0.03582820533146628,0.7603328197373828
26402,SMOOTH_TIME,12,0.037131612835251404,0.7831401674232145
26402,SMOOTH_TIME,13,0.037529468895482115,0.8037771090155114
26402,SMOOTH_TIME,14,0.03871512806497448,0.8224501859620433
26402,SMOOTH_TIME,15,0.03938794137086119,0.8393462846931304
26402,SMOOTH_TIME,16,0.04024903347566907,0.8546345070438478
26402,SMOOTH_TIME,17,0.04090657563334818,0.8684678626820314
26402,SMOOTH_TIME,18,0.04132240265457737,0.8809848004804577
26402,SMOOTH_TIME,19,0.041911206676308405,0.8923105941597028
26402,SMOOTH_TIME,20,0.04260676872030752,0.9025585960696388
26402,SMOOTH_TIME,21,0.042546624446790415,0.9118313716578529
26402,SMOOTH_TIME,22,0.043174385569549854,0.9202217259791197
26402,SMOOTH_TIME,23,0.04344488761295521,0.9278136325195815
26402,SMOOTH_TIME,24,0.04381102309362411,0.9346830736316231
26402,SMOOTH_TIME,25,0.044076708582831414,0.9408988009907927
26402,SMOOTH_TIME,26,0.044879037655187824,0.94652302368568
26402,SMOOTH_TIME,27,0.04490469941096284,0.9516120308273804
26402,SMOOTH_TIME,28,0.044726993090368684,0.9562167549098427
26402,SMOOTH_TIME,29,0.04521226733515469,0.960383281559387
26402,SMOOTH_TIME,30,0.04519749483883626,0.9641533107751381
26402,SMOOTH_TIME,31,0.04537994569457495,0.9675645742766382
26402,SMOOTH_TIME,32,0.04544797548102931,0.9706512131355765
26402,SMOOTH_TIME,33,0.045531811479929275,0.9734441194711073
26402,SMOOTH_TIME,34,0.045713548598091874,0.9759712456285653
26402,SMOOTH_TIME,35,0.04592006945149222,0.9782578839359305
26402,SMOOTH_TIME,36,0.04585729319507511,0.9803269198379495
26402,SMOOTH_TIME,37,0.046201926796856245,0.9821990609413559
26402,SMOOTH_TIME,38,0.04636992544462171,0.9838930442635606
26402,SMOOTH_TIME,39,0.045946227398619456,0.9854258237590211
26402,SMOOTH_TIME,40,0.04669929234401776,0.9868127400001113
26402,SMOOTH_TIME,41,0.04624344862218834,0.988067673710732
26402,SMOOTH_TIME,42,0.04653207183020347,0.9892031846892558
26402,SMOOTH_TIME,43,0.04636326931706466,0.9902306375112157
26402,SMOOTH_TIME,44,0.04624832599712244,0.9911603152697909
26402,SMOOTH_TIME,45,0.04600352260188984,0.9920015224924655
26402,SMOOTH_TIME,46,0.0467334082618109,0.9927626782638638
26402,SMOOTH_TIME,47,0.04660435804632168,0.9934514004867788
26402,SMOOTH_TIME,48,0.0467978536495273,0.9940745821247053
26402,SMOOTH_TIME,49,0.04655875832864883,0.9946384601889343
26402,SMOOTH_TIME,50,0.046714033986024216,0.9951486781606586
26402,SMOOTH_TIME,51,0.0467281042811686,0.9956103424728285
26402,SMOOTH_TIME,52,0.046610496893222254,0.9960280736170524
26402,SMOOTH_TIME,53,0.046760152008035856,0.9964060523870247
26402,SMOOTH_TIME,54,0.047024527062412315,0.9967480617213192
26402,SMOOTH_TIME,55,0.0467269770297852,0.997057524564306
26402,SMOOTH_TIME,56,0.04676122480001732,0.997337538124132
26402,SMOOTH_TIME,57,0.046519435783211216,0.9975909048706205
26402,SMOOTH_TIME,58,0.04690305695044861,0.9978201605833292
26402,SMOOTH_TIME,59,0.046828360502421056,0.9980275997304866
26402,SMOOTH_TIME,60,0.046947595379090955,0.9982152984328002
26402,SMOOTH_TIME,61,0.046699485179882705,0.99838513524197
26402,SMOOTH_TIME,62,0.04710443340327434,0.998538809941867
26402,SMOOTH_TIME,63,0.047263475434826695,0.9986778605605392
26402,SMOOTH_TIME,64,0.04670219154076321,0.9988036787633147
26402,SMOOTH_TIME,65,0.046890993322232004,0.9989175237810562
26402,SMOOTH_TIME,66,0.0466620463474483,0.9990205350129654
26402,SMOOTH_TIME,67,0.04681086030334774,0.9991137434300749
26402,SMOOTH_TIME,68,0.04704485994303814,0.9991980818935514
26402,SMOOTH_TIME,69,0.047148548042327765,0.999274394491085
26402,SMOOTH_TIME,70,0.046903460259984424,0.9993434449848008
26402,SMOOTH_TIME,71,0.04663317842689304,0.9994059244552483
26402,SMOOTH_TIME,72,0.047399323624811744,0.9994624582179691
26402,SMOOTH_TIME,73,0.0470033075612993,0.9995136120818605
26402,SMOOTH_TIME,74,0.04666612245124763,0.9995598980119863
26402,SMOOTH_TIME,75,0.04691986486261229,0.9996017792534938
26402,SMOOTH_TIME,76,0.04672727319408965,0.9996396749679229
26402,SMOOTH_TIME,77,0.04705591671917161,0.9996739644283216
26402,SMOOTH_TIME,78,0.04655013856626516,0.9997049908151344
26402,SMOOTH_TIME,79,0.04693882892943165,0.9997330646508692
26402,SMOOTH_TIME,80,0.04640133489952481,0.99975846690791
26402,SMOOTH_TIME,81,0.04657953258050563,0.9997814518205832
26402,SMOOTH_TIME,82,0.046928301304899646,0.9998022494296203
26402,SMOOTH_TIME,83,0.0467487666663429,0.9998210678844827
26402,SMOOTH_TIME,84,0.046382764019886676,0.9998380955265914
26402,SMOOTH_TIME,85,0.04662351359137035,0.9998535027743126
26402,SMOOTH_TIME,86,0.04660817018551137,0.9998674438285596
26402,SMOOTH_TIME,87,0.046973097267337637,0.9998800582160889
26402,SMOOTH_TIME,88,0.04702118759364402,0.9998914721859312
26402,SMOOTH_TIME,89,0.04710589056841208,0.999901799972933
26402,SMOOTH_TIME,90,0.04668710104473731,0.9999111449410575
26402,SMOOTH_TIME,91,0.04662462573344326,0.9999196006178869
26402,SMOOTH_TIME,92,0.046770202589859845,0.9999272516306772
26402,SMOOTH_TIME,93,0.04680569413250235,0.9999341745533356
26402,SMOOTH_TIME,94,0.04702350092472434,0.9999404386727994
26402,SMOOTH_TIME,95,0.0468400074472218,0.999946106682481
26402,SMOOTH_TIME,96,0.04657855495196885,0.9999512353097266
26402,SMOOTH_TIME,97,0.04684218170669304,0.9999558758835616
26402,SMOOTH_TIME,98,0.04684135101167264,0.9999600748484087
26402,SMOOTH_TIME,99,0.047317278096158245,0.9999638742289195
26402,SMOOTH_TIME,100,0.0470415843316071,0.9999673120505713
26402,HARD_STEP,1,0.013340306120952708,0.2800000000000001
26402,HARD_STEP,2,0.01323292507993612,0.2800000000000001
26402,HARD_STEP,3,0.013363318456369724,0.2800000000000001
26402,HARD_STEP,4,0.013239519601547076,0.2800000000000001
26402,HARD_STEP,5,0.013204608996475643,0.2800000000000001
26402,HARD_STEP,6,0.013247630826609166,0.2800000000000001
26402,HARD_STEP,7,0.013203563233699972,0.2800000000000001
26402,HARD_STEP,8,0.01322531386658718,0.2800000000000001
26402,HARD_STEP,9,0.013297676972533435,0.2800000000000001
26402,HARD_STEP,10,0.013175119695927778,0.2800000000000001
26402,HARD_STEP,11,0.013264181201145767,0.2800000000000001
26402,HARD_STEP,12,0.013352497945298936,0.2800000000000001
26402,HARD_STEP,13,0.04659598864136107,1.0
26402,HARD_STEP,14,0.046988637922044135,1.0
26402,HARD_STEP,15,0.0468561952920599,1.0
26402,HARD_STEP,16,0.047035350691387805,1.0
26402,HARD_STEP,17,0.047054268724417446,1.0
26402,HARD_STEP,18,0.04686855537135879,1.0
26402,HARD_STEP,19,0.04694284992751415,1.0
26402,HARD_STEP,20,0.0471867402146986,1.0
26402,HARD_STEP,21,0.04664971615513566,1.0
26402,HARD_STEP,22,0.04691466287081495,1.0
26402,HARD_STEP,23,0.04682760858825785,1.0
26402,HARD_STEP,24,0.04688050979114879,1.0
26402,HARD_STEP,25,0.0468605284610804,1.0
26402,HARD_STEP,26,0.04743335985995958,1.0
26402,HARD_STEP,27,0.047214064909021136,1.0
26402,HARD_STEP,28,0.04680265030101824,1.0
26402,HARD_STEP,29,0.047109940721186766,1.0
26402,HARD_STEP,30,0.04691280384152103,1.0
26402,HARD_STEP,31,0.04694041695185875,1.0
26402,HARD_STEP,32,0.04686337036521587,1.0
26402,HARD_STEP,33,0.04681705191728353,1.0
26402,HARD_STEP,34,0.046886097259258026,1.0
26402,HARD_STEP,35,0.04699000581119279,1.0
26402,HARD_STEP,36,0.04682765057673233,1.0
26402,HARD_STEP,37,0.04709115794211154,1.0
26402,HARD_STEP,38,0.04718215138522543,1.0
26402,HARD_STEP,39,0.046681057319368786,1.0
26402,HARD_STEP,40,0.04738151188059192,1.0
26402,HARD_STEP,41,0.04685793445692671,1.0
26402,HARD_STEP,42,0.04709879275186427,1.0
26402,HARD_STEP,43,0.04688154343345676,1.0
26402,HARD_STEP,44,0.046722664698276926,1.0
26402,HARD_STEP,45,0.04643541213769146,1.0
26402,HARD_STEP,46,0.047137062680414836,1.0
26402,HARD_STEP,47,0.046974967268002286,1.0
26402,HARD_STEP,48,0.04714048342364437,1.0
26402,HARD_STEP,49,0.046873129610436305,1.0
26402,HARD_STEP,50,0.0470059033086184,1.0
26402,HARD_STEP,51,0.04700022738835539,1.0
26402,HARD_STEP,52,0.04686069562978432,1.0
26402,HARD_STEP,53,0.04699331390285801,1.0
26402,HARD_STEP,54,0.04724323901758939,1.0
26402,HARD_STEP,55,0.04693191965050169,1.0
26402,HARD_STEP,56,0.04695236562887675,1.0
26402,HARD_STEP,57,0.04669814404252676,1.0
26402,HARD_STEP,58,0.04707096199606723,1.0
26402,HARD_STEP,59,0.04698673805038772,1.0
26402,HARD_STEP,60,0.04709950823431392,1.0
26402,HARD_STEP,61,0.04684128102183183,1.0
26402,HARD_STEP,62,0.04723932438393932,1.0
26402,HARD_STEP,63,0.047394860492277834,1.0
26402,HARD_STEP,64,0.04682644528662779,1.0
26402,HARD_STEP,65,0.04700919107708277,1.0
26402,HARD_STEP,66,0.046774578971564944,1.0
26402,HARD_STEP,67,0.0469194019410199,1.0
26402,HARD_STEP,68,0.04714999230422623,1.0
26402,HARD_STEP,69,0.047251699219519584,1.0
26402,HARD_STEP,70,0.047002817273428595,1.0
26402,HARD_STEP,71,0.04672968708145995,1.0
26402,HARD_STEP,72,0.04749456466188884,1.0
26402,HARD_STEP,73,0.0470949873877598,1.0
26402,HARD_STEP,74,0.04675583293966656,1.0
26402,HARD_STEP,75,0.047007721541794494,1.0
26402,HARD_STEP,76,0.04681306199053148,1.0
26402,HARD_STEP,77,0.047140717644524065,1.0
26402,HARD_STEP,78,0.04663153954765672,1.0
26402,HARD_STEP,79,0.04702073276974402,1.0
26402,HARD_STEP,80,0.04648096985725216,1.0
26402,HARD_STEP,81,0.04665844752804804,1.0
26402,HARD_STEP,82,0.04700565149740905,1.0
26402,HARD_STEP,83,0.046826045865148234,1.0
26402,HARD_STEP,84,0.04645836575312586,1.0
26402,HARD_STEP,85,0.046698278508405446,1.0
26402,HARD_STEP,86,0.04668297149257431,1.0
26402,HARD_STEP,87,0.04704707576261746,1.0
26402,HARD_STEP,88,0.04709540866593683,1.0
26402,HARD_STEP,89,0.04718100061973577,1.0
26402,HARD_STEP,90,0.04675938437975302,1.0
26402,HARD_STEP,91,0.04669371412996382,1.0
26402,HARD_STEP,92,0.04684284674888469,1.0
26402,HARD_STEP,93,0.04687820753424096,1.0
26402,HARD_STEP,94,0.047096205390366776,1.0
26402,HARD_STEP,95,0.046912762032851864,1.0
26402,HARD_STEP,96,0.04665050266483134,1.0
26402,HARD_STEP,97,0.04691273991964223,1.0
26402,HARD_STEP,98,0.046911015417072634,1.0
26402,HARD_STEP,99,0.047388205876377466,1.0
26402,HARD_STEP,100,0.04711338599963352,1.0
26402,REFRACTORY_TIME,1,0.013342084337711647,0.2800000000000001
26402,REFRACTORY_TIME,2,0.013234794772778273,0.2800000000000001
26402,REFRACTORY_TIME,3,0.013365212663500778,0.2800000000000001
26402,REFRACTORY_TIME,4,0.01324138087264333,0.2800000000000001
26402,REFRACTORY_TIME,5,0.013206524087780452,0.2800000000000001
26402,REFRACTORY_TIME,6,0.013249458241120953,0.2800000000000001
26402,REFRACTORY_TIME,7,0.013205578708906672,0.2800000000000001
26402,REFRACTORY_TIME,8,0.01322713650155482,0.2800000000000001
26402,REFRACTORY_TIME,9,0.013299602772959421,0.2800000000000001
26402,REFRACTORY_TIME,10,0.013176952684438123,0.2800000000000001
26402,REFRACTORY_TIME,11,0.013266067205239082,0.2800000000000001
26402,REFRACTORY_TIME,12,0.0133545028015601,0.2800000000000001
26402,REFRACTORY_TIME,13,0.016371045865945733,0.3485170590141093
26402,REFRACTORY_TIME,14,0.01944366680157988,0.410513857783853
26402,REFRACTORY_TIME,15,0.022030022624044143,0.4666108811091633
26402,REFRACTORY_TIME,16,0.02451056321963364,0.5173695668543398
26402,REFRACTORY_TIME,17,0.02668506894035712,0.5632979250069038
26402,REFRACTORY_TIME,18,0.028525951134092953,0.604855622012301
26402,REFRACTORY_TIME,19,0.03033521486276373,0.6424585812701852
26402,REFRACTORY_TIME,20,0.03209598379928413,0.6764831458356005
26402,REFRACTORY_TIME,21,0.033157414731373604,0.7072698449867687
26402,REFRACTORY_TIME,22,0.03464774221516744,0.7351268023565617
26402,REFRACTORY_TIME,23,0.03575564318918356,0.7603328197373828
26402,REFRACTORY_TIME,24,0.0368585544221502,0.7831401674232145
26402,REFRACTORY_TIME,25,0.03780001244699085,0.8037771090155114
26402,REFRACTORY_TIME,26,0.03914246712629585,0.8224501859620433
26402,REFRACTORY_TIME,27,0.0397494242158553,0.8393462846931304
26402,REFRACTORY_TIME,28,0.04010902761133618,0.8546345070438478
26402,REFRACTORY_TIME,29,0.04101708079924955,0.8684678626820314
26402,REFRACTORY_TIME,30,0.04142623078443389,0.8809848004804577
26402,REFRACTORY_TIME,31,0.04197371667195147,0.8923105941597028
26402,REFRACTORY_TIME,32,0.042378189729077254,0.9025585960696388
26402,REFRACTORY_TIME,33,0.04276510139411488,0.9118313716578529
26402,REFRACTORY_TIME,34,0.04321567266120896,0.9202217259791197
26402,REFRACTORY_TIME,35,0.043662703804089674,0.9278136325195815
26402,REFRACTORY_TIME,36,0.04382966395786442,0.9346830736316231
26402,REFRACTORY_TIME,37,0.0443644368243347,0.9408988009907927
26402,REFRACTORY_TIME,38,0.04471147714398723,0.94652302368568
26402,REFRACTORY_TIME,39,0.0444689722109922,0.9516120308273804
26402,REFRACTORY_TIME,40,0.045352296916452116,0.9562167549098427
26402,REFRACTORY_TIME,41,0.04504302610520199,0.960383281559387
26402,REFRACTORY_TIME,42,0.045449060157930786,0.9641533107751381
26402,REFRACTORY_TIME,43,0.04539475699006731,0.9675645742766382
26402,REFRACTORY_TIME,44,0.04538253157151214,0.9706512131355765
26402,REFRACTORY_TIME,45,0.045232271340187036,0.9734441194711073
26402,REFRACTORY_TIME,46,0.04603270016719333,0.9759712456285653
26402,REFRACTORY_TIME,47,0.04598034328295612,0.9782578839359305
26402,REFRACTORY_TIME,48,0.04623780968241003,0.9803269198379495
26402,REFRACTORY_TIME,49,0.046061469457557985,0.9821990609413559
26402,REFRACTORY_TIME,50,0.046269343557012614,0.9838930442635606
26402,REFRACTORY_TIME,51,0.04633491481221933,0.9854258237590211
26402,REFRACTORY_TIME,52,0.04626168723572612,0.9868127400001113
26402,REFRACTORY_TIME,53,0.04645190100639074,0.988067673710732
26402,REFRACTORY_TIME,54,0.04675154069644651,0.9892031846892558
26402,REFRACTORY_TIME,55,0.04648866968623005,0.9902306375112157
26402,REFRACTORY_TIME,56,0.046552032269261655,0.9911603152697909
26402,REFRACTORY_TIME,57,0.046338796894438615,0.9920015224924655
26402,REFRACTORY_TIME,58,0.046743966396142235,0.9927626782638638
26402,REFRACTORY_TIME,59,0.046692326681354444,0.9934514004867788
26402,REFRACTORY_TIME,60,0.04683318268319928,0.9940745821247053
26402,REFRACTORY_TIME,61,0.04660285057894278,0.9946384601889343
26402,REFRACTORY_TIME,62,0.04702223046660681,0.9951486781606586
26402,REFRACTORY_TIME,63,0.04719771673423354,0.9956103424728285
26402,REFRACTORY_TIME,64,0.04665207497459312,0.9960280736170524
26402,REFRACTORY_TIME,65,0.04685072717884705,0.9964060523870247
26402,REFRACTORY_TIME,66,0.046633198251105956,0.9967480617213192
26402,REFRACTORY_TIME,67,0.046791750396354005,0.997057524564306
26402,REFRACTORY_TIME,68,0.04703423386636308,0.997337538124132
26402,REFRACTORY_TIME,69,0.04714691358537301,0.9975909048706205
26402,REFRACTORY_TIME,70,0.046910707922973194,0.9978201605833292
26402,REFRACTORY_TIME,71,0.046646753009461916,0.9980275997304866
26402,REFRACTORY_TIME,72,0.04741770168512822,0.9982152984328002
26402,REFRACTORY_TIME,73,0.04702888264696039,0.99838513524197
26402,REFRACTORY_TIME,74,0.04669411211807515,0.998538809941867
26402,REFRACTORY_TIME,75,0.04695325035928338,0.9986778605605392
26402,REFRACTORY_TIME,76,0.046764682090530786,0.9988036787633147
26402,REFRACTORY_TIME,77,0.04709819738231177,0.9989175237810562
26402,REFRACTORY_TIME,78,0.04659398950621759,0.9990205350129654
26402,REFRACTORY_TIME,79,0.04698636431076438,0.9991137434300749
26402,REFRACTORY_TIME,80,0.046450916826879886,0.9991980818935514
26402,REFRACTORY_TIME,81,0.04663183570110818,0.999274394491085
26402,REFRACTORY_TIME,82,0.04698241791799146,0.9993434449848008
26402,REFRACTORY_TIME,83,0.04680566035701256,0.9994059244552483
26402,REFRACTORY_TIME,84,0.04643996417046239,0.9994624582179691
26402,REFRACTORY_TIME,85,0.046683121639324664,0.9995136120818605
26402,REFRACTORY_TIME,86,0.04667005263134005,0.9995598980119863
26402,REFRACTORY_TIME,87,0.04703610581546611,0.9996017792534938
26402,REFRACTORY_TIME,88,0.04708710714560201,0.9996396749679229
26402,REFRACTORY_TIME,89,0.0471721041488618,0.9996739644283216
26402,REFRACTORY_TIME,90,0.04675296563220691,0.9997049908151344
26402,REFRACTORY_TIME,91,0.04668980804248204,0.9997330646508692
26402,REFRACTORY_TIME,92,0.046838558496144135,0.99975846690791
26402,REFRACTORY_TIME,93,0.04687450956897054,0.9997814518205832
26402,REFRACTORY_TIME,94,0.047093497788314766,0.9998022494296203
26402,REFRACTORY_TIME,95,0.0469109767444256,0.9998210678844827
26402,REFRACTORY_TIME,96,0.04665084837998693,0.9998380955265914
26402,REFRACTORY_TIME,97,0.04691443613578113,0.9998535027743126
26402,REFRACTORY_TIME,98,0.046912928664898705,0.9998674438285596
26402,REFRACTORY_TIME,99,0.04739060260886572,0.9998800582160889
26402,REFRACTORY_TIME,100,0.04711475058465772,0.9998914721859312
26403,NO_REPLENISH,1,0.013306505452026251,0.2800000000000001
26403,NO_REPLENISH,2,0.013201651868440667,0.2800000000000001
26403,NO_REPLENISH,3,0.013302679616839513,0.2800000000000001
26403,NO_REPLENISH,4,0.013290390178591913,0.2800000000000001
26403,NO_REPLENISH,5,0.013209968804520598,0.2800000000000001
26403,NO_REPLENISH,6,0.013283317558934027,0.2800000000000001
26403,NO_REPLENISH,7,0.013343165023790182,0.2800000000000001
26403,NO_REPLENISH,8,0.013169177555357315,0.2800000000000001
26403,NO_REPLENISH,9,0.013142345342363386,0.2800000000000001
26403,NO_REPLENISH,10,0.013319825158758508,0.2800000000000001
26403,NO_REPLENISH,11,0.013259888391987445,0.2800000000000001
26403,NO_REPLENISH,12,0.013225266246013308,0.2800000000000001
26403,NO_REPLENISH,13,0.013252434734765048,0.2800000000000001
26403,NO_REPLENISH,14,0.013164140376523132,0.2800000000000001
26403,NO_REPLENISH,15,0.013243307469604532,0.2800000000000001
26403,NO_REPLENISH,16,0.01328883303637377,0.2800000000000001
26403,NO_REPLENISH,17,0.013304961513670345,0.2800000000000001
26403,NO_REPLENISH,18,0.013259294266736827,0.2800000000000001
26403,NO_REPLENISH,19,0.013282626408581211,0.2800000000000001
26403,NO_REPLENISH,20,0.013266704390530818,0.2800000000000001
26403,NO_REPLENISH,21,0.01325228002061408,0.2800000000000001
26403,NO_REPLENISH,22,0.01324866013302097,0.2800000000000001
26403,NO_REPLENISH,23,0.013244149887672335,0.2800000000000001
26403,NO_REPLENISH,24,0.013183109697538081,0.2800000000000001
26403,NO_REPLENISH,25,0.013239858379825817,0.2800000000000001
26403,NO_REPLENISH,26,0.013265286262078896,0.2800000000000001
26403,NO_REPLENISH,27,0.01327531030705608,0.2800000000000001
26403,NO_REPLENISH,28,0.013276798473085397,0.2800000000000001
26403,NO_REPLENISH,29,0.013263226776179665,0.2800000000000001
26403,NO_REPLENISH,30,0.013309838342857002,0.2800000000000001
26403,NO_REPLENISH,31,0.013240458456014048,0.2800000000000001
26403,NO_REPLENISH,32,0.013288082537980929,0.2800000000000001
26403,NO_REPLENISH,33,0.013288295269891892,0.2800000000000001
26403,NO_REPLENISH,34,0.01319053208247004,0.2800000000000001
26403,NO_REPLENISH,35,0.013285321991395269,0.2800000000000001
26403,NO_REPLENISH,36,0.013238856169362817,0.2800000000000001
26403,NO_REPLENISH,37,0.013142911019759562,0.2800000000000001
26403,NO_REPLENISH,38,0.013321232535700014,0.2800000000000001
26403,NO_REPLENISH,39,0.013350405591439962,0.2800000000000001
26403,NO_REPLENISH,40,0.01324298126892758,0.2800000000000001
26403,NO_REPLENISH,41,0.013151571808944796,0.2800000000000001
26403,NO_REPLENISH,42,0.013383025459675816,0.2800000000000001
26403,NO_REPLENISH,43,0.013247156287746323,0.2800000000000001
26403,NO_REPLENISH,44,0.013237119837394368,0.2800000000000001
26403,NO_REPLENISH,45,0.013283161139240142,0.2800000000000001
26403,NO_REPLENISH,46,0.013241087855455039,0.2800000000000001
26403,NO_REPLENISH,47,0.013308081047882168,0.2800000000000001
26403,NO_REPLENISH,48,0.013214314237070967,0.2800000000000001
26403,NO_REPLENISH,49,0.013329048708870486,0.2800000000000001
26403,NO_REPLENISH,50,0.01318874666249451,0.2800000000000001
26403,NO_REPLENISH,51,0.013161077958982257,0.2800000000000001
26403,NO_REPLENISH,52,0.013229995698469525,0.2800000000000001
26403,NO_REPLENISH,53,0.013211276453871068,0.2800000000000001
26403,NO_REPLENISH,54,0.013283293489950823,0.2800000000000001
26403,NO_REPLENISH,55,0.013257515936244713,0.2800000000000001
26403,NO_REPLENISH,56,0.013214545534403899,0.2800000000000001
26403,NO_REPLENISH,57,0.013282008263835054,0.2800000000000001
26403,NO_REPLENISH,58,0.013169552834781837,0.2800000000000001
26403,NO_REPLENISH,59,0.013250691316613064,0.2800000000000001
26403,NO_REPLENISH,60,0.013291457734009962,0.2800000000000001
26403,NO_REPLENISH,61,0.013339339828867265,0.2800000000000001
26403,NO_REPLENISH,62,0.01318637223430331,0.2800000000000001
26403,NO_REPLENISH,63,0.013175178919630054,0.2800000000000001
26403,NO_REPLENISH,64,0.013293349994833073,0.2800000000000001
26403,NO_REPLENISH,65,0.013107139439994536,0.2800000000000001
26403,NO_REPLENISH,66,0.013178307489818847,0.2800000000000001
26403,NO_REPLENISH,67,0.013269585557962668,0.2800000000000001
26403,NO_REPLENISH,68,0.013328392685255805,0.2800000000000001
26403,NO_REPLENISH,69,0.013239029376279974,0.2800000000000001
26403,NO_REPLENISH,70,0.013250516506990532,0.2800000000000001
26403,NO_REPLENISH,71,0.013258386953673268,0.2800000000000001
26403,NO_REPLENISH,72,0.013150180823591984,0.2800000000000001
26403,NO_REPLENISH,73,0.013323428298568965,0.2800000000000001
26403,NO_REPLENISH,74,0.013117155497763952,0.2800000000000001
26403,NO_REPLENISH,75,0.013283464994553379,0.2800000000000001
26403,NO_REPLENISH,76,0.013228764032468,0.2800000000000001
26403,NO_REPLENISH,77,0.013219858258211164,0.2800000000000001
26403,NO_REPLENISH,78,0.0134346960752698,0.2800000000000001
26403,NO_REPLENISH,79,0.013380354819014971,0.2800000000000001
26403,NO_REPLENISH,80,0.01324731769858708,0.2800000000000001
26403,NO_REPLENISH,81,0.013226437972302043,0.2800000000000001
26403,NO_REPLENISH,82,0.01333825924989146,0.2800000000000001
26403,NO_REPLENISH,83,0.013295172457848189,0.2800000000000001
26403,NO_REPLENISH,84,0.013325591126830174,0.2800000000000001
26403,NO_REPLENISH,85,0.013235174322275542,0.2800000000000001
26403,NO_REPLENISH,86,0.013284885014520664,0.2800000000000001
26403,NO_REPLENISH,87,0.013306938415494338,0.2800000000000001
26403,NO_REPLENISH,88,0.013213214586155575,0.2800000000000001
26403,NO_REPLENISH,89,0.013214706423444335,0.2800000000000001
26403,NO_REPLENISH,90,0.013297287531896781,0.2800000000000001
26403,NO_REPLENISH,91,0.013176803593654309,0.2800000000000001
26403,NO_REPLENISH,92,0.013291475741677543,0.2800000000000001
26403,NO_REPLENISH,93,0.013358414519037817,0.2800000000000001
26403,NO_REPLENISH,94,0.01328260857188089,0.2800000000000001
26403,NO_REPLENISH,95,0.013286411525891245,0.2800000000000001
26403,NO_REPLENISH,96,0.013284129078949027,0.2800000000000001
26403,NO_REPLENISH,97,0.01315853485054544,0.2800000000000001
26403,NO_REPLENISH,98,0.013272883801968352,0.2800000000000001
26403,NO_REPLENISH,99,0.013218443492485882,0.2800000000000001
26403,NO_REPLENISH,100,0.013264873531378632,0.2800000000000001
26403,SMOOTH_TIME,1,0.01654660815847592,0.3485170590141093
26403,SMOOTH_TIME,2,0.019332382297805917,0.410513857783853
26403,SMOOTH_TIME,3,0.022134236928949513,0.4666108811091633
26403,SMOOTH_TIME,4,0.024508745119662122,0.5173695668543398
26403,SMOOTH_TIME,5,0.02651193659202583,0.5632979250069038
26403,SMOOTH_TIME,6,0.028612344662390963,0.604855622012301
26403,SMOOTH_TIME,7,0.03051242835647551,0.6424585812701852
26403,SMOOTH_TIME,8,0.0316993923299392,0.6764831458356005
26403,SMOOTH_TIME,9,0.0330619057633259,0.7072698449867687
26403,SMOOTH_TIME,10,0.03480905511017162,0.7351268023565617
26403,SMOOTH_TIME,11,0.03582892495320466,0.7603328197373828
26403,SMOOTH_TIME,12,0.03679556472366356,0.7831401674232145
26403,SMOOTH_TIME,13,0.037829056547206065,0.8037771090155114
26403,SMOOTH_TIME,14,0.038442165861625376,0.8224501859620433
26403,SMOOTH_TIME,15,0.03945328355837169,0.8393462846931304
26403,SMOOTH_TIME,16,0.04029714130440425,0.8546345070438478
26403,SMOOTH_TIME,17,0.0409893682430064,0.8684678626820314
26403,SMOOTH_TIME,18,0.041429473911818775,0.8809848004804577
26403,SMOOTH_TIME,19,0.04202672971905278,0.8923105941597028
26403,SMOOTH_TIME,20,0.04245231782694577,0.9025585960696388
26403,SMOOTH_TIME,21,0.042835996769653516,0.9118313716578529
26403,SMOOTH_TIME,22,0.04321219519124855,0.9202217259791197
26403,SMOOTH_TIME,23,0.04354729342674866,0.9278136325195815
26403,SMOOTH_TIME,24,0.04366528318025071,0.9346830736316231
26403,SMOOTH_TIME,25,0.044136476103440035,0.9408988009907927
26403,SMOOTH_TIME,26,0.04447952712528288,0.94652302368568
26403,SMOOTH_TIME,27,0.04474812747383977,0.9516120308273804
26403,SMOOTH_TIME,28,0.04496537543996148,0.9562167549098427
26403,SMOOTH_TIME,29,0.045111410056531354,0.960383281559387
26403,SMOOTH_TIME,30,0.04544202750635736,0.9641533107751381
26403,SMOOTH_TIME,31,0.045366053963407704,0.9675645742766382
26403,SMOOTH_TIME,32,0.04566910758694276,0.9706512131355765
26403,SMOOTH_TIME,33,0.04579816923654632,0.9734441194711073
26403,SMOOTH_TIME,34,0.0455834410706637,0.9759712456285653
26403,SMOOTH_TIME,35,0.04601138729689267,0.9782578839359305
26403,SMOOTH_TIME,36,0.04594743891998373,0.9803269198379495
26403,SMOOTH_TIME,37,0.04570729248655899,0.9821990609413559
26403,SMOOTH_TIME,38,0.04639427398801996,0.9838930442635606
26403,SMOOTH_TIME,39,0.046563738251349525,0.9854258237590211
26403,SMOOTH_TIME,40,0.04626111721231466,0.9868127400001113
26403,SMOOTH_TIME,41,0.046004800575711484,0.988067673710732
26403,SMOOTH_TIME,42,0.046850799439479764,0.9892031846892558
26403,SMOOTH_TIME,43,0.04643174945311062,0.9902306375112157
26403,SMOOTH_TIME,44,0.04643909754241208,0.9911603152697909
26403,SMOOTH_TIME,45,0.04663703543277292,0.9920015224924655
26403,SMOOTH_TIME,46,0.04652749051373437,0.9927626782638638
26403,SMOOTH_TIME,47,0.0467907837774651,0.9934514004867788
26403,SMOOTH_TIME,48,0.046497076704390634,0.9940745821247053
26403,SMOOTH_TIME,49,0.04691813637414196,0.9946384601889343
26403,SMOOTH_TIME,50,0.04645604062617756,0.9951486781606586
26403,SMOOTH_TIME,51,0.04638312112069145,0.9956103424728285
26403,SMOOTH_TIME,52,0.046640087202967646,0.9960280736170524
26403,SMOOTH_TIME,53,0.0465922393855881,0.9964060523870247
26403,SMOOTH_TIME,54,0.04685741494082594,0.9967480617213192
26403,SMOOTH_TIME,55,0.04678325463723102,0.997057524564306
26403,SMOOTH_TIME,56,0.046646012042605434,0.997337538124132
26403,SMOOTH_TIME,57,0.046891832240797626,0.9975909048706205
26403,SMOOTH_TIME,58,0.046512174345573976,0.9978201605833292
26403,SMOOTH_TIME,59,0.046801168465108345,0.9980275997304866
26403,SMOOTH_TIME,60,0.04695324463381425,0.9982152984328002
26403,SMOOTH_TIME,61,0.04712603377112531,0.99838513524197
26403,SMOOTH_TIME,62,0.046603154521287486,0.998538809941867
26403,SMOOTH_TIME,63,0.046570817752618905,0.9986778605605392
26403,SMOOTH_TIME,64,0.04698559341657723,0.9988036787633147
26403,SMOOTH_TIME,65,0.04634652628971935,0.9989175237810562
26403,SMOOTH_TIME,66,0.04659843773028483,0.9990205350129654
26403,SMOOTH_TIME,67,0.04691691798113982,0.9991137434300749
26403,SMOOTH_TIME,68,0.04712728434461544,0.9991980818935514
26403,SMOOTH_TIME,69,0.046821471655348834,0.999274394491085
26403,SMOOTH_TIME,70,0.046862113986663324,0.9993434449848008
26403,SMOOTH_TIME,71,0.04689408222262335,0.9994059244552483
26403,SMOOTH_TIME,72,0.04652011699226514,0.9994624582179691
26403,SMOOTH_TIME,73,0.047123479514988464,0.9995136120818605
26403,SMOOTH_TIME,74,0.04640978102399317,0.9995598980119863
26403,SMOOTH_TIME,75,0.046988314614100864,0.9996017792534938
26403,SMOOTH_TIME,76,0.046801149205573024,0.9996396749679229
26403,SMOOTH_TIME,77,0.04677048363925368,0.9996739644283216
26403,SMOOTH_TIME,78,0.047517985184233634,0.9997049908151344
26403,SMOOTH_TIME,79,0.047329295974331,0.9997330646508692
26403,SMOOTH_TIME,80,0.04687050726961292,0.99975846690791
26403,SMOOTH_TIME,81,0.04679860256584841,0.9997814518205832
26403,SMOOTH_TIME,82,0.04718605282004453,0.9998022494296203
26403,SMOOTH_TIME,83,0.047039642515393075,0.9998210678844827
26403,SMOOTH_TIME,84,0.04714497243845104,0.9998380955265914
26403,SMOOTH_TIME,85,0.04683290777633128,0.9998535027743126
26403,SMOOTH_TIME,86,0.04700582434876744,0.9998674438285596
26403,SMOOTH_TIME,87,0.04708310060231904,0.9998800582160889
26403,SMOOTH_TIME,88,0.04675939312821938,0.9998914721859312
26403,SMOOTH_TIME,89,0.046764681370224846,0.999901799972933
26403,SMOOTH_TIME,90,0.04705026805394452,0.9999111449410575
26403,SMOOTH_TIME,91,0.04663329423959566,0.9999196006178869
26403,SMOOTH_TIME,92,0.047031708407987614,0.9999272516306772
26403,SMOOTH_TIME,93,0.04726398199911824,0.9999341745533356
26403,SMOOTH_TIME,94,0.04700056276833014,0.9999404386727994
26403,SMOOTH_TIME,95,0.04701380440660897,0.999946106682481
26403,SMOOTH_TIME,96,0.04700540313463142,0.9999512353097266
26403,SMOOTH_TIME,97,0.046571804509958285,0.9999558758835616
26403,SMOOTH_TIME,98,0.04696915256042319,0.9999600748484087
26403,SMOOTH_TIME,99,0.04677963088126061,0.9999638742289195
26403,SMOOTH_TIME,100,0.046941473033826835,0.9999673120505713
26403,HARD_STEP,1,0.013293621551295626,0.2800000000000001
26403,HARD_STEP,2,0.01318887784576763,0.2800000000000001
26403,HARD_STEP,3,0.013289793103584515,0.2800000000000001
26403,HARD_STEP,4,0.013277525703697564,0.2800000000000001
26403,HARD_STEP,5,0.013197091748757772,0.2800000000000001
26403,HARD_STEP,6,0.013270589760449666,0.2800000000000001
26403,HARD_STEP,7,0.013330091312414596,0.2800000000000001
26403,HARD_STEP,8,0.013156350334022815,0.2800000000000001
26403,HARD_STEP,9,0.01312952342567624,0.2800000000000001
26403,HARD_STEP,10,0.013306775538294893,0.2800000000000001
26403,HARD_STEP,11,0.013246929319985381,0.2800000000000001
26403,HARD_STEP,12,0.013212409281114418,0.2800000000000001
26403,HARD_STEP,13,0.0469014453593626,1.0
26403,HARD_STEP,14,0.046595357188764,1.0
26403,HARD_STEP,15,0.046868985080604615,1.0
26403,HARD_STEP,16,0.04702898823719199,1.0
26403,HARD_STEP,17,0.047084043883629245,1.0
26403,HARD_STEP,18,0.04692453373272703,1.0
26403,HARD_STEP,19,0.04700616172512694,1.0
26403,HARD_STEP,20,0.046950582331861244,1.0
26403,HARD_STEP,21,0.04690206275455664,1.0
26403,HARD_STEP,22,0.046889561954527405,1.0
26403,HARD_STEP,23,0.04687423368350834,1.0
26403,HARD_STEP,24,0.04666207762616731,1.0
26403,HARD_STEP,25,0.04685879121751931,1.0
26403,HARD_STEP,26,0.04694628451044947,1.0
26403,HARD_STEP,27,0.04698136845391218,1.0
26403,HARD_STEP,28,0.04698650567421051,1.0
26403,HARD_STEP,29,0.046939148453854086,1.0
26403,HARD_STEP,30,0.04710209185700057,1.0
26403,HARD_STEP,31,0.04686042933173227,1.0
26403,HARD_STEP,32,0.04702518999095981,1.0
26403,HARD_STEP,33,0.04702575712278034,1.0
26403,HARD_STEP,34,0.04668798208990551,1.0
26403,HARD_STEP,35,0.047015890605520305,1.0
26403,HARD_STEP,36,0.04685634754658239,1.0
26403,HARD_STEP,37,0.046522767968212954,1.0
26403,HARD_STEP,38,0.04714082904377451,1.0
26403,HARD_STEP,39,0.047242202765185294,1.0
26403,HARD_STEP,40,0.046869789810722005,1.0
26403,HARD_STEP,41,0.046553324035341924,1.0
26403,HARD_STEP,42,0.0473546632755931,1.0
26403,HARD_STEP,43,0.04688302361427227,1.0
26403,HARD_STEP,44,0.04684850795045096,1.0
26403,HARD_STEP,45,0.047008395443976884,1.0
26403,HARD_STEP,46,0.0468620312580074,1.0
26403,HARD_STEP,47,0.04709577723637009,1.0
26403,HARD_STEP,48,0.04677062597504424,1.0
26403,HARD_STEP,49,0.047168601132835795,1.0
26403,HARD_STEP,50,0.04668053093133479,1.0
26403,HARD_STEP,51,0.04658643917562182,1.0
26403,HARD_STEP,52,0.04682535604435826,1.0
26403,HARD_STEP,53,0.04675977530582762,1.0
26403,HARD_STEP,54,0.04700959560412141,1.0
26403,HARD_STEP,55,0.04692220287575518,1.0
26403,HARD_STEP,56,0.046770641429449145,1.0
26403,HARD_STEP,57,0.047005441509626884,1.0
26403,HARD_STEP,58,0.04661491097794144,1.0
26403,HARD_STEP,59,0.046895791057421,1.0
26403,HARD_STEP,60,0.04703779213286415,1.0
26403,HARD_STEP,61,0.04720383689433306,1.0
26403,HARD_STEP,62,0.04667415588355395,1.0
26403,HARD_STEP,63,0.04663352476968935,1.0
26403,HARD_STEP,64,0.04704404838506573,1.0
26403,HARD_STEP,65,0.04639803029853365,1.0
26403,HARD_STEP,66,0.046645745146684646,1.0
26403,HARD_STEP,67,0.04696203778293153,1.0
26403,HARD_STEP,68,0.0471665048898214,1.0
26403,HARD_STEP,69,0.046856504715233754,1.0
26403,HARD_STEP,70,0.04689579068693567,1.0
26403,HARD_STEP,71,0.04692325997631294,1.0
26403,HARD_STEP,72,0.04654803793966423,1.0
26403,HARD_STEP,73,0.047148275007732554,1.0
26403,HARD_STEP,74,0.04643243469796517,1.0
26403,HARD_STEP,75,0.047009529849321025,1.0
26403,HARD_STEP,76,0.04682090258526178,1.0
26403,HARD_STEP,77,0.04678848333842698,1.0
26403,HARD_STEP,78,0.04753386411744187,1.0
26403,HARD_STEP,79,0.0473460377993366,1.0
26403,HARD_STEP,80,0.046885091191772844,1.0
26403,HARD_STEP,81,0.04681171967018407,1.0
26403,HARD_STEP,82,0.047199120576698395,1.0
26403,HARD_STEP,83,0.04705040818432917,1.0
26403,HARD_STEP,84,0.047154481516633255,1.0
26403,HARD_STEP,85,0.04684215538057921,1.0
26403,HARD_STEP,86,0.047014648372877436,1.0
26403,HARD_STEP,87,0.04709165042333697,1.0
26403,HARD_STEP,88,0.04676618681812914,1.0
26403,HARD_STEP,89,0.04677241236369476,1.0
26403,HARD_STEP,90,0.04705821628391155,1.0
26403,HARD_STEP,91,0.04663937744135571,1.0
26403,HARD_STEP,92,0.04703769151884173,1.0
26403,HARD_STEP,93,0.04727052274579241,1.0
26403,HARD_STEP,94,0.04700696463241829,1.0
26403,HARD_STEP,95,0.047019658923035355,1.0
26403,HARD_STEP,96,0.04701042563515806,1.0
26403,HARD_STEP,97,0.046575909355177914,1.0
26403,HARD_STEP,98,0.046974235372226364,1.0
26403,HARD_STEP,99,0.046784310977147005,1.0
26403,HARD_STEP,100,0.046944789510045694,1.0
26403,REFRACTORY_TIME,1,0.013297487444428213,0.2800000000000001
26403,REFRACTORY_TIME,2,0.013192672271727787,0.2800000000000001
26403,REFRACTORY_TIME,3,0.013293740982973501,0.2800000000000001
26403,REFRACTORY_TIME,4,0.013281355703763422,0.2800000000000001
26403,REFRACTORY_TIME,5,0.013201030023039725,0.2800000000000001
26403,REFRACTORY_TIME,6,0.013274323408533656,0.2800000000000001
26403,REFRACTORY_TIME,7,0.013334224728370666,0.2800000000000001
26403,REFRACTORY_TIME,8,0.013160213109634016,0.2800000000000001
26403,REFRACTORY_TIME,9,0.013133422853197838,0.2800000000000001
26403,REFRACTORY_TIME,10,0.013310952360044282,0.2800000000000001
26403,REFRACTORY_TIME,11,0.013250951795749637,0.2800000000000001
26403,REFRACTORY_TIME,12,0.013216357967883285,0.2800000000000001
26403,REFRACTORY_TIME,13,0.016484955138471192,0.3485170590141093
26403,REFRACTORY_TIME,14,0.019283894154033226,0.410513857783853
26403,REFRACTORY_TIME,15,0.022042513222843323,0.4666108811091633
26403,REFRACTORY_TIME,16,0.024513244332952728,0.5173695668543398
26403,REFRACTORY_TIME,17,0.026710043521798288,0.5632979250069038
26403,REFRACTORY_TIME,18,0.02856962807062041,0.604855622012301
26403,REFRACTORY_TIME,19,0.030384728194630502,0.6424585812701852
26403,REFRACTORY_TIME,20,0.03194231790866692,0.6764831458356005
26403,REFRACTORY_TIME,21,0.03334597377956789,0.7072698449867687
26403,REFRACTORY_TIME,22,0.034636697254671465,0.7351268023565617
26403,REFRACTORY_TIME,23,0.035799120267920675,0.7603328197373828
26403,REFRACTORY_TIME,24,0.03669227236267956,0.7831401674232145
26403,REFRACTORY_TIME,25,0.03780673682121096,0.8037771090155114
26403,REFRACTORY_TIME,26,0.038747160038746425,0.8224501859620433
26403,REFRACTORY_TIME,27,0.03956164228939213,0.8393462846931304
26403,REFRACTORY_TIME,28,0.040276427105705635,0.8546345070438478
26403,REFRACTORY_TIME,29,0.040877122268711395,0.8684678626820314
26403,REFRACTORY_TIME,30,0.041600335977429424,0.8809848004804577
26403,REFRACTORY_TIME,31,0.041910539158533745,0.8923105941597028
26403,REFRACTORY_TIME,32,0.042534839911372,0.9025585960696388
26403,REFRACTORY_TIME,33,0.042964812982267266,0.9118313716578529
26403,REFRACTORY_TIME,34,0.04304049415500913,0.9202217259791197
26403,REFRACTORY_TIME,35,0.04369664245989158,0.9278136325195815
26403,REFRACTORY_TIME,36,0.04386244092913245,0.9346830736316231
26403,REFRACTORY_TIME,37,0.04383541114158474,0.9408988009907927
26403,REFRACTORY_TIME,38,0.044680714697192425,0.94652302368568
26403,REFRACTORY_TIME,39,0.045011715161962486,0.9516120308273804
26403,REFRACTORY_TIME,40,0.04486931116742954,0.9562167549098427
26403,REFRACTORY_TIME,41,0.0447552674740165,0.960383281559387
26403,REFRACTORY_TIME,42,0.04570407768828124,0.9641533107751381
26403,REFRACTORY_TIME,43,0.045405781950060696,0.9675645742766382
26403,REFRACTORY_TIME,44,0.04551411606923994,0.9706512131355765
26403,REFRACTORY_TIME,45,0.04579850619584219,0.9734441194711073
26403,REFRACTORY_TIME,46,0.04577223241635103,0.9759712456285653
26403,REFRACTORY_TIME,47,0.046105221943563736,0.9782578839359305
26403,REFRACTORY_TIME,48,0.04588277309954538,0.9803269198379495
26403,REFRACTORY_TIME,49,0.04635900606554503,0.9821990609413559
26403,REFRACTORY_TIME,50,0.045957641124924335,0.9838930442635606
26403,REFRACTORY_TIME,51,0.04593468781367244,0.9854258237590211
26403,REFRACTORY_TIME,52,0.046233113827206185,0.9868127400001113
26403,REFRACTORY_TIME,53,0.04622675006844837,0.988067673710732
26403,REFRACTORY_TIME,54,0.04652582279071884,0.9892031846892558
26403,REFRACTORY_TIME,55,0.0464856128633555,0.9902306375112157
26403,REFRACTORY_TIME,56,0.04638022076425902,0.9911603152697909
26403,REFRACTORY_TIME,57,0.04665102652998454,0.9920015224924655
26403,REFRACTORY_TIME,58,0.04629780129194707,0.9927626782638638
26403,REFRACTORY_TIME,59,0.046609235564807304,0.9934514004867788
26403,REFRACTORY_TIME,60,0.046779907929358884,0.9940745821247053
26403,REFRACTORY_TIME,61,0.046970496739721125,0.9946384601889343
26403,REFRACTORY_TIME,62,0.046465331806118476,0.9951486781606586
26403,REFRACTORY_TIME,63,0.04644796875233884,0.9956103424728285
26403,REFRACTORY_TIME,64,0.046875748775445335,0.9960280736170524
26403,REFRACTORY_TIME,65,0.04624813695603177,0.9964060523870247
26403,REFRACTORY_TIME,66,0.04651086412048632,0.9967480617213192
26403,REFRACTORY_TIME,67,0.046840430412083835,0.997057524564306
26403,REFRACTORY_TIME,68,0.04705804505232893,0.997337538124132
26403,REFRACTORY_TIME,69,0.046760693026140325,0.9975909048706205
26403,REFRACTORY_TIME,70,0.04681001987018093,0.9978201605833292
26403,REFRACTORY_TIME,71,0.04684768394247062,0.9980275997304866
26403,REFRACTORY_TIME,72,0.04648021877692787,0.9982152984328002
26403,REFRACTORY_TIME,73,0.04708819477625994,0.99838513524197
26403,REFRACTORY_TIME,74,0.04638121331875028,0.998538809941867
26403,REFRACTORY_TIME,75,0.04696292848633791,0.9986778605605392
26403,REFRACTORY_TIME,76,0.04678031786019676,0.9988036787633147
26403,REFRACTORY_TIME,77,0.046753215106478334,0.9989175237810562
26403,REFRACTORY_TIME,78,0.047504327239746014,0.9990205350129654
26403,REFRACTORY_TIME,79,0.04731850179977485,0.9991137434300749
26403,REFRACTORY_TIME,80,0.046861931163138006,0.9991980818935514
26403,REFRACTORY_TIME,81,0.04679330371723887,0.999274394491085
26403,REFRACTORY_TIME,82,0.04718348484748921,0.9993434449848008
26403,REFRACTORY_TIME,83,0.047037848534496836,0.9994059244552483
26403,REFRACTORY_TIME,84,0.04714578576473041,0.9994624582179691
26403,REFRACTORY_TIME,85,0.04683522074588031,0.9995136120818605
26403,REFRACTORY_TIME,86,0.04700920931662229,0.9995598980119863
26403,REFRACTORY_TIME,87,0.0470880831444993,0.9996017792534938
26403,REFRACTORY_TIME,88,0.046765444748814645,0.9996396749679229
26403,REFRACTORY_TIME,89,0.04677013938839263,0.9996739644283216
26403,REFRACTORY_TIME,90,0.04705870237664089,0.9997049908151344
26403,REFRACTORY_TIME,91,0.046641963946434,0.9997330646508692
26403,REFRACTORY_TIME,92,0.04704092807069866,0.99975846690791
26403,REFRACTORY_TIME,93,0.04727372647536567,0.9997814518205832
26403,REFRACTORY_TIME,94,0.04701156967597744,0.9998022494296203
26403,REFRACTORY_TIME,95,0.04702556281400674,0.9998210678844827
26403,REFRACTORY_TIME,96,0.04701856195258471,0.9998380955265914
26403,REFRACTORY_TIME,97,0.04658432693191362,0.9998535027743126
26403,REFRACTORY_TIME,98,0.046982023823366414,0.9998674438285596
26403,REFRACTORY_TIME,99,0.046792963576489155,0.9998800582160889
26403,REFRACTORY_TIME,100,0.04695617865212214,0.9998914721859312
26404,NO_REPLENISH,1,0.01316852344002619,0.2800000000000001
26404,NO_REPLENISH,2,0.013336168698505804,0.2800000000000001
26404,NO_REPLENISH,3,0.013316713787727785,0.2800000000000001
26404,NO_REPLENISH,4,0.013312190832090703,0.2800000000000001
26404,NO_REPLENISH,5,0.013234230699031653,0.2800000000000001
26404,NO_REPLENISH,6,0.01324848495129456,0.2800000000000001
26404,NO_REPLENISH,7,0.013197890263141282,0.2800000000000001
26404,NO_REPLENISH,8,0.013248833051288324,0.2800000000000001
26404,NO_REPLENISH,9,0.013265649996279402,0.2800000000000001
26404,NO_REPLENISH,10,0.013238651745210502,0.2800000000000001
26404,NO_REPLENISH,11,0.013284583935989393,0.2800000000000001
26404,NO_REPLENISH,12,0.01327109382716458,0.2800000000000001
26404,NO_REPLENISH,13,0.013171993995564228,0.2800000000000001
26404,NO_REPLENISH,14,0.013158710170169806,0.2800000000000001
26404,NO_REPLENISH,15,0.013227812654765922,0.2800000000000001
26404,NO_REPLENISH,16,0.013309463600261496,0.2800000000000001
26404,NO_REPLENISH,17,0.013190638179828731,0.2800000000000001
26404,NO_REPLENISH,18,0.01317907131006566,0.2800000000000001
26404,NO_REPLENISH,19,0.013295478139520256,0.2800000000000001
26404,NO_REPLENISH,20,0.01320971432523189,0.2800000000000001
26404,NO_REPLENISH,21,0.013155739165968794,0.2800000000000001
26404,NO_REPLENISH,22,0.013333812469100146,0.2800000000000001
26404,NO_REPLENISH,23,0.013268182207657792,0.2800000000000001
26404,NO_REPLENISH,24,0.01321277320016096,0.2800000000000001
26404,NO_REPLENISH,25,0.013280996264850534,0.2800000000000001
26404,NO_REPLENISH,26,0.013251336954617408,0.2800000000000001
26404,NO_REPLENISH,27,0.013281830781680715,0.2800000000000001
26404,NO_REPLENISH,28,0.013239433388041644,0.2800000000000001
26404,NO_REPLENISH,29,0.013270977038843371,0.2800000000000001
26404,NO_REPLENISH,30,0.013119538744552808,0.2800000000000001
26404,NO_REPLENISH,31,0.013271922491738345,0.2800000000000001
26404,NO_REPLENISH,32,0.013220393367988722,0.2800000000000001
26404,NO_REPLENISH,33,0.013268246523747319,0.2800000000000001
26404,NO_REPLENISH,34,0.013268593803051796,0.2800000000000001
26404,NO_REPLENISH,35,0.013197744820130692,0.2800000000000001
26404,NO_REPLENISH,36,0.013161793063901223,0.2800000000000001
26404,NO_REPLENISH,37,0.013319172442769806,0.2800000000000001
26404,NO_REPLENISH,38,0.013199903253337567,0.2800000000000001
26404,NO_REPLENISH,39,0.013168540498687336,0.2800000000000001
26404,NO_REPLENISH,40,0.013278904922244686,0.2800000000000001
26404,NO_REPLENISH,41,0.013256343819796452,0.2800000000000001
26404,NO_REPLENISH,42,0.01321050831528063,0.2800000000000001
26404,NO_REPLENISH,43,0.013259564190495324,0.2800000000000001
26404,NO_REPLENISH,44,0.013311796302866087,0.2800000000000001
26404,NO_REPLENISH,45,0.013195104888536988,0.2800000000000001
26404,NO_REPLENISH,46,0.013363711023780964,0.2800000000000001
26404,NO_REPLENISH,47,0.01327849481384484,0.2800000000000001
26404,NO_REPLENISH,48,0.01316103274413651,0.2800000000000001
26404,NO_REPLENISH,49,0.013323899315249577,0.2800000000000001
26404,NO_REPLENISH,50,0.013259726028476785,0.2800000000000001
26404,NO_REPLENISH,51,0.013272522402825643,0.2800000000000001
26404,NO_REPLENISH,52,0.013294876120340318,0.2800000000000001
26404,NO_REPLENISH,53,0.013215985448201994,0.2800000000000001
26404,NO_REPLENISH,54,0.01325436508769884,0.2800000000000001
26404,NO_REPLENISH,55,0.01328206762224955,0.2800000000000001
26404,NO_REPLENISH,56,0.013322419335185553,0.2800000000000001
26404,NO_REPLENISH,57,0.013149329766630505,0.2800000000000001
26404,NO_REPLENISH,58,0.013227529482319143,0.2800000000000001
26404,NO_REPLENISH,59,0.01320112398284779,0.2800000000000001
26404,NO_REPLENISH,60,0.013267877724448193,0.2800000000000001
26404,NO_REPLENISH,61,0.013241616452724045,0.2800000000000001
26404,NO_REPLENISH,62,0.013215379507979802,0.2800000000000001
26404,NO_REPLENISH,63,0.013100572127589605,0.2800000000000001
26404,NO_REPLENISH,64,0.013235269700042171,0.2800000000000001
26404,NO_REPLENISH,65,0.013262891713074371,0.2800000000000001
26404,NO_REPLENISH,66,0.01326987140264392,0.2800000000000001
26404,NO_REPLENISH,67,0.013254320039466014,0.2800000000000001
26404,NO_REPLENISH,68,0.013289377499143407,0.2800000000000001
26404,NO_REPLENISH,69,0.013329673054888686,0.2800000000000001
26404,NO_REPLENISH,70,0.013265640920678069,0.2800000000000001
26404,NO_REPLENISH,71,0.013402245678682444,0.2800000000000001
26404,NO_REPLENISH,72,0.013190749475504762,0.2800000000000001
26404,NO_REPLENISH,73,0.0132365286952305,0.2800000000000001
26404,NO_REPLENISH,74,0.013184228068003429,0.2800000000000001
26404,NO_REPLENISH,75,0.013216164441051842,0.2800000000000001
26404,NO_REPLENISH,76,0.013377822301674197,0.2800000000000001
26404,NO_REPLENISH,77,0.013301233765970222,0.2800000000000001
26404,NO_REPLENISH,78,0.013295502980914432,0.2800000000000001
26404,NO_REPLENISH,79,0.01327654052377098,0.2800000000000001
26404,NO_REPLENISH,80,0.013188941939110563,0.2800000000000001
26404,NO_REPLENISH,81,0.013339728716449194,0.2800000000000001
26404,NO_REPLENISH,82,0.013207673412577989,0.2800000000000001
26404,NO_REPLENISH,83,0.013274152287803093,0.2800000000000001
26404,NO_REPLENISH,84,0.013299593725541759,0.2800000000000001
26404,NO_REPLENISH,85,0.013216076316909485,0.2800000000000001
26404,NO_REPLENISH,86,0.013305289379515388,0.2800000000000001
26404,NO_REPLENISH,87,0.013173559368322147,0.2800000000000001
26404,NO_REPLENISH,88,0.013236167055387604,0.2800000000000001
26404,NO_REPLENISH,89,0.013301475524976264,0.2800000000000001
26404,NO_REPLENISH,90,0.01329615866045737,0.2800000000000001
26404,NO_REPLENISH,91,0.013283509400079848,0.2800000000000001
26404,NO_REPLENISH,92,0.013276426181890935,0.2800000000000001
26404,NO_REPLENISH,93,0.013143253295139351,0.2800000000000001
26404,NO_REPLENISH,94,0.013258075800252714,0.2800000000000001
26404,NO_REPLENISH,95,0.013227772106967628,0.2800000000000001
26404,NO_REPLENISH,96,0.013254941384583002,0.2800000000000001
26404,NO_REPLENISH,97,0.013259055728650352,0.2800000000000001
26404,NO_REPLENISH,98,0.013265025802255151,0.2800000000000001
26404,NO_REPLENISH,99,0.013211445477237951,0.2800000000000001
26404,NO_REPLENISH,100,0.0132170394475379,0.2800000000000001
26404,SMOOTH_TIME,1,0.01637578577149168,0.3485170590141093
26404,SMOOTH_TIME,2,0.01952983210156145,0.410513857783853
26404,SMOOTH_TIME,3,0.022158690345143284,0.4666108811091633
26404,SMOOTH_TIME,4,0.02455001801333891,0.5173695668543398
26404,SMOOTH_TIME,5,0.02656199657695588,0.5632979250069038
26404,SMOOTH_TIME,6,0.028539077960301307,0.604855622012301
26404,SMOOTH_TIME,7,0.030184355188753943,0.6424585812701852
26404,SMOOTH_TIME,8,0.031890018986465006,0.6764831458356005
26404,SMOOTH_TIME,9,0.0333694306080882,0.7072698449867687
26404,SMOOTH_TIME,10,0.03460031627475086,0.7351268023565617
26404,SMOOTH_TIME,11,0.03589430319705649,0.7603328197373828
26404,SMOOTH_TIME,12,0.03692127616719761,0.7831401674232145
26404,SMOOTH_TIME,13,0.03760194799107072,0.8037771090155114
26404,SMOOTH_TIME,14,0.0384268351150133,0.8224501859620433
26404,SMOOTH_TIME,15,0.039407420752940826,0.8393462846931304
26404,SMOOTH_TIME,16,0.040358411828521734,0.8546345070438478
26404,SMOOTH_TIME,17,0.04064073844500999,0.8684678626820314
26404,SMOOTH_TIME,18,0.04118279724160943,0.8809848004804577
26404,SMOOTH_TIME,19,0.042064164820789195,0.8923105941597028
26404,SMOOTH_TIME,20,0.04227228849530649,0.9025585960696388
26404,SMOOTH_TIME,21,0.04252716095091414,0.9118313716578529
26404,SMOOTH_TIME,22,0.04348138561957723,0.9202217259791197
26404,SMOOTH_TIME,23,0.04362227048558009,0.9278136325195815
26404,SMOOTH_TIME,24,0.043759070947527845,0.9346830736316231
26404,SMOOTH_TIME,25,0.04426719678696797,0.9408988009907927
26404,SMOOTH_TIME,26,0.044429318445300514,0.94652302368568
26404,SMOOTH_TIME,27,0.04476584223406029,0.9516120308273804
26404,SMOOTH_TIME,28,0.04483674542633326,0.9562167549098427
26404,SMOOTH_TIME,29,0.04513505562406848,0.960383281559387
26404,SMOOTH_TIME,30,0.0448014087258781,0.9641533107751381
26404,SMOOTH_TIME,31,0.04546799074198717,0.9675645742766382
26404,SMOOTH_TIME,32,0.0454376162741163,0.9706512131355765
26404,SMOOTH_TIME,33,0.04572864844898075,0.9734441194711073
26404,SMOOTH_TIME,34,0.045844342432418306,0.9759712456285653
26404,SMOOTH_TIME,35,0.04570899733823706,0.9782578839359305
26404,SMOOTH_TIME,36,0.045682781668067586,0.9803269198379495
26404,SMOOTH_TIME,37,0.04630427730325277,0.9821990609413559
26404,SMOOTH_TIME,38,0.04597537604862769,0.9838930442635606
26404,SMOOTH_TIME,39,0.04593820726842429,0.9854258237590211
26404,SMOOTH_TIME,40,0.04637929319888587,0.9868127400001113
26404,SMOOTH_TIME,41,0.04636077284284515,0.988067673710732
26404,SMOOTH_TIME,42,0.04625504347753937,0.9892031846892558
26404,SMOOTH_TIME,43,0.046470436964068614,0.9902306375112157
26404,SMOOTH_TIME,44,0.046691998551419554,0.9911603152697909
26404,SMOOTH_TIME,45,0.04632940146468358,0.9920015224924655
26404,SMOOTH_TIME,46,0.04694564607783073,0.9927626782638638
26404,SMOOTH_TIME,47,0.04668315679751563,0.9934514004867788
26404,SMOOTH_TIME,48,0.046308160118594364,0.9940745821247053
26404,SMOOTH_TIME,49,0.04689450379577017,0.9946384601889343
26404,SMOOTH_TIME,50,0.04669645948833916,0.9951486781606586
26404,SMOOTH_TIME,51,0.04676153094799351,0.9956103424728285
26404,SMOOTH_TIME,52,0.04685820266052381,0.9960280736170524
26404,SMOOTH_TIME,53,0.04660345895605791,0.9964060523870247
26404,SMOOTH_TIME,54,0.04675078321724946,0.9967480617213192
26404,SMOOTH_TIME,55,0.04686232533595441,0.997057524564306
26404,SMOOTH_TIME,56,0.04701433163911959,0.997337538124132
26404,SMOOTH_TIME,57,0.046428909800302454,0.9975909048706205
26404,SMOOTH_TIME,58,0.04670956600491466,0.9978201605833292
26404,SMOOTH_TIME,59,0.04662677620730992,0.9980275997304866
26404,SMOOTH_TIME,60,0.04686545032734809,0.9982152984328002
26404,SMOOTH_TIME,61,0.04678343672536769,0.99838513524197
26404,SMOOTH_TIME,62,0.046700001081573794,0.998538809941867
26404,SMOOTH_TIME,63,0.046309474838029,0.9986778605605392
26404,SMOOTH_TIME,64,0.04678161674969408,0.9988036787633147
26404,SMOOTH_TIME,65,0.04688219203762323,0.9989175237810562
26404,SMOOTH_TIME,66,0.04690959295883421,0.9990205350129654
26404,SMOOTH_TIME,67,0.046860438619340056,0.9991137434300749
26404,SMOOTH_TIME,68,0.046984814095683,0.9991980818935514
26404,SMOOTH_TIME,69,0.047128656674888046,0.999274394491085
26404,SMOOTH_TIME,70,0.04690967771196188,0.9993434449848008
26404,SMOOTH_TIME,71,0.04738722240377538,0.9994059244552483
26404,SMOOTH_TIME,72,0.046656294725796243,0.9994624582179691
26404,SMOOTH_TIME,73,0.04681606238315574,0.9995136120818605
26404,SMOOTH_TIME,74,0.046637917713874676,0.9995598980119863
26404,SMOOTH_TIME,75,0.04675026707852579,0.9996017792534938
26404,SMOOTH_TIME,76,0.04730975690279186,0.9996396749679229
26404,SMOOTH_TIME,77,0.04704795757055854,0.9996739644283216
26404,SMOOTH_TIME,78,0.047028335084193164,0.9997049908151344
26404,SMOOTH_TIME,79,0.04696681577009832,0.9997330646508692
26404,SMOOTH_TIME,80,0.04666323750645691,0.99975846690791
26404,SMOOTH_TIME,81,0.0471875127580478,0.9997814518205832
26404,SMOOTH_TIME,82,0.04673076222660729,0.9998022494296203
26404,SMOOTH_TIME,83,0.04696150313578529,0.9998210678844827
26404,SMOOTH_TIME,84,0.047051171840433004,0.9998380955265914
26404,SMOOTH_TIME,85,0.046762472148006586,0.9998535027743126
26404,SMOOTH_TIME,86,0.04707198441651846,0.9998674438285596
26404,SMOOTH_TIME,87,0.04661672358291478,0.9998800582160889
26404,SMOOTH_TIME,88,0.04683389247165718,0.9998914721859312
26404,SMOOTH_TIME,89,0.04705927532366796,0.999901799972933
26404,SMOOTH_TIME,90,0.04704197074630676,0.9999111449410575
26404,SMOOTH_TIME,91,0.04699891096465878,0.9999196006178869
26404,SMOOTH_TIME,92,0.04697520775406073,0.9999272516306772
26404,SMOOTH_TIME,93,0.046513208212907976,0.9999341745533356
26404,SMOOTH_TIME,94,0.04691160384406786,0.9999404386727994
26404,SMOOTH_TIME,95,0.04680729449603207,0.999946106682481
26404,SMOOTH_TIME,96,0.04690093857191799,0.9999512353097266
26404,SMOOTH_TIME,97,0.04691704074123948,0.9999558758835616
26404,SMOOTH_TIME,98,0.04693619685144677,0.9999600748484087
26404,SMOOTH_TIME,99,0.04675185578773302,0.9999638742289195
26404,SMOOTH_TIME,100,0.04677050893014529,0.9999673120505713
26404,HARD_STEP,1,0.013168285096502474,0.2800000000000001
26404,HARD_STEP,2,0.013335924200323368,0.2800000000000001
26404,HARD_STEP,3,0.01331663466316251,0.2800000000000001
26404,HARD_STEP,4,0.013311768518174548,0.2800000000000001
26404,HARD_STEP,5,0.013234024880898464,0.2800000000000001
26404,HARD_STEP,6,0.013248291456052538,0.2800000000000001
26404,HARD_STEP,7,0.013197523379803552,0.2800000000000001
26404,HARD_STEP,8,0.013248661270994064,0.2800000000000001
26404,HARD_STEP,9,0.013265334602231222,0.2800000000000001
26404,HARD_STEP,10,0.013238270224900131,0.2800000000000001
26404,HARD_STEP,11,0.013284125304787758,0.2800000000000001
26404,HARD_STEP,12,0.013270983340426909,0.2800000000000001
26404,HARD_STEP,13,0.04666710478145256,1.0
26404,HARD_STEP,14,0.04662220632124369,1.0
26404,HARD_STEP,15,0.04686139334242845,1.0
26404,HARD_STEP,16,0.04714492491768887,1.0
26404,HARD_STEP,17,0.04673297579023375,1.0
26404,HARD_STEP,18,0.04669161903531418,1.0
26404,HARD_STEP,19,0.04709585105727132,1.0
26404,HARD_STEP,20,0.04679938369924538,1.0
26404,HARD_STEP,21,0.04661093944196935,1.0
26404,HARD_STEP,22,0.04722925620258175,1.0
26404,HARD_STEP,23,0.04700013054080493,1.0
26404,HARD_STEP,24,0.04680921429743499,1.0
26404,HARD_STEP,25,0.0470452942215513,1.0
26404,HARD_STEP,26,0.046941897765103914,1.0
26404,HARD_STEP,27,0.04704781761044613,1.0
26404,HARD_STEP,28,0.046902408388246906,1.0
26404,HARD_STEP,29,0.047008811449888555,1.0
26404,HARD_STEP,30,0.04648536339676205,1.0
26404,HARD_STEP,31,0.04701342372724585,1.0
26404,HARD_STEP,32,0.04683582504745041,1.0
26404,HARD_STEP,33,0.04700271111794709,1.0
26404,HARD_STEP,34,0.047001958468147975,1.0
26404,HARD_STEP,35,0.04675599982000297,1.0
26404,HARD_STEP,36,0.04663185042552074,1.0
26404,HARD_STEP,37,0.047179804088900136,1.0
26404,HARD_STEP,38,0.04676479383171473,1.0
26404,HARD_STEP,39,0.04665639970534507,1.0
26404,HARD_STEP,40,0.04703937411137866,1.0
26404,HARD_STEP,41,0.04696176794378527,1.0
26404,HARD_STEP,42,0.04679912701529166,1.0
26404,HARD_STEP,43,0.04697197491271393,1.0
26404,HARD_STEP,44,0.0471533548986048,1.0
26404,HARD_STEP,45,0.04674779113946812,1.0
26404,HARD_STEP,46,0.04733378050902146,1.0
26404,HARD_STEP,47,0.04703693471382286,1.0
26404,HARD_STEP,48,0.046628966868636657,1.0
26404,HARD_STEP,49,0.04719518206879125,1.0
26404,HARD_STEP,50,0.0469711820438151,1.0
26404,HARD_STEP,51,0.04701588030618367,1.0
26404,HARD_STEP,52,0.04709307686580939,1.0
26404,HARD_STEP,53,0.04681753360810392,1.0
26404,HARD_STEP,54,0.04695094393393632,1.0
26404,HARD_STEP,55,0.04704857878354354,1.0
26404,HARD_STEP,56,0.047188379786507174,1.0
26404,HARD_STEP,57,0.04658938205333122,1.0
26404,HARD_STEP,58,0.046858670163936966,1.0
26404,HARD_STEP,59,0.046769514170312464,1.0
26404,HARD_STEP,60,0.047000531507019,1.0
26404,HARD_STEP,61,0.04690973313965383,1.0
26404,HARD_STEP,62,0.046817250824500285,1.0
26404,HARD_STEP,63,0.046420031939857796,1.0
26404,HARD_STEP,64,0.04688701588317328,1.0
26404,HARD_STEP,65,0.046983571951696466,1.0
26404,HARD_STEP,66,0.04700817485990433,1.0
26404,HARD_STEP,67,0.046952153901083794,1.0
26404,HARD_STEP,68,0.04707475164748581,1.0
26404,HARD_STEP,69,0.047214000601153217,1.0
26404,HARD_STEP,70,0.04699164734114317,1.0
26404,HARD_STEP,71,0.04746682389997872,1.0
26404,HARD_STEP,72,0.046732437080407925,1.0
26404,HARD_STEP,73,0.04689031475379866,1.0
26404,HARD_STEP,74,0.04670841040224988,1.0
26404,HARD_STEP,75,0.04682050076448291,1.0
26404,HARD_STEP,76,0.0473801057173216,1.0
26404,HARD_STEP,77,0.04711505925318892,1.0
26404,HARD_STEP,78,0.047093618752769136,1.0
26404,HARD_STEP,79,0.04703016543627205,1.0
26404,HARD_STEP,80,0.04672568528696136,1.0
26404,HARD_STEP,81,0.047247935921056465,1.0
26404,HARD_STEP,82,0.046791427569055716,1.0
26404,HARD_STEP,83,0.04702184399620237,1.0
26404,HARD_STEP,84,0.04711038583812625,1.0
26404,HARD_STEP,85,0.04682067846492013,1.0
26404,HARD_STEP,86,0.04713129686788254,1.0
26404,HARD_STEP,87,0.0466738380426919,1.0
26404,HARD_STEP,88,0.04689013030177924,1.0
26404,HARD_STEP,89,0.04711765758134134,1.0
26404,HARD_STEP,90,0.04709696703899476,1.0
26404,HARD_STEP,91,0.047055510343228135,1.0
26404,HARD_STEP,92,0.04703171454028841,1.0
26404,HARD_STEP,93,0.046568432873565435,1.0
26404,HARD_STEP,94,0.04696400286530731,1.0
26404,HARD_STEP,95,0.04686074266127132,1.0
26404,HARD_STEP,96,0.04695508855382232,1.0
26404,HARD_STEP,97,0.04696918914619206,1.0
26404,HARD_STEP,98,0.046988845549493674,1.0
26404,HARD_STEP,99,0.046801343087058335,1.0
26404,HARD_STEP,100,0.046824947908508115,1.0
26404,REFRACTORY_TIME,1,0.013165377468356493,0.2800000000000001
26404,REFRACTORY_TIME,2,0.01333310101211845,0.2800000000000001
26404,REFRACTORY_TIME,3,0.01331348712546529,0.2800000000000001
26404,REFRACTORY_TIME,4,0.01330892319678926,0.2800000000000001
26404,REFRACTORY_TIME,5,0.013231113199898883,0.2800000000000001
26404,REFRACTORY_TIME,6,0.01324535549942975,0.2800000000000001
26404,REFRACTORY_TIME,7,0.013194616745672816,0.2800000000000001
26404,REFRACTORY_TIME,8,0.013245596603836141,0.2800000000000001
26404,REFRACTORY_TIME,9,0.013262494289635612,0.2800000000000001
26404,REFRACTORY_TIME,10,0.013235474653708524,0.2800000000000001
26404,REFRACTORY_TIME,11,0.013281222038915337,0.2800000000000001
26404,REFRACTORY_TIME,12,0.013268043682174794,0.2800000000000001
26404,REFRACTORY_TIME,13,0.016392262040852607,0.3485170590141093
26404,REFRACTORY_TIME,14,0.019285101126590886,0.410513857783853
26404,REFRACTORY_TIME,15,0.022027313481141324,0.4666108811091633
26404,REFRACTORY_TIME,16,0.02456374196098425,0.5173695668543398
26404,REFRACTORY_TIME,17,0.02649467901263547,0.5632979250069038
26404,REFRACTORY_TIME,18,0.028411629447020803,0.604855622012301
26404,REFRACTORY_TIME,19,0.030428466234631593,0.6424585812701852
26404,REFRACTORY_TIME,20,0.03182164384900412,0.6764831458356005
26404,REFRACTORY_TIME,21,0.033121525295074825,0.7072698449867687
26404,REFRACTORY_TIME,22,0.03487232318792377,0.7351268023565617
26404,REFRACTORY_TIME,23,0.03587854856465021,0.7603328197373828
26404,REFRACTORY_TIME,24,0.03679010326948379,0.7831401674232145
26404,REFRACTORY_TIME,25,0.0379397502827547,0.8037771090155114
26404,REFRACTORY_TIME,26,0.03872354523742069,0.8224501859620433
26404,REFRACTORY_TIME,27,0.03959749743265633,0.8393462846931304
26404,REFRACTORY_TIME,28,0.04018148016499492,0.8546345070438478
26404,REFRACTORY_TIME,29,0.04091739900570629,0.8684678626820314
26404,REFRACTORY_TIME,30,0.04103261416119311,0.8809848004804577
26404,REFRACTORY_TIME,31,0.04202784872333188,0.8923105941597028
26404,REFRACTORY_TIME,32,0.04233941489372942,0.9025585960696388
26404,REFRACTORY_TIME,33,0.04292033532463476,0.9118313716578529
26404,REFRACTORY_TIME,34,0.043309191253512486,0.9202217259791197
26404,REFRACTORY_TIME,35,0.04342976483976699,0.9278136325195815
26404,REFRACTORY_TIME,36,0.04362951776724031,0.9346830736316231
26404,REFRACTORY_TIME,37,0.04443096474074657,0.9408988009907927
26404,REFRACTORY_TIME,38,0.044298937855382935,0.94652302368568
26404,REFRACTORY_TIME,39,0.044428893836812366,0.9516120308273804
26404,REFRACTORY_TIME,40,0.04500626554875167,0.9562167549098427
26404,REFRACTORY_TIME,41,0.04512420797519285,0.960383281559387
26404,REFRACTORY_TIME,42,0.04514340274449811,0.9641533107751381
26404,REFRACTORY_TIME,43,0.04546604780274458,0.9675645742766382
26404,REFRACTORY_TIME,44,0.045785022075930826,0.9706512131355765
26404,REFRACTORY_TIME,45,0.04551731211842976,0.9734441194711073
26404,REFRACTORY_TIME,46,0.046205794122150735,0.9759712456285653
26404,REFRACTORY_TIME,47,0.046022584065278184,0.9782578839359305
26404,REFRACTORY_TIME,48,0.04571791994048494,0.9803269198379495
26404,REFRACTORY_TIME,49,0.04635882312556259,0.9821990609413559
26404,REFRACTORY_TIME,50,0.04621852947626775,0.9838930442635606
26404,REFRACTORY_TIME,51,0.04633330799661336,0.9854258237590211
26404,REFRACTORY_TIME,52,0.046472945203685556,0.9868127400001113
26404,REFRACTORY_TIME,53,0.046259466521209165,0.988067673710732
26404,REFRACTORY_TIME,54,0.04644314647301837,0.9892031846892558
26404,REFRACTORY_TIME,55,0.04658777245652568,0.9902306375112157
26404,REFRACTORY_TIME,56,0.04676848681025562,0.9911603152697909
26404,REFRACTORY_TIME,57,0.04621185185263687,0.9920015224924655
26404,REFRACTORY_TIME,58,0.04651514582426102,0.9927626782638638
26404,REFRACTORY_TIME,59,0.04645600171020925,0.9934514004867788
26404,REFRACTORY_TIME,60,0.046715478901612074,0.9940745821247053
26404,REFRACTORY_TIME,61,0.04665103499673875,0.9946384601889343
26404,REFRACTORY_TIME,62,0.04658442430049916,0.9951486781606586
26404,REFRACTORY_TIME,63,0.04620912374450304,0.9956103424728285
26404,REFRACTORY_TIME,64,0.04669304873638134,0.9960280736170524
26404,REFRACTORY_TIME,65,0.04680699228119822,0.9964060523870247
26404,REFRACTORY_TIME,66,0.046846215887339664,0.9967480617213192
26404,REFRACTORY_TIME,67,0.04680545874230716,0.997057524564306
26404,REFRACTORY_TIME,68,0.046939947907267986,0.997337538124132
26404,REFRACTORY_TIME,69,0.047091306619088856,0.9975909048706205
26404,REFRACTORY_TIME,70,0.04688045439461077,0.9978201605833292
26404,REFRACTORY_TIME,71,0.04736371129954602,0.9980275997304866
26404,REFRACTORY_TIME,72,0.04663948847548952,0.9982152984328002
26404,REFRACTORY_TIME,73,0.04680515005776917,0.99838513524197
26404,REFRACTORY_TIME,74,0.04663093603809174,0.998538809941867
26404,REFRACTORY_TIME,75,0.0467488179526519,0.9986778605605392
26404,REFRACTORY_TIME,76,0.04731342822077276,0.9988036787633147
26404,REFRACTORY_TIME,77,0.0470531608356111,0.9989175237810562
26404,REFRACTORY_TIME,78,0.047038484389316654,0.9990205350129654
26404,REFRACTORY_TIME,79,0.04697787295917166,0.9991137434300749
26404,REFRACTORY_TIME,80,0.04667857236184971,0.9991980818935514
26404,REFRACTORY_TIME,81,0.047204137611316414,0.999274394491085
26404,REFRACTORY_TIME,82,0.04674997290550662,0.9993434449848008
26404,REFRACTORY_TIME,83,0.04698196734304947,0.9994059244552483
26404,REFRACTORY_TIME,84,0.047075151207789524,0.9994624582179691
26404,REFRACTORY_TIME,85,0.046787019135101665,0.9995136120818605
26404,REFRACTORY_TIME,86,0.04709961017553224,0.9995598980119863
26404,REFRACTORY_TIME,87,0.04664343553398489,0.9996017792534938
26404,REFRACTORY_TIME,88,0.046863153697496794,0.9996396749679229
26404,REFRACTORY_TIME,89,0.04709054835034961,0.9996739644283216
26404,REFRACTORY_TIME,90,0.04707287336406115,0.9997049908151344
26404,REFRACTORY_TIME,91,0.04703236173654677,0.9997330646508692
26404,REFRACTORY_TIME,92,0.047008749601990085,0.99975846690791
26404,REFRACTORY_TIME,93,0.046546336398630046,0.9997814518205832
26404,REFRACTORY_TIME,94,0.046945284152427914,0.9998022494296203
26404,REFRACTORY_TIME,95,0.04684184837043228,0.9998210678844827
26404,REFRACTORY_TIME,96,0.04693708232981223,0.9998380955265914
26404,REFRACTORY_TIME,97,0.046951742731276974,0.9998535027743126
26404,REFRACTORY_TIME,98,0.046971988956681775,0.9998674438285596
26404,REFRACTORY_TIME,99,0.046785845885166134,0.9998800582160889
26404,REFRACTORY_TIME,100,0.04680748040880537,0.9998914721859312
26405,NO_REPLENISH,1,0.013237133853122996,0.2800000000000001
26405,NO_REPLENISH,2,0.01327034076778951,0.2800000000000001
26405,NO_REPLENISH,3,0.013217726275040878,0.2800000000000001
26405,NO_REPLENISH,4,0.013239454387584436,0.2800000000000001
26405,NO_REPLENISH,5,0.013318555617344033,0.2800000000000001
26405,NO_REPLENISH,6,0.013207215488559845,0.2800000000000001
26405,NO_REPLENISH,7,0.013334730362346966,0.2800000000000001
26405,NO_REPLENISH,8,0.013194941371941759,0.2800000000000001
26405,NO_REPLENISH,9,0.013202507620509707,0.2800000000000001
26405,NO_REPLENISH,10,0.013156860134908238,0.2800000000000001
26405,NO_REPLENISH,11,0.013162878158156971,0.2800000000000001
26405,NO_REPLENISH,12,0.013178148182379182,0.2800000000000001
26405,NO_REPLENISH,13,0.01327365661218267,0.2800000000000001
26405,NO_REPLENISH,14,0.013241716595200362,0.2800000000000001
26405,NO_REPLENISH,15,0.013205955916930212,0.2800000000000001
26405,NO_REPLENISH,16,0.013339943338236163,0.2800000000000001
26405,NO_REPLENISH,17,0.01323144112045139,0.2800000000000001
26405,NO_REPLENISH,18,0.013167109615974032,0.2800000000000001
26405,NO_REPLENISH,19,0.013237132738136767,0.2800000000000001
26405,NO_REPLENISH,20,0.013174396275308939,0.2800000000000001
26405,NO_REPLENISH,21,0.01327479071687359,0.2800000000000001
26405,NO_REPLENISH,22,0.013179836182598534,0.2800000000000001
26405,NO_REPLENISH,23,0.01324621060532496,0.2800000000000001
26405,NO_REPLENISH,24,0.013269487390039891,0.2800000000000001
26405,NO_REPLENISH,25,0.013324838008346366,0.2800000000000001
26405,NO_REPLENISH,26,0.01312252930379743,0.2800000000000001
26405,NO_REPLENISH,27,0.01328056466979916,0.2800000000000001
26405,NO_REPLENISH,28,0.01324602240616935,0.2800000000000001
26405,NO_REPLENISH,29,0.013202880790423492,0.2800000000000001
26405,NO_REPLENISH,30,0.013294511223736837,0.2800000000000001
26405,NO_REPLENISH,31,0.013253278840442806,0.2800000000000001
26405,NO_REPLENISH,32,0.01333318642351213,0.2800000000000001
26405,NO_REPLENISH,33,0.013179876304187849,0.2800000000000001
26405,NO_REPLENISH,34,0.013169360855538501,0.2800000000000001
26405,NO_REPLENISH,35,0.013355458023861141,0.2800000000000001
26405,NO_REPLENISH,36,0.01323346866585723,0.2800000000000001
26405,NO_REPLENISH,37,0.01325983981863302,0.2800000000000001
26405,NO_REPLENISH,38,0.01315327334910702,0.2800000000000001
26405,NO_REPLENISH,39,0.01312308041532421,0.2800000000000001
26405,NO_REPLENISH,40,0.013139043464593325,0.2800000000000001
26405,NO_REPLENISH,41,0.013196970439162676,0.2800000000000001
26405,NO_REPLENISH,42,0.01326842421756014,0.2800000000000001
26405,NO_REPLENISH,43,0.013228286251772373,0.2800000000000001
26405,NO_REPLENISH,44,0.013341538658221649,0.2800000000000001
26405,NO_REPLENISH,45,0.013194542883194429,0.2800000000000001
26405,NO_REPLENISH,46,0.013234273269093008,0.2800000000000001
26405,NO_REPLENISH,47,0.013241486569380281,0.2800000000000001
26405,NO_REPLENISH,48,0.013147952776529475,0.2800000000000001
26405,NO_REPLENISH,49,0.013365186000880195,0.2800000000000001
26405,NO_REPLENISH,50,0.013278772759033643,0.2800000000000001
26405,NO_REPLENISH,51,0.013265319330696088,0.2800000000000001
26405,NO_REPLENISH,52,0.013349207857747616,0.2800000000000001
26405,NO_REPLENISH,53,0.013365944514670247,0.2800000000000001
26405,NO_REPLENISH,54,0.013321218842135947,0.2800000000000001
26405,NO_REPLENISH,55,0.013259901482403797,0.2800000000000001
26405,NO_REPLENISH,56,0.013315790809186483,0.2800000000000001
26405,NO_REPLENISH,57,0.013164434178842227,0.2800000000000001
26405,NO_REPLENISH,58,0.013252688567472604,0.2800000000000001
26405,NO_REPLENISH,59,0.01327000334015048,0.2800000000000001
26405,NO_REPLENISH,60,0.013163471780028893,0.2800000000000001
26405,NO_REPLENISH,61,0.013324486882972863,0.2800000000000001
26405,NO_REPLENISH,62,0.013325025395120557,0.2800000000000001
26405,NO_REPLENISH,63,0.013172975124983869,0.2800000000000001
26405,NO_REPLENISH,64,0.013292889569997088,0.2800000000000001
26405,NO_REPLENISH,65,0.013135398910050463,0.2800000000000001
26405,NO_REPLENISH,66,0.013151949090231393,0.2800000000000001
26405,NO_REPLENISH,67,0.013207558136647873,0.2800000000000001
26405,NO_REPLENISH,68,0.013236164301259375,0.2800000000000001
26405,NO_REPLENISH,69,0.013211542771158755,0.2800000000000001
26405,NO_REPLENISH,70,0.01319138883039308,0.2800000000000001
26405,NO_REPLENISH,71,0.013379882641820185,0.2800000000000001
26405,NO_REPLENISH,72,0.013287051212387954,0.2800000000000001
26405,NO_REPLENISH,73,0.01327914624583311,0.2800000000000001
26405,NO_REPLENISH,74,0.013222689084723259,0.2800000000000001
26405,NO_REPLENISH,75,0.013227270091658772,0.2800000000000001
26405,NO_REPLENISH,76,0.013220238580764118,0.2800000000000001
26405,NO_REPLENISH,77,0.013273271318211032,0.2800000000000001
26405,NO_REPLENISH,78,0.013304933402409659,0.2800000000000001
26405,NO_REPLENISH,79,0.013127428948143373,0.2800000000000001
26405,NO_REPLENISH,80,0.013229133626923859,0.2800000000000001
26405,NO_REPLENISH,81,0.013172589305789814,0.2800000000000001
26405,NO_REPLENISH,82,0.013206594064854069,0.2800000000000001
26405,NO_REPLENISH,83,0.013204971828574871,0.2800000000000001
26405,NO_REPLENISH,84,0.01315010529438139,0.2800000000000001
26405,NO_REPLENISH,85,0.013257539312417082,0.2800000000000001
26405,NO_REPLENISH,86,0.013135021978688188,0.2800000000000001
26405,NO_REPLENISH,87,0.013262827907593698,0.2800000000000001
26405,NO_REPLENISH,88,0.013307785480421183,0.2800000000000001
26405,NO_REPLENISH,89,0.013203306074879658,0.2800000000000001
26405,NO_REPLENISH,90,0.013224448672844705,0.2800000000000001
26405,NO_REPLENISH,91,0.013249793258135962,0.2800000000000001
26405,NO_REPLENISH,92,0.0132720888680166,0.2800000000000001
26405,NO_REPLENISH,93,0.013277975473237072,0.2800000000000001
26405,NO_REPLENISH,94,0.013134116118015356,0.2800000000000001
26405,NO_REPLENISH,95,0.013274526793116331,0.2800000000000001
26405,NO_REPLENISH,96,0.013268351490060754,0.2800000000000001
26405,NO_REPLENISH,97,0.013203172032391,0.2800000000000001
26405,NO_REPLENISH,98,0.013245632918681432,0.2800000000000001
26405,NO_REPLENISH,99,0.013262343245526725,0.2800000000000001
26405,NO_REPLENISH,100,0.013221253097680956,0.2800000000000001
26405,SMOOTH_TIME,1,0.016477162611197436,0.3485170590141093
26405,SMOOTH_TIME,2,0.01945298030414563,0.410513857783853
26405,SMOOTH_TIME,3,0.022016258096729757,0.4666108811091633
26405,SMOOTH_TIME,4,0.024440838341907935,0.5173695668543398
26405,SMOOTH_TIME,5,0.0267563428710149,0.5632979250069038
26405,SMOOTH_TIME,6,0.028478834169842593,0.604855622012301
26405,SMOOTH_TIME,7,0.030524397224285026,0.6424585812701852
26405,SMOOTH_TIME,8,0.03179382096349287,0.6764831458356005
26405,SMOOTH_TIME,9,0.03324571427537229,0.7072698449867687
26405,SMOOTH_TIME,10,0.03442320935412669,0.7351268023565617
26405,SMOOTH_TIME,11,0.03560644402876947,0.7603328197373828
26405,SMOOTH_TIME,12,0.03670368460769233,0.7831401674232145
26405,SMOOTH_TIME,13,0.037927667597418606,0.8037771090155114
26405,SMOOTH_TIME,14,0.03870489008472911,0.8224501859620433
26405,SMOOTH_TIME,15,0.03938384204378748,0.8393462846931304
26405,SMOOTH_TIME,16,0.04049221543927984,0.8546345070438478
26405,SMOOTH_TIME,17,0.04080696633650413,0.8684678626820314
26405,SMOOTH_TIME,18,0.04118901757508669,0.8809848004804577
26405,SMOOTH_TIME,19,0.041928509603636845,0.8923105941597028
26405,SMOOTH_TIME,20,0.042204773794591664,0.9025585960696388
26405,SMOOTH_TIME,21,0.042949376918936466,0.9118313716578529
26405,SMOOTH_TIME,22,0.04303399069649067,0.9202217259791197
26405,SMOOTH_TIME,23,0.04359768088019519,0.9278136325195815
26405,SMOOTH_TIME,24,0.043990916502736545,0.9346830736316231
26405,SMOOTH_TIME,25,0.044459017202445154,0.9408988009907927
26405,SMOOTH_TIME,26,0.044053536992243604,0.94652302368568
26405,SMOOTH_TIME,27,0.04480864815535986,0.9516120308273804
26405,SMOOTH_TIME,28,0.0449074631235584,0.9562167549098427
26405,SMOOTH_TIME,29,0.044955899929996025,0.960383281559387
26405,SMOOTH_TIME,30,0.045435869543999176,0.9641533107751381
26405,SMOOTH_TIME,31,0.045455117557687295,0.9675645742766382
26405,SMOOTH_TIME,32,0.045866220006778424,0.9706512131355765
26405,SMOOTH_TIME,33,0.045478281246834666,0.9734441194711073
26405,SMOOTH_TIME,34,0.045558409444149024,0.9759712456285653
26405,SMOOTH_TIME,35,0.04629602194476342,0.9782578839359305
26405,SMOOTH_TIME,36,0.045975921301547686,0.9803269198379495
26405,SMOOTH_TIME,37,0.04615202547913971,0.9821990609413559
26405,SMOOTH_TIME,38,0.04586567474168742,0.9838930442635606
26405,SMOOTH_TIME,39,0.04583318875962481,0.9854258237590211
26405,SMOOTH_TIME,40,0.04595110316533987,0.9868127400001113
26405,SMOOTH_TIME,41,0.04620598114381421,0.988067673710732
26405,SMOOTH_TIME,42,0.046503094881855944,0.9892031846892558
26405,SMOOTH_TIME,43,0.046413454565441166,0.9902306375112157
26405,SMOOTH_TIME,44,0.0468451151897726,0.9911603152697909
26405,SMOOTH_TIME,45,0.046378555347373,0.9920015224924655
26405,SMOOTH_TIME,46,0.04655188288615242,0.9927626782638638
26405,SMOOTH_TIME,47,0.046606405330240096,0.9934514004867788
26405,SMOOTH_TIME,48,0.04631291650869395,0.9940745821247053
26405,SMOOTH_TIME,49,0.047087918243066997,0.9946384601889343
26405,SMOOTH_TIME,50,0.046814273135977774,0.9951486781606586
26405,SMOOTH_TIME,51,0.04678946085816683,0.9956103424728285
26405,SMOOTH_TIME,52,0.04709759913508114,0.9960280736170524
26405,SMOOTH_TIME,53,0.04717301078829265,0.9964060523870247
26405,SMOOTH_TIME,54,0.047034239792951966,0.9967480617213192
26405,SMOOTH_TIME,55,0.04683591879471898,0.997057524564306
26405,SMOOTH_TIME,56,0.04704210516601418,0.997337538124132
26405,SMOOTH_TIME,57,0.04652978037162333,0.9975909048706205
26405,SMOOTH_TIME,58,0.046846931393526504,0.9978201605833292
26405,SMOOTH_TIME,59,0.04691586032940084,0.9980275997304866
26405,SMOOTH_TIME,60,0.04655595101143543,0.9982152984328002
26405,SMOOTH_TIME,61,0.04712154707312046,0.99838513524197
26405,SMOOTH_TIME,62,0.047130112959322255,0.998538809941867
26405,SMOOTH_TIME,63,0.04660983011825982,0.9986778605605392
26405,SMOOTH_TIME,64,0.04703217749833116,0.9988036787633147
26405,SMOOTH_TIME,65,0.046491013124493365,0.9989175237810562
26405,SMOOTH_TIME,66,0.0465522779417212,0.9990205350129654
26405,SMOOTH_TIME,67,0.046750122746545504,0.9991137434300749
26405,SMOOTH_TIME,68,0.04685372787439949,0.9991980818935514
26405,SMOOTH_TIME,69,0.04677012760456234,0.999274394491085
26405,SMOOTH_TIME,70,0.046704244792262706,0.9993434449848008
26405,SMOOTH_TIME,71,0.04736018615255733,0.9994059244552483
26405,SMOOTH_TIME,72,0.04704152895571825,0.9994624582179691
26405,SMOOTH_TIME,73,0.04701591348488634,0.9995136120818605
26405,SMOOTH_TIME,74,0.0468235956619937,0.9995598980119863
26405,SMOOTH_TIME,75,0.04684039984778469,0.9996017792534938
26405,SMOOTH_TIME,76,0.046818918525018155,0.9996396749679229
26405,SMOOTH_TIME,77,0.047003010344765395,0.9996739644283216
26405,SMOOTH_TIME,78,0.04711444563122916,0.9997049908151344
26405,SMOOTH_TIME,79,0.04649979519472771,0.9997330646508692
26405,SMOOTH_TIME,80,0.04685495136894332,0.99975846690791
26405,SMOOTH_TIME,81,0.04665884096036723,0.9997814518205832
26405,SMOOTH_TIME,82,0.04677762553866405,0.9998022494296203
26405,SMOOTH_TIME,83,0.04677284779128529,0.9998210678844827
26405,SMOOTH_TIME,84,0.04658366121904031,0.9998380955265914
26405,SMOOTH_TIME,85,0.046957279096477476,0.9998535027743126
26405,SMOOTH_TIME,86,0.0465326406828202,0.9998674438285596
26405,SMOOTH_TIME,87,0.04697735538617415,0.9998800582160889
26405,SMOOTH_TIME,88,0.047132185053468056,0.9998914721859312
26405,SMOOTH_TIME,89,0.04677184319612223,0.999901799972933
26405,SMOOTH_TIME,90,0.04684489254113009,0.9999111449410575
26405,SMOOTH_TIME,91,0.04693390565573813,0.9999196006178869
26405,SMOOTH_TIME,92,0.04701098978487761,0.9999272516306772
26405,SMOOTH_TIME,93,0.04703263987396986,0.9999341745533356
26405,SMOOTH_TIME,94,0.04653225028184976,0.9999404386727994
26405,SMOOTH_TIME,95,0.04702048670084342,0.999946106682481
26405,SMOOTH_TIME,96,0.047000197331351114,0.9999512353097266
26405,SMOOTH_TIME,97,0.046774513656113986,0.9999558758835616
26405,SMOOTH_TIME,98,0.04692100577189754,0.9999600748484087
26405,SMOOTH_TIME,99,0.04697943635457191,0.9999638742289195
26405,SMOOTH_TIME,100,0.04683656177716244,0.9999673120505713
26405,HARD_STEP,1,0.013236853795161872,0.2800000000000001
26405,HARD_STEP,2,0.013270541486483517,0.2800000000000001
26405,HARD_STEP,3,0.013218040784842634,0.2800000000000001
26405,HARD_STEP,4,0.01323953194229821,0.2800000000000001
26405,HARD_STEP,5,0.013318754295622714,0.2800000000000001
26405,HARD_STEP,6,0.01320730377251697,0.2800000000000001
26405,HARD_STEP,7,0.013334682169678473,0.2800000000000001
26405,HARD_STEP,8,0.013195136104249069,0.2800000000000001
26405,HARD_STEP,9,0.013202613305702054,0.2800000000000001
26405,HARD_STEP,10,0.01315695528227513,0.2800000000000001
26405,HARD_STEP,11,0.013163106735232416,0.2800000000000001
26405,HARD_STEP,12,0.013178338394003487,0.2800000000000001
26405,HARD_STEP,13,0.04702168379099101,1.0
26405,HARD_STEP,14,0.04690913561527795,1.0
26405,HARD_STEP,15,0.04678566947225443,1.0
26405,HARD_STEP,16,0.04725174843328007,1.0
26405,HARD_STEP,17,0.046873862247822286,1.0
26405,HARD_STEP,18,0.046650548045535874,1.0
26405,HARD_STEP,19,0.04689370982604373,1.0
26405,HARD_STEP,20,0.0466768943283535,1.0
26405,HARD_STEP,21,0.047023292654805475,1.0
26405,HARD_STEP,22,0.04669442996249704,1.0
26405,HARD_STEP,23,0.04692462201785937,1.0
26405,HARD_STEP,24,0.04700614532811238,1.0
26405,HARD_STEP,25,0.047197793956846264,1.0
26405,HARD_STEP,26,0.04649650206236883,1.0
26405,HARD_STEP,27,0.04704382153573006,1.0
26405,HARD_STEP,28,0.04692424357133088,1.0
26405,HARD_STEP,29,0.04677578365273196,1.0
26405,HARD_STEP,30,0.047092756064860374,1.0
26405,HARD_STEP,31,0.04694864265784491,1.0
26405,HARD_STEP,32,0.04722506265278981,1.0
26405,HARD_STEP,33,0.04669548110213414,1.0
26405,HARD_STEP,34,0.04665946897145105,1.0
26405,HARD_STEP,35,0.047305118534342695,1.0
26405,HARD_STEP,36,0.046881364120810225,1.0
26405,HARD_STEP,37,0.04697269167004576,1.0
26405,HARD_STEP,38,0.046602831758469715,1.0
26405,HARD_STEP,39,0.04649792935689434,1.0
26405,HARD_STEP,40,0.046554300916809545,1.0
26405,HARD_STEP,41,0.04675378330575797,1.0
26405,HARD_STEP,42,0.04700091343081477,1.0
26405,HARD_STEP,43,0.04686322544518665,1.0
26405,HARD_STEP,44,0.04725305576120908,1.0
26405,HARD_STEP,45,0.04674553471657916,1.0
26405,HARD_STEP,46,0.046884185137376466,1.0
26405,HARD_STEP,47,0.046907801810943235,1.0
26405,HARD_STEP,48,0.04658419114528286,1.0
26405,HARD_STEP,49,0.047336492714103506,1.0
26405,HARD_STEP,50,0.04703839336179383,1.0
26405,HARD_STEP,51,0.046992805210473915,1.0
26405,HARD_STEP,52,0.04728265491035716,1.0
26405,HARD_STEP,53,0.047340502838628895,1.0
26405,HARD_STEP,54,0.04718459159008311,1.0
26405,HARD_STEP,55,0.046971899860240196,1.0
26405,HARD_STEP,56,0.047166201241479806,1.0
26405,HARD_STEP,57,0.04664036911644173,1.0
26405,HARD_STEP,58,0.04694797546947211,1.0
26405,HARD_STEP,59,0.047007397709030306,1.0
26405,HARD_STEP,60,0.046638789863690744,1.0
26405,HARD_STEP,61,0.0471965300964696,1.0
26405,HARD_STEP,62,0.047198275173626396,1.0
26405,HARD_STEP,63,0.04667172414337915,1.0
26405,HARD_STEP,64,0.047088574483358105,1.0
26405,HARD_STEP,65,0.046540922475519185,1.0
26405,HARD_STEP,66,0.0465978221493428,1.0
26405,HARD_STEP,67,0.046791333593461486,1.0
26405,HARD_STEP,68,0.046891760813966954,1.0
26405,HARD_STEP,69,0.04680451045067873,1.0
26405,HARD_STEP,70,0.046733386619499884,1.0
26405,HARD_STEP,71,0.04738905866609757,1.0
26405,HARD_STEP,72,0.04706711659748983,1.0
26405,HARD_STEP,73,0.04703907954527059,1.0
26405,HARD_STEP,74,0.046844574057457365,1.0
26405,HARD_STEP,75,0.046858328713977306,1.0
26405,HARD_STEP,76,0.04683673435575764,1.0
26405,HARD_STEP,77,0.04701819520352296,1.0
26405,HARD_STEP,78,0.04712754594606964,1.0
26405,HARD_STEP,79,0.046512420431929796,1.0
26405,HARD_STEP,80,0.04686590101244279,1.0
26405,HARD_STEP,81,0.04666872588286262,1.0
26405,HARD_STEP,82,0.04678856509492923,1.0
26405,HARD_STEP,83,0.04678206027838131,1.0
26405,HARD_STEP,84,0.04659239884058258,1.0
26405,HARD_STEP,85,0.04696422148508891,1.0
26405,HARD_STEP,86,0.046539630795052835,1.0
26405,HARD_STEP,87,0.04698384387621252,1.0
26405,HARD_STEP,88,0.047137522996820974,1.0
26405,HARD_STEP,89,0.04677706182223023,1.0
26405,HARD_STEP,90,0.0468488136103972,1.0
26405,HARD_STEP,91,0.04693895936150214,1.0
26405,HARD_STEP,92,0.04701567822247832,1.0
26405,HARD_STEP,93,0.04703611957667001,1.0
26405,HARD_STEP,94,0.04653528801392626,1.0
26405,HARD_STEP,95,0.0470240695384736,1.0
26405,HARD_STEP,96,0.04700320687207691,1.0
26405,HARD_STEP,97,0.046777299070491135,1.0
26405,HARD_STEP,98,0.0469235179372226,1.0
26405,HARD_STEP,99,0.046982160568426246,1.0
26405,HARD_STEP,100,0.04683864873917809,1.0
26405,REFRACTORY_TIME,1,0.013242589590707373,0.2800000000000001
26405,REFRACTORY_TIME,2,0.01327588913483306,0.2800000000000001
26405,REFRACTORY_TIME,3,0.013223315684458873,0.2800000000000001
26405,REFRACTORY_TIME,4,0.013244952283028855,0.2800000000000001
26405,REFRACTORY_TIME,5,0.013324139009678193,0.2800000000000001
26405,REFRACTORY_TIME,6,0.013212703718664391,0.2800000000000001
26405,REFRACTORY_TIME,7,0.01334031039679683,0.2800000000000001
26405,REFRACTORY_TIME,8,0.013200481253814823,0.2800000000000001
26405,REFRACTORY_TIME,9,0.013208001436310885,0.2800000000000001
26405,REFRACTORY_TIME,10,0.013162407018084002,0.2800000000000001
26405,REFRACTORY_TIME,11,0.013168374562638968,0.2800000000000001
26405,REFRACTORY_TIME,12,0.013183721041559538,0.2800000000000001
26405,REFRACTORY_TIME,13,0.016529351259052884,0.3485170590141093
26405,REFRACTORY_TIME,14,0.019418184477527845,0.410513857783853
26405,REFRACTORY_TIME,15,0.022004808689040718,0.4666108811091633
26405,REFRACTORY_TIME,16,0.024634354085329612,0.5173695668543398
26405,REFRACTORY_TIME,17,0.02659233996063323,0.5632979250069038
26405,REFRACTORY_TIME,18,0.028403650142595143,0.604855622012301
26405,REFRACTORY_TIME,19,0.03031495370852245,0.6424585812701852
26405,REFRACTORY_TIME,20,0.03175703201041132,0.6764831458356005
26405,REFRACTORY_TIME,21,0.03343818578872688,0.7072698449867687
26405,REFRACTORY_TIME,22,0.03449605286911126,0.7351268023565617
26405,REFRACTORY_TIME,23,0.03584345890889251,0.7603328197373828
26405,REFRACTORY_TIME,24,0.036969001822470114,0.7831401674232145
26405,REFRACTORY_TIME,25,0.038087162208192284,0.8037771090155114
26405,REFRACTORY_TIME,26,0.03837737996653249,0.8224501859620433
26405,REFRACTORY_TIME,27,0.039618949988947015,0.8393462846931304
26405,REFRACTORY_TIME,28,0.04022751002870093,0.8546345070438478
26405,REFRACTORY_TIME,29,0.04073853806338445,0.8684678626820314
26405,REFRACTORY_TIME,30,0.0415985471817903,0.8809848004804577
26405,REFRACTORY_TIME,31,0.04199555455217121,0.8923105941597028
26405,REFRACTORY_TIME,32,0.04272218879386947,0.9025585960696388
26405,REFRACTORY_TIME,33,0.042666695604184623,0.9118313716578529
26405,REFRACTORY_TIME,34,0.043019016528949905,0.9202217259791197
26405,REFRACTORY_TIME,35,0.04396958307439953,0.9278136325195815
26405,REFRACTORY_TIME,36,0.043892479032685526,0.9346830736316231
26405,REFRACTORY_TIME,37,0.04426594161291889,0.9408988009907927
26405,REFRACTORY_TIME,38,0.04417437259349458,0.94652302368568
26405,REFRACTORY_TIME,39,0.04430752316865244,0.9516120308273804
26405,REFRACTORY_TIME,40,0.04457129429623292,0.9562167549098427
26405,REFRACTORY_TIME,41,0.04495534794830761,0.960383281559387
26405,REFRACTORY_TIME,42,0.04536820860956747,0.9641533107751381
26405,REFRACTORY_TIME,43,0.04539103917208326,0.9675645742766382
26405,REFRACTORY_TIME,44,0.04591422350413064,0.9706512131355765
26405,REFRACTORY_TIME,45,0.0455478622512806,0.9734441194711073
26405,REFRACTORY_TIME,46,0.04579715775813742,0.9759712456285653
26405,REFRACTORY_TIME,47,0.04592858808021366,0.9782578839359305
26405,REFRACTORY_TIME,48,0.04570461533781451,0.9803269198379495
26405,REFRACTORY_TIME,49,0.0465309026302805,0.9821990609413559
26405,REFRACTORY_TIME,50,0.046315411752032125,0.9838930442635606
26405,REFRACTORY_TIME,51,0.04633976234363144,0.9854258237590211
26405,REFRACTORY_TIME,52,0.04669172811070785,0.9868127400001113
26405,REFRACTORY_TIME,53,0.04680765774492332,0.988067673710732
26405,REFRACTORY_TIME,54,0.046705517516296285,0.9892031846892558
26405,REFRACTORY_TIME,55,0.04654138919266835,0.9902306375112157
26405,REFRACTORY_TIME,56,0.04677825570423031,0.9911603152697909
26405,REFRACTORY_TIME,57,0.04629499700730979,0.9920015224924655
26405,REFRACTORY_TIME,58,0.046634294481639756,0.9927626782638638
26405,REFRACTORY_TIME,59,0.04672632414428293,0.9934514004867788
26405,REFRACTORY_TIME,60,0.04638779418364495,0.9940745821247053
26405,REFRACTORY_TIME,61,0.04696928188291072,0.9946384601889343
26405,REFRACTORY_TIME,62,0.046995380218655985,0.9951486781606586
26405,REFRACTORY_TIME,63,0.046491100841628864,0.9956103424728285
26405,REFRACTORY_TIME,64,0.04692477244718581,0.9960280736170524
26405,REFRACTORY_TIME,65,0.04639699374288778,0.9964060523870247
26405,REFRACTORY_TIME,66,0.04647009729251955,0.9967480617213192
26405,REFRACTORY_TIME,67,0.04667570289753239,0.997057524564306
26405,REFRACTORY_TIME,68,0.04678847888653532,0.997337538124132
26405,REFRACTORY_TIME,69,0.0467147881899302,0.9975909048706205
26405,REFRACTORY_TIME,70,0.046654917339179224,0.9978201605833292
26405,REFRACTORY_TIME,71,0.047317479559655005,0.9980275997304866
26405,REFRACTORY_TIME,72,0.047004497430137904,0.9982152984328002
26405,REFRACTORY_TIME,73,0.04698552283219306,0.99838513524197
26405,REFRACTORY_TIME,74,0.04679614264568479,0.998538809941867
26405,REFRACTORY_TIME,75,0.0468188585414046,0.9986778605605392
26405,REFRACTORY_TIME,76,0.04680067797437008,0.9988036787633147
26405,REFRACTORY_TIME,77,0.04698983466152079,0.9989175237810562
26405,REFRACTORY_TIME,78,0.047103628857516254,0.9990205350129654
26405,REFRACTORY_TIME,79,0.04649264226945565,0.9991137434300749
26405,REFRACTORY_TIME,80,0.04684936220059229,0.9991980818935514
26405,REFRACTORY_TIME,81,0.0466572430465024,0.999274394491085
26405,REFRACTORY_TIME,82,0.04677799978647521,0.9993434449848008
26405,REFRACTORY_TIME,83,0.04677574269527048,0.9994059244552483
26405,REFRACTORY_TIME,84,0.04658792786235503,0.9994624582179691
26405,REFRACTORY_TIME,85,0.04696214037121521,0.9995136120818605
26405,REFRACTORY_TIME,86,0.046538714218550804,0.9995598980119863
26405,REFRACTORY_TIME,87,0.04698492404719221,0.9996017792534938
26405,REFRACTORY_TIME,88,0.04714258007499945,0.9996396749679229
26405,REFRACTORY_TIME,89,0.04678158061403739,0.9996739644283216
26405,REFRACTORY_TIME,90,0.046855697576922234,0.9997049908151344
26405,REFRACTORY_TIME,91,0.04694556695003898,0.9997330646508692
26405,REFRACTORY_TIME,92,0.04702457836378607,0.99975846690791
26405,REFRACTORY_TIME,93,0.04704486302708444,0.9997814518205832
26405,REFRACTORY_TIME,94,0.0465467016029772,0.9998022494296203
26405,REFRACTORY_TIME,95,0.047035420264711435,0.9998210678844827
26405,REFRACTORY_TIME,96,0.047016107285126764,0.9998380955265914
26405,REFRACTORY_TIME,97,0.04679027526534171,0.9998535027743126
26405,REFRACTORY_TIME,98,0.04693738409828257,0.9998674438285596
26405,REFRACTORY_TIME,99,0.04699599560692443,0.9998800582160889
26405,REFRACTORY_TIME,100,0.046853254743686845,0.9998914721859312
26406,NO_REPLENISH,1,0.013248524794898483,0.2800000000000001
26406,NO_REPLENISH,2,0.01325628982965824,0.2800000000000001
26406,NO_REPLENISH,3,0.013131452130018277,0.2800000000000001
26406,NO_REPLENISH,4,0.013265000883515543,0.2800000000000001
26406,NO_REPLENISH,5,0.013273758004889528,0.2800000000000001
26406,NO_REPLENISH,6,0.013307151961248827,0.2800000000000001
26406,NO_REPLENISH,7,0.01319151131278313,0.2800000000000001
26406,NO_REPLENISH,8,0.013225173158894916,0.2800000000000001
26406,NO_REPLENISH,9,0.013292054724974816,0.2800000000000001
26406,NO_REPLENISH,10,0.013263052009869153,0.2800000000000001
26406,NO_REPLENISH,11,0.01332691971527807,0.2800000000000001
26406,NO_REPLENISH,12,0.013240596127926033,0.2800000000000001
26406,NO_REPLENISH,13,0.013273687447239038,0.2800000000000001
26406,NO_REPLENISH,14,0.01322290923962882,0.2800000000000001
26406,NO_REPLENISH,15,0.01324013336079531,0.2800000000000001
26406,NO_REPLENISH,16,0.013227297766126613,0.2800000000000001
26406,NO_REPLENISH,17,0.013237326115104711,0.2800000000000001
26406,NO_REPLENISH,18,0.013141630684739775,0.2800000000000001
26406,NO_REPLENISH,19,0.013246020399734498,0.2800000000000001
26406,NO_REPLENISH,20,0.013258909898153986,0.2800000000000001
26406,NO_REPLENISH,21,0.013436120294208972,0.2800000000000001
26406,NO_REPLENISH,22,0.013239298338254296,0.2800000000000001
26406,NO_REPLENISH,23,0.01315256904314259,0.2800000000000001
26406,NO_REPLENISH,24,0.013316013709963373,0.2800000000000001
26406,NO_REPLENISH,25,0.01331917082903209,0.2800000000000001
26406,NO_REPLENISH,26,0.013186232288283875,0.2800000000000001
26406,NO_REPLENISH,27,0.013267667781672501,0.2800000000000001
26406,NO_REPLENISH,28,0.013226977353761235,0.2800000000000001
26406,NO_REPLENISH,29,0.013344573616325817,0.2800000000000001
26406,NO_REPLENISH,30,0.013241215089569719,0.2800000000000001
26406,NO_REPLENISH,31,0.013235393750932176,0.2800000000000001
26406,NO_REPLENISH,32,0.013142667828076266,0.2800000000000001
26406,NO_REPLENISH,33,0.013253420538610922,0.2800000000000001
26406,NO_REPLENISH,34,0.013216259298699568,0.2800000000000001
26406,NO_REPLENISH,35,0.013184715994378838,0.2800000000000001
26406,NO_REPLENISH,36,0.013369523293864495,0.2800000000000001
26406,NO_REPLENISH,37,0.013236501890114336,0.2800000000000001
26406,NO_REPLENISH,38,0.013340840674518654,0.2800000000000001
26406,NO_REPLENISH,39,0.013216846792721565,0.2800000000000001
26406,NO_REPLENISH,40,0.013270629368668454,0.2800000000000001
26406,NO_REPLENISH,41,0.013227964198522216,0.2800000000000001
26406,NO_REPLENISH,42,0.013346708483267503,0.2800000000000001
26406,NO_REPLENISH,43,0.013307069423989825,0.2800000000000001
26406,NO_REPLENISH,44,0.013233945439382491,0.2800000000000001
26406,NO_REPLENISH,45,0.013348011816677816,0.2800000000000001
26406,NO_REPLENISH,46,0.013205132616358828,0.2800000000000001
26406,NO_REPLENISH,47,0.013232060683712998,0.2800000000000001
26406,NO_REPLENISH,48,0.013195399447489806,0.2800000000000001
26406,NO_REPLENISH,49,0.013245844358245678,0.2800000000000001
26406,NO_REPLENISH,50,0.013292020009049152,0.2800000000000001
26406,NO_REPLENISH,51,0.013351626666678837,0.2800000000000001
26406,NO_REPLENISH,52,0.013224625666230484,0.2800000000000001
26406,NO_REPLENISH,53,0.013224724169647374,0.2800000000000001
26406,NO_REPLENISH,54,0.013209850707069551,0.2800000000000001
26406,NO_REPLENISH,55,0.013337386476466729,0.2800000000000001
26406,NO_REPLENISH,56,0.013269761935827814,0.2800000000000001
26406,NO_REPLENISH,57,0.01330848886414831,0.2800000000000001
26406,NO_REPLENISH,58,0.013211114395872596,0.2800000000000001
26406,NO_REPLENISH,59,0.013224639605251874,0.2800000000000001
26406,NO_REPLENISH,60,0.013226678720260641,0.2800000000000001
26406,NO_REPLENISH,61,0.013253203314602521,0.2800000000000001
26406,NO_REPLENISH,62,0.01324585477186333,0.2800000000000001
26406,NO_REPLENISH,63,0.013334655099960027,0.2800000000000001
26406,NO_REPLENISH,64,0.013289549490145358,0.2800000000000001
26406,NO_REPLENISH,65,0.013289684500531607,0.2800000000000001
26406,NO_REPLENISH,66,0.013300466684054898,0.2800000000000001
26406,NO_REPLENISH,67,0.01318987826781264,0.2800000000000001
26406,NO_REPLENISH,68,0.013193926073822476,0.2800000000000001
26406,NO_REPLENISH,69,0.013328901200261705,0.2800000000000001
26406,NO_REPLENISH,70,0.013238883529505077,0.2800000000000001
26406,NO_REPLENISH,71,0.013314686886080106,0.2800000000000001
26406,NO_REPLENISH,72,0.013211570790498539,0.2800000000000001
26406,NO_REPLENISH,73,0.013292898867859892,0.2800000000000001
26406,NO_REPLENISH,74,0.013274909990429328,0.2800000000000001
26406,NO_REPLENISH,75,0.013130641008590177,0.2800000000000001
26406,NO_REPLENISH,76,0.013270709741008288,0.2800000000000001
26406,NO_REPLENISH,77,0.013228412624798165,0.2800000000000001
26406,NO_REPLENISH,78,0.013262107706518889,0.2800000000000001
26406,NO_REPLENISH,79,0.01334203941541721,0.2800000000000001
26406,NO_REPLENISH,80,0.01331468976294313,0.2800000000000001
26406,NO_REPLENISH,81,0.013310050751535255,0.2800000000000001
26406,NO_REPLENISH,82,0.013320606894591537,0.2800000000000001
26406,NO_REPLENISH,83,0.013264720422622842,0.2800000000000001
26406,NO_REPLENISH,84,0.013280521331233237,0.2800000000000001
26406,NO_REPLENISH,85,0.01322499033062084,0.2800000000000001
26406,NO_REPLENISH,86,0.013134656141642864,0.2800000000000001
26406,NO_REPLENISH,87,0.013283854839172013,0.2800000000000001
26406,NO_REPLENISH,88,0.013299005039651266,0.2800000000000001
26406,NO_REPLENISH,89,0.013253862487353643,0.2800000000000001
26406,NO_REPLENISH,90,0.013269593645756313,0.2800000000000001
26406,NO_REPLENISH,91,0.013175378518588118,0.2800000000000001
26406,NO_REPLENISH,92,0.013227355124154341,0.2800000000000001
26406,NO_REPLENISH,93,0.013319566011440914,0.2800000000000001
26406,NO_REPLENISH,94,0.013272485555273049,0.2800000000000001
26406,NO_REPLENISH,95,0.013383982606621452,0.2800000000000001
26406,NO_REPLENISH,96,0.01318706478583829,0.2800000000000001
26406,NO_REPLENISH,97,0.013365564583572742,0.2800000000000001
26406,NO_REPLENISH,98,0.01321377378453146,0.2800000000000001
26406,NO_REPLENISH,99,0.013349313059613963,0.2800000000000001
26406,NO_REPLENISH,100,0.013269411858315877,0.2800000000000001
26406,SMOOTH_TIME,1,0.01647648679536425,0.3485170590141093
26406,SMOOTH_TIME,2,0.019414709775719175,0.410513857783853
26406,SMOOTH_TIME,3,0.02185302464073442,0.4666108811091633
26406,SMOOTH_TIME,4,0.024464894493089664,0.5173695668543398
26406,SMOOTH_TIME,5,0.02664282583514413,0.5632979250069038
26406,SMOOTH_TIME,6,0.028666740239018735,0.604855622012301
26406,SMOOTH_TIME,7,0.03017232464174439,0.6424585812701852
26406,SMOOTH_TIME,8,0.03183702539224926,0.6764831458356005
26406,SMOOTH_TIME,9,0.0334386091983068,0.7072698449867687
26406,SMOOTH_TIME,10,0.03466644204639375,0.7351268023565617
26406,SMOOTH_TIME,11,0.03601219698783253,0.7603328197373828
26406,SMOOTH_TIME,12,0.03684196618599076,0.7831401674232145
26406,SMOOTH_TIME,13,0.03789441981960978,0.8037771090155114
26406,SMOOTH_TIME,14,0.03861553348248825,0.8224501859620433
26406,SMOOTH_TIME,15,0.0394493222129206,0.8393462846931304
26406,SMOOTH_TIME,16,0.04011911213996313,0.8546345070438478
26406,SMOOTH_TIME,17,0.04078808516662865,0.8684678626820314
26406,SMOOTH_TIME,18,0.041073926629026515,0.8809848004804577
26406,SMOOTH_TIME,19,0.041918468248697494,0.8923105941597028
26406,SMOOTH_TIME,20,0.04243305236294965,0.9025585960696388
26406,SMOOTH_TIME,21,0.043422867286914024,0.9118313716578529
26406,SMOOTH_TIME,22,0.0431862480733299,0.9202217259791197
26406,SMOOTH_TIME,23,0.04325516138688784,0.9278136325195815
26406,SMOOTH_TIME,24,0.0441030949796922,0.9346830736316231
26406,SMOOTH_TIME,25,0.04440181704036807,0.9408988009907927
26406,SMOOTH_TIME,26,0.04422432877068,0.94652302368568
26406,SMOOTH_TIME,27,0.04472652639140137,0.9516120308273804
26406,SMOOTH_TIME,28,0.04480480750364141,0.9562167549098427
26406,SMOOTH_TIME,29,0.0453876904118509,0.960383281559387
26406,SMOOTH_TIME,30,0.04521781905966371,0.9641533107751381
26406,SMOOTH_TIME,31,0.045353394595449424,0.9675645742766382
26406,SMOOTH_TIME,32,0.04518479842264084,0.9706512131355765
26406,SMOOTH_TIME,33,0.045685061939291206,0.9734441194711073
26406,SMOOTH_TIME,34,0.04567603737538447,0.9759712456285653
26406,SMOOTH_TIME,35,0.04567552090819208,0.9782578839359305
26406,SMOOTH_TIME,36,0.046397236631261836,0.9803269198379495
26406,SMOOTH_TIME,37,0.046031135727148675,0.9821990609413559
26406,SMOOTH_TIME,38,0.046464900953059864,0.9838930442635606
26406,SMOOTH_TIME,39,0.046112467118776174,0.9854258237590211
26406,SMOOTH_TIME,40,0.04635974026690589,0.9868127400001113
26406,SMOOTH_TIME,41,0.04627183998781834,0.988067673710732
26406,SMOOTH_TIME,42,0.0467314874513431,0.9892031846892558
26406,SMOOTH_TIME,43,0.04664171546940066,0.9902306375112157
26406,SMOOTH_TIME,44,0.046434014982894456,0.9911603152697909
26406,SMOOTH_TIME,45,0.04686499465026245,0.9920015224924655
26406,SMOOTH_TIME,46,0.04640939307762513,0.9927626782638638
26406,SMOOTH_TIME,47,0.04653297666440381,0.9934514004867788
26406,SMOOTH_TIME,48,0.04643386365976678,0.9940745821247053
26406,SMOOTH_TIME,49,0.04663462154649114,0.9946384601889343
26406,SMOOTH_TIME,50,0.04681715020961854,0.9951486781606586
26406,SMOOTH_TIME,51,0.04704524495205833,0.9956103424728285
26406,SMOOTH_TIME,52,0.046625441436871855,0.9960280736170524
26406,SMOOTH_TIME,53,0.04664258752038375,0.9964060523870247
26406,SMOOTH_TIME,54,0.04660781044098039,0.9967480617213192
26406,SMOOTH_TIME,55,0.04706267218842017,0.997057524564306
26406,SMOOTH_TIME,56,0.046841303454448084,0.997337538124132
26406,SMOOTH_TIME,57,0.04698687608194361,0.9975909048706205
26406,SMOOTH_TIME,58,0.04666110064795273,0.9978201605833292
26406,SMOOTH_TIME,59,0.0467169259622571,0.9980275997304866
26406,SMOOTH_TIME,60,0.04673146495094152,0.9982152984328002
26406,SMOOTH_TIME,61,0.046830546573744,0.99838513524197
26406,SMOOTH_TIME,62,0.046813272120419656,0.998538809941867
26406,SMOOTH_TIME,63,0.04712810486270556,0.9986778605605392
26406,SMOOTH_TIME,64,0.04697835134844097,0.9988036787633147
26406,SMOOTH_TIME,65,0.04698416795338433,0.9989175237810562
26406,SMOOTH_TIME,66,0.04702539573339757,0.9990205350129654
26406,SMOOTH_TIME,67,0.04664680958572526,0.9991137434300749
26406,SMOOTH_TIME,68,0.04666526891315487,0.9991980818935514
26406,SMOOTH_TIME,69,0.0471357305573033,0.999274394491085
26406,SMOOTH_TIME,70,0.04682671482701536,0.9993434449848008
26406,SMOOTH_TIME,71,0.047092750263718654,0.9994059244552483
26406,SMOOTH_TIME,72,0.046737095180020276,0.9994624582179691
26406,SMOOTH_TIME,73,0.04702043873788265,0.9995136120818605
26406,SMOOTH_TIME,74,0.046963172237252875,0.9995598980119863
26406,SMOOTH_TIME,75,0.046463593468310964,0.9996017792534938
26406,SMOOTH_TIME,76,0.046951483984059315,0.9996396749679229
26406,SMOOTH_TIME,77,0.0468060156619654,0.9996739644283216
26406,SMOOTH_TIME,78,0.04692488510768148,0.9997049908151344
26406,SMOOTH_TIME,79,0.04720390417963216,0.9997330646508692
26406,SMOOTH_TIME,80,0.047109931075786475,0.99975846690791
26406,SMOOTH_TIME,81,0.047094601568010985,0.9997814518205832
26406,SMOOTH_TIME,82,0.04712995275212333,0.9998022494296203
26406,SMOOTH_TIME,83,0.04693867856358403,0.9998210678844827
26406,SMOOTH_TIME,84,0.04699275270737809,0.9998380955265914
26406,SMOOTH_TIME,85,0.04680176435732813,0.9998535027743126
26406,SMOOTH_TIME,86,0.046490645852223754,0.9998674438285596
26406,SMOOTH_TIME,87,0.04700839069770165,0.9998800582160889
26406,SMOOTH_TIME,88,0.04706041790349178,0.9998914721859312
26406,SMOOTH_TIME,89,0.046903873362573865,0.999901799972933
26406,SMOOTH_TIME,90,0.04695922729190133,0.9999111449410575
26406,SMOOTH_TIME,91,0.04663225603990757,0.9999196006178869
26406,SMOOTH_TIME,92,0.046811346109684716,0.9999272516306772
26406,SMOOTH_TIME,93,0.047133624901764225,0.9999341745533356
26406,SMOOTH_TIME,94,0.04697083176973793,0.9999404386727994
26406,SMOOTH_TIME,95,0.04735817890015028,0.999946106682481
26406,SMOOTH_TIME,96,0.046674806929549485,0.9999512353097266
26406,SMOOTH_TIME,97,0.047294293905054165,0.9999558758835616
26406,SMOOTH_TIME,98,0.04676840196178982,0.9999600748484087
26406,SMOOTH_TIME,99,0.04723950933370972,0.9999638742289195
26406,SMOOTH_TIME,100,0.04696091411731512,0.9999673120505713
26406,HARD_STEP,1,0.013242690218271999,0.2800000000000001
26406,HARD_STEP,2,0.013250426268497206,0.2800000000000001
26406,HARD_STEP,3,0.0131256704529808,0.2800000000000001
26406,HARD_STEP,4,0.013259198678774085,0.2800000000000001
26406,HARD_STEP,5,0.013268055745746169,0.2800000000000001
26406,HARD_STEP,6,0.013301256532745163,0.2800000000000001
26406,HARD_STEP,7,0.01318569743405755,0.2800000000000001
26406,HARD_STEP,8,0.013219290043019328,0.2800000000000001
26406,HARD_STEP,9,0.013286217407920431,0.2800000000000001
26406,HARD_STEP,10,0.013257274040691625,0.2800000000000001
26406,HARD_STEP,11,0.013321115368445186,0.2800000000000001
26406,HARD_STEP,12,0.013234882392686229,0.2800000000000001
26406,HARD_STEP,13,0.04700167886057205,1.0
26406,HARD_STEP,14,0.04682410639312714,1.0
26406,HARD_STEP,15,0.04688438714721166,1.0
26406,HARD_STEP,16,0.046841040103096636,1.0
26406,HARD_STEP,17,0.04687554146806539,1.0
26406,HARD_STEP,18,0.046543712487395306,1.0
26406,HARD_STEP,19,0.04690565942586227,1.0
26406,HARD_STEP,20,0.04694985137228793,1.0
26406,HARD_STEP,21,0.047563416846542805,1.0
26406,HARD_STEP,22,0.04688180855675252,1.0
26406,HARD_STEP,23,0.04658199674595646,1.0
26406,HARD_STEP,24,0.047148122043696394,1.0
26406,HARD_STEP,25,0.04715935595406482,1.0
26406,HARD_STEP,26,0.04669828665583065,1.0
26406,HARD_STEP,27,0.04698019676651987,1.0
26406,HARD_STEP,28,0.04683832458768252,1.0
26406,HARD_STEP,29,0.04724738417042862,1.0
26406,HARD_STEP,30,0.04688832382000141,1.0
26406,HARD_STEP,31,0.046869071100157,1.0
26406,HARD_STEP,32,0.04654737752757043,1.0
26406,HARD_STEP,33,0.04693096382784001,1.0
26406,HARD_STEP,34,0.046802429621712736,1.0
26406,HARD_STEP,35,0.04669230196707836,1.0
26406,HARD_STEP,36,0.04733411866616192,1.0
26406,HARD_STEP,37,0.04687154233016192,1.0
26406,HARD_STEP,38,0.04723396228263923,1.0
26406,HARD_STEP,39,0.04680439162235281,1.0
26406,HARD_STEP,40,0.04699154612190906,1.0
26406,HARD_STEP,41,0.04684289433171657,1.0
26406,HARD_STEP,42,0.047254084985108726,1.0
26406,HARD_STEP,43,0.047117627212267865,1.0
26406,HARD_STEP,44,0.04686390302583263,1.0
26406,HARD_STEP,45,0.047259030331359746,1.0
26406,HARD_STEP,46,0.04676416473270328,1.0
26406,HARD_STEP,47,0.04685691383505854,1.0
26406,HARD_STEP,48,0.04672994132622218,1.0
26406,HARD_STEP,49,0.04690475521324841,1.0
26406,HARD_STEP,50,0.04706478511274964,1.0
26406,HARD_STEP,51,0.0472709433747811,1.0
26406,HARD_STEP,52,0.0468315748235571,1.0
26406,HARD_STEP,53,0.04683115679883112,1.0
26406,HARD_STEP,54,0.04677957216144362,1.0
26406,HARD_STEP,55,0.04722277426081534,1.0
26406,HARD_STEP,56,0.046987822059496476,1.0
26406,HARD_STEP,57,0.04712212334636821,1.0
26406,HARD_STEP,58,0.046785034239997116,1.0
26406,HARD_STEP,59,0.046831947383732565,1.0
26406,HARD_STEP,60,0.046837885646683154,1.0
26406,HARD_STEP,61,0.04693051771329184,1.0
26406,HARD_STEP,62,0.0469038122617186,1.0
26406,HARD_STEP,63,0.04721281683326176,1.0
26406,HARD_STEP,64,0.04705667265310535,1.0
26406,HARD_STEP,65,0.04705748609304972,1.0
26406,HARD_STEP,66,0.04709351470689325,1.0
26406,HARD_STEP,67,0.04671025702413961,1.0
26406,HARD_STEP,68,0.04672501119028453,1.0
26406,HARD_STEP,69,0.04719251860187148,1.0
26406,HARD_STEP,70,0.04688180939822087,1.0
26406,HARD_STEP,71,0.047143674939782394,1.0
26406,HARD_STEP,72,0.04678571136532637,1.0
26406,HARD_STEP,73,0.04706801227340993,1.0
26406,HARD_STEP,74,0.047004814877926654,1.0
26406,HARD_STEP,75,0.04650521241217592,1.0
26406,HARD_STEP,76,0.04699099738738586,1.0
26406,HARD_STEP,77,0.04684448037151312,1.0
26406,HARD_STEP,78,0.046961688618125386,1.0
26406,HARD_STEP,79,0.047237682656964285,1.0
26406,HARD_STEP,80,0.047143603677113156,1.0
26406,HARD_STEP,81,0.04712664189661354,1.0
26406,HARD_STEP,82,0.047164530636672856,1.0
26406,HARD_STEP,83,0.04697061962048873,1.0
26406,HARD_STEP,84,0.04702501140128027,1.0
26406,HARD_STEP,85,0.046832880662700214,1.0
26406,HARD_STEP,86,0.04651841774351851,1.0
26406,HARD_STEP,87,0.047036496187206005,1.0
26406,HARD_STEP,88,0.04708852127514165,1.0
26406,HARD_STEP,89,0.04693267393721104,1.0
26406,HARD_STEP,90,0.04698738760692017,1.0
26406,HARD_STEP,91,0.04665850472418138,1.0
26406,HARD_STEP,92,0.04684159541702195,1.0
26406,HARD_STEP,93,0.047159875995655916,1.0
26406,HARD_STEP,94,0.04699678021664722,1.0
26406,HARD_STEP,95,0.047383329663245294,1.0
26406,HARD_STEP,96,0.04670050055610267,1.0
26406,HARD_STEP,97,0.047319168753935846,1.0
26406,HARD_STEP,98,0.04679265742440474,1.0
26406,HARD_STEP,99,0.04726282139045782,1.0
26406,HARD_STEP,100,0.04698663835741853,1.0
26406,REFRACTORY_TIME,1,0.013246106431280755,0.2800000000000001
26406,REFRACTORY_TIME,2,0.013253983675368277,0.2800000000000001
26406,REFRACTORY_TIME,3,0.013129147727910484,0.2800000000000001
26406,REFRACTORY_TIME,4,0.013262714954884692,0.2800000000000001
26406,REFRACTORY_TIME,5,0.013271427807363081,0.2800000000000001
26406,REFRACTORY_TIME,6,0.013304818760887448,0.2800000000000001
26406,REFRACTORY_TIME,7,0.01318913436461563,0.2800000000000001
26406,REFRACTORY_TIME,8,0.013222957568270513,0.2800000000000001
26406,REFRACTORY_TIME,9,0.013289762021135137,0.2800000000000001
26406,REFRACTORY_TIME,10,0.01326068060180013,0.2800000000000001
26406,REFRACTORY_TIME,11,0.013324624973186636,0.2800000000000001
26406,REFRACTORY_TIME,12,0.013238264804536297,0.2800000000000001
26406,REFRACTORY_TIME,13,0.016519105559667898,0.3485170590141093
26406,REFRACTORY_TIME,14,0.01937882479435132,0.410513857783853
26406,REFRACTORY_TIME,15,0.02204757581620111,0.4666108811091633
26406,REFRACTORY_TIME,16,0.024412490435591374,0.5173695668543398
26406,REFRACTORY_TIME,17,0.026587738920352603,0.5632979250069038
26406,REFRACTORY_TIME,18,0.028331755679860866,0.604855622012301
26406,REFRACTORY_TIME,19,0.03031667639913067,0.6424585812701852
26406,REFRACTORY_TIME,20,0.031938959626984266,0.6764831458356005
26406,REFRACTORY_TIME,21,0.033820144474088105,0.7072698449867687
26406,REFRACTORY_TIME,22,0.03462924000427931,0.7351268023565617
26406,REFRACTORY_TIME,23,0.03557148354227604,0.7603328197373828
26406,REFRACTORY_TIME,24,0.03707499629473371,0.7831401674232145
26406,REFRACTORY_TIME,25,0.038048855711968,0.8037771090155114
26406,REFRACTORY_TIME,26,0.03853808981047426,0.8224501859620433
26406,REFRACTORY_TIME,27,0.03955834016799537,0.8393462846931304
26406,REFRACTORY_TIME,28,0.04014627922401157,0.8546345070438478
26406,REFRACTORY_TIME,29,0.04114420529310568,0.8684678626820314
26406,REFRACTORY_TIME,30,0.0414104917702318,0.8809848004804577
26406,REFRACTORY_TIME,31,0.04191733253924903,0.8923105941597028
26406,REFRACTORY_TIME,32,0.042098736029494044,0.9025585960696388
26406,REFRACTORY_TIME,33,0.042876286530499734,0.9118313716578529
26406,REFRACTORY_TIME,34,0.043145044815293555,0.9202217259791197
26406,REFRACTORY_TIME,35,0.043391920757105934,0.9278136325195815
26406,REFRACTORY_TIME,36,0.044310657336904424,0.9346830736316231
26406,REFRACTORY_TIME,37,0.044163823694213254,0.9408988009907927
26406,REFRACTORY_TIME,38,0.04476660759248685,0.94652302368568
26406,REFRACTORY_TIME,39,0.04459280379140242,0.9516120308273804
26406,REFRACTORY_TIME,40,0.044983903831137186,0.9562167549098427
26406,REFRACTORY_TIME,41,0.0450345000587768,0.960383281559387
26406,REFRACTORY_TIME,42,0.04560435029085024,0.9641533107751381
26406,REFRACTORY_TIME,43,0.04563097741133956,0.9675645742766382
26406,REFRACTORY_TIME,44,0.04552701620486232,0.9706512131355765
26406,REFRACTORY_TIME,45,0.04604014121816188,0.9734441194711073
26406,REFRACTORY_TIME,46,0.04567357552668138,0.9759712456285653
26406,REFRACTORY_TIME,47,0.04587036653744766,0.9782578839359305
26406,REFRACTORY_TIME,48,0.04584075328351045,0.9803269198379495
26406,REFRACTORY_TIME,49,0.046097854971489376,0.9821990609413559
26406,REFRACTORY_TIME,50,0.04633469625678797,0.9838930442635606
26406,REFRACTORY_TIME,51,0.04660848378921758,0.9854258237590211
26406,REFRACTORY_TIME,52,0.04623920553174753,0.9868127400001113
26406,REFRACTORY_TIME,53,0.046296362714988624,0.988067673710732
26406,REFRACTORY_TIME,54,0.04629801929229497,0.9892031846892558
26406,REFRACTORY_TIME,55,0.04678229678314862,0.9902306375112157
26406,REFRACTORY_TIME,56,0.046594325130636736,0.9911603152697909
26406,REFRACTORY_TIME,57,0.04676495245096953,0.9920015224924655
26406,REFRACTORY_TIME,58,0.04646456120616435,0.9927626782638638
26406,REFRACTORY_TIME,59,0.04654388208794191,0.9934514004867788
26406,REFRACTORY_TIME,60,0.046579811877997195,0.9940745821247053
26406,REFRACTORY_TIME,61,0.046696440150886274,0.9946384601889343
26406,REFRACTORY_TIME,62,0.04669489716003969,0.9951486781606586
26406,REFRACTORY_TIME,63,0.047023293932039974,0.9956103424728285
26406,REFRACTORY_TIME,64,0.04688646930295896,0.9960280736170524
26406,REFRACTORY_TIME,65,0.04690493387464867,0.9964060523870247
26406,REFRACTORY_TIME,66,0.046958660364686176,0.9967480617213192
26406,REFRACTORY_TIME,67,0.04658919910915397,0.997057524564306
26406,REFRACTORY_TIME,68,0.04661559220930043,0.997337538124132
26406,REFRACTORY_TIME,69,0.04709480513011219,0.9975909048706205
26406,REFRACTORY_TIME,70,0.04679253444819343,0.9978201605833292
26406,REFRACTORY_TIME,71,0.047065246969421416,0.9980275997304866
26406,REFRACTORY_TIME,72,0.046716212174186304,0.9982152984328002
26406,REFRACTORY_TIME,73,0.047007036203646074,0.99838513524197
26406,REFRACTORY_TIME,74,0.04695284975821673,0.998538809941867
26406,REFRACTORY_TIME,75,0.046458471693461754,0.9986778605605392
26406,REFRACTORY_TIME,76,0.04694848089163817,0.9988036787633147
26406,REFRACTORY_TIME,77,0.04680876995045952,0.9989175237810562
26406,REFRACTORY_TIME,78,0.04692990085911658,0.9990205350129654
26406,REFRACTORY_TIME,79,0.04720995145232346,0.9991137434300749
26406,REFRACTORY_TIME,80,0.047120330566540275,0.9991980818935514
26406,REFRACTORY_TIME,81,0.04710633898346783,0.999274394491085
26406,REFRACTORY_TIME,82,0.047146894783962494,0.9993434449848008
26406,REFRACTORY_TIME,83,0.0469573515922029,0.9994059244552483
26406,REFRACTORY_TIME,84,0.04701436291055245,0.9994624582179691
26406,REFRACTORY_TIME,85,0.04682488347334227,0.9995136120818605
26406,REFRACTORY_TIME,86,0.04651173079334172,0.9995598980119863
26406,REFRACTORY_TIME,87,0.047030935597195456,0.9996017792534938
26406,REFRACTORY_TIME,88,0.04708564925567373,0.9996396749679229
26406,REFRACTORY_TIME,89,0.04693138995862545,0.9996739644283216
26406,REFRACTORY_TIME,90,0.04698659550332607,0.9997049908151344
26406,REFRACTORY_TIME,91,0.046660635050479404,0.9997330646508692
26406,REFRACTORY_TIME,92,0.046842616529109676,0.99975846690791
26406,REFRACTORY_TIME,93,0.047162590880411005,0.9997814518205832
26406,REFRACTORY_TIME,94,0.04700165639505502,0.9998022494296203
26406,REFRACTORY_TIME,95,0.04738780779124204,0.9998210678844827
26406,REFRACTORY_TIME,96,0.04670582338892449,0.9998380955265914
26406,REFRACTORY_TIME,97,0.04732639789953939,0.9998535027743126
26406,REFRACTORY_TIME,98,0.04679986616823586,0.9998674438285596
26406,REFRACTORY_TIME,99,0.04727059374323538,0.9998800582160889
26406,REFRACTORY_TIME,100,0.04699530509253521,0.9998914721859312
26407,NO_REPLENISH,1,0.013276157821592832,0.2800000000000001
26407,NO_REPLENISH,2,0.013176222621075753,0.2800000000000001
26407,NO_REPLENISH,3,0.013263206613504894,0.2800000000000001
26407,NO_REPLENISH,4,0.013274963706531284,0.2800000000000001
26407,NO_REPLENISH,5,0.013214948372965699,0.2800000000000001
26407,NO_REPLENISH,6,0.013291119168965452,0.2800000000000001
26407,NO_REPLENISH,7,0.013227344684684459,0.2800000000000001
26407,NO_REPLENISH,8,0.013190448548475626,0.2800000000000001
26407,NO_REPLENISH,9,0.013205805155856348,0.2800000000000001
26407,NO_REPLENISH,10,0.013256011841557063,0.2800000000000001
26407,NO_REPLENISH,11,0.013295244106879031,0.2800000000000001
26407,NO_REPLENISH,12,0.013227192441342366,0.2800000000000001
26407,NO_REPLENISH,13,0.013332183000798086,0.2800000000000001
26407,NO_REPLENISH,14,0.013164598889292249,0.2800000000000001
26407,NO_REPLENISH,15,0.013288122057092469,0.2800000000000001
26407,NO_REPLENISH,16,0.013290563744246586,0.2800000000000001
26407,NO_REPLENISH,17,0.013193923026435765,0.2800000000000001
26407,NO_REPLENISH,18,0.013219196013998189,0.2800000000000001
26407,NO_REPLENISH,19,0.013263941108119863,0.2800000000000001
26407,NO_REPLENISH,20,0.013286594716606932,0.2800000000000001
26407,NO_REPLENISH,21,0.01319681608557805,0.2800000000000001
26407,NO_REPLENISH,22,0.013248838509437805,0.2800000000000001
26407,NO_REPLENISH,23,0.013242309505657414,0.2800000000000001
26407,NO_REPLENISH,24,0.013285395975825792,0.2800000000000001
26407,NO_REPLENISH,25,0.013347413300677943,0.2800000000000001
26407,NO_REPLENISH,26,0.013301737764472127,0.2800000000000001
26407,NO_REPLENISH,27,0.013224641198522416,0.2800000000000001
26407,NO_REPLENISH,28,0.01311131362838503,0.2800000000000001
26407,NO_REPLENISH,29,0.013296860783001805,0.2800000000000001
26407,NO_REPLENISH,30,0.013287134567061645,0.2800000000000001
26407,NO_REPLENISH,31,0.013253469855555545,0.2800000000000001
26407,NO_REPLENISH,32,0.013192497789845511,0.2800000000000001
26407,NO_REPLENISH,33,0.013237494927139158,0.2800000000000001
26407,NO_REPLENISH,34,0.013334683631470057,0.2800000000000001
26407,NO_REPLENISH,35,0.013192821307602296,0.2800000000000001
26407,NO_REPLENISH,36,0.013283849125844264,0.2800000000000001
26407,NO_REPLENISH,37,0.013342050412838896,0.2800000000000001
26407,NO_REPLENISH,38,0.013364935112308804,0.2800000000000001
26407,NO_REPLENISH,39,0.013313913271769574,0.2800000000000001
26407,NO_REPLENISH,40,0.01332322746285076,0.2800000000000001
26407,NO_REPLENISH,41,0.013243105384359624,0.2800000000000001
26407,NO_REPLENISH,42,0.0132216370338172,0.2800000000000001
26407,NO_REPLENISH,43,0.013267834101615965,0.2800000000000001
26407,NO_REPLENISH,44,0.013252417464101107,0.2800000000000001
26407,NO_REPLENISH,45,0.013280242097270944,0.2800000000000001
26407,NO_REPLENISH,46,0.01326203158242228,0.2800000000000001
26407,NO_REPLENISH,47,0.013250168573331791,0.2800000000000001
26407,NO_REPLENISH,48,0.013235204476111833,0.2800000000000001
26407,NO_REPLENISH,49,0.013181529288355762,0.2800000000000001
26407,NO_REPLENISH,50,0.013240703787763465,0.2800000000000001
26407,NO_REPLENISH,51,0.013226785808583155,0.2800000000000001
26407,NO_REPLENISH,52,0.013212571355248002,0.2800000000000001
26407,NO_REPLENISH,53,0.013168889205523726,0.2800000000000001
26407,NO_REPLENISH,54,0.013138991980559395,0.2800000000000001
26407,NO_REPLENISH,55,0.013288253761364775,0.2800000000000001
26407,NO_REPLENISH,56,0.013346373585484128,0.2800000000000001
26407,NO_REPLENISH,57,0.01316511875161846,0.2800000000000001
26407,NO_REPLENISH,58,0.013194833034457695,0.2800000000000001
26407,NO_REPLENISH,59,0.013262923497475917,0.2800000000000001
26407,NO_REPLENISH,60,0.013253793687872708,0.2800000000000001
26407,NO_REPLENISH,61,0.013357488202945573,0.2800000000000001
26407,NO_REPLENISH,62,0.013245306517754843,0.2800000000000001
26407,NO_REPLENISH,63,0.013323678591701535,0.2800000000000001
26407,NO_REPLENISH,64,0.01325596960374967,0.2800000000000001
26407,NO_REPLENISH,65,0.01330587481213357,0.2800000000000001
26407,NO_REPLENISH,66,0.013233200366791638,0.2800000000000001
26407,NO_REPLENISH,67,0.013151041878629387,0.2800000000000001
26407,NO_REPLENISH,68,0.013201632930510092,0.2800000000000001
26407,NO_REPLENISH,69,0.013217710982001737,0.2800000000000001
26407,NO_REPLENISH,70,0.013179850926977718,0.2800000000000001
26407,NO_REPLENISH,71,0.0131396483711237,0.2800000000000001
26407,NO_REPLENISH,72,0.013238974601529618,0.2800000000000001
26407,NO_REPLENISH,73,0.013208353163147593,0.2800000000000001
26407,NO_REPLENISH,74,0.013206534585411267,0.2800000000000001
26407,NO_REPLENISH,75,0.013215763592343137,0.2800000000000001
26407,NO_REPLENISH,76,0.01325943227584929,0.2800000000000001
26407,NO_REPLENISH,77,0.013186980185197261,0.2800000000000001
26407,NO_REPLENISH,78,0.013235536591268896,0.2800000000000001
26407,NO_REPLENISH,79,0.013199006538607491,0.2800000000000001
26407,NO_REPLENISH,80,0.013277262306710336,0.2800000000000001
26407,NO_REPLENISH,81,0.013325934805274525,0.2800000000000001
26407,NO_REPLENISH,82,0.013260025149620417,0.2800000000000001
26407,NO_REPLENISH,83,0.01325770347651195,0.2800000000000001
26407,NO_REPLENISH,84,0.013261864197745858,0.2800000000000001
26407,NO_REPLENISH,85,0.013283304307600894,0.2800000000000001
26407,NO_REPLENISH,86,0.013177738343860842,0.2800000000000001
26407,NO_REPLENISH,87,0.013151680674030095,0.2800000000000001
26407,NO_REPLENISH,88,0.013195017279055046,0.2800000000000001
26407,NO_REPLENISH,89,0.013286921307758243,0.2800000000000001
26407,NO_REPLENISH,90,0.013308033195611338,0.2800000000000001
26407,NO_REPLENISH,91,0.013262610349677954,0.2800000000000001
26407,NO_REPLENISH,92,0.013151186363898755,0.2800000000000001
26407,NO_REPLENISH,93,0.013291038438713687,0.2800000000000001
26407,NO_REPLENISH,94,0.013240373236953382,0.2800000000000001
26407,NO_REPLENISH,95,0.013337108937399212,0.2800000000000001
26407,NO_REPLENISH,96,0.013281215602926277,0.2800000000000001
26407,NO_REPLENISH,97,0.013198867185613814,0.2800000000000001
26407,NO_REPLENISH,98,0.013255220072976533,0.2800000000000001
26407,NO_REPLENISH,99,0.013398832952298856,0.2800000000000001
26407,NO_REPLENISH,100,0.013245679148373843,0.2800000000000001
26407,SMOOTH_TIME,1,0.016514224302634887,0.3485170590141093
26407,SMOOTH_TIME,2,0.019302193527546207,0.410513857783853
26407,SMOOTH_TIME,3,0.022076531684537493,0.4666108811091633
26407,SMOOTH_TIME,4,0.024489520445054692,0.5173695668543398
26407,SMOOTH_TIME,5,0.02653187791688681,0.5632979250069038
26407,SMOOTH_TIME,6,0.028638817506556394,0.604855622012301
26407,SMOOTH_TIME,7,0.030260261686992616,0.6424585812701852
26407,SMOOTH_TIME,8,0.0317607458649982,0.6764831458356005
26407,SMOOTH_TIME,9,0.03323044253431529,0.7072698449867687
26407,SMOOTH_TIME,10,0.03465528323487569,0.7351268023565617
26407,SMOOTH_TIME,11,0.035935147718825076,0.7603328197373828
26407,SMOOTH_TIME,12,0.03681246018432242,0.7831401674232145
26407,SMOOTH_TIME,13,0.038065626610947256,0.8037771090155114
26407,SMOOTH_TIME,14,0.03845537791987868,0.8224501859620433
26407,SMOOTH_TIME,15,0.039596793973321394,0.8393462846931304
26407,SMOOTH_TIME,16,0.04031410158541892,0.8546345070438478
26407,SMOOTH_TIME,17,0.040665444181492025,0.8684678626820314
26407,SMOOTH_TIME,18,0.04131883833715233,0.8809848004804577
26407,SMOOTH_TIME,19,0.04198090073917266,0.8923105941597028
26407,SMOOTH_TIME,20,0.042526234595632394,0.9025585960696388
26407,SMOOTH_TIME,21,0.04267130379758344,0.9118313716578529
26407,SMOOTH_TIME,22,0.04322337860893292,0.9202217259791197
26407,SMOOTH_TIME,23,0.043553081395980846,0.9278136325195815
26407,SMOOTH_TIME,24,0.044011065319371906,0.9346830736316231
26407,SMOOTH_TIME,25,0.04449901164817832,0.9408988009907927
26407,SMOOTH_TIME,26,0.04461131444571928,0.94652302368568
26407,SMOOTH_TIME,27,0.044592320549420715,0.9516120308273804
26407,SMOOTH_TIME,28,0.044426933895219144,0.9562167549098427
26407,SMOOTH_TIME,29,0.04523542816047651,0.960383281559387
26407,SMOOTH_TIME,30,0.04537687243496245,0.9641533107751381
26407,SMOOTH_TIME,31,0.04542191166713724,0.9675645742766382
26407,SMOOTH_TIME,32,0.04535757526879123,0.9706512131355765
26407,SMOOTH_TIME,33,0.04563799750436325,0.9734441194711073
26407,SMOOTH_TIME,34,0.04608400705619473,0.9759712456285653
26407,SMOOTH_TIME,35,0.04570890576345902,0.9782578839359305
26407,SMOOTH_TIME,36,0.04611305677053167,0.9803269198379495
26407,SMOOTH_TIME,37,0.046397969728600656,0.9821990609413559
26407,SMOOTH_TIME,38,0.04655503870592579,0.9838930442635606
26407,SMOOTH_TIME,39,0.04644967395498373,0.9854258237590211
26407,SMOOTH_TIME,40,0.04654692177828864,0.9868127400001113
26407,SMOOTH_TIME,41,0.04633122096256483,0.988067673710732
26407,SMOOTH_TIME,42,0.046308789987990207,0.9892031846892558
26407,SMOOTH_TIME,43,0.0465136859965552,0.9902306375112157
26407,SMOOTH_TIME,44,0.046505287770948485,0.9911603152697909
26407,SMOOTH_TIME,45,0.04664005631248926,0.9920015224924655
26407,SMOOTH_TIME,46,0.04661123868820092,0.9927626782638638
26407,SMOOTH_TIME,47,0.046602829560579824,0.9934514004867788
26407,SMOOTH_TIME,48,0.04658032587777796,0.9940745821247053
26407,SMOOTH_TIME,49,0.046420105252428394,0.9946384601889343
26407,SMOOTH_TIME,50,0.04664850923270167,0.9951486781606586
26407,SMOOTH_TIME,51,0.046620597347451796,0.9956103424728285
26407,SMOOTH_TIME,52,0.04659106099224091,0.9960280736170524
26407,SMOOTH_TIME,53,0.046456557470467126,0.9964060523870247
26407,SMOOTH_TIME,54,0.04637034094185863,0.9967480617213192
26407,SMOOTH_TIME,55,0.04690005481932047,0.997057524564306
26407,SMOOTH_TIME,56,0.0471142105981146,0.997337538124132
26407,SMOOTH_TIME,57,0.046498721674571114,0.9975909048706205
26407,SMOOTH_TIME,58,0.0466112371322939,0.9978201605833292
26407,SMOOTH_TIME,59,0.04685746128505478,0.9980275997304866
26407,SMOOTH_TIME,60,0.046834476038543384,0.9982152984328002
26407,SMOOTH_TIME,61,0.047200870584051625,0.99838513524197
26407,SMOOTH_TIME,62,0.04681947934268277,0.998538809941867
26407,SMOOTH_TIME,63,0.04709741136857281,0.9986778605605392
26407,SMOOTH_TIME,64,0.046867873206708925,0.9988036787633147
26407,SMOOTH_TIME,65,0.04704685754589352,0.9989175237810562
26407,SMOOTH_TIME,66,0.046800222187080666,0.9990205350129654
26407,SMOOTH_TIME,67,0.046519589686257266,0.9991137434300749
26407,SMOOTH_TIME,68,0.04669900530211222,0.9991980818935514
26407,SMOOTH_TIME,69,0.04675762026876812,0.999274394491085
26407,SMOOTH_TIME,70,0.04662874850332421,0.9993434449848008
26407,SMOOTH_TIME,71,0.046493268691949315,0.9994059244552483
26407,SMOOTH_TIME,72,0.04683955530587194,0.9994624582179691
26407,SMOOTH_TIME,73,0.04673645221046354,0.9995136120818605
26407,SMOOTH_TIME,74,0.046731670449360434,0.9995598980119863
26407,SMOOTH_TIME,75,0.04676619615636581,0.9996017792534938
26407,SMOOTH_TIME,76,0.04691883650315063,0.9996396749679229
26407,SMOOTH_TIME,77,0.046668764258814256,0.9996739644283216
26407,SMOOTH_TIME,78,0.04683974271735688,0.9997049908151344
26407,SMOOTH_TIME,79,0.04671387253474855,0.9997330646508692
26407,SMOOTH_TIME,80,0.04698637087744628,0.99975846690791
26407,SMOOTH_TIME,81,0.047156396654747725,0.9997814518205832
26407,SMOOTH_TIME,82,0.04692706764043738,0.9998022494296203
26407,SMOOTH_TIME,83,0.04692107356083596,0.9998210678844827
26407,SMOOTH_TIME,84,0.046936547060272636,0.9998380955265914
26407,SMOOTH_TIME,85,0.0470110292739846,0.9998535027743126
26407,SMOOTH_TIME,86,0.04664652305498796,0.9998674438285596
26407,SMOOTH_TIME,87,0.04655641079747581,0.9998800582160889
26407,SMOOTH_TIME,88,0.046707239180423,0.9998914721859312
26407,SMOOTH_TIME,89,0.047026349664311,0.999901799972933
26407,SMOOTH_TIME,90,0.04709960104713429,0.9999111449410575
26407,SMOOTH_TIME,91,0.04694191772627282,0.9999196006178869
26407,SMOOTH_TIME,92,0.04655713309625667,0.9999272516306772
26407,SMOOTH_TIME,93,0.0470423044745372,0.9999341745533356
26407,SMOOTH_TIME,94,0.04686531028945903,0.9999404386727994
26407,SMOOTH_TIME,95,0.047201604787687305,0.999946106682481
26407,SMOOTH_TIME,96,0.0470089409857685,0.9999512353097266
26407,SMOOTH_TIME,97,0.04672348882389232,0.9999558758835616
26407,SMOOTH_TIME,98,0.04691872399008256,0.9999600748484087
26407,SMOOTH_TIME,99,0.04741531103023399,0.9999638742289195
26407,SMOOTH_TIME,100,0.04688546293618048,0.9999673120505713
26407,HARD_STEP,1,0.013270047156665818,0.2800000000000001
26407,HARD_STEP,2,0.013170144018119542,0.2800000000000001
26407,HARD_STEP,3,0.013257408917966756,0.2800000000000001
26407,HARD_STEP,4,0.013268901797750518,0.2800000000000001
26407,HARD_STEP,5,0.013208879734671684,0.2800000000000001
26407,HARD_STEP,6,0.01328532846883957,0.2800000000000001
26407,HARD_STEP,7,0.013221263769321303,0.2800000000000001
26407,HARD_STEP,8,0.01318447507235108,0.2800000000000001
26407,HARD_STEP,9,0.013199826910195766,0.2800000000000001
26407,HARD_STEP,10,0.01325011359201784,0.2800000000000001
26407,HARD_STEP,11,0.013289656380133923,0.2800000000000001
26407,HARD_STEP,12,0.013221016468531391,0.2800000000000001
26407,HARD_STEP,13,0.04720226854654045,1.0
26407,HARD_STEP,14,0.04662151114320681,1.0
26407,HARD_STEP,15,0.04705007918819417,1.0
26407,HARD_STEP,16,0.047056546523748334,1.0
26407,HARD_STEP,17,0.04672450736859211,1.0
26407,HARD_STEP,18,0.04680943492861805,1.0
26407,HARD_STEP,19,0.04696480629624044,1.0
26407,HARD_STEP,20,0.047044038853927106,1.0
26407,HARD_STEP,21,0.04673421569717395,1.0
26407,HARD_STEP,22,0.04691334030215629,1.0
26407,HARD_STEP,23,0.04689077872520645,1.0
26407,HARD_STEP,24,0.04703905374458293,1.0
26407,HARD_STEP,25,0.04725406301180344,1.0
26407,HARD_STEP,26,0.047096691769625554,1.0
26407,HARD_STEP,27,0.046828544407976576,1.0
26407,HARD_STEP,28,0.0464342406182747,1.0
26407,HARD_STEP,29,0.047080341992665004,1.0
26407,HARD_STEP,30,0.04704371494916498,1.0
26407,HARD_STEP,31,0.04692834517333203,1.0
26407,HARD_STEP,32,0.04671641876301108,1.0
26407,HARD_STEP,33,0.04687304331367299,1.0
26407,HARD_STEP,34,0.047208410954266644,1.0
26407,HARD_STEP,35,0.0467160890839833,1.0
26407,HARD_STEP,36,0.0470335845512092,1.0
26407,HARD_STEP,37,0.04723555972463572,1.0
26407,HARD_STEP,38,0.04731644115876749,1.0
26407,HARD_STEP,39,0.047136652462132334,1.0
26407,HARD_STEP,40,0.047171359555005864,1.0
26407,HARD_STEP,41,0.04689338920887246,1.0
26407,HARD_STEP,42,0.04681850626564613,1.0
26407,HARD_STEP,43,0.046978405106269466,1.0
26407,HARD_STEP,44,0.04692533181713584,1.0
26407,HARD_STEP,45,0.047021943623552165,1.0
26407,HARD_STEP,46,0.04695879541320001,1.0
26407,HARD_STEP,47,0.04691857631670857,1.0
26407,HARD_STEP,48,0.04686592348775684,1.0
26407,HARD_STEP,49,0.04667906984758607,1.0
26407,HARD_STEP,50,0.046885966666640355,1.0
26407,HARD_STEP,51,0.046835004755715136,1.0
26407,HARD_STEP,52,0.04678620095932177,1.0
26407,HARD_STEP,53,0.04663548175025443,1.0
26407,HARD_STEP,54,0.04653208203785238,1.0
26407,HARD_STEP,55,0.04704781150138385,1.0
26407,HARD_STEP,56,0.04725194045092427,1.0
26407,HARD_STEP,57,0.04662217490363144,1.0
26407,HARD_STEP,58,0.04672627008587323,1.0
26407,HARD_STEP,59,0.04696138537900304,1.0
26407,HARD_STEP,60,0.046931232607745475,1.0
26407,HARD_STEP,61,0.047288314623274146,1.0
26407,HARD_STEP,62,0.04690159520852789,1.0
26407,HARD_STEP,63,0.04717096147863115,1.0
26407,HARD_STEP,64,0.04693627866689488,1.0
26407,HARD_STEP,65,0.047112067614162374,1.0
26407,HARD_STEP,66,0.04686035463529225,1.0
26407,HARD_STEP,67,0.046572899023279275,1.0
26407,HARD_STEP,68,0.046748824257236345,1.0
26407,HARD_STEP,69,0.04680489680631298,1.0
26407,HARD_STEP,70,0.04667303704897873,1.0
26407,HARD_STEP,71,0.046535534882328124,1.0
26407,HARD_STEP,72,0.04687715228353075,1.0
26407,HARD_STEP,73,0.0467715432873243,1.0
26407,HARD_STEP,74,0.046764437660373755,1.0
26407,HARD_STEP,75,0.04679959880334381,1.0
26407,HARD_STEP,76,0.046948762966107525,1.0
26407,HARD_STEP,77,0.0466984861205486,1.0
26407,HARD_STEP,78,0.04686749880150093,1.0
26407,HARD_STEP,79,0.0467398458682975,1.0
26407,HARD_STEP,80,0.047012320184022655,1.0
26407,HARD_STEP,81,0.04717927164982033,1.0
26407,HARD_STEP,82,0.046952302053022456,1.0
26407,HARD_STEP,83,0.04694202654918208,1.0
26407,HARD_STEP,84,0.04695761913705462,1.0
26407,HARD_STEP,85,0.047030699178356124,1.0
26407,HARD_STEP,86,0.046664571983452495,1.0
26407,HARD_STEP,87,0.04657624172976669,1.0
26407,HARD_STEP,88,0.04672527122208584,1.0
26407,HARD_STEP,89,0.04704529806698018,1.0
26407,HARD_STEP,90,0.047119113958560804,1.0
26407,HARD_STEP,91,0.046960201974210726,1.0
26407,HARD_STEP,92,0.046574804850581464,1.0
26407,HARD_STEP,93,0.04705992052391633,1.0
26407,HARD_STEP,94,0.04688373619519404,1.0
26407,HARD_STEP,95,0.04721790416830268,1.0
26407,HARD_STEP,96,0.04702747610732933,1.0
26407,HARD_STEP,97,0.04674096174617388,1.0
26407,HARD_STEP,98,0.046935088063653374,1.0
26407,HARD_STEP,99,0.047431155573940766,1.0
26407,HARD_STEP,100,0.04690169389245861,1.0
26407,REFRACTORY_TIME,1,0.01328583316862087,0.2800000000000001
26407,REFRACTORY_TIME,2,0.013186246052879371,0.2800000000000001
26407,REFRACTORY_TIME,3,0.0132731372538391,0.2800000000000001
26407,REFRACTORY_TIME,4,0.013285078284340434,0.2800000000000001
26407,REFRACTORY_TIME,5,0.013224961759610368,0.2800000000000001
26407,REFRACTORY_TIME,6,0.013301086015431916,0.2800000000000001
26407,REFRACTORY_TIME,7,0.013237332081871533,0.2800000000000001
26407,REFRACTORY_TIME,8,0.01320035171177517,0.2800000000000001
26407,REFRACTORY_TIME,9,0.01321570263322272,0.2800000000000001
26407,REFRACTORY_TIME,10,0.01326591829929707,0.2800000000000001
26407,REFRACTORY_TIME,11,0.01330521587013358,0.2800000000000001
26407,REFRACTORY_TIME,12,0.01323734352122937,0.2800000000000001
26407,REFRACTORY_TIME,13,0.016606811784701858,0.3485170590141093
26407,REFRACTORY_TIME,14,0.019310551830700826,0.410513857783853
26407,REFRACTORY_TIME,15,0.022146454811466015,0.4666108811091633
26407,REFRACTORY_TIME,16,0.024549841849752146,0.5173695668543398
26407,REFRACTORY_TIME,17,0.02652477638051301,0.5632979250069038
26407,REFRACTORY_TIME,18,0.028522507078959158,0.604855622012301
26407,REFRACTORY_TIME,19,0.03038406447649684,0.6424585812701852
26407,REFRACTORY_TIME,20,0.03203380025448697,0.6764831458356005
26407,REFRACTORY_TIME,21,0.03325389901834756,0.7072698449867687
26407,REFRACTORY_TIME,22,0.03468486386428855,0.7351268023565617
26407,REFRACTORY_TIME,23,0.03584339701438214,0.7603328197373828
26407,REFRACTORY_TIME,24,0.03702533218816501,0.7831401674232145
26407,REFRACTORY_TIME,25,0.0381623053710255,0.8037771090155114
26407,REFRACTORY_TIME,26,0.03890678125174608,0.8224501859620433
26407,REFRACTORY_TIME,27,0.039468539224768215,0.8393462846931304
26407,REFRACTORY_TIME,28,0.03983858262887027,0.8546345070438478
26407,REFRACTORY_TIME,29,0.04103720006701078,0.8684678626820314
26407,REFRACTORY_TIME,30,0.041589775856404075,0.8809848004804577
26407,REFRACTORY_TIME,31,0.04201173867468128,0.8923105941597028
26407,REFRACTORY_TIME,32,0.0422932887713223,0.9025585960696388
26407,REFRACTORY_TIME,33,0.04286479538647605,0.9118313716578529
26407,REFRACTORY_TIME,34,0.043564100708704236,0.9202217259791197
26407,REFRACTORY_TIME,35,0.04345983856423299,0.9278136325195815
26407,REFRACTORY_TIME,36,0.04407119852321278,0.9346830736316231
26407,REFRACTORY_TIME,37,0.04454986629163828,0.9408988009907927
26407,REFRACTORY_TIME,38,0.04488849220156623,0.94652302368568
26407,REFRACTORY_TIME,39,0.044954678265880954,0.9516120308273804
26407,REFRACTORY_TIME,40,0.045201341494974644,0.9562167549098427
26407,REFRACTORY_TIME,41,0.04512702797876487,0.960383281559387
26407,REFRACTORY_TIME,42,0.045227716762165915,0.9641533107751381
26407,REFRACTORY_TIME,43,0.04553951727274987,0.9675645742766382
26407,REFRACTORY_TIME,44,0.04563227653454741,0.9706512131355765
26407,REFRACTORY_TIME,45,0.04585451024328998,0.9734441194711073
26407,REFRACTORY_TIME,46,0.045910049385297434,0.9759712456285653
26407,REFRACTORY_TIME,47,0.04597463565712026,0.9782578839359305
26407,REFRACTORY_TIME,48,0.04602003516620889,0.9803269198379495
26407,REFRACTORY_TIME,49,0.04592186654689984,0.9821990609413559
26407,REFRACTORY_TIME,50,0.04620260673692169,0.9838930442635606
26407,REFRACTORY_TIME,51,0.04622514067652356,0.9854258237590211
26407,REFRACTORY_TIME,52,0.046240440253184724,0.9868127400001113
26407,REFRACTORY_TIME,53,0.04614755992342984,0.988067673710732
26407,REFRACTORY_TIME,54,0.04609742121908486,0.9892031846892558
26407,REFRACTORY_TIME,55,0.0466581610883298,0.9902306375112157
26407,REFRACTORY_TIME,56,0.046900880000735466,0.9911603152697909
26407,REFRACTORY_TIME,57,0.04631601947994849,0.9920015224924655
26407,REFRACTORY_TIME,58,0.046451993739222354,0.9927626782638638
26407,REFRACTORY_TIME,59,0.0467184520319363,0.9934514004867788
26407,REFRACTORY_TIME,60,0.04671719729495708,0.9940745821247053
26407,REFRACTORY_TIME,61,0.047101958841826504,0.9946384601889343
26407,REFRACTORY_TIME,62,0.04673789443153644,0.9951486781606586
26407,REFRACTORY_TIME,63,0.047030204894531004,0.9956103424728285
26407,REFRACTORY_TIME,64,0.04681488356312182,0.9960280736170524
26407,REFRACTORY_TIME,65,0.047004460754834554,0.9964060523870247
26407,REFRACTORY_TIME,66,0.046769156268822366,0.9967480617213192
26407,REFRACTORY_TIME,67,0.04649808515619755,0.997057524564306
26407,REFRACTORY_TIME,68,0.04668667822561031,0.997337538124132
26407,REFRACTORY_TIME,69,0.04675441861086505,0.9975909048706205
26407,REFRACTORY_TIME,70,0.04663185979706327,0.9978201605833292
26407,REFRACTORY_TIME,71,0.04650391520166896,0.9980275997304866
26407,REFRACTORY_TIME,72,0.04685549553119859,0.9982152984328002
26407,REFRACTORY_TIME,73,0.04675711376669441,0.99838513524197
26407,REFRACTORY_TIME,74,0.04675851648576702,0.998538809941867
26407,REFRACTORY_TIME,75,0.04679739332891426,0.9986778605605392
26407,REFRACTORY_TIME,76,0.046954817534446934,0.9988036787633147
26407,REFRACTORY_TIME,77,0.04670711811351346,0.9989175237810562
26407,REFRACTORY_TIME,78,0.046881667077024486,0.9990205350129654
26407,REFRACTORY_TIME,79,0.04675826343128155,0.9991137434300749
26407,REFRACTORY_TIME,80,0.047033620977711486,0.9991980818935514
26407,REFRACTORY_TIME,81,0.04720677944749959,0.999274394491085
26407,REFRACTORY_TIME,82,0.04697824453832109,0.9993434449848008
26407,REFRACTORY_TIME,83,0.04697464269092357,0.9994059244552483
26407,REFRACTORY_TIME,84,0.04699316521893868,0.9994624582179691
26407,REFRACTORY_TIME,85,0.04707075079056542,0.9995136120818605
26407,REFRACTORY_TIME,86,0.04670569297822036,0.9995598980119863
26407,REFRACTORY_TIME,87,0.04661753052724038,0.9996017792534938
26407,REFRACTORY_TIME,88,0.04676912099218262,0.9996396749679229
26407,REFRACTORY_TIME,89,0.04709015882514584,0.9996739644283216
26407,REFRACTORY_TIME,90,0.04716340578226954,0.9997049908151344
26407,REFRACTORY_TIME,91,0.04700842543368785,0.9997330646508692
26407,REFRACTORY_TIME,92,0.046623509904312875,0.99975846690791
26407,REFRACTORY_TIME,93,0.047110540590071255,0.9997814518205832
26407,REFRACTORY_TIME,94,0.046933076921338746,0.9998022494296203
26407,REFRACTORY_TIME,95,0.04727116898507544,0.9998210678844827
26407,REFRACTORY_TIME,96,0.0470779529944989,0.9998380955265914
26407,REFRACTORY_TIME,97,0.04679057498695186,0.9998535027743126
26407,REFRACTORY_TIME,98,0.046987947662309314,0.9998674438285596
26407,REFRACTORY_TIME,99,0.047486481299353005,0.9998800582160889
26407,REFRACTORY_TIME,100,0.046956806726850896,0.9998914721859312
26408,NO_REPLENISH,1,0.0131554528995867,0.2800000000000001
26408,NO_REPLENISH,2,0.013264705674605295,0.2800000000000001
26408,NO_REPLENISH,3,0.013196415496632438,0.2800000000000001
26408,NO_REPLENISH,4,0.013284218841666922,0.2800000000000001
26408,NO_REPLENISH,5,0.013263671481986388,0.2800000000000001
26408,NO_REPLENISH,6,0.013184860893272954,0.2800000000000001
26408,NO_REPLENISH,7,0.01337429635069864,0.2800000000000001
26408,NO_REPLENISH,8,0.013250557792686935,0.2800000000000001
26408,NO_REPLENISH,9,0.013177610560933903,0.2800000000000001
26408,NO_REPLENISH,10,0.01312519960250022,0.2800000000000001
26408,NO_REPLENISH,11,0.013225014155058251,0.2800000000000001
26408,NO_REPLENISH,12,0.01330034834643691,0.2800000000000001
26408,NO_REPLENISH,13,0.013240161073654439,0.2800000000000001
26408,NO_REPLENISH,14,0.013207778454251964,0.2800000000000001
26408,NO_REPLENISH,15,0.01322843022661233,0.2800000000000001
26408,NO_REPLENISH,16,0.013325276551546339,0.2800000000000001
26408,NO_REPLENISH,17,0.013174681070430058,0.2800000000000001
26408,NO_REPLENISH,18,0.013260758125125088,0.2800000000000001
26408,NO_REPLENISH,19,0.01335525811238777,0.2800000000000001
26408,NO_REPLENISH,20,0.013236435573992298,0.2800000000000001
26408,NO_REPLENISH,21,0.013264367852608025,0.2800000000000001
26408,NO_REPLENISH,22,0.013241339707496707,0.2800000000000001
26408,NO_REPLENISH,23,0.013263793938995195,0.2800000000000001
26408,NO_REPLENISH,24,0.013281859843498278,0.2800000000000001
26408,NO_REPLENISH,25,0.013116230789814992,0.2800000000000001
26408,NO_REPLENISH,26,0.013246571898818697,0.2800000000000001
26408,NO_REPLENISH,27,0.013224659788219717,0.2800000000000001
26408,NO_REPLENISH,28,0.013257949504337447,0.2800000000000001
26408,NO_REPLENISH,29,0.013130766974612787,0.2800000000000001
26408,NO_REPLENISH,30,0.013240675457847824,0.2800000000000001
26408,NO_REPLENISH,31,0.013180405663209535,0.2800000000000001
26408,NO_REPLENISH,32,0.013274154453966036,0.2800000000000001
26408,NO_REPLENISH,33,0.013206965971638436,0.2800000000000001
26408,NO_REPLENISH,34,0.013239328914267379,0.2800000000000001
26408,NO_REPLENISH,35,0.013303167368971558,0.2800000000000001
26408,NO_REPLENISH,36,0.01314665813896624,0.2800000000000001
26408,NO_REPLENISH,37,0.01319735709150062,0.2800000000000001
26408,NO_REPLENISH,38,0.013261668144476263,0.2800000000000001
26408,NO_REPLENISH,39,0.013309974441948905,0.2800000000000001
26408,NO_REPLENISH,40,0.013183069950656184,0.2800000000000001
26408,NO_REPLENISH,41,0.013305801295048355,0.2800000000000001
26408,NO_REPLENISH,42,0.013229652276880036,0.2800000000000001
26408,NO_REPLENISH,43,0.013357584621403873,0.2800000000000001
26408,NO_REPLENISH,44,0.013261737451407763,0.2800000000000001
26408,NO_REPLENISH,45,0.013240193337797359,0.2800000000000001
26408,NO_REPLENISH,46,0.013239295767820859,0.2800000000000001
26408,NO_REPLENISH,47,0.01324920667182689,0.2800000000000001
26408,NO_REPLENISH,48,0.013235332647939352,0.2800000000000001
26408,NO_REPLENISH,49,0.013162625513040071,0.2800000000000001
26408,NO_REPLENISH,50,0.013193209394964342,0.2800000000000001
26408,NO_REPLENISH,51,0.013249681126755447,0.2800000000000001
26408,NO_REPLENISH,52,0.013364526729811544,0.2800000000000001
26408,NO_REPLENISH,53,0.013270638997268117,0.2800000000000001
26408,NO_REPLENISH,54,0.013284597243088116,0.2800000000000001
26408,NO_REPLENISH,55,0.013253635110023925,0.2800000000000001
26408,NO_REPLENISH,56,0.013273121819337838,0.2800000000000001
26408,NO_REPLENISH,57,0.013149717545516667,0.2800000000000001
26408,NO_REPLENISH,58,0.013357358066331227,0.2800000000000001
26408,NO_REPLENISH,59,0.01328689469677273,0.2800000000000001
26408,NO_REPLENISH,60,0.013295956094592852,0.2800000000000001
26408,NO_REPLENISH,61,0.01322130238185098,0.2800000000000001
26408,NO_REPLENISH,62,0.01320269387543366,0.2800000000000001
26408,NO_REPLENISH,63,0.013308317430174901,0.2800000000000001
26408,NO_REPLENISH,64,0.013250441457919203,0.2800000000000001
26408,NO_REPLENISH,65,0.01326555588700599,0.2800000000000001
26408,NO_REPLENISH,66,0.013235432251236858,0.2800000000000001
26408,NO_REPLENISH,67,0.013236667808840266,0.2800000000000001
26408,NO_REPLENISH,68,0.013299818816083941,0.2800000000000001
26408,NO_REPLENISH,69,0.013176353442573311,0.2800000000000001
26408,NO_REPLENISH,70,0.013354342996394175,0.2800000000000001
26408,NO_REPLENISH,71,0.013209613981150498,0.2800000000000001
26408,NO_REPLENISH,72,0.013241088794822997,0.2800000000000001
26408,NO_REPLENISH,73,0.013201883697767524,0.2800000000000001
26408,NO_REPLENISH,74,0.013260233720682225,0.2800000000000001
26408,NO_REPLENISH,75,0.013295181226277627,0.2800000000000001
26408,NO_REPLENISH,76,0.01317085582347372,0.2800000000000001
26408,NO_REPLENISH,77,0.013231616291876261,0.2800000000000001
26408,NO_REPLENISH,78,0.013290028301228865,0.2800000000000001
26408,NO_REPLENISH,79,0.013243163168922573,0.2800000000000001
26408,NO_REPLENISH,80,0.013213509049431707,0.2800000000000001
26408,NO_REPLENISH,81,0.013274737373983722,0.2800000000000001
26408,NO_REPLENISH,82,0.013179638973455718,0.2800000000000001
26408,NO_REPLENISH,83,0.01331693672675278,0.2800000000000001
26408,NO_REPLENISH,84,0.013227188398154885,0.2800000000000001
26408,NO_REPLENISH,85,0.013204374782234735,0.2800000000000001
26408,NO_REPLENISH,86,0.013201839897890552,0.2800000000000001
26408,NO_REPLENISH,87,0.01319773144335091,0.2800000000000001
26408,NO_REPLENISH,88,0.013302404908005014,0.2800000000000001
26408,NO_REPLENISH,89,0.013317244206146822,0.2800000000000001
26408,NO_REPLENISH,90,0.013253419904101787,0.2800000000000001
26408,NO_REPLENISH,91,0.01324425001476043,0.2800000000000001
26408,NO_REPLENISH,92,0.013271729678419624,0.2800000000000001
26408,NO_REPLENISH,93,0.01314425087134754,0.2800000000000001
26408,NO_REPLENISH,94,0.013365446117255967,0.2800000000000001
26408,NO_REPLENISH,95,0.013364614087933019,0.2800000000000001
26408,NO_REPLENISH,96,0.013280916665634445,0.2800000000000001
26408,NO_REPLENISH,97,0.013150804733572913,0.2800000000000001
26408,NO_REPLENISH,98,0.013232312155176581,0.2800000000000001
26408,NO_REPLENISH,99,0.013338013408557904,0.2800000000000001
26408,NO_REPLENISH,100,0.013268040103786826,0.2800000000000001
26408,SMOOTH_TIME,1,0.01636777314333149,0.3485170590141093
26408,SMOOTH_TIME,2,0.01943547125923428,0.410513857783853
26408,SMOOTH_TIME,3,0.021970397553951516,0.4666108811091633
26408,SMOOTH_TIME,4,0.02451131702353876,0.5173695668543398
26408,SMOOTH_TIME,5,0.026634021024154086,0.5632979250069038
26408,SMOOTH_TIME,6,0.028417364187067955,0.604855622012301
26408,SMOOTH_TIME,7,0.03059961018080164,0.6424585812701852
26408,SMOOTH_TIME,8,0.03191092775054932,0.6764831458356005
26408,SMOOTH_TIME,9,0.033167003748656686,0.7072698449867687
26408,SMOOTH_TIME,10,0.034323970026257346,0.7351268023565617
26408,SMOOTH_TIME,11,0.03575438837746889,0.7603328197373828
26408,SMOOTH_TIME,12,0.037020755614588306,0.7831401674232145
26408,SMOOTH_TIME,13,0.037814331270535156,0.8037771090155114
26408,SMOOTH_TIME,14,0.03858785237599268,0.8224501859620433
26408,SMOOTH_TIME,15,0.0394302323332844,0.8393462846931304
26408,SMOOTH_TIME,16,0.040426902193914586,0.8546345070438478
26408,SMOOTH_TIME,17,0.04061482389772645,0.8684678626820314
26408,SMOOTH_TIME,18,0.04145560808747495,0.8809848004804577
26408,SMOOTH_TIME,19,0.04227321678900856,0.8923105941597028
26408,SMOOTH_TIME,20,0.042377265182692976,0.9025585960696388
26408,SMOOTH_TIME,21,0.04289400702778573,0.9118313716578529
26408,SMOOTH_TIME,22,0.04320742696177705,0.9202217259791197
26408,SMOOTH_TIME,23,0.04363176986416264,0.9278136325195815
26408,SMOOTH_TIME,24,0.04400693196026393,0.9346830736316231
26408,SMOOTH_TIME,25,0.04375210908060295,0.9408988009907927
26408,SMOOTH_TIME,26,0.044439163732292834,0.94652302368568
26408,SMOOTH_TIME,27,0.04460101747974479,0.9516120308273804
26408,SMOOTH_TIME,28,0.04492355731913215,0.9562167549098427
26408,SMOOTH_TIME,29,0.0446899752288582,0.960383281559387
26408,SMOOTH_TIME,30,0.04523104896239055,0.9641533107751381
26408,SMOOTH_TIME,31,0.045184620810243714,0.9675645742766382
26408,SMOOTH_TIME,32,0.04564337352644665,0.9706512131355765
26408,SMOOTH_TIME,33,0.04554509996355005,0.9734441194711073
26408,SMOOTH_TIME,34,0.045770756945479,0.9759712456285653
26408,SMOOTH_TIME,35,0.046092520642880865,0.9782578839359305
26408,SMOOTH_TIME,36,0.04565571164498769,0.9803269198379495
26408,SMOOTH_TIME,37,0.04591324591772319,0.9821990609413559
26408,SMOOTH_TIME,38,0.04621106034937048,0.9838930442635606
26408,SMOOTH_TIME,39,0.046448087862742626,0.9854258237590211
26408,SMOOTH_TIME,40,0.04607622636238364,0.9868127400001113
26408,SMOOTH_TIME,41,0.04655461358839744,0.988067673710732
26408,SMOOTH_TIME,42,0.04634435097291569,0.9892031846892558
26408,SMOOTH_TIME,43,0.046831650851566715,0.9902306375112157
26408,SMOOTH_TIME,44,0.046546198391014114,0.9911603152697909
26408,SMOOTH_TIME,45,0.0465101699026489,0.9920015224924655
26408,SMOOTH_TIME,46,0.04654303947396068,0.9927626782638638
26408,SMOOTH_TIME,47,0.04660817528918265,0.9934514004867788
26408,SMOOTH_TIME,48,0.046590102454661934,0.9940745821247053
26408,SMOOTH_TIME,49,0.0463642379155606,0.9946384601889343
26408,SMOOTH_TIME,50,0.046493322790502056,0.9951486781606586
26408,SMOOTH_TIME,51,0.04670845525020136,0.9956103424728285
26408,SMOOTH_TIME,52,0.04712498166936759,0.9960280736170524
26408,SMOOTH_TIME,53,0.04681785716506772,0.9964060523870247
26408,SMOOTH_TIME,54,0.046880929751470235,0.9967480617213192
26408,SMOOTH_TIME,55,0.046790245985117794,0.997057524564306
26408,SMOOTH_TIME,56,0.04687013879917843,0.997337538124132
26408,SMOOTH_TIME,57,0.04645534405398488,0.9975909048706205
26408,SMOOTH_TIME,58,0.04718342851682106,0.9978201605833292
26408,SMOOTH_TIME,59,0.04694838803935459,0.9980275997304866
26408,SMOOTH_TIME,60,0.046989299669178176,0.9982152984328002
26408,SMOOTH_TIME,61,0.046737392818365975,0.99838513524197
26408,SMOOTH_TIME,62,0.04668177713270374,0.998538809941867
26408,SMOOTH_TIME,63,0.04705286496454014,0.9986778605605392
26408,SMOOTH_TIME,64,0.046859960161842636,0.9988036787633147
26408,SMOOTH_TIME,65,0.04691584209327391,0.9989175237810562
26408,SMOOTH_TIME,66,0.04681699839223641,0.9990205350129654
26408,SMOOTH_TIME,67,0.04682541675128595,0.9991137434300749
26408,SMOOTH_TIME,68,0.047048070703153554,0.9991980818935514
26408,SMOOTH_TIME,69,0.0466231447043241,0.999274394491085
26408,SMOOTH_TIME,70,0.04724365393825838,0.9993434449848008
26408,SMOOTH_TIME,71,0.046743633344907054,0.9994059244552483
26408,SMOOTH_TIME,72,0.04685740614198305,0.9994624582179691
26408,SMOOTH_TIME,73,0.046722653844896905,0.9995136120818605
26408,SMOOTH_TIME,74,0.046928286033935174,0.9995598980119863
26408,SMOOTH_TIME,75,0.04705134019504173,0.9996017792534938
26408,SMOOTH_TIME,76,0.0466212041595225,0.9996396749679229
26408,SMOOTH_TIME,77,0.046833036493919976,0.9996739644283216
26408,SMOOTH_TIME,78,0.04703716626072638,0.9997049908151344
26408,SMOOTH_TIME,79,0.04687777640328874,0.9997330646508692
26408,SMOOTH_TIME,80,0.04677506657129149,0.99975846690791
26408,SMOOTH_TIME,81,0.04698660525926066,0.9997814518205832
26408,SMOOTH_TIME,82,0.046658582038437486,0.9998022494296203
26408,SMOOTH_TIME,83,0.04713675810822149,0.9998210678844827
26408,SMOOTH_TIME,84,0.046825452667128224,0.9998380955265914
26408,SMOOTH_TIME,85,0.04674758001972381,0.9998535027743126
26408,SMOOTH_TIME,86,0.04673889660885081,0.9998674438285596
26408,SMOOTH_TIME,87,0.046725843877632324,0.9998800582160889
26408,SMOOTH_TIME,88,0.04708859346050659,0.9998914721859312
26408,SMOOTH_TIME,89,0.047140609428948994,0.999901799972933
26408,SMOOTH_TIME,90,0.046918730092539156,0.9999111449410575
26408,SMOOTH_TIME,91,0.04688904669977067,0.9999196006178869
26408,SMOOTH_TIME,92,0.04698374860640275,0.9999272516306772
26408,SMOOTH_TIME,93,0.04654246153738715,0.9999341745533356
26408,SMOOTH_TIME,94,0.04730931482400181,0.9999404386727994
26408,SMOOTH_TIME,95,0.04730476184496932,0.999946106682481
26408,SMOOTH_TIME,96,0.04701669032804362,0.9999512353097266
26408,SMOOTH_TIME,97,0.04656559805221192,0.9999558758835616
26408,SMOOTH_TIME,98,0.046849018355043404,0.9999600748484087
26408,SMOOTH_TIME,99,0.04721489753181135,0.9999638742289195
26408,SMOOTH_TIME,100,0.046973334910796465,0.9999673120505713
26408,HARD_STEP,1,0.013164341682604573,0.2800000000000001
26408,HARD_STEP,2,0.013273529655237636,0.2800000000000001
26408,HARD_STEP,3,0.013205329424127896,0.2800000000000001
26408,HARD_STEP,4,0.013293154819276435,0.2800000000000001
26408,HARD_STEP,5,0.013272604488656867,0.2800000000000001
26408,HARD_STEP,6,0.013193808408694052,0.2800000000000001
26408,HARD_STEP,7,0.013383278925148767,0.2800000000000001
26408,HARD_STEP,8,0.013259398075631373,0.2800000000000001
26408,HARD_STEP,9,0.013186507270463487,0.2800000000000001
26408,HARD_STEP,10,0.013134071286862685,0.2800000000000001
26408,HARD_STEP,11,0.013233886449572038,0.2800000000000001
26408,HARD_STEP,12,0.013309281629538587,0.2800000000000001
26408,HARD_STEP,13,0.046937905654064305,1.0
26408,HARD_STEP,14,0.046824297159539986,1.0
26408,HARD_STEP,15,0.046896578685263896,1.0
26408,HARD_STEP,16,0.04723259030105816,1.0
26408,HARD_STEP,17,0.046710086780193526,1.0
26408,HARD_STEP,18,0.04700948896650072,1.0
26408,HARD_STEP,19,0.047337004862443806,1.0
26408,HARD_STEP,20,0.04692447140746455,1.0
26408,HARD_STEP,21,0.04702124815906095,1.0
26408,HARD_STEP,22,0.046940671902179654,1.0
26408,HARD_STEP,23,0.04701961338393241,1.0
26408,HARD_STEP,24,0.047081928576644616,1.0
26408,HARD_STEP,25,0.046506380535166265,1.0
26408,HARD_STEP,26,0.04695901903255436,1.0
26408,HARD_STEP,27,0.046883517891568395,1.0
26408,HARD_STEP,28,0.04699909899089768,1.0
26408,HARD_STEP,29,0.046557103988956405,1.0
26408,HARD_STEP,30,0.04693884137793325,1.0
26408,HARD_STEP,31,0.04672831294024876,1.0
26408,HARD_STEP,32,0.04705550280907941,1.0
26408,HARD_STEP,33,0.04682213958368495,1.0
26408,HARD_STEP,34,0.04693438135087194,1.0
26408,HARD_STEP,35,0.04715575651735996,1.0
26408,HARD_STEP,36,0.04661307470222089,1.0
26408,HARD_STEP,37,0.04678825789155049,1.0
26408,HARD_STEP,38,0.04701220054274036,1.0
26408,HARD_STEP,39,0.04718075976580788,1.0
26408,HARD_STEP,40,0.04673873030567566,1.0
26408,HARD_STEP,41,0.04716530553273101,1.0
26408,HARD_STEP,42,0.04689892777418497,1.0
26408,HARD_STEP,43,0.04734401107013645,1.0
26408,HARD_STEP,44,0.04701241749107668,1.0
26408,HARD_STEP,45,0.04693709063002447,1.0
26408,HARD_STEP,46,0.04693442224884492,1.0
26408,HARD_STEP,47,0.04696880814973276,1.0
26408,HARD_STEP,48,0.04692177573674885,1.0
26408,HARD_STEP,49,0.046668029686690454,1.0
26408,HARD_STEP,50,0.04677430663990395,1.0
26408,HARD_STEP,51,0.046970780108026335,1.0
26408,HARD_STEP,52,0.047369095986184495,1.0
26408,HARD_STEP,53,0.04704336392010471,1.0
26408,HARD_STEP,54,0.04709179217148914,1.0
26408,HARD_STEP,55,0.04698453450776008,1.0
26408,HARD_STEP,56,0.04705159927830647,1.0
26408,HARD_STEP,57,0.046623568443939334,1.0
26408,HARD_STEP,58,0.04734535545497495,1.0
26408,HARD_STEP,59,0.047098980025630344,1.0
26408,HARD_STEP,60,0.04713191764541299,1.0
26408,HARD_STEP,61,0.04687100524344512,1.0
26408,HARD_STEP,62,0.046807427916710144,1.0
26408,HARD_STEP,63,0.04717385011341718,1.0
26408,HARD_STEP,64,0.046974357292119684,1.0
26408,HARD_STEP,65,0.04702508526972984,1.0
26408,HARD_STEP,66,0.046921422302899855,1.0
26408,HARD_STEP,67,0.046925240725955164,1.0
26408,HARD_STEP,68,0.047144816528007116,1.0
26408,HARD_STEP,69,0.046715727341947955,1.0
26408,HARD_STEP,70,0.047332894191450446,1.0
26408,HARD_STEP,71,0.04683113216577813,1.0
26408,HARD_STEP,72,0.04694063108815157,1.0
26408,HARD_STEP,73,0.04680362948365816,1.0
26408,HARD_STEP,74,0.04700741895645128,1.0
26408,HARD_STEP,75,0.04712899505269535,1.0
26408,HARD_STEP,76,0.04669652269854785,1.0
26408,HARD_STEP,77,0.046907645092202604,1.0
26408,HARD_STEP,78,0.047109758508260026,1.0
26408,HARD_STEP,79,0.046947536514134046,1.0
26408,HARD_STEP,80,0.04684464659377805,1.0
26408,HARD_STEP,81,0.047057788975502834,1.0
26408,HARD_STEP,82,0.04672696806649295,1.0
26408,HARD_STEP,83,0.047203409461601085,1.0
26408,HARD_STEP,84,0.04689190123728321,1.0
26408,HARD_STEP,85,0.046813605875580956,1.0
26408,HARD_STEP,86,0.046803189534435165,1.0
26408,HARD_STEP,87,0.04679015656424762,1.0
26408,HARD_STEP,88,0.047154010478241894,1.0
26408,HARD_STEP,89,0.04720436680016582,1.0
26408,HARD_STEP,90,0.04698381095428441,1.0
26408,HARD_STEP,91,0.04695163425867422,1.0
26408,HARD_STEP,92,0.047046626604150654,1.0
26408,HARD_STEP,93,0.046604148939415814,1.0
26408,HARD_STEP,94,0.04737220803022905,1.0
26408,HARD_STEP,95,0.04736865845011268,1.0
26408,HARD_STEP,96,0.04707825067715884,1.0
26408,HARD_STEP,97,0.04662696531937718,1.0
26408,HARD_STEP,98,0.046910206448402596,1.0
26408,HARD_STEP,99,0.047276623171159014,1.0
26408,HARD_STEP,100,0.047034156837121026,1.0
26408,REFRACTORY_TIME,1,0.013160826085431536,0.2800000000000001
26408,REFRACTORY_TIME,2,0.013270095150302585,0.2800000000000001
26408,REFRACTORY_TIME,3,0.01320181110833517,0.2800000000000001
26408,REFRACTORY_TIME,4,0.013289626922392932,0.2800000000000001
26408,REFRACTORY_TIME,5,0.01326915817820843,0.2800000000000001
26408,REFRACTORY_TIME,6,0.013190304113184476,0.2800000000000001
26408,REFRACTORY_TIME,7,0.013379744611746945,0.2800000000000001
26408,REFRACTORY_TIME,8,0.013255923652653163,0.2800000000000001
26408,REFRACTORY_TIME,9,0.013183124461876044,0.2800000000000001
26408,REFRACTORY_TIME,10,0.013130640602088009,0.2800000000000001
26408,REFRACTORY_TIME,11,0.013230345849279736,0.2800000000000001
26408,REFRACTORY_TIME,12,0.01330575666450623,0.2800000000000001
26408,REFRACTORY_TIME,13,0.01648739487630758,0.3485170590141093
26408,REFRACTORY_TIME,14,0.01936868243997954,0.410513857783853
26408,REFRACTORY_TIME,15,0.022041897151146638,0.4666108811091633
26408,REFRACTORY_TIME,16,0.02460712595221427,0.5173695668543398
26408,REFRACTORY_TIME,17,0.02647882854179102,0.5632979250069038
26408,REFRACTORY_TIME,18,0.02860371049027315,0.604855622012301
26408,REFRACTORY_TIME,19,0.030582718615243438,0.6424585812701852
26408,REFRACTORY_TIME,20,0.031904662202237664,0.6764831458356005
26408,REFRACTORY_TIME,21,0.03341246075159871,0.7072698449867687
26408,REFRACTORY_TIME,22,0.03465451086275951,0.7351268023565617
26408,REFRACTORY_TIME,23,0.03588992135881985,0.7603328197373828
26408,REFRACTORY_TIME,24,0.037003079412978764,0.7831401674232145
26408,REFRACTORY_TIME,25,0.03749834972587988,0.8037771090155114
26408,REFRACTORY_TIME,26,0.03873459070476252,0.8224501859620433
26408,REFRACTORY_TIME,27,0.03945489063874408,0.8393462846931304
26408,REFRACTORY_TIME,28,0.040262857666080516,0.8546345070438478
26408,REFRACTORY_TIME,29,0.04051819831116619,0.8684678626820314
26408,REFRACTORY_TIME,30,0.04143209732816186,0.8809848004804577
26408,REFRACTORY_TIME,31,0.04176796566819995,0.8923105941597028
26408,REFRACTORY_TIME,32,0.042535496687136375,0.9025585960696388
26408,REFRACTORY_TIME,33,0.04275230165595587,0.9118313716578529
26408,REFRACTORY_TIME,34,0.04324318881000575,0.9202217259791197
26408,REFRACTORY_TIME,35,0.04380031585733201,0.9278136325195815
26408,REFRACTORY_TIME,36,0.043609464161768745,0.9346830736316231
26408,REFRACTORY_TIME,37,0.04406010635358323,0.9408988009907927
26408,REFRACTORY_TIME,38,0.04453081413530752,0.94652302368568
26408,REFRACTORY_TIME,39,0.04492616658293342,0.9516120308273804
26408,REFRACTORY_TIME,40,0.044716838614248945,0.9562167549098427
26408,REFRACTORY_TIME,41,0.045319353830313915,0.960383281559387
26408,REFRACTORY_TIME,42,0.04523696677286917,0.9641533107751381
26408,REFRACTORY_TIME,43,0.04582514265602781,0.9675645742766382
26408,REFRACTORY_TIME,44,0.04564642163759186,0.9706512131355765
26408,REFRACTORY_TIME,45,0.045701206988717026,0.9734441194711073
26408,REFRACTORY_TIME,46,0.04581521807307564,0.9759712456285653
26408,REFRACTORY_TIME,47,0.045953400183338676,0.9782578839359305
26408,REFRACTORY_TIME,48,0.0460027277580495,0.9803269198379495
26408,REFRACTORY_TIME,49,0.045839931705086316,0.9821990609413559
26408,REFRACTORY_TIME,50,0.04602257045846574,0.9838930442635606
26408,REFRACTORY_TIME,51,0.046285315301817655,0.9854258237590211
26408,REFRACTORY_TIME,52,0.0467430652851234,0.9868127400001113
26408,REFRACTORY_TIME,53,0.04647963424146858,0.988067673710732
26408,REFRACTORY_TIME,54,0.0465798554460131,0.9892031846892558
26408,REFRACTORY_TIME,55,0.04652184208608597,0.9902306375112157
26408,REFRACTORY_TIME,56,0.04663113764850187,0.9911603152697909
26408,REFRACTORY_TIME,57,0.04624467514170322,0.9920015224924655
26408,REFRACTORY_TIME,58,0.046994804689578916,0.9927626782638638
26408,REFRACTORY_TIME,59,0.04678385843329388,0.9934514004867788
26408,REFRACTORY_TIME,60,0.046844575011465196,0.9940745821247053
26408,REFRACTORY_TIME,61,0.04661246631361249,0.9946384601889343
26408,REFRACTORY_TIME,62,0.04657166682250067,0.9951486781606586
26408,REFRACTORY_TIME,63,0.04695710103907657,0.9956103424728285
26408,REFRACTORY_TIME,64,0.0467781823992506,0.9960280736170524
26408,REFRACTORY_TIME,65,0.04684722886422902,0.9964060523870247
26408,REFRACTORY_TIME,66,0.046758035813870134,0.9967480617213192
26408,REFRACTORY_TIME,67,0.04677729933162228,0.997057524564306
26408,REFRACTORY_TIME,68,0.04700792220632918,0.997337538124132
26408,REFRACTORY_TIME,69,0.04659200401680963,0.9975909048706205
26408,REFRACTORY_TIME,70,0.04721953898638945,0.9978201605833292
26408,REFRACTORY_TIME,71,0.046726508158973834,0.9980275997304866
26408,REFRACTORY_TIME,72,0.04684561714236113,0.9982152984328002
26408,REFRACTORY_TIME,73,0.04671678190680171,0.99838513524197
26408,REFRACTORY_TIME,74,0.04692686999246661,0.998538809941867
26408,REFRACTORY_TIME,75,0.04705457858825732,0.9986778605605392
26408,REFRACTORY_TIME,76,0.046628877286904215,0.9988036787633147
26408,REFRACTORY_TIME,77,0.046844898224762586,0.9989175237810562
26408,REFRACTORY_TIME,78,0.047051937617916435,0.9990205350129654
26408,REFRACTORY_TIME,79,0.046894224730590815,0.9991137434300749
26408,REFRACTORY_TIME,80,0.04679481495212842,0.9991980818935514
26408,REFRACTORY_TIME,81,0.04700987999544504,0.999274394491085
26408,REFRACTORY_TIME,82,0.04668298894339153,0.9993434449848008
26408,REFRACTORY_TIME,83,0.04716360716971097,0.9994059244552483
26408,REFRACTORY_TIME,84,0.046854532892281364,0.9994624582179691
26408,REFRACTORY_TIME,85,0.046777314253273534,0.9995136120818605
26408,REFRACTORY_TIME,86,0.046770416463819166,0.9995598980119863
26408,REFRACTORY_TIME,87,0.046759180977021676,0.9996017792534938
26408,REFRACTORY_TIME,88,0.0471236439934995,0.9996396749679229
26408,REFRACTORY_TIME,89,0.04717633072005898,0.9996739644283216
26408,REFRACTORY_TIME,90,0.046955887618961405,0.9997049908151344
26408,REFRACTORY_TIME,91,0.04692649793569164,0.9997330646508692
26408,REFRACTORY_TIME,92,0.04702316664989927,0.99975846690791
26408,REFRACTORY_TIME,93,0.046581216519388645,0.9997814518205832
26408,REFRACTORY_TIME,94,0.04734982071798935,0.9998022494296203
26408,REFRACTORY_TIME,95,0.047346631905966385,0.9998210678844827
26408,REFRACTORY_TIME,96,0.047057114271082244,0.9998380955265914
26408,REFRACTORY_TIME,97,0.046607266947332804,0.9998535027743126
26408,REFRACTORY_TIME,98,0.04689129514421583,0.9998674438285596
26408,REFRACTORY_TIME,99,0.047257801340983396,0.9998800582160889
26408,REFRACTORY_TIME,100,0.047015949092367705,0.9998914721859312
26409,NO_REPLENISH,1,0.013335630727856014,0.2800000000000001
26409,NO_REPLENISH,2,0.013170017767111075,0.2800000000000001
26409,NO_REPLENISH,3,0.013236050663289006,0.2800000000000001
26409,NO_REPLENISH,4,0.013315496066154642,0.2800000000000001
26409,NO_REPLENISH,5,0.013270024726704716,0.2800000000000001
26409,NO_REPLENISH,6,0.013184651847797624,0.2800000000000001
26409,NO_REPLENISH,7,0.013275486735481406,0.2800000000000001
26409,NO_REPLENISH,8,0.013238996507907644,0.2800000000000001
26409,NO_REPLENISH,9,0.013197526119001435,0.2800000000000001
26409,NO_REPLENISH,10,0.013147703000145866,0.2800000000000001
26409,NO_REPLENISH,11,0.0133236365057778,0.2800000000000001
26409,NO_REPLENISH,12,0.013268533208060936,0.2800000000000001
26409,NO_REPLENISH,13,0.013225988282451494,0.2800000000000001
26409,NO_REPLENISH,14,0.013170990592566179,0.2800000000000001
26409,NO_REPLENISH,15,0.013227128523685482,0.2800000000000001
26409,NO_REPLENISH,16,0.013247579406494769,0.2800000000000001
26409,NO_REPLENISH,17,0.013393941596991537,0.2800000000000001
26409,NO_REPLENISH,18,0.0132328093138252,0.2800000000000001
26409,NO_REPLENISH,19,0.01318998764290198,0.2800000000000001
26409,NO_REPLENISH,20,0.013308071154672432,0.2800000000000001
26409,NO_REPLENISH,21,0.013218536359350164,0.2800000000000001
26409,NO_REPLENISH,22,0.013157484716394274,0.2800000000000001
26409,NO_REPLENISH,23,0.01325870122328692,0.2800000000000001
26409,NO_REPLENISH,24,0.013237303603096344,0.2800000000000001
26409,NO_REPLENISH,25,0.01330123870200961,0.2800000000000001
26409,NO_REPLENISH,26,0.013274377160471465,0.2800000000000001
26409,NO_REPLENISH,27,0.01317246214233772,0.2800000000000001
26409,NO_REPLENISH,28,0.013209253064513309,0.2800000000000001
26409,NO_REPLENISH,29,0.013253261594458693,0.2800000000000001
26409,NO_REPLENISH,30,0.013250692328318235,0.2800000000000001
26409,NO_REPLENISH,31,0.013280773136626095,0.2800000000000001
26409,NO_REPLENISH,32,0.013158905526637163,0.2800000000000001
26409,NO_REPLENISH,33,0.013211210045011315,0.2800000000000001
26409,NO_REPLENISH,34,0.013323787486002258,0.2800000000000001
26409,NO_REPLENISH,35,0.013363417516609364,0.2800000000000001
26409,NO_REPLENISH,36,0.013320746140872088,0.2800000000000001
26409,NO_REPLENISH,37,0.01320698921168098,0.2800000000000001
26409,NO_REPLENISH,38,0.013181834804646677,0.2800000000000001
26409,NO_REPLENISH,39,0.013353572523839447,0.2800000000000001
26409,NO_REPLENISH,40,0.013267153093527771,0.2800000000000001
26409,NO_REPLENISH,41,0.013168163180262565,0.2800000000000001
26409,NO_REPLENISH,42,0.013207691045892112,0.2800000000000001
26409,NO_REPLENISH,43,0.013194970193133954,0.2800000000000001
26409,NO_REPLENISH,44,0.013240695503973285,0.2800000000000001
26409,NO_REPLENISH,45,0.013291327698176045,0.2800000000000001
26409,NO_REPLENISH,46,0.013210736231941272,0.2800000000000001
26409,NO_REPLENISH,47,0.01314698048438064,0.2800000000000001
26409,NO_REPLENISH,48,0.013223017781978347,0.2800000000000001
26409,NO_REPLENISH,49,0.013245198606622993,0.2800000000000001
26409,NO_REPLENISH,50,0.013257028360429676,0.2800000000000001
26409,NO_REPLENISH,51,0.013153845119455415,0.2800000000000001
26409,NO_REPLENISH,52,0.013233900774965964,0.2800000000000001
26409,NO_REPLENISH,53,0.01320224086285851,0.2800000000000001
26409,NO_REPLENISH,54,0.013358501081665593,0.2800000000000001
26409,NO_REPLENISH,55,0.013255024106327623,0.2800000000000001
26409,NO_REPLENISH,56,0.013124528449550763,0.2800000000000001
26409,NO_REPLENISH,57,0.013021851705970124,0.2800000000000001
26409,NO_REPLENISH,58,0.013342318602027475,0.2800000000000001
26409,NO_REPLENISH,59,0.013210830585272587,0.2800000000000001
26409,NO_REPLENISH,60,0.013274199833133335,0.2800000000000001
26409,NO_REPLENISH,61,0.01325524422661646,0.2800000000000001
26409,NO_REPLENISH,62,0.013216778470418434,0.2800000000000001
26409,NO_REPLENISH,63,0.013344503444573557,0.2800000000000001
26409,NO_REPLENISH,64,0.013230803757038867,0.2800000000000001
26409,NO_REPLENISH,65,0.013342182954204326,0.2800000000000001
26409,NO_REPLENISH,66,0.013227417931696024,0.2800000000000001
26409,NO_REPLENISH,67,0.013257301600750865,0.2800000000000001
26409,NO_REPLENISH,68,0.013142725208008266,0.2800000000000001
26409,NO_REPLENISH,69,0.013196287380310043,0.2800000000000001
26409,NO_REPLENISH,70,0.013320305349629682,0.2800000000000001
26409,NO_REPLENISH,71,0.013244220712670831,0.2800000000000001
26409,NO_REPLENISH,72,0.013211358178294266,0.2800000000000001
26409,NO_REPLENISH,73,0.013174075346105443,0.2800000000000001
26409,NO_REPLENISH,74,0.013258347126340176,0.2800000000000001
26409,NO_REPLENISH,75,0.013260293392919243,0.2800000000000001
26409,NO_REPLENISH,76,0.013274786656610133,0.2800000000000001
26409,NO_REPLENISH,77,0.013174931048490476,0.2800000000000001
26409,NO_REPLENISH,78,0.01322697321729957,0.2800000000000001
26409,NO_REPLENISH,79,0.013230315767589186,0.2800000000000001
26409,NO_REPLENISH,80,0.013246527443493618,0.2800000000000001
26409,NO_REPLENISH,81,0.013260763987701747,0.2800000000000001
26409,NO_REPLENISH,82,0.01322447424012779,0.2800000000000001
26409,NO_REPLENISH,83,0.01336138593260903,0.2800000000000001
26409,NO_REPLENISH,84,0.013261233506655512,0.2800000000000001
26409,NO_REPLENISH,85,0.01329439905458161,0.2800000000000001
26409,NO_REPLENISH,86,0.013198555550843337,0.2800000000000001
26409,NO_REPLENISH,87,0.013291111430332464,0.2800000000000001
26409,NO_REPLENISH,88,0.013208613200176439,0.2800000000000001
26409,NO_REPLENISH,89,0.013288628114979212,0.2800000000000001
26409,NO_REPLENISH,90,0.013260421477125061,0.2800000000000001
26409,NO_REPLENISH,91,0.013271383267668935,0.2800000000000001
26409,NO_REPLENISH,92,0.013186054757549845,0.2800000000000001
26409,NO_REPLENISH,93,0.013214067653175851,0.2800000000000001
26409,NO_REPLENISH,94,0.013209248872735274,0.2800000000000001
26409,NO_REPLENISH,95,0.013306051179422572,0.2800000000000001
26409,NO_REPLENISH,96,0.01326077795919988,0.2800000000000001
26409,NO_REPLENISH,97,0.013182641740680625,0.2800000000000001
26409,NO_REPLENISH,98,0.013245384425273154,0.2800000000000001
26409,NO_REPLENISH,99,0.013151269097187427,0.2800000000000001
26409,NO_REPLENISH,100,0.013325211515566841,0.2800000000000001
26409,SMOOTH_TIME,1,0.016610338325834115,0.3485170590141093
26409,SMOOTH_TIME,2,0.019318029753824646,0.410513857783853
26409,SMOOTH_TIME,3,0.022059689396139143,0.4666108811091633
26409,SMOOTH_TIME,4,0.024594762435946212,0.5173695668543398
26409,SMOOTH_TIME,5,0.02667573028299906,0.5632979250069038
26409,SMOOTH_TIME,6,0.028447845506595876,0.604855622012301
26409,SMOOTH_TIME,7,0.030408965640163665,0.6424585812701852
26409,SMOOTH_TIME,8,0.0319189494050845,0.6764831458356005
26409,SMOOTH_TIME,9,0.033254562316796056,0.7072698449867687
26409,SMOOTH_TIME,10,0.034422305316076825,0.7351268023565617
26409,SMOOTH_TIME,11,0.036059270480505855,0.7603328197373828
26409,SMOOTH_TIME,12,0.03697712588224735,0.7831401674232145
26409,SMOOTH_TIME,13,0.0378193595909869,0.8037771090155114
26409,SMOOTH_TIME,14,0.03852817288213783,0.8224501859620433
26409,SMOOTH_TIME,15,0.03947395344071413,0.8393462846931304
26409,SMOOTH_TIME,16,0.04024471624895947,0.8546345070438478
26409,SMOOTH_TIME,17,0.04133063942224178,0.8684678626820314
26409,SMOOTH_TIME,18,0.041420749714855744,0.8809848004804577
26409,SMOOTH_TIME,19,0.041810111680443324,0.8923105941597028
26409,SMOOTH_TIME,20,0.04265587086207575,0.9025585960696388
26409,SMOOTH_TIME,21,0.042803318591104644,0.9118313716578529
26409,SMOOTH_TIME,22,0.04299377407660912,0.9202217259791197
26409,SMOOTH_TIME,23,0.04367043276136665,0.9278136325195815
26409,SMOOTH_TIME,24,0.04391857480809422,0.9346830736316231
26409,SMOOTH_TIME,25,0.04441505442719105,0.9408988009907927
26409,SMOOTH_TIME,26,0.04458749429283413,0.94652302368568
26409,SMOOTH_TIME,27,0.04448580944815456,0.9516120308273804
26409,SMOOTH_TIME,28,0.044819826442911825,0.9562167549098427
26409,SMOOTH_TIME,29,0.04515819538979818,0.960383281559387
26409,SMOOTH_TIME,30,0.04532295479245391,0.9641533107751381
26409,SMOOTH_TIME,31,0.04558360365951772,0.9675645742766382
26409,SMOOTH_TIME,32,0.04531437502783484,0.9706512131355765
26409,SMOOTH_TIME,33,0.04561902351852088,0.9734441194711073
26409,SMOOTH_TIME,34,0.046117475078999326,0.9759712456285653
26409,SMOOTH_TIME,35,0.046357910226010456,0.9782578839359305
26409,SMOOTH_TIME,36,0.046308188394526086,0.9803269198379495
26409,SMOOTH_TIME,37,0.04600747429797652,0.9821990609413559
26409,SMOOTH_TIME,38,0.04599858480598266,0.9838930442635606
26409,SMOOTH_TIME,39,0.04665817567615022,0.9854258237590211
26409,SMOOTH_TIME,40,0.04642674242959022,0.9868127400001113
26409,SMOOTH_TIME,41,0.04614297215283177,0.988067673710732
26409,SMOOTH_TIME,42,0.04633183046549529,0.9892031846892558
26409,SMOOTH_TIME,43,0.0463345815077321,0.9902306375112157
26409,SMOOTH_TIME,44,0.04653492160337338,0.9911603152697909
26409,SMOOTH_TIME,45,0.046747510979223396,0.9920015224924655
26409,SMOOTH_TIME,46,0.046505934682928664,0.9927626782638638
26409,SMOOTH_TIME,47,0.046315537587181106,0.9934514004867788
26409,SMOOTH_TIME,48,0.046608093328343335,0.9940745821247053
26409,SMOOTH_TIME,49,0.046711337054641235,0.9946384601889343
26409,SMOOTH_TIME,50,0.046775120126314185,0.9951486781606586
26409,SMOOTH_TIME,51,0.046439264351210374,0.9956103424728285
26409,SMOOTH_TIME,52,0.046737166497676313,0.9960280736170524
26409,SMOOTH_TIME,53,0.04664288616870002,0.9964060523870247
26409,SMOOTH_TIME,54,0.04720007389910071,0.9967480617213192
26409,SMOOTH_TIME,55,0.046855289897274686,0.997057524564306
26409,SMOOTH_TIME,56,0.0464158867357449,0.997337538124132
26409,SMOOTH_TIME,57,0.046072179254783435,0.9975909048706205
26409,SMOOTH_TIME,58,0.04719501247663541,0.9978201605833292
26409,SMOOTH_TIME,59,0.046749326129095235,0.9980275997304866
26409,SMOOTH_TIME,60,0.04697686905160708,0.9982152984328002
26409,SMOOTH_TIME,61,0.04691904925959175,0.99838513524197
26409,SMOOTH_TIME,62,0.04679192931347772,0.998538809941867
26409,SMOOTH_TIME,63,0.047241413797796734,0.9986778605605392
26409,SMOOTH_TIME,64,0.046854052893773014,0.9988036787633147
26409,SMOOTH_TIME,65,0.047244642299481,0.9989175237810562
26409,SMOOTH_TIME,66,0.04684987964136189,0.9990205350129654
26409,SMOOTH_TIME,67,0.04695830255671186,0.9991137434300749
26409,SMOOTH_TIME,68,0.046566211493301125,0.9991980818935514
26409,SMOOTH_TIME,69,0.04675450528853107,0.999274394491085
26409,SMOOTH_TIME,70,0.047188089566556436,0.9993434449848008
26409,SMOOTH_TIME,71,0.04692782087333536,0.9994059244552483
26409,SMOOTH_TIME,72,0.046816003198599805,0.9994624582179691
26409,SMOOTH_TIME,73,0.04668829941024333,0.9995136120818605
26409,SMOOTH_TIME,74,0.04698385234738781,0.9995598980119863
26409,SMOOTH_TIME,75,0.046993621054650304,0.9996017792534938
26409,SMOOTH_TIME,76,0.04704462657496742,0.9996396749679229
26409,SMOOTH_TIME,77,0.04669878501502289,0.9996739644283216
26409,SMOOTH_TIME,78,0.04688215542241211,0.9997049908151344
26409,SMOOTH_TIME,79,0.04689288117104293,0.9997330646508692
26409,SMOOTH_TIME,80,0.04695067795469652,0.99975846690791
26409,SMOOTH_TIME,81,0.04700249680380352,0.9997814518205832
26409,SMOOTH_TIME,82,0.046877378957616976,0.9998022494296203
26409,SMOOTH_TIME,83,0.04735339606559824,0.9998210678844827
26409,SMOOTH_TIME,84,0.04700643942945684,0.9998380955265914
26409,SMOOTH_TIME,85,0.04712190281938596,0.9998535027743126
26409,SMOOTH_TIME,86,0.04679070200926292,0.9998674438285596
26409,SMOOTH_TIME,87,0.04711090247243149,0.9998800582160889
26409,SMOOTH_TIME,88,0.046826145275076315,0.9998914721859312
26409,SMOOTH_TIME,89,0.047104210993648275,0.999901799972933
26409,SMOOTH_TIME,90,0.047007136390920044,0.9999111449410575
26409,SMOOTH_TIME,91,0.047044804693017916,0.9999196006178869
26409,SMOOTH_TIME,92,0.04674897781453064,0.9999272516306772
26409,SMOOTH_TIME,93,0.04684619635942509,0.9999341745533356
26409,SMOOTH_TIME,94,0.04683090659323833,0.9999404386727994
26409,SMOOTH_TIME,95,0.04716601056385283,0.999946106682481
26409,SMOOTH_TIME,96,0.04700910818544055,0.9999512353097266
26409,SMOOTH_TIME,97,0.04673799459136618,0.9999558758835616
26409,SMOOTH_TIME,98,0.04695619416028988,0.9999600748484087
26409,SMOOTH_TIME,99,0.04663175034156325,0.9999638742289195
26409,SMOOTH_TIME,100,0.04723448218310122,0.9999673120505713
26409,HARD_STEP,1,0.01333661791109697,0.2800000000000001
26409,HARD_STEP,2,0.013170862165435037,0.2800000000000001
26409,HARD_STEP,3,0.013236951537480777,0.2800000000000001
26409,HARD_STEP,4,0.013316414218304267,0.2800000000000001
26409,HARD_STEP,5,0.013270902873812983,0.2800000000000001
26409,HARD_STEP,6,0.01318554177789504,0.2800000000000001
26409,HARD_STEP,7,0.013276425234416474,0.2800000000000001
26409,HARD_STEP,8,0.013239967487539432,0.2800000000000001
26409,HARD_STEP,9,0.013198477258909455,0.2800000000000001
26409,HARD_STEP,10,0.013148475868071033,0.2800000000000001
26409,HARD_STEP,11,0.01332457581293794,0.2800000000000001
26409,HARD_STEP,12,0.013269412226483444,0.2800000000000001
26409,HARD_STEP,13,0.04685960284561025,1.0
26409,HARD_STEP,14,0.04666887774024429,1.0
26409,HARD_STEP,15,0.046862937338702504,1.0
26409,HARD_STEP,16,0.04693409073581203,1.0
26409,HARD_STEP,17,0.04744222048886757,1.0
26409,HARD_STEP,18,0.04688242514054303,1.0
26409,HARD_STEP,19,0.04673402701116073,1.0
26409,HARD_STEP,20,0.0471438357264578,1.0
26409,HARD_STEP,21,0.04683286409218022,1.0
26409,HARD_STEP,22,0.04662117909944319,1.0
26409,HARD_STEP,23,0.04697308674386439,1.0
26409,HARD_STEP,24,0.0468992264656607,1.0
26409,HARD_STEP,25,0.04712053015604623,1.0
26409,HARD_STEP,26,0.04702657282665368,1.0
26409,HARD_STEP,27,0.0466739431351742,1.0
26409,HARD_STEP,28,0.04680167166410459,1.0
26409,HARD_STEP,29,0.04695315587961146,1.0
26409,HARD_STEP,30,0.046944288969327896,1.0
26409,HARD_STEP,31,0.04704852661774872,1.0
26409,HARD_STEP,32,0.04662693062759099,1.0
26409,HARD_STEP,33,0.04680784182189004,1.0
26409,HARD_STEP,34,0.047199497467584534,1.0
26409,HARD_STEP,35,0.047336229805374504,1.0
26409,HARD_STEP,36,0.04718771367421759,1.0
26409,HARD_STEP,37,0.046792835588691344,1.0
26409,HARD_STEP,38,0.04670664584090001,1.0
26409,HARD_STEP,39,0.04730064215457417,1.0
26409,HARD_STEP,40,0.04700172419114373,1.0
26409,HARD_STEP,41,0.046658134342590696,1.0
26409,HARD_STEP,42,0.04679560188533897,1.0
26409,HARD_STEP,43,0.046750833416071315,1.0
26409,HARD_STEP,44,0.046910111649236565,1.0
26409,HARD_STEP,45,0.04708555563331923,1.0
26409,HARD_STEP,46,0.046806265265219645,1.0
26409,HARD_STEP,47,0.046585416427124514,1.0
26409,HARD_STEP,48,0.04684918036882094,1.0
26409,HARD_STEP,49,0.046926702898932894,1.0
26409,HARD_STEP,50,0.046967451583070384,1.0
26409,HARD_STEP,51,0.046607831009511914,1.0
26409,HARD_STEP,52,0.046886838654603524,1.0
26409,HARD_STEP,53,0.046776701836553386,1.0
26409,HARD_STEP,54,0.04731852583609399,1.0
26409,HARD_STEP,55,0.0469590026661538,1.0
26409,HARD_STEP,56,0.046507056608722584,1.0
26409,HARD_STEP,57,0.046150281968375784,1.0
26409,HARD_STEP,58,0.04726232629532697,1.0
26409,HARD_STEP,59,0.0468062452586152,1.0
26409,HARD_STEP,60,0.04702657416663941,1.0
26409,HARD_STEP,61,0.04696067158732281,1.0
26409,HARD_STEP,62,0.04682662242099672,1.0
26409,HARD_STEP,63,0.047271067038683966,1.0
26409,HARD_STEP,64,0.04687626835498606,1.0
26409,HARD_STEP,65,0.04726235330518059,1.0
26409,HARD_STEP,66,0.046863863768874935,1.0
26409,HARD_STEP,67,0.04696706173584122,1.0
26409,HARD_STEP,68,0.0465706135268826,1.0
26409,HARD_STEP,69,0.046756757443314236,1.0
26409,HARD_STEP,70,0.0471859082034912,1.0
26409,HARD_STEP,71,0.04692266855861369,1.0
26409,HARD_STEP,72,0.04680805152669776,1.0
26409,HARD_STEP,73,0.04667861156618582,1.0
26409,HARD_STEP,74,0.046971499634159135,1.0
26409,HARD_STEP,75,0.0469791875360853,1.0
26409,HARD_STEP,76,0.047027453296009346,1.0
26409,HARD_STEP,77,0.046682101178005926,1.0
26409,HARD_STEP,78,0.04686249679037474,1.0
26409,HARD_STEP,79,0.046873492869961196,1.0
26409,HARD_STEP,80,0.04693064945228927,1.0
26409,HARD_STEP,81,0.046980286536123315,1.0
26409,HARD_STEP,82,0.046853824465131644,1.0
26409,HARD_STEP,83,0.047327915854508185,1.0
26409,HARD_STEP,84,0.046981747087415114,1.0
26409,HARD_STEP,85,0.04709680952255859,1.0
26409,HARD_STEP,86,0.04676408045856965,1.0
26409,HARD_STEP,87,0.04708527722551237,1.0
26409,HARD_STEP,88,0.046798316635793834,1.0
26409,HARD_STEP,89,0.04707641263133174,1.0
26409,HARD_STEP,90,0.046978565821598615,1.0
26409,HARD_STEP,91,0.04701743335228259,1.0
26409,HARD_STEP,92,0.04672074074575725,1.0
26409,HARD_STEP,93,0.04681732062324112,1.0
26409,HARD_STEP,94,0.046800518749025376,1.0
26409,HARD_STEP,95,0.047135422081228916,1.0
26409,HARD_STEP,96,0.046980138498531165,1.0
26409,HARD_STEP,97,0.04670910874333869,1.0
26409,HARD_STEP,98,0.046926047574708175,1.0
26409,HARD_STEP,99,0.04659905448302951,1.0
26409,HARD_STEP,100,0.04720340591941161,1.0
26409,REFRACTORY_TIME,1,0.013344116002268739,0.2800000000000001
26409,REFRACTORY_TIME,2,0.013178486048780844,0.2800000000000001
26409,REFRACTORY_TIME,3,0.013244598739679453,0.2800000000000001
26409,REFRACTORY_TIME,4,0.013323930695524067,0.2800000000000001
26409,REFRACTORY_TIME,5,0.013278573265199177,0.2800000000000001
26409,REFRACTORY_TIME,6,0.013193165732074054,0.2800000000000001
26409,REFRACTORY_TIME,7,0.013283964038930632,0.2800000000000001
26409,REFRACTORY_TIME,8,0.013247518883399909,0.2800000000000001
26409,REFRACTORY_TIME,9,0.013206007592564155,0.2800000000000001
26409,REFRACTORY_TIME,10,0.01315621021963304,0.2800000000000001
26409,REFRACTORY_TIME,11,0.013332105200980932,0.2800000000000001
26409,REFRACTORY_TIME,12,0.013277024433538951,0.2800000000000001
26409,REFRACTORY_TIME,13,0.016472915581057415,0.3485170590141093
26409,REFRACTORY_TIME,14,0.019318495870718072,0.410513857783853
26409,REFRACTORY_TIME,15,0.022043385660615967,0.4666108811091633
26409,REFRACTORY_TIME,16,0.02446873913844973,0.5173695668543398
26409,REFRACTORY_TIME,17,0.026921214892263207,0.5632979250069038
26409,REFRACTORY_TIME,18,0.028549135494138622,0.604855622012301
26409,REFRACTORY_TIME,19,0.03021289269124978,0.6424585812701852
26409,REFRACTORY_TIME,20,0.0320815491698111,0.6764831458356005
26409,REFRACTORY_TIME,21,0.03330495814496112,0.7072698449867687
26409,REFRACTORY_TIME,22,0.03444454956546059,0.7351268023565617
26409,REFRACTORY_TIME,23,0.03588368782443762,0.7603328197373828
26409,REFRACTORY_TIME,24,0.03688915756626831,0.7831401674232145
26409,REFRACTORY_TIME,25,0.03802890061161917,0.8037771090155114
26409,REFRACTORY_TIME,26,0.03882359860717324,0.8224501859620433
26409,REFRACTORY_TIME,27,0.039310106629329856,0.8393462846931304
26409,REFRACTORY_TIME,28,0.04012675561427535,0.8546345070438478
26409,REFRACTORY_TIME,29,0.040900282059630456,0.8684678626820314
26409,REFRACTORY_TIME,30,0.04147270671587265,0.8809848004804577
26409,REFRACTORY_TIME,31,0.04209248790490001,0.8923105941597028
26409,REFRACTORY_TIME,32,0.04218399923508178,0.9025585960696388
26409,REFRACTORY_TIME,33,0.042776322520015196,0.9118313716578529
26409,REFRACTORY_TIME,34,0.043525809366205724,0.9202217259791197
26409,REFRACTORY_TIME,35,0.04400535843781802,0.9278136325195815
26409,REFRACTORY_TIME,36,0.044187289571211985,0.9346830736316231
26409,REFRACTORY_TIME,37,0.04410374504288406,0.9408988009907927
26409,REFRACTORY_TIME,38,0.044278925797281286,0.94652302368568
26409,REFRACTORY_TIME,39,0.04508228203504502,0.9516120308273804
26409,REFRACTORY_TIME,40,0.045009741016000145,0.9562167549098427
26409,REFRACTORY_TIME,41,0.0448697682220592,0.960383281559387
26409,REFRACTORY_TIME,42,0.04517538463066553,0.9641533107751381
26409,REFRACTORY_TIME,43,0.04528997459086851,0.9675645742766382
26409,REFRACTORY_TIME,44,0.04558634621142086,0.9706512131355765
26409,REFRACTORY_TIME,45,0.045885479496877844,0.9734441194711073
26409,REFRACTORY_TIME,46,0.04573031256997623,0.9759712456285653
26409,REFRACTORY_TIME,47,0.045618123921731334,0.9782578839359305
26409,REFRACTORY_TIME,48,0.04597273433726285,0.9803269198379495
26409,REFRACTORY_TIME,49,0.046134186253508604,0.9821990609413559
26409,REFRACTORY_TIME,50,0.04625284384546052,0.9838930442635606
26409,REFRACTORY_TIME,51,0.045969423988048895,0.9854258237590211
26409,REFRACTORY_TIME,52,0.04630886465114187,0.9868127400001113
26409,REFRACTORY_TIME,53,0.04625699177686617,0.988067673710732
26409,REFRACTORY_TIME,54,0.04684557273020209,0.9892031846892558
26409,REFRACTORY_TIME,55,0.04653723004530674,0.9902306375112157
26409,REFRACTORY_TIME,56,0.04613083512653859,0.9911603152697909
26409,REFRACTORY_TIME,57,0.0458158059150793,0.9920015224924655
26409,REFRACTORY_TIME,58,0.046957196630959534,0.9927626782638638
26409,REFRACTORY_TIME,59,0.046535182623688054,0.9934514004867788
26409,REFRACTORY_TIME,60,0.046780822231798434,0.9940745821247053
26409,REFRACTORY_TIME,61,0.046743181511890164,0.9946384601889343
26409,REFRACTORY_TIME,62,0.04663192845735819,0.9951486781606586
26409,REFRACTORY_TIME,63,0.0470951377590062,0.9956103424728285
26409,REFRACTORY_TIME,64,0.046722540097736985,0.9960280736170524
26409,REFRACTORY_TIME,65,0.04712447871518794,0.9964060523870247
26409,REFRACTORY_TIME,66,0.04674298673884691,0.9967480617213192
26409,REFRACTORY_TIME,67,0.04686004240883931,0.997057524564306
26409,REFRACTORY_TIME,68,0.04647766938444015,0.997337538124132
26409,REFRACTORY_TIME,69,0.04667460286421426,0.9975909048706205
26409,REFRACTORY_TIME,70,0.047115161830017495,0.9978201605833292
26409,REFRACTORY_TIME,71,0.04686065874835086,0.9980275997304866
26409,REFRACTORY_TIME,72,0.04675477549948689,0.9982152984328002
26409,REFRACTORY_TIME,73,0.04663325022531112,0.99838513524197
26409,REFRACTORY_TIME,74,0.04693277225225632,0.998538809941867
26409,REFRACTORY_TIME,75,0.04694633802340769,0.9986778605605392
26409,REFRACTORY_TIME,76,0.047002265887551374,0.9988036787633147
26409,REFRACTORY_TIME,77,0.046660395288604294,0.9989175237810562
26409,REFRACTORY_TIME,78,0.04684627839673102,0.9990205350129654
26409,REFRACTORY_TIME,79,0.04686140171838227,0.9991137434300749
26409,REFRACTORY_TIME,80,0.0469219081328926,0.9991980818935514
26409,REFRACTORY_TIME,81,0.046975511396870166,0.999274394491085
26409,REFRACTORY_TIME,82,0.0468533085626589,0.9993434449848008
26409,REFRACTORY_TIME,83,0.04732929646630248,0.9994059244552483
26409,REFRACTORY_TIME,84,0.04698513136952375,0.9994624582179691
26409,REFRACTORY_TIME,85,0.04710260031801251,0.9995136120818605
26409,REFRACTORY_TIME,86,0.04677327730355866,0.9995598980119863
26409,REFRACTORY_TIME,87,0.047094105219173114,0.9996017792534938
26409,REFRACTORY_TIME,88,0.04681124711247753,0.9996396749679229
26409,REFRACTORY_TIME,89,0.04708964610092364,0.9996739644283216
26409,REFRACTORY_TIME,90,0.0469943854811103,0.9997049908151344
26409,REFRACTORY_TIME,91,0.047032893763870175,0.9997330646508692
26409,REFRACTORY_TIME,92,0.046737615302639625,0.99975846690791
26409,REFRACTORY_TIME,93,0.0468357410081463,0.9997814518205832
26409,REFRACTORY_TIME,94,0.04682027792075763,0.9998022494296203
26409,REFRACTORY_TIME,95,0.047156295092523455,0.9998210678844827
26409,REFRACTORY_TIME,96,0.04700038601461145,0.9998380955265914
26409,REFRACTORY_TIME,97,0.04672983187285996,0.9998535027743126
26409,REFRACTORY_TIME,98,0.04694921359803522,0.9998674438285596
26409,REFRACTORY_TIME,99,0.04662234989871215,0.9998800582160889
26409,REFRACTORY_TIME,100,0.047227638127874644,0.9998914721859312
26410,NO_REPLENISH,1,0.013153401655442702,0.2800000000000001
26410,NO_REPLENISH,2,0.013297342771752504,0.2800000000000001
26410,NO_REPLENISH,3,0.013202969807476095,0.2800000000000001
26410,NO_REPLENISH,4,0.013389314437698014,0.2800000000000001
26410,NO_REPLENISH,5,0.013296266013016707,0.2800000000000001
26410,NO_REPLENISH,6,0.013180320724348509,0.2800000000000001
26410,NO_REPLENISH,7,0.013187691088521256,0.2800000000000001
26410,NO_REPLENISH,8,0.013281125228035455,0.2800000000000001
26410,NO_REPLENISH,9,0.013258212728716514,0.2800000000000001
26410,NO_REPLENISH,10,0.013271137370387884,0.2800000000000001
26410,NO_REPLENISH,11,0.013306936920825138,0.2800000000000001
26410,NO_REPLENISH,12,0.013241538245384063,0.2800000000000001
26410,NO_REPLENISH,13,0.013230482614941993,0.2800000000000001
26410,NO_REPLENISH,14,0.013321950076429778,0.2800000000000001
26410,NO_REPLENISH,15,0.013206190519098151,0.2800000000000001
26410,NO_REPLENISH,16,0.013379117195409814,0.2800000000000001
26410,NO_REPLENISH,17,0.013231772120382674,0.2800000000000001
26410,NO_REPLENISH,18,0.01326865113768704,0.2800000000000001
26410,NO_REPLENISH,19,0.013221052147556658,0.2800000000000001
26410,NO_REPLENISH,20,0.013312503159644919,0.2800000000000001
26410,NO_REPLENISH,21,0.013244485128691474,0.2800000000000001
26410,NO_REPLENISH,22,0.013213963521022382,0.2800000000000001
26410,NO_REPLENISH,23,0.013283538493475314,0.2800000000000001
26410,NO_REPLENISH,24,0.013295176044762899,0.2800000000000001
26410,NO_REPLENISH,25,0.013198745516068292,0.2800000000000001
26410,NO_REPLENISH,26,0.01323392305486606,0.2800000000000001
26410,NO_REPLENISH,27,0.013230379080909677,0.2800000000000001
26410,NO_REPLENISH,28,0.01320731290252164,0.2800000000000001
26410,NO_REPLENISH,29,0.013178769979651722,0.2800000000000001
26410,NO_REPLENISH,30,0.013214275838606905,0.2800000000000001
26410,NO_REPLENISH,31,0.013233565798552083,0.2800000000000001
26410,NO_REPLENISH,32,0.01318523917766548,0.2800000000000001
26410,NO_REPLENISH,33,0.013203362858819345,0.2800000000000001
26410,NO_REPLENISH,34,0.013280717340576354,0.2800000000000001
26410,NO_REPLENISH,35,0.013324724105954677,0.2800000000000001
26410,NO_REPLENISH,36,0.013299871428863219,0.2800000000000001
26410,NO_REPLENISH,37,0.013165827011190637,0.2800000000000001
26410,NO_REPLENISH,38,0.01320773872311061,0.2800000000000001
26410,NO_REPLENISH,39,0.013306778027738492,0.2800000000000001
26410,NO_REPLENISH,40,0.013311048741179407,0.2800000000000001
26410,NO_REPLENISH,41,0.013246829254765247,0.2800000000000001
26410,NO_REPLENISH,42,0.013231195147619779,0.2800000000000001
26410,NO_REPLENISH,43,0.013276859080185244,0.2800000000000001
26410,NO_REPLENISH,44,0.013115088625633847,0.2800000000000001
26410,NO_REPLENISH,45,0.013187673938481673,0.2800000000000001
26410,NO_REPLENISH,46,0.013250648013676146,0.2800000000000001
26410,NO_REPLENISH,47,0.01329624910862432,0.2800000000000001
26410,NO_REPLENISH,48,0.013250770366979822,0.2800000000000001
26410,NO_REPLENISH,49,0.013207534836901064,0.2800000000000001
26410,NO_REPLENISH,50,0.013334209282601006,0.2800000000000001
26410,NO_REPLENISH,51,0.01321112224644328,0.2800000000000001
26410,NO_REPLENISH,52,0.013250021923809835,0.2800000000000001
26410,NO_REPLENISH,53,0.013304421206223124,0.2800000000000001
26410,NO_REPLENISH,54,0.013236600655798491,0.2800000000000001
26410,NO_REPLENISH,55,0.013246143760082443,0.2800000000000001
26410,NO_REPLENISH,56,0.013214366975584401,0.2800000000000001
26410,NO_REPLENISH,57,0.013248386217901817,0.2800000000000001
26410,NO_REPLENISH,58,0.013152084835123671,0.2800000000000001
26410,NO_REPLENISH,59,0.013249495054132312,0.2800000000000001
26410,NO_REPLENISH,60,0.013397600984574315,0.2800000000000001
26410,NO_REPLENISH,61,0.013232383764343963,0.2800000000000001
26410,NO_REPLENISH,62,0.013214845973414801,0.2800000000000001
26410,NO_REPLENISH,63,0.01319542030431363,0.2800000000000001
26410,NO_REPLENISH,64,0.013241988878944172,0.2800000000000001
26410,NO_REPLENISH,65,0.013251055695828457,0.2800000000000001
26410,NO_REPLENISH,66,0.013196683196832306,0.2800000000000001
26410,NO_REPLENISH,67,0.013202599127258205,0.2800000000000001
26410,NO_REPLENISH,68,0.013311168145991365,0.2800000000000001
26410,NO_REPLENISH,69,0.013198007009459814,0.2800000000000001
26410,NO_REPLENISH,70,0.013277372294940637,0.2800000000000001
26410,NO_REPLENISH,71,0.013257174975531647,0.2800000000000001
26410,NO_REPLENISH,72,0.013258606106810926,0.2800000000000001
26410,NO_REPLENISH,73,0.013232585117043704,0.2800000000000001
26410,NO_REPLENISH,74,0.013224039077643435,0.2800000000000001
26410,NO_REPLENISH,75,0.013272318019141685,0.2800000000000001
26410,NO_REPLENISH,76,0.013290586621175512,0.2800000000000001
26410,NO_REPLENISH,77,0.013244009891574551,0.2800000000000001
26410,NO_REPLENISH,78,0.013189713050990684,0.2800000000000001
26410,NO_REPLENISH,79,0.013287149731735184,0.2800000000000001
26410,NO_REPLENISH,80,0.013235395030939576,0.2800000000000001
26410,NO_REPLENISH,81,0.01327610544793909,0.2800000000000001
26410,NO_REPLENISH,82,0.013269206101252979,0.2800000000000001
26410,NO_REPLENISH,83,0.013223725360732427,0.2800000000000001
26410,NO_REPLENISH,84,0.013254055095140568,0.2800000000000001
26410,NO_REPLENISH,85,0.013203318423429722,0.2800000000000001
26410,NO_REPLENISH,86,0.013263878927348483,0.2800000000000001
26410,NO_REPLENISH,87,0.01327116891071197,0.2800000000000001
26410,NO_REPLENISH,88,0.013234015722990015,0.2800000000000001
26410,NO_REPLENISH,89,0.013254499392762754,0.2800000000000001
26410,NO_REPLENISH,90,0.013253521717535433,0.2800000000000001
26410,NO_REPLENISH,91,0.013267308504765943,0.2800000000000001
26410,NO_REPLENISH,92,0.013272989125397141,0.2800000000000001
26410,NO_REPLENISH,93,0.013140163975189141,0.2800000000000001
26410,NO_REPLENISH,94,0.01324608949126678,0.2800000000000001
26410,NO_REPLENISH,95,0.013098871589287499,0.2800000000000001
26410,NO_REPLENISH,96,0.01319791695251113,0.2800000000000001
26410,NO_REPLENISH,97,0.013254261612735513,0.2800000000000001
26410,NO_REPLENISH,98,0.013217002470852285,0.2800000000000001
26410,NO_REPLENISH,99,0.013282348240979236,0.2800000000000001
26410,NO_REPLENISH,100,0.013278932021345913,0.2800000000000001
26410,SMOOTH_TIME,1,0.01636677647922177,0.3485170590141093
26410,SMOOTH_TIME,2,0.019484570872830797,0.410513857783853
26410,SMOOTH_TIME,3,0.02198291411111925,0.4666108811091633
26410,SMOOTH_TIME,4,0.024705873743706013,0.5173695668543398
26410,SMOOTH_TIME,5,0.026700629962238626,0.5632979250069038
26410,SMOOTH_TIME,6,0.028410020036814088,0.604855622012301
26410,SMOOTH_TIME,7,0.030179079108990026,0.6424585812701852
26410,SMOOTH_TIME,8,0.031986882312154415,0.6764831458356005
26410,SMOOTH_TIME,9,0.03337057507657478,0.7072698449867687
26410,SMOOTH_TIME,10,0.03470495835400885,0.7351268023565617
26410,SMOOTH_TIME,11,0.03597701877718313,0.7603328197373828
26410,SMOOTH_TIME,12,0.036862691265519665,0.7831401674232145
26410,SMOOTH_TIME,13,0.03779130091660383,0.8037771090155114
26410,SMOOTH_TIME,14,0.038920787692252025,0.8224501859620433
26410,SMOOTH_TIME,15,0.039368622012750785,0.8393462846931304
26410,SMOOTH_TIME,16,0.04059243670523464,0.8546345070438478
26410,SMOOTH_TIME,17,0.04079224416274394,0.8684678626820314
26410,SMOOTH_TIME,18,0.04148549639076773,0.8809848004804577
26410,SMOOTH_TIME,19,0.04186101381135713,0.8923105941597028
26410,SMOOTH_TIME,20,0.04262261179749893,0.9025585960696388
26410,SMOOTH_TIME,21,0.04283700456043337,0.9118313716578529
26410,SMOOTH_TIME,22,0.04312716349053291,0.9202217259791197
26410,SMOOTH_TIME,23,0.04370150171107482,0.9278136325195815
26410,SMOOTH_TIME,24,0.04405726800717932,0.9346830736316231
26410,SMOOTH_TIME,25,0.04402893384514845,0.9408988009907927
26410,SMOOTH_TIME,26,0.04440409649477931,0.94652302368568
26410,SMOOTH_TIME,27,0.04462677972880383,0.9516120308273804
26410,SMOOTH_TIME,28,0.04476134410647723,0.9562167549098427
26410,SMOOTH_TIME,29,0.04485824105465435,0.960383281559387
26410,SMOOTH_TIME,30,0.045149175942263274,0.9641533107751381
26410,SMOOTH_TIME,31,0.045370397865666344,0.9675645742766382
26410,SMOOTH_TIME,32,0.045350626238711444,0.9706512131355765
26410,SMOOTH_TIME,33,0.045540007618692945,0.9734441194711073
26410,SMOOTH_TIME,34,0.04591855726878003,0.9759712456285653
26410,SMOOTH_TIME,35,0.046173297230679165,0.9782578839359305
26410,SMOOTH_TIME,36,0.046183221836501365,0.9803269198379495
26410,SMOOTH_TIME,37,0.04581423337227225,0.9821990609413559
26410,SMOOTH_TIME,38,0.046033828717321264,0.9838930442635606
26410,SMOOTH_TIME,39,0.046443245284484964,0.9854258237590211
26410,SMOOTH_TIME,40,0.04652177084982806,0.9868127400001113
26410,SMOOTH_TIME,41,0.04635928133283748,0.988067673710732
26410,SMOOTH_TIME,42,0.04635927370191656,0.9892031846892558
26410,SMOOTH_TIME,43,0.046562813424521544,0.9902306375112157
26410,SMOOTH_TIME,44,0.046049941822452665,0.9911603152697909
26410,SMOOTH_TIME,45,0.046337791634503266,0.9920015224924655
26410,SMOOTH_TIME,46,0.04658993237902203,0.9927626782638638
26410,SMOOTH_TIME,47,0.04677810427018861,0.9934514004867788
26410,SMOOTH_TIME,48,0.04665022671139635,0.9940745821247053
26410,SMOOTH_TIME,49,0.04652679969734067,0.9946384601889343
26410,SMOOTH_TIME,50,0.0469880300573283,0.9951486781606586
26410,SMOOTH_TIME,51,0.04658321337277526,0.9956103424728285
26410,SMOOTH_TIME,52,0.046737721551258445,0.9960280736170524
26410,SMOOTH_TIME,53,0.04694291966769996,0.9964060523870247
26410,SMOOTH_TIME,54,0.04672361719149831,0.9967480617213192
26410,SMOOTH_TIME,55,0.046770821833538145,0.997057524564306
26410,SMOOTH_TIME,56,0.04667369022597758,0.997337538124132
26410,SMOOTH_TIME,57,0.04680393947680595,0.9975909048706205
26410,SMOOTH_TIME,58,0.04648079237266121,0.9978201605833292
26410,SMOOTH_TIME,59,0.046826490065428335,0.9980275997304866
26410,SMOOTH_TIME,60,0.047349934801335335,0.9982152984328002
26410,SMOOTH_TIME,61,0.04678385567398682,0.99838513524197
26410,SMOOTH_TIME,62,0.0467301803835275,0.998538809941867
26410,SMOOTH_TIME,63,0.04666998235530407,0.9986778605605392
26410,SMOOTH_TIME,64,0.04683742537747198,0.9988036787633147
26410,SMOOTH_TIME,65,0.04687409072650615,0.9989175237810562
26410,SMOOTH_TIME,66,0.04668963392965344,0.9990205350129654
26410,SMOOTH_TIME,67,0.04671544938895824,0.9991137434300749
26410,SMOOTH_TIME,68,0.04709379431907559,0.9991980818935514
26410,SMOOTH_TIME,69,0.046706568173706796,0.999274394491085
26410,SMOOTH_TIME,70,0.04698430355110717,0.9993434449848008
26410,SMOOTH_TIME,71,0.046918229287218616,0.9994059244552483
26410,SMOOTH_TIME,72,0.046924301974268605,0.9994624582179691
26410,SMOOTH_TIME,73,0.04683650165492095,0.9995136120818605
26410,SMOOTH_TIME,74,0.046810425640472254,0.9995598980119863
26410,SMOOTH_TIME,75,0.04697963854219156,0.9996017792534938
26410,SMOOTH_TIME,76,0.04704365823264376,0.9996396749679229
26410,SMOOTH_TIME,77,0.04688427232847606,0.9996739644283216
26410,SMOOTH_TIME,78,0.04669664175313237,0.9997049908151344
26410,SMOOTH_TIME,79,0.0470370272906159,0.9997330646508692
26410,SMOOTH_TIME,80,0.04685820899131773,0.99975846690791
26410,SMOOTH_TIME,81,0.04700039019404739,0.9997814518205832
26410,SMOOTH_TIME,82,0.046978302465051545,0.9998022494296203
26410,SMOOTH_TIME,83,0.04681978367243352,0.9998210678844827
26410,SMOOTH_TIME,84,0.046926293403179976,0.9998380955265914
26410,SMOOTH_TIME,85,0.04675190174282431,0.9998535027743126
26410,SMOOTH_TIME,86,0.046961451319774215,0.9998674438285596
26410,SMOOTH_TIME,87,0.04698897189863471,0.9998800582160889
26410,SMOOTH_TIME,88,0.0468588239515835,0.9998914721859312
26410,SMOOTH_TIME,89,0.04693021164400037,0.999901799972933
26410,SMOOTH_TIME,90,0.04692717611607597,0.9999111449410575
26410,SMOOTH_TIME,91,0.04697663147807989,0.9999196006178869
26410,SMOOTH_TIME,92,0.04699577118216192,0.9999272516306772
26410,SMOOTH_TIME,93,0.04653575755347508,0.9999341745533356
26410,SMOOTH_TIME,94,0.04690348797857465,0.9999404386727994
26410,SMOOTH_TIME,95,0.04639402310416039,0.999946106682481
26410,SMOOTH_TIME,96,0.046737065988890596,0.9999512353097266
26410,SMOOTH_TIME,97,0.04693296909812502,0.9999558758835616
26410,SMOOTH_TIME,98,0.04680340464702356,0.9999600748484087
26410,SMOOTH_TIME,99,0.04702963459021061,0.9999638742289195
26410,SMOOTH_TIME,100,0.04701768599186502,0.9999673120505713
26410,HARD_STEP,1,0.013151759927971749,0.2800000000000001
26410,HARD_STEP,2,0.013295493508503837,0.2800000000000001
26410,HARD_STEP,3,0.013201228076344093,0.2800000000000001
26410,HARD_STEP,4,0.013387484488012214,0.2800000000000001
26410,HARD_STEP,5,0.013294586027831803,0.2800000000000001
26410,HARD_STEP,6,0.013178556039798103,0.2800000000000001
26410,HARD_STEP,7,0.013185939306938193,0.2800000000000001
26410,HARD_STEP,8,0.013279221026784582,0.2800000000000001
26410,HARD_STEP,9,0.01325655629454166,0.2800000000000001
26410,HARD_STEP,10,0.013269350492290588,0.2800000000000001
26410,HARD_STEP,11,0.013305198499057874,0.2800000000000001
26410,HARD_STEP,12,0.013239803389249157,0.2800000000000001
26410,HARD_STEP,13,0.046864764998495845,1.0
26410,HARD_STEP,14,0.047182347125672854,1.0
26410,HARD_STEP,15,0.04678119819023937,1.0
26410,HARD_STEP,16,0.0473802139699375,1.0
26410,HARD_STEP,17,0.04686985566428259,1.0
26410,HARD_STEP,18,0.04699754328039135,1.0
26410,HARD_STEP,19,0.04683240742801398,1.0
26410,HARD_STEP,20,0.04714997353862669,1.0
26410,HARD_STEP,21,0.04691240107971582,1.0
26410,HARD_STEP,22,0.04680678891282156,1.0
26410,HARD_STEP,23,0.04704796014450138,1.0
26410,HARD_STEP,24,0.04708916843755437,1.0
26410,HARD_STEP,25,0.04675404679696185,1.0
26410,HARD_STEP,26,0.04687575956627809,1.0
26410,HARD_STEP,27,0.046864401531568796,1.0
26410,HARD_STEP,28,0.04678350028618206,1.0
26410,HARD_STEP,29,0.04668651459223052,1.0
26410,HARD_STEP,30,0.04680932676311617,1.0
26410,HARD_STEP,31,0.046876684500812144,1.0
26410,HARD_STEP,32,0.04670876970977025,1.0
26410,HARD_STEP,33,0.04677118070177566,1.0
26410,HARD_STEP,34,0.04703881577133092,1.0
26410,HARD_STEP,35,0.04719236786739615,1.0
26410,HARD_STEP,36,0.04710654205280756,1.0
26410,HARD_STEP,37,0.04664073671603728,1.0
26410,HARD_STEP,38,0.046786392628923035,1.0
26410,HARD_STEP,39,0.04713067718374872,1.0
26410,HARD_STEP,40,0.04714470906807483,1.0
26410,HARD_STEP,41,0.04692199700536782,1.0
26410,HARD_STEP,42,0.04686712204168891,1.0
26410,HARD_STEP,43,0.04702538584660881,1.0
26410,HARD_STEP,44,0.04646387707085889,1.0
26410,HARD_STEP,45,0.04671576060367222,1.0
26410,HARD_STEP,46,0.046935276218112325,1.0
26410,HARD_STEP,47,0.04709303482809866,1.0
26410,HARD_STEP,48,0.046934692838537545,1.0
26410,HARD_STEP,49,0.04678414614865587,1.0
26410,HARD_STEP,50,0.04722483834958611,1.0
26410,HARD_STEP,51,0.046798350125107115,1.0
26410,HARD_STEP,52,0.046931130968427846,1.0
26410,HARD_STEP,53,0.04712113326270925,1.0
26410,HARD_STEP,54,0.0468857729092562,1.0
26410,HARD_STEP,55,0.04691864854538171,1.0
26410,HARD_STEP,56,0.04680964815631004,1.0
26410,HARD_STEP,57,0.046925938327539184,1.0
26410,HARD_STEP,58,0.046592922761183785,1.0
26410,HARD_STEP,59,0.046931253880974834,1.0
26410,HARD_STEP,60,0.04744390715639673,1.0
26410,HARD_STEP,61,0.04687064428257826,1.0
26410,HARD_STEP,62,0.046810580849395454,1.0
26410,HARD_STEP,63,0.04674216291033175,1.0
26410,HARD_STEP,64,0.04690383297703119,1.0
26410,HARD_STEP,65,0.04693638011399109,1.0
26410,HARD_STEP,66,0.04674714202545716,1.0
26410,HARD_STEP,67,0.046768312844337794,1.0
26410,HARD_STEP,68,0.047145107442458166,1.0
26410,HARD_STEP,69,0.046752136705676184,1.0
26410,HARD_STEP,70,0.047028052595753246,1.0
26410,HARD_STEP,71,0.046957349013264316,1.0
26410,HARD_STEP,72,0.046961493247032214,1.0
26410,HARD_STEP,73,0.04687247864787797,1.0
26410,HARD_STEP,74,0.046843034654591276,1.0
26410,HARD_STEP,75,0.0470094817827057,1.0
26410,HARD_STEP,76,0.04707311008594128,1.0
26410,HARD_STEP,77,0.0469122670979942,1.0
26410,HARD_STEP,78,0.04672367439237086,1.0
26410,HARD_STEP,79,0.04706090907954205,1.0
26410,HARD_STEP,80,0.04688176767343474,1.0
26410,HARD_STEP,81,0.04702282318970086,1.0
26410,HARD_STEP,82,0.04699972348105478,1.0
26410,HARD_STEP,83,0.04684144738438084,1.0
26410,HARD_STEP,84,0.04694693117804755,1.0
26410,HARD_STEP,85,0.046770969869423286,1.0
26410,HARD_STEP,86,0.04698052945606598,1.0
26410,HARD_STEP,87,0.04700639839581897,1.0
26410,HARD_STEP,88,0.04687752693482391,1.0
26410,HARD_STEP,89,0.04694810407375383,1.0
26410,HARD_STEP,90,0.046944300021422004,1.0
26410,HARD_STEP,91,0.04699260443540534,1.0
26410,HARD_STEP,92,0.047012608978798213,1.0
26410,HARD_STEP,93,0.04655132356005032,1.0
26410,HARD_STEP,94,0.0469189042711323,1.0
26410,HARD_STEP,95,0.04640853029619391,1.0
26410,HARD_STEP,96,0.04675056723315552,1.0
26410,HARD_STEP,97,0.046947165057960365,1.0
26410,HARD_STEP,98,0.046818240235586915,1.0
26410,HARD_STEP,99,0.04704565110053005,1.0
26410,HARD_STEP,100,0.04703320144544997,1.0
26410,REFRACTORY_TIME,1,0.01315242432295348,0.2800000000000001
26410,REFRACTORY_TIME,2,0.013296210900377477,0.2800000000000001
26410,REFRACTORY_TIME,3,0.013201921785625875,0.2800000000000001
26410,REFRACTORY_TIME,4,0.0133882209435416,0.2800000000000001
26410,REFRACTORY_TIME,5,0.0132952447137167,0.2800000000000001
26410,REFRACTORY_TIME,6,0.013179374578078403,0.2800000000000001
26410,REFRACTORY_TIME,7,0.013186695625518073,0.2800000000000001
26410,REFRACTORY_TIME,8,0.013280004078464145,0.2800000000000001
26410,REFRACTORY_TIME,9,0.013257171920535937,0.2800000000000001
26410,REFRACTORY_TIME,10,0.013270136106703847,0.2800000000000001
26410,REFRACTORY_TIME,11,0.01330581885793188,0.2800000000000001
26410,REFRACTORY_TIME,12,0.013240524770398882,0.2800000000000001
26410,REFRACTORY_TIME,13,0.01646742249802814,0.3485170590141093
26410,REFRACTORY_TIME,14,0.01952600259383971,0.410513857783853
26410,REFRACTORY_TIME,15,0.021994378107150197,0.4666108811091633
26410,REFRACTORY_TIME,16,0.024694175294578433,0.5173695668543398
26410,REFRACTORY_TIME,17,0.02658026338062425,0.5632979250069038
26410,REFRACTORY_TIME,18,0.028607160681170304,0.604855622012301
26410,REFRACTORY_TIME,19,0.030263976477633583,0.6424585812701852
26410,REFRACTORY_TIME,20,0.03207063933497767,0.6764831458356005
26410,REFRACTORY_TIME,21,0.0333466494693067,0.7072698449867687
26410,REFRACTORY_TIME,22,0.034566851599104796,0.7351268023565617
26410,REFRACTORY_TIME,23,0.03592529379651625,0.7603328197373828
26410,REFRACTORY_TIME,24,0.037022223234206196,0.7831401674232145
26410,REFRACTORY_TIME,25,0.03771357829044738,0.8037771090155114
26410,REFRACTORY_TIME,26,0.038678976626011156,0.8224501859620433
26410,REFRACTORY_TIME,27,0.03945266326841818,0.8393462846931304
26410,REFRACTORY_TIME,28,0.04009183863972484,0.8546345070438478
26410,REFRACTORY_TIME,29,0.04064542922250621,0.8684678626820314
26410,REFRACTORY_TIME,30,0.04133091711308127,0.8809848004804577
26410,REFRACTORY_TIME,31,0.041914777132636895,0.8923105941597028
26410,REFRACTORY_TIME,32,0.042235865865025694,0.9025585960696388
26410,REFRACTORY_TIME,33,0.04271959526805325,0.9118313716578529
26410,REFRACTORY_TIME,34,0.04335440599179972,0.9202217259791197
26410,REFRACTORY_TIME,35,0.043849129926821606,0.9278136325195815
26410,REFRACTORY_TIME,36,0.0440868841814433,0.9346830736316231
26410,REFRACTORY_TIME,37,0.04393613820331943,0.9408988009907927
26410,REFRACTORY_TIME,38,0.04433195368062114,0.94652302368568
26410,REFRACTORY_TIME,39,0.044893913598419925,0.9516120308273804
26410,REFRACTORY_TIME,40,0.04512106786004568,0.9562167549098427
26410,REFRACTORY_TIME,41,0.045099465867719284,0.960383281559387
26410,REFRACTORY_TIME,42,0.04522179477750377,0.9641533107751381
26410,REFRACTORY_TIME,43,0.04553130867109526,0.9675645742766382
26410,REFRACTORY_TIME,44,0.04512824475680269,0.9706512131355765
26410,REFRACTORY_TIME,45,0.04550117736316475,0.9734441194711073
26410,REFRACTORY_TIME,46,0.04583192294673514,0.9759712456285653
26410,REFRACTORY_TIME,47,0.04609158582002713,0.9782578839359305
26410,REFRACTORY_TIME,48,0.0460319218895943,0.9803269198379495
26410,REFRACTORY_TIME,49,0.04597000029899187,0.9821990609413559
26410,REFRACTORY_TIME,50,0.046481797911202195,0.9838930442635606
26410,REFRACTORY_TIME,51,0.0461307882556026,0.9854258237590211
26410,REFRACTORY_TIME,52,0.046328303428045205,0.9868127400001113
26410,REFRACTORY_TIME,53,0.04657372287691853,0.988067673710732
26410,REFRACTORY_TIME,54,0.04639207905580309,0.9892031846892558
26410,REFRACTORY_TIME,55,0.046472331265194955,0.9902306375112157
26410,REFRACTORY_TIME,56,0.046406080980535835,0.9911603152697909
26410,REFRACTORY_TIME,57,0.046561783180981885,0.9920015224924655
26410,REFRACTORY_TIME,58,0.04626517192503702,0.9927626782638638
26410,REFRACTORY_TIME,59,0.04663196290263929,0.9934514004867788
26410,REFRACTORY_TIME,60,0.04717338001013898,0.9940745821247053
26410,REFRACTORY_TIME,61,0.04662737704559422,0.9946384601889343
26410,REFRACTORY_TIME,62,0.04659024560794634,0.9951486781606586
26410,REFRACTORY_TIME,63,0.04654462600432533,0.9956103424728285
26410,REFRACTORY_TIME,64,0.04672465266899601,0.9960280736170524
26410,REFRACTORY_TIME,65,0.04677443623410035,0.9964060523870247
26410,REFRACTORY_TIME,66,0.04659971902211024,0.9967480617213192
26410,REFRACTORY_TIME,67,0.046635613543376676,0.997057524564306
26410,REFRACTORY_TIME,68,0.04702415504820851,0.997337538124132
26410,REFRACTORY_TIME,69,0.04664471156809643,0.9975909048706205
26410,REFRACTORY_TIME,70,0.04692971830438953,0.9978201605833292
26410,REFRACTORY_TIME,71,0.046870781650080164,0.9980275997304866
26410,REFRACTORY_TIME,72,0.04688264668511527,0.9982152984328002
26410,REFRACTORY_TIME,73,0.04679968810169378,0.99838513524197
26410,REFRACTORY_TIME,74,0.046778368757124766,0.998538809941867
26410,REFRACTORY_TIME,75,0.04695185308975603,0.9986778605605392
26410,REFRACTORY_TIME,76,0.04702167879960086,0.9988036787633147
26410,REFRACTORY_TIME,77,0.046865783542293614,0.9989175237810562
26410,REFRACTORY_TIME,78,0.04668059177774745,0.9990205350129654
26410,REFRACTORY_TIME,79,0.04702310888438014,0.9991137434300749
26410,REFRACTORY_TIME,80,0.04684798689825681,0.9991980818935514
26410,REFRACTORY_TIME,81,0.046992780448218495,0.999274394491085
26410,REFRACTORY_TIME,82,0.04697336591725535,0.9993434449848008
26410,REFRACTORY_TIME,83,0.04681645074806342,0.9994059244552483
26410,REFRACTORY_TIME,84,0.046924422794883104,0.9994624582179691
26410,REFRACTORY_TIME,85,0.04675163994900026,0.9995136120818605
26410,REFRACTORY_TIME,86,0.04696242241198804,0.9995598980119863
26410,REFRACTORY_TIME,87,0.04699118821058379,0.9996017792534938
26410,REFRACTORY_TIME,88,0.046863353872125195,0.9996396749679229
26410,REFRACTORY_TIME,89,0.04693563634707779,0.9996739644283216
26410,REFRACTORY_TIME,90,0.046933762937489805,0.9997049908151344
26410,REFRACTORY_TIME,91,0.046983384812498086,0.9997330646508692
26410,REFRACTORY_TIME,92,0.04700370098863323,0.99975846690791
26410,REFRACTORY_TIME,93,0.04654448337848408,0.9997814518205832
26410,REFRACTORY_TIME,94,0.046912412977344074,0.9998022494296203
26410,REFRACTORY_TIME,95,0.04640283549520901,0.9998210678844827
26410,REFRACTORY_TIME,96,0.04674664225369964,0.9998380955265914
26410,REFRACTORY_TIME,97,0.046943103221401196,0.9998535027743126
26410,REFRACTORY_TIME,98,0.04681502269004382,0.9998674438285596
26410,REFRACTORY_TIME,99,0.04704214845742675,0.9998800582160889
26410,REFRACTORY_TIME,100,0.04702998797882336,0.9998914721859312
26411,NO_REPLENISH,1,0.013225953982953972,0.2800000000000001
26411,NO_REPLENISH,2,0.013294862500902163,0.2800000000000001
26411,NO_REPLENISH,3,0.013294180150554594,0.2800000000000001
26411,NO_REPLENISH,4,0.013283100366050566,0.2800000000000001
26411,NO_REPLENISH,5,0.013163355015723965,0.2800000000000001
26411,NO_REPLENISH,6,0.013220003847059831,0.2800000000000001
26411,NO_REPLENISH,7,0.013180689211831591,0.2800000000000001
26411,NO_REPLENISH,8,0.01326339821773917,0.2800000000000001
26411,NO_REPLENISH,9,0.01321212356500793,0.2800000000000001
26411,NO_REPLENISH,10,0.013256542696421575,0.2800000000000001
26411,NO_REPLENISH,11,0.013241955616326606,0.2800000000000001
26411,NO_REPLENISH,12,0.013174766227230765,0.2800000000000001
26411,NO_REPLENISH,13,0.013270286878172027,0.2800000000000001
26411,NO_REPLENISH,14,0.01327385306502126,0.2800000000000001
26411,NO_REPLENISH,15,0.013414267393131984,0.2800000000000001
26411,NO_REPLENISH,16,0.013292657210630087,0.2800000000000001
26411,NO_REPLENISH,17,0.013315154128005895,0.2800000000000001
26411,NO_REPLENISH,18,0.013196645197659332,0.2800000000000001
26411,NO_REPLENISH,19,0.013255234327491676,0.2800000000000001
26411,NO_REPLENISH,20,0.013238484956110998,0.2800000000000001
26411,NO_REPLENISH,21,0.013358733226223279,0.2800000000000001
26411,NO_REPLENISH,22,0.0132227328205814,0.2800000000000001
26411,NO_REPLENISH,23,0.013281232386107069,0.2800000000000001
26411,NO_REPLENISH,24,0.01319511674124592,0.2800000000000001
26411,NO_REPLENISH,25,0.013361489728786207,0.2800000000000001
26411,NO_REPLENISH,26,0.013180190101881937,0.2800000000000001
26411,NO_REPLENISH,27,0.013315535716072269,0.2800000000000001
26411,NO_REPLENISH,28,0.013166340934789444,0.2800000000000001
26411,NO_REPLENISH,29,0.013335562238955082,0.2800000000000001
26411,NO_REPLENISH,30,0.013226807439900479,0.2800000000000001
26411,NO_REPLENISH,31,0.013262983134702158,0.2800000000000001
26411,NO_REPLENISH,32,0.013184811392316689,0.2800000000000001
26411,NO_REPLENISH,33,0.013250343333907335,0.2800000000000001
26411,NO_REPLENISH,34,0.013244418084188874,0.2800000000000001
26411,NO_REPLENISH,35,0.013215033640787001,0.2800000000000001
26411,NO_REPLENISH,36,0.01327935801615423,0.2800000000000001
26411,NO_REPLENISH,37,0.01313009820750992,0.2800000000000001
26411,NO_REPLENISH,38,0.013229945358032083,0.2800000000000001
26411,NO_REPLENISH,39,0.013208738074153478,0.2800000000000001
26411,NO_REPLENISH,40,0.013291489369388615,0.2800000000000001
26411,NO_REPLENISH,41,0.013303423560451952,0.2800000000000001
26411,NO_REPLENISH,42,0.013234955274737748,0.2800000000000001
26411,NO_REPLENISH,43,0.013221610243648443,0.2800000000000001
26411,NO_REPLENISH,44,0.01316691167317755,0.2800000000000001
26411,NO_REPLENISH,45,0.013261813621695791,0.2800000000000001
26411,NO_REPLENISH,46,0.013289104312583946,0.2800000000000001
26411,NO_REPLENISH,47,0.013279156878228381,0.2800000000000001
26411,NO_REPLENISH,48,0.013223879357131402,0.2800000000000001
26411,NO_REPLENISH,49,0.013206137875788226,0.2800000000000001
26411,NO_REPLENISH,50,0.013312064670738652,0.2800000000000001
26411,NO_REPLENISH,51,0.013277604532074437,0.2800000000000001
26411,NO_REPLENISH,52,0.013188737609195486,0.2800000000000001
26411,NO_REPLENISH,53,0.013238425626601921,0.2800000000000001
26411,NO_REPLENISH,54,0.01322386959615389,0.2800000000000001
26411,NO_REPLENISH,55,0.013258846497890728,0.2800000000000001
26411,NO_REPLENISH,56,0.01320344346356333,0.2800000000000001
26411,NO_REPLENISH,57,0.013256183872259903,0.2800000000000001
26411,NO_REPLENISH,58,0.013162941834949511,0.2800000000000001
26411,NO_REPLENISH,59,0.013285375666378404,0.2800000000000001
26411,NO_REPLENISH,60,0.01329287550355184,0.2800000000000001
26411,NO_REPLENISH,61,0.013332248313844981,0.2800000000000001
26411,NO_REPLENISH,62,0.013195763031317703,0.2800000000000001
26411,NO_REPLENISH,63,0.01328640381563191,0.2800000000000001
26411,NO_REPLENISH,64,0.013269247457495722,0.2800000000000001
26411,NO_REPLENISH,65,0.013164238525268074,0.2800000000000001
26411,NO_REPLENISH,66,0.01318878812233359,0.2800000000000001
26411,NO_REPLENISH,67,0.0132150432196238,0.2800000000000001
26411,NO_REPLENISH,68,0.013286595378857416,0.2800000000000001
26411,NO_REPLENISH,69,0.013220462477173456,0.2800000000000001
26411,NO_REPLENISH,70,0.013188164474030992,0.2800000000000001
26411,NO_REPLENISH,71,0.013305884211576753,0.2800000000000001
26411,NO_REPLENISH,72,0.013247555812340805,0.2800000000000001
26411,NO_REPLENISH,73,0.013248676764846623,0.2800000000000001
26411,NO_REPLENISH,74,0.013280137736935316,0.2800000000000001
26411,NO_REPLENISH,75,0.013294107759188193,0.2800000000000001
26411,NO_REPLENISH,76,0.01333137904767724,0.2800000000000001
26411,NO_REPLENISH,77,0.013286330332320498,0.2800000000000001
26411,NO_REPLENISH,78,0.013230431517005925,0.2800000000000001
26411,NO_REPLENISH,79,0.013325717015176514,0.2800000000000001
26411,NO_REPLENISH,80,0.013322120714129174,0.2800000000000001
26411,NO_REPLENISH,81,0.013249129222028519,0.2800000000000001
26411,NO_REPLENISH,82,0.013244117006707514,0.2800000000000001
26411,NO_REPLENISH,83,0.013336937388930076,0.2800000000000001
26411,NO_REPLENISH,84,0.013301733428108744,0.2800000000000001
26411,NO_REPLENISH,85,0.01320608538355305,0.2800000000000001
26411,NO_REPLENISH,86,0.013232352843232584,0.2800000000000001
26411,NO_REPLENISH,87,0.013353427682815638,0.2800000000000001
26411,NO_REPLENISH,88,0.013309428904780268,0.2800000000000001
26411,NO_REPLENISH,89,0.01324428349842923,0.2800000000000001
26411,NO_REPLENISH,90,0.013288067635119633,0.2800000000000001
26411,NO_REPLENISH,91,0.01321676551443316,0.2800000000000001
26411,NO_REPLENISH,92,0.013280932033828735,0.2800000000000001
26411,NO_REPLENISH,93,0.013161161647923393,0.2800000000000001
26411,NO_REPLENISH,94,0.013256377037223722,0.2800000000000001
26411,NO_REPLENISH,95,0.013261221081444194,0.2800000000000001
26411,NO_REPLENISH,96,0.013258226726530984,0.2800000000000001
26411,NO_REPLENISH,97,0.013256097830142406,0.2800000000000001
26411,NO_REPLENISH,98,0.013236868563655413,0.2800000000000001
26411,NO_REPLENISH,99,0.013187465006293466,0.2800000000000001
26411,NO_REPLENISH,100,0.0133087633897499,0.2800000000000001
26411,SMOOTH_TIME,1,0.016471614078700767,0.3485170590141093
26411,SMOOTH_TIME,2,0.019497569403658786,0.410513857783853
26411,SMOOTH_TIME,3,0.022152405124886237,0.4666108811091633
26411,SMOOTH_TIME,4,0.024531548588629576,0.5173695668543398
26411,SMOOTH_TIME,5,0.02645801946728914,0.5632979250069038
26411,SMOOTH_TIME,6,0.02851912947468349,0.604855622012301
26411,SMOOTH_TIME,7,0.030189442656646664,0.6424585812701852
26411,SMOOTH_TIME,8,0.03197167129514233,0.6764831458356005
26411,SMOOTH_TIME,9,0.03328522407283885,0.7072698449867687
26411,SMOOTH_TIME,10,0.03469840594636291,0.7351268023565617
26411,SMOOTH_TIME,11,0.0358363433007465,0.7603328197373828
26411,SMOOTH_TIME,12,0.03671268501021368,0.7831401674232145
26411,SMOOTH_TIME,13,0.03793869483095277,0.8037771090155114
26411,SMOOTH_TIME,14,0.03881927424995043,0.8224501859620433
26411,SMOOTH_TIME,15,0.040017254639780814,0.8393462846931304
26411,SMOOTH_TIME,16,0.040372049702988994,0.8546345070438478
26411,SMOOTH_TIME,17,0.04108552023903547,0.8684678626820314
26411,SMOOTH_TIME,18,0.041302243080834605,0.8809848004804577
26411,SMOOTH_TIME,19,0.042009503956655724,0.8923105941597028
26411,SMOOTH_TIME,20,0.0424323995244,0.9025585960696388
26411,SMOOTH_TIME,21,0.04324306493187085,0.9118313716578529
26411,SMOOTH_TIME,22,0.04319886861283954,0.9202217259791197
26411,SMOOTH_TIME,23,0.04373695068627717,0.9278136325195815
26411,SMOOTH_TIME,24,0.043774070760204044,0.9346830736316231
26411,SMOOTH_TIME,25,0.04460725384774386,0.9408988009907927
26411,SMOOTH_TIME,26,0.04427138658504082,0.94652302368568
26411,SMOOTH_TIME,27,0.044953377623216995,0.9516120308273804
26411,SMOOTH_TIME,28,0.044669950428242185,0.9562167549098427
26411,SMOOTH_TIME,29,0.045427442582541146,0.960383281559387
26411,SMOOTH_TIME,30,0.045236932780671646,0.9641533107751381
26411,SMOOTH_TIME,31,0.045516209782597315,0.9675645742766382
26411,SMOOTH_TIME,32,0.04539595290391955,0.9706512131355765
26411,SMOOTH_TIME,33,0.04574431282710878,0.9734441194711073
26411,SMOOTH_TIME,34,0.04584305975394057,0.9759712456285653
26411,SMOOTH_TIME,35,0.04584800224739555,0.9782578839359305
26411,SMOOTH_TIME,36,0.04616064975625977,0.9803269198379495
26411,SMOOTH_TIME,37,0.045738440292536785,0.9821990609413559
26411,SMOOTH_TIME,38,0.04615835419217509,0.9838930442635606
26411,SMOOTH_TIME,39,0.04615472941725406,0.9854258237590211
26411,SMOOTH_TIME,40,0.04650305318893539,0.9868127400001113
26411,SMOOTH_TIME,41,0.04660254341810008,0.988067673710732
26411,SMOOTH_TIME,42,0.04641974846607851,0.9892031846892558
26411,SMOOTH_TIME,43,0.04642129097997652,0.9902306375112157
26411,SMOOTH_TIME,44,0.04627549849270035,0.9911603152697909
26411,SMOOTH_TIME,45,0.046640151434602393,0.9920015224924655
26411,SMOOTH_TIME,46,0.04676848237567934,0.9927626782638638
26411,SMOOTH_TIME,47,0.04676715209468615,0.9934514004867788
26411,SMOOTH_TIME,48,0.046605227566029285,0.9940745821247053
26411,SMOOTH_TIME,49,0.04656958824111218,0.9946384601889343
26411,SMOOTH_TIME,50,0.04696008750072254,0.9951486781606586
26411,SMOOTH_TIME,51,0.046861574240318636,0.9956103424728285
26411,SMOOTH_TIME,52,0.046571934581143726,0.9960280736170524
26411,SMOOTH_TIME,53,0.04676154547935684,0.9964060523870247
26411,SMOOTH_TIME,54,0.04672758118695014,0.9967480617213192
26411,SMOOTH_TIME,55,0.04686326463160583,0.997057524564306
26411,SMOOTH_TIME,56,0.046684733678121225,0.997337538124132
26411,SMOOTH_TIME,57,0.04687886475536046,0.9975909048706205
26411,SMOOTH_TIME,58,0.046566732978351365,0.9978201605833292
26411,SMOOTH_TIME,59,0.047000148198021195,0.9980275997304866
26411,SMOOTH_TIME,60,0.04703542958098154,0.9982152984328002
26411,SMOOTH_TIME,61,0.04717939430331914,0.99838513524197
26411,SMOOTH_TIME,62,0.04671184613401765,0.998538809941867
26411,SMOOTH_TIME,63,0.04703315957425421,0.9986778605605392
26411,SMOOTH_TIME,64,0.04698057438262663,0.9988036787633147
26411,SMOOTH_TIME,65,0.04662126138494296,0.9989175237810562
26411,SMOOTH_TIME,66,0.046710871486272405,0.9990205350129654
26411,SMOOTH_TIME,67,0.04680690366121174,0.9991137434300749
26411,SMOOTH_TIME,68,0.04705826484135973,0.9991980818935514
26411,SMOOTH_TIME,69,0.046831070283606925,0.999274394491085
26411,SMOOTH_TIME,70,0.04672380029168308,0.9993434449848008
26411,SMOOTH_TIME,71,0.047135190466998246,0.9994059244552483
26411,SMOOTH_TIME,72,0.04693516295125341,0.9994624582179691
26411,SMOOTH_TIME,73,0.046941225543661924,0.9995136120818605
26411,SMOOTH_TIME,74,0.04705263778363041,0.9995598980119863
26411,SMOOTH_TIME,75,0.04710348586272766,0.9996017792534938
26411,SMOOTH_TIME,76,0.04723292582116612,0.9996396749679229
26411,SMOOTH_TIME,77,0.047079114867572956,0.9996739644283216
26411,SMOOTH_TIME,78,0.04688641032378882,0.9997049908151344
26411,SMOOTH_TIME,79,0.04721838760558705,0.9997330646508692
26411,SMOOTH_TIME,80,0.04720764643112634,0.99975846690791
26411,SMOOTH_TIME,81,0.04695583786575506,0.9997814518205832
26411,SMOOTH_TIME,82,0.04693862084720363,0.9998022494296203
26411,SMOOTH_TIME,83,0.04726032449279157,0.9998210678844827
26411,SMOOTH_TIME,84,0.04713978749564033,0.9998380955265914
26411,SMOOTH_TIME,85,0.04680950160868125,0.9998535027743126
26411,SMOOTH_TIME,86,0.046900805818019566,0.9998674438285596
26411,SMOOTH_TIME,87,0.047322563553831444,0.9998800582160889
26411,SMOOTH_TIME,88,0.04716901757563766,0.9998914721859312
26411,SMOOTH_TIME,89,0.04694174910128124,0.999901799972933
26411,SMOOTH_TIME,90,0.04709610371272447,0.9999111449410575
26411,SMOOTH_TIME,91,0.04684912117583092,0.9999196006178869
26411,SMOOTH_TIME,92,0.04707309430761732,0.9999272516306772
26411,SMOOTH_TIME,93,0.04665600583062191,0.9999341745533356
26411,SMOOTH_TIME,94,0.046987637083999965,0.9999404386727994
26411,SMOOTH_TIME,95,0.04700494512936737,0.999946106682481
26411,SMOOTH_TIME,96,0.04699424446715208,0.9999512353097266
26411,SMOOTH_TIME,97,0.04698802592453094,0.9999558758835616
26411,SMOOTH_TIME,98,0.04692035437372977,0.9999600748484087
26411,SMOOTH_TIME,99,0.04674773592628293,0.9999638742289195
26411,SMOOTH_TIME,100,0.047171631712296457,0.9999673120505713
26411,HARD_STEP,1,0.013214386635676596,0.2800000000000001
26411,HARD_STEP,2,0.013283193997994006,0.2800000000000001
26411,HARD_STEP,3,0.013282507587286788,0.2800000000000001
26411,HARD_STEP,4,0.013271511241411451,0.2800000000000001
26411,HARD_STEP,5,0.013151737731936182,0.2800000000000001
26411,HARD_STEP,6,0.013208400138961495,0.2800000000000001
26411,HARD_STEP,7,0.013168992064506627,0.2800000000000001
26411,HARD_STEP,8,0.013251980343662713,0.2800000000000001
26411,HARD_STEP,9,0.013200508158381322,0.2800000000000001
26411,HARD_STEP,10,0.013244889831420553,0.2800000000000001
26411,HARD_STEP,11,0.013230324469562732,0.2800000000000001
26411,HARD_STEP,12,0.013162980042758501,0.2800000000000001
26411,HARD_STEP,13,0.04696662310088573,1.0
26411,HARD_STEP,14,0.04697935393744567,1.0
26411,HARD_STEP,15,0.04746493258591325,1.0
26411,HARD_STEP,16,0.04704260399770088,1.0
26411,HARD_STEP,17,0.04712216366743192,1.0
26411,HARD_STEP,18,0.046712376314228844,1.0
26411,HARD_STEP,19,0.04691445008706569,1.0
26411,HARD_STEP,20,0.04685690055625261,1.0
26411,HARD_STEP,21,0.04727345959960988,1.0
26411,HARD_STEP,22,0.04680327802297888,1.0
26411,HARD_STEP,23,0.04700416207969313,1.0
26411,HARD_STEP,24,0.04670624457616837,1.0
26411,HARD_STEP,25,0.0472825878024092,1.0
26411,HARD_STEP,26,0.04665445373815117,1.0
26411,HARD_STEP,27,0.047123234706197115,1.0
26411,HARD_STEP,28,0.046605994873192114,1.0
26411,HARD_STEP,29,0.04719409253901787,1.0
26411,HARD_STEP,30,0.046815605853977156,1.0
26411,HARD_STEP,31,0.0469414548908872,1.0
26411,HARD_STEP,32,0.04667145785852836,1.0
26411,HARD_STEP,33,0.04689736398031492,1.0
26411,HARD_STEP,34,0.046875854377769505,1.0
26411,HARD_STEP,35,0.04677481241473155,1.0
26411,HARD_STEP,36,0.046997041626754534,1.0
26411,HARD_STEP,37,0.046481789088036025,1.0
26411,HARD_STEP,38,0.046827464688615685,1.0
26411,HARD_STEP,39,0.04675429886528859,1.0
26411,HARD_STEP,40,0.04703927952005974,1.0
26411,HARD_STEP,41,0.047081589222327636,1.0
26411,HARD_STEP,42,0.046844854672358355,1.0
26411,HARD_STEP,43,0.04679826445971527,1.0
26411,HARD_STEP,44,0.0466086686733627,1.0
26411,HARD_STEP,45,0.046936234122967525,1.0
26411,HARD_STEP,46,0.047032056703455664,1.0
26411,HARD_STEP,47,0.04699773124756471,1.0
26411,HARD_STEP,48,0.04680643180459842,1.0
26411,HARD_STEP,49,0.046744069923790814,1.0
26411,HARD_STEP,50,0.047111551635193004,1.0
26411,HARD_STEP,51,0.046991239736053604,1.0
26411,HARD_STEP,52,0.046684768868937,1.0
26411,HARD_STEP,53,0.046855051806386834,1.0
26411,HARD_STEP,54,0.046804412636978564,1.0
26411,HARD_STEP,55,0.046927717143902335,1.0
26411,HARD_STEP,56,0.046734061639520465,1.0
26411,HARD_STEP,57,0.04691709560393185,1.0
26411,HARD_STEP,58,0.04659459414507435,1.0
26411,HARD_STEP,59,0.04701856256575182,1.0
26411,HARD_STEP,60,0.047045711824064536,1.0
26411,HARD_STEP,61,0.04718236577417171,1.0
26411,HARD_STEP,62,0.04670906381961909,1.0
26411,HARD_STEP,63,0.04702277396165791,1.0
26411,HARD_STEP,64,0.04696291813842605,1.0
26411,HARD_STEP,65,0.046598431327849736,1.0
26411,HARD_STEP,66,0.04668490398675387,1.0
26411,HARD_STEP,67,0.046775970521077674,1.0
26411,HARD_STEP,68,0.04702241313203425,1.0
26411,HARD_STEP,69,0.0467938126011895,1.0
26411,HARD_STEP,70,0.04668147785046892,1.0
26411,HARD_STEP,71,0.047089414197082104,1.0
26411,HARD_STEP,72,0.04688649418514702,1.0
26411,HARD_STEP,73,0.046891947612161644,1.0
26411,HARD_STEP,74,0.04700087143896944,1.0
26411,HARD_STEP,75,0.04705006760839427,1.0
26411,HARD_STEP,76,0.04717812135906239,1.0
26411,HARD_STEP,77,0.04702299585327493,1.0
26411,HARD_STEP,78,0.0468280484173017,1.0
26411,HARD_STEP,79,0.04715715566651054,1.0
26411,HARD_STEP,80,0.04714721546468753,1.0
26411,HARD_STEP,81,0.046892131490843314,1.0
26411,HARD_STEP,82,0.046875893479000785,1.0
26411,HARD_STEP,83,0.04719683988991157,1.0
26411,HARD_STEP,84,0.047075438785003566,1.0
26411,HARD_STEP,85,0.04674377906778391,1.0
26411,HARD_STEP,86,0.04683489396230523,1.0
26411,HARD_STEP,87,0.04725585675305227,1.0
26411,HARD_STEP,88,0.04710202463117439,1.0
26411,HARD_STEP,89,0.04687652489616793,1.0
26411,HARD_STEP,90,0.04702821100421897,1.0
26411,HARD_STEP,91,0.04678172419841267,1.0
26411,HARD_STEP,92,0.04700381358257733,1.0
26411,HARD_STEP,93,0.04658846566363159,1.0
26411,HARD_STEP,94,0.04691776287007673,1.0
26411,HARD_STEP,95,0.04693622656702375,1.0
26411,HARD_STEP,96,0.04692434502812146,1.0
26411,HARD_STEP,97,0.046918563940045954,1.0
26411,HARD_STEP,98,0.046849643131588604,1.0
26411,HARD_STEP,99,0.046679687468270385,1.0
26411,HARD_STEP,100,0.04709911605885808,1.0
26411,REFRACTORY_TIME,1,0.013215994617862844,0.2800000000000001
26411,REFRACTORY_TIME,2,0.013284730250123514,0.2800000000000001
26411,REFRACTORY_TIME,3,0.013284053904986722,0.2800000000000001
26411,REFRACTORY_TIME,4,0.01327300397128565,0.2800000000000001
26411,REFRACTORY_TIME,5,0.013153205479617147,0.2800000000000001
26411,REFRACTORY_TIME,6,0.013209953523854357,0.2800000000000001
26411,REFRACTORY_TIME,7,0.013170527007735711,0.2800000000000001
26411,REFRACTORY_TIME,8,0.013253369565511859,0.2800000000000001
26411,REFRACTORY_TIME,9,0.013202034475160565,0.2800000000000001
26411,REFRACTORY_TIME,10,0.013246489432246286,0.2800000000000001
26411,REFRACTORY_TIME,11,0.013231863632322038,0.2800000000000001
26411,REFRACTORY_TIME,12,0.013164572348126685,0.2800000000000001
26411,REFRACTORY_TIME,13,0.01650615771874622,0.3485170590141093
26411,REFRACTORY_TIME,14,0.019443500935008115,0.410513857783853
26411,REFRACTORY_TIME,15,0.02232484870940753,0.4666108811091633
26411,REFRACTORY_TIME,16,0.024519786811415516,0.5173695668543398
26411,REFRACTORY_TIME,17,0.02672979832177247,0.5632979250069038
26411,REFRACTORY_TIME,18,0.028434449990015247,0.604855622012301
26411,REFRACTORY_TIME,19,0.030321624251516566,0.6424585812701852
26411,REFRACTORY_TIME,20,0.03187375770119759,0.6764831458356005
26411,REFRACTORY_TIME,21,0.03360930642826856,0.7072698449867687
26411,REFRACTORY_TIME,22,0.03456767939834236,0.7351268023565617
26411,REFRACTORY_TIME,23,0.03589526273287092,0.7603328197373828
26411,REFRACTORY_TIME,24,0.03672230421145612,0.7831401674232145
26411,REFRACTORY_TIME,25,0.038146643323014685,0.8037771090155114
26411,REFRACTORY_TIME,26,0.03849852614156757,0.8224501859620433
26411,REFRACTORY_TIME,27,0.03967634913457272,0.8393462846931304
26411,REFRACTORY_TIME,28,0.03994266591998905,0.8546345070438478
26411,REFRACTORY_TIME,29,0.0410925977766521,0.8684678626820314
26411,REFRACTORY_TIME,30,0.0413411287496262,0.8809848004804577
26411,REFRACTORY_TIME,31,0.04197753108650735,0.8923105941597028
26411,REFRACTORY_TIME,32,0.04220558124128426,0.9025585960696388
26411,REFRACTORY_TIME,33,0.04283965547407829,0.9118313716578529
26411,REFRACTORY_TIME,34,0.04320797478715708,0.9202217259791197
26411,REFRACTORY_TIME,35,0.04346426740207632,0.9278136325195815
26411,REFRACTORY_TIME,36,0.04398815710442452,0.9346830736316231
26411,REFRACTORY_TIME,37,0.04378901295930097,0.9408988009907927
26411,REFRACTORY_TIME,38,0.04437433770045405,0.94652302368568
26411,REFRACTORY_TIME,39,0.04453807470988257,0.9516120308273804
26411,REFRACTORY_TIME,40,0.04502518169337245,0.9562167549098427
26411,REFRACTORY_TIME,41,0.04525633301127132,0.960383281559387
26411,REFRACTORY_TIME,42,0.045202253724538476,0.9641533107751381
26411,REFRACTORY_TIME,43,0.045314205804266615,0.9675645742766382
26411,REFRACTORY_TIME,44,0.04527208316870123,0.9706512131355765
26411,REFRACTORY_TIME,45,0.04572012331359756,0.9734441194711073
26411,REFRACTORY_TIME,46,0.04592864293157298,0.9759712456285653
26411,REFRACTORY_TIME,47,0.04600140147682239,0.9782578839359305
26411,REFRACTORY_TIME,48,0.0459090731548483,0.9803269198379495
26411,REFRACTORY_TIME,49,0.04593389709413626,0.9821990609413559
26411,REFRACTORY_TIME,50,0.046373927619348,0.9838930442635606
26411,REFRACTORY_TIME,51,0.04632596489111607,0.9854258237590211
26411,REFRACTORY_TIME,52,0.04608561561100144,0.9868127400001113
26411,REFRACTORY_TIME,53,0.046313092534346935,0.988067673710732
26411,REFRACTORY_TIME,54,0.046315747820936316,0.9892031846892558
26411,REFRACTORY_TIME,55,0.04648321352095356,0.9902306375112157
26411,REFRACTORY_TIME,56,0.04633526562080515,0.9911603152697909
26411,REFRACTORY_TIME,57,0.04655516300687704,0.9920015224924655
26411,REFRACTORY_TIME,58,0.0462685102293243,0.9927626782638638
26411,REFRACTORY_TIME,59,0.04672290526661229,0.9934514004867788
26411,REFRACTORY_TIME,60,0.046778238420398945,0.9940745821247053
26411,REFRACTORY_TIME,61,0.04693920425822697,0.9946384601889343
26411,REFRACTORY_TIME,62,0.046491725500172144,0.9951486781606586
26411,REFRACTORY_TIME,63,0.04682577153887748,0.9956103424728285
26411,REFRACTORY_TIME,64,0.04678713052704351,0.9960280736170524
26411,REFRACTORY_TIME,65,0.04644047243808863,0.9964060523870247
26411,REFRACTORY_TIME,66,0.0465419614454159,0.9967480617213192
26411,REFRACTORY_TIME,67,0.04664607461325911,0.997057524564306
26411,REFRACTORY_TIME,68,0.046906452446150416,0.997337538124132
26411,REFRACTORY_TIME,69,0.04668883384730971,0.9975909048706205
26411,REFRACTORY_TIME,70,0.046587133863418013,0.9978201605833292
26411,REFRACTORY_TIME,71,0.047004889699271725,0.9980275997304866
26411,REFRACTORY_TIME,72,0.0468119264276114,0.9982152984328002
26411,REFRACTORY_TIME,73,0.046823632167164723,0.99838513524197
26411,REFRACTORY_TIME,74,0.046939543750322756,0.998538809941867
26411,REFRACTORY_TIME,75,0.04699346461305768,0.9986778605605392
26411,REFRACTORY_TIME,76,0.04712851421855557,0.9988036787633147
26411,REFRACTORY_TIME,77,0.046977541819806574,0.9989175237810562
26411,REFRACTORY_TIME,78,0.04678969148891266,0.9990205350129654
26411,REFRACTORY_TIME,79,0.047123209848815684,0.9991137434300749
26411,REFRACTORY_TIME,80,0.04711572578978548,0.9991980818935514
26411,REFRACTORY_TIME,81,0.04686490790890977,0.999274394491085
26411,REFRACTORY_TIME,82,0.046851372755018265,0.9993434449848008
26411,REFRACTORY_TIME,83,0.04717500315574214,0.9994059244552483
26411,REFRACTORY_TIME,84,0.047056802268553716,0.9994624582179691
26411,REFRACTORY_TIME,85,0.04672763536904941,0.9995136120818605
26411,REFRACTORY_TIME,86,0.04682073867327475,0.9995598980119863
26411,REFRACTORY_TIME,87,0.04724265731077035,0.9996017792534938
26411,REFRACTORY_TIME,88,0.04709080780371224,0.9996396749679229
26411,REFRACTORY_TIME,89,0.04686720424131988,0.9996739644283216
26411,REFRACTORY_TIME,90,0.04702038258480146,0.9997049908151344
26411,REFRACTORY_TIME,91,0.04677533776743711,0.9997330646508692
26411,REFRACTORY_TIME,92,0.0469979712578904,0.99975846690791
26411,REFRACTORY_TIME,93,0.04658362926633639,0.9997814518205832
26411,REFRACTORY_TIME,94,0.04691439888922805,0.9998022494296203
26411,REFRACTORY_TIME,95,0.046932979116916594,0.9998210678844827
26411,REFRACTORY_TIME,96,0.04692309763399231,0.9998380955265914
26411,REFRACTORY_TIME,97,0.04691706766555775,0.9998535027743126
26411,REFRACTORY_TIME,98,0.04685042348400737,0.9998674438285596
26411,REFRACTORY_TIME,99,0.046679452133149744,0.9998800582160889
26411,REFRACTORY_TIME,100,0.047099770772473966,0.9998914721859312
26412,NO_REPLENISH,1,0.013346253828146576,0.2800000000000001
26412,NO_REPLENISH,2,0.013144949632105898,0.2800000000000001
26412,NO_REPLENISH,3,0.013224617291486433,0.2800000000000001
26412,NO_REPLENISH,4,0.013320155722348096,0.2800000000000001
26412,NO_REPLENISH,5,0.013235248719417725,0.2800000000000001
26412,NO_REPLENISH,6,0.013256010638165611,0.2800000000000001
26412,NO_REPLENISH,7,0.013294811670326553,0.2800000000000001
26412,NO_REPLENISH,8,0.013307028815616878,0.2800000000000001
26412,NO_REPLENISH,9,0.013211097374848192,0.2800000000000001
26412,NO_REPLENISH,10,0.013340904115701142,0.2800000000000001
26412,NO_REPLENISH,11,0.013287973684788226,0.2800000000000001
26412,NO_REPLENISH,12,0.013250428037113312,0.2800000000000001
26412,NO_REPLENISH,13,0.013186521580146951,0.2800000000000001
26412,NO_REPLENISH,14,0.01329644299937198,0.2800000000000001
26412,NO_REPLENISH,15,0.013250854813318272,0.2800000000000001
26412,NO_REPLENISH,16,0.013264150334307834,0.2800000000000001
26412,NO_REPLENISH,17,0.01325911119561842,0.2800000000000001
26412,NO_REPLENISH,18,0.01325333756505298,0.2800000000000001
26412,NO_REPLENISH,19,0.013322671167710349,0.2800000000000001
26412,NO_REPLENISH,20,0.013373631162453973,0.2800000000000001
26412,NO_REPLENISH,21,0.013292314039151341,0.2800000000000001
26412,NO_REPLENISH,22,0.013158516256535724,0.2800000000000001
26412,NO_REPLENISH,23,0.013240747661688002,0.2800000000000001
26412,NO_REPLENISH,24,0.013208547890043143,0.2800000000000001
26412,NO_REPLENISH,25,0.013241012413716252,0.2800000000000001
26412,NO_REPLENISH,26,0.013240570576583654,0.2800000000000001
26412,NO_REPLENISH,27,0.013229209121845944,0.2800000000000001
26412,NO_REPLENISH,28,0.013275851776737535,0.2800000000000001
26412,NO_REPLENISH,29,0.013213893897884669,0.2800000000000001
26412,NO_REPLENISH,30,0.01346416557425418,0.2800000000000001
26412,NO_REPLENISH,31,0.013279842566818594,0.2800000000000001
26412,NO_REPLENISH,32,0.013141956023895812,0.2800000000000001
26412,NO_REPLENISH,33,0.013279506957597725,0.2800000000000001
26412,NO_REPLENISH,34,0.0133542958295364,0.2800000000000001
26412,NO_REPLENISH,35,0.01330423790386725,0.2800000000000001
26412,NO_REPLENISH,36,0.01337918448822431,0.2800000000000001
26412,NO_REPLENISH,37,0.013248661530017495,0.2800000000000001
26412,NO_REPLENISH,38,0.013249188452384176,0.2800000000000001
26412,NO_REPLENISH,39,0.013348513008064325,0.2800000000000001
26412,NO_REPLENISH,40,0.013304780273997285,0.2800000000000001
26412,NO_REPLENISH,41,0.013261103813178457,0.2800000000000001
26412,NO_REPLENISH,42,0.013210136722310589,0.2800000000000001
26412,NO_REPLENISH,43,0.013324753019071505,0.2800000000000001
26412,NO_REPLENISH,44,0.013302560251471104,0.2800000000000001
26412,NO_REPLENISH,45,0.013363371099404747,0.2800000000000001
26412,NO_REPLENISH,46,0.013374140664748027,0.2800000000000001
26412,NO_REPLENISH,47,0.013235607514536231,0.2800000000000001
26412,NO_REPLENISH,48,0.013224523794370243,0.2800000000000001
26412,NO_REPLENISH,49,0.013338847563502768,0.2800000000000001
26412,NO_REPLENISH,50,0.01327129274035222,0.2800000000000001
26412,NO_REPLENISH,51,0.013346549747512084,0.2800000000000001
26412,NO_REPLENISH,52,0.013221000023219942,0.2800000000000001
26412,NO_REPLENISH,53,0.01333038546171203,0.2800000000000001
26412,NO_REPLENISH,54,0.013279510514166116,0.2800000000000001
26412,NO_REPLENISH,55,0.013430105240095276,0.2800000000000001
26412,NO_REPLENISH,56,0.01328241633012367,0.2800000000000001
26412,NO_REPLENISH,57,0.013222774870813204,0.2800000000000001
26412,NO_REPLENISH,58,0.013330239637035937,0.2800000000000001
26412,NO_REPLENISH,59,0.013167316944792654,0.2800000000000001
26412,NO_REPLENISH,60,0.013258751466464103,0.2800000000000001
26412,NO_REPLENISH,61,0.01325520306828911,0.2800000000000001
26412,NO_REPLENISH,62,0.0132559446350088,0.2800000000000001
26412,NO_REPLENISH,63,0.013200627065797062,0.2800000000000001
26412,NO_REPLENISH,64,0.01321142479750608,0.2800000000000001
26412,NO_REPLENISH,65,0.013238070782897121,0.2800000000000001
26412,NO_REPLENISH,66,0.013314194941369309,0.2800000000000001
26412,NO_REPLENISH,67,0.013291089317679501,0.2800000000000001
26412,NO_REPLENISH,68,0.013296425475730908,0.2800000000000001
26412,NO_REPLENISH,69,0.013235535184230568,0.2800000000000001
26412,NO_REPLENISH,70,0.013257685210800224,0.2800000000000001
26412,NO_REPLENISH,71,0.013228048559349873,0.2800000000000001
26412,NO_REPLENISH,72,0.01331974532326005,0.2800000000000001
26412,NO_REPLENISH,73,0.01313086908390317,0.2800000000000001
26412,NO_REPLENISH,74,0.013339954752718099,0.2800000000000001
26412,NO_REPLENISH,75,0.01316608657326804,0.2800000000000001
26412,NO_REPLENISH,76,0.013188784203386745,0.2800000000000001
26412,NO_REPLENISH,77,0.013329605313923326,0.2800000000000001
26412,NO_REPLENISH,78,0.013230286979721334,0.2800000000000001
26412,NO_REPLENISH,79,0.01324194965457183,0.2800000000000001
26412,NO_REPLENISH,80,0.013206870687664083,0.2800000000000001
26412,NO_REPLENISH,81,0.013275794727376606,0.2800000000000001
26412,NO_REPLENISH,82,0.013212472833563818,0.2800000000000001
26412,NO_REPLENISH,83,0.01328736158285059,0.2800000000000001
26412,NO_REPLENISH,84,0.013181598298573518,0.2800000000000001
26412,NO_REPLENISH,85,0.013235822603777375,0.2800000000000001
26412,NO_REPLENISH,86,0.013373410184940307,0.2800000000000001
26412,NO_REPLENISH,87,0.013270956791973175,0.2800000000000001
26412,NO_REPLENISH,88,0.013154098284118931,0.2800000000000001
26412,NO_REPLENISH,89,0.01327399752568286,0.2800000000000001
26412,NO_REPLENISH,90,0.01328892838132574,0.2800000000000001
26412,NO_REPLENISH,91,0.013307758608532337,0.2800000000000001
26412,NO_REPLENISH,92,0.013168558735274649,0.2800000000000001
26412,NO_REPLENISH,93,0.01317438548669569,0.2800000000000001
26412,NO_REPLENISH,94,0.013308905100466574,0.2800000000000001
26412,NO_REPLENISH,95,0.013182868419011529,0.2800000000000001
26412,NO_REPLENISH,96,0.013275059028592212,0.2800000000000001
26412,NO_REPLENISH,97,0.013239924140879393,0.2800000000000001
26412,NO_REPLENISH,98,0.013264971978822012,0.2800000000000001
26412,NO_REPLENISH,99,0.01322085806459236,0.2800000000000001
26412,NO_REPLENISH,100,0.013253997247181848,0.2800000000000001
26412,SMOOTH_TIME,1,0.01659654705049616,0.3485170590141093
26412,SMOOTH_TIME,2,0.01925060968407949,0.410513857783853
26412,SMOOTH_TIME,3,0.022005691478959283,0.4666108811091633
26412,SMOOTH_TIME,4,0.024564433139237268,0.5173695668543398
26412,SMOOTH_TIME,5,0.02656354214652674,0.5632979250069038
26412,SMOOTH_TIME,6,0.02855489006573973,0.604855622012301
26412,SMOOTH_TIME,7,0.030404374951857358,0.6424585812701852
26412,SMOOTH_TIME,8,0.032028892772936315,0.6764831458356005
26412,SMOOTH_TIME,9,0.03323384472774459,0.7072698449867687
26412,SMOOTH_TIME,10,0.034864392296515646,0.7351268023565617
26412,SMOOTH_TIME,11,0.03590509722608208,0.7603328197373828
26412,SMOOTH_TIME,12,0.03686623166436493,0.7831401674232145
26412,SMOOTH_TIME,13,0.037644904967316976,0.8037771090155114
26412,SMOOTH_TIME,14,0.03882479498445151,0.8224501859620433
26412,SMOOTH_TIME,15,0.039477848726258764,0.8393462846931304
26412,SMOOTH_TIME,16,0.04022532283675894,0.8546345070438478
26412,SMOOTH_TIME,17,0.04085128487376893,0.8684678626820314
26412,SMOOTH_TIME,18,0.0414129741772356,0.8809848004804577
26412,SMOOTH_TIME,19,0.04215309076262739,0.8923105941597028
26412,SMOOTH_TIME,20,0.042788819338181884,0.9025585960696388
26412,SMOOTH_TIME,21,0.04296351736678916,0.9118313716578529
26412,SMOOTH_TIME,22,0.042923297841082404,0.9202217259791197
26412,SMOOTH_TIME,23,0.04353796713996366,0.9278136325195815
26412,SMOOTH_TIME,24,0.04375001511515899,0.9346830736316231
26412,SMOOTH_TIME,25,0.04414294846685124,0.9408988009907927
26412,SMOOTH_TIME,26,0.04439838020696016,0.94652302368568
26412,SMOOTH_TIME,27,0.044596540320546996,0.9516120308273804
26412,SMOOTH_TIME,28,0.044962509542789623,0.9562167549098427
26412,SMOOTH_TIME,29,0.044947815873346626,0.960383281559387
26412,SMOOTH_TIME,30,0.045960349806257295,0.9641533107751381
26412,SMOOTH_TIME,31,0.04550023365291874,0.9675645742766382
26412,SMOOTH_TIME,32,0.04517806766029475,0.9706512131355765
26412,SMOOTH_TIME,33,0.045769636544017576,0.9734441194711073
26412,SMOOTH_TIME,34,0.04613920298659482,0.9759712456285653
26412,SMOOTH_TIME,35,0.04607762400149277,0.9782578839359305
26412,SMOOTH_TIME,36,0.046427274366467035,0.9803269198379495
26412,SMOOTH_TIME,37,0.04606944974672907,0.9821990609413559
26412,SMOOTH_TIME,38,0.046148541276071396,0.9838930442635606
26412,SMOOTH_TIME,39,0.04656013381623538,0.9854258237590211
26412,SMOOTH_TIME,40,0.04647430143440908,0.9868127400001113
26412,SMOOTH_TIME,41,0.04638218547689014,0.988067673710732
26412,SMOOTH_TIME,42,0.04625816597643243,0.9892031846892558
26412,SMOOTH_TIME,43,0.04670080113899172,0.9902306375112157
26412,SMOOTH_TIME,44,0.04666567976349695,0.9911603152697909
26412,SMOOTH_TIME,45,0.04691253970018003,0.9920015224924655
26412,SMOOTH_TIME,46,0.04698766350290579,0.9927626782638638
26412,SMOOTH_TIME,47,0.04654060103112312,0.9934514004867788
26412,SMOOTH_TIME,48,0.046532017667012475,0.9940745821247053
26412,SMOOTH_TIME,49,0.046952202735126576,0.9946384601889343
26412,SMOOTH_TIME,50,0.046743459715340774,0.9951486781606586
26412,SMOOTH_TIME,51,0.04702322288870558,0.9956103424728285
26412,SMOOTH_TIME,52,0.04660940765170837,0.9960280736170524
26412,SMOOTH_TIME,53,0.04700567073679218,0.9964060523870247
26412,SMOOTH_TIME,54,0.046844663098928464,0.9967480617213192
26412,SMOOTH_TIME,55,0.04737979457737753,0.997057524564306
26412,SMOOTH_TIME,56,0.046882258096477496,0.997337538124132
26412,SMOOTH_TIME,57,0.046687277296834785,0.9975909048706205
26412,SMOOTH_TIME,58,0.04707130099084935,0.9978201605833292
26412,SMOOTH_TIME,59,0.04651618411148888,0.9980275997304866
26412,SMOOTH_TIME,60,0.04683995084916478,0.9982152984328002
26412,SMOOTH_TIME,61,0.04683653632243299,0.99838513524197
26412,SMOOTH_TIME,62,0.046845890153622366,0.998538809941867
26412,SMOOTH_TIME,63,0.046660229772881236,0.9986778605605392
26412,SMOOTH_TIME,64,0.04670373517675536,0.9988036787633147
26412,SMOOTH_TIME,65,0.04680201989923776,0.9989175237810562
26412,SMOOTH_TIME,66,0.04706983848941709,0.9990205350129654
26412,SMOOTH_TIME,67,0.0469934454654069,0.9991137434300749
26412,SMOOTH_TIME,68,0.04701583988111851,0.9991980818935514
26412,SMOOTH_TIME,69,0.046809232828694036,0.999274394491085
26412,SMOOTH_TIME,70,0.0468884664120199,0.9993434449848008
26412,SMOOTH_TIME,71,0.046789582165741424,0.9994059244552483
26412,SMOOTH_TIME,72,0.04710854281812862,0.9994624582179691
26412,SMOOTH_TIME,73,0.04645785456671819,0.9995136120818605
26412,SMOOTH_TIME,74,0.047183978206731925,0.9995598980119863
26412,SMOOTH_TIME,75,0.0465830379451524,0.9996017792534938
26412,SMOOTH_TIME,76,0.04666418538287387,0.9996396749679229
26412,SMOOTH_TIME,77,0.047153866062411544,0.9996739644283216
26412,SMOOTH_TIME,78,0.046808699919006436,0.9997049908151344
26412,SMOOTH_TIME,79,0.04685141325004227,0.9997330646508692
26412,SMOOTH_TIME,80,0.04673167117844001,0.99975846690791
26412,SMOOTH_TIME,81,0.04697132541925588,0.9997814518205832
26412,SMOOTH_TIME,82,0.046753738727591754,0.9998022494296203
26412,SMOOTH_TIME,83,0.04701461965936545,0.9998210678844827
26412,SMOOTH_TIME,84,0.046646627099773484,0.9998380955265914
26412,SMOOTH_TIME,85,0.04683485140280652,0.9998535027743126
26412,SMOOTH_TIME,86,0.04731290579355726,0.9998674438285596
26412,SMOOTH_TIME,87,0.046960218285304584,0.9998800582160889
26412,SMOOTH_TIME,88,0.04655532876384836,0.9998914721859312
26412,SMOOTH_TIME,89,0.04697139748220758,0.999901799972933
26412,SMOOTH_TIME,90,0.04702407611871734,0.9999111449410575
26412,SMOOTH_TIME,91,0.04708950046394933,0.9999196006178869
26412,SMOOTH_TIME,92,0.04660667655217285,0.9999272516306772
26412,SMOOTH_TIME,93,0.04662592204254468,0.9999341745533356
26412,SMOOTH_TIME,94,0.04709364887350109,0.9999404386727994
26412,SMOOTH_TIME,95,0.046657347663368036,0.999946106682481
26412,SMOOTH_TIME,96,0.046977624578610495,0.9999512353097266
26412,SMOOTH_TIME,97,0.04685279429325562,0.9999558758835616
26412,SMOOTH_TIME,98,0.046942404550131635,0.9999600748484087
26412,SMOOTH_TIME,99,0.04678926416919842,0.9999638742289195
26412,SMOOTH_TIME,100,0.04690441922382829,0.9999673120505713
26412,HARD_STEP,1,0.013341790697060549,0.2800000000000001
26412,HARD_STEP,2,0.013140540877913715,0.2800000000000001
26412,HARD_STEP,3,0.013220115636930629,0.2800000000000001
26412,HARD_STEP,4,0.013315674741570402,0.2800000000000001
26412,HARD_STEP,5,0.013230793924475312,0.2800000000000001
26412,HARD_STEP,6,0.013251590821704656,0.2800000000000001
26412,HARD_STEP,7,0.013290324315740577,0.2800000000000001
26412,HARD_STEP,8,0.013302549224913314,0.2800000000000001
26412,HARD_STEP,9,0.013206628472201736,0.2800000000000001
26412,HARD_STEP,10,0.013336447098171555,0.2800000000000001
26412,HARD_STEP,11,0.013283518567893234,0.2800000000000001
26412,HARD_STEP,12,0.013246008500374907,0.2800000000000001
26412,HARD_STEP,13,0.046704387877942254,1.0
26412,HARD_STEP,14,0.04708571497016908,1.0
26412,HARD_STEP,15,0.046927583731274515,1.0
26412,HARD_STEP,16,0.046973945339302735,1.0
26412,HARD_STEP,17,0.046956191418618544,1.0
26412,HARD_STEP,18,0.04693522778958568,1.0
26412,HARD_STEP,19,0.04717713496483646,1.0
26412,HARD_STEP,20,0.04735390043762,1.0
26412,HARD_STEP,21,0.04707118443556176,1.0
26412,HARD_STEP,22,0.04660772255305521,1.0
26412,HARD_STEP,23,0.04689280352782768,1.0
26412,HARD_STEP,24,0.04678141132113647,1.0
26412,HARD_STEP,25,0.04689385123994583,1.0
26412,HARD_STEP,26,0.04689148666991625,1.0
26412,HARD_STEP,27,0.04685304030524101,1.0
26412,HARD_STEP,28,0.04701504548350161,1.0
26412,HARD_STEP,29,0.046799744348197836,1.0
26412,HARD_STEP,30,0.04766775579260362,1.0
26412,HARD_STEP,31,0.04702910207869759,1.0
26412,HARD_STEP,32,0.046550293609699984,1.0
26412,HARD_STEP,33,0.0470274054792394,1.0
26412,HARD_STEP,34,0.04728607445012644,1.0
26412,HARD_STEP,35,0.04711280721368762,1.0
26412,HARD_STEP,36,0.04737341108530745,1.0
26412,HARD_STEP,37,0.046920018724011116,1.0
26412,HARD_STEP,38,0.046922346573450256,1.0
26412,HARD_STEP,39,0.047267176667498516,1.0
26412,HARD_STEP,40,0.0471155729993191,1.0
26412,HARD_STEP,41,0.046963066165232305,1.0
26412,HARD_STEP,42,0.04678611567413479,1.0
26412,HARD_STEP,43,0.04718404739380901,1.0
26412,HARD_STEP,44,0.04710702638773758,1.0
26412,HARD_STEP,45,0.04731750055761424,1.0
26412,HARD_STEP,46,0.04735516647198548,1.0
26412,HARD_STEP,47,0.04687472210662349,1.0
26412,HARD_STEP,48,0.04683683283776915,1.0
26412,HARD_STEP,49,0.04723270230198439,1.0
26412,HARD_STEP,50,0.04699913557974831,1.0
26412,HARD_STEP,51,0.04725920964770285,1.0
26412,HARD_STEP,52,0.046824187152712464,1.0
26412,HARD_STEP,53,0.047204086917367334,1.0
26412,HARD_STEP,54,0.047027031909418184,1.0
26412,HARD_STEP,55,0.047549555252236954,1.0
26412,HARD_STEP,56,0.04703729379040695,1.0
26412,HARD_STEP,57,0.04683018664569986,1.0
26412,HARD_STEP,58,0.0472035613547648,1.0
26412,HARD_STEP,59,0.04663804854315736,1.0
26412,HARD_STEP,60,0.046955582270983426,1.0
26412,HARD_STEP,61,0.046942804098605,1.0
26412,HARD_STEP,62,0.04694638031148315,1.0
26412,HARD_STEP,63,0.04675326223637031,1.0
26412,HARD_STEP,64,0.046791134954615676,1.0
26412,HARD_STEP,65,0.04688365724917227,1.0
26412,HARD_STEP,66,0.047147642608436936,1.0
26412,HARD_STEP,67,0.04706693034242643,1.0
26412,HARD_STEP,68,0.04708592880115523,1.0
26412,HARD_STEP,69,0.04687418502748337,1.0
26412,HARD_STEP,70,0.0469513690307868,1.0
26412,HARD_STEP,71,0.046848478999609484,1.0
26412,HARD_STEP,72,0.0471664204083509,1.0
26412,HARD_STEP,73,0.046511749838064054,1.0
26412,HARD_STEP,74,0.047236585422174925,1.0
26412,HARD_STEP,75,0.046633285543488424,1.0
26412,HARD_STEP,76,0.04671277346009333,1.0
26412,HARD_STEP,77,0.04720116241653003,1.0
26412,HARD_STEP,78,0.0468564885342728,1.0
26412,HARD_STEP,79,0.046896844271481476,1.0
26412,HARD_STEP,80,0.04677555882587631,1.0
26412,HARD_STEP,81,0.04701499122535128,1.0
26412,HARD_STEP,82,0.046794326817928805,1.0
26412,HARD_STEP,83,0.04705399097102741,1.0
26412,HARD_STEP,84,0.046687507759571166,1.0
26412,HARD_STEP,85,0.046875294705199376,1.0
26412,HARD_STEP,86,0.04735360901740474,1.0
26412,HARD_STEP,87,0.0469978020175523,1.0
26412,HARD_STEP,88,0.046592374330453955,1.0
26412,HARD_STEP,89,0.04700761748493785,1.0
26412,HARD_STEP,90,0.047059466160939666,1.0
26412,HARD_STEP,91,0.04712546757439919,1.0
26412,HARD_STEP,92,0.046641548684429546,1.0
26412,HARD_STEP,93,0.04666202399813386,1.0
26412,HARD_STEP,94,0.04712907421140696,1.0
26412,HARD_STEP,95,0.04669236890772016,1.0
26412,HARD_STEP,96,0.04701153190474722,1.0
26412,HARD_STEP,97,0.04688904648919078,1.0
26412,HARD_STEP,98,0.04697690268610114,1.0
26412,HARD_STEP,99,0.046823317343980576,1.0
26412,HARD_STEP,100,0.04693856350228628,1.0
26412,REFRACTORY_TIME,1,0.013328075749833116,0.2800000000000001
26412,REFRACTORY_TIME,2,0.013126939078216682,0.2800000000000001
26412,REFRACTORY_TIME,3,0.013206560718217164,0.2800000000000001
26412,REFRACTORY_TIME,4,0.013301996937038306,0.2800000000000001
26412,REFRACTORY_TIME,5,0.013217138735562767,0.2800000000000001
26412,REFRACTORY_TIME,6,0.013237886657015863,0.2800000000000001
26412,REFRACTORY_TIME,7,0.013276659504247423,0.2800000000000001
26412,REFRACTORY_TIME,8,0.01328888871814513,0.2800000000000001
26412,REFRACTORY_TIME,9,0.013193030706022018,0.2800000000000001
26412,REFRACTORY_TIME,10,0.013322727619163666,0.2800000000000001
26412,REFRACTORY_TIME,11,0.013269840245624831,0.2800000000000001
26412,REFRACTORY_TIME,12,0.013232331324971097,0.2800000000000001
26412,REFRACTORY_TIME,13,0.016392524329666192,0.3485170590141093
26412,REFRACTORY_TIME,14,0.01946517908816554,0.410513857783853
26412,REFRACTORY_TIME,15,0.022041725240229102,0.4666108811091633
26412,REFRACTORY_TIME,16,0.02445367999115861,0.5173695668543398
26412,REFRACTORY_TIME,17,0.026602423721152863,0.5632979250069038
26412,REFRACTORY_TIME,18,0.028539528399313733,0.604855622012301
26412,REFRACTORY_TIME,19,0.030457119768138637,0.6424585812701852
26412,REFRACTORY_TIME,20,0.03217741252417705,0.6764831458356005
26412,REFRACTORY_TIME,21,0.033424457305970434,0.7072698449867687
26412,REFRACTORY_TIME,22,0.034381392998244595,0.7351268023565617
26412,REFRACTORY_TIME,23,0.035766512790861564,0.7603328197373828
26412,REFRACTORY_TIME,24,0.03673794669991953,0.7831401674232145
26412,REFRACTORY_TIME,25,0.03778478648955113,0.8037771090155114
26412,REFRACTORY_TIME,26,0.03864905638666649,0.8224501859620433
26412,REFRACTORY_TIME,27,0.03939962953231787,0.8393462846931304
26412,REFRACTORY_TIME,28,0.04024594133115649,0.8546345070438478
26412,REFRACTORY_TIME,29,0.040699273193061804,0.8684678626820314
26412,REFRACTORY_TIME,30,0.042045605284209274,0.8809848004804577
26412,REFRACTORY_TIME,31,0.042004958532673047,0.8923105941597028
26412,REFRACTORY_TIME,32,0.0420453065426897,0.9025585960696388
26412,REFRACTORY_TIME,33,0.04290775029984906,0.9118313716578529
26412,REFRACTORY_TIME,34,0.04353448487500381,0.9202217259791197
26412,REFRACTORY_TIME,35,0.043725727072856,0.9278136325195815
26412,REFRACTORY_TIME,36,0.044287226174301864,0.9346830736316231
26412,REFRACTORY_TIME,37,0.04415003680827959,0.9408988009907927
26412,REFRACTORY_TIME,38,0.04441120057486245,0.94652302368568
26412,REFRACTORY_TIME,39,0.04497295205628837,0.9516120308273804
26412,REFRACTORY_TIME,40,0.04504187534902008,0.9562167549098427
26412,REFRACTORY_TIME,41,0.04508819163432021,0.960383281559387
26412,REFRACTORY_TIME,42,0.04509102012382792,0.9641533107751381
26412,REFRACTORY_TIME,43,0.045633450457733794,0.9675645742766382
26412,REFRACTORY_TIME,44,0.04570191301528211,0.9706512131355765
26412,REFRACTORY_TIME,45,0.046035804765391236,0.9734441194711073
26412,REFRACTORY_TIME,46,0.04618906469237383,0.9759712456285653
26412,REFRACTORY_TIME,47,0.045825470760093266,0.9782578839359305
26412,REFRACTORY_TIME,48,0.045883001301204825,0.9803269198379495
26412,REFRACTORY_TIME,49,0.0463573112021583,0.9821990609413559
26412,REFRACTORY_TIME,50,0.046206149821375754,0.9838930442635606
26412,REFRACTORY_TIME,51,0.04653341395959849,0.9854258237590211
26412,REFRACTORY_TIME,52,0.046168456346942964,0.9868127400001113
26412,REFRACTORY_TIME,53,0.04660077123534121,0.988067673710732
26412,REFRACTORY_TIME,54,0.04647884440743583,0.9892031846892558
26412,REFRACTORY_TIME,55,0.04704310212445348,0.9902306375112157
26412,REFRACTORY_TIME,56,0.046579188338735956,0.9911603152697909
26412,REFRACTORY_TIME,57,0.046411955938169235,0.9920015224924655
26412,REFRACTORY_TIME,58,0.04681684945184775,0.9927626782638638
26412,REFRACTORY_TIME,59,0.04628765019895945,0.9934514004867788
26412,REFRACTORY_TIME,60,0.046632831543660304,0.9940745821247053
26412,REFRACTORY_TIME,61,0.046645148153952154,0.9946384601889343
26412,REFRACTORY_TIME,62,0.046671652559357825,0.9951486781606586
26412,REFRACTORY_TIME,63,0.04650097498472892,0.9956103424728285
26412,REFRACTORY_TIME,64,0.0465575664872395,0.9960280736170524
26412,REFRACTORY_TIME,65,0.04666715530537111,0.9964060523870247
26412,REFRACTORY_TIME,66,0.04694594242368668,0.9967480617213192
26412,REFRACTORY_TIME,67,0.04688056082779022,0.997057524564306
26412,REFRACTORY_TIME,68,0.04691145124872498,0.997337538124132
26412,REFRACTORY_TIME,69,0.0467127099798845,0.9975909048706205
26412,REFRACTORY_TIME,70,0.0467999914886627,0.9978201605833292
26412,REFRACTORY_TIME,71,0.04670690981571065,0.9980275997304866
26412,REFRACTORY_TIME,72,0.04703311098040377,0.9982152984328002
26412,REFRACTORY_TIME,73,0.04638712512696269,0.99838513524197
26412,REFRACTORY_TIME,74,0.047116866275626106,0.998538809941867
26412,REFRACTORY_TIME,75,0.04652163308122415,0.9986778605605392
26412,REFRACTORY_TIME,76,0.046607401217227507,0.9988036787633147
26412,REFRACTORY_TIME,77,0.047099837062314166,0.9989175237810562
26412,REFRACTORY_TIME,78,0.04676098341699971,0.9990205350129654
26412,REFRACTORY_TIME,79,0.046805351790178695,0.9991137434300749
26412,REFRACTORY_TIME,80,0.04668779366736422,0.9991980818935514
26412,REFRACTORY_TIME,81,0.04693067970514789,0.999274394491085
26412,REFRACTORY_TIME,82,0.04671377444484376,0.9993434449848008
26412,REFRACTORY_TIME,83,0.04697551131246643,0.9994059244552483
26412,REFRACTORY_TIME,84,0.046612635725279454,0.9994624582179691
26412,REFRACTORY_TIME,85,0.046802040606105134,0.9995136120818605
26412,REFRACTORY_TIME,86,0.04728185192321762,0.9995598980119863
26412,REFRACTORY_TIME,87,0.046927623241803385,0.9996017792534938
26412,REFRACTORY_TIME,88,0.04652506910858256,0.9996396749679229
26412,REFRACTORY_TIME,89,0.04694192835921582,0.9996739644283216
26412,REFRACTORY_TIME,90,0.04699505777099446,0.9997049908151344
26412,REFRACTORY_TIME,91,0.047061142313291886,0.9997330646508692
26412,REFRACTORY_TIME,92,0.046580118805461056,0.99975846690791
26412,REFRACTORY_TIME,93,0.04660195281975555,0.9997814518205832
26412,REFRACTORY_TIME,94,0.04706888674554249,0.9998022494296203
26412,REFRACTORY_TIME,95,0.046633074781448354,0.9998210678844827
26412,REFRACTORY_TIME,96,0.04695248289819801,0.9998380955265914
26412,REFRACTORY_TIME,97,0.04683152938632242,0.9998535027743126
26412,REFRACTORY_TIME,98,0.04691961843608527,0.9998674438285596
26412,REFRACTORY_TIME,99,0.04676743978678664,0.9998800582160889
26412,REFRACTORY_TIME,100,0.04688227299170248,0.9998914721859312
26413,NO_REPLENISH,1,0.013133207718801507,0.2800000000000001
26413,NO_REPLENISH,2,0.013311961456189311,0.2800000000000001
26413,NO_REPLENISH,3,0.01313568595128635,0.2800000000000001
26413,NO_REPLENISH,4,0.013235501106795139,0.2800000000000001
26413,NO_REPLENISH,5,0.013269426773460732,0.2800000000000001
26413,NO_REPLENISH,6,0.013254895849700432,0.2800000000000001
26413,NO_REPLENISH,7,0.013242021474686587,0.2800000000000001
26413,NO_REPLENISH,8,0.013165088271167726,0.2800000000000001
26413,NO_REPLENISH,9,0.01328974179968595,0.2800000000000001
26413,NO_REPLENISH,10,0.013142778863153695,0.2800000000000001
26413,NO_REPLENISH,11,0.013218228430081557,0.2800000000000001
26413,NO_REPLENISH,12,0.013309242118472822,0.2800000000000001
26413,NO_REPLENISH,13,0.013202855535489133,0.2800000000000001
26413,NO_REPLENISH,14,0.013317568296141913,0.2800000000000001
26413,NO_REPLENISH,15,0.013307512837411736,0.2800000000000001
26413,NO_REPLENISH,16,0.01317458448980482,0.2800000000000001
26413,NO_REPLENISH,17,0.013238476509439217,0.2800000000000001
26413,NO_REPLENISH,18,0.013352593728162934,0.2800000000000001
26413,NO_REPLENISH,19,0.013304235357849553,0.2800000000000001
26413,NO_REPLENISH,20,0.013232795971301897,0.2800000000000001
26413,NO_REPLENISH,21,0.013203334122519674,0.2800000000000001
26413,NO_REPLENISH,22,0.013249293447425656,0.2800000000000001
26413,NO_REPLENISH,23,0.013240886849528483,0.2800000000000001
26413,NO_REPLENISH,24,0.01320842759187144,0.2800000000000001
26413,NO_REPLENISH,25,0.013309599142252661,0.2800000000000001
26413,NO_REPLENISH,26,0.01319348156219794,0.2800000000000001
26413,NO_REPLENISH,27,0.013195580169937646,0.2800000000000001
26413,NO_REPLENISH,28,0.013124498485315746,0.2800000000000001
26413,NO_REPLENISH,29,0.013203953232466323,0.2800000000000001
26413,NO_REPLENISH,30,0.013283919102282604,0.2800000000000001
26413,NO_REPLENISH,31,0.013217107580399767,0.2800000000000001
26413,NO_REPLENISH,32,0.013243701356728263,0.2800000000000001
26413,NO_REPLENISH,33,0.013219188758993266,0.2800000000000001
26413,NO_REPLENISH,34,0.013260423826843832,0.2800000000000001
26413,NO_REPLENISH,35,0.01312983626949798,0.2800000000000001
26413,NO_REPLENISH,36,0.013244760164647727,0.2800000000000001
26413,NO_REPLENISH,37,0.013228938021232942,0.2800000000000001
26413,NO_REPLENISH,38,0.01325528843628213,0.2800000000000001
26413,NO_REPLENISH,39,0.013200904759108989,0.2800000000000001
26413,NO_REPLENISH,40,0.013286378305067216,0.2800000000000001
26413,NO_REPLENISH,41,0.013219582122158019,0.2800000000000001
26413,NO_REPLENISH,42,0.01335826545353882,0.2800000000000001
26413,NO_REPLENISH,43,0.013203295510686002,0.2800000000000001
26413,NO_REPLENISH,44,0.013279300356914303,0.2800000000000001
26413,NO_REPLENISH,45,0.013292503989546553,0.2800000000000001
26413,NO_REPLENISH,46,0.013262104930431179,0.2800000000000001
26413,NO_REPLENISH,47,0.013211608294963742,0.2800000000000001
26413,NO_REPLENISH,48,0.013152131277324147,0.2800000000000001
26413,NO_REPLENISH,49,0.013372635048805731,0.2800000000000001
26413,NO_REPLENISH,50,0.013311094005623877,0.2800000000000001
26413,NO_REPLENISH,51,0.013317946429958363,0.2800000000000001
26413,NO_REPLENISH,52,0.01332073024584112,0.2800000000000001
26413,NO_REPLENISH,53,0.013272379052014649,0.2800000000000001
26413,NO_REPLENISH,54,0.013302374526156133,0.2800000000000001
26413,NO_REPLENISH,55,0.01325262061297082,0.2800000000000001
26413,NO_REPLENISH,56,0.01322458369325394,0.2800000000000001
26413,NO_REPLENISH,57,0.013290138047516664,0.2800000000000001
26413,NO_REPLENISH,58,0.013140746646108597,0.2800000000000001
26413,NO_REPLENISH,59,0.013246752951300372,0.2800000000000001
26413,NO_REPLENISH,60,0.013263944828703585,0.2800000000000001
26413,NO_REPLENISH,61,0.013258901511545379,0.2800000000000001
26413,NO_REPLENISH,62,0.013240241044207667,0.2800000000000001
26413,NO_REPLENISH,63,0.013271164933412738,0.2800000000000001
26413,NO_REPLENISH,64,0.013341924083916436,0.2800000000000001
26413,NO_REPLENISH,65,0.013330268724853357,0.2800000000000001
26413,NO_REPLENISH,66,0.013239367587929998,0.2800000000000001
26413,NO_REPLENISH,67,0.013173946593669555,0.2800000000000001
26413,NO_REPLENISH,68,0.013275151985386138,0.2800000000000001
26413,NO_REPLENISH,69,0.013232067619028743,0.2800000000000001
26413,NO_REPLENISH,70,0.013228630141874828,0.2800000000000001
26413,NO_REPLENISH,71,0.013371026894078064,0.2800000000000001
26413,NO_REPLENISH,72,0.013341636996748361,0.2800000000000001
26413,NO_REPLENISH,73,0.013134397407244569,0.2800000000000001
26413,NO_REPLENISH,74,0.01323157431655368,0.2800000000000001
26413,NO_REPLENISH,75,0.013316988895808362,0.2800000000000001
26413,NO_REPLENISH,76,0.013279369402037866,0.2800000000000001
26413,NO_REPLENISH,77,0.013208379368864029,0.2800000000000001
26413,NO_REPLENISH,78,0.013179053343717483,0.2800000000000001
26413,NO_REPLENISH,79,0.013269094901337453,0.2800000000000001
26413,NO_REPLENISH,80,0.013348103896093444,0.2800000000000001
26413,NO_REPLENISH,81,0.013221514871139125,0.2800000000000001
26413,NO_REPLENISH,82,0.013269344392414876,0.2800000000000001
26413,NO_REPLENISH,83,0.013198623745659194,0.2800000000000001
26413,NO_REPLENISH,84,0.013308960712816523,0.2800000000000001
26413,NO_REPLENISH,85,0.013247109403329212,0.2800000000000001
26413,NO_REPLENISH,86,0.013361046599540382,0.2800000000000001
26413,NO_REPLENISH,87,0.013258988977941227,0.2800000000000001
26413,NO_REPLENISH,88,0.013244848105870585,0.2800000000000001
26413,NO_REPLENISH,89,0.013290359329549742,0.2800000000000001
26413,NO_REPLENISH,90,0.013257346246126558,0.2800000000000001
26413,NO_REPLENISH,91,0.013300622209750845,0.2800000000000001
26413,NO_REPLENISH,92,0.013223356217817755,0.2800000000000001
26413,NO_REPLENISH,93,0.013218685710299877,0.2800000000000001
26413,NO_REPLENISH,94,0.013124564606565935,0.2800000000000001
26413,NO_REPLENISH,95,0.013109882757545608,0.2800000000000001
26413,NO_REPLENISH,96,0.01316496005175622,0.2800000000000001
26413,NO_REPLENISH,97,0.01314682006544171,0.2800000000000001
26413,NO_REPLENISH,98,0.013198595673078628,0.2800000000000001
26413,NO_REPLENISH,99,0.013299802441101493,0.2800000000000001
26413,NO_REPLENISH,100,0.013218166245887564,0.2800000000000001
26413,SMOOTH_TIME,1,0.016356300358550437,0.3485170590141093
26413,SMOOTH_TIME,2,0.019522832085032988,0.410513857783853
26413,SMOOTH_TIME,3,0.021890201130090447,0.4666108811091633
26413,SMOOTH_TIME,4,0.02444461373105057,0.5173695668543398
26413,SMOOTH_TIME,5,0.026670833596668397,0.5632979250069038
26413,SMOOTH_TIME,6,0.02859381540118197,0.604855622012301
26413,SMOOTH_TIME,7,0.030329131661563768,0.6424585812701852
26413,SMOOTH_TIME,8,0.03173781277827039,0.6764831458356005
26413,SMOOTH_TIME,9,0.033479402955876356,0.7072698449867687
26413,SMOOTH_TIME,10,0.03440341868287,0.7351268023565617
26413,SMOOTH_TIME,11,0.0357719495447564,0.7603328197373828
26413,SMOOTH_TIME,12,0.037083188434062504,0.7831401674232145
26413,SMOOTH_TIME,13,0.03774695181133,0.8037771090155114
26413,SMOOTH_TIME,14,0.03894353752955408,0.8224501859620433
26413,SMOOTH_TIME,15,0.03970336869984292,0.8393462846931304
26413,SMOOTH_TIME,16,0.04001852710185552,0.8546345070438478
26413,SMOOTH_TIME,17,0.04085018457847981,0.8684678626820314
26413,SMOOTH_TIME,18,0.04178208979331045,0.8809848004804577
26413,SMOOTH_TIME,19,0.04215926208961516,0.8923105941597028
26413,SMOOTH_TIME,20,0.042411632760592934,0.9025585960696388
26413,SMOOTH_TIME,21,0.042746301848641775,0.9118313716578529
26413,SMOOTH_TIME,22,0.04328067457965634,0.9202217259791197
26413,SMOOTH_TIME,23,0.04360404034782961,0.9278136325195815
26413,SMOOTH_TIME,24,0.04381629072333073,0.9346830736316231
26413,SMOOTH_TIME,25,0.04443399922160085,0.9408988009907927
26413,SMOOTH_TIME,26,0.044312575246474833,0.94652302368568
26413,SMOOTH_TIME,27,0.04455294307424001,0.9516120308273804
26413,SMOOTH_TIME,28,0.04452877899740048,0.9562167549098427
26413,SMOOTH_TIME,29,0.044984779817449194,0.960383281559387
26413,SMOOTH_TIME,30,0.04542589224919239,0.9641533107751381
26413,SMOOTH_TIME,31,0.04535824831066069,0.9675645742766382
26413,SMOOTH_TIME,32,0.04559100888295945,0.9706512131355765
26413,SMOOTH_TIME,33,0.04563614071520413,0.9734441194711073
26413,SMOOTH_TIME,34,0.04589099467004846,0.9759712456285653
26413,SMOOTH_TIME,35,0.04555486502423787,0.9782578839359305
26413,SMOOTH_TIME,36,0.04604034976808442,0.9803269198379495
26413,SMOOTH_TIME,37,0.04607286214204373,0.9821990609413559
26413,SMOOTH_TIME,38,0.0462408217848404,0.9838930442635606
26413,SMOOTH_TIME,39,0.04612614798172554,0.9854258237590211
26413,SMOOTH_TIME,40,0.04648109410276619,0.9868127400001113
26413,SMOOTH_TIME,41,0.0463103715124957,0.988067673710732
26413,SMOOTH_TIME,42,0.04683904421403834,0.9892031846892558
26413,SMOOTH_TIME,43,0.04635386372563869,0.9902306375112157
26413,SMOOTH_TIME,44,0.04665829170186973,0.9911603152697909
26413,SMOOTH_TIME,45,0.04674324240546488,0.9920015224924655
26413,SMOOTH_TIME,46,0.046672769957718796,0.9927626782638638
26413,SMOOTH_TIME,47,0.04653044815305393,0.9934514004867788
26413,SMOOTH_TIME,48,0.04635431301193693,0.9940745821247053
26413,SMOOTH_TIME,49,0.04714094855566305,0.9946384601889343
26413,SMOOTH_TIME,50,0.04695335001608131,0.9951486781606586
26413,SMOOTH_TIME,51,0.04699736095685358,0.9956103424728285
26413,SMOOTH_TIME,52,0.04702698004628427,0.9960280736170524
26413,SMOOTH_TIME,53,0.04687587921216929,0.9964060523870247
26413,SMOOTH_TIME,54,0.04699644689179022,0.9967480617213192
26413,SMOOTH_TIME,55,0.04683787065337297,0.997057524564306
26413,SMOOTH_TIME,56,0.04675497066821745,0.997337538124132
26413,SMOOTH_TIME,57,0.046992860619549215,0.9975909048706205
26413,SMOOTH_TIME,58,0.046485426470615106,0.9978201605833292
26413,SMOOTH_TIME,59,0.046863577946140995,0.9980275997304866
26413,SMOOTH_TIME,60,0.046931168303613935,0.9982152984328002
26413,SMOOTH_TIME,61,0.046921801277317744,0.99838513524197
26413,SMOOTH_TIME,62,0.046863807270267704,0.998538809941867
26413,SMOOTH_TIME,63,0.04697728630497919,0.9986778605605392
26413,SMOOTH_TIME,64,0.047228344297013225,0.9988036787633147
26413,SMOOTH_TIME,65,0.04719306526544633,0.9989175237810562
26413,SMOOTH_TIME,66,0.046882307386231774,0.9990205350129654
26413,SMOOTH_TIME,67,0.04665924385436911,0.9991137434300749
26413,SMOOTH_TIME,68,0.04701464084545456,0.9991980818935514
26413,SMOOTH_TIME,69,0.04686827710750462,0.999274394491085
26413,SMOOTH_TIME,70,0.04685939592118064,0.9993434449848008
26413,SMOOTH_TIME,71,0.04735789976794933,0.9994059244552483
26413,SMOOTH_TIME,72,0.047257974644638,0.9994624582179691
26413,SMOOTH_TIME,73,0.04654100702193772,0.9995136120818605
26413,SMOOTH_TIME,74,0.04688068110083169,0.9995598980119863
26413,SMOOTH_TIME,75,0.047179409146926976,0.9996017792534938
26413,SMOOTH_TIME,76,0.04704931811973717,0.9996396749679229
26413,SMOOTH_TIME,77,0.04680603435570924,0.9996739644283216
26413,SMOOTH_TIME,78,0.04670451472956194,0.9997049908151344
26413,SMOOTH_TIME,79,0.0470187809839778,0.9997330646508692
26413,SMOOTH_TIME,80,0.04729382122922543,0.99975846690791
26413,SMOOTH_TIME,81,0.04685475517908929,0.9997814518205832
26413,SMOOTH_TIME,82,0.047022673595254416,0.9998022494296203
26413,SMOOTH_TIME,83,0.04677841412103149,0.9998210678844827
26413,SMOOTH_TIME,84,0.04716330384879808,0.9998380955265914
26413,SMOOTH_TIME,85,0.04694840051423899,0.9998535027743126
26413,SMOOTH_TIME,86,0.047344345196470426,0.9998674438285596
26413,SMOOTH_TIME,87,0.04699055346441455,0.9998800582160889
26413,SMOOTH_TIME,88,0.046942759975589034,0.9998914721859312
26413,SMOOTH_TIME,89,0.04710022478848625,0.999901799972933
26413,SMOOTH_TIME,90,0.04698602256534171,0.9999111449410575
26413,SMOOTH_TIME,91,0.047136485895702816,0.9999196006178869
26413,SMOOTH_TIME,92,0.04686835570902676,0.9999272516306772
26413,SMOOTH_TIME,93,0.04685327224464453,0.9999341745533356
26413,SMOOTH_TIME,94,0.04652636739911805,0.9999404386727994
26413,SMOOTH_TIME,95,0.04647574426480455,0.999946106682481
26413,SMOOTH_TIME,96,0.04666695358827957,0.9999512353097266
26413,SMOOTH_TIME,97,0.046604670179261766,0.9999558758835616
26413,SMOOTH_TIME,98,0.04678452507838967,0.9999600748484087
26413,SMOOTH_TIME,99,0.047136745897492505,0.9999638742289195
26413,SMOOTH_TIME,100,0.046852324708734204,0.9999673120505713
26413,HARD_STEP,1,0.013142289166415346,0.2800000000000001
26413,HARD_STEP,2,0.0133209306740715,0.2800000000000001
26413,HARD_STEP,3,0.013144681056892262,0.2800000000000001
26413,HARD_STEP,4,0.013244609535739272,0.2800000000000001
26413,HARD_STEP,5,0.013278476492249605,0.2800000000000001
26413,HARD_STEP,6,0.013263902945349118,0.2800000000000001
26413,HARD_STEP,7,0.013251028415049368,0.2800000000000001
26413,HARD_STEP,8,0.013174203241216431,0.2800000000000001
26413,HARD_STEP,9,0.013298878435381896,0.2800000000000001
26413,HARD_STEP,10,0.013151788669747658,0.2800000000000001
26413,HARD_STEP,11,0.013227305446072863,0.2800000000000001
26413,HARD_STEP,12,0.013318246819795517,0.2800000000000001
26413,HARD_STEP,13,0.04680721305385074,1.0
26413,HARD_STEP,14,0.04720615833663438,1.0
26413,HARD_STEP,15,0.04717244016391406,1.0
26413,HARD_STEP,16,0.04671074910805464,1.0
26413,HARD_STEP,17,0.046932796265097027,1.0
26413,HARD_STEP,18,0.047328550443824224,1.0
26413,HARD_STEP,19,0.04716190360705894,1.0
26413,HARD_STEP,20,0.04691270323914317,1.0
26413,HARD_STEP,21,0.04680903022079519,1.0
26413,HARD_STEP,22,0.046968997139240486,1.0
26413,HARD_STEP,23,0.046940767259032824,1.0
26413,HARD_STEP,24,0.04682805988389632,1.0
26413,HARD_STEP,25,0.047178142211120024,1.0
26413,HARD_STEP,26,0.0467770871561004,1.0
26413,HARD_STEP,27,0.046783554607110395,1.0
26413,HARD_STEP,28,0.04653684488561927,1.0
26413,HARD_STEP,29,0.04681242529519138,1.0
26413,HARD_STEP,30,0.047090727947654315,1.0
26413,HARD_STEP,31,0.046857776773652327,1.0
26413,HARD_STEP,32,0.04695087351697322,1.0
26413,HARD_STEP,33,0.046865182691761625,1.0
26413,HARD_STEP,34,0.0470093598217709,1.0
26413,HARD_STEP,35,0.04655559549414945,1.0
26413,HARD_STEP,36,0.046955004865628626,1.0
26413,HARD_STEP,37,0.04689989025717641,1.0
26413,HARD_STEP,38,0.04699060271154885,1.0
26413,HARD_STEP,39,0.04680286295792405,1.0
26413,HARD_STEP,40,0.047097297119988724,1.0
26413,HARD_STEP,41,0.04686602339303988,1.0
26413,HARD_STEP,42,0.04734796189386361,1.0
26413,HARD_STEP,43,0.04681045296791991,1.0
26413,HARD_STEP,44,0.047074651951709366,1.0
26413,HARD_STEP,45,0.0471209856512817,1.0
26413,HARD_STEP,46,0.047015416469315875,1.0
26413,HARD_STEP,47,0.046839883302399736,1.0
26413,HARD_STEP,48,0.046633026319137516,1.0
26413,HARD_STEP,49,0.04739758793679483,1.0
26413,HARD_STEP,50,0.0471830785268387,1.0
26413,HARD_STEP,51,0.04720899429290592,1.0
26413,HARD_STEP,52,0.047218507689024726,1.0
26413,HARD_STEP,53,0.047050237441425176,1.0
26413,HARD_STEP,54,0.047154441718616984,1.0
26413,HARD_STEP,55,0.04698081475997198,1.0
26413,HARD_STEP,56,0.04688362798839921,1.0
26413,HARD_STEP,57,0.047111918931798065,1.0
26413,HARD_STEP,58,0.046592626198942146,1.0
26413,HARD_STEP,59,0.04696071663422426,1.0
26413,HARD_STEP,60,0.04702065165647762,1.0
26413,HARD_STEP,61,0.047004274450479555,1.0
26413,HARD_STEP,62,0.046937745062965885,1.0
26413,HARD_STEP,63,0.047047573007674426,1.0
26413,HARD_STEP,64,0.04729266707686719,1.0
26413,HARD_STEP,65,0.04725073595616049,1.0
26413,HARD_STEP,66,0.046934871606928774,1.0
26413,HARD_STEP,67,0.04670795937130998,1.0
26413,HARD_STEP,68,0.04705937370929964,1.0
26413,HARD_STEP,69,0.04690967675423283,1.0
26413,HARD_STEP,70,0.046897644065625736,1.0
26413,HARD_STEP,71,0.04739375388871645,1.0
26413,HARD_STEP,72,0.04729076791973886,1.0
26413,HARD_STEP,73,0.04657069129115895,1.0
26413,HARD_STEP,74,0.04690901538134632,1.0
26413,HARD_STEP,75,0.047205486933366216,1.0
26413,HARD_STEP,76,0.04707390632496242,1.0
26413,HARD_STEP,77,0.04682938394314922,1.0
26413,HARD_STEP,78,0.04672513434563478,1.0
26413,HARD_STEP,79,0.04703922596204042,1.0
26413,HARD_STEP,80,0.047312313276870355,1.0
26413,HARD_STEP,81,0.04687413216985666,1.0
26413,HARD_STEP,82,0.04703936475186541,1.0
26413,HARD_STEP,83,0.04679318416132237,1.0
26413,HARD_STEP,84,0.04717680058709045,1.0
26413,HARD_STEP,85,0.04696329494952036,1.0
26413,HARD_STEP,86,0.04735861268572857,1.0
26413,HARD_STEP,87,0.04700393792749835,1.0
26413,HARD_STEP,88,0.04695559261804264,1.0
26413,HARD_STEP,89,0.047113244538635295,1.0
26413,HARD_STEP,90,0.04699795950205937,1.0
26413,HARD_STEP,91,0.047147389545805836,1.0
26413,HARD_STEP,92,0.04687923127953068,1.0
26413,HARD_STEP,93,0.04686460016240573,1.0
26413,HARD_STEP,94,0.04653699566472077,1.0
26413,HARD_STEP,95,0.04648655000640085,1.0
26413,HARD_STEP,96,0.04667670967865337,1.0
26413,HARD_STEP,97,0.046614173212039346,1.0
26413,HARD_STEP,98,0.04679405872885078,1.0
26413,HARD_STEP,99,0.04714598471923548,1.0
26413,HARD_STEP,100,0.046862449086858604,1.0
26413,REFRACTORY_TIME,1,0.013134808907380587,0.2800000000000001
26413,REFRACTORY_TIME,2,0.0133135222891272,0.2800000000000001
26413,REFRACTORY_TIME,3,0.013137238232295049,0.2800000000000001
26413,REFRACTORY_TIME,4,0.013237176181464713,0.2800000000000001
26413,REFRACTORY_TIME,5,0.013271129680736673,0.2800000000000001
26413,REFRACTORY_TIME,6,0.013256424332200834,0.2800000000000001
26413,REFRACTORY_TIME,7,0.01324363128249866,0.2800000000000001
26413,REFRACTORY_TIME,8,0.013166706457629232,0.2800000000000001
26413,REFRACTORY_TIME,9,0.013291385869363743,0.2800000000000001
26413,REFRACTORY_TIME,10,0.013144453420535556,0.2800000000000001
26413,REFRACTORY_TIME,11,0.01321986405028607,0.2800000000000001
26413,REFRACTORY_TIME,12,0.01331080439229349,0.2800000000000001
26413,REFRACTORY_TIME,13,0.016436613194982356,0.3485170590141093
26413,REFRACTORY_TIME,14,0.01952381825653254,0.410513857783853
26413,REFRACTORY_TIME,15,0.022167156049700754,0.4666108811091633
26413,REFRACTORY_TIME,16,0.024323932540717994,0.5173695668543398
26413,REFRACTORY_TIME,17,0.02659904106969249,0.5632979250069038
26413,REFRACTORY_TIME,18,0.028792831013829668,0.604855622012301
26413,REFRACTORY_TIME,19,0.03045903923323998,0.6424585812701852
26413,REFRACTORY_TIME,20,0.03188737444075995,0.6764831458356005
26413,REFRACTORY_TIME,21,0.033250921221548255,0.7072698449867687
26413,REFRACTORY_TIME,22,0.03466591251869828,0.7351268023565617
26413,REFRACTORY_TIME,23,0.03581868278190475,0.7603328197373828
26413,REFRACTORY_TIME,24,0.03679128554176833,0.7831401674232145
26413,REFRACTORY_TIME,25,0.038033645248495514,0.8037771090155114
26413,REFRACTORY_TIME,26,0.03857071744583442,0.8224501859620433
26413,REFRACTORY_TIME,27,0.0393581252377656,0.8393462846931304
26413,REFRACTORY_TIME,28,0.03985263366433004,0.8546345070438478
26413,REFRACTORY_TIME,29,0.04072965290093596,0.8684678626820314
26413,REFRACTORY_TIME,30,0.04155341380212344,0.8809848004804577
26413,REFRACTORY_TIME,31,0.04187145004871714,0.8923105941597028
26413,REFRACTORY_TIME,32,0.042428448090264005,0.9025585960696388
26413,REFRACTORY_TIME,33,0.042778794142735686,0.9118313716578529
26413,REFRACTORY_TIME,34,0.043298638341913366,0.9202217259791197
26413,REFRACTORY_TIME,35,0.04322746928295878,0.9278136325195815
26413,REFRACTORY_TIME,36,0.04391636605614039,0.9346830736316231
26413,REFRACTORY_TIME,37,0.04415032412515015,0.9408988009907927
26413,REFRACTORY_TIME,38,0.044496300977250235,0.94652302368568
26413,REFRACTORY_TIME,39,0.04455298899743158,0.9516120308273804
26413,REFRACTORY_TIME,40,0.04504732782830981,0.9562167549098427
26413,REFRACTORY_TIME,41,0.04501767716414561,0.960383281559387
26413,REFRACTORY_TIME,42,0.04565575089602477,0.9641533107751381
26413,REFRACTORY_TIME,43,0.04529309407208437,0.9675645742766382
26413,REFRACTORY_TIME,44,0.04569187490338148,0.9706512131355765
26413,REFRACTORY_TIME,45,0.045864674570929805,0.9734441194711073
26413,REFRACTORY_TIME,46,0.045879479486699994,0.9759712456285653
26413,REFRACTORY_TIME,47,0.04581280903473972,0.9782578839359305
26413,REFRACTORY_TIME,48,0.04570598261178029,0.9803269198379495
26413,REFRACTORY_TIME,49,0.04654275837831928,0.9821990609413559
26413,REFRACTORY_TIME,50,0.04641175657399957,0.9838930442635606
26413,REFRACTORY_TIME,51,0.04650656510623354,0.9854258237590211
26413,REFRACTORY_TIME,52,0.04658011406194362,0.9868127400001113
26413,REFRACTORY_TIME,53,0.04647118725559015,0.988067673710732
26413,REFRACTORY_TIME,54,0.04662691599286037,0.9892031846892558
26413,REFRACTORY_TIME,55,0.04650304647212684,0.9902306375112157
26413,REFRACTORY_TIME,56,0.0464499981485213,0.9911603152697909
26413,REFRACTORY_TIME,57,0.046714481929475325,0.9920015224924655
26413,REFRACTORY_TIME,58,0.04623387842776585,0.9927626782638638
26413,REFRACTORY_TIME,59,0.04663261896205912,0.9934514004867788
26413,REFRACTORY_TIME,60,0.04672048052245701,0.9940745821247053
26413,REFRACTORY_TIME,61,0.046728840573696355,0.9946384601889343
26413,REFRACTORY_TIME,62,0.046687657592869476,0.9951486781606586
26413,REFRACTORY_TIME,63,0.04681601229848128,0.9956103424728285
26413,REFRACTORY_TIME,64,0.0470785069410852,0.9960280736170524
26413,REFRACTORY_TIME,65,0.04705679822053649,0.9964060523870247
26413,REFRACTORY_TIME,66,0.04675806810727373,0.9967480617213192
26413,REFRACTORY_TIME,67,0.04654557658427433,0.997057524564306
26413,REFRACTORY_TIME,68,0.04690826353547115,0.997337538124132
26413,REFRACTORY_TIME,69,0.04677058097466108,0.9975909048706205
26413,REFRACTORY_TIME,70,0.046768434670910235,0.9978201605833292
26413,REFRACTORY_TIME,71,0.04727314476406236,0.9980275997304866
26413,REFRACTORY_TIME,72,0.0471790152365922,0.9982152984328002
26413,REFRACTORY_TIME,73,0.04646922720542853,0.99838513524197
26413,REFRACTORY_TIME,74,0.04681321797415413,0.998538809941867
26413,REFRACTORY_TIME,75,0.04711565532974513,0.9986778605605392
26413,REFRACTORY_TIME,76,0.04699052368102916,0.9988036787633147
26413,REFRACTORY_TIME,77,0.046751271585575106,0.9989175237810562
26413,REFRACTORY_TIME,78,0.04665355360926654,0.9990205350129654
26413,REFRACTORY_TIME,79,0.04696947568478946,0.9991137434300749
26413,REFRACTORY_TIME,80,0.04724693708973596,0.9991980818935514
26413,REFRACTORY_TIME,81,0.0468120717685796,0.999274394491085
26413,REFRACTORY_TIME,82,0.04698045121742384,0.9993434449848008
26413,REFRACTORY_TIME,83,0.04673873635892517,0.9994059244552483
26413,REFRACTORY_TIME,84,0.04712431604208448,0.9994624582179691
26413,REFRACTORY_TIME,85,0.04691221429149319,0.9995136120818605
26413,REFRACTORY_TIME,86,0.04730928287348043,0.9995598980119863
26413,REFRACTORY_TIME,87,0.046957257647643434,0.9996017792534938
26413,REFRACTORY_TIME,88,0.046910766853570374,0.9996396749679229
26413,REFRACTORY_TIME,89,0.04706930684814067,0.9996739644283216
26413,REFRACTORY_TIME,90,0.046956724842856144,0.9997049908151344
26413,REFRACTORY_TIME,91,0.047107999880583874,0.9997330646508692
26413,REFRACTORY_TIME,92,0.0468408947905398,0.99975846690791
26413,REFRACTORY_TIME,93,0.046825541111340026,0.9997814518205832
26413,REFRACTORY_TIME,94,0.04649915284633765,0.9998022494296203
26413,REFRACTORY_TIME,95,0.046449810071700404,0.9998210678844827
26413,REFRACTORY_TIME,96,0.04664187893941805,0.9998380955265914
26413,REFRACTORY_TIME,97,0.04657960796205535,0.9998535027743126
26413,REFRACTORY_TIME,98,0.04675992579962115,0.9998674438285596
26413,REFRACTORY_TIME,99,0.04711217755465047,0.9998800582160889
26413,REFRACTORY_TIME,100,0.04682940883392217,0.9998914721859312
26414,NO_REPLENISH,1,0.01329218871679184,0.2800000000000001
26414,NO_REPLENISH,2,0.013225173967752598,0.2800000000000001
26414,NO_REPLENISH,3,0.013234910145364792,0.2800000000000001
26414,NO_REPLENISH,4,0.013175608449304837,0.2800000000000001
26414,NO_REPLENISH,5,0.013247533453684618,0.2800000000000001
26414,NO_REPLENISH,6,0.013363354812629106,0.2800000000000001
26414,NO_REPLENISH,7,0.013308979434376719,0.2800000000000001
26414,NO_REPLENISH,8,0.013288193344052804,0.2800000000000001
26414,NO_REPLENISH,9,0.01323375422875244,0.2800000000000001
26414,NO_REPLENISH,10,0.013223877863300171,0.2800000000000001
26414,NO_REPLENISH,11,0.013236454892555996,0.2800000000000001
26414,NO_REPLENISH,12,0.013228311338807882,0.2800000000000001
26414,NO_REPLENISH,13,0.01323468337763893,0.2800000000000001
26414,NO_REPLENISH,14,0.013243924488126592,0.2800000000000001
26414,NO_REPLENISH,15,0.01310596110432706,0.2800000000000001
26414,NO_REPLENISH,16,0.013263232933502919,0.2800000000000001
26414,NO_REPLENISH,17,0.013279299015763973,0.2800000000000001
26414,NO_REPLENISH,18,0.013251107615352966,0.2800000000000001
26414,NO_REPLENISH,19,0.013231149839473162,0.2800000000000001
26414,NO_REPLENISH,20,0.013251789058637331,0.2800000000000001
26414,NO_REPLENISH,21,0.01330635886863341,0.2800000000000001
26414,NO_REPLENISH,22,0.013297300949041142,0.2800000000000001
26414,NO_REPLENISH,23,0.01312687585963694,0.2800000000000001
26414,NO_REPLENISH,24,0.013227368869421578,0.2800000000000001
26414,NO_REPLENISH,25,0.013243557920400231,0.2800000000000001
26414,NO_REPLENISH,26,0.013210609454066108,0.2800000000000001
26414,NO_REPLENISH,27,0.013291261522111528,0.2800000000000001
26414,NO_REPLENISH,28,0.013361117000336395,0.2800000000000001
26414,NO_REPLENISH,29,0.013170230766109972,0.2800000000000001
26414,NO_REPLENISH,30,0.013155328337585056,0.2800000000000001
26414,NO_REPLENISH,31,0.01325046341737024,0.2800000000000001
26414,NO_REPLENISH,32,0.013253968533025892,0.2800000000000001
26414,NO_REPLENISH,33,0.013272035250150452,0.2800000000000001
26414,NO_REPLENISH,34,0.013276966462900426,0.2800000000000001
26414,NO_REPLENISH,35,0.01322152283102141,0.2800000000000001
26414,NO_REPLENISH,36,0.013314667454385152,0.2800000000000001
26414,NO_REPLENISH,37,0.013260256533808079,0.2800000000000001
26414,NO_REPLENISH,38,0.013221835353053038,0.2800000000000001
26414,NO_REPLENISH,39,0.013311871924052065,0.2800000000000001
26414,NO_REPLENISH,40,0.013312623281575191,0.2800000000000001
26414,NO_REPLENISH,41,0.01313838206837123,0.2800000000000001
26414,NO_REPLENISH,42,0.013226291932382483,0.2800000000000001
26414,NO_REPLENISH,43,0.013190537855168197,0.2800000000000001
26414,NO_REPLENISH,44,0.0132159482832444,0.2800000000000001
26414,NO_REPLENISH,45,0.013070115062525456,0.2800000000000001
26414,NO_REPLENISH,46,0.0132556968129703,0.2800000000000001
26414,NO_REPLENISH,47,0.013323110160389373,0.2800000000000001
26414,NO_REPLENISH,48,0.0131377014337256,0.2800000000000001
26414,NO_REPLENISH,49,0.013201769724566595,0.2800000000000001
26414,NO_REPLENISH,50,0.013233475699346431,0.2800000000000001
26414,NO_REPLENISH,51,0.013267253307281207,0.2800000000000001
26414,NO_REPLENISH,52,0.013239598508393744,0.2800000000000001
26414,NO_REPLENISH,53,0.01323822326544571,0.2800000000000001
26414,NO_REPLENISH,54,0.013208159754876709,0.2800000000000001
26414,NO_REPLENISH,55,0.01317100884274588,0.2800000000000001
26414,NO_REPLENISH,56,0.013195211878269665,0.2800000000000001
26414,NO_REPLENISH,57,0.013253368411988724,0.2800000000000001
26414,NO_REPLENISH,58,0.01331892249804331,0.2800000000000001
26414,NO_REPLENISH,59,0.013245915908332831,0.2800000000000001
26414,NO_REPLENISH,60,0.013288237015721393,0.2800000000000001
26414,NO_REPLENISH,61,0.013270300894058881,0.2800000000000001
26414,NO_REPLENISH,62,0.013303765589656796,0.2800000000000001
26414,NO_REPLENISH,63,0.013185424973305689,0.2800000000000001
26414,NO_REPLENISH,64,0.013253152781151837,0.2800000000000001
26414,NO_REPLENISH,65,0.01331160522548934,0.2800000000000001
26414,NO_REPLENISH,66,0.013268471667145723,0.2800000000000001
26414,NO_REPLENISH,67,0.013426880772690728,0.2800000000000001
26414,NO_REPLENISH,68,0.013353984138347347,0.2800000000000001
26414,NO_REPLENISH,69,0.013372552086233558,0.2800000000000001
26414,NO_REPLENISH,70,0.013260529992244726,0.2800000000000001
26414,NO_REPLENISH,71,0.013223008373845243,0.2800000000000001
26414,NO_REPLENISH,72,0.013249296427220178,0.2800000000000001
26414,NO_REPLENISH,73,0.0131917369302548,0.2800000000000001
26414,NO_REPLENISH,74,0.013157745610631903,0.2800000000000001
26414,NO_REPLENISH,75,0.013194615718546595,0.2800000000000001
26414,NO_REPLENISH,76,0.013306954328764437,0.2800000000000001
26414,NO_REPLENISH,77,0.013094366950878988,0.2800000000000001
26414,NO_REPLENISH,78,0.013347506000039927,0.2800000000000001
26414,NO_REPLENISH,79,0.01330471037172321,0.2800000000000001
26414,NO_REPLENISH,80,0.013190997405126345,0.2800000000000001
26414,NO_REPLENISH,81,0.013214097618119527,0.2800000000000001
26414,NO_REPLENISH,82,0.013331408816290052,0.2800000000000001
26414,NO_REPLENISH,83,0.01326651508869387,0.2800000000000001
26414,NO_REPLENISH,84,0.013213892702223319,0.2800000000000001
26414,NO_REPLENISH,85,0.013290665612088826,0.2800000000000001
26414,NO_REPLENISH,86,0.013306165714684806,0.2800000000000001
26414,NO_REPLENISH,87,0.013389194604756766,0.2800000000000001
26414,NO_REPLENISH,88,0.013326802898593977,0.2800000000000001
26414,NO_REPLENISH,89,0.013330765456864216,0.2800000000000001
26414,NO_REPLENISH,90,0.01326354668321067,0.2800000000000001
26414,NO_REPLENISH,91,0.013189535312744284,0.2800000000000001
26414,NO_REPLENISH,92,0.013301051378465161,0.2800000000000001
26414,NO_REPLENISH,93,0.013280337204467777,0.2800000000000001
26414,NO_REPLENISH,94,0.013303410348077046,0.2800000000000001
26414,NO_REPLENISH,95,0.01328609352044531,0.2800000000000001
26414,NO_REPLENISH,96,0.013267778741038306,0.2800000000000001
26414,NO_REPLENISH,97,0.013208472590929101,0.2800000000000001
26414,NO_REPLENISH,98,0.013305574107788128,0.2800000000000001
26414,NO_REPLENISH,99,0.01329171269406614,0.2800000000000001
26414,NO_REPLENISH,100,0.013161146884934657,0.2800000000000001
26414,SMOOTH_TIME,1,0.016529101067988244,0.3485170590141093
26414,SMOOTH_TIME,2,0.019367249405346145,0.410513857783853
26414,SMOOTH_TIME,3,0.02202243170339602,0.4666108811091633
26414,SMOOTH_TIME,4,0.024298661757045783,0.5173695668543398
26414,SMOOTH_TIME,5,0.026587532404488523,0.5632979250069038
26414,SMOOTH_TIME,6,0.028783289155516655,0.604855622012301
26414,SMOOTH_TIME,7,0.030435659071467436,0.6424585812701852
26414,SMOOTH_TIME,8,0.03198356278018579,0.6764831458356005
26414,SMOOTH_TIME,9,0.03328977616587759,0.7072698449867687
26414,SMOOTH_TIME,10,0.03456216343346092,0.7351268023565617
26414,SMOOTH_TIME,11,0.03576727134630281,0.7603328197373828
26414,SMOOTH_TIME,12,0.036804902824530146,0.7831401674232145
26414,SMOOTH_TIME,13,0.03778035861357402,0.8037771090155114
26414,SMOOTH_TIME,14,0.038673301804159746,0.8224501859620433
26414,SMOOTH_TIME,15,0.03905160289018613,0.8393462846931304
26414,SMOOTH_TIME,16,0.040222019146168374,0.8546345070438478
26414,SMOOTH_TIME,17,0.04091285553971572,0.8684678626820314
26414,SMOOTH_TIME,18,0.04140663244728509,0.8809848004804577
26414,SMOOTH_TIME,19,0.0418688132681451,0.8923105941597028
26414,SMOOTH_TIME,20,0.04240695041328737,0.9025585960696388
26414,SMOOTH_TIME,21,0.043008569321910495,0.9118313716578529
26414,SMOOTH_TIME,22,0.043368708604503016,0.9202217259791197
26414,SMOOTH_TIME,23,0.04316925965936221,0.9278136325195815
26414,SMOOTH_TIME,24,0.04381049427018033,0.9346830736316231
26414,SMOOTH_TIME,25,0.0441503227449496,0.9408988009907927
26414,SMOOTH_TIME,26,0.044301863829115405,0.94652302368568
26414,SMOOTH_TIME,27,0.044802184238111276,0.9516120308273804
26414,SMOOTH_TIME,28,0.04524606905731996,0.9562167549098427
26414,SMOOTH_TIME,29,0.04480220682881111,0.960383281559387
26414,SMOOTH_TIME,30,0.044925844617314074,0.9641533107751381
26414,SMOOTH_TIME,31,0.04540129657234895,0.9675645742766382
26414,SMOOTH_TIME,32,0.04555584767579007,0.9706512131355765
26414,SMOOTH_TIME,33,0.045746491138656566,0.9734441194711073
26414,SMOOTH_TIME,34,0.04587842959169767,0.9759712456285653
26414,SMOOTH_TIME,35,0.04579546662063718,0.9782578839359305
26414,SMOOTH_TIME,36,0.04620724101970059,0.9803269198379495
26414,SMOOTH_TIME,37,0.046108273500428815,0.9821990609413559
26414,SMOOTH_TIME,38,0.04605624193425902,0.9838930442635606
26414,SMOOTH_TIME,39,0.04643381218978443,0.9854258237590211
26414,SMOOTH_TIME,40,0.04650102704660932,0.9868127400001113
26414,SMOOTH_TIME,41,0.0459616001982974,0.988067673710732
26414,SMOOTH_TIME,42,0.04631522259799414,0.9892031846892558
26414,SMOOTH_TIME,43,0.046238011302031055,0.9902306375112157
26414,SMOOTH_TIME,44,0.04636909183063718,0.9911603152697909
26414,SMOOTH_TIME,45,0.045904631787755716,0.9920015224924655
26414,SMOOTH_TIME,46,0.046578846945472076,0.9927626782638638
26414,SMOOTH_TIME,47,0.0468442380128272,0.9934514004867788
26414,SMOOTH_TIME,48,0.04623346294802582,0.9940745821247053
26414,SMOOTH_TIME,49,0.046479993802352626,0.9946384601889343
26414,SMOOTH_TIME,50,0.046612049665502274,0.9951486781606586
26414,SMOOTH_TIME,51,0.046750779767187535,0.9956103424728285
26414,SMOOTH_TIME,52,0.04667369110296804,0.9960280736170524
26414,SMOOTH_TIME,53,0.046687022881486386,0.9964060523870247
26414,SMOOTH_TIME,54,0.0465994594709978,0.9967480617213192
26414,SMOOTH_TIME,55,0.04648350076480288,0.997057524564306
26414,SMOOTH_TIME,56,0.04658089332206158,0.997337538124132
26414,SMOOTH_TIME,57,0.046792340779075035,0.9975909048706205
26414,SMOOTH_TIME,58,0.04703082666222924,0.9978201605833292
26414,SMOOTH_TIME,59,0.04678786704083574,0.9980275997304866
26414,SMOOTH_TIME,60,0.04694373807087967,0.9982152984328002
26414,SMOOTH_TIME,61,0.0468878794631476,0.99838513524197
26414,SMOOTH_TIME,62,0.04701075491930154,0.998538809941867
26414,SMOOTH_TIME,63,0.046607695007361526,0.9986778605605392
26414,SMOOTH_TIME,64,0.04684949567863881,0.9988036787633147
26414,SMOOTH_TIME,65,0.04705626038205723,0.9989175237810562
26414,SMOOTH_TIME,66,0.046910538813765036,0.9990205350129654
26414,SMOOTH_TIME,67,0.04746466941550076,0.9991137434300749
26414,SMOOTH_TIME,68,0.047216313339592086,0.9991980818935514
26414,SMOOTH_TIME,69,0.04728386863871464,0.999274394491085
26414,SMOOTH_TIME,70,0.046898933329359814,0.9993434449848008
26414,SMOOTH_TIME,71,0.04677089109052579,0.9994059244552483
26414,SMOOTH_TIME,72,0.04686612650122989,0.9994624582179691
26414,SMOOTH_TIME,73,0.04666778094944222,0.9995136120818605
26414,SMOOTH_TIME,74,0.04655163360754403,0.9995598980119863
26414,SMOOTH_TIME,75,0.04668222700094097,0.9996017792534938
26414,SMOOTH_TIME,76,0.047073783490566824,0.9996396749679229
26414,SMOOTH_TIME,77,0.04633833222969577,0.9996739644283216
26414,SMOOTH_TIME,78,0.04721674664695416,0.9997049908151344
26414,SMOOTH_TIME,79,0.04706902691574714,0.9997330646508692
26414,SMOOTH_TIME,80,0.04667819682447377,0.99975846690791
26414,SMOOTH_TIME,81,0.0467581748799468,0.9997814518205832
26414,SMOOTH_TIME,82,0.04716507970212878,0.9998022494296203
26414,SMOOTH_TIME,83,0.04694037128438699,0.9998210678844827
26414,SMOOTH_TIME,84,0.04675876644927957,0.9998380955265914
26414,SMOOTH_TIME,85,0.04702705976607724,0.9998535027743126
26414,SMOOTH_TIME,86,0.0470811223545313,0.9998674438285596
26414,SMOOTH_TIME,87,0.047369429245011585,0.9998800582160889
26414,SMOOTH_TIME,88,0.04715311866270594,0.9998914721859312
26414,SMOOTH_TIME,89,0.0471680773026514,0.999901799972933
26414,SMOOTH_TIME,90,0.04693518644171413,0.9999111449410575
26414,SMOOTH_TIME,91,0.0466786139474476,0.9999196006178869
26414,SMOOTH_TIME,92,0.0470668520626451,0.9999272516306772
26414,SMOOTH_TIME,93,0.04699489620385997,0.9999341745533356
26414,SMOOTH_TIME,94,0.04707483297032383,0.9999404386727994
26414,SMOOTH_TIME,95,0.04701608635573271,0.999946106682481
26414,SMOOTH_TIME,96,0.04695155346778912,0.9999512353097266
26414,SMOOTH_TIME,97,0.04674554587083535,0.9999558758835616
26414,SMOOTH_TIME,98,0.047083778220460226,0.9999600748484087
26414,SMOOTH_TIME,99,0.04703457310125427,0.9999638742289195
26414,SMOOTH_TIME,100,0.046583421946935454,0.9999673120505713
26414,HARD_STEP,1,0.01328152493531864,0.2800000000000001
26414,HARD_STEP,2,0.013214529315966414,0.2800000000000001
26414,HARD_STEP,3,0.013224431152074475,0.2800000000000001
26414,HARD_STEP,4,0.013164984224062903,0.2800000000000001
26414,HARD_STEP,5,0.013236917221808748,0.2800000000000001
26414,HARD_STEP,6,0.013352519401657983,0.2800000000000001
26414,HARD_STEP,7,0.01329827251685752,0.2800000000000001
26414,HARD_STEP,8,0.013277610335051695,0.2800000000000001
26414,HARD_STEP,9,0.013223333461821635,0.2800000000000001
26414,HARD_STEP,10,0.01321323336624527,0.2800000000000001
26414,HARD_STEP,11,0.013225797282722036,0.2800000000000001
26414,HARD_STEP,12,0.013217613193842593,0.2800000000000001
26414,HARD_STEP,13,0.046850098010434806,1.0
26414,HARD_STEP,14,0.0468822107334008,1.0
26414,HARD_STEP,15,0.046401528052480205,1.0
26414,HARD_STEP,16,0.04694718931498256,1.0
26414,HARD_STEP,17,0.04700391127243492,1.0
26414,HARD_STEP,18,0.04690615422961874,1.0
26414,HARD_STEP,19,0.046836809542969614,1.0
26414,HARD_STEP,20,0.04690725275361537,1.0
26414,HARD_STEP,21,0.04709939278388783,1.0
26414,HARD_STEP,22,0.047065955359921564,1.0
26414,HARD_STEP,23,0.04647498267727044,1.0
26414,HARD_STEP,24,0.04682530757546525,1.0
26414,HARD_STEP,25,0.04687957441202647,1.0
26414,HARD_STEP,26,0.04676650727338135,1.0
26414,HARD_STEP,27,0.047046523551673214,1.0
26414,HARD_STEP,28,0.04728786645489815,1.0
26414,HARD_STEP,29,0.04662660350462222,1.0
26414,HARD_STEP,30,0.046573890085177407,1.0
26414,HARD_STEP,31,0.04690413362954523,1.0
26414,HARD_STEP,32,0.04691641139549877,1.0
26414,HARD_STEP,33,0.046979569913040864,1.0
26414,HARD_STEP,34,0.046996308197252014,1.0
26414,HARD_STEP,35,0.04680237289454537,1.0
26414,HARD_STEP,36,0.04712625212998176,1.0
26414,HARD_STEP,37,0.04693832255601943,1.0
26414,HARD_STEP,38,0.04680560093782671,1.0
26414,HARD_STEP,39,0.04711598080815247,1.0
26414,HARD_STEP,40,0.04712132808435552,1.0
26414,HARD_STEP,41,0.04651574389059789,1.0
26414,HARD_STEP,42,0.04682201769251884,1.0
26414,HARD_STEP,43,0.04669623001607722,1.0
26414,HARD_STEP,44,0.04678481262975795,1.0
26414,HARD_STEP,45,0.046276904314008625,1.0
26414,HARD_STEP,46,0.04692194928526871,1.0
26414,HARD_STEP,47,0.04715666742516209,1.0
26414,HARD_STEP,48,0.046513450149979645,1.0
26414,HARD_STEP,49,0.046734628537548444,1.0
26414,HARD_STEP,50,0.046844022866435485,1.0
26414,HARD_STEP,51,0.046962140370425766,1.0
26414,HARD_STEP,52,0.04686591345597594,1.0
26414,HARD_STEP,53,0.046861941492834326,1.0
26414,HARD_STEP,54,0.04675855183708708,1.0
26414,HARD_STEP,55,0.04662596008536274,1.0
26414,HARD_STEP,56,0.04671315354250875,1.0
26414,HARD_STEP,57,0.04691362772340781,1.0
26414,HARD_STEP,58,0.0471416321004178,1.0
26414,HARD_STEP,59,0.04689010895961112,1.0
26414,HARD_STEP,60,0.04703550593590341,1.0
26414,HARD_STEP,61,0.04697247522832285,1.0
26414,HARD_STEP,62,0.04708735539985598,1.0
26414,HARD_STEP,63,0.04667722430508614,1.0
26414,HARD_STEP,64,0.04691335479296436,1.0
26414,HARD_STEP,65,0.04711666170757064,1.0
26414,HARD_STEP,66,0.0469656621984215,1.0
26414,HARD_STEP,67,0.047515997615334725,1.0
26414,HARD_STEP,68,0.0472640329496114,1.0
26414,HARD_STEP,69,0.047328358580597196,1.0
26414,HARD_STEP,70,0.0469385423300309,1.0
26414,HARD_STEP,71,0.046808646860385585,1.0
26414,HARD_STEP,72,0.04690093367561443,1.0
26414,HARD_STEP,73,0.04669976708934143,1.0
26414,HARD_STEP,74,0.046580671522428764,1.0
26414,HARD_STEP,75,0.046710284196806194,1.0
26414,HARD_STEP,76,0.04709980817767354,1.0
26414,HARD_STEP,77,0.046361722790631665,1.0
26414,HARD_STEP,78,0.047239590806541144,1.0
26414,HARD_STEP,79,0.04709289775553787,1.0
26414,HARD_STEP,80,0.0466991692997335,1.0
26414,HARD_STEP,81,0.0467768124814902,1.0
26414,HARD_STEP,82,0.047185051085921415,1.0
26414,HARD_STEP,83,0.046959692336947606,1.0
26414,HARD_STEP,84,0.04677649724418381,1.0
26414,HARD_STEP,85,0.04704191985044867,1.0
26414,HARD_STEP,86,0.047096292108044745,1.0
26414,HARD_STEP,87,0.04738461016364657,1.0
26414,HARD_STEP,88,0.04716810574781832,1.0
26414,HARD_STEP,89,0.04718279398639024,1.0
26414,HARD_STEP,90,0.04694932289543435,1.0
26414,HARD_STEP,91,0.046691786343151624,1.0
26414,HARD_STEP,92,0.047079811641152096,1.0
26414,HARD_STEP,93,0.04700755703478926,1.0
26414,HARD_STEP,94,0.04708716986507544,1.0
26414,HARD_STEP,95,0.047027058813881334,1.0
26414,HARD_STEP,96,0.04696434833409722,1.0
26414,HARD_STEP,97,0.04675986520536616,1.0
26414,HARD_STEP,98,0.04709561472441196,1.0
26414,HARD_STEP,99,0.04704648575440993,1.0
26414,HARD_STEP,100,0.046595740033786394,1.0
26414,REFRACTORY_TIME,1,0.013291366786954945,0.2800000000000001
26414,REFRACTORY_TIME,2,0.013224396515048184,0.2800000000000001
26414,REFRACTORY_TIME,3,0.013234236211846712,0.2800000000000001
26414,REFRACTORY_TIME,4,0.013174808386056362,0.2800000000000001
26414,REFRACTORY_TIME,5,0.013246797703724089,0.2800000000000001
26414,REFRACTORY_TIME,6,0.013362517578959274,0.2800000000000001
26414,REFRACTORY_TIME,7,0.013308209530839665,0.2800000000000001
26414,REFRACTORY_TIME,8,0.013287433626965836,0.2800000000000001
26414,REFRACTORY_TIME,9,0.01323308568087223,0.2800000000000001
26414,REFRACTORY_TIME,10,0.0132230848464341,0.2800000000000001
26414,REFRACTORY_TIME,11,0.013235746885793626,0.2800000000000001
26414,REFRACTORY_TIME,12,0.013227533885902204,0.2800000000000001
26414,REFRACTORY_TIME,13,0.016472208925602073,0.3485170590141093
26414,REFRACTORY_TIME,14,0.019411095663904542,0.410513857783853
26414,REFRACTORY_TIME,15,0.021826724167996803,0.4666108811091633
26414,REFRACTORY_TIME,16,0.02447996336806475,0.5173695668543398
26414,REFRACTORY_TIME,17,0.0266733701097227,0.5632979250069038
26414,REFRACTORY_TIME,18,0.0285679248491708,0.604855622012301
26414,REFRACTORY_TIME,19,0.030285380210208972,0.6424585812701852
26414,REFRACTORY_TIME,20,0.031924950405192394,0.6764831458356005
26414,REFRACTORY_TIME,21,0.033500458543847374,0.7072698449867687
26414,REFRACTORY_TIME,22,0.03478221867399917,0.7351268023565617
26414,REFRACTORY_TIME,23,0.03550631170478663,0.7603328197373828
26414,REFRACTORY_TIME,24,0.036835702088535156,0.7831401674232145
26414,REFRACTORY_TIME,25,0.03783971215002466,0.8037771090155114
26414,REFRACTORY_TIME,26,0.03861301483073628,0.8224501859620433
26414,REFRACTORY_TIME,27,0.03963238355664828,0.8393462846931304
26414,REFRACTORY_TIME,28,0.04055268826539206,0.8546345070438478
26414,REFRACTORY_TIME,29,0.0406193198163983,0.8684678626820314
26414,REFRACTORY_TIME,30,0.04115125365644751,0.8809848004804577
26414,REFRACTORY_TIME,31,0.04196795693298736,0.8923105941597028
26414,REFRACTORY_TIME,32,0.042454141980226325,0.9025585960696388
26414,REFRACTORY_TIME,33,0.042941274651463975,0.9118313716578529
26414,REFRACTORY_TIME,34,0.04334454468196488,0.9202217259791197
26414,REFRACTORY_TIME,35,0.04351705190469335,0.9278136325195815
26414,REFRACTORY_TIME,36,0.044137730084882955,0.9346830736316231
26414,REFRACTORY_TIME,37,0.04424741148545352,0.9408988009907927
26414,REFRACTORY_TIME,38,0.04438124472071431,0.94652302368568
26414,REFRACTORY_TIME,39,0.0449134181019712,0.9516120308273804
26414,REFRACTORY_TIME,40,0.0451295846736846,0.9562167549098427
26414,REFRACTORY_TIME,41,0.04474036534461825,0.960383281559387
26414,REFRACTORY_TIME,42,0.04520857962999938,0.9641533107751381
26414,REFRACTORY_TIME,43,0.0452433467836203,0.9675645742766382
26414,REFRACTORY_TIME,44,0.04547214796400175,0.9706512131355765
26414,REFRACTORY_TIME,45,0.045105802332404216,0.9734441194711073
26414,REFRACTORY_TIME,46,0.04585085150360547,0.9759712456285653
26414,REFRACTORY_TIME,47,0.04618672508955348,0.9782578839359305
26414,REFRACTORY_TIME,48,0.04565023141487381,0.9803269198379495
26414,REFRACTORY_TIME,49,0.0459551426651422,0.9821990609413559
26414,REFRACTORY_TIME,50,0.04614061239055659,0.9838930442635606
26414,REFRACTORY_TIME,51,0.04632696112986983,0.9854258237590211
26414,REFRACTORY_TIME,52,0.04629639274540578,0.9868127400001113
26414,REFRACTORY_TIME,53,0.04634977729799797,0.988067673710732
26414,REFRACTORY_TIME,54,0.046299022601418584,0.9892031846892558
26414,REFRACTORY_TIME,55,0.04621690944048371,0.9902306375112157
26414,REFRACTORY_TIME,56,0.046343512140384874,0.9911603152697909
26414,REFRACTORY_TIME,57,0.04658187625493628,0.9920015224924655
26414,REFRACTORY_TIME,58,0.04684408076716484,0.9927626782638638
26414,REFRACTORY_TIME,59,0.04662394950047458,0.9934514004867788
26414,REFRACTORY_TIME,60,0.04679918752785064,0.9940745821247053
26414,REFRACTORY_TIME,61,0.046761820712610334,0.9946384601889343
26414,REFRACTORY_TIME,62,0.04690061002338686,0.9951486781606586
26414,REFRACTORY_TIME,63,0.04651378559347733,0.9956103424728285
26414,REFRACTORY_TIME,64,0.0467676453492005,0.9960280736170524
26414,REFRACTORY_TIME,65,0.04698683997339723,0.9964060523870247
26414,REFRACTORY_TIME,66,0.04685277229518784,0.9967480617213192
26414,REFRACTORY_TIME,67,0.04741644283229653,0.997057524564306
26414,REFRACTORY_TIME,68,0.047176883313849095,0.997337538124132
26414,REFRACTORY_TIME,69,0.04725288662178401,0.9975909048706205
26414,REFRACTORY_TIME,70,0.04687482000639659,0.9978201605833292
26414,REFRACTORY_TIME,71,0.04675471292170593,0.9980275997304866
26414,REFRACTORY_TIME,72,0.046854821177636674,0.9982152984328002
26414,REFRACTORY_TIME,73,0.04666308529415706,0.99838513524197
26414,REFRACTORY_TIME,74,0.046551329981978556,0.998538809941867
26414,REFRACTORY_TIME,75,0.046686285466001815,0.9986778605605392
26414,REFRACTORY_TIME,76,0.04708217846461682,0.9988036787633147
26414,REFRACTORY_TIME,77,0.04634917209954278,0.9989175237810562
26414,REFRACTORY_TIME,78,0.04723263434252728,0.9990205350129654
26414,REFRACTORY_TIME,79,0.047087775202979236,0.9991137434300749
26414,REFRACTORY_TIME,80,0.04669829248848304,0.9991980818935514
26414,REFRACTORY_TIME,81,0.04678162550489728,0.999274394491085
26414,REFRACTORY_TIME,82,0.04719081597548171,0.9993434449848008
26414,REFRACTORY_TIME,83,0.04696825828293538,0.9994059244552483
26414,REFRACTORY_TIME,84,0.04678879012969561,0.9994624582179691
26414,REFRACTORY_TIME,85,0.047058168975381676,0.9995136120818605
26414,REFRACTORY_TIME,86,0.04711383738835245,0.9995598980119863
26414,REFRACTORY_TIME,87,0.04740333926305052,0.9996017792534938
26414,REFRACTORY_TIME,88,0.04718852856764525,0.9996396749679229
26414,REFRACTORY_TIME,89,0.04720471500505341,0.9996739644283216
26414,REFRACTORY_TIME,90,0.04697279329661678,0.9997049908151344
26414,REFRACTORY_TIME,91,0.04671627746054586,0.9997330646508692
26414,REFRACTORY_TIME,92,0.04710627066063781,0.99975846690791
26414,REFRACTORY_TIME,93,0.04703486405973195,0.9997814518205832
26414,REFRACTORY_TIME,94,0.04711569409481222,0.9998022494296203
26414,REFRACTORY_TIME,95,0.047056240316498986,0.9998210678844827
26414,REFRACTORY_TIME,96,0.04699327616788753,0.9998380955265914
26414,REFRACTORY_TIME,97,0.046787652485118424,0.9998535027743126
26414,REFRACTORY_TIME,98,0.04712648823206228,0.9998674438285596
26414,REFRACTORY_TIME,99,0.047078613869241476,0.9998800582160889
26414,REFRACTORY_TIME,100,0.046626614497166624,0.9998914721859312
26415,NO_REPLENISH,1,0.013273410672909623,0.2800000000000001
26415,NO_REPLENISH,2,0.013230582509683462,0.2800000000000001
26415,NO_REPLENISH,3,0.013302523563508835,0.2800000000000001
26415,NO_REPLENISH,4,0.013211180120718589,0.2800000000000001
26415,NO_REPLENISH,5,0.013280160238534575,0.2800000000000001
26415,NO_REPLENISH,6,0.01323941926582855,0.2800000000000001
26415,NO_REPLENISH,7,0.013207860748205567,0.2800000000000001
26415,NO_REPLENISH,8,0.013273639203734209,0.2800000000000001
26415,NO_REPLENISH,9,0.013171095327397622,0.2800000000000001
26415,NO_REPLENISH,10,0.013238537041895737,0.2800000000000001
26415,NO_REPLENISH,11,0.013204862565635507,0.2800000000000001
26415,NO_REPLENISH,12,0.013363104241767926,0.2800000000000001
26415,NO_REPLENISH,13,0.013203982999052509,0.2800000000000001
26415,NO_REPLENISH,14,0.013288405816592427,0.2800000000000001
26415,NO_REPLENISH,15,0.013190289719316184,0.2800000000000001
26415,NO_REPLENISH,16,0.013335494691035302,0.2800000000000001
26415,NO_REPLENISH,17,0.01321289836675662,0.2800000000000001
26415,NO_REPLENISH,18,0.01313423791369095,0.2800000000000001
26415,NO_REPLENISH,19,0.013283696766230072,0.2800000000000001
26415,NO_REPLENISH,20,0.01313037926218401,0.2800000000000001
26415,NO_REPLENISH,21,0.013174512776085287,0.2800000000000001
26415,NO_REPLENISH,22,0.013306670102011893,0.2800000000000001
26415,NO_REPLENISH,23,0.013247825830977633,0.2800000000000001
26415,NO_REPLENISH,24,0.01315765992524654,0.2800000000000001
26415,NO_REPLENISH,25,0.013253627492488124,0.2800000000000001
26415,NO_REPLENISH,26,0.013262108553684482,0.2800000000000001
26415,NO_REPLENISH,27,0.013185431355059146,0.2800000000000001
26415,NO_REPLENISH,28,0.013300227139573219,0.2800000000000001
26415,NO_REPLENISH,29,0.013249096789448786,0.2800000000000001
26415,NO_REPLENISH,30,0.013296514297283646,0.2800000000000001
26415,NO_REPLENISH,31,0.013272860979386916,0.2800000000000001
26415,NO_REPLENISH,32,0.013242065963648283,0.2800000000000001
26415,NO_REPLENISH,33,0.01321363125290815,0.2800000000000001
26415,NO_REPLENISH,34,0.013239459121956218,0.2800000000000001
26415,NO_REPLENISH,35,0.013283482430364785,0.2800000000000001
26415,NO_REPLENISH,36,0.01327330968751439,0.2800000000000001
26415,NO_REPLENISH,37,0.013230680821531587,0.2800000000000001
26415,NO_REPLENISH,38,0.013327452996954745,0.2800000000000001
26415,NO_REPLENISH,39,0.013258034266897076,0.2800000000000001
26415,NO_REPLENISH,40,0.013287239606288956,0.2800000000000001
26415,NO_REPLENISH,41,0.01316123878679392,0.2800000000000001
26415,NO_REPLENISH,42,0.013250896025354389,0.2800000000000001
26415,NO_REPLENISH,43,0.013281344138610247,0.2800000000000001
26415,NO_REPLENISH,44,0.013265366670262041,0.2800000000000001
26415,NO_REPLENISH,45,0.013289057303868403,0.2800000000000001
26415,NO_REPLENISH,46,0.013209517117335956,0.2800000000000001
26415,NO_REPLENISH,47,0.013180493608578583,0.2800000000000001
26415,NO_REPLENISH,48,0.013197947463903119,0.2800000000000001
26415,NO_REPLENISH,49,0.013208989108063715,0.2800000000000001
26415,NO_REPLENISH,50,0.013261174298289597,0.2800000000000001
26415,NO_REPLENISH,51,0.013170987151557617,0.2800000000000001
26415,NO_REPLENISH,52,0.013276843057988522,0.2800000000000001
26415,NO_REPLENISH,53,0.013186490335998127,0.2800000000000001
26415,NO_REPLENISH,54,0.013215596640306077,0.2800000000000001
26415,NO_REPLENISH,55,0.013278604240188008,0.2800000000000001
26415,NO_REPLENISH,56,0.013290438237493754,0.2800000000000001
26415,NO_REPLENISH,57,0.013246295351432966,0.2800000000000001
26415,NO_REPLENISH,58,0.01338272022390609,0.2800000000000001
26415,NO_REPLENISH,59,0.013183659866392597,0.2800000000000001
26415,NO_REPLENISH,60,0.013270662375556677,0.2800000000000001
26415,NO_REPLENISH,61,0.013248130765708278,0.2800000000000001
26415,NO_REPLENISH,62,0.013236835482162923,0.2800000000000001
26415,NO_REPLENISH,63,0.01324484414736804,0.2800000000000001
26415,NO_REPLENISH,64,0.013272599489079391,0.2800000000000001
26415,NO_REPLENISH,65,0.013297071593496482,0.2800000000000001
26415,NO_REPLENISH,66,0.013230494521015906,0.2800000000000001
26415,NO_REPLENISH,67,0.013124466409069052,0.2800000000000001
26415,NO_REPLENISH,68,0.013210243432628707,0.2800000000000001
26415,NO_REPLENISH,69,0.013259044728630362,0.2800000000000001
26415,NO_REPLENISH,70,0.01316085241398429,0.2800000000000001
26415,NO_REPLENISH,71,0.013266535850087418,0.2800000000000001
26415,NO_REPLENISH,72,0.013346471853845769,0.2800000000000001
26415,NO_REPLENISH,73,0.01316234718623715,0.2800000000000001
26415,NO_REPLENISH,74,0.013268556272385485,0.2800000000000001
26415,NO_REPLENISH,75,0.013195504578199957,0.2800000000000001
26415,NO_REPLENISH,76,0.013354365982825939,0.2800000000000001
26415,NO_REPLENISH,77,0.0132060571053508,0.2800000000000001
26415,NO_REPLENISH,78,0.01323894047322712,0.2800000000000001
26415,NO_REPLENISH,79,0.013150918621613815,0.2800000000000001
26415,NO_REPLENISH,80,0.013133021744722443,0.2800000000000001
26415,NO_REPLENISH,81,0.013178920453814079,0.2800000000000001
26415,NO_REPLENISH,82,0.013239858457018921,0.2800000000000001
26415,NO_REPLENISH,83,0.013328427220186295,0.2800000000000001
26415,NO_REPLENISH,84,0.013231058902867451,0.2800000000000001
26415,NO_REPLENISH,85,0.013239302419326276,0.2800000000000001
26415,NO_REPLENISH,86,0.013332734538757503,0.2800000000000001
26415,NO_REPLENISH,87,0.01326529271776687,0.2800000000000001
26415,NO_REPLENISH,88,0.013321860681935124,0.2800000000000001
26415,NO_REPLENISH,89,0.013240792213621263,0.2800000000000001
26415,NO_REPLENISH,90,0.013202461014673905,0.2800000000000001
26415,NO_REPLENISH,91,0.013212723196777873,0.2800000000000001
26415,NO_REPLENISH,92,0.013266326523347109,0.2800000000000001
26415,NO_REPLENISH,93,0.01326837147390404,0.2800000000000001
26415,NO_REPLENISH,94,0.013165161551179118,0.2800000000000001
26415,NO_REPLENISH,95,0.01322564154411097,0.2800000000000001
26415,NO_REPLENISH,96,0.013222521606258275,0.2800000000000001
26415,NO_REPLENISH,97,0.013216511126307553,0.2800000000000001
26415,NO_REPLENISH,98,0.013219287016714274,0.2800000000000001
26415,NO_REPLENISH,99,0.013298474223960676,0.2800000000000001
26415,NO_REPLENISH,100,0.013158118460922921,0.2800000000000001
26415,SMOOTH_TIME,1,0.016526634324517436,0.3485170590141093
26415,SMOOTH_TIME,2,0.019398963899402936,0.410513857783853
26415,SMOOTH_TIME,3,0.022161487431063793,0.4666108811091633
26415,SMOOTH_TIME,4,0.02439401543476008,0.5173695668543398
26415,SMOOTH_TIME,5,0.026685933081955177,0.5632979250069038
26415,SMOOTH_TIME,6,0.028554211481493185,0.604855622012301
26415,SMOOTH_TIME,7,0.03024407884110451,0.6424585812701852
26415,SMOOTH_TIME,8,0.031989317850299175,0.6764831458356005
26415,SMOOTH_TIME,9,0.03317530121768727,0.7072698449867687
26415,SMOOTH_TIME,10,0.03464211636096251,0.7351268023565617
26415,SMOOTH_TIME,11,0.03572684935274099,0.7603328197373828
26415,SMOOTH_TIME,12,0.03722211630817962,0.7831401674232145
26415,SMOOTH_TIME,13,0.03774188398174459,0.8037771090155114
26415,SMOOTH_TIME,14,0.03884989739828996,0.8224501859620433
26415,SMOOTH_TIME,15,0.03934855587499062,0.8393462846931304
26415,SMOOTH_TIME,16,0.04048870498337944,0.8546345070438478
26415,SMOOTH_TIME,17,0.04076313878456325,0.8684678626820314
26415,SMOOTH_TIME,18,0.04109923326467487,0.8809848004804577
26415,SMOOTH_TIME,19,0.04208538139238625,0.8923105941597028
26415,SMOOTH_TIME,20,0.04207769469226106,0.9025585960696388
26415,SMOOTH_TIME,21,0.04264319876411236,0.9118313716578529
26415,SMOOTH_TIME,22,0.043454139314817904,0.9202217259791197
26415,SMOOTH_TIME,23,0.04361557152368745,0.9278136325195815
26415,SMOOTH_TIME,24,0.04363895960811792,0.9346830736316231
26415,SMOOTH_TIME,25,0.04423993247922229,0.9408988009907927
26415,SMOOTH_TIME,26,0.044526055475683037,0.94652302368568
26415,SMOOTH_TIME,27,0.04450730618017706,0.9516120308273804
26415,SMOOTH_TIME,28,0.045103284158849295,0.9562167549098427
26415,SMOOTH_TIME,29,0.045121796348326935,0.960383281559387
26415,SMOOTH_TIME,30,0.04545689196757166,0.9641533107751381
26415,SMOOTH_TIME,31,0.04553490139823776,0.9675645742766382
26415,SMOOTH_TIME,32,0.045573733553995875,0.9706512131355765
26415,SMOOTH_TIME,33,0.04560344998333746,0.9734441194711073
26415,SMOOTH_TIME,34,0.04580986479109043,0.9759712456285653
26415,SMOOTH_TIME,35,0.04606454262389531,0.9782578839359305
26415,SMOOTH_TIME,36,0.04612573908719736,0.9803269198379495
26415,SMOOTH_TIME,37,0.04606456598829131,0.9821990609413559
26415,SMOOTH_TIME,38,0.046475981903436964,0.9838930442635606
26415,SMOOTH_TIME,39,0.0463089124154849,0.9854258237590211
26415,SMOOTH_TIME,40,0.04647338564950329,0.9868127400001113
26415,SMOOTH_TIME,41,0.04609762603812808,0.988067673710732
26415,SMOOTH_TIME,42,0.04645762001955425,0.9892031846892558
26415,SMOOTH_TIME,43,0.04661061420376896,0.9902306375112157
26415,SMOOTH_TIME,44,0.04659934004917223,0.9911603152697909
26415,SMOOTH_TIME,45,0.04671908756834999,0.9920015224924655
26415,SMOOTH_TIME,46,0.046479320515518174,0.9927626782638638
26415,SMOOTH_TIME,47,0.04641033702077202,0.9934514004867788
26415,SMOOTH_TIME,48,0.046500165239694906,0.9940745821247053
26415,SMOOTH_TIME,49,0.04656421936793995,0.9946384601889343
26415,SMOOTH_TIME,50,0.046767138543398944,0.9951486781606586
26415,SMOOTH_TIME,51,0.04647843802530446,0.9956103424728285
26415,SMOOTH_TIME,52,0.04686195474145075,0.9960280736170524
26415,SMOOTH_TIME,53,0.04656670067304398,0.9964060523870247
26415,SMOOTH_TIME,54,0.046684257157289834,0.9967480617213192
26415,SMOOTH_TIME,55,0.0469161110865579,0.997057524564306
26415,SMOOTH_TIME,56,0.04697013735214195,0.997337538124132
26415,SMOOTH_TIME,57,0.046828668798226024,0.9975909048706205
26415,SMOOTH_TIME,58,0.04731131965345903,0.9978201605833292
26415,SMOOTH_TIME,59,0.046632353930114744,0.9980275997304866
26415,SMOOTH_TIME,60,0.04694223320328842,0.9982152984328002
26415,SMOOTH_TIME,61,0.046871755009761866,0.99838513524197
26415,SMOOTH_TIME,62,0.04684051792211242,0.998538809941867
26415,SMOOTH_TIME,63,0.04687283701102366,0.9986778605605392
26415,SMOOTH_TIME,64,0.04697541709361366,0.9988036787633147
26415,SMOOTH_TIME,65,0.04706555432046298,0.9989175237810562
26415,SMOOTH_TIME,66,0.046839420326682486,0.9990205350129654
26415,SMOOTH_TIME,67,0.04647664649130669,0.9991137434300749
26415,SMOOTH_TIME,68,0.04677840602899663,0.9991980818935514
26415,SMOOTH_TIME,69,0.04695076780359877,0.999274394491085
26415,SMOOTH_TIME,70,0.04661155624302064,0.9993434449848008
26415,SMOOTH_TIME,71,0.046983375666287575,0.9994059244552483
26415,SMOOTH_TIME,72,0.04726113256269643,0.9994624582179691
26415,SMOOTH_TIME,73,0.04662528614518505,0.9995136120818605
26415,SMOOTH_TIME,74,0.046996742464362536,0.9995598980119863
26415,SMOOTH_TIME,75,0.046744771436528144,0.9996017792534938
26415,SMOOTH_TIME,76,0.04729782862664245,0.9996396749679229
26415,SMOOTH_TIME,77,0.04678518077852959,0.9996739644283216
26415,SMOOTH_TIME,78,0.04690112158911434,0.9997049908151344
26415,SMOOTH_TIME,79,0.04659553863416247,0.9997330646508692
26415,SMOOTH_TIME,80,0.04653639299518413,0.99975846690791
26415,SMOOTH_TIME,81,0.04669524818345117,0.9997814518205832
26415,SMOOTH_TIME,82,0.0469084115414301,0.9998022494296203
26415,SMOOTH_TIME,83,0.04721659284176527,0.9998210678844827
26415,SMOOTH_TIME,84,0.046878503564112876,0.9998380955265914
26415,SMOOTH_TIME,85,0.04690852143980321,0.9998535027743126
26415,SMOOTH_TIME,86,0.047232615618785605,0.9998674438285596
26415,SMOOTH_TIME,87,0.046999514609345656,0.9998800582160889
26415,SMOOTH_TIME,88,0.04719559974305556,0.9998914721859312
26415,SMOOTH_TIME,89,0.046916733824658115,0.999901799972933
26415,SMOOTH_TIME,90,0.046783296111847485,0.9999111449410575
26415,SMOOTH_TIME,91,0.04681972196030415,0.9999196006178869
26415,SMOOTH_TIME,92,0.047006160955164016,0.9999272516306772
26415,SMOOTH_TIME,93,0.047013237561009315,0.9999341745533356
26415,SMOOTH_TIME,94,0.04665489184990076,0.9999404386727994
26415,SMOOTH_TIME,95,0.04686556793765292,0.999946106682481
26415,SMOOTH_TIME,96,0.04685574082978211,0.9999512353097266
26415,SMOOTH_TIME,97,0.046833156232457464,0.9999558758835616
26415,SMOOTH_TIME,98,0.04684363273960062,0.9999600748484087
26415,SMOOTH_TIME,99,0.04712052878552622,0.9999638742289195
26415,SMOOTH_TIME,100,0.04663186943411618,0.9999673120505713
26415,HARD_STEP,1,0.013274079152902652,0.2800000000000001
26415,HARD_STEP,2,0.013231155713890644,0.2800000000000001
26415,HARD_STEP,3,0.013303169647943626,0.2800000000000001
26415,HARD_STEP,4,0.013211838731676848,0.2800000000000001
26415,HARD_STEP,5,0.013280836132035309,0.2800000000000001
26415,HARD_STEP,6,0.013239984580928607,0.2800000000000001
26415,HARD_STEP,7,0.013208437684055047,0.2800000000000001
26415,HARD_STEP,8,0.013274260768895587,0.2800000000000001
26415,HARD_STEP,9,0.013171800095676804,0.2800000000000001
26415,HARD_STEP,10,0.013239141341695855,0.2800000000000001
26415,HARD_STEP,11,0.013205475834015023,0.2800000000000001
26415,HARD_STEP,12,0.013363762161915108,0.2800000000000001
26415,HARD_STEP,13,0.04678077606523279,1.0
26415,HARD_STEP,14,0.047074363430958395,1.0
26415,HARD_STEP,15,0.04673258469963665,1.0
26415,HARD_STEP,16,0.047237215839209666,1.0
26415,HARD_STEP,17,0.046810972380760936,1.0
26415,HARD_STEP,18,0.04653950177452552,1.0
26415,HARD_STEP,19,0.047057417556615876,1.0
26415,HARD_STEP,20,0.046525487577174694,1.0
26415,HARD_STEP,21,0.04667789599979436,1.0
26415,HARD_STEP,22,0.04713784334239104,1.0
26415,HARD_STEP,23,0.04693328007466598,1.0
26415,HARD_STEP,24,0.046619626937075,1.0
26415,HARD_STEP,25,0.046954100963429744,1.0
26415,HARD_STEP,26,0.046982504492392795,1.0
26415,HARD_STEP,27,0.046715878209748006,1.0
26415,HARD_STEP,28,0.04711621146652753,1.0
26415,HARD_STEP,29,0.04693731773388551,1.0
26415,HARD_STEP,30,0.04710211285106349,1.0
26415,HARD_STEP,31,0.04701997782303658,1.0
26415,HARD_STEP,32,0.046913543776803374,1.0
26415,HARD_STEP,33,0.046813594517202635,1.0
26415,HARD_STEP,34,0.04690446561935288,1.0
26415,HARD_STEP,35,0.04705750092572977,1.0
26415,HARD_STEP,36,0.047022135518440804,1.0
26415,HARD_STEP,37,0.04687299129909769,1.0
26415,HARD_STEP,38,0.04721010124834305,1.0
26415,HARD_STEP,39,0.04696855772494868,1.0
26415,HARD_STEP,40,0.04706909629835588,1.0
26415,HARD_STEP,41,0.04663097660863739,1.0
26415,HARD_STEP,42,0.04694453876923973,1.0
26415,HARD_STEP,43,0.04704981001533979,1.0
26415,HARD_STEP,44,0.046994239658408245,1.0
26415,HARD_STEP,45,0.04707681596252428,1.0
26415,HARD_STEP,46,0.04679969612386511,1.0
26415,HARD_STEP,47,0.046699612438902215,1.0
26415,HARD_STEP,48,0.04676084982588968,1.0
26415,HARD_STEP,49,0.04679747742046114,1.0
26415,HARD_STEP,50,0.04697920272257955,1.0
26415,HARD_STEP,51,0.0466663641200164,1.0
26415,HARD_STEP,52,0.047034079069589806,1.0
26415,HARD_STEP,53,0.046719128962208735,1.0
26415,HARD_STEP,54,0.0468208327170899,1.0
26415,HARD_STEP,55,0.047039678081099455,1.0
26415,HARD_STEP,56,0.047081094240258324,1.0
26415,HARD_STEP,57,0.04692832306954408,1.0
26415,HARD_STEP,58,0.04740038314050549,1.0
26415,HARD_STEP,59,0.04671060609581221,1.0
26415,HARD_STEP,60,0.047012155347938456,1.0
26415,HARD_STEP,61,0.04693394117067474,1.0
26415,HARD_STEP,62,0.046895071291408685,1.0
26415,HARD_STEP,63,0.04692267045356271,1.0
26415,HARD_STEP,64,0.047019758649549194,1.0
26415,HARD_STEP,65,0.04710394904755488,1.0
26415,HARD_STEP,66,0.04687406794723947,1.0
26415,HARD_STEP,67,0.04650503829761099,1.0
26415,HARD_STEP,68,0.046802076721271374,1.0
26415,HARD_STEP,69,0.046972179553232296,1.0
26415,HARD_STEP,70,0.04663073110913988,1.0
26415,HARD_STEP,71,0.04699816273595552,1.0
26415,HARD_STEP,72,0.047274989654002675,1.0
26415,HARD_STEP,73,0.046636671606796465,1.0
26415,HARD_STEP,74,0.04700480047909508,1.0
26415,HARD_STEP,75,0.04675149200759232,1.0
26415,HARD_STEP,76,0.04730247182178989,1.0
26415,HARD_STEP,77,0.04678809026260896,1.0
26415,HARD_STEP,78,0.04690261676382454,1.0
26415,HARD_STEP,79,0.046596948784678245,1.0
26415,HARD_STEP,80,0.04653445471093507,1.0
26415,HARD_STEP,81,0.04669326944181549,1.0
26415,HARD_STEP,82,0.046905603177202417,1.0
26415,HARD_STEP,83,0.04721322500026737,1.0
26415,HARD_STEP,84,0.04687453648528676,1.0
26415,HARD_STEP,85,0.04690340505997279,1.0
26415,HARD_STEP,86,0.04722640316814968,1.0
26415,HARD_STEP,87,0.04699367951275298,1.0
26415,HARD_STEP,88,0.04718959660726524,1.0
26415,HARD_STEP,89,0.04690820871095581,1.0
26415,HARD_STEP,90,0.046775712422662874,1.0
26415,HARD_STEP,91,0.04681129984601629,1.0
26415,HARD_STEP,92,0.04699793705843475,1.0
26415,HARD_STEP,93,0.04700436258658336,1.0
26415,HARD_STEP,94,0.04664565289113232,1.0
26415,HARD_STEP,95,0.04685592088246094,1.0
26415,HARD_STEP,96,0.046845650696149564,1.0
26415,HARD_STEP,97,0.04682439644945093,1.0
26415,HARD_STEP,98,0.04683348831311631,1.0
26415,HARD_STEP,99,0.04710927625666426,1.0
26415,HARD_STEP,100,0.04662180112618247,1.0
26415,REFRACTORY_TIME,1,0.013278975588577489,0.2800000000000001
26415,REFRACTORY_TIME,2,0.013236059541225849,0.2800000000000001
26415,REFRACTORY_TIME,3,0.013308045817219399,0.2800000000000001
26415,REFRACTORY_TIME,4,0.013216746609583364,0.2800000000000001
26415,REFRACTORY_TIME,5,0.013285833303846256,0.2800000000000001
26415,REFRACTORY_TIME,6,0.013244801027822412,0.2800000000000001
26415,REFRACTORY_TIME,7,0.01321341525637171,0.2800000000000001
26415,REFRACTORY_TIME,8,0.013279296183428081,0.2800000000000001
26415,REFRACTORY_TIME,9,0.013176634075489848,0.2800000000000001
26415,REFRACTORY_TIME,10,0.01324394340629421,0.2800000000000001
26415,REFRACTORY_TIME,11,0.0132103050011523,0.2800000000000001
26415,REFRACTORY_TIME,12,0.01336858476468288,0.2800000000000001
26415,REFRACTORY_TIME,13,0.01644224841050691,0.3485170590141093
26415,REFRACTORY_TIME,14,0.01948612258747841,0.410513857783853
26415,REFRACTORY_TIME,15,0.021978594919757066,0.4666108811091633
26415,REFRACTORY_TIME,16,0.024625500768608432,0.5173695668543398
26415,REFRACTORY_TIME,17,0.026554594180313904,0.5632979250069038
26415,REFRACTORY_TIME,18,0.028332514083426616,0.604855622012301
26415,REFRACTORY_TIME,19,0.030420163118111045,0.6424585812701852
26415,REFRACTORY_TIME,20,0.03165140683216891,0.6764831458356005
26415,REFRACTORY_TIME,21,0.03318825287079241,0.7072698449867687
26415,REFRACTORY_TIME,22,0.03482413988600705,0.7351268023565617
26415,REFRACTORY_TIME,23,0.035847144664317536,0.7603328197373828
26415,REFRACTORY_TIME,24,0.03666171060766529,0.7831401674232145
26415,REFRACTORY_TIME,25,0.03788735205943123,0.8037771090155114
26415,REFRACTORY_TIME,26,0.03877909213695615,0.8224501859620433
26415,REFRACTORY_TIME,27,0.03933912190454771,0.8393462846931304
26415,REFRACTORY_TIME,28,0.04039074068797754,0.8546345070438478
26415,REFRACTORY_TIME,29,0.04087821942023535,0.8684678626820314
26415,REFRACTORY_TIME,30,0.041604329168700833,0.8809848004804577
26415,REFRACTORY_TIME,31,0.04205696388125271,0.8923105941597028
26415,REFRACTORY_TIME,32,0.042436075349116864,0.9025585960696388
26415,REFRACTORY_TIME,33,0.04277305570494966,0.9118313716578529
26415,REFRACTORY_TIME,34,0.04324428949957554,0.9202217259791197
26415,REFRACTORY_TIME,35,0.043737256703271714,0.9278136325195815
26415,REFRACTORY_TIME,36,0.04402238532977983,0.9346830736316231
26415,REFRACTORY_TIME,37,0.044169770713489875,0.9408988009907927
26415,REFRACTORY_TIME,38,0.044749239279817395,0.94652302368568
26415,REFRACTORY_TIME,39,0.04475477781046052,0.9516120308273804
26415,REFRACTORY_TIME,40,0.04506441569595145,0.9562167549098427
26415,REFRACTORY_TIME,41,0.04483540602129019,0.960383281559387
26415,REFRACTORY_TIME,42,0.04531004789103573,0.9641533107751381
26415,REFRACTORY_TIME,43,0.045570296149161645,0.9675645742766382
26415,REFRACTORY_TIME,44,0.04565911266444148,0.9706512131355765
26415,REFRACTORY_TIME,45,0.04586884509791674,0.9734441194711073
26415,REFRACTORY_TIME,46,0.04571494897988765,0.9759712456285653
26415,REFRACTORY_TIME,47,0.04572062674407141,0.9782578839359305
26415,REFRACTORY_TIME,48,0.045876510480144385,0.9803269198379495
26415,REFRACTORY_TIME,49,0.045998485243248156,0.9821990609413559
26415,REFRACTORY_TIME,50,0.046256237315005326,0.9838930442635606
26415,REFRACTORY_TIME,51,0.04601846177073796,0.9854258237590211
26415,REFRACTORY_TIME,52,0.04644385455557664,0.9868127400001113
26415,REFRACTORY_TIME,53,0.04619104773115312,0.988067673710732
26415,REFRACTORY_TIME,54,0.046343444340728145,0.9892031846892558
26415,REFRACTORY_TIME,55,0.04660796757338761,0.9902306375112157
26415,REFRACTORY_TIME,56,0.04669171646332223,0.9911603152697909
26415,REFRACTORY_TIME,57,0.046577926497977935,0.9920015224924655
26415,REFRACTORY_TIME,58,0.047083337764456355,0.9927626782638638
26415,REFRACTORY_TIME,59,0.046429032491948456,0.9934514004867788
26415,REFRACTORY_TIME,60,0.04675821475918146,0.9940745821247053
26415,REFRACTORY_TIME,61,0.046706157168418416,0.9946384601889343
26415,REFRACTORY_TIME,62,0.04669077980862315,0.9951486781606586
26415,REFRACTORY_TIME,63,0.04673922828829217,0.9956103424728285
26415,REFRACTORY_TIME,64,0.04685460844137829,0.9960280736170524
26415,REFRACTORY_TIME,65,0.0469570060817632,0.9964060523870247
26415,REFRACTORY_TIME,66,0.04674307943869793,0.9967480617213192
26415,REFRACTORY_TIME,67,0.0463896608327228,0.997057524564306
26415,REFRACTORY_TIME,68,0.04669905374981009,0.997337538124132
26415,REFRACTORY_TIME,69,0.04687968886399432,0.9975909048706205
26415,REFRACTORY_TIME,70,0.04654968164352744,0.9978201605833292
26415,REFRACTORY_TIME,71,0.04692595154818454,0.9980275997304866
26415,REFRACTORY_TIME,72,0.047210897598520395,0.9982152984328002
26415,REFRACTORY_TIME,73,0.04658118487248456,0.99838513524197
26415,REFRACTORY_TIME,74,0.04695576831491688,0.998538809941867
26415,REFRACTORY_TIME,75,0.046708555402452466,0.9986778605605392
26415,REFRACTORY_TIME,76,0.04726608776711281,0.9988036787633147
26415,REFRACTORY_TIME,77,0.04675776326391765,0.9989175237810562
26415,REFRACTORY_TIME,78,0.04687634262169888,0.9990205350129654
26415,REFRACTORY_TIME,79,0.046575076156864646,0.9991137434300749
26415,REFRACTORY_TIME,80,0.046517164303682655,0.9991980818935514
26415,REFRACTORY_TIME,81,0.0466784419115115,0.999274394491085
26415,REFRACTORY_TIME,82,0.04689404685642168,0.9993434449848008
26415,REFRACTORY_TIME,83,0.047204703544395814,0.9994059244552483
26415,REFRACTORY_TIME,84,0.04686831738956829,0.9994624582179691
26415,REFRACTORY_TIME,85,0.04689954918408997,0.9995136120818605
26415,REFRACTORY_TIME,86,0.04722521989394448,0.9995598980119863
26415,REFRACTORY_TIME,87,0.0469935433586618,0.9996017792534938
26415,REFRACTORY_TIME,88,0.047192137594467144,0.9996396749679229
26415,REFRACTORY_TIME,89,0.046911939478175325,0.9996739644283216
26415,REFRACTORY_TIME,90,0.04678109223716656,0.9997049908151344
26415,REFRACTORY_TIME,91,0.04681729836108617,0.9997330646508692
26415,REFRACTORY_TIME,92,0.04700533632576917,0.99975846690791
26415,REFRACTORY_TIME,93,0.04701233799691431,0.9997814518205832
26415,REFRACTORY_TIME,94,0.046656384107883114,0.9998022494296203
26415,REFRACTORY_TIME,95,0.046865709277407186,0.9998210678844827
26415,REFRACTORY_TIME,96,0.046857206610845276,0.9998380955265914
26415,REFRACTORY_TIME,97,0.04683606304429747,0.9998535027743126
26415,REFRACTORY_TIME,98,0.04684556735155824,0.9998674438285596
26415,REFRACTORY_TIME,99,0.04712255065104909,0.9998800582160889
26415,REFRACTORY_TIME,100,0.04663534609707657,0.9998914721859312
26416,NO_REPLENISH,1,0.01320696076810457,0.2800000000000001
26416,NO_REPLENISH,2,0.013306009011042112,0.2800000000000001
26416,NO_REPLENISH,3,0.013211241628240116,0.2800000000000001
26416,NO_REPLENISH,4,0.013233619479396276,0.2800000000000001
26416,NO_REPLENISH,5,0.013121212126044406,0.2800000000000001
26416,NO_REPLENISH,6,0.013222905439926847,0.2800000000000001
26416,NO_REPLENISH,7,0.013242398440175843,0.2800000000000001
26416,NO_REPLENISH,8,0.013239499903570965,0.2800000000000001
26416,NO_REPLENISH,9,0.013164955979121096,0.2800000000000001
26416,NO_REPLENISH,10,0.013160301447881122,0.2800000000000001
26416,NO_REPLENISH,11,0.013219209076507593,0.2800000000000001
26416,NO_REPLENISH,12,0.013228605771441715,0.2800000000000001
26416,NO_REPLENISH,13,0.013239090588052468,0.2800000000000001
26416,NO_REPLENISH,14,0.013204227654974579,0.2800000000000001
26416,NO_REPLENISH,15,0.013243245795251067,0.2800000000000001
26416,NO_REPLENISH,16,0.013274678878642615,0.2800000000000001
26416,NO_REPLENISH,17,0.013190441941057845,0.2800000000000001
26416,NO_REPLENISH,18,0.013184445732653033,0.2800000000000001
26416,NO_REPLENISH,19,0.013296605797177766,0.2800000000000001
26416,NO_REPLENISH,20,0.013251425962945346,0.2800000000000001
26416,NO_REPLENISH,21,0.013194798960571337,0.2800000000000001
26416,NO_REPLENISH,22,0.01324287988942357,0.2800000000000001
26416,NO_REPLENISH,23,0.013360713664846308,0.2800000000000001
26416,NO_REPLENISH,24,0.013310595268065705,0.2800000000000001
26416,NO_REPLENISH,25,0.013274865045102746,0.2800000000000001
26416,NO_REPLENISH,26,0.013201200300666455,0.2800000000000001
26416,NO_REPLENISH,27,0.013204081762478156,0.2800000000000001
26416,NO_REPLENISH,28,0.013150566502847431,0.2800000000000001
26416,NO_REPLENISH,29,0.013228304661101156,0.2800000000000001
26416,NO_REPLENISH,30,0.013206074607287519,0.2800000000000001
26416,NO_REPLENISH,31,0.013259677385030288,0.2800000000000001
26416,NO_REPLENISH,32,0.013274930912304294,0.2800000000000001
26416,NO_REPLENISH,33,0.013154984036342304,0.2800000000000001
26416,NO_REPLENISH,34,0.01339397000289942,0.2800000000000001
26416,NO_REPLENISH,35,0.013181406707845086,0.2800000000000001
26416,NO_REPLENISH,36,0.013181885061663366,0.2800000000000001
26416,NO_REPLENISH,37,0.013192019829269479,0.2800000000000001
26416,NO_REPLENISH,38,0.013258689824033295,0.2800000000000001
26416,NO_REPLENISH,39,0.013183566596618073,0.2800000000000001
26416,NO_REPLENISH,40,0.01334587330759488,0.2800000000000001
26416,NO_REPLENISH,41,0.013242108522319565,0.2800000000000001
26416,NO_REPLENISH,42,0.01327208164072561,0.2800000000000001
26416,NO_REPLENISH,43,0.01329593583850572,0.2800000000000001
26416,NO_REPLENISH,44,0.013236128377714707,0.2800000000000001
26416,NO_REPLENISH,45,0.013304373918583133,0.2800000000000001
26416,NO_REPLENISH,46,0.013259206513913649,0.2800000000000001
26416,NO_REPLENISH,47,0.01326876078807158,0.2800000000000001
26416,NO_REPLENISH,48,0.013307377865320658,0.2800000000000001
26416,NO_REPLENISH,49,0.013203287674432988,0.2800000000000001
26416,NO_REPLENISH,50,0.013106683019327459,0.2800000000000001
26416,NO_REPLENISH,51,0.013224456817141364,0.2800000000000001
26416,NO_REPLENISH,52,0.013201790767231608,0.2800000000000001
26416,NO_REPLENISH,53,0.01323532638662081,0.2800000000000001
26416,NO_REPLENISH,54,0.013080898050254077,0.2800000000000001
26416,NO_REPLENISH,55,0.01321765535547476,0.2800000000000001
26416,NO_REPLENISH,56,0.013281149880984333,0.2800000000000001
26416,NO_REPLENISH,57,0.013237361050239996,0.2800000000000001
26416,NO_REPLENISH,58,0.013183917666046702,0.2800000000000001
26416,NO_REPLENISH,59,0.013180347484817502,0.2800000000000001
26416,NO_REPLENISH,60,0.013121106296731294,0.2800000000000001
26416,NO_REPLENISH,61,0.013246534496570267,0.2800000000000001
26416,NO_REPLENISH,62,0.013260567352425189,0.2800000000000001
26416,NO_REPLENISH,63,0.013248166853883803,0.2800000000000001
26416,NO_REPLENISH,64,0.013123044490066876,0.2800000000000001
26416,NO_REPLENISH,65,0.013423229019012372,0.2800000000000001
26416,NO_REPLENISH,66,0.0132966000564673,0.2800000000000001
26416,NO_REPLENISH,67,0.013229058203817179,0.2800000000000001
26416,NO_REPLENISH,68,0.01322785949252414,0.2800000000000001
26416,NO_REPLENISH,69,0.01317100705633984,0.2800000000000001
26416,NO_REPLENISH,70,0.013216833505201137,0.2800000000000001
26416,NO_REPLENISH,71,0.013229382717747243,0.2800000000000001
26416,NO_REPLENISH,72,0.013268820179392266,0.2800000000000001
26416,NO_REPLENISH,73,0.013229963533099236,0.2800000000000001
26416,NO_REPLENISH,74,0.013310639726806128,0.2800000000000001
26416,NO_REPLENISH,75,0.013231924179936579,0.2800000000000001
26416,NO_REPLENISH,76,0.01327365342027025,0.2800000000000001
26416,NO_REPLENISH,77,0.013236343864749492,0.2800000000000001
26416,NO_REPLENISH,78,0.013190699753808622,0.2800000000000001
26416,NO_REPLENISH,79,0.013384760659231951,0.2800000000000001
26416,NO_REPLENISH,80,0.013147583707312093,0.2800000000000001
26416,NO_REPLENISH,81,0.013339642674656134,0.2800000000000001
26416,NO_REPLENISH,82,0.013222147693423877,0.2800000000000001
26416,NO_REPLENISH,83,0.013235524562338999,0.2800000000000001
26416,NO_REPLENISH,84,0.01328528800408837,0.2800000000000001
26416,NO_REPLENISH,85,0.013243283855189686,0.2800000000000001
26416,NO_REPLENISH,86,0.01322962635070681,0.2800000000000001
26416,NO_REPLENISH,87,0.01316213211941837,0.2800000000000001
26416,NO_REPLENISH,88,0.013208788076022415,0.2800000000000001
26416,NO_REPLENISH,89,0.013184690918985881,0.2800000000000001
26416,NO_REPLENISH,90,0.013225313264053878,0.2800000000000001
26416,NO_REPLENISH,91,0.013204087686746012,0.2800000000000001
26416,NO_REPLENISH,92,0.01325159172813431,0.2800000000000001
26416,NO_REPLENISH,93,0.013270591534901158,0.2800000000000001
26416,NO_REPLENISH,94,0.013116250380743233,0.2800000000000001
26416,NO_REPLENISH,95,0.013189541896120224,0.2800000000000001
26416,NO_REPLENISH,96,0.013130573350447075,0.2800000000000001
26416,NO_REPLENISH,97,0.013193400146347107,0.2800000000000001
26416,NO_REPLENISH,98,0.013210289956941965,0.2800000000000001
26416,NO_REPLENISH,99,0.013125541957902854,0.2800000000000001
26416,NO_REPLENISH,100,0.013266273002952517,0.2800000000000001
26416,SMOOTH_TIME,1,0.0164502077833882,0.3485170590141093
26416,SMOOTH_TIME,2,0.019516903480936983,0.410513857783853
26416,SMOOTH_TIME,3,0.022018542971128707,0.4666108811091633
26416,SMOOTH_TIME,4,0.024444734241362,0.5173695668543398
26416,SMOOTH_TIME,5,0.02637843747032885,0.5632979250069038
26416,SMOOTH_TIME,6,0.028529729066533355,0.604855622012301
26416,SMOOTH_TIME,7,0.030333550835717055,0.6424585812701852
26416,SMOOTH_TIME,8,0.03191899162591106,0.6764831458356005
26416,SMOOTH_TIME,9,0.03317205990258711,0.7072698449867687
26416,SMOOTH_TIME,10,0.034453262915789505,0.7351268023565617
26416,SMOOTH_TIME,11,0.035778676981600664,0.7603328197373828
26416,SMOOTH_TIME,12,0.03686554254077922,0.7831401674232145
26416,SMOOTH_TIME,13,0.03785373330237128,0.8037771090155114
26416,SMOOTH_TIME,14,0.03862065996174182,0.8224501859620433
26416,SMOOTH_TIME,15,0.039518370576521876,0.8393462846931304
26416,SMOOTH_TIME,16,0.04032225826571947,0.8546345070438478
26416,SMOOTH_TIME,17,0.04070883724721159,0.8684678626820314
26416,SMOOTH_TIME,18,0.04126820925465174,0.8809848004804577
26416,SMOOTH_TIME,19,0.04214075244423914,0.8923105941597028
26416,SMOOTH_TIME,20,0.042474075563532304,0.9025585960696388
26416,SMOOTH_TIME,21,0.042723185071148806,0.9118313716578529
26416,SMOOTH_TIME,22,0.04326300867315916,0.9202217259791197
26416,SMOOTH_TIME,23,0.04399512460124705,0.9278136325195815
26416,SMOOTH_TIME,24,0.04415390090337217,0.9346830736316231
26416,SMOOTH_TIME,25,0.044323820496832034,0.9408988009907927
26416,SMOOTH_TIME,26,0.04434090402553339,0.94652302368568
26416,SMOOTH_TIME,27,0.04458645429881707,0.9516120308273804
26416,SMOOTH_TIME,28,0.04461887726299668,0.9562167549098427
26416,SMOOTH_TIME,29,0.045067498651146835,0.960383281559387
26416,SMOOTH_TIME,30,0.04516890547925045,0.9641533107751381
26416,SMOOTH_TIME,31,0.045505022853163074,0.9675645742766382
26416,SMOOTH_TIME,32,0.045700463892711464,0.9706512131355765
26416,SMOOTH_TIME,33,0.04542346194308794,0.9734441194711073
26416,SMOOTH_TIME,34,0.04634999869373676,0.9759712456285653
26416,SMOOTH_TIME,35,0.04573348787597673,0.9782578839359305
26416,SMOOTH_TIME,36,0.04583051653815462,0.9803269198379495
26416,SMOOTH_TIME,37,0.045950006872726545,0.9821990609413559
26416,SMOOTH_TIME,38,0.046256204142864625,0.9838930442635606
26416,SMOOTH_TIME,39,0.046069515218915724,0.9854258237590211
26416,SMOOTH_TIME,40,0.04668930816823022,0.9868127400001113
26416,SMOOTH_TIME,41,0.046392125765127884,0.988067673710732
26416,SMOOTH_TIME,42,0.04654789224921805,0.9892031846892558
26416,SMOOTH_TIME,43,0.04667637995639782,0.9902306375112157
26416,SMOOTH_TIME,44,0.04651363830990383,0.9911603152697909
26416,SMOOTH_TIME,45,0.046788095056294866,0.9920015224924655
26416,SMOOTH_TIME,46,0.046667565934445765,0.9927626782638638
26416,SMOOTH_TIME,47,0.04673135370951553,0.9934514004867788
26416,SMOOTH_TIME,48,0.046893609437534095,0.9940745821247053
26416,SMOOTH_TIME,49,0.04655957164672734,0.9946384601889343
26416,SMOOTH_TIME,50,0.046249622225186714,0.9951486781606586
26416,SMOOTH_TIME,51,0.046676771192702214,0.9956103424728285
26416,SMOOTH_TIME,52,0.04661885253336425,0.9960280736170524
26416,SMOOTH_TIME,53,0.04675133272060197,0.9964060523870247
26416,SMOOTH_TIME,54,0.04623302922910344,0.9967480617213192
26416,SMOOTH_TIME,55,0.04672063448718799,0.997057524564306
26416,SMOOTH_TIME,56,0.046953471769946964,0.997337538124132
26416,SMOOTH_TIME,57,0.04681310213548217,0.9975909048706205
26416,SMOOTH_TIME,58,0.04663984790513324,0.9978201605833292
26416,SMOOTH_TIME,59,0.046635675666310404,0.9980275997304866
26416,SMOOTH_TIME,60,0.04644039693454779,0.9982152984328002
26416,SMOOTH_TIME,61,0.04688191322507246,0.99838513524197
26416,SMOOTH_TIME,62,0.04693756407910652,0.998538809941867
26416,SMOOTH_TIME,63,0.04690206476141808,0.9986778605605392
26416,SMOOTH_TIME,64,0.04647363933226998,0.9988036787633147
26416,SMOOTH_TIME,65,0.04751800286487501,0.9989175237810562
26416,SMOOTH_TIME,66,0.04708490806263895,0.9990205350129654
26416,SMOOTH_TIME,67,0.046854556320610974,0.9991137434300749
26416,SMOOTH_TIME,68,0.04685429833693348,0.9991980818935514
26416,SMOOTH_TIME,69,0.04666096892075822,0.999274394491085
26416,SMOOTH_TIME,70,0.04682388647195764,0.9993434449848008
26416,SMOOTH_TIME,71,0.0468693779149443,0.9994059244552483
26416,SMOOTH_TIME,72,0.04700946549960399,0.9994624582179691
26416,SMOOTH_TIME,73,0.04687703996851106,0.9995136120818605
26416,SMOOTH_TIME,74,0.04715838041489908,0.9995598980119863
26416,SMOOTH_TIME,75,0.04688798535627906,0.9996017792534938
26416,SMOOTH_TIME,76,0.047033045026624115,0.9996396749679229
26416,SMOOTH_TIME,77,0.04690523887585399,0.9996739644283216
26416,SMOOTH_TIME,78,0.04674907446271507,0.9997049908151344
26416,SMOOTH_TIME,79,0.04742270400778337,0.9997330646508692
26416,SMOOTH_TIME,80,0.04660226512155566,0.99975846690791
26416,SMOOTH_TIME,81,0.04726778615105573,0.9997814518205832
26416,SMOOTH_TIME,82,0.04686159063710444,0.9998022494296203
26416,SMOOTH_TIME,83,0.04690896977796712,0.9998210678844827
26416,SMOOTH_TIME,84,0.04708396167986942,0.9998380955265914
26416,SMOOTH_TIME,85,0.046938216590879274,0.9998535027743126
26416,SMOOTH_TIME,86,0.04689133318182281,0.9998674438285596
26416,SMOOTH_TIME,87,0.04665804614998395,0.9998800582160889
26416,SMOOTH_TIME,88,0.046820121280365466,0.9998914721859312
26416,SMOOTH_TIME,89,0.046737692703595755,0.999901799972933
26416,SMOOTH_TIME,90,0.04687664567849418,0.9999111449410575
26416,SMOOTH_TIME,91,0.04680538350808352,0.9999196006178869
26416,SMOOTH_TIME,92,0.04697090764509021,0.9999272516306772
26416,SMOOTH_TIME,93,0.047036739227240776,0.9999341745533356
26416,SMOOTH_TIME,94,0.046501389599571626,0.9999404386727994
26416,SMOOTH_TIME,95,0.0467554828596809,0.999946106682481
26416,SMOOTH_TIME,96,0.04655158230709341,0.9999512353097266
26416,SMOOTH_TIME,97,0.04677043177101759,0.9999558758835616
26416,SMOOTH_TIME,98,0.0468284566705941,0.9999600748484087
26416,SMOOTH_TIME,99,0.046535298005442906,0.9999638742289195
26416,SMOOTH_TIME,100,0.047023412249416884,0.9999673120505713
26416,HARD_STEP,1,0.013215006534783713,0.2800000000000001
26416,HARD_STEP,2,0.013314087809483732,0.2800000000000001
26416,HARD_STEP,3,0.013219229471334517,0.2800000000000001
26416,HARD_STEP,4,0.01324155323616757,0.2800000000000001
26416,HARD_STEP,5,0.013129092709523128,0.2800000000000001
26416,HARD_STEP,6,0.01323096600197865,0.2800000000000001
26416,HARD_STEP,7,0.013250334271078731,0.2800000000000001
26416,HARD_STEP,8,0.013247535097849686,0.2800000000000001
26416,HARD_STEP,9,0.013173010886732233,0.2800000000000001
26416,HARD_STEP,10,0.01316825881023643,0.2800000000000001
26416,HARD_STEP,11,0.013227222465233215,0.2800000000000001
26416,HARD_STEP,12,0.013236698344310868,0.2800000000000001
26416,HARD_STEP,13,0.046928535362229844,1.0
26416,HARD_STEP,14,0.04680637389458412,1.0
26416,HARD_STEP,15,0.04694276485755485,1.0
26416,HARD_STEP,16,0.047052470629808364,1.0
26416,HARD_STEP,17,0.046760157275230356,1.0
26416,HARD_STEP,18,0.04673872129685935,1.0
26416,HARD_STEP,19,0.04712814215253825,1.0
26416,HARD_STEP,20,0.04697201291392634,1.0
26416,HARD_STEP,21,0.04677535108153111,1.0
26416,HARD_STEP,22,0.04694217035366947,1.0
26416,HARD_STEP,23,0.04735078369722339,1.0
26416,HARD_STEP,24,0.04717676640011124,1.0
26416,HARD_STEP,25,0.04705300262939042,1.0
26416,HARD_STEP,26,0.046797928082245116,1.0
26416,HARD_STEP,27,0.04680904300703865,1.0
26416,HARD_STEP,28,0.04662110313370943,1.0
26416,HARD_STEP,29,0.046890154527173156,1.0
26416,HARD_STEP,30,0.04681461601285856,1.0
26416,HARD_STEP,31,0.046999912746342874,1.0
26416,HARD_STEP,32,0.047053832334030654,1.0
26416,HARD_STEP,33,0.046636417060089023,1.0
26416,HARD_STEP,34,0.047466726359446564,1.0
26416,HARD_STEP,35,0.04672786939855612,1.0
26416,HARD_STEP,36,0.04673021852584556,1.0
26416,HARD_STEP,37,0.046765589728990094,1.0
26416,HARD_STEP,38,0.04699623607047429,1.0
26416,HARD_STEP,39,0.04673653182063484,1.0
26416,HARD_STEP,40,0.04729957495604566,1.0
26416,HARD_STEP,41,0.04693948872667464,1.0
26416,HARD_STEP,42,0.04704375300544628,1.0
26416,HARD_STEP,43,0.04712583408522238,1.0
26416,HARD_STEP,44,0.04691879413190564,1.0
26416,HARD_STEP,45,0.04715518795243018,1.0
26416,HARD_STEP,46,0.046999496901095415,1.0
26416,HARD_STEP,47,0.047031855757712564,1.0
26416,HARD_STEP,48,0.047166223725750474,1.0
26416,HARD_STEP,49,0.046804737838062625,1.0
26416,HARD_STEP,50,0.046468266818263305,1.0
26416,HARD_STEP,51,0.04687727438613374,1.0
26416,HARD_STEP,52,0.04679938275444399,1.0
26416,HARD_STEP,53,0.04691590541404276,1.0
26416,HARD_STEP,54,0.04637894223546535,1.0
26416,HARD_STEP,55,0.046854184812515944,1.0
26416,HARD_STEP,56,0.047074103140643496,1.0
26416,HARD_STEP,57,0.04692265686677919,1.0
26416,HARD_STEP,58,0.04673756340668773,1.0
26416,HARD_STEP,59,0.046725234687567306,1.0
26416,HARD_STEP,60,0.046519187216952695,1.0
26416,HARD_STEP,61,0.046954386959685714,1.0
26416,HARD_STEP,62,0.04700399044992245,1.0
26416,HARD_STEP,63,0.046960492363086935,1.0
26416,HARD_STEP,64,0.046525765156030296,1.0
26416,HARD_STEP,65,0.047568010689622166,1.0
26416,HARD_STEP,66,0.04712905991079256,1.0
26416,HARD_STEP,67,0.046893488592412096,1.0
26416,HARD_STEP,68,0.04689003990162005,1.0
26416,HARD_STEP,69,0.04669287943715413,1.0
26416,HARD_STEP,70,0.04685136465320222,1.0
26416,HARD_STEP,71,0.04689466532165485,1.0
26416,HARD_STEP,72,0.04703241425009641,1.0
26416,HARD_STEP,73,0.046897975244687494,1.0
26416,HARD_STEP,74,0.04717737936506213,1.0
26416,HARD_STEP,75,0.04690368112501012,1.0
26416,HARD_STEP,76,0.047049077864488274,1.0
26416,HARD_STEP,77,0.04691892956956895,1.0
26416,HARD_STEP,78,0.046760543027334615,1.0
26416,HARD_STEP,79,0.04743383559940684,1.0
26416,HARD_STEP,80,0.046611888649010495,1.0
26416,HARD_STEP,81,0.04727717905439401,1.0
26416,HARD_STEP,82,0.04686924791631488,1.0
26416,HARD_STEP,83,0.04691594656555892,1.0
26416,HARD_STEP,84,0.04708965901446748,1.0
26416,HARD_STEP,85,0.04694315968464056,1.0
26416,HARD_STEP,86,0.04689611155836252,1.0
26416,HARD_STEP,87,0.04666182504761043,1.0
26416,HARD_STEP,88,0.04682317463557369,1.0
26416,HARD_STEP,89,0.04674008380274957,1.0
26416,HARD_STEP,90,0.04688069040596235,1.0
26416,HARD_STEP,91,0.046807336946436524,1.0
26416,HARD_STEP,92,0.046971855899956595,1.0
26416,HARD_STEP,93,0.047037927390883943,1.0
26416,HARD_STEP,94,0.04650266203448592,1.0
26416,HARD_STEP,95,0.04675552493887831,1.0
26416,HARD_STEP,96,0.04655269734438098,1.0
26416,HARD_STEP,97,0.04677032709359441,1.0
26416,HARD_STEP,98,0.04682875052981673,1.0
26416,HARD_STEP,99,0.046535018676922696,1.0
26416,HARD_STEP,100,0.047022836761945096,1.0
26416,REFRACTORY_TIME,1,0.013229040061508907,0.2800000000000001
26416,REFRACTORY_TIME,2,0.013328152373099755,0.2800000000000001
26416,REFRACTORY_TIME,3,0.013233227613619418,0.2800000000000001
26416,REFRACTORY_TIME,4,0.01325560880699976,0.2800000000000001
26416,REFRACTORY_TIME,5,0.013143138153423854,0.2800000000000001
26416,REFRACTORY_TIME,6,0.01324498249272161,0.2800000000000001
26416,REFRACTORY_TIME,7,0.013264385011481049,0.2800000000000001
26416,REFRACTORY_TIME,8,0.013261588310279307,0.2800000000000001
26416,REFRACTORY_TIME,9,0.013186954405556185,0.2800000000000001
26416,REFRACTORY_TIME,10,0.013182262682035184,0.2800000000000001
26416,REFRACTORY_TIME,11,0.013241249408349623,0.2800000000000001
26416,REFRACTORY_TIME,12,0.013250690848038852,0.2800000000000001
26416,REFRACTORY_TIME,13,0.016505525048812548,0.3485170590141093
26416,REFRACTORY_TIME,14,0.019385610007379418,0.410513857783853
26416,REFRACTORY_TIME,15,0.022091767080879992,0.4666108811091633
26416,REFRACTORY_TIME,16,0.024542568238011816,0.5173695668543398
26416,REFRACTORY_TIME,17,0.02654105906374569,0.5632979250069038
26416,REFRACTORY_TIME,18,0.028473149237949035,0.604855622012301
26416,REFRACTORY_TIME,19,0.030485180550664726,0.6424585812701852
26416,REFRACTORY_TIME,20,0.03197841642600441,0.6764831458356005
26416,REFRACTORY_TIME,21,0.03327828925954522,0.7072698449867687
26416,REFRACTORY_TIME,22,0.03470050900177288,0.7351268023565617
26416,REFRACTORY_TIME,23,0.03619242838723569,0.7603328197373828
26416,REFRACTORY_TIME,24,0.03712713032258109,0.7831401674232145
26416,REFRACTORY_TIME,25,0.03799247190277985,0.8037771090155114
26416,REFRACTORY_TIME,26,0.03865202012641802,0.8224501859620433
26416,REFRACTORY_TIME,27,0.039444801971879155,0.8393462846931304
26416,REFRACTORY_TIME,28,0.039991242918034776,0.8546345070438478
26416,REFRACTORY_TIME,29,0.04086517381874282,0.8684678626820314
26416,REFRACTORY_TIME,30,0.041377629906665464,0.8809848004804577
26416,REFRACTORY_TIME,31,0.042068727044882605,0.8923105941597028
26416,REFRACTORY_TIME,32,0.04259256636025822,0.9025585960696388
26416,REFRACTORY_TIME,33,0.04264022498201944,0.9118313716578529
26416,REFRACTORY_TIME,34,0.04379549833564855,0.9202217259791197
26416,REFRACTORY_TIME,35,0.043460904275053336,0.9278136325195815
26416,REFRACTORY_TIME,36,0.04377997638301246,0.9346830736316231
26416,REFRACTORY_TIME,37,0.044099869206684704,0.9408988009907927
26416,REFRACTORY_TIME,38,0.04457794172238552,0.94652302368568
26416,REFRACTORY_TIME,39,0.044564926011924834,0.9516120308273804
26416,REFRACTORY_TIME,40,0.04531705105839539,0.9562167549098427
26416,REFRACTORY_TIME,41,0.04516513243322279,0.960383281559387
26416,REFRACTORY_TIME,42,0.04543948174215698,0.9641533107751381
26416,REFRACTORY_TIME,43,0.045676533824852816,0.9675645742766382
26416,REFRACTORY_TIME,44,0.0456182912575265,0.9706512131355765
26416,REFRACTORY_TIME,45,0.045977910792173095,0.9734441194711073
26416,REFRACTORY_TIME,46,0.04594310813480514,0.9759712456285653
26416,REFRACTORY_TIME,47,0.04608017462496639,0.9782578839359305
26416,REFRACTORY_TIME,48,0.04630762927025397,0.9803269198379495
26416,REFRACTORY_TIME,49,0.04603811518696832,0.9821990609413559
26416,REFRACTORY_TIME,50,0.045785289249766305,0.9838930442635606
26416,REFRACTORY_TIME,51,0.04625861925369773,0.9854258237590211
26416,REFRACTORY_TIME,52,0.0462457797166411,0.9868127400001113
26416,REFRACTORY_TIME,53,0.04641886634258807,0.988067673710732
26416,REFRACTORY_TIME,54,0.04593883646307887,0.9892031846892558
26416,REFRACTORY_TIME,55,0.04645814695887714,0.9902306375112157
26416,REFRACTORY_TIME,56,0.046718980049252755,0.9911603152697909
26416,REFRACTORY_TIME,57,0.04660660556647983,0.9920015224924655
26416,REFRACTORY_TIME,58,0.04645715149126462,0.9927626782638638
26416,REFRACTORY_TIME,59,0.04647703205157911,0.9934514004867788
26416,REFRACTORY_TIME,60,0.04630117588868723,0.9940745821247053
26416,REFRACTORY_TIME,61,0.04676055550666636,0.9946384601889343
26416,REFRACTORY_TIME,62,0.046832287927933126,0.9951486781606586
26416,REFRACTORY_TIME,63,0.04681023311260476,0.9956103424728285
26416,REFRACTORY_TIME,64,0.046396845795753705,0.9960280736170524
26416,REFRACTORY_TIME,65,0.04745415829677955,0.9964060523870247
26416,REFRACTORY_TIME,66,0.047030962373328745,0.9967480617213192
26416,REFRACTORY_TIME,67,0.0468109512006857,0.997057524564306
26416,REFRACTORY_TIME,68,0.046820145526990264,0.997337538124132
26416,REFRACTORY_TIME,69,0.04663487496860683,0.9975909048706205
26416,REFRACTORY_TIME,70,0.04680404550107426,0.9978201605833292
26416,REFRACTORY_TIME,71,0.046856748393743285,0.9980275997304866
26416,REFRACTORY_TIME,72,0.047003142871511173,0.9982152984328002
26416,REFRACTORY_TIME,73,0.04687623395659716,0.99838513524197
26416,REFRACTORY_TIME,74,0.047162354167077335,0.998538809941867
26416,REFRACTORY_TIME,75,0.04689622391576575,0.9986778605605392
26416,REFRACTORY_TIME,76,0.04704701990292909,0.9988036787633147
26416,REFRACTORY_TIME,77,0.0469215921963023,0.9989175237810562
26416,REFRACTORY_TIME,78,0.046768331543559395,0.9990205350129654
26416,REFRACTORY_TIME,79,0.04744589912070953,0.9991137434300749
26416,REFRACTORY_TIME,80,0.04662810796890943,0.9991980818935514
26416,REFRACTORY_TIME,81,0.047297081467632764,0.999274394491085
26416,REFRACTORY_TIME,82,0.046892212711508896,0.9993434449848008
26416,REFRACTORY_TIME,83,0.04694084181264913,0.9994059244552483
26416,REFRACTORY_TIME,84,0.04711795412841833,0.9994624582179691
26416,REFRACTORY_TIME,85,0.046974089832040565,0.9995136120818605
26416,REFRACTORY_TIME,86,0.04692895645134689,0.9995598980119863
26416,REFRACTORY_TIME,87,0.04669582560383114,0.9996017792534938
26416,REFRACTORY_TIME,88,0.046859098636534036,0.9996396749679229
26416,REFRACTORY_TIME,89,0.04677778681290239,0.9996739644283216
26416,REFRACTORY_TIME,90,0.046919784344218486,0.9997049908151344
26416,REFRACTORY_TIME,91,0.046848428081812554,0.9997330646508692
26416,REFRACTORY_TIME,92,0.04701380693341606,0.99975846690791
26416,REFRACTORY_TIME,93,0.04708095137482796,0.9997814518205832
26416,REFRACTORY_TIME,94,0.04654587934166088,0.9998022494296203
26416,REFRACTORY_TIME,95,0.046799995734462536,0.9998210678844827
26416,REFRACTORY_TIME,96,0.046598387226264394,0.9998380955265914
26416,REFRACTORY_TIME,97,0.04681653050773626,0.9998535027743126
26416,REFRACTORY_TIME,98,0.04687501903378984,0.9998674438285596
26416,REFRACTORY_TIME,99,0.0465820281204087,0.9998800582160889
26416,REFRACTORY_TIME,100,0.0470703134057347,0.9998914721859312
26417,NO_REPLENISH,1,0.013175944492515726,0.2800000000000001
26417,NO_REPLENISH,2,0.013406449028392331,0.2800000000000001
26417,NO_REPLENISH,3,0.013340105058006702,0.2800000000000001
26417,NO_REPLENISH,4,0.013291795849041615,0.2800000000000001
26417,NO_REPLENISH,5,0.013276403687820343,0.2800000000000001
26417,NO_REPLENISH,6,0.01343733755588114,0.2800000000000001
26417,NO_REPLENISH,7,0.01332022274442791,0.2800000000000001
26417,NO_REPLENISH,8,0.013200516619498314,0.2800000000000001
26417,NO_REPLENISH,9,0.013269048526980366,0.2800000000000001
26417,NO_REPLENISH,10,0.013363588184491208,0.2800000000000001
26417,NO_REPLENISH,11,0.0132856253070568,0.2800000000000001
26417,NO_REPLENISH,12,0.013175439521513455,0.2800000000000001
26417,NO_REPLENISH,13,0.013337768887057143,0.2800000000000001
26417,NO_REPLENISH,14,0.01310912135596426,0.2800000000000001
26417,NO_REPLENISH,15,0.013223178636191253,0.2800000000000001
26417,NO_REPLENISH,16,0.013311144259825408,0.2800000000000001
26417,NO_REPLENISH,17,0.013118104972332727,0.2800000000000001
26417,NO_REPLENISH,18,0.013343642748729892,0.2800000000000001
26417,NO_REPLENISH,19,0.013187717586503903,0.2800000000000001
26417,NO_REPLENISH,20,0.013206479959088422,0.2800000000000001
26417,NO_REPLENISH,21,0.013208047574506845,0.2800000000000001
26417,NO_REPLENISH,22,0.013251017104316372,0.2800000000000001
26417,NO_REPLENISH,23,0.013286002838873443,0.2800000000000001
26417,NO_REPLENISH,24,0.013290136145229425,0.2800000000000001
26417,NO_REPLENISH,25,0.013290264913395878,0.2800000000000001
26417,NO_REPLENISH,26,0.013191632527474571,0.2800000000000001
26417,NO_REPLENISH,27,0.01324448684361725,0.2800000000000001
26417,NO_REPLENISH,28,0.013201493763439915,0.2800000000000001
26417,NO_REPLENISH,29,0.013291061450577749,0.2800000000000001
26417,NO_REPLENISH,30,0.013312952498366898,0.2800000000000001
26417,NO_REPLENISH,31,0.013161750966530467,0.2800000000000001
26417,NO_REPLENISH,32,0.013163954278953033,0.2800000000000001
26417,NO_REPLENISH,33,0.01321948938388566,0.2800000000000001
26417,NO_REPLENISH,34,0.013230170514461487,0.2800000000000001
26417,NO_REPLENISH,35,0.013246295806812474,0.2800000000000001
26417,NO_REPLENISH,36,0.013321213288863988,0.2800000000000001
26417,NO_REPLENISH,37,0.013201881361593762,0.2800000000000001
26417,NO_REPLENISH,38,0.013185778369770548,0.2800000000000001
26417,NO_REPLENISH,39,0.013195631825621534,0.2800000000000001
26417,NO_REPLENISH,40,0.013153637866070274,0.2800000000000001
26417,NO_REPLENISH,41,0.01320484354699133,0.2800000000000001
26417,NO_REPLENISH,42,0.013132674317757692,0.2800000000000001
26417,NO_REPLENISH,43,0.013163613534722661,0.2800000000000001
26417,NO_REPLENISH,44,0.013198540763536826,0.2800000000000001
26417,NO_REPLENISH,45,0.013189137656450939,0.2800000000000001
26417,NO_REPLENISH,46,0.013179752953492316,0.2800000000000001
26417,NO_REPLENISH,47,0.013320205307911582,0.2800000000000001
26417,NO_REPLENISH,48,0.013306781081694313,0.2800000000000001
26417,NO_REPLENISH,49,0.013300529042989326,0.2800000000000001
26417,NO_REPLENISH,50,0.013225325595427308,0.2800000000000001
26417,NO_REPLENISH,51,0.013233365164007875,0.2800000000000001
26417,NO_REPLENISH,52,0.013253450588508844,0.2800000000000001
26417,NO_REPLENISH,53,0.01328733959321215,0.2800000000000001
26417,NO_REPLENISH,54,0.01318246882794188,0.2800000000000001
26417,NO_REPLENISH,55,0.013222496209353516,0.2800000000000001
26417,NO_REPLENISH,56,0.013274720078023305,0.2800000000000001
26417,NO_REPLENISH,57,0.013245423037335913,0.2800000000000001
26417,NO_REPLENISH,58,0.013365685291360022,0.2800000000000001
26417,NO_REPLENISH,59,0.013328489565847692,0.2800000000000001
26417,NO_REPLENISH,60,0.01332165538401966,0.2800000000000001
26417,NO_REPLENISH,61,0.013154927072441073,0.2800000000000001
26417,NO_REPLENISH,62,0.013180216350622059,0.2800000000000001
26417,NO_REPLENISH,63,0.01328482118886172,0.2800000000000001
26417,NO_REPLENISH,64,0.013250107172797876,0.2800000000000001
26417,NO_REPLENISH,65,0.013154593220362755,0.2800000000000001
26417,NO_REPLENISH,66,0.013307352416058646,0.2800000000000001
26417,NO_REPLENISH,67,0.013159156137426234,0.2800000000000001
26417,NO_REPLENISH,68,0.013144830889926818,0.2800000000000001
26417,NO_REPLENISH,69,0.013379795209235693,0.2800000000000001
26417,NO_REPLENISH,70,0.013331380485890781,0.2800000000000001
26417,NO_REPLENISH,71,0.013273157249755385,0.2800000000000001
26417,NO_REPLENISH,72,0.013262889089163099,0.2800000000000001
26417,NO_REPLENISH,73,0.01322854597354392,0.2800000000000001
26417,NO_REPLENISH,74,0.013220539208307616,0.2800000000000001
26417,NO_REPLENISH,75,0.013271756312162106,0.2800000000000001
26417,NO_REPLENISH,76,0.013279851749620658,0.2800000000000001
26417,NO_REPLENISH,77,0.013277014508573326,0.2800000000000001
26417,NO_REPLENISH,78,0.013324359322977535,0.2800000000000001
26417,NO_REPLENISH,79,0.013231724288993205,0.2800000000000001
26417,NO_REPLENISH,80,0.013306733919903162,0.2800000000000001
26417,NO_REPLENISH,81,0.013221911432358645,0.2800000000000001
26417,NO_REPLENISH,82,0.013277079177391522,0.2800000000000001
26417,NO_REPLENISH,83,0.013210367396361463,0.2800000000000001
26417,NO_REPLENISH,84,0.013304251181589705,0.2800000000000001
26417,NO_REPLENISH,85,0.013239960266769454,0.2800000000000001
26417,NO_REPLENISH,86,0.013269480418730889,0.2800000000000001
26417,NO_REPLENISH,87,0.013296490853766661,0.2800000000000001
26417,NO_REPLENISH,88,0.013215322129290713,0.2800000000000001
26417,NO_REPLENISH,89,0.013338118105314897,0.2800000000000001
26417,NO_REPLENISH,90,0.01324498754932991,0.2800000000000001
26417,NO_REPLENISH,91,0.013365970432139183,0.2800000000000001
26417,NO_REPLENISH,92,0.013185471464507397,0.2800000000000001
26417,NO_REPLENISH,93,0.013241970143736646,0.2800000000000001
26417,NO_REPLENISH,94,0.013190334785425464,0.2800000000000001
26417,NO_REPLENISH,95,0.013248261572029468,0.2800000000000001
26417,NO_REPLENISH,96,0.013176997299875199,0.2800000000000001
26417,NO_REPLENISH,97,0.013160733922310264,0.2800000000000001
26417,NO_REPLENISH,98,0.013124631469124211,0.2800000000000001
26417,NO_REPLENISH,99,0.013230086986889503,0.2800000000000001
26417,NO_REPLENISH,100,0.01336653019266759,0.2800000000000001
26417,SMOOTH_TIME,1,0.016389341545496757,0.3485170590141093
26417,SMOOTH_TIME,2,0.019637468828364275,0.410513857783853
26417,SMOOTH_TIME,3,0.022202927774491704,0.4666108811091633
26417,SMOOTH_TIME,4,0.0245189209602526,0.5173695668543398
26417,SMOOTH_TIME,5,0.02665244136873961,0.5632979250069038
26417,SMOOTH_TIME,6,0.028949641711855198,0.604855622012301
26417,SMOOTH_TIME,7,0.030469619954892477,0.6424585812701852
26417,SMOOTH_TIME,8,0.03178383603402616,0.6764831458356005
26417,SMOOTH_TIME,9,0.03338674775396808,0.7072698449867687
26417,SMOOTH_TIME,10,0.034932002301211594,0.7351268023565617
26417,SMOOTH_TIME,11,0.03590774576697374,0.7603328197373828
26417,SMOOTH_TIME,12,0.03666903422186188,0.7831401674232145
26417,SMOOTH_TIME,13,0.038080524321399196,0.8037771090155114
26417,SMOOTH_TIME,14,0.03829455466583612,0.8224501859620433
26417,SMOOTH_TIME,15,0.03940586609811215,0.8393462846931304
26417,SMOOTH_TIME,16,0.04037524788384664,0.8546345070438478
26417,SMOOTH_TIME,17,0.04043391106033434,0.8684678626820314
26417,SMOOTH_TIME,18,0.04170010241957073,0.8809848004804577
26417,SMOOTH_TIME,19,0.041743095753273944,0.8923105941597028
26417,SMOOTH_TIME,20,0.04227448144284152,0.9025585960696388
26417,SMOOTH_TIME,21,0.04270689581806298,0.9118313716578529
26417,SMOOTH_TIME,22,0.04323016076233608,0.9202217259791197
26417,SMOOTH_TIME,23,0.04369469145638479,0.9278136325195815
26417,SMOOTH_TIME,24,0.04402549606799297,0.9346830736316231
26417,SMOOTH_TIME,25,0.04431374193550425,0.9408988009907927
26417,SMOOTH_TIME,26,0.044248503146535924,0.94652302368568
26417,SMOOTH_TIME,27,0.04465750213934757,0.9516120308273804
26417,SMOOTH_TIME,28,0.044726329805027915,0.9562167549098427
26417,SMOOTH_TIME,29,0.04521647377877366,0.960383281559387
26417,SMOOTH_TIME,30,0.045464609301132906,0.9641533107751381
26417,SMOOTH_TIME,31,0.04511397907265304,0.9675645742766382
26417,SMOOTH_TIME,32,0.045263307184849534,0.9706512131355765
26417,SMOOTH_TIME,33,0.04557835367811191,0.9734441194711073
26417,SMOOTH_TIME,34,0.04573052100983804,0.9759712456285653
26417,SMOOTH_TIME,35,0.04589048523324498,0.9782578839359305
26417,SMOOTH_TIME,36,0.04624003713755187,0.9803269198379495
26417,SMOOTH_TIME,37,0.045919818818016746,0.9821990609413559
26417,SMOOTH_TIME,38,0.04594349951903844,0.9838930442635606
26417,SMOOTH_TIME,39,0.04604649056192935,0.9854258237590211
26417,SMOOTH_TIME,40,0.04596602322531862,0.9868127400001113
26417,SMOOTH_TIME,41,0.04619986626794734,0.988067673710732
26417,SMOOTH_TIME,42,0.046003606687645436,0.9892031846892558
26417,SMOOTH_TIME,43,0.046157105946734604,0.9902306375112157
26417,SMOOTH_TIME,44,0.046319686955690866,0.9911603152697909
26417,SMOOTH_TIME,45,0.04632593505985091,0.9920015224924655
26417,SMOOTH_TIME,46,0.04632870075142622,0.9927626782638638
26417,SMOOTH_TIME,47,0.04684424545824928,0.9934514004867788
26417,SMOOTH_TIME,48,0.046825969179431826,0.9940745821247053
26417,SMOOTH_TIME,49,0.04683094967259807,0.9946384601889343
26417,SMOOTH_TIME,50,0.04659505960198934,0.9951486781606586
26417,SMOOTH_TIME,51,0.046643730313407565,0.9956103424728285
26417,SMOOTH_TIME,52,0.04673236126288363,0.9960280736170524
26417,SMOOTH_TIME,53,0.046867219963790674,0.9964060523870247
26417,SMOOTH_TIME,54,0.046520515499417714,0.9967480617213192
26417,SMOOTH_TIME,55,0.04667250579144696,0.997057524564306
26417,SMOOTH_TIME,56,0.04686602628912243,0.997337538124132
26417,SMOOTH_TIME,57,0.04677642117102589,0.9975909048706205
26417,SMOOTH_TIME,58,0.04720298437421069,0.9978201605833292
26417,SMOOTH_TIME,59,0.0470847317364144,0.9980275997304866
26417,SMOOTH_TIME,60,0.04706887086531134,0.9982152984328002
26417,SMOOTH_TIME,61,0.046500121280430164,0.99838513524197
26417,SMOOTH_TIME,62,0.04659424139589543,0.998538809941867
26417,SMOOTH_TIME,63,0.046963307276596034,0.9986778605605392
26417,SMOOTH_TIME,64,0.04684891084121357,0.9988036787633147
26417,SMOOTH_TIME,65,0.04652278717911292,0.9989175237810562
26417,SMOOTH_TIME,66,0.04705716372097277,0.9990205350129654
26417,SMOOTH_TIME,67,0.04654840998988282,0.9991137434300749
26417,SMOOTH_TIME,68,0.04650199647202454,0.9991980818935514
26417,SMOOTH_TIME,69,0.04731998626309349,0.999274394491085
26417,SMOOTH_TIME,70,0.04715493764876583,0.9993434449848008
26417,SMOOTH_TIME,71,0.04695602713886717,0.9994059244552483
26417,SMOOTH_TIME,72,0.04692302376271912,0.9994624582179691
26417,SMOOTH_TIME,73,0.04680674697414594,0.9995136120818605
26417,SMOOTH_TIME,74,0.04678096893524084,0.9995598980119863
26417,SMOOTH_TIME,75,0.04696022247563556,0.9996017792534938
26417,SMOOTH_TIME,76,0.04698953071573886,0.9996396749679229
26417,SMOOTH_TIME,77,0.04698161438949302,0.9996739644283216
26417,SMOOTH_TIME,78,0.04714746454392299,0.9997049908151344
26417,SMOOTH_TIME,79,0.04682791846616748,0.9997330646508692
26417,SMOOTH_TIME,80,0.047088727736182355,0.99975846690791
26417,SMOOTH_TIME,81,0.04679572384377657,0.9997814518205832
26417,SMOOTH_TIME,82,0.04698850637933121,0.9998022494296203
26417,SMOOTH_TIME,83,0.046758404942784985,0.9998210678844827
26417,SMOOTH_TIME,84,0.04708366928302247,0.9998380955265914
26417,SMOOTH_TIME,85,0.04686165957389118,0.9998535027743126
26417,SMOOTH_TIME,86,0.04696536929680057,0.9998674438285596
26417,SMOOTH_TIME,87,0.04705897947473089,0.9998800582160889
26417,SMOOTH_TIME,88,0.046778412117701985,0.9998914721859312
26417,SMOOTH_TIME,89,0.047204140057618,0.999901799972933
26417,SMOOTH_TIME,90,0.04688186743916035,0.9999111449410575
26417,SMOOTH_TIME,91,0.047301022853096196,0.9999196006178869
26417,SMOOTH_TIME,92,0.04667643985919725,0.9999272516306772
26417,SMOOTH_TIME,93,0.046872539893078734,0.9999341745533356
26417,SMOOTH_TIME,94,0.04669361139578387,0.9999404386727994
26417,SMOOTH_TIME,95,0.04689370818936837,0.999946106682481
26417,SMOOTH_TIME,96,0.04664784326464146,0.9999512353097266
26417,SMOOTH_TIME,97,0.04659117104996529,0.9999558758835616
26417,SMOOTH_TIME,98,0.046466888211683856,0.9999600748484087
26417,SMOOTH_TIME,99,0.04683312859875849,0.9999638742289195
26417,SMOOTH_TIME,100,0.047306161952022564,0.9999673120505713
26417,HARD_STEP,1,0.01315944766470496,0.2800000000000001
26417,HARD_STEP,2,0.013389712713132357,0.2800000000000001
26417,HARD_STEP,3,0.013323512292813712,0.2800000000000001
26417,HARD_STEP,4,0.013275157779646052,0.2800000000000001
26417,HARD_STEP,5,0.013259788568081923,0.2800000000000001
26417,HARD_STEP,6,0.013420464101902707,0.2800000000000001
26417,HARD_STEP,7,0.013303602669678638,0.2800000000000001
26417,HARD_STEP,8,0.013183954782023768,0.2800000000000001
26417,HARD_STEP,9,0.013252499808657642,0.2800000000000001
26417,HARD_STEP,10,0.01334691489535344,0.2800000000000001
26417,HARD_STEP,11,0.013268959047666956,0.2800000000000001
26417,HARD_STEP,12,0.013158807337437147,0.2800000000000001
26417,HARD_STEP,13,0.04718232004829561,1.0
26417,HARD_STEP,14,0.04638878900555632,1.0
26417,HARD_STEP,15,0.046785557231554885,1.0
26417,HARD_STEP,16,0.047089091788987104,1.0
26417,HARD_STEP,17,0.04642101283736314,1.0
26417,HARD_STEP,18,0.04720033495577449,1.0
26417,HARD_STEP,19,0.04666203875290554,1.0
26417,HARD_STEP,20,0.046727505768208964,1.0
26417,HARD_STEP,21,0.046732859223152734,1.0
26417,HARD_STEP,22,0.04688048587875807,1.0
26417,HARD_STEP,23,0.04700314646952323,1.0
26417,HARD_STEP,24,0.047016726951336,1.0
26417,HARD_STEP,25,0.04701748866867302,1.0
26417,HARD_STEP,26,0.04667460559510569,1.0
26417,HARD_STEP,27,0.046858679093652274,1.0
26417,HARD_STEP,28,0.04670913806701849,1.0
26417,HARD_STEP,29,0.047018923472226415,1.0
26417,HARD_STEP,30,0.047095996611047276,1.0
26417,HARD_STEP,31,0.04657147221428195,1.0
26417,HARD_STEP,32,0.04658063532246207,1.0
26417,HARD_STEP,33,0.04677183311996783,1.0
26417,HARD_STEP,34,0.04680890557034317,1.0
26417,HARD_STEP,35,0.046864852143325586,1.0
26417,HARD_STEP,36,0.0471239435802737,1.0
26417,HARD_STEP,37,0.04670976405204375,1.0
26417,HARD_STEP,38,0.04665545547186269,1.0
26417,HARD_STEP,39,0.04668946142654725,1.0
26417,HARD_STEP,40,0.04654362848576873,1.0
26417,HARD_STEP,41,0.04672158146278113,1.0
26417,HARD_STEP,42,0.04647131611591917,1.0
26417,HARD_STEP,43,0.04657901517751379,1.0
26417,HARD_STEP,44,0.04669982800893071,1.0
26417,HARD_STEP,45,0.04666695166263527,1.0
26417,HARD_STEP,46,0.046634917899075944,1.0
26417,HARD_STEP,47,0.04712143379174893,1.0
26417,HARD_STEP,48,0.04707451280838215,1.0
26417,HARD_STEP,49,0.04705346553511198,1.0
26417,HARD_STEP,50,0.0467929739762171,1.0
26417,HARD_STEP,51,0.04681985683114692,1.0
26417,HARD_STEP,52,0.04688940922819195,1.0
26417,HARD_STEP,53,0.047006982593368794,1.0
26417,HARD_STEP,54,0.04664410625970126,1.0
26417,HARD_STEP,55,0.04678190254142192,1.0
26417,HARD_STEP,56,0.04696241077243698,1.0
26417,HARD_STEP,57,0.04686198588291468,1.0
26417,HARD_STEP,58,0.04727808786777069,1.0
26417,HARD_STEP,59,0.04715068331969933,1.0
26417,HARD_STEP,60,0.04712501396254529,1.0
26417,HARD_STEP,61,0.046548430552692956,1.0
26417,HARD_STEP,62,0.04663570679673867,1.0
26417,HARD_STEP,63,0.04699845413811632,1.0
26417,HARD_STEP,64,0.04687832951297085,1.0
26417,HARD_STEP,65,0.046547154071399026,1.0
26417,HARD_STEP,66,0.04707732153584277,1.0
26417,HARD_STEP,67,0.04656339322593198,1.0
26417,HARD_STEP,68,0.04651374532756542,1.0
26417,HARD_STEP,69,0.047327578874546805,1.0
26417,HARD_STEP,70,0.04715972020644255,1.0
26417,HARD_STEP,71,0.04695832479709402,1.0
26417,HARD_STEP,72,0.0469216318975434,1.0
26417,HARD_STEP,73,0.04680358234687104,1.0
26417,HARD_STEP,74,0.04677603428764845,1.0
26417,HARD_STEP,75,0.04695262961814308,1.0
26417,HARD_STEP,76,0.046979631281866684,1.0
26417,HARD_STEP,77,0.046970529339695664,1.0
26417,HARD_STEP,78,0.04713616992671377,1.0
26417,HARD_STEP,79,0.046814897125984835,1.0
26417,HARD_STEP,80,0.047074489487750726,1.0
26417,HARD_STEP,81,0.046780622402677,1.0
26417,HARD_STEP,82,0.04697330457075944,1.0
26417,HARD_STEP,83,0.046741450216151566,1.0
26417,HARD_STEP,84,0.04706573596965998,1.0
26417,HARD_STEP,85,0.04684330154058944,1.0
26417,HARD_STEP,86,0.04694561754051779,1.0
26417,HARD_STEP,87,0.04703871578644032,1.0
26417,HARD_STEP,88,0.04675819506824058,1.0
26417,HARD_STEP,89,0.04718269241356519,1.0
26417,HARD_STEP,90,0.046860283387084416,1.0
26417,HARD_STEP,91,0.04727939036419256,1.0
26417,HARD_STEP,92,0.04665452602290903,1.0
26417,HARD_STEP,93,0.046850352699628096,1.0
26417,HARD_STEP,94,0.04667072972375918,1.0
26417,HARD_STEP,95,0.046871291864454045,1.0
26417,HARD_STEP,96,0.046625678097767354,1.0
26417,HARD_STEP,97,0.04656818600700258,1.0
26417,HARD_STEP,98,0.04644407083687555,1.0
26417,HARD_STEP,99,0.046808995276484154,1.0
26417,HARD_STEP,100,0.04728194963100402,1.0
26417,REFRACTORY_TIME,1,0.013178500033395444,0.2800000000000001
26417,REFRACTORY_TIME,2,0.013409004563571969,0.2800000000000001
26417,REFRACTORY_TIME,3,0.013342802825151425,0.2800000000000001
26417,REFRACTORY_TIME,4,0.013294406265125012,0.2800000000000001
26417,REFRACTORY_TIME,5,0.01327892131771403,0.2800000000000001
26417,REFRACTORY_TIME,6,0.013439898425913435,0.2800000000000001
26417,REFRACTORY_TIME,7,0.013322865775273347,0.2800000000000001
26417,REFRACTORY_TIME,8,0.013203109796645967,0.2800000000000001
26417,REFRACTORY_TIME,9,0.013271660836846444,0.2800000000000001
26417,REFRACTORY_TIME,10,0.013366143361816421,0.2800000000000001
26417,REFRACTORY_TIME,11,0.013288224709338334,0.2800000000000001
26417,REFRACTORY_TIME,12,0.013177977229410803,0.2800000000000001
26417,REFRACTORY_TIME,13,0.016604672758286927,0.3485170590141093
26417,REFRACTORY_TIME,14,0.019219397579653796,0.410513857783853
26417,REFRACTORY_TIME,15,0.022027534712608626,0.4666108811091633
26417,REFRACTORY_TIME,16,0.02457457956142319,0.5173695668543398
26417,REFRACTORY_TIME,17,0.02635888830061002,0.5632979250069038
26417,REFRACTORY_TIME,18,0.028773707486511924,0.604855622012301
26417,REFRACTORY_TIME,19,0.030194505204116553,0.6424585812701852
26417,REFRACTORY_TIME,20,0.031825496821988396,0.6764831458356005
26417,REFRACTORY_TIME,21,0.0332639506544095,0.7072698449867687
26417,REFRACTORY_TIME,22,0.03467171034416992,0.7351268023565617
26417,REFRACTORY_TIME,23,0.03594166405602169,0.7603328197373828
26417,REFRACTORY_TIME,24,0.037017925287761044,0.7831401674232145
26417,REFRACTORY_TIME,25,0.037981444140871366,0.8037771090155114
26417,REFRACTORY_TIME,26,0.03856769536637595,0.8224501859620433
26417,REFRACTORY_TIME,27,0.03950476489637974,0.8393462846931304
26417,REFRACTORY_TIME,28,0.04008536662911294,0.8546345070438478
26417,REFRACTORY_TIME,29,0.04099653563879134,0.8684678626820314
26417,REFRACTORY_TIME,30,0.04164645619733643,0.8809848004804577
26417,REFRACTORY_TIME,31,0.04170193326588,0.8923105941597028
26417,REFRACTORY_TIME,32,0.042180832942776525,0.9025585960696388
26417,REFRACTORY_TIME,33,0.042783186700525305,0.9118313716578529
26417,REFRACTORY_TIME,34,0.04320501465693846,0.9202217259791197
26417,REFRACTORY_TIME,35,0.04360813847861903,0.9278136325195815
26417,REFRACTORY_TIME,36,0.04416898159899707,0.9346830736316231
26417,REFRACTORY_TIME,37,0.044066101041971874,0.9408988009907927
26417,REFRACTORY_TIME,38,0.04427279635950082,0.94652302368568
26417,REFRACTORY_TIME,39,0.044539262421822295,0.9516120308273804
26417,REFRACTORY_TIME,40,0.0446107907232254,0.9562167549098427
26417,REFRACTORY_TIME,41,0.044973432453560426,0.960383281559387
26417,REFRACTORY_TIME,42,0.044904324600377306,0.9641533107751381
26417,REFRACTORY_TIME,43,0.04516438914896596,0.9675645742766382
26417,REFRACTORY_TIME,44,0.0454244996476274,0.9706512131355765
26417,REFRACTORY_TIME,45,0.04552041213106889,0.9734441194711073
26417,REFRACTORY_TIME,46,0.04560490850633823,0.9759712456285653
26417,REFRACTORY_TIME,47,0.046187077192856085,0.9782578839359305
26417,REFRACTORY_TIME,48,0.046236432036723195,0.9803269198379495
26417,REFRACTORY_TIME,49,0.04630337716905089,0.9821990609413559
26417,REFRACTORY_TIME,50,0.046123900287808446,0.9838930442635606
26417,REFRACTORY_TIME,51,0.046221795538947806,0.9854258237590211
26417,REFRACTORY_TIME,52,0.046354483517342115,0.9868127400001113
26417,REFRACTORY_TIME,53,0.046528016957057765,0.988067673710732
26417,REFRACTORY_TIME,54,0.04622095540829315,0.9892031846892558
26417,REFRACTORY_TIME,55,0.04640503717550024,0.9902306375112157
26417,REFRACTORY_TIME,56,0.04662718885649342,0.9911603152697909
26417,REFRACTORY_TIME,57,0.046566028950917056,0.9920015224924655
26417,REFRACTORY_TIME,58,0.04701545779222638,0.9927626782638638
26417,REFRACTORY_TIME,59,0.046920364020635236,0.9934514004867788
26417,REFRACTORY_TIME,60,0.046924111348141125,0.9940745821247053
26417,REFRACTORY_TIME,61,0.04637496974328179,0.9946384601889343
26417,REFRACTORY_TIME,62,0.04648479305747078,0.9951486781606586
26417,REFRACTORY_TIME,63,0.046868539077116994,0.9956103424728285
26417,REFRACTORY_TIME,64,0.046768168528053024,0.9960280736170524
26417,REFRACTORY_TIME,65,0.04645400613238179,0.9964060523870247
26417,REFRACTORY_TIME,66,0.04699908021898663,0.9967480617213192
26417,REFRACTORY_TIME,67,0.04650011344079245,0.997057524564306
26417,REFRACTORY_TIME,68,0.04646310133980272,0.997337538124132
26417,REFRACTORY_TIME,69,0.04728969831164371,0.9975909048706205
26417,REFRACTORY_TIME,70,0.04713158558957343,0.9978201605833292
26417,REFRACTORY_TIME,71,0.04693869149044194,0.9980275997304866
26417,REFRACTORY_TIME,72,0.04691263127498294,0.9982152984328002
26417,REFRACTORY_TIME,73,0.0468016826963894,0.99838513524197
26417,REFRACTORY_TIME,74,0.04678119325818402,0.998538809941867
26417,REFRACTORY_TIME,75,0.046964312006055414,0.9986778605605392
26417,REFRACTORY_TIME,76,0.04699661971599484,0.9988036787633147
26417,REFRACTORY_TIME,77,0.046992903139157015,0.9989175237810562
26417,REFRACTORY_TIME,78,0.047163291777460516,0.9990205350129654
26417,REFRACTORY_TIME,79,0.046846055001849206,0.9991137434300749
26417,REFRACTORY_TIME,80,0.04710999264332185,0.9991980818935514
26417,REFRACTORY_TIME,81,0.04681946371362775,0.999274394491085
26417,REFRACTORY_TIME,82,0.04701465215735301,0.9993434449848008
26417,REFRACTORY_TIME,83,0.04678654548914921,0.9994059244552483
26417,REFRACTORY_TIME,84,0.04711353983445791,0.9994624582179691
26417,REFRACTORY_TIME,85,0.04689345381850793,0.9995136120818605
26417,REFRACTORY_TIME,86,0.04699768941758947,0.9995598980119863
26417,REFRACTORY_TIME,87,0.04709288304869046,0.9996017792534938
26417,REFRACTORY_TIME,88,0.04681354805840171,0.9996396749679229
26417,REFRACTORY_TIME,89,0.04724024111419669,0.9996739644283216
26417,REFRACTORY_TIME,90,0.04691898323789329,0.9997049908151344
26417,REFRACTORY_TIME,91,0.047339322620898294,0.9997330646508692
26417,REFRACTORY_TIME,92,0.04671548289327313,0.99975846690791
26417,REFRACTORY_TIME,93,0.046912547527324745,0.9997814518205832
26417,REFRACTORY_TIME,94,0.04673395910977271,0.9998022494296203
26417,REFRACTORY_TIME,95,0.04693504188929017,0.9998210678844827
26417,REFRACTORY_TIME,96,0.046689450447560434,0.9998380955265914
26417,REFRACTORY_TIME,97,0.0466328808567141,0.9998535027743126
26417,REFRACTORY_TIME,98,0.04650825182912957,0.9998674438285596
26417,REFRACTORY_TIME,99,0.0468755835190485,0.9998800582160889
26417,REFRACTORY_TIME,100,0.047349503409971794,0.9998914721859312
26418,NO_REPLENISH,1,0.013263622107481068,0.2800000000000001
26418,NO_REPLENISH,2,0.013342935953592006,0.2800000000000001
26418,NO_REPLENISH,3,0.01328446140055622,0.2800000000000001
26418,NO_REPLENISH,4,0.013211072334867811,0.2800000000000001
26418,NO_REPLENISH,5,0.0132232085861358,0.2800000000000001
26418,NO_REPLENISH,6,0.013158076535120383,0.2800000000000001
26418,NO_REPLENISH,7,0.013352237136483017,0.2800000000000001
26418,NO_REPLENISH,8,0.013275232126269155,0.2800000000000001
26418,NO_REPLENISH,9,0.013200498413957212,0.2800000000000001
26418,NO_REPLENISH,10,0.013260328337233429,0.2800000000000001
26418,NO_REPLENISH,11,0.013263117344107872,0.2800000000000001
26418,NO_REPLENISH,12,0.013304286388149218,0.2800000000000001
26418,NO_REPLENISH,13,0.013337494194877049,0.2800000000000001
26418,NO_REPLENISH,14,0.013220207737833662,0.2800000000000001
26418,NO_REPLENISH,15,0.013293274675339242,0.2800000000000001
26418,NO_REPLENISH,16,0.013214004485303748,0.2800000000000001
26418,NO_REPLENISH,17,0.013176449198903928,0.2800000000000001
26418,NO_REPLENISH,18,0.01328159624681516,0.2800000000000001
26418,NO_REPLENISH,19,0.013217986166492765,0.2800000000000001
26418,NO_REPLENISH,20,0.013274377150322826,0.2800000000000001
26418,NO_REPLENISH,21,0.013215841550560816,0.2800000000000001
26418,NO_REPLENISH,22,0.013283509842880037,0.2800000000000001
26418,NO_REPLENISH,23,0.013145402343251135,0.2800000000000001
26418,NO_REPLENISH,24,0.013357122421017406,0.2800000000000001
26418,NO_REPLENISH,25,0.013188824538677308,0.2800000000000001
26418,NO_REPLENISH,26,0.013231719361641142,0.2800000000000001
26418,NO_REPLENISH,27,0.013198543022157075,0.2800000000000001
26418,NO_REPLENISH,28,0.013438473490400856,0.2800000000000001
26418,NO_REPLENISH,29,0.013290363070237551,0.2800000000000001
26418,NO_REPLENISH,30,0.013337632092192341,0.2800000000000001
26418,NO_REPLENISH,31,0.01311973818861556,0.2800000000000001
26418,NO_REPLENISH,32,0.0131848045091707,0.2800000000000001
26418,NO_REPLENISH,33,0.01314485188494898,0.2800000000000001
26418,NO_REPLENISH,34,0.013190591582877895,0.2800000000000001
26418,NO_REPLENISH,35,0.013236219560038993,0.2800000000000001
26418,NO_REPLENISH,36,0.0131405182514015,0.2800000000000001
26418,NO_REPLENISH,37,0.013171486407918686,0.2800000000000001
26418,NO_REPLENISH,38,0.01323665519677806,0.2800000000000001
26418,NO_REPLENISH,39,0.01325410298801589,0.2800000000000001
26418,NO_REPLENISH,40,0.013363356750080898,0.2800000000000001
26418,NO_REPLENISH,41,0.013254015185127574,0.2800000000000001
26418,NO_REPLENISH,42,0.013257590871032598,0.2800000000000001
26418,NO_REPLENISH,43,0.013095263781014005,0.2800000000000001
26418,NO_REPLENISH,44,0.013324451050166502,0.2800000000000001
26418,NO_REPLENISH,45,0.013141174711447393,0.2800000000000001
26418,NO_REPLENISH,46,0.013232361746479418,0.2800000000000001
26418,NO_REPLENISH,47,0.013173185215617547,0.2800000000000001
26418,NO_REPLENISH,48,0.013181996619290303,0.2800000000000001
26418,NO_REPLENISH,49,0.013241282305153137,0.2800000000000001
26418,NO_REPLENISH,50,0.013297903879444586,0.2800000000000001
26418,NO_REPLENISH,51,0.013229591405450306,0.2800000000000001
26418,NO_REPLENISH,52,0.013240719818486443,0.2800000000000001
26418,NO_REPLENISH,53,0.013241042969925879,0.2800000000000001
26418,NO_REPLENISH,54,0.013308670986425008,0.2800000000000001
26418,NO_REPLENISH,55,0.01322930051221348,0.2800000000000001
26418,NO_REPLENISH,56,0.013230126049507926,0.2800000000000001
26418,NO_REPLENISH,57,0.013134132625032354,0.2800000000000001
26418,NO_REPLENISH,58,0.013229824372416979,0.2800000000000001
26418,NO_REPLENISH,59,0.013317075889265083,0.2800000000000001
26418,NO_REPLENISH,60,0.013266788396602258,0.2800000000000001
26418,NO_REPLENISH,61,0.01314881263379973,0.2800000000000001
26418,NO_REPLENISH,62,0.013260788203297546,0.2800000000000001
26418,NO_REPLENISH,63,0.013258758735597016,0.2800000000000001
26418,NO_REPLENISH,64,0.013173307386970515,0.2800000000000001
26418,NO_REPLENISH,65,0.013211872292695714,0.2800000000000001
26418,NO_REPLENISH,66,0.01324162128397898,0.2800000000000001
26418,NO_REPLENISH,67,0.013115019972268585,0.2800000000000001
26418,NO_REPLENISH,68,0.01330495684076101,0.2800000000000001
26418,NO_REPLENISH,69,0.013305499917433647,0.2800000000000001
26418,NO_REPLENISH,70,0.01328155734337117,0.2800000000000001
26418,NO_REPLENISH,71,0.013246811869191036,0.2800000000000001
26418,NO_REPLENISH,72,0.013238280530543834,0.2800000000000001
26418,NO_REPLENISH,73,0.013104213073511312,0.2800000000000001
26418,NO_REPLENISH,74,0.013219661174077321,0.2800000000000001
26418,NO_REPLENISH,75,0.01326145727541988,0.2800000000000001
26418,NO_REPLENISH,76,0.013190216511921505,0.2800000000000001
26418,NO_REPLENISH,77,0.01318960017798966,0.2800000000000001
26418,NO_REPLENISH,78,0.013212792506826042,0.2800000000000001
26418,NO_REPLENISH,79,0.013279019327298932,0.2800000000000001
26418,NO_REPLENISH,80,0.013129697830565163,0.2800000000000001
26418,NO_REPLENISH,81,0.013251736893752142,0.2800000000000001
26418,NO_REPLENISH,82,0.013201532254143089,0.2800000000000001
26418,NO_REPLENISH,83,0.013147969370528312,0.2800000000000001
26418,NO_REPLENISH,84,0.013214972360531943,0.2800000000000001
26418,NO_REPLENISH,85,0.01330631768255524,0.2800000000000001
26418,NO_REPLENISH,86,0.013145557048648166,0.2800000000000001
26418,NO_REPLENISH,87,0.013380585119802663,0.2800000000000001
26418,NO_REPLENISH,88,0.013346658001047692,0.2800000000000001
26418,NO_REPLENISH,89,0.013293479734611001,0.2800000000000001
26418,NO_REPLENISH,90,0.013245071637009104,0.2800000000000001
26418,NO_REPLENISH,91,0.013193795921878271,0.2800000000000001
26418,NO_REPLENISH,92,0.013158271552273127,0.2800000000000001
26418,NO_REPLENISH,93,0.013210526329959187,0.2800000000000001
26418,NO_REPLENISH,94,0.013320443798542284,0.2800000000000001
26418,NO_REPLENISH,95,0.013162134636318544,0.2800000000000001
26418,NO_REPLENISH,96,0.013359231787618673,0.2800000000000001
26418,NO_REPLENISH,97,0.01320356891485147,0.2800000000000001
26418,NO_REPLENISH,98,0.013236503249983017,0.2800000000000001
26418,NO_REPLENISH,99,0.013112334941124279,0.2800000000000001
26418,NO_REPLENISH,100,0.013177134892882485,0.2800000000000001
26418,SMOOTH_TIME,1,0.016532984084253632,0.3485170590141093
26418,SMOOTH_TIME,2,0.019585276508252248,0.410513857783853
26418,SMOOTH_TIME,3,0.022156349137757454,0.4666108811091633
26418,SMOOTH_TIME,4,0.02442119235371663,0.5173695668543398
26418,SMOOTH_TIME,5,0.026601542390114752,0.5632979250069038
26418,SMOOTH_TIME,6,0.028411806457131927,0.604855622012301
26418,SMOOTH_TIME,7,0.030605842915538733,0.6424585812701852
26418,SMOOTH_TIME,8,0.03202853323441307,0.6764831458356005
26418,SMOOTH_TIME,9,0.033285699840185784,0.7072698449867687
26418,SMOOTH_TIME,10,0.03473821749817215,0.7351268023565617
26418,SMOOTH_TIME,11,0.035923962040577795,0.7603328197373828
26418,SMOOTH_TIME,12,0.03710186063943378,0.7831401674232145
26418,SMOOTH_TIME,13,0.03816100886954318,0.8037771090155114
26418,SMOOTH_TIME,14,0.03869730157378619,0.8224501859620433
26418,SMOOTH_TIME,15,0.03969671273773024,0.8393462846931304
26418,SMOOTH_TIME,16,0.04017206740912758,0.8546345070438478
26418,SMOOTH_TIME,17,0.04069895845823206,0.8684678626820314
26418,SMOOTH_TIME,18,0.041600564747504655,0.8809848004804577
26418,SMOOTH_TIME,19,0.04192851484103818,0.8923105941597028
26418,SMOOTH_TIME,20,0.04258079938650968,0.9025585960696388
26418,SMOOTH_TIME,21,0.04282392317475033,0.9118313716578529
26418,SMOOTH_TIME,22,0.043429598242135,0.9202217259791197
26418,SMOOTH_TIME,23,0.043334945303957394,0.9278136325195815
26418,SMOOTH_TIME,24,0.04434007429177226,0.9346830736316231
26418,SMOOTH_TIME,25,0.044077995313003125,0.9408988009907927
26418,SMOOTH_TIME,26,0.04447839093737268,0.94652302368568
26418,SMOOTH_TIME,27,0.044603559332280024,0.9516120308273804
26418,SMOOTH_TIME,28,0.04561423254612468,0.9562167549098427
26418,SMOOTH_TIME,29,0.045313704557604285,0.960383281559387
26418,SMOOTH_TIME,30,0.045647443492637746,0.9641533107751381
26418,SMOOTH_TIME,31,0.04507187335047669,0.9675645742766382
26418,SMOOTH_TIME,32,0.045433208041050666,0.9706512131355765
26418,SMOOTH_TIME,33,0.04542637795065805,0.9734441194711073
26418,SMOOTH_TIME,34,0.04569744073673204,0.9759712456285653
26418,SMOOTH_TIME,35,0.0459574780453969,0.9782578839359305
26418,SMOOTH_TIME,36,0.045726913563697645,0.9803269198379495
26418,SMOOTH_TIME,37,0.04591838054293729,0.9821990609413559
26418,SMOOTH_TIME,38,0.046219343939226644,0.9838930442635606
26418,SMOOTH_TIME,39,0.04634940574831741,0.9854258237590211
26418,SMOOTH_TIME,40,0.04678879465134134,0.9868127400001113
26418,SMOOTH_TIME,41,0.046471323831726884,0.988067673710732
26418,SMOOTH_TIME,42,0.046535348860713456,0.9892031846892558
26418,SMOOTH_TIME,43,0.046023866510305635,0.9902306375112157
26418,SMOOTH_TIME,44,0.04685607587324225,0.9911603152697909
26418,SMOOTH_TIME,45,0.04626326100470213,0.9920015224924655
26418,SMOOTH_TIME,46,0.046612317475309306,0.9927626782638638
26418,SMOOTH_TIME,47,0.04644004915713776,0.9934514004867788
26418,SMOOTH_TIME,48,0.046498599772299164,0.9940745821247053
26418,SMOOTH_TIME,49,0.04673020979646109,0.9946384601889343
26418,SMOOTH_TIME,50,0.04694944482618405,0.9951486781606586
26418,SMOOTH_TIME,51,0.04673428732716071,0.9956103424728285
26418,SMOOTH_TIME,52,0.046791840756671525,0.9960280736170524
26418,SMOOTH_TIME,53,0.04681050389381652,0.9964060523870247
26418,SMOOTH_TIME,54,0.04706097446048755,0.9967480617213192
26418,SMOOTH_TIME,55,0.04680033723113534,0.997057524564306
26418,SMOOTH_TIME,56,0.04681602779682869,0.997337538124132
26418,SMOOTH_TIME,57,0.04649444627274477,0.9975909048706205
26418,SMOOTH_TIME,58,0.046837236521368036,0.9978201605833292
26418,SMOOTH_TIME,59,0.04714826334008876,0.9980275997304866
26418,SMOOTH_TIME,60,0.04698288447529089,0.9982152984328002
26418,SMOOTH_TIME,61,0.046582190767666065,0.99838513524197
26418,SMOOTH_TIME,62,0.046977287291267524,0.998538809941867
26418,SMOOTH_TIME,63,0.04697695581498995,0.9986778605605392
26418,SMOOTH_TIME,64,0.04668573682292835,0.9988036787633147
26418,SMOOTH_TIME,65,0.046825457379977765,0.9989175237810562
26418,SMOOTH_TIME,66,0.046933449983086566,0.9990205350129654
26418,SMOOTH_TIME,67,0.04649779338536708,0.9991137434300749
26418,SMOOTH_TIME,68,0.04716086133696201,0.9991980818935514
26418,SMOOTH_TIME,69,0.04716676407818149,0.999274394491085
26418,SMOOTH_TIME,70,0.04708602485591743,0.9993434449848008
26418,SMOOTH_TIME,71,0.04696916480737915,0.9994059244552483
26418,SMOOTH_TIME,72,0.04694127088389044,0.9994624582179691
26418,SMOOTH_TIME,73,0.04647810262179364,0.9995136120818605
26418,SMOOTH_TIME,74,0.04688153410080725,0.9995598980119863
26418,SMOOTH_TIME,75,0.047028810638207665,0.9996017792534938
26418,SMOOTH_TIME,76,0.04678280974610811,0.9996396749679229
26418,SMOOTH_TIME,77,0.04678191927465203,0.9996739644283216
26418,SMOOTH_TIME,78,0.04686400409731586,0.9997049908151344
26418,SMOOTH_TIME,79,0.04709596700900879,0.9997330646508692
26418,SMOOTH_TIME,80,0.046578039143821824,0.99975846690791
26418,SMOOTH_TIME,81,0.04700312072817076,0.9997814518205832
26418,SMOOTH_TIME,82,0.046829602029952934,0.9998022494296203
26418,SMOOTH_TIME,83,0.04664472430186001,0.9998210678844827
26418,SMOOTH_TIME,84,0.04687760333013543,0.9998380955265914
26418,SMOOTH_TIME,85,0.04719565993416389,0.9998535027743126
26418,SMOOTH_TIME,86,0.04663867989272933,0.9998674438285596
26418,SMOOTH_TIME,87,0.04745491658358241,0.9998800582160889
26418,SMOOTH_TIME,88,0.047338190137711976,0.9998914721859312
26418,SMOOTH_TIME,89,0.04715406527793179,0.999901799972933
26418,SMOOTH_TIME,90,0.04698665211966426,0.9999111449410575
26418,SMOOTH_TIME,91,0.04680849234680926,0.9999196006178869
26418,SMOOTH_TIME,92,0.04668417585538426,0.9999272516306772
26418,SMOOTH_TIME,93,0.04686683865872051,0.9999341745533356
26418,SMOOTH_TIME,94,0.04724925434008609,0.9999404386727994
26418,SMOOTH_TIME,95,0.04669875389959294,0.999946106682481
26418,SMOOTH_TIME,96,0.04738435505980825,0.9999512353097266
26418,SMOOTH_TIME,97,0.04684294428658752,0.9999558758835616
26418,SMOOTH_TIME,98,0.04695868268366312,0.9999600748484087
26418,SMOOTH_TIME,99,0.04652710608117933,0.9999638742289195
26418,SMOOTH_TIME,100,0.0467531452589817,0.9999673120505713
26418,HARD_STEP,1,0.013265964065758867,0.2800000000000001
26418,HARD_STEP,2,0.013345321230275991,0.2800000000000001
26418,HARD_STEP,3,0.01328686782591663,0.2800000000000001
26418,HARD_STEP,4,0.013213404189827173,0.2800000000000001
26418,HARD_STEP,5,0.01322563816941424,0.2800000000000001
26418,HARD_STEP,6,0.013160477632548977,0.2800000000000001
26418,HARD_STEP,7,0.013354578810971652,0.2800000000000001
26418,HARD_STEP,8,0.013277728685287834,0.2800000000000001
26418,HARD_STEP,9,0.013202644702784755,0.2800000000000001
26418,HARD_STEP,10,0.013262621607737743,0.2800000000000001
26418,HARD_STEP,11,0.01326546905085175,0.2800000000000001
26418,HARD_STEP,12,0.013306621534318414,0.2800000000000001
26418,HARD_STEP,13,0.04724772547314462,1.0
26418,HARD_STEP,14,0.04684221466361773,1.0
26418,HARD_STEP,15,0.047095187194178684,1.0
26418,HARD_STEP,16,0.04682088700792969,1.0
26418,HARD_STEP,17,0.046690513882285574,1.0
26418,HARD_STEP,18,0.04705405303634961,1.0
26418,HARD_STEP,19,0.04683516062236647,1.0
26418,HARD_STEP,20,0.0470292100001147,1.0
26418,HARD_STEP,21,0.04682403632536372,1.0
26418,HARD_STEP,22,0.04706125687658521,1.0
26418,HARD_STEP,23,0.04658210525919861,1.0
26418,HARD_STEP,24,0.04731691491639015,1.0
26418,HARD_STEP,25,0.04673332417746722,1.0
26418,HARD_STEP,26,0.04688060282306642,1.0
26418,HARD_STEP,27,0.046766834421192637,1.0
26418,HARD_STEP,28,0.04759890401341229,1.0
26418,HARD_STEP,29,0.047084108386844715,1.0
26418,HARD_STEP,30,0.04724816751374323,1.0
26418,HARD_STEP,31,0.04649331316713656,1.0
26418,HARD_STEP,32,0.04671849829828526,1.0
26418,HARD_STEP,33,0.046579540316983324,1.0
26418,HARD_STEP,34,0.04673861352486075,1.0
26418,HARD_STEP,35,0.046897940057947805,1.0
26418,HARD_STEP,36,0.04656572029938416,1.0
26418,HARD_STEP,37,0.04667241214001746,1.0
26418,HARD_STEP,38,0.046899455866233536,1.0
26418,HARD_STEP,39,0.04695890108849534,1.0
26418,HARD_STEP,40,0.04733896464049136,1.0
26418,HARD_STEP,41,0.04695991967598589,1.0
26418,HARD_STEP,42,0.046971020411038115,1.0
26418,HARD_STEP,43,0.046408574334979864,1.0
26418,HARD_STEP,44,0.047204315246374695,1.0
26418,HARD_STEP,45,0.046568223022213674,1.0
26418,HARD_STEP,46,0.04688323640945793,1.0
26418,HARD_STEP,47,0.04667922116482607,1.0
26418,HARD_STEP,48,0.046709137475657726,1.0
26418,HARD_STEP,49,0.046914878876922285,1.0
26418,HARD_STEP,50,0.04711209304659386,1.0
26418,HARD_STEP,51,0.04687387113674737,1.0
26418,HARD_STEP,52,0.04691226245925754,1.0
26418,HARD_STEP,53,0.04691377666873373,1.0
26418,HARD_STEP,54,0.0471482032014451,1.0
26418,HARD_STEP,55,0.046873427491564056,1.0
26418,HARD_STEP,56,0.04687634601763497,1.0
26418,HARD_STEP,57,0.04654280754679391,1.0
26418,HARD_STEP,58,0.046874836332883335,1.0
26418,HARD_STEP,59,0.047177206843115625,1.0
26418,HARD_STEP,60,0.0470021699092944,1.0
26418,HARD_STEP,61,0.046594364998969275,1.0
26418,HARD_STEP,62,0.04698276314580169,1.0
26418,HARD_STEP,63,0.04697607890408149,1.0
26418,HARD_STEP,64,0.0466785678729002,1.0
26418,HARD_STEP,65,0.04681325455817784,1.0
26418,HARD_STEP,66,0.04691614274363298,1.0
26418,HARD_STEP,67,0.04647654077460243,1.0
26418,HARD_STEP,68,0.04713461110798307,1.0
26418,HARD_STEP,69,0.047137289468592025,1.0
26418,HARD_STEP,70,0.04705259046720628,1.0
26418,HARD_STEP,71,0.046934298784531724,1.0
26418,HARD_STEP,72,0.046904628610351044,1.0
26418,HARD_STEP,73,0.046438472682892716,1.0
26418,HARD_STEP,74,0.04683884206532047,1.0
26418,HARD_STEP,75,0.0469841297538956,1.0
26418,HARD_STEP,76,0.04673621538459669,1.0
26418,HARD_STEP,77,0.04673480215035688,1.0
26418,HARD_STEP,78,0.04681656106908575,1.0
26418,HARD_STEP,79,0.047044570307287537,1.0
26418,HARD_STEP,80,0.046528518127330665,1.0
26418,HARD_STEP,81,0.04695157282826453,1.0
26418,HARD_STEP,82,0.04677691337540383,1.0
26418,HARD_STEP,83,0.046591422247196534,1.0
26418,HARD_STEP,84,0.04682276492620794,1.0
26418,HARD_STEP,85,0.047139084734084076,1.0
26418,HARD_STEP,86,0.046582725143837884,1.0
26418,HARD_STEP,87,0.04739714721591992,1.0
26418,HARD_STEP,88,0.04728050553189476,1.0
26418,HARD_STEP,89,0.047095744644798064,1.0
26418,HARD_STEP,90,0.04692830519395061,1.0
26418,HARD_STEP,91,0.04675039614679999,1.0
26418,HARD_STEP,92,0.046624415568755385,1.0
26418,HARD_STEP,93,0.04680738651455176,1.0
26418,HARD_STEP,94,0.04718923934027997,1.0
26418,HARD_STEP,95,0.04663985237959569,1.0
26418,HARD_STEP,96,0.047322906620790806,1.0
26418,HARD_STEP,97,0.046782423151131985,1.0
26418,HARD_STEP,98,0.04689864874993389,1.0
26418,HARD_STEP,99,0.04646606634225888,1.0
26418,HARD_STEP,100,0.04669327520529751,1.0
26418,REFRACTORY_TIME,1,0.013275023713234474,0.2800000000000001
26418,REFRACTORY_TIME,2,0.013354582420823664,0.2800000000000001
26418,REFRACTORY_TIME,3,0.013295939615325332,0.2800000000000001
26418,REFRACTORY_TIME,4,0.013222721704945836,0.2800000000000001
26418,REFRACTORY_TIME,5,0.013234767226662216,0.2800000000000001
26418,REFRACTORY_TIME,6,0.013169582627607023,0.2800000000000001
26418,REFRACTORY_TIME,7,0.013363887851207032,0.2800000000000001
26418,REFRACTORY_TIME,8,0.013286794203988608,0.2800000000000001
26418,REFRACTORY_TIME,9,0.013211813228819336,0.2800000000000001
26418,REFRACTORY_TIME,10,0.013271652503851766,0.2800000000000001
26418,REFRACTORY_TIME,11,0.013274551096840512,0.2800000000000001
26418,REFRACTORY_TIME,12,0.013315855628488535,0.2800000000000001
26418,REFRACTORY_TIME,13,0.016615979583971582,0.3485170590141093
26418,REFRACTORY_TIME,14,0.019395640679549093,0.410513857783853
26418,REFRACTORY_TIME,15,0.0221593556939958,0.4666108811091633
26418,REFRACTORY_TIME,16,0.02441409887452044,0.5173695668543398
26418,REFRACTORY_TIME,17,0.02649455426968175,0.5632979250069038
26418,REFRACTORY_TIME,18,0.02866133834971263,0.604855622012301
26418,REFRACTORY_TIME,19,0.030284727518729255,0.6424585812701852
26418,REFRACTORY_TIME,20,0.03200977286848005,0.6764831458356005
26418,REFRACTORY_TIME,21,0.03330580483595968,0.7072698449867687
26418,REFRACTORY_TIME,22,0.03477974298507938,0.7351268023565617
26418,REFRACTORY_TIME,23,0.035589565737541344,0.7603328197373828
26418,REFRACTORY_TIME,24,0.03722712353772296,0.7831401674232145
26418,REFRACTORY_TIME,25,0.037720603559382816,0.8037771090155114
26418,REFRACTORY_TIME,26,0.03870837212792231,0.8224501859620433
26418,REFRACTORY_TIME,27,0.03939528930267445,0.8393462846931304
26418,REFRACTORY_TIME,28,0.040820517394785545,0.8546345070438478
26418,REFRACTORY_TIME,29,0.041021122445747286,0.8684678626820314
26418,REFRACTORY_TIME,30,0.04174875899781527,0.8809848004804577
26418,REFRACTORY_TIME,31,0.041598999394641435,0.8923105941597028
26418,REFRACTORY_TIME,32,0.04227333677680537,0.9025585960696388
26418,REFRACTORY_TIME,33,0.04257324070784826,0.9118313716578529
26418,REFRACTORY_TIME,34,0.04310454687873209,0.9202217259791197
26418,REFRACTORY_TIME,35,0.04360326121765801,0.9278136325195815
26418,REFRACTORY_TIME,36,0.04360821681903281,0.9346830736316231
26418,REFRACTORY_TIME,37,0.04399517008053246,0.9408988009907927
26418,REFRACTORY_TIME,38,0.04446950417413853,0.94652302368568
26418,REFRACTORY_TIME,39,0.04476084249506235,0.9516120308273804
26418,REFRACTORY_TIME,40,0.04533878236394035,0.9562167549098427
26418,REFRACTORY_TIME,41,0.0451666348886303,0.960383281559387
26418,REFRACTORY_TIME,42,0.0453510426152142,0.9641533107751381
26418,REFRACTORY_TIME,43,0.044963096829707914,0.9675645742766382
26418,REFRACTORY_TIME,44,0.0458766724791539,0.9706512131355765
26418,REFRACTORY_TIME,45,0.04538717465705455,0.9734441194711073
26418,REFRACTORY_TIME,46,0.04581215619303681,0.9759712456285653
26418,REFRACTORY_TIME,47,0.04571686460272454,0.9782578839359305
26418,REFRACTORY_TIME,48,0.04584039079800156,0.9803269198379495
26418,REFRACTORY_TIME,49,0.04612995442422326,0.9821990609413559
26418,REFRACTORY_TIME,50,0.046400412571923844,0.9838930442635606
26418,REFRACTORY_TIME,51,0.04623813946894772,0.9854258237590211
26418,REFRACTORY_TIME,52,0.046341116761923096,0.9868127400001113
26418,REFRACTORY_TIME,53,0.04639883132261193,0.988067673710732
26418,REFRACTORY_TIME,54,0.04668388886472063,0.9892031846892558
26418,REFRACTORY_TIME,55,0.04645884101676226,0.9902306375112157
26418,REFRACTORY_TIME,56,0.04650336597439991,0.9911603152697909
26418,REFRACTORY_TIME,57,0.04621166823431464,0.9920015224924655
26418,REFRACTORY_TIME,58,0.046576636497297604,0.9927626782638638
26418,REFRACTORY_TIME,59,0.046907854573295216,0.9934514004867788
26418,REFRACTORY_TIME,60,0.046762691648066367,0.9940745821247053
26418,REFRACTORY_TIME,61,0.04638295659912577,0.9946384601889343
26418,REFRACTORY_TIME,62,0.04679354232768507,0.9951486781606586
26418,REFRACTORY_TIME,63,0.046806939672137525,0.9956103424728285
26418,REFRACTORY_TIME,64,0.0465303584234194,0.9960280736170524
26418,REFRACTORY_TIME,65,0.04668192008182195,0.9964060523870247
26418,REFRACTORY_TIME,66,0.04680239192217695,0.9967480617213192
26418,REFRACTORY_TIME,67,0.04637635928538383,0.997057524564306
26418,REFRACTORY_TIME,68,0.04704529910805733,0.997337538124132
26418,REFRACTORY_TIME,69,0.04705968863722567,0.9975909048706205
26418,REFRACTORY_TIME,70,0.04698479993688829,0.9978201605833292
26418,REFRACTORY_TIME,71,0.046877109302752885,0.9980275997304866
26418,REFRACTORY_TIME,72,0.046857222119138085,0.9982152984328002
26418,REFRACTORY_TIME,73,0.046398709129675496,0.99838513524197
26418,REFRACTORY_TIME,74,0.04680744777914497,0.998538809941867
26418,REFRACTORY_TIME,75,0.04695836921931402,0.9986778605605392
26418,REFRACTORY_TIME,76,0.04671722154607024,0.9988036787633147
26418,REFRACTORY_TIME,77,0.04671890900510927,0.9989175237810562
26418,REFRACTORY_TIME,78,0.04680456254163209,0.9990205350129654
26418,REFRACTORY_TIME,79,0.04703767855046331,0.9991137434300749
26418,REFRACTORY_TIME,80,0.046526929814186546,0.9991980818935514
26418,REFRACTORY_TIME,81,0.04695133554942926,0.999274394491085
26418,REFRACTORY_TIME,82,0.04678164974435839,0.9993434449848008
26418,REFRACTORY_TIME,83,0.046597491729855646,0.9994059244552483
26418,REFRACTORY_TIME,84,0.04683290879166779,0.9994624582179691
26418,REFRACTORY_TIME,85,0.04715094931872562,0.9995136120818605
26418,REFRACTORY_TIME,86,0.04659643753514673,0.9995598980119863
26418,REFRACTORY_TIME,87,0.047412819274875506,0.9996017792534938
26418,REFRACTORY_TIME,88,0.047298946005219354,0.9996396749679229
26418,REFRACTORY_TIME,89,0.04711538631449282,0.9996739644283216
26418,REFRACTORY_TIME,90,0.0469488349664847,0.9997049908151344
26418,REFRACTORY_TIME,91,0.04677035079613769,0.9997330646508692
26418,REFRACTORY_TIME,92,0.046648999284399806,0.99975846690791
26418,REFRACTORY_TIME,93,0.04683092091059545,0.9997814518205832
26418,REFRACTORY_TIME,94,0.04721397705223559,0.9998022494296203
26418,REFRACTORY_TIME,95,0.046665517598320716,0.9998210678844827
26418,REFRACTORY_TIME,96,0.047349715050597964,0.9998380955265914
26418,REFRACTORY_TIME,97,0.046810712073572104,0.9998535027743126
26418,REFRACTORY_TIME,98,0.0469265926707677,0.9998674438285596
26418,REFRACTORY_TIME,99,0.046495310588334206,0.9998800582160889
26418,REFRACTORY_TIME,100,0.04672223354385824,0.9998914721859312
26419,NO_REPLENISH,1,0.013210484242548346,0.2800000000000001
26419,NO_REPLENISH,2,0.013151018531339258,0.2800000000000001
26419,NO_REPLENISH,3,0.013182943196780803,0.2800000000000001
26419,NO_REPLENISH,4,0.013272948825542493,0.2800000000000001
26419,NO_REPLENISH,5,0.013276727504778749,0.2800000000000001
26419,NO_REPLENISH,6,0.013235841834187518,0.2800000000000001
26419,NO_REPLENISH,7,0.013179465519541862,0.2800000000000001
26419,NO_REPLENISH,8,0.013238211547807391,0.2800000000000001
26419,NO_REPLENISH,9,0.013276911991217466,0.2800000000000001
26419,NO_REPLENISH,10,0.013193043797880185,0.2800000000000001
26419,NO_REPLENISH,11,0.013379837030954416,0.2800000000000001
26419,NO_REPLENISH,12,0.013285034507307919,0.2800000000000001
26419,NO_REPLENISH,13,0.013287230846574044,0.2800000000000001
26419,NO_REPLENISH,14,0.013229406156693985,0.2800000000000001
26419,NO_REPLENISH,15,0.013172953760393883,0.2800000000000001
26419,NO_REPLENISH,16,0.013246413124271052,0.2800000000000001
26419,NO_REPLENISH,17,0.013282596827755172,0.2800000000000001
26419,NO_REPLENISH,18,0.013287203858093885,0.2800000000000001
26419,NO_REPLENISH,19,0.01326430053520381,0.2800000000000001
26419,NO_REPLENISH,20,0.013340300900615715,0.2800000000000001
26419,NO_REPLENISH,21,0.013279588936285558,0.2800000000000001
26419,NO_REPLENISH,22,0.013206272803496623,0.2800000000000001
26419,NO_REPLENISH,23,0.013281650948113755,0.2800000000000001
26419,NO_REPLENISH,24,0.013282523728971487,0.2800000000000001
26419,NO_REPLENISH,25,0.013089491198937936,0.2800000000000001
26419,NO_REPLENISH,26,0.01327166492368112,0.2800000000000001
26419,NO_REPLENISH,27,0.013176038017618708,0.2800000000000001
26419,NO_REPLENISH,28,0.013309860116038484,0.2800000000000001
26419,NO_REPLENISH,29,0.013239455158365132,0.2800000000000001
26419,NO_REPLENISH,30,0.013351617582818253,0.2800000000000001
26419,NO_REPLENISH,31,0.013229719411187247,0.2800000000000001
26419,NO_REPLENISH,32,0.013147508681086486,0.2800000000000001
26419,NO_REPLENISH,33,0.013236860807574682,0.2800000000000001
26419,NO_REPLENISH,34,0.01322139318349413,0.2800000000000001
26419,NO_REPLENISH,35,0.01329029073939674,0.2800000000000001
26419,NO_REPLENISH,36,0.013330463827417234,0.2800000000000001
26419,NO_REPLENISH,37,0.01321063935542773,0.2800000000000001
26419,NO_REPLENISH,38,0.013279531994111554,0.2800000000000001
26419,NO_REPLENISH,39,0.013332161643936816,0.2800000000000001
26419,NO_REPLENISH,40,0.013240108726673033,0.2800000000000001
26419,NO_REPLENISH,41,0.01323963676352829,0.2800000000000001
26419,NO_REPLENISH,42,0.013299631345462061,0.2800000000000001
26419,NO_REPLENISH,43,0.013213681932854694,0.2800000000000001
26419,NO_REPLENISH,44,0.013220615717040628,0.2800000000000001
26419,NO_REPLENISH,45,0.013125027762633606,0.2800000000000001
26419,NO_REPLENISH,46,0.013319869599232865,0.2800000000000001
26419,NO_REPLENISH,47,0.013294297487289183,0.2800000000000001
26419,NO_REPLENISH,48,0.013183378129906873,0.2800000000000001
26419,NO_REPLENISH,49,0.013264771889779772,0.2800000000000001
26419,NO_REPLENISH,50,0.013184033205241039,0.2800000000000001
26419,NO_REPLENISH,51,0.013337420561706401,0.2800000000000001
26419,NO_REPLENISH,52,0.013161902595480853,0.2800000000000001
26419,NO_REPLENISH,53,0.013309108125057192,0.2800000000000001
26419,NO_REPLENISH,54,0.013272434274810915,0.2800000000000001
26419,NO_REPLENISH,55,0.013244522437616979,0.2800000000000001
26419,NO_REPLENISH,56,0.013204494451344057,0.2800000000000001
26419,NO_REPLENISH,57,0.013336544544824788,0.2800000000000001
26419,NO_REPLENISH,58,0.013247602396265054,0.2800000000000001
26419,NO_REPLENISH,59,0.013248947543377946,0.2800000000000001
26419,NO_REPLENISH,60,0.013183556186906463,0.2800000000000001
26419,NO_REPLENISH,61,0.013235339878615348,0.2800000000000001
26419,NO_REPLENISH,62,0.01323106957820045,0.2800000000000001
26419,NO_REPLENISH,63,0.013254952008799987,0.2800000000000001
26419,NO_REPLENISH,64,0.013219257231948051,0.2800000000000001
26419,NO_REPLENISH,65,0.013273622516614859,0.2800000000000001
26419,NO_REPLENISH,66,0.013260367258362167,0.2800000000000001
26419,NO_REPLENISH,67,0.013232510657230967,0.2800000000000001
26419,NO_REPLENISH,68,0.013220816427921533,0.2800000000000001
26419,NO_REPLENISH,69,0.013261083413349209,0.2800000000000001
26419,NO_REPLENISH,70,0.013159678815736391,0.2800000000000001
26419,NO_REPLENISH,71,0.013134406072017013,0.2800000000000001
26419,NO_REPLENISH,72,0.01313465240788463,0.2800000000000001
26419,NO_REPLENISH,73,0.013268766491979644,0.2800000000000001
26419,NO_REPLENISH,74,0.013221883643638957,0.2800000000000001
26419,NO_REPLENISH,75,0.01331969406457049,0.2800000000000001
26419,NO_REPLENISH,76,0.01328360885339401,0.2800000000000001
26419,NO_REPLENISH,77,0.013269197829231638,0.2800000000000001
26419,NO_REPLENISH,78,0.013215545963151804,0.2800000000000001
26419,NO_REPLENISH,79,0.01330536852335046,0.2800000000000001
26419,NO_REPLENISH,80,0.013130485546654634,0.2800000000000001
26419,NO_REPLENISH,81,0.013332675187130669,0.2800000000000001
26419,NO_REPLENISH,82,0.0132429643645593,0.2800000000000001
26419,NO_REPLENISH,83,0.013148237079250608,0.2800000000000001
26419,NO_REPLENISH,84,0.01316231564385837,0.2800000000000001
26419,NO_REPLENISH,85,0.0133781744077439,0.2800000000000001
26419,NO_REPLENISH,86,0.013229499622872884,0.2800000000000001
26419,NO_REPLENISH,87,0.01322540706108769,0.2800000000000001
26419,NO_REPLENISH,88,0.013110387822974343,0.2800000000000001
26419,NO_REPLENISH,89,0.01321179776903636,0.2800000000000001
26419,NO_REPLENISH,90,0.013357062794791352,0.2800000000000001
26419,NO_REPLENISH,91,0.013189646890626655,0.2800000000000001
26419,NO_REPLENISH,92,0.013209450055501545,0.2800000000000001
26419,NO_REPLENISH,93,0.013175373941423115,0.2800000000000001
26419,NO_REPLENISH,94,0.013315145615725645,0.2800000000000001
26419,NO_REPLENISH,95,0.013254352474708242,0.2800000000000001
26419,NO_REPLENISH,96,0.013158929884484263,0.2800000000000001
26419,NO_REPLENISH,97,0.013267842240048474,0.2800000000000001
26419,NO_REPLENISH,98,0.013341097057630591,0.2800000000000001
26419,NO_REPLENISH,99,0.013188456467257303,0.2800000000000001
26419,NO_REPLENISH,100,0.013231933621878161,0.2800000000000001
26419,SMOOTH_TIME,1,0.016434748618052802,0.3485170590141093
26419,SMOOTH_TIME,2,0.01926771724595532,0.410513857783853
26419,SMOOTH_TIME,3,0.021946248852019134,0.4666108811091633
26419,SMOOTH_TIME,4,0.024488374821284978,0.5173695668543398
26419,SMOOTH_TIME,5,0.02665764387096642,0.5632979250069038
26419,SMOOTH_TIME,6,0.028523354414609018,0.604855622012301
26419,SMOOTH_TIME,7,0.030155296423761867,0.6424585812701852
26419,SMOOTH_TIME,8,0.031878504795862635,0.6764831458356005
26419,SMOOTH_TIME,9,0.03341175331655947,0.7072698449867687
26419,SMOOTH_TIME,10,0.03449644999178078,0.7351268023565617
26419,SMOOTH_TIME,11,0.03616484212478577,0.7603328197373828
26419,SMOOTH_TIME,12,0.03697505441304149,0.7831401674232145
26419,SMOOTH_TIME,13,0.037943414967570394,0.8037771090155114
26419,SMOOTH_TIME,14,0.038646847721092094,0.8224501859620433
26419,SMOOTH_TIME,15,0.03926275127760892,0.8393462846931304
26419,SMOOTH_TIME,16,0.040187878726001325,0.8546345070438478
26419,SMOOTH_TIME,17,0.04093762109910749,0.8684678626820314
26419,SMOOTH_TIME,18,0.04153251362320532,0.8809848004804577
26419,SMOOTH_TIME,19,0.041987018534719485,0.8923105941597028
26419,SMOOTH_TIME,20,0.04270107377754484,0.9025585960696388
26419,SMOOTH_TIME,21,0.042938756183204176,0.9118313716578529
26419,SMOOTH_TIME,22,0.04309209655017715,0.9202217259791197
26419,SMOOTH_TIME,23,0.04368508128590923,0.9278136325195815
26419,SMOOTH_TIME,24,0.044006620315428326,0.9346830736316231
26419,SMOOTH_TIME,25,0.043661909192721476,0.9408988009907927
26419,SMOOTH_TIME,26,0.04451773737360203,0.94652302368568
26419,SMOOTH_TIME,27,0.04443618208380364,0.9516120308273804
26419,SMOOTH_TIME,28,0.04509041764353389,0.9562167549098427
26419,SMOOTH_TIME,29,0.04504965592593946,0.960383281559387
26419,SMOOTH_TIME,30,0.04559870769813462,0.9641533107751381
26419,SMOOTH_TIME,31,0.045347275649520576,0.9675645742766382
26419,SMOOTH_TIME,32,0.04521240891920523,0.9706512131355765
26419,SMOOTH_TIME,33,0.045641849421228446,0.9734441194711073
26419,SMOOTH_TIME,34,0.04570583288818416,0.9759712456285653
26419,SMOOTH_TIME,35,0.04604461068433499,0.9782578839359305
26419,SMOOTH_TIME,36,0.046276994199116635,0.9803269198379495
26419,SMOOTH_TIME,37,0.045955160993033706,0.9821990609413559
26419,SMOOTH_TIME,38,0.04626839428849152,0.9838930442635606
26419,SMOOTH_TIME,39,0.04651691967041008,0.9854258237590211
26419,SMOOTH_TIME,40,0.04626805311405854,0.9868127400001113
26419,SMOOTH_TIME,41,0.046324830765751814,0.988067673710732
26419,SMOOTH_TIME,42,0.046582841189330926,0.9892031846892558
26419,SMOOTH_TIME,43,0.046333329194925395,0.9902306375112157
26419,SMOOTH_TIME,44,0.04640126197659324,0.9911603152697909
26419,SMOOTH_TIME,45,0.04611078235999242,0.9920015224924655
26419,SMOOTH_TIME,46,0.04681539088804643,0.9927626782638638
26419,SMOOTH_TIME,47,0.04675992617212138,0.9934514004867788
26419,SMOOTH_TIME,48,0.0464059741892085,0.9940745821247053
26419,SMOOTH_TIME,49,0.046712477640754056,0.9946384601889343
26419,SMOOTH_TIME,50,0.04645585878424835,0.9951486781606586
26419,SMOOTH_TIME,51,0.04700780363184907,0.9956103424728285
26419,SMOOTH_TIME,52,0.04642116706249819,0.9960280736170524
26419,SMOOTH_TIME,53,0.04694713084832641,0.9964060523870247
26419,SMOOTH_TIME,54,0.04683666260106823,0.9967480617213192
26419,SMOOTH_TIME,55,0.04675389210729747,0.997057524564306
26419,SMOOTH_TIME,56,0.04662881628335197,0.997337538124132
26419,SMOOTH_TIME,57,0.04709650913488092,0.9975909048706205
26419,SMOOTH_TIME,58,0.04679975908012013,0.9978201605833292
26419,SMOOTH_TIME,59,0.04681362506868397,0.9980275997304866
26419,SMOOTH_TIME,60,0.046596519513170266,0.9982152984328002
26419,SMOOTH_TIME,61,0.04678314011138986,0.99838513524197
26419,SMOOTH_TIME,62,0.04677545614916925,0.998538809941867
26419,SMOOTH_TIME,63,0.04686566726726702,0.9986778605605392
26419,SMOOTH_TIME,64,0.04674718583024284,0.9988036787633147
26419,SMOOTH_TIME,65,0.046939870050953236,0.9989175237810562
26419,SMOOTH_TIME,66,0.046899951761936065,0.9990205350129654
26419,SMOOTH_TIME,67,0.04680738984987015,0.9991137434300749
26419,SMOOTH_TIME,68,0.046769372796392976,0.9991980818935514
26419,SMOOTH_TIME,69,0.04691344419344836,0.999274394491085
26419,SMOOTH_TIME,70,0.04656437540297483,0.9993434449848008
26419,SMOOTH_TIME,71,0.04648038152357601,0.9994059244552483
26419,SMOOTH_TIME,72,0.04648423149447805,0.9994624582179691
26419,SMOOTH_TIME,73,0.04695207616896352,0.9995136120818605
26419,SMOOTH_TIME,74,0.046791014816843036,0.9995598980119863
26419,SMOOTH_TIME,75,0.047130109060362135,0.9996017792534938
26419,SMOOTH_TIME,76,0.047007466564682306,0.9996396749679229
26419,SMOOTH_TIME,77,0.0469599751131212,0.9996739644283216
26419,SMOOTH_TIME,78,0.046774958826822234,0.9997049908151344
26419,SMOOTH_TIME,79,0.04708824615247662,0.9997330646508692
26419,SMOOTH_TIME,80,0.04648310407027739,0.99975846690791
26419,SMOOTH_TIME,81,0.04718388234497172,0.9997814518205832
26419,SMOOTH_TIME,82,0.04687532099320696,0.9998022494296203
26419,SMOOTH_TIME,83,0.04654730354430034,0.9998210678844827
26419,SMOOTH_TIME,84,0.04659717341383381,0.9998380955265914
26419,SMOOTH_TIME,85,0.047346082379332355,0.9998535027743126
26419,SMOOTH_TIME,86,0.04683097356302343,0.9998674438285596
26419,SMOOTH_TIME,87,0.046817558239600966,0.9998800582160889
26419,SMOOTH_TIME,88,0.0464189768668934,0.9998914721859312
26419,SMOOTH_TIME,89,0.04677102678076317,0.999901799972933
26419,SMOOTH_TIME,90,0.04727445953040655,0.9999111449410575
26419,SMOOTH_TIME,91,0.046695347583101926,0.9999196006178869
26419,SMOOTH_TIME,92,0.0467647645264131,0.9999272516306772
26419,SMOOTH_TIME,93,0.04664677762525701,0.9999341745533356
26419,SMOOTH_TIME,94,0.04713082141547701,0.9999404386727994
26419,SMOOTH_TIME,95,0.046921467940906125,0.999946106682481
26419,SMOOTH_TIME,96,0.04658993623184974,0.9999512353097266
26419,SMOOTH_TIME,97,0.046968494649346694,0.9999558758835616
26419,SMOOTH_TIME,98,0.04722170176545787,0.9999600748484087
26419,SMOOTH_TIME,99,0.046692856325991405,0.9999638742289195
26419,SMOOTH_TIME,100,0.04684385333273097,0.9999673120505713
26419,HARD_STEP,1,0.013223070846300998,0.2800000000000001
26419,HARD_STEP,2,0.013163495881059103,0.2800000000000001
26419,HARD_STEP,3,0.013195412021158488,0.2800000000000001
26419,HARD_STEP,4,0.013285514464504926,0.2800000000000001
26419,HARD_STEP,5,0.013289295063459652,0.2800000000000001
26419,HARD_STEP,6,0.013248374334979496,0.2800000000000001
26419,HARD_STEP,7,0.013191930045967288,0.2800000000000001
26419,HARD_STEP,8,0.013250818355479468,0.2800000000000001
26419,HARD_STEP,9,0.013289441340872475,0.2800000000000001
26419,HARD_STEP,10,0.0132054947523046,0.2800000000000001
26419,HARD_STEP,11,0.01339248241560362,0.2800000000000001
26419,HARD_STEP,12,0.013297588416423345,0.2800000000000001
26419,HARD_STEP,13,0.04711478492957899,1.0
26419,HARD_STEP,14,0.046914950225521,1.0
26419,HARD_STEP,15,0.046717265645497275,1.0
26419,HARD_STEP,16,0.0469740207144884,1.0
26419,HARD_STEP,17,0.04709913200016288,1.0
26419,HARD_STEP,18,0.04711523370469589,1.0
26419,HARD_STEP,19,0.04703578575005727,1.0
26419,HARD_STEP,20,0.04729992063900453,1.0
26419,HARD_STEP,21,0.047088308802566224,1.0
26419,HARD_STEP,22,0.046834058258002305,1.0
26419,HARD_STEP,23,0.04709607969791574,1.0
26419,HARD_STEP,24,0.04709882046861696,1.0
26419,HARD_STEP,25,0.04642839569335155,1.0
26419,HARD_STEP,26,0.04706037963312554,1.0
26419,HARD_STEP,27,0.04672737150599826,1.0
26419,HARD_STEP,28,0.04719367857505441,1.0
26419,HARD_STEP,29,0.046949168121611616,1.0
26419,HARD_STEP,30,0.04733895699630902,1.0
26419,HARD_STEP,31,0.04691572350670362,1.0
26419,HARD_STEP,32,0.04662830904221385,1.0
26419,HARD_STEP,33,0.046940308042068,1.0
26419,HARD_STEP,34,0.046886623074708395,1.0
26419,HARD_STEP,35,0.047125416942292865,1.0
26419,HARD_STEP,36,0.04726520846091298,1.0
26419,HARD_STEP,37,0.046848642910885176,1.0
26419,HARD_STEP,38,0.047088737727890996,1.0
26419,HARD_STEP,39,0.047270728257188414,1.0
26419,HARD_STEP,40,0.04695056351552815,1.0
26419,HARD_STEP,41,0.046949755412142226,1.0
26419,HARD_STEP,42,0.04715872542831625,1.0
26419,HARD_STEP,43,0.04685978752316231,1.0
26419,HARD_STEP,44,0.046884608601367735,1.0
26419,HARD_STEP,45,0.046552349578688784,1.0
26419,HARD_STEP,46,0.04722867818731149,1.0
26419,HARD_STEP,47,0.04713914040022162,1.0
26419,HARD_STEP,48,0.04675303108338278,1.0
26419,HARD_STEP,49,0.04703675759258863,1.0
26419,HARD_STEP,50,0.046755782143662716,1.0
26419,HARD_STEP,51,0.04728970828094218,1.0
26419,HARD_STEP,52,0.046680177122699236,1.0
26419,HARD_STEP,53,0.0471917882277488,1.0
26419,HARD_STEP,54,0.047063519070758675,1.0
26419,HARD_STEP,55,0.04696705256400813,1.0
26419,HARD_STEP,56,0.04682749001414116,1.0
26419,HARD_STEP,57,0.047286796300208385,1.0
26419,HARD_STEP,58,0.046977238739784107,1.0
26419,HARD_STEP,59,0.04698108965677187,1.0
26419,HARD_STEP,60,0.046754322814599215,1.0
26419,HARD_STEP,61,0.04693574880127405,1.0
26419,HARD_STEP,62,0.046919621514017705,1.0
26419,HARD_STEP,63,0.047002633159546,1.0
26419,HARD_STEP,64,0.04687958425668489,1.0
26419,HARD_STEP,65,0.04706742800261606,1.0
26419,HARD_STEP,66,0.047020688303786674,1.0
26419,HARD_STEP,67,0.04692467415492444,1.0
26419,HARD_STEP,68,0.046885260163346744,1.0
26419,HARD_STEP,69,0.047024285064288164,1.0
26419,HARD_STEP,70,0.046671917022838495,1.0
26419,HARD_STEP,71,0.046583790408720994,1.0
26419,HARD_STEP,72,0.046585344944394154,1.0
26419,HARD_STEP,73,0.047051685988818155,1.0
26419,HARD_STEP,74,0.046889202771004605,1.0
26419,HARD_STEP,75,0.04722819849679092,1.0
26419,HARD_STEP,76,0.04710142134909232,1.0
26419,HARD_STEP,77,0.04705092927315372,1.0
26419,HARD_STEP,78,0.046866335959416555,1.0
26419,HARD_STEP,79,0.0471786901980459,1.0
26419,HARD_STEP,80,0.04656966791233538,1.0
26419,HARD_STEP,81,0.047272280548375685,1.0
26419,HARD_STEP,82,0.046961846631026684,1.0
26419,HARD_STEP,83,0.04663341971553792,1.0
26419,HARD_STEP,84,0.04668171230591684,1.0
26419,HARD_STEP,85,0.04743027833472211,1.0
26419,HARD_STEP,86,0.04691398699901231,1.0
26419,HARD_STEP,87,0.046900348680282485,1.0
26419,HARD_STEP,88,0.04650061285506483,1.0
26419,HARD_STEP,89,0.046853632285633655,1.0
26419,HARD_STEP,90,0.0473575660399515,1.0
26419,HARD_STEP,91,0.04677575143439392,1.0
26419,HARD_STEP,92,0.04684585691655916,1.0
26419,HARD_STEP,93,0.04672761874355743,1.0
26419,HARD_STEP,94,0.04721206068082771,1.0
26419,HARD_STEP,95,0.0470012063139465,1.0
26419,HARD_STEP,96,0.046668881507855746,1.0
26419,HARD_STEP,97,0.047048209229188925,1.0
26419,HARD_STEP,98,0.04730252313722042,1.0
26419,HARD_STEP,99,0.0467712885488912,1.0
26419,HARD_STEP,100,0.046923168075110155,1.0
26419,REFRACTORY_TIME,1,0.013219942139276604,0.2800000000000001
26419,REFRACTORY_TIME,2,0.013160457460167543,0.2800000000000001
26419,REFRACTORY_TIME,3,0.013192413385723778,0.2800000000000001
26419,REFRACTORY_TIME,4,0.01328236585421589,0.2800000000000001
26419,REFRACTORY_TIME,5,0.0132862314659938,0.2800000000000001
26419,REFRACTORY_TIME,6,0.01324526246328681,0.2800000000000001
26419,REFRACTORY_TIME,7,0.013188910423423227,0.2800000000000001
26419,REFRACTORY_TIME,8,0.013247684907032554,0.2800000000000001
26419,REFRACTORY_TIME,9,0.013286371111503473,0.2800000000000001
26419,REFRACTORY_TIME,10,0.013202477912774237,0.2800000000000001
26419,REFRACTORY_TIME,11,0.013389392823165884,0.2800000000000001
26419,REFRACTORY_TIME,12,0.013294485781858717,0.2800000000000001
26419,REFRACTORY_TIME,13,0.01655045342811288,0.3485170590141093
26419,REFRACTORY_TIME,14,0.019405292115270086,0.410513857783853
26419,REFRACTORY_TIME,15,0.02195539288447536,0.4666108811091633
26419,REFRACTORY_TIME,16,0.024468637528883702,0.5173695668543398
26419,REFRACTORY_TIME,17,0.026700877939186643,0.5632979250069038
26419,REFRACTORY_TIME,18,0.0286677875579729,0.604855622012301
26419,REFRACTORY_TIME,19,0.0303842011468763,0.6424585812701852
26419,REFRACTORY_TIME,20,0.03216106003686349,0.6764831458356005
26419,REFRACTORY_TIME,21,0.03345903378184798,0.7072698449867687
26419,REFRACTORY_TIME,22,0.03457375671944671,0.7351268023565617
26419,REFRACTORY_TIME,23,0.03594783452507266,0.7603328197373828
26419,REFRACTORY_TIME,24,0.03701614286363152,0.7831401674232145
26419,REFRACTORY_TIME,25,0.03743467619319157,0.8037771090155114
26419,REFRACTORY_TIME,26,0.03881796880296178,0.8224501859620433
26419,REFRACTORY_TIME,27,0.03932402627879621,0.8393462846931304
26419,REFRACTORY_TIME,28,0.0404302798189719,0.8546345070438478
26419,REFRACTORY_TIME,29,0.040860673186475814,0.8684678626820314
26419,REFRACTORY_TIME,30,0.04178637469626573,0.8809848004804577
26419,REFRACTORY_TIME,31,0.0419356307659015,0.8923105941597028
26419,REFRACTORY_TIME,32,0.04215033088149211,0.9025585960696388
26419,REFRACTORY_TIME,33,0.042860987425162665,0.9118313716578529
26419,REFRACTORY_TIME,34,0.04319960666936549,0.9202217259791197
26419,REFRACTORY_TIME,35,0.043772763680974526,0.9278136325195815
26419,REFRACTORY_TIME,36,0.04422130812979517,0.9346830736316231
26419,REFRACTORY_TIME,37,0.04411722523175457,0.9408988009907927
26419,REFRACTORY_TIME,38,0.04460471027848445,0.94652302368568
26419,REFRACTORY_TIME,39,0.04501432329741293,0.9516120308273804
26419,REFRACTORY_TIME,40,0.044921648322833733,0.9562167549098427
26419,REFRACTORY_TIME,41,0.045112223320980305,0.960383281559387
26419,REFRACTORY_TIME,42,0.04548844244562733,0.9641533107751381
26419,REFRACTORY_TIME,43,0.04535543083092703,0.9675645742766382
26419,REFRACTORY_TIME,44,0.045522514073368346,0.9706512131355765
26419,REFRACTORY_TIME,45,0.045326890527966235,0.9734441194711073
26419,REFRACTORY_TIME,46,0.04610304812314756,0.9759712456285653
26419,REFRACTORY_TIME,47,0.0461221663174746,0.9782578839359305
26419,REFRACTORY_TIME,48,0.04583972355350019,0.9803269198379495
26419,REFRACTORY_TIME,49,0.04620397369603115,0.9821990609413559
26419,REFRACTORY_TIME,50,0.04600540840074399,0.9838930442635606
26419,REFRACTORY_TIME,51,0.04660200115533044,0.9854258237590211
26419,REFRACTORY_TIME,52,0.04606470524532736,0.9868127400001113
26419,REFRACTORY_TIME,53,0.04662725014028326,0.988067673710732
26419,REFRACTORY_TIME,54,0.04655479155324432,0.9892031846892558
26419,REFRACTORY_TIME,55,0.04650511702453874,0.9902306375112157
26419,REFRACTORY_TIME,56,0.046409811835819825,0.9911603152697909
26419,REFRACTORY_TIME,57,0.04690400026973337,0.9920015224924655
26419,REFRACTORY_TIME,58,0.04663255847314254,0.9927626782638638
26419,REFRACTORY_TIME,59,0.046668876397447843,0.9934514004867788
26419,REFRACTORY_TIME,60,0.04647087886798066,0.9940745821247053
26419,REFRACTORY_TIME,61,0.046676768753295045,0.9946384601889343
26419,REFRACTORY_TIME,62,0.046684970926192566,0.9951486781606586
26419,REFRACTORY_TIME,63,0.04678979926222491,0.9956103424728285
26419,REFRACTORY_TIME,64,0.046684685098108,0.9960280736170524
26419,REFRACTORY_TIME,65,0.04689017072056256,0.9964060523870247
26419,REFRACTORY_TIME,66,0.04686002600967265,0.9967480617213192
26419,REFRACTORY_TIME,67,0.0467784666942736,0.997057524564306
26419,REFRACTORY_TIME,68,0.04675083321974649,0.997337538124132
26419,REFRACTORY_TIME,69,0.046900972794809904,0.9975909048706205
26419,REFRACTORY_TIME,70,0.046560531984808855,0.9978201605833292
26419,REFRACTORY_TIME,71,0.04648217001769931,0.9980275997304866
26419,REFRACTORY_TIME,72,0.046492366672637064,0.9982152984328002
26419,REFRACTORY_TIME,73,0.046965092692986134,0.99838513524197
26419,REFRACTORY_TIME,74,0.0468099946580268,0.998538809941867
26419,REFRACTORY_TIME,75,0.04715468951854512,0.9986778605605392
26419,REFRACTORY_TIME,76,0.047035091200476664,0.9988036787633147
26419,REFRACTORY_TIME,77,0.04699046347220936,0.9989175237810562
26419,REFRACTORY_TIME,78,0.04680960620656575,0.9990205350129654
26419,REFRACTORY_TIME,79,0.04712636905743328,0.9991137434300749
26419,REFRACTORY_TIME,80,0.04652224882770745,0.9991980818935514
26419,REFRACTORY_TIME,81,0.04722774564469188,0.999274394491085
26419,REFRACTORY_TIME,82,0.046919866248061735,0.9993434449848008
26419,REFRACTORY_TIME,83,0.046593785893296415,0.9994059244552483
26419,REFRACTORY_TIME,84,0.04664514543049645,0.9994624582179691
26419,REFRACTORY_TIME,85,0.04739675282697709,0.9995136120818605
26419,REFRACTORY_TIME,86,0.04688210282401526,0.9995598980119863
26419,REFRACTORY_TIME,87,0.04687055760505473,0.9996017792534938
26419,REFRACTORY_TIME,88,0.04647263091489887,0.9996396749679229
26419,REFRACTORY_TIME,89,0.04682693699443028,0.9996739644283216
26419,REFRACTORY_TIME,90,0.04733173240150181,0.9997049908151344
26419,REFRACTORY_TIME,91,0.04675255161888481,0.9997330646508692
26419,REFRACTORY_TIME,92,0.04682223772694811,0.99975846690791
26419,REFRACTORY_TIME,93,0.04670535353268799,0.9997814518205832
26419,REFRACTORY_TIME,94,0.0471909277429689,0.9998022494296203
26419,REFRACTORY_TIME,95,0.0469812184946747,0.9998210678844827
26419,REFRACTORY_TIME,96,0.046650159628382974,0.9998380955265914
26419,REFRACTORY_TIME,97,0.04703032249484181,0.9998535027743126
26419,REFRACTORY_TIME,98,0.047284630605328025,0.9998674438285596
26419,REFRACTORY_TIME,99,0.04675413269381264,0.9998800582160889
26419,REFRACTORY_TIME,100,0.046906462948407814,0.9998914721859312
26420,NO_REPLENISH,1,0.013207716992192928,0.2800000000000001
26420,NO_REPLENISH,2,0.01334974352670285,0.2800000000000001
26420,NO_REPLENISH,3,0.013284285866094639,0.2800000000000001
26420,NO_REPLENISH,4,0.013321345502108737,0.2800000000000001
26420,NO_REPLENISH,5,0.013230335644905817,0.2800000000000001
26420,NO_REPLENISH,6,0.0131752879996681,0.2800000000000001
26420,NO_REPLENISH,7,0.013232262000053568,0.2800000000000001
26420,NO_REPLENISH,8,0.013197292912848041,0.2800000000000001
26420,NO_REPLENISH,9,0.013274086439855786,0.2800000000000001
26420,NO_REPLENISH,10,0.013293335848428048,0.2800000000000001
26420,NO_REPLENISH,11,0.013292976207909373,0.2800000000000001
26420,NO_REPLENISH,12,0.013250296157475241,0.2800000000000001
26420,NO_REPLENISH,13,0.013265624194145426,0.2800000000000001
26420,NO_REPLENISH,14,0.01329368846827328,0.2800000000000001
26420,NO_REPLENISH,15,0.0132615392798502,0.2800000000000001
26420,NO_REPLENISH,16,0.01322078441270929,0.2800000000000001
26420,NO_REPLENISH,17,0.013250028385841535,0.2800000000000001
26420,NO_REPLENISH,18,0.013304262835507669,0.2800000000000001
26420,NO_REPLENISH,19,0.013356729536169815,0.2800000000000001
26420,NO_REPLENISH,20,0.01323812717735382,0.2800000000000001
26420,NO_REPLENISH,21,0.013199194865628185,0.2800000000000001
26420,NO_REPLENISH,22,0.013277291100851902,0.2800000000000001
26420,NO_REPLENISH,23,0.013329793048985994,0.2800000000000001
26420,NO_REPLENISH,24,0.013192913967696304,0.2800000000000001
26420,NO_REPLENISH,25,0.01332304384957691,0.2800000000000001
26420,NO_REPLENISH,26,0.013286152830704346,0.2800000000000001
26420,NO_REPLENISH,27,0.01314859724883157,0.2800000000000001
26420,NO_REPLENISH,28,0.013271566544088087,0.2800000000000001
26420,NO_REPLENISH,29,0.013322387445036577,0.2800000000000001
26420,NO_REPLENISH,30,0.013263961421322648,0.2800000000000001
26420,NO_REPLENISH,31,0.013367254402662043,0.2800000000000001
26420,NO_REPLENISH,32,0.013162452809024118,0.2800000000000001
26420,NO_REPLENISH,33,0.013280147193117278,0.2800000000000001
26420,NO_REPLENISH,34,0.013303404901133659,0.2800000000000001
26420,NO_REPLENISH,35,0.013270336324769358,0.2800000000000001
26420,NO_REPLENISH,36,0.013256657626802207,0.2800000000000001
26420,NO_REPLENISH,37,0.01325619721395437,0.2800000000000001
26420,NO_REPLENISH,38,0.013274211541075167,0.2800000000000001
26420,NO_REPLENISH,39,0.013419524697859446,0.2800000000000001
26420,NO_REPLENISH,40,0.013176037694692694,0.2800000000000001
26420,NO_REPLENISH,41,0.013311709953196532,0.2800000000000001
26420,NO_REPLENISH,42,0.013203028499167428,0.2800000000000001
26420,NO_REPLENISH,43,0.013245599200137015,0.2800000000000001
26420,NO_REPLENISH,44,0.013325825254953893,0.2800000000000001
26420,NO_REPLENISH,45,0.0132651531264419,0.2800000000000001
26420,NO_REPLENISH,46,0.013192321029486385,0.2800000000000001
26420,NO_REPLENISH,47,0.013281721854300052,0.2800000000000001
26420,NO_REPLENISH,48,0.01319315609458302,0.2800000000000001
26420,NO_REPLENISH,49,0.013239438173571321,0.2800000000000001
26420,NO_REPLENISH,50,0.01333601577576705,0.2800000000000001
26420,NO_REPLENISH,51,0.013275825105109109,0.2800000000000001
26420,NO_REPLENISH,52,0.01318922974533901,0.2800000000000001
26420,NO_REPLENISH,53,0.013159447957509377,0.2800000000000001
26420,NO_REPLENISH,54,0.013275790959954929,0.2800000000000001
26420,NO_REPLENISH,55,0.01327020476011427,0.2800000000000001
26420,NO_REPLENISH,56,0.01328771305680695,0.2800000000000001
26420,NO_REPLENISH,57,0.013291723748093813,0.2800000000000001
26420,NO_REPLENISH,58,0.013222637914810395,0.2800000000000001
26420,NO_REPLENISH,59,0.01332453837717569,0.2800000000000001
26420,NO_REPLENISH,60,0.013214140960683962,0.2800000000000001
26420,NO_REPLENISH,61,0.013258629123119097,0.2800000000000001
26420,NO_REPLENISH,62,0.013164295512975382,0.2800000000000001
26420,NO_REPLENISH,63,0.013242338269792936,0.2800000000000001
26420,NO_REPLENISH,64,0.013317221023425724,0.2800000000000001
26420,NO_REPLENISH,65,0.01320398999077838,0.2800000000000001
26420,NO_REPLENISH,66,0.013311926640480904,0.2800000000000001
26420,NO_REPLENISH,67,0.013190857870801417,0.2800000000000001
26420,NO_REPLENISH,68,0.013307618880177582,0.2800000000000001
26420,NO_REPLENISH,69,0.013275839880585519,0.2800000000000001
26420,NO_REPLENISH,70,0.013160562166288055,0.2800000000000001
26420,NO_REPLENISH,71,0.01323226278733501,0.2800000000000001
26420,NO_REPLENISH,72,0.013237653546842523,0.2800000000000001
26420,NO_REPLENISH,73,0.013279571536925655,0.2800000000000001
26420,NO_REPLENISH,74,0.013255853003826557,0.2800000000000001
26420,NO_REPLENISH,75,0.013147720437386204,0.2800000000000001
26420,NO_REPLENISH,76,0.013254767800679879,0.2800000000000001
26420,NO_REPLENISH,77,0.013334395901323631,0.2800000000000001
26420,NO_REPLENISH,78,0.013287431004928149,0.2800000000000001
26420,NO_REPLENISH,79,0.013321509104572379,0.2800000000000001
26420,NO_REPLENISH,80,0.01329044115600715,0.2800000000000001
26420,NO_REPLENISH,81,0.013204453728237545,0.2800000000000001
26420,NO_REPLENISH,82,0.013263851366953761,0.2800000000000001
26420,NO_REPLENISH,83,0.013341984800383117,0.2800000000000001
26420,NO_REPLENISH,84,0.013273501356897616,0.2800000000000001
26420,NO_REPLENISH,85,0.013240396715560538,0.2800000000000001
26420,NO_REPLENISH,86,0.013290462498429358,0.2800000000000001
26420,NO_REPLENISH,87,0.01326306546322092,0.2800000000000001
26420,NO_REPLENISH,88,0.01311785091903219,0.2800000000000001
26420,NO_REPLENISH,89,0.013202066591415816,0.2800000000000001
26420,NO_REPLENISH,90,0.013234133704513797,0.2800000000000001
26420,NO_REPLENISH,91,0.013256421792637413,0.2800000000000001
26420,NO_REPLENISH,92,0.013176062684989115,0.2800000000000001
26420,NO_REPLENISH,93,0.01329666715293634,0.2800000000000001
26420,NO_REPLENISH,94,0.01309107340986248,0.2800000000000001
26420,NO_REPLENISH,95,0.013234338120368908,0.2800000000000001
26420,NO_REPLENISH,96,0.013236209583428875,0.2800000000000001
26420,NO_REPLENISH,97,0.013255521608610259,0.2800000000000001
26420,NO_REPLENISH,98,0.013194770669524958,0.2800000000000001
26420,NO_REPLENISH,99,0.013165373441838804,0.2800000000000001
26420,NO_REPLENISH,100,0.013301135677699963,0.2800000000000001
26420,SMOOTH_TIME,1,0.016432161987337403,0.3485170590141093
26420,SMOOTH_TIME,2,0.019558154652353527,0.410513857783853
26420,SMOOTH_TIME,3,0.02211416511359431,0.4666108811091633
26420,SMOOTH_TIME,4,0.02457759202713848,0.5173695668543398
26420,SMOOTH_TIME,5,0.026565583603769625,0.5632979250069038
26420,SMOOTH_TIME,6,0.02839478079843467,0.604855622012301
26420,SMOOTH_TIME,7,0.030275852759825656,0.6424585812701852
26420,SMOOTH_TIME,8,0.031782023903628324,0.6764831458356005
26420,SMOOTH_TIME,9,0.033406235021424,0.7072698449867687
26420,SMOOTH_TIME,10,0.03475754030645816,0.7351268023565617
26420,SMOOTH_TIME,11,0.03593511132731574,0.7603328197373828
26420,SMOOTH_TIME,12,0.03688267679258083,0.7831401674232145
26420,SMOOTH_TIME,13,0.03788590112157921,0.8037771090155114
26420,SMOOTH_TIME,14,0.03883433728285532,0.8224501859620433
26420,SMOOTH_TIME,15,0.039527664318459256,0.8393462846931304
26420,SMOOTH_TIME,16,0.04011488014060165,0.8546345070438478
26420,SMOOTH_TIME,17,0.040844129430476044,0.8684678626820314
26420,SMOOTH_TIME,18,0.041589920350428244,0.8809848004804577
26420,SMOOTH_TIME,19,0.0422799493970152,0.8923105941597028
26420,SMOOTH_TIME,20,0.04238392071014605,0.9025585960696388
26420,SMOOTH_TIME,21,0.04268913296722535,0.9118313716578529
26420,SMOOTH_TIME,22,0.04332549166269708,0.9202217259791197
26420,SMOOTH_TIME,23,0.04384665967589644,0.9278136325195815
26420,SMOOTH_TIME,24,0.04371991308138362,0.9346830736316231
26420,SMOOTH_TIME,25,0.04443187793926822,0.9408988009907927
26420,SMOOTH_TIME,26,0.04457202755902908,0.94652302368568
26420,SMOOTH_TIME,27,0.0443516093663911,0.9516120308273804
26420,SMOOTH_TIME,28,0.04497161944499494,0.9562167549098427
26420,SMOOTH_TIME,29,0.04533398381351466,0.960383281559387
26420,SMOOTH_TIME,30,0.04531317413611053,0.9641533107751381
26420,SMOOTH_TIME,31,0.04581652074585193,0.9675645742766382
26420,SMOOTH_TIME,32,0.04526888993236097,0.9706512131355765
26420,SMOOTH_TIME,33,0.0457959267438845,0.9734441194711073
26420,SMOOTH_TIME,34,0.04599072654286498,0.9759712456285653
26420,SMOOTH_TIME,35,0.04598439055539263,0.9782578839359305
26420,SMOOTH_TIME,36,0.04603308677822388,0.9803269198379495
26420,SMOOTH_TIME,37,0.04611787030152651,0.9821990609413559
26420,SMOOTH_TIME,38,0.04625817777348116,0.9838930442635606
26420,SMOOTH_TIME,39,0.046824518055847454,0.9854258237590211
26420,SMOOTH_TIME,40,0.046055151777655255,0.9868127400001113
26420,SMOOTH_TIME,41,0.04657849033322938,0.988067673710732
26420,SMOOTH_TIME,42,0.046257383193087385,0.9892031846892558
26420,SMOOTH_TIME,43,0.046451282465283794,0.9902306375112157
26420,SMOOTH_TIME,44,0.046770023808202776,0.9911603152697909
26420,SMOOTH_TIME,45,0.0465993054794484,0.9920015224924655
26420,SMOOTH_TIME,46,0.04638517791399055,0.9927626782638638
26420,SMOOTH_TIME,47,0.04672532635235679,0.9934514004867788
26420,SMOOTH_TIME,48,0.04644728269291476,0.9940745821247053
26420,SMOOTH_TIME,49,0.046632621276817686,0.9946384601889343
26420,SMOOTH_TIME,50,0.04699064992546331,0.9951486781606586
26420,SMOOTH_TIME,51,0.04680277401471933,0.9956103424728285
26420,SMOOTH_TIME,52,0.04652383880072172,0.9960280736170524
26420,SMOOTH_TIME,53,0.04643801891012456,0.9964060523870247
26420,SMOOTH_TIME,54,0.04685511219827099,0.9967480617213192
26420,SMOOTH_TIME,55,0.04685034890621303,0.997057524564306
26420,SMOOTH_TIME,56,0.04692433100575966,0.997337538124132
26420,SMOOTH_TIME,57,0.046949806152918015,0.9975909048706205
26420,SMOOTH_TIME,58,0.04672053524245317,0.9978201605833292
26420,SMOOTH_TIME,59,0.04708269154097796,0.9980275997304866
26420,SMOOTH_TIME,60,0.04670974426272027,0.9982152984328002
26420,SMOOTH_TIME,61,0.04687111748021918,0.99838513524197
26420,SMOOTH_TIME,62,0.046551052715121465,0.998538809941867
26420,SMOOTH_TIME,63,0.04682759938821107,0.9986778605605392
26420,SMOOTH_TIME,64,0.04709420284229352,0.9988036787633147
26420,SMOOTH_TIME,65,0.04670650947459287,0.9989175237810562
26420,SMOOTH_TIME,66,0.04708500527292744,0.9990205350129654
26420,SMOOTH_TIME,67,0.046670301256686524,0.9991137434300749
26420,SMOOTH_TIME,68,0.04707837134171446,0.9991980818935514
26420,SMOOTH_TIME,69,0.04697211598337537,0.999274394491085
26420,SMOOTH_TIME,70,0.046575547428292785,0.9993434449848008
26420,SMOOTH_TIME,71,0.04682795275926501,0.9994059244552483
26420,SMOOTH_TIME,72,0.046848171391860455,0.9994624582179691
26420,SMOOTH_TIME,73,0.04699604127087722,0.9995136120818605
26420,SMOOTH_TIME,74,0.046916377970879164,0.9995598980119863
26420,SMOOTH_TIME,75,0.046544083144578974,0.9996017792534938
26420,SMOOTH_TIME,76,0.04691582793925334,0.9996396749679229
26420,SMOOTH_TIME,77,0.04719354686280286,0.9996739644283216
26420,SMOOTH_TIME,78,0.047032882945182014,0.9997049908151344
26420,SMOOTH_TIME,79,0.047151465271280425,0.9997330646508692
26420,SMOOTH_TIME,80,0.047045469494975706,0.99975846690791
26420,SMOOTH_TIME,81,0.04674836285869318,0.9997814518205832
26420,SMOOTH_TIME,82,0.046955533955577,0.9998022494296203
26420,SMOOTH_TIME,83,0.04722718690435921,0.9998210678844827
26420,SMOOTH_TIME,84,0.04699034987380677,0.9998380955265914
26420,SMOOTH_TIME,85,0.04687597925307363,0.9998535027743126
26420,SMOOTH_TIME,86,0.047049778212010916,0.9998674438285596
26420,SMOOTH_TIME,87,0.0469542783929354,0.9998800582160889
26420,SMOOTH_TIME,88,0.04645261293544636,0.9998914721859312
26420,SMOOTH_TIME,89,0.046744409342821515,0.999901799972933
26420,SMOOTH_TIME,90,0.046856419655431136,0.9999111449410575
26420,SMOOTH_TIME,91,0.04693413230594207,0.9999196006178869
26420,SMOOTH_TIME,92,0.04665636501064635,0.9999272516306772
26420,SMOOTH_TIME,93,0.04707408792048012,0.9999341745533356
26420,SMOOTH_TIME,94,0.04636140303955555,0.9999404386727994
26420,SMOOTH_TIME,95,0.04685880358839168,0.999946106682481
26420,SMOOTH_TIME,96,0.04686628539969059,0.9999512353097266
26420,SMOOTH_TIME,97,0.046932897608875625,0.9999558758835616
26420,SMOOTH_TIME,98,0.046723382708425944,0.9999600748484087
26420,SMOOTH_TIME,99,0.04662140096503283,0.9999638742289195
26420,SMOOTH_TIME,100,0.04709122143195491,0.9999673120505713
26420,HARD_STEP,1,0.013204255421765343,0.2800000000000001
26420,HARD_STEP,2,0.01334608442649698,0.2800000000000001
26420,HARD_STEP,3,0.013280608755421022,0.2800000000000001
26420,HARD_STEP,4,0.013317813193299388,0.2800000000000001
26420,HARD_STEP,5,0.01322657157044514,0.2800000000000001
26420,HARD_STEP,6,0.01317174618911085,0.2800000000000001
26420,HARD_STEP,7,0.013228703463724872,0.2800000000000001
26420,HARD_STEP,8,0.013193533760195659,0.2800000000000001
26420,HARD_STEP,9,0.013270576479786628,0.2800000000000001
26420,HARD_STEP,10,0.013289760736018175,0.2800000000000001
26420,HARD_STEP,11,0.013289480934582537,0.2800000000000001
26420,HARD_STEP,12,0.013246643680909284,0.2800000000000001
26420,HARD_STEP,13,0.04698276182559837,1.0
26420,HARD_STEP,14,0.04707939546780057,1.0
26420,HARD_STEP,15,0.046968051875341386,1.0
26420,HARD_STEP,16,0.046827187242507166,1.0
26420,HARD_STEP,17,0.04692852368865235,1.0
26420,HARD_STEP,18,0.047116767873842426,1.0
26420,HARD_STEP,19,0.047297987461237166,1.0
26420,HARD_STEP,20,0.046886814438123724,1.0
26420,HARD_STEP,21,0.046751516652922404,1.0
26420,HARD_STEP,22,0.04702279348472361,1.0
26420,HARD_STEP,23,0.047205172526015464,1.0
26420,HARD_STEP,24,0.04672998402404068,1.0
26420,HARD_STEP,25,0.047181263811719644,1.0
26420,HARD_STEP,26,0.04705423572509312,1.0
26420,HARD_STEP,27,0.04657580046307778,1.0
26420,HARD_STEP,28,0.04700355541921561,1.0
26420,HARD_STEP,29,0.047179878033266294,1.0
26420,HARD_STEP,30,0.04697712805428813,1.0
26420,HARD_STEP,31,0.047334136121838066,1.0
26420,HARD_STEP,32,0.04662376735023186,1.0
26420,HARD_STEP,33,0.047033794557601705,1.0
26420,HARD_STEP,34,0.047113678863753006,1.0
26420,HARD_STEP,35,0.04699843579908778,1.0
26420,HARD_STEP,36,0.046951068540709885,1.0
26420,HARD_STEP,37,0.04694957574320511,1.0
26420,HARD_STEP,38,0.04701254374653696,1.0
26420,HARD_STEP,39,0.04751564267592073,1.0
26420,HARD_STEP,40,0.046671062888107316,1.0
26420,HARD_STEP,41,0.047141302131638446,1.0
26420,HARD_STEP,42,0.04676536144799286,1.0
26420,HARD_STEP,43,0.04691303376353299,1.0
26420,HARD_STEP,44,0.047190971873483346,1.0
26420,HARD_STEP,45,0.04697998189309637,1.0
26420,HARD_STEP,46,0.046728550119843976,1.0
26420,HARD_STEP,47,0.04703890121220377,1.0
26420,HARD_STEP,48,0.046731032919807146,1.0
26420,HARD_STEP,49,0.046890459704531144,1.0
26420,HARD_STEP,50,0.047226272054956185,1.0
26420,HARD_STEP,51,0.047017643535483156,1.0
26420,HARD_STEP,52,0.046717524890721285,1.0
26420,HARD_STEP,53,0.046613727488686675,1.0
26420,HARD_STEP,54,0.04701769745363168,1.0
26420,HARD_STEP,55,0.04699843249693716,1.0
26420,HARD_STEP,56,0.047058935285246295,1.0
26420,HARD_STEP,57,0.0470721726475846,1.0
26420,HARD_STEP,58,0.04683231201858396,1.0
26420,HARD_STEP,59,0.04718664016010545,1.0
26420,HARD_STEP,60,0.04680323877808543,1.0
26420,HARD_STEP,61,0.04695722784038673,1.0
26420,HARD_STEP,62,0.046629942615441254,1.0
26420,HARD_STEP,63,0.04690149975082513,1.0
26420,HARD_STEP,64,0.04716163225715547,1.0
26420,HARD_STEP,65,0.046768299800120365,1.0
26420,HARD_STEP,66,0.04714260003177353,1.0
26420,HARD_STEP,67,0.04672270739566537,1.0
26420,HARD_STEP,68,0.047127645785501104,1.0
26420,HARD_STEP,69,0.04701809020322222,1.0
26420,HARD_STEP,70,0.04661741137304414,1.0
26420,HARD_STEP,71,0.046866877818122155,1.0
26420,HARD_STEP,72,0.04688486671475123,1.0
26420,HARD_STEP,73,0.04703019719160038,1.0
26420,HARD_STEP,74,0.04694761035441491,1.0
26420,HARD_STEP,75,0.04657423114563481,1.0
26420,HARD_STEP,76,0.04694504126047503,1.0
26420,HARD_STEP,77,0.04722141247840675,1.0
26420,HARD_STEP,78,0.04705809831999506,1.0
26420,HARD_STEP,79,0.0471755827606398,1.0
26420,HARD_STEP,80,0.047068054835249895,1.0
26420,HARD_STEP,81,0.046770347051673385,1.0
26420,HARD_STEP,82,0.04697491530161672,1.0
26420,HARD_STEP,83,0.047247834918371846,1.0
26420,HARD_STEP,84,0.04700912163228327,1.0
26420,HARD_STEP,85,0.046894395087918116,1.0
26420,HARD_STEP,86,0.04706802189313866,1.0
26420,HARD_STEP,87,0.046972595771933336,1.0
26420,HARD_STEP,88,0.04646901698517397,1.0
26420,HARD_STEP,89,0.04676190893745841,1.0
26420,HARD_STEP,90,0.04687318455055819,1.0
26420,HARD_STEP,91,0.04694958478463468,1.0
26420,HARD_STEP,92,0.04667136988428463,1.0
26420,HARD_STEP,93,0.04708972951175605,1.0
26420,HARD_STEP,94,0.04637606853387823,1.0
26420,HARD_STEP,95,0.04687301669260056,1.0
26420,HARD_STEP,96,0.04688082135659599,1.0
26420,HARD_STEP,97,0.04694678365559426,1.0
26420,HARD_STEP,98,0.04673721385211297,1.0
26420,HARD_STEP,99,0.04663434233498038,1.0
26420,HARD_STEP,100,0.047105296409802454,1.0
26420,REFRACTORY_TIME,1,0.013201694385617377,0.2800000000000001
26420,REFRACTORY_TIME,2,0.01334356191155457,0.2800000000000001
26420,REFRACTORY_TIME,3,0.013278154375423913,0.2800000000000001
26420,REFRACTORY_TIME,4,0.013315281555622248,0.2800000000000001
26420,REFRACTORY_TIME,5,0.013224104305352626,0.2800000000000001
26420,REFRACTORY_TIME,6,0.013169273325053237,0.2800000000000001
26420,REFRACTORY_TIME,7,0.013226142763300185,0.2800000000000001
26420,REFRACTORY_TIME,8,0.013191136271869916,0.2800000000000001
26420,REFRACTORY_TIME,9,0.013268027432008353,0.2800000000000001
26420,REFRACTORY_TIME,10,0.013287214602375468,0.2800000000000001
26420,REFRACTORY_TIME,11,0.013286921718753215,0.2800000000000001
26420,REFRACTORY_TIME,12,0.01324415033158425,0.2800000000000001
26420,REFRACTORY_TIME,13,0.016504862484058105,0.3485170590141093
26420,REFRACTORY_TIME,14,0.019477167480726244,0.410513857783853
26420,REFRACTORY_TIME,15,0.0220776887671932,0.4666108811091633
26420,REFRACTORY_TIME,16,0.024394079390760933,0.5173695668543398
26420,REFRACTORY_TIME,17,0.026606492443099396,0.5632979250069038
26420,REFRACTORY_TIME,18,0.02867177951896681,0.604855622012301
26420,REFRACTORY_TIME,19,0.03055972121722708,0.6424585812701852
26420,REFRACTORY_TIME,20,0.03188119942847804,0.6764831458356005
26420,REFRACTORY_TIME,21,0.033221188250001206,0.7072698449867687
26420,REFRACTORY_TIME,22,0.03471819080846035,0.7351268023565617
26420,REFRACTORY_TIME,23,0.03603522816736252,0.7603328197373828
26420,REFRACTORY_TIME,24,0.03672691326554265,0.7831401674232145
26420,REFRACTORY_TIME,25,0.038049140778130756,0.8037771090155114
26420,REFRACTORY_TIME,26,0.03881591028753855,0.8224501859620433
26420,REFRACTORY_TIME,27,0.03919776424368424,0.8393462846931304
26420,REFRACTORY_TIME,28,0.04026968762285143,0.8546345070438478
26420,REFRACTORY_TIME,29,0.04106617290143389,0.8684678626820314
26420,REFRACTORY_TIME,30,0.04146874936963174,0.8809848004804577
26420,REFRACTORY_TIME,31,0.042314725775844615,0.8923105941597028
26420,REFRACTORY_TIME,32,0.04214705313802956,0.9025585960696388
26420,REFRACTORY_TIME,33,0.042949041234148035,0.9118313716578529
26420,REFRACTORY_TIME,34,0.043411723950332846,0.9202217259791197
26420,REFRACTORY_TIME,35,0.04365700673934004,0.9278136325195815
26420,REFRACTORY_TIME,36,0.04393041516660085,0.9346830736316231
26420,REFRACTORY_TIME,37,0.0442154232687564,0.9408988009907927
26420,REFRACTORY_TIME,38,0.04453497271046895,0.94652302368568
26420,REFRACTORY_TIME,39,0.04525045308796163,0.9516120308273804
26420,REFRACTORY_TIME,40,0.04465593500599128,0.9562167549098427
26420,REFRACTORY_TIME,41,0.045300011324522695,0.960383281559387
26420,REFRACTORY_TIME,42,0.045110502831229894,0.9641533107751381
26420,REFRACTORY_TIME,43,0.04541034340342095,0.9675645742766382
26420,REFRACTORY_TIME,44,0.04582291635890149,0.9706512131355765
26420,REFRACTORY_TIME,45,0.04574594657933323,0.9734441194711073
26420,REFRACTORY_TIME,46,0.04561765264453784,0.9759712456285653
26420,REFRACTORY_TIME,47,0.046026869334578134,0.9782578839359305
26420,REFRACTORY_TIME,48,0.04581955863959248,0.9803269198379495
26420,REFRACTORY_TIME,49,0.046062920458844116,0.9821990609413559
26420,REFRACTORY_TIME,50,0.04647207642945166,0.9838930442635606
26420,REFRACTORY_TIME,51,0.046336076208996026,0.9854258237590211
26420,REFRACTORY_TIME,52,0.0461038713735464,0.9868127400001113
26420,REFRACTORY_TIME,53,0.04605906755914641,0.988067673710732
26420,REFRACTORY_TIME,54,0.04651027557724146,0.9892031846892558
26420,REFRACTORY_TIME,55,0.04653786723971137,0.9902306375112157
26420,REFRACTORY_TIME,56,0.04664132036712528,0.9911603152697909
26420,REFRACTORY_TIME,57,0.04669403144719062,0.9920015224924655
26420,REFRACTORY_TIME,58,0.046490650533617416,0.9927626782638638
26420,REFRACTORY_TIME,59,0.04687401473688129,0.9934514004867788
26420,REFRACTORY_TIME,60,0.04652293501164606,0.9940745821247053
26420,REFRACTORY_TIME,61,0.0467016845933503,0.9946384601889343
26420,REFRACTORY_TIME,62,0.046399457665838716,0.9951486781606586
26420,REFRACTORY_TIME,63,0.04668976393855432,0.9956103424728285
26420,REFRACTORY_TIME,64,0.04696858186199154,0.9960280736170524
26420,REFRACTORY_TIME,65,0.04659403709655551,0.9964060523870247
26420,REFRACTORY_TIME,66,0.0469828502961436,0.9967480617213192
26420,REFRACTORY_TIME,67,0.04657858675698475,0.997057524564306
26420,REFRACTORY_TIME,68,0.04699555188933643,0.997337538124132
26420,REFRACTORY_TIME,69,0.04689785711960034,0.9975909048706205
26420,REFRACTORY_TIME,70,0.04650852124022672,0.9978201605833292
26420,REFRACTORY_TIME,71,0.04676667694931844,0.9980275997304866
26420,REFRACTORY_TIME,72,0.04679305766190436,0.9982152984328002
26420,REFRACTORY_TIME,73,0.046947375592296996,0.99838513524197
26420,REFRACTORY_TIME,74,0.046871433353956195,0.998538809941867
26420,REFRACTORY_TIME,75,0.04650456514912338,0.9986778605605392
26420,REFRACTORY_TIME,76,0.04688036652855082,0.9988036787633147
26420,REFRACTORY_TIME,77,0.047161350809859566,0.9989175237810562
26420,REFRACTORY_TIME,78,0.0470034294004642,0.9990205350129654
26420,REFRACTORY_TIME,79,0.04712510113785662,0.9991137434300749
26420,REFRACTORY_TIME,80,0.04702165796447048,0.9991980818935514
26420,REFRACTORY_TIME,81,0.04672810180363859,0.999274394491085
26420,REFRACTORY_TIME,82,0.04693685750717897,0.9993434449848008
26420,REFRACTORY_TIME,83,0.047210716512001226,0.9994059244552483
26420,REFRACTORY_TIME,84,0.04697559057705906,0.9994624582179691
26420,REFRACTORY_TIME,85,0.04686279667735269,0.9995136120818605
26420,REFRACTORY_TIME,86,0.04703846047141843,0.9995598980119863
26420,REFRACTORY_TIME,87,0.046944881307432774,0.9996017792534938
26420,REFRACTORY_TIME,88,0.04644307257598801,0.9996396749679229
26420,REFRACTORY_TIME,89,0.04673672796224428,0.9996739644283216
26420,REFRACTORY_TIME,90,0.04684966174887045,0.9997049908151344
26420,REFRACTORY_TIME,91,0.046929203294803816,0.9997330646508692
26420,REFRACTORY_TIME,92,0.04665163092371951,0.99975846690791
26420,REFRACTORY_TIME,93,0.047069668942258204,0.9997814518205832
26420,REFRACTORY_TIME,94,0.04635848564895448,0.9998022494296203
26420,REFRACTORY_TIME,95,0.04685590700302047,0.9998210678844827
26420,REFRACTORY_TIME,96,0.04686356431824373,0.9998380955265914
26420,REFRACTORY_TIME,97,0.04692989567692054,0.9998535027743126
26420,REFRACTORY_TIME,98,0.04672174951817753,0.9998674438285596
26420,REFRACTORY_TIME,99,0.04661960953800431,0.9998800582160889
26420,REFRACTORY_TIME,100,0.047090625095930656,0.9998914721859312
26421,NO_REPLENISH,1,0.01325391202002302,0.2800000000000001
26421,NO_REPLENISH,2,0.01330226605271557,0.2800000000000001
26421,NO_REPLENISH,3,0.01331379211502418,0.2800000000000001
26421,NO_REPLENISH,4,0.013233859727980015,0.2800000000000001
26421,NO_REPLENISH,5,0.01327549688659811,0.2800000000000001
26421,NO_REPLENISH,6,0.01324515306235432,0.2800000000000001
26421,NO_REPLENISH,7,0.0132094863220375,0.2800000000000001
26421,NO_REPLENISH,8,0.013278553186815478,0.2800000000000001
26421,NO_REPLENISH,9,0.013301898414172453,0.2800000000000001
26421,NO_REPLENISH,10,0.013190627091880805,0.2800000000000001
26421,NO_REPLENISH,11,0.013254169032631736,0.2800000000000001
26421,NO_REPLENISH,12,0.013180263957821547,0.2800000000000001
26421,NO_REPLENISH,13,0.013270419605100557,0.2800000000000001
26421,NO_REPLENISH,14,0.013247922269092454,0.2800000000000001
26421,NO_REPLENISH,15,0.013291043521282742,0.2800000000000001
26421,NO_REPLENISH,16,0.01325246930952101,0.2800000000000001
26421,NO_REPLENISH,17,0.013253252185678818,0.2800000000000001
26421,NO_REPLENISH,18,0.013192452725023231,0.2800000000000001
26421,NO_REPLENISH,19,0.013291204631403417,0.2800000000000001
26421,NO_REPLENISH,20,0.013281351713110972,0.2800000000000001
26421,NO_REPLENISH,21,0.013288770078841392,0.2800000000000001
26421,NO_REPLENISH,22,0.013223746813398116,0.2800000000000001
26421,NO_REPLENISH,23,0.013224932763221507,0.2800000000000001
26421,NO_REPLENISH,24,0.013275679507293558,0.2800000000000001
26421,NO_REPLENISH,25,0.013247942275860111,0.2800000000000001
26421,NO_REPLENISH,26,0.013242083862459982,0.2800000000000001
26421,NO_REPLENISH,27,0.01327656287499887,0.2800000000000001
26421,NO_REPLENISH,28,0.013331128378945012,0.2800000000000001
26421,NO_REPLENISH,29,0.013141096691654969,0.2800000000000001
26421,NO_REPLENISH,30,0.01313677356882289,0.2800000000000001
26421,NO_REPLENISH,31,0.013278756396231458,0.2800000000000001
26421,NO_REPLENISH,32,0.013283635230614039,0.2800000000000001
26421,NO_REPLENISH,33,0.013257649976749948,0.2800000000000001
26421,NO_REPLENISH,34,0.013318430103883205,0.2800000000000001
26421,NO_REPLENISH,35,0.01333121767885878,0.2800000000000001
26421,NO_REPLENISH,36,0.013313418777063208,0.2800000000000001
26421,NO_REPLENISH,37,0.01334425496923016,0.2800000000000001
26421,NO_REPLENISH,38,0.013309676084651256,0.2800000000000001
26421,NO_REPLENISH,39,0.013207941747786776,0.2800000000000001
26421,NO_REPLENISH,40,0.013245414036731249,0.2800000000000001
26421,NO_REPLENISH,41,0.013243727953805753,0.2800000000000001
26421,NO_REPLENISH,42,0.013287861651295927,0.2800000000000001
26421,NO_REPLENISH,43,0.013188311648212783,0.2800000000000001
26421,NO_REPLENISH,44,0.01332820732601842,0.2800000000000001
26421,NO_REPLENISH,45,0.013289009201399494,0.2800000000000001
26421,NO_REPLENISH,46,0.01327790571851519,0.2800000000000001
26421,NO_REPLENISH,47,0.013236657553534856,0.2800000000000001
26421,NO_REPLENISH,48,0.013299840714649708,0.2800000000000001
26421,NO_REPLENISH,49,0.013165853728316204,0.2800000000000001
26421,NO_REPLENISH,50,0.013275627434901738,0.2800000000000001
26421,NO_REPLENISH,51,0.013286023268255414,0.2800000000000001
26421,NO_REPLENISH,52,0.013274590989427968,0.2800000000000001
26421,NO_REPLENISH,53,0.013269887803649119,0.2800000000000001
26421,NO_REPLENISH,54,0.01333278219616385,0.2800000000000001
26421,NO_REPLENISH,55,0.01323416904013925,0.2800000000000001
26421,NO_REPLENISH,56,0.013207836839412143,0.2800000000000001
26421,NO_REPLENISH,57,0.013338301094507002,0.2800000000000001
26421,NO_REPLENISH,58,0.013320400828586982,0.2800000000000001
26421,NO_REPLENISH,59,0.013247683047732994,0.2800000000000001
26421,NO_REPLENISH,60,0.013348169585344974,0.2800000000000001
26421,NO_REPLENISH,61,0.013345929781624825,0.2800000000000001
26421,NO_REPLENISH,62,0.013175163353149154,0.2800000000000001
26421,NO_REPLENISH,63,0.013211931497490947,0.2800000000000001
26421,NO_REPLENISH,64,0.013288658545971088,0.2800000000000001
26421,NO_REPLENISH,65,0.013203554272743577,0.2800000000000001
26421,NO_REPLENISH,66,0.01326493068759708,0.2800000000000001
26421,NO_REPLENISH,67,0.013235808996187556,0.2800000000000001
26421,NO_REPLENISH,68,0.013377604746592997,0.2800000000000001
26421,NO_REPLENISH,69,0.01331465709041646,0.2800000000000001
26421,NO_REPLENISH,70,0.01319792475345292,0.2800000000000001
26421,NO_REPLENISH,71,0.01332127588188397,0.2800000000000001
26421,NO_REPLENISH,72,0.013287319251158426,0.2800000000000001
26421,NO_REPLENISH,73,0.013409742554876264,0.2800000000000001
26421,NO_REPLENISH,74,0.013271980443907058,0.2800000000000001
26421,NO_REPLENISH,75,0.013248024368090633,0.2800000000000001
26421,NO_REPLENISH,76,0.013255248621204446,0.2800000000000001
26421,NO_REPLENISH,77,0.013190354082481273,0.2800000000000001
26421,NO_REPLENISH,78,0.013248611027036882,0.2800000000000001
26421,NO_REPLENISH,79,0.01333295755341663,0.2800000000000001
26421,NO_REPLENISH,80,0.013233887156355498,0.2800000000000001
26421,NO_REPLENISH,81,0.013373452677292258,0.2800000000000001
26421,NO_REPLENISH,82,0.01332692658587325,0.2800000000000001
26421,NO_REPLENISH,83,0.013356763664908275,0.2800000000000001
26421,NO_REPLENISH,84,0.013242009385372061,0.2800000000000001
26421,NO_REPLENISH,85,0.013304580060031374,0.2800000000000001
26421,NO_REPLENISH,86,0.013237015257498366,0.2800000000000001
26421,NO_REPLENISH,87,0.013318191695202451,0.2800000000000001
26421,NO_REPLENISH,88,0.013223895831234693,0.2800000000000001
26421,NO_REPLENISH,89,0.013329987534270374,0.2800000000000001
26421,NO_REPLENISH,90,0.013240279376098929,0.2800000000000001
26421,NO_REPLENISH,91,0.013157659036252647,0.2800000000000001
26421,NO_REPLENISH,92,0.013228003669838348,0.2800000000000001
26421,NO_REPLENISH,93,0.013302645960359455,0.2800000000000001
26421,NO_REPLENISH,94,0.013329552565940232,0.2800000000000001
26421,NO_REPLENISH,95,0.01329140838596161,0.2800000000000001
26421,NO_REPLENISH,96,0.013292151375090646,0.2800000000000001
26421,NO_REPLENISH,97,0.013268834812337786,0.2800000000000001
26421,NO_REPLENISH,98,0.013389978053008391,0.2800000000000001
26421,NO_REPLENISH,99,0.013207771739011403,0.2800000000000001
26421,NO_REPLENISH,100,0.013284152162947269,0.2800000000000001
26421,SMOOTH_TIME,1,0.01648243054405241,0.3485170590141093
26421,SMOOTH_TIME,2,0.019481081016684526,0.410513857783853
26421,SMOOTH_TIME,3,0.022154459066382224,0.4666108811091633
26421,SMOOTH_TIME,4,0.024407190917286492,0.5173695668543398
26421,SMOOTH_TIME,5,0.026644629634615603,0.5632979250069038
26421,SMOOTH_TIME,6,0.028532972090714162,0.604855622012301
26421,SMOOTH_TIME,7,0.030211599718142416,0.6424585812701852
26421,SMOOTH_TIME,8,0.03196276460559256,0.6764831458356005
26421,SMOOTH_TIME,9,0.033461239579139594,0.7072698449867687
26421,SMOOTH_TIME,10,0.03447845641259856,0.7351268023565617
26421,SMOOTH_TIME,11,0.03581711294966402,0.7603328197373828
26421,SMOOTH_TIME,12,0.03667500004099727,0.7831401674232145
26421,SMOOTH_TIME,13,0.03788369481348253,0.8037771090155114
26421,SMOOTH_TIME,14,0.03868729457050841,0.8224501859620433
26421,SMOOTH_TIME,15,0.03959726808957262,0.8393462846931304
26421,SMOOTH_TIME,16,0.040192702033881644,0.8546345070438478
26421,SMOOTH_TIME,17,0.04083621036451438,0.8684678626820314
26421,SMOOTH_TIME,18,0.041228497626035664,0.8809848004804577
26421,SMOOTH_TIME,19,0.04205769544318679,0.8923105941597028
26421,SMOOTH_TIME,20,0.04250235057378782,0.9025585960696388
26421,SMOOTH_TIME,21,0.04295512189356396,0.9118313716578529
26421,SMOOTH_TIME,22,0.043135452783429874,0.9202217259791197
26421,SMOOTH_TIME,23,0.04348863567950325,0.9278136325195815
26421,SMOOTH_TIME,24,0.04397064204166659,0.9346830736316231
26421,SMOOTH_TIME,25,0.04416723359680921,0.9408988009907927
26421,SMOOTH_TIME,26,0.044407858257013134,0.94652302368568
26421,SMOOTH_TIME,27,0.04475581047244712,0.9516120308273804
26421,SMOOTH_TIME,28,0.04514880241117245,0.9562167549098427
26421,SMOOTH_TIME,29,0.0447084635988787,0.960383281559387
26421,SMOOTH_TIME,30,0.04486556047131421,0.9641533107751381
26421,SMOOTH_TIME,31,0.04550026905261371,0.9675645742766382
26421,SMOOTH_TIME,32,0.045659049390267915,0.9706512131355765
26421,SMOOTH_TIME,33,0.045698897060221184,0.9734441194711073
26421,SMOOTH_TIME,34,0.04602134460410228,0.9759712456285653
26421,SMOOTH_TIME,35,0.046170260478282765,0.9782578839359305
26421,SMOOTH_TIME,36,0.04620655140526355,0.9803269198379495
26421,SMOOTH_TIME,37,0.04639726958916879,0.9821990609413559
26421,SMOOTH_TIME,38,0.04635771992707886,0.9838930442635606
26421,SMOOTH_TIME,39,0.046080090204018764,0.9854258237590211
26421,SMOOTH_TIME,40,0.04627283909548891,0.9868127400001113
26421,SMOOTH_TIME,41,0.046325910500044025,0.988067673710732
26421,SMOOTH_TIME,42,0.046528527161990206,0.9892031846892558
26421,SMOOTH_TIME,43,0.046234822486748796,0.9902306375112157
26421,SMOOTH_TIME,44,0.046757252548388084,0.9911603152697909
26421,SMOOTH_TIME,45,0.04666224030113117,0.9920015224924655
26421,SMOOTH_TIME,46,0.04665949795414497,0.9927626782638638
26421,SMOOTH_TIME,47,0.04654883676367775,0.9934514004867788
26421,SMOOTH_TIME,48,0.04679571580825046,0.9940745821247053
26421,SMOOTH_TIME,49,0.04635717345904807,0.9946384601889343
26421,SMOOTH_TIME,50,0.046759297269400556,0.9951486781606586
26421,SMOOTH_TIME,51,0.046818824710599984,0.9956103424728285
26421,SMOOTH_TIME,52,0.046797465749942264,0.9960280736170524
26421,SMOOTH_TIME,53,0.04679808770613817,0.9964060523870247
26421,SMOOTH_TIME,54,0.047030583448648106,0.9967480617213192
26421,SMOOTH_TIME,55,0.04670475793138363,0.997057524564306
26421,SMOOTH_TIME,56,0.04662688980411572,0.997337538124132
26421,SMOOTH_TIME,57,0.04709051279502413,0.9975909048706205
26421,SMOOTH_TIME,58,0.04703848687998635,0.9978201605833292
26421,SMOOTH_TIME,59,0.04679703148454015,0.9980275997304866
26421,SMOOTH_TIME,60,0.04715232370226232,0.9982152984328002
26421,SMOOTH_TIME,61,0.04715430922750408,0.99838513524197
26421,SMOOTH_TIME,62,0.04656801996113761,0.998538809941867
26421,SMOOTH_TIME,63,0.046703068941361746,0.9986778605605392
26421,SMOOTH_TIME,64,0.04697442402279867,0.9988036787633147
26421,SMOOTH_TIME,65,0.046683161129323116,0.9989175237810562
26421,SMOOTH_TIME,66,0.0469003237548151,0.9990205350129654
26421,SMOOTH_TIME,67,0.0468038212750266,0.9991137434300749
26421,SMOOTH_TIME,68,0.04730145260065046,0.9991980818935514
26421,SMOOTH_TIME,69,0.047087191503738364,0.999274394491085
26421,SMOOTH_TIME,70,0.04668491954006262,0.9993434449848008
26421,SMOOTH_TIME,71,0.04711509166782398,0.9994059244552483
26421,SMOOTH_TIME,72,0.04699869840486154,0.9994624582179691
26421,SMOOTH_TIME,73,0.047425240386163116,0.9995136120818605
26421,SMOOTH_TIME,74,0.046951174025309704,0.9995598980119863
26421,SMOOTH_TIME,75,0.04687032158154499,0.9996017792534938
26421,SMOOTH_TIME,76,0.04689601680602018,0.9996396749679229
26421,SMOOTH_TIME,77,0.04667240984547538,0.9996739644283216
26421,SMOOTH_TIME,78,0.04687758070899448,0.9997049908151344
26421,SMOOTH_TIME,79,0.04717048743423415,0.9997330646508692
26421,SMOOTH_TIME,80,0.04682786659527202,0.99975846690791
26421,SMOOTH_TIME,81,0.047313755416140836,0.9997814518205832
26421,SMOOTH_TIME,82,0.04715389896135839,0.9998022494296203
26421,SMOOTH_TIME,83,0.04725719287172617,0.9998210678844827
26421,SMOOTH_TIME,84,0.04685910079065527,0.9998380955265914
26421,SMOOTH_TIME,85,0.0470780976267963,0.9998535027743126
26421,SMOOTH_TIME,86,0.04684335891209875,0.9998674438285596
26421,SMOOTH_TIME,87,0.04712585455006276,0.9998800582160889
26421,SMOOTH_TIME,88,0.04679945319152007,0.9998914721859312
26421,SMOOTH_TIME,89,0.04716776742559035,0.999901799972933
26421,SMOOTH_TIME,90,0.04685720224494839,0.9999111449410575
26421,SMOOTH_TIME,91,0.04657113095865097,0.9999196006178869
26421,SMOOTH_TIME,92,0.04681587843480181,0.9999272516306772
26421,SMOOTH_TIME,93,0.04707409137376012,0.9999341745533356
26421,SMOOTH_TIME,94,0.04716827442928631,0.9999404386727994
26421,SMOOTH_TIME,95,0.04703552976375638,0.999946106682481
26421,SMOOTH_TIME,96,0.047039100782382416,0.9999512353097266
26421,SMOOTH_TIME,97,0.04695946254588401,0.9999558758835616
26421,SMOOTH_TIME,98,0.04737975993670826,0.9999600748484087
26421,SMOOTH_TIME,99,0.046747126816834565,0.9999638742289195
26421,SMOOTH_TIME,100,0.04701154854016107,0.9999673120505713
26421,HARD_STEP,1,0.01323881862923742,0.2800000000000001
26421,HARD_STEP,2,0.013286938881277686,0.2800000000000001
26421,HARD_STEP,3,0.013298576385088171,0.2800000000000001
26421,HARD_STEP,4,0.013218704849462653,0.2800000000000001
26421,HARD_STEP,5,0.013260295907147156,0.2800000000000001
26421,HARD_STEP,6,0.013229826884204056,0.2800000000000001
26421,HARD_STEP,7,0.01319425324413142,0.2800000000000001
26421,HARD_STEP,8,0.013263462236360886,0.2800000000000001
26421,HARD_STEP,9,0.013286708745510778,0.2800000000000001
26421,HARD_STEP,10,0.013175426832408374,0.2800000000000001
26421,HARD_STEP,11,0.013239051048075079,0.2800000000000001
26421,HARD_STEP,12,0.013164991823860136,0.2800000000000001
26421,HARD_STEP,13,0.04695582014571279,1.0
26421,HARD_STEP,14,0.0468782147035517,1.0
26421,HARD_STEP,15,0.04702729307381844,1.0
26421,HARD_STEP,16,0.04689317597731398,1.0
26421,HARD_STEP,17,0.04689688234182643,1.0
26421,HARD_STEP,18,0.04668507682700323,1.0
26421,HARD_STEP,19,0.04702711744040953,1.0
26421,HARD_STEP,20,0.04699344400701655,1.0
26421,HARD_STEP,21,0.0470180246712571,1.0
26421,HARD_STEP,22,0.04679310597866145,1.0
26421,HARD_STEP,23,0.04679852454847555,1.0
26421,HARD_STEP,24,0.04697340019436447,1.0
26421,HARD_STEP,25,0.04687751552144867,1.0
26421,HARD_STEP,26,0.046856070461292275,1.0
26421,HARD_STEP,27,0.046976535152407094,1.0
26421,HARD_STEP,28,0.047166701627422196,1.0
26421,HARD_STEP,29,0.04650776402117954,1.0
26421,HARD_STEP,30,0.04649219252564333,1.0
26421,HARD_STEP,31,0.04698513221155331,1.0
26421,HARD_STEP,32,0.047002280444220106,1.0
26421,HARD_STEP,33,0.04691046821137051,1.0
26421,HARD_STEP,34,0.047121972423249,1.0
26421,HARD_STEP,35,0.04716574547674337,1.0
26421,HARD_STEP,36,0.04710420072048118,1.0
26421,HARD_STEP,37,0.047211503750006316,1.0
26421,HARD_STEP,38,0.0470917499076751,1.0
26421,HARD_STEP,39,0.04673790776380763,1.0
26421,HARD_STEP,40,0.046867167267301856,1.0
26421,HARD_STEP,41,0.046863806425027625,1.0
26421,HARD_STEP,42,0.047015607906431924,1.0
26421,HARD_STEP,43,0.0466705267388025,1.0
26421,HARD_STEP,44,0.04715494943384175,1.0
26421,HARD_STEP,45,0.04701978173770884,1.0
26421,HARD_STEP,46,0.04698148281335355,1.0
26421,HARD_STEP,47,0.04683823049889035,1.0
26421,HARD_STEP,48,0.04705792699648043,1.0
26421,HARD_STEP,49,0.046593244031744425,1.0
26421,HARD_STEP,50,0.04697406820095041,1.0
26421,HARD_STEP,51,0.047009934598509474,1.0
26421,HARD_STEP,52,0.04696898293066734,1.0
26421,HARD_STEP,53,0.04695361532789394,1.0
26421,HARD_STEP,54,0.047170719026845304,1.0
26421,HARD_STEP,55,0.046829959420118576,1.0
26421,HARD_STEP,56,0.04673865290259035,1.0
26421,HARD_STEP,57,0.04719067018888068,1.0
26421,HARD_STEP,58,0.04712966517409328,1.0
26421,HARD_STEP,59,0.046876179417254034,1.0
26421,HARD_STEP,60,0.047223835608968534,1.0
26421,HARD_STEP,61,0.047217376209096364,1.0
26421,HARD_STEP,62,0.046625218901337945,1.0
26421,HARD_STEP,63,0.0467512778330231,1.0
26421,HARD_STEP,64,0.04701665903396291,1.0
26421,HARD_STEP,65,0.04672371068020744,1.0
26421,HARD_STEP,66,0.046937193147200906,1.0
26421,HARD_STEP,67,0.04683522023507703,1.0
26421,HARD_STEP,68,0.04732640417863846,1.0
26421,HARD_STEP,69,0.047108230486830945,1.0
26421,HARD_STEP,70,0.04670446498232502,1.0
26421,HARD_STEP,71,0.04713139826905762,1.0
26421,HARD_STEP,72,0.04701435554685824,1.0
26421,HARD_STEP,73,0.04743809267480723,1.0
26421,HARD_STEP,74,0.04696038805122432,1.0
26421,HARD_STEP,75,0.04687798955615757,1.0
26421,HARD_STEP,76,0.046903769954893516,1.0
26421,HARD_STEP,77,0.0466783570631256,1.0
26421,HARD_STEP,78,0.04688003077256218,1.0
26421,HARD_STEP,79,0.04717074751413527,1.0
26421,HARD_STEP,80,0.04682884080762448,1.0
26421,HARD_STEP,81,0.04731277207464422,1.0
26421,HARD_STEP,82,0.0471510679324898,1.0
26421,HARD_STEP,83,0.04725654196029592,1.0
26421,HARD_STEP,84,0.046858049024849135,1.0
26421,HARD_STEP,85,0.04707446554324755,1.0
26421,HARD_STEP,86,0.04683974510640546,1.0
26421,HARD_STEP,87,0.04712217794541155,1.0
26421,HARD_STEP,88,0.04679343250185062,1.0
26421,HARD_STEP,89,0.047162338437658664,1.0
26421,HARD_STEP,90,0.04685185900519451,1.0
26421,HARD_STEP,91,0.04656400598093848,1.0
26421,HARD_STEP,92,0.04680868176194195,1.0
26421,HARD_STEP,93,0.04706682421129551,1.0
26421,HARD_STEP,94,0.04716015517482308,1.0
26421,HARD_STEP,95,0.04702876525018793,1.0
26421,HARD_STEP,96,0.047030929668535136,1.0
26421,HARD_STEP,97,0.04695089292380288,1.0
26421,HARD_STEP,98,0.04736953711346397,1.0
26421,HARD_STEP,99,0.04673740751999781,1.0
26421,HARD_STEP,100,0.047002477353792614,1.0
26421,REFRACTORY_TIME,1,0.013253626895429152,0.2800000000000001
26421,REFRACTORY_TIME,2,0.013301815491258195,0.2800000000000001
26421,REFRACTORY_TIME,3,0.013313469713361128,0.2800000000000001
26421,REFRACTORY_TIME,4,0.013233511263112063,0.2800000000000001
26421,REFRACTORY_TIME,5,0.013275111042845405,0.2800000000000001
26421,REFRACTORY_TIME,6,0.013244683966438485,0.2800000000000001
26421,REFRACTORY_TIME,7,0.013209008964814093,0.2800000000000001
26421,REFRACTORY_TIME,8,0.013278311481278804,0.2800000000000001
26421,REFRACTORY_TIME,9,0.013301529182271643,0.2800000000000001
26421,REFRACTORY_TIME,10,0.013190170106996755,0.2800000000000001
26421,REFRACTORY_TIME,11,0.013253916759993678,0.2800000000000001
26421,REFRACTORY_TIME,12,0.013179810744206303,0.2800000000000001
26421,REFRACTORY_TIME,13,0.016517165073441645,0.3485170590141093
26421,REFRACTORY_TIME,14,0.019417886735395608,0.410513857783853
26421,REFRACTORY_TIME,15,0.022134740315557355,0.4666108811091633
26421,REFRACTORY_TIME,16,0.024461198413996545,0.5173695668543398
26421,REFRACTORY_TIME,17,0.026622584683505247,0.5632979250069038
26421,REFRACTORY_TIME,18,0.028443388071412862,0.604855622012301
26421,REFRACTORY_TIME,19,0.030422374758299054,0.6424585812701852
26421,REFRACTORY_TIME,20,0.03199675411172631,0.6764831458356005
26421,REFRACTORY_TIME,21,0.03345686137580995,0.7072698449867687
26421,REFRACTORY_TIME,22,0.03459310366529985,0.7351268023565617
26421,REFRACTORY_TIME,23,0.03577000780190503,0.7603328197373828
26421,REFRACTORY_TIME,24,0.03696945676974405,0.7831401674232145
26421,REFRACTORY_TIME,25,0.03785350530554975,0.8037771090155114
26421,REFRACTORY_TIME,26,0.038703788835314605,0.8224501859620433
26421,REFRACTORY_TIME,27,0.039589995764889564,0.8393462846931304
26421,REFRACTORY_TIME,28,0.04046508138211411,0.8546345070438478
26421,REFRACTORY_TIME,29,0.04053284844138157,0.8684678626820314
26421,REFRACTORY_TIME,30,0.04109475051494135,0.8809848004804577
26421,REFRACTORY_TIME,31,0.04205809211263964,0.8923105941597028
26421,REFRACTORY_TIME,32,0.042548855862657026,0.9025585960696388
26421,REFRACTORY_TIME,33,0.04289572761999244,0.9118313716578529
26421,REFRACTORY_TIME,34,0.043479108918624214,0.9202217259791197
26421,REFRACTORY_TIME,35,0.04387261195398132,0.9278136325195815
26421,REFRACTORY_TIME,36,0.04413495519269169,0.9346830736316231
26421,REFRACTORY_TIME,37,0.04452357613105457,0.9408988009907927
26421,REFRACTORY_TIME,38,0.04467108522496629,0.94652302368568
26421,REFRACTORY_TIME,39,0.0445699129937653,0.9516120308273804
26421,REFRACTORY_TIME,40,0.04490643627563871,0.9562167549098427
26421,REFRACTORY_TIME,41,0.045094774751417634,0.960383281559387
26421,REFRACTORY_TIME,42,0.04541548684454744,0.9641533107751381
26421,REFRACTORY_TIME,43,0.045238256204604275,0.9675645742766382
26421,REFRACTORY_TIME,44,0.04585113243460393,0.9706512131355765
26421,REFRACTORY_TIME,45,0.04584916930757,0.9734441194711073
26421,REFRACTORY_TIME,46,0.04592843416469857,0.9759712456285653
26421,REFRACTORY_TIME,47,0.045892528962803956,0.9782578839359305
26421,REFRACTORY_TIME,48,0.0462046841847887,0.9803269198379495
26421,REFRACTORY_TIME,49,0.04583316894863335,0.9821990609413559
26421,REFRACTORY_TIME,50,0.046286281565667574,0.9838930442635606
26421,REFRACTORY_TIME,51,0.04639291661531638,0.9854258237590211
26421,REFRACTORY_TIME,52,0.04641689863594437,0.9868127400001113
26421,REFRACTORY_TIME,53,0.046459065675841904,0.988067673710732
26421,REFRACTORY_TIME,54,0.04672681561099501,0.9892031846892558
26421,REFRACTORY_TIME,55,0.04643572739061847,0.9902306375112157
26421,REFRACTORY_TIME,56,0.04638857561156504,0.9911603152697909
26421,REFRACTORY_TIME,57,0.04687641678431045,0.9920015224924655
26421,REFRACTORY_TIME,58,0.046850242184379685,0.9927626782638638
26421,REFRACTORY_TIME,59,0.04663028571241614,0.9934514004867788
26421,REFRACTORY_TIME,60,0.04700591220294723,0.9940745821247053
26421,REFRACTORY_TIME,61,0.04702574269525278,0.9946384601889343
26421,REFRACTORY_TIME,62,0.04645762202482461,0.9951486781606586
26421,REFRACTORY_TIME,63,0.04660581060901895,0.9956103424728285
26421,REFRACTORY_TIME,64,0.046890298654197825,0.9960280736170524
26421,REFRACTORY_TIME,65,0.0466141585704711,0.9964060523870247
26421,REFRACTORY_TIME,66,0.046842846621824974,0.9967480617213192
26421,REFRACTORY_TIME,67,0.046755971152457554,0.997057524564306
26421,REFRACTORY_TIME,68,0.04725961883910815,0.997337538124132
26421,REFRACTORY_TIME,69,0.04705350704155407,0.9975909048706205
26421,REFRACTORY_TIME,70,0.04665979720745905,0.9978201605833292
26421,REFRACTORY_TIME,71,0.04709629062844165,0.9980275997304866
26421,REFRACTORY_TIME,72,0.04698851215442479,0.9982152984328002
26421,REFRACTORY_TIME,73,0.04741917011919546,0.99838513524197
26421,REFRACTORY_TIME,74,0.046948934102600315,0.998538809941867
26421,REFRACTORY_TIME,75,0.046872598037770864,0.9986778605605392
26421,REFRACTORY_TIME,76,0.04690395477160748,0.9988036787633147
26421,REFRACTORY_TIME,77,0.04668404629880405,0.9989175237810562
26421,REFRACTORY_TIME,78,0.046890685531296494,0.9990205350129654
26421,REFRACTORY_TIME,79,0.04718629740348646,0.9991137434300749
26421,REFRACTORY_TIME,80,0.04684734856365504,0.9991980818935514
26421,REFRACTORY_TIME,81,0.04733591081335506,0.999274394491085
26421,REFRACTORY_TIME,82,0.04717688597290038,0.9993434449848008
26421,REFRACTORY_TIME,83,0.04728429547422127,0.9994059244552483
26421,REFRACTORY_TIME,84,0.04688847605853142,0.9994624582179691
26421,REFRACTORY_TIME,85,0.047108319927910314,0.9995136120818605
26421,REFRACTORY_TIME,86,0.04687558980316999,0.9995598980119863
26421,REFRACTORY_TIME,87,0.047159502722176505,0.9996017792534938
26421,REFRACTORY_TIME,88,0.04683288812364735,0.9996396749679229
26421,REFRACTORY_TIME,89,0.04720325865676655,0.9996739644283216
26421,REFRACTORY_TIME,90,0.04689415939574862,0.9997049908151344
26421,REFRACTORY_TIME,91,0.04660716939767982,0.9997330646508692
26421,REFRACTORY_TIME,92,0.04685277232257206,0.99975846690791
26421,REFRACTORY_TIME,93,0.047113004783554596,0.9997814518205832
26421,REFRACTORY_TIME,94,0.047207709778744056,0.9998022494296203
26421,REFRACTORY_TIME,95,0.04707599419482272,0.9998210678844827
26421,REFRACTORY_TIME,96,0.04707872204658989,0.9998380955265914
26421,REFRACTORY_TIME,97,0.04699984660715817,0.9998535027743126
26421,REFRACTORY_TIME,98,0.0474198478791888,0.9998674438285596
26421,REFRACTORY_TIME,99,0.04678784441447074,0.9998800582160889
26421,REFRACTORY_TIME,100,0.04705350474176485,0.9998914721859312
26422,NO_REPLENISH,1,0.013204372263023956,0.2800000000000001
26422,NO_REPLENISH,2,0.013252897691589832,0.2800000000000001
26422,NO_REPLENISH,3,0.013162806087884121,0.2800000000000001
26422,NO_REPLENISH,4,0.013168629030370986,0.2800000000000001
26422,NO_REPLENISH,5,0.013258249963156379,0.2800000000000001
26422,NO_REPLENISH,6,0.013248219960960225,0.2800000000000001
26422,NO_REPLENISH,7,0.013332690741404528,0.2800000000000001
26422,NO_REPLENISH,8,0.0133111761236602,0.2800000000000001
26422,NO_REPLENISH,9,0.013221967706283493,0.2800000000000001
26422,NO_REPLENISH,10,0.013170685325934642,0.2800000000000001
26422,NO_REPLENISH,11,0.013295920866085253,0.2800000000000001
26422,NO_REPLENISH,12,0.013186159551895097,0.2800000000000001
26422,NO_REPLENISH,13,0.0133488236747685,0.2800000000000001
26422,NO_REPLENISH,14,0.013277158030326615,0.2800000000000001
26422,NO_REPLENISH,15,0.013277320458101122,0.2800000000000001
26422,NO_REPLENISH,16,0.013328112295178695,0.2800000000000001
26422,NO_REPLENISH,17,0.01333439359365847,0.2800000000000001
26422,NO_REPLENISH,18,0.013217885676592664,0.2800000000000001
26422,NO_REPLENISH,19,0.013234162724475121,0.2800000000000001
26422,NO_REPLENISH,20,0.01326475340046965,0.2800000000000001
26422,NO_REPLENISH,21,0.013191697869430573,0.2800000000000001
26422,NO_REPLENISH,22,0.01317140608517118,0.2800000000000001
26422,NO_REPLENISH,23,0.01328604739429011,0.2800000000000001
26422,NO_REPLENISH,24,0.013244289413890957,0.2800000000000001
26422,NO_REPLENISH,25,0.013327182502473877,0.2800000000000001
26422,NO_REPLENISH,26,0.01329745582252348,0.2800000000000001
26422,NO_REPLENISH,27,0.013259847025932373,0.2800000000000001
26422,NO_REPLENISH,28,0.013163279616936918,0.2800000000000001
26422,NO_REPLENISH,29,0.013191187514369878,0.2800000000000001
26422,NO_REPLENISH,30,0.013278158260794844,0.2800000000000001
26422,NO_REPLENISH,31,0.013248705511201234,0.2800000000000001
26422,NO_REPLENISH,32,0.013189237015983487,0.2800000000000001
26422,NO_REPLENISH,33,0.01316962023706727,0.2800000000000001
26422,NO_REPLENISH,34,0.013306349593381483,0.2800000000000001
26422,NO_REPLENISH,35,0.013145165623993366,0.2800000000000001
26422,NO_REPLENISH,36,0.013262475535017323,0.2800000000000001
26422,NO_REPLENISH,37,0.01317074634075876,0.2800000000000001
26422,NO_REPLENISH,38,0.013273772751769728,0.2800000000000001
26422,NO_REPLENISH,39,0.01323324343439538,0.2800000000000001
26422,NO_REPLENISH,40,0.013162312790874105,0.2800000000000001
26422,NO_REPLENISH,41,0.013226342111464506,0.2800000000000001
26422,NO_REPLENISH,42,0.01321215267748927,0.2800000000000001
26422,NO_REPLENISH,43,0.013277856690244389,0.2800000000000001
26422,NO_REPLENISH,44,0.013179123105486149,0.2800000000000001
26422,NO_REPLENISH,45,0.013321897393008583,0.2800000000000001
26422,NO_REPLENISH,46,0.013247755609776443,0.2800000000000001
26422,NO_REPLENISH,47,0.013282739972214712,0.2800000000000001
26422,NO_REPLENISH,48,0.013269102976986044,0.2800000000000001
26422,NO_REPLENISH,49,0.013232600257279454,0.2800000000000001
26422,NO_REPLENISH,50,0.013180955632867466,0.2800000000000001
26422,NO_REPLENISH,51,0.01317654684261405,0.2800000000000001
26422,NO_REPLENISH,52,0.013317193792955548,0.2800000000000001
26422,NO_REPLENISH,53,0.01325985972642118,0.2800000000000001
26422,NO_REPLENISH,54,0.013233114403689272,0.2800000000000001
26422,NO_REPLENISH,55,0.013342941584352766,0.2800000000000001
26422,NO_REPLENISH,56,0.013215368866525997,0.2800000000000001
26422,NO_REPLENISH,57,0.013195930762640695,0.2800000000000001
26422,NO_REPLENISH,58,0.013239278850830474,0.2800000000000001
26422,NO_REPLENISH,59,0.013300326185697688,0.2800000000000001
26422,NO_REPLENISH,60,0.013172305241580667,0.2800000000000001
26422,NO_REPLENISH,61,0.0131374504509195,0.2800000000000001
26422,NO_REPLENISH,62,0.013278522854467033,0.2800000000000001
26422,NO_REPLENISH,63,0.013287891331980143,0.2800000000000001
26422,NO_REPLENISH,64,0.013310779478990982,0.2800000000000001
26422,NO_REPLENISH,65,0.013300326451661841,0.2800000000000001
26422,NO_REPLENISH,66,0.013303468066509358,0.2800000000000001
26422,NO_REPLENISH,67,0.013118811714559683,0.2800000000000001
26422,NO_REPLENISH,68,0.01328949073969543,0.2800000000000001
26422,NO_REPLENISH,69,0.013265767409120307,0.2800000000000001
26422,NO_REPLENISH,70,0.013146174002096703,0.2800000000000001
26422,NO_REPLENISH,71,0.013212826567040889,0.2800000000000001
26422,NO_REPLENISH,72,0.013218553629508772,0.2800000000000001
26422,NO_REPLENISH,73,0.013180175030626321,0.2800000000000001
26422,NO_REPLENISH,74,0.01331412713861665,0.2800000000000001
26422,NO_REPLENISH,75,0.013185298735011683,0.2800000000000001
26422,NO_REPLENISH,76,0.013165288167345565,0.2800000000000001
26422,NO_REPLENISH,77,0.013192306088421382,0.2800000000000001
26422,NO_REPLENISH,78,0.013291286969089133,0.2800000000000001
26422,NO_REPLENISH,79,0.01338322689822599,0.2800000000000001
26422,NO_REPLENISH,80,0.013190070252178984,0.2800000000000001
26422,NO_REPLENISH,81,0.013304180034062557,0.2800000000000001
26422,NO_REPLENISH,82,0.013334066719612602,0.2800000000000001
26422,NO_REPLENISH,83,0.013194539492643336,0.2800000000000001
26422,NO_REPLENISH,84,0.0132836674005748,0.2800000000000001
26422,NO_REPLENISH,85,0.01328779872660253,0.2800000000000001
26422,NO_REPLENISH,86,0.01320760873145555,0.2800000000000001
26422,NO_REPLENISH,87,0.013350096681394053,0.2800000000000001
26422,NO_REPLENISH,88,0.013240607158081152,0.2800000000000001
26422,NO_REPLENISH,89,0.013131355428999967,0.2800000000000001
26422,NO_REPLENISH,90,0.013294028392893793,0.2800000000000001
26422,NO_REPLENISH,91,0.013309225605583402,0.2800000000000001
26422,NO_REPLENISH,92,0.013173169690434213,0.2800000000000001
26422,NO_REPLENISH,93,0.013334816522960327,0.2800000000000001
26422,NO_REPLENISH,94,0.013272010929999101,0.2800000000000001
26422,NO_REPLENISH,95,0.013317607330524736,0.2800000000000001
26422,NO_REPLENISH,96,0.013187355608029373,0.2800000000000001
26422,NO_REPLENISH,97,0.013202775509125545,0.2800000000000001
26422,NO_REPLENISH,98,0.013239410704990863,0.2800000000000001
26422,NO_REPLENISH,99,0.013217599416883845,0.2800000000000001
26422,NO_REPLENISH,100,0.013245154006327439,0.2800000000000001
26422,SMOOTH_TIME,1,0.016448466533663057,0.3485170590141093
26422,SMOOTH_TIME,2,0.01944050216185068,0.410513857783853
26422,SMOOTH_TIME,3,0.021939767654899755,0.4666108811091633
26422,SMOOTH_TIME,4,0.024327086216350203,0.5173695668543398
26422,SMOOTH_TIME,5,0.026653721082257487,0.5632979250069038
26422,SMOOTH_TIME,6,0.028585567799481126,0.604855622012301
26422,SMOOTH_TIME,7,0.030541020100246685,0.6424585812701852
26422,SMOOTH_TIME,8,0.03209367396246945,0.6764831458356005
26422,SMOOTH_TIME,9,0.03331804601798367,0.7072698449867687
26422,SMOOTH_TIME,10,0.034483498244153386,0.7351268023565617
26422,SMOOTH_TIME,11,0.035987915701200836,0.7603328197373828
26422,SMOOTH_TIME,12,0.036752640236193096,0.7831401674232145
26422,SMOOTH_TIME,13,0.03816733833255853,0.8037771090155114
26422,SMOOTH_TIME,14,0.03883662391849479,0.8224501859620433
26422,SMOOTH_TIME,15,0.03962361177430029,0.8393462846931304
26422,SMOOTH_TIME,16,0.0404867318837954,0.8546345070438478
26422,SMOOTH_TIME,17,0.04115160489594945,0.8684678626820314
26422,SMOOTH_TIME,18,0.04137734311076848,0.8809848004804577
26422,SMOOTH_TIME,19,0.041951224483135575,0.8923105941597028
26422,SMOOTH_TIME,20,0.04252261445026084,0.9025585960696388
26422,SMOOTH_TIME,21,0.042718846214587824,0.9118313716578529
26422,SMOOTH_TIME,22,0.04304126553707962,0.9202217259791197
26422,SMOOTH_TIME,23,0.043760549831448614,0.9278136325195815
26422,SMOOTH_TIME,24,0.04394379630740484,0.9346830736316231
26422,SMOOTH_TIME,25,0.0445024602648856,0.9408988009907927
26422,SMOOTH_TIME,26,0.04466560984818748,0.94652302368568
26422,SMOOTH_TIME,27,0.04477626351478862,0.9516120308273804
26422,SMOOTH_TIME,28,0.04466798485423101,0.9562167549098427
26422,SMOOTH_TIME,29,0.044953152549324304,0.960383281559387
26422,SMOOTH_TIME,30,0.045417735244879305,0.9641533107751381
26422,SMOOTH_TIME,31,0.04547727915025676,0.9675645742766382
26422,SMOOTH_TIME,32,0.04541830836755828,0.9706512131355765
26422,SMOOTH_TIME,33,0.04547962620840549,0.9734441194711073
26422,SMOOTH_TIME,34,0.04605980699056219,0.9759712456285653
26422,SMOOTH_TIME,35,0.04561651963595562,0.9782578839359305
26422,SMOOTH_TIME,36,0.04611228730600551,0.9803269198379495
26422,SMOOTH_TIME,37,0.045885124753616835,0.9821990609413559
26422,SMOOTH_TIME,38,0.04631511413968531,0.9838930442635606
26422,SMOOTH_TIME,39,0.04624674196501614,0.9854258237590211
26422,SMOOTH_TIME,40,0.046067877894352294,0.9868127400001113
26422,SMOOTH_TIME,41,0.04634604555514591,0.988067673710732
26422,SMOOTH_TIME,42,0.04634829894225795,0.9892031846892558
26422,SMOOTH_TIME,43,0.046621771831728887,0.9902306375112157
26422,SMOOTH_TIME,44,0.046324869983510174,0.9911603152697909
26422,SMOOTH_TIME,45,0.04685545574985691,0.9920015224924655
26422,SMOOTH_TIME,46,0.046635271858129886,0.9927626782638638
26422,SMOOTH_TIME,47,0.04678710299837927,0.9934514004867788
26422,SMOOTH_TIME,48,0.04676840395663436,0.9940745821247053
26422,SMOOTH_TIME,49,0.04666877616666757,0.9946384601889343
26422,SMOOTH_TIME,50,0.04651458247495808,0.9951486781606586
26422,SMOOTH_TIME,51,0.04652026691358257,0.9956103424728285
26422,SMOOTH_TIME,52,0.04702592705582081,0.9960280736170524
26422,SMOOTH_TIME,53,0.04684593603327386,0.9964060523870247
26422,SMOOTH_TIME,54,0.04676790833634218,0.9967480617213192
26422,SMOOTH_TIME,55,0.04716337139614198,0.997057524564306
26422,SMOOTH_TIME,56,0.046733983587984224,0.997337538124132
26422,SMOOTH_TIME,57,0.046677181942015845,0.9975909048706205
26422,SMOOTH_TIME,58,0.04683765840632567,0.9978201605833292
26422,SMOOTH_TIME,59,0.04705957940465214,0.9980275997304866
26422,SMOOTH_TIME,60,0.04662518063599836,0.9982152984328002
26422,SMOOTH_TIME,61,0.04651114876665735,0.99838513524197
26422,SMOOTH_TIME,62,0.047008282123352424,0.998538809941867
26422,SMOOTH_TIME,63,0.0470473485391972,0.9986778605605392
26422,SMOOTH_TIME,64,0.0471315295185071,0.9988036787633147
26422,SMOOTH_TIME,65,0.047100544093508334,0.9989175237810562
26422,SMOOTH_TIME,66,0.04711644115958566,0.9990205350129654
26422,SMOOTH_TIME,67,0.04648048616434227,0.9991137434300749
26422,SMOOTH_TIME,68,0.047076573902622064,0.9991980818935514
26422,SMOOTH_TIME,69,0.04699846467078576,0.999274394491085
26422,SMOOTH_TIME,70,0.04658490843054308,0.9993434449848008
26422,SMOOTH_TIME,71,0.04681994709467909,0.9994059244552483
26422,SMOOTH_TIME,72,0.04684225607445453,0.9994624582179691
26422,SMOOTH_TIME,73,0.0467108158659529,0.9995136120818605
26422,SMOOTH_TIME,74,0.04717832447090836,0.9995598980119863
26422,SMOOTH_TIME,75,0.04673326936141111,0.9996017792534938
26422,SMOOTH_TIME,76,0.04666536786109322,0.9996396749679229
26422,SMOOTH_TIME,77,0.046760900128135476,0.9996739644283216
26422,SMOOTH_TIME,78,0.047105701598831484,0.9997049908151344
26422,SMOOTH_TIME,79,0.047426571824817486,0.9997330646508692
26422,SMOOTH_TIME,80,0.046757294393970174,0.99975846690791
26422,SMOOTH_TIME,81,0.047154084854197836,0.9997814518205832
26422,SMOOTH_TIME,82,0.04725862202303766,0.9998022494296203
26422,SMOOTH_TIME,83,0.04677547799155679,0.9998210678844827
26422,SMOOTH_TIME,84,0.04708584538577659,0.9998380955265914
26422,SMOOTH_TIME,85,0.047100074853951714,0.9998535027743126
26422,SMOOTH_TIME,86,0.04682327274048404,0.9998674438285596
26422,SMOOTH_TIME,87,0.04731810121448012,0.9998800582160889
26422,SMOOTH_TIME,88,0.04693952164364196,0.9998914721859312
26422,SMOOTH_TIME,89,0.04655987919326813,0.999901799972933
26422,SMOOTH_TIME,90,0.047125893683665404,0.9999111449410575
26422,SMOOTH_TIME,91,0.04717807184436934,0.9999196006178869
26422,SMOOTH_TIME,92,0.04670432509616343,0.9999272516306772
26422,SMOOTH_TIME,93,0.0472681520437896,0.9999341745533356
26422,SMOOTH_TIME,94,0.047050123483648176,0.9999404386727994
26422,SMOOTH_TIME,95,0.047208094775031316,0.999946106682481
26422,SMOOTH_TIME,96,0.04675614977713635,0.9999512353097266
26422,SMOOTH_TIME,97,0.04681021075861499,0.9999558758835616
26422,SMOOTH_TIME,98,0.04693734065444288,0.9999600748484087
26422,SMOOTH_TIME,99,0.04686209237990314,0.9999638742289195
26422,SMOOTH_TIME,100,0.046957983360875394,0.9999673120505713
26422,HARD_STEP,1,0.013216638430872757,0.2800000000000001
26422,HARD_STEP,2,0.013265017382387384,0.2800000000000001
26422,HARD_STEP,3,0.013175039362106159,0.2800000000000001
26422,HARD_STEP,4,0.013180714074393127,0.2800000000000001
26422,HARD_STEP,5,0.013270451500736575,0.2800000000000001
26422,HARD_STEP,6,0.013260471522594804,0.2800000000000001
26422,HARD_STEP,7,0.013344887506064315,0.2800000000000001
26422,HARD_STEP,8,0.013323448966554732,0.2800000000000001
26422,HARD_STEP,9,0.013234231917787017,0.2800000000000001
26422,HARD_STEP,10,0.013182769702778393,0.2800000000000001
26422,HARD_STEP,11,0.01330827876023992,0.2800000000000001
26422,HARD_STEP,12,0.013198391749173933,0.2800000000000001
26422,HARD_STEP,13,0.04732706234263804,1.0
26422,HARD_STEP,14,0.047079312556849044,1.0
26422,HARD_STEP,15,0.04707894015928807,1.0
26422,HARD_STEP,16,0.04725514014135829,1.0
26422,HARD_STEP,17,0.047277067527220516,1.0
26422,HARD_STEP,18,0.04687231698468086,1.0
26422,HARD_STEP,19,0.046928831986102766,1.0
26422,HARD_STEP,20,0.047035553342040674,1.0
26422,HARD_STEP,21,0.04678082066086179,1.0
26422,HARD_STEP,22,0.04671127803830066,1.0
26422,HARD_STEP,23,0.04710856250321774,1.0
26422,HARD_STEP,24,0.046963898083032314,1.0
26422,HARD_STEP,25,0.04725275328399614,1.0
26422,HARD_STEP,26,0.04714889915320353,1.0
26422,HARD_STEP,27,0.04701831688117569,1.0
26422,HARD_STEP,28,0.04668224219962391,1.0
26422,HARD_STEP,29,0.04678007220314356,1.0
26422,HARD_STEP,30,0.04708190260947772,1.0
26422,HARD_STEP,31,0.04698015744097933,1.0
26422,HARD_STEP,32,0.046773277543522174,1.0
26422,HARD_STEP,33,0.04670509744380472,1.0
26422,HARD_STEP,34,0.04717976670706331,1.0
26422,HARD_STEP,35,0.046618518682500026,1.0
26422,HARD_STEP,36,0.0470277429764839,1.0
26422,HARD_STEP,37,0.04670823587807199,1.0
26422,HARD_STEP,38,0.04706688676553583,1.0
26422,HARD_STEP,39,0.046925685775882166,1.0
26422,HARD_STEP,40,0.04667977428983372,1.0
26422,HARD_STEP,41,0.046902325996965095,1.0
26422,HARD_STEP,42,0.04685254104304128,1.0
26422,HARD_STEP,43,0.047080537307871255,1.0
26422,HARD_STEP,44,0.04673762986257133,1.0
26422,HARD_STEP,45,0.04723342782173214,1.0
26422,HARD_STEP,46,0.04697641921190099,1.0
26422,HARD_STEP,47,0.047097637064255425,1.0
26422,HARD_STEP,48,0.04704971765908066,1.0
26422,HARD_STEP,49,0.04692361956904036,1.0
26422,HARD_STEP,50,0.04674380116609195,1.0
26422,HARD_STEP,51,0.046729661210273554,1.0
26422,HARD_STEP,52,0.0472180703354538,1.0
26422,HARD_STEP,53,0.04701875051445706,1.0
26422,HARD_STEP,54,0.04692537970501994,1.0
26422,HARD_STEP,55,0.04730723822191996,1.0
26422,HARD_STEP,56,0.04686450267779679,1.0
26422,HARD_STEP,57,0.04679677023916764,1.0
26422,HARD_STEP,58,0.04694643537669942,1.0
26422,HARD_STEP,59,0.047158791073469875,1.0
26422,HARD_STEP,60,0.04671440662896076,1.0
26422,HARD_STEP,61,0.046592779512938144,1.0
26422,HARD_STEP,62,0.047083220992007756,1.0
26422,HARD_STEP,63,0.04711609568118263,1.0
26422,HARD_STEP,64,0.047195354428545756,1.0
26422,HARD_STEP,65,0.047159097251016795,1.0
26422,HARD_STEP,66,0.04717059162178575,1.0
26422,HARD_STEP,67,0.04652807824166152,1.0
26422,HARD_STEP,68,0.047121071637218154,1.0
26422,HARD_STEP,69,0.04703896988597078,1.0
26422,HARD_STEP,70,0.046623075031779836,1.0
26422,HARD_STEP,71,0.04685423525555771,1.0
26422,HARD_STEP,72,0.0468743947070138,1.0
26422,HARD_STEP,73,0.04674111720888769,1.0
26422,HARD_STEP,74,0.047206372979381676,1.0
26422,HARD_STEP,75,0.04675922006114281,1.0
26422,HARD_STEP,76,0.04668964128353855,1.0
26422,HARD_STEP,77,0.04678334982770956,1.0
26422,HARD_STEP,78,0.0471273859825333,1.0
26422,HARD_STEP,79,0.047446484956062775,1.0
26422,HARD_STEP,80,0.04677582180534551,1.0
26422,HARD_STEP,81,0.04717118145379392,1.0
26422,HARD_STEP,82,0.04727627748532609,1.0
26422,HARD_STEP,83,0.04679139234066713,1.0
26422,HARD_STEP,84,0.04710127948690227,1.0
26422,HARD_STEP,85,0.04711537750950042,1.0
26422,HARD_STEP,86,0.046837301762905625,1.0
26422,HARD_STEP,87,0.047331741444571584,1.0
26422,HARD_STEP,88,0.04695184499580193,1.0
26422,HARD_STEP,89,0.04657228673779785,1.0
26422,HARD_STEP,90,0.047137504922303675,1.0
26422,HARD_STEP,91,0.04718970732481151,1.0
26422,HARD_STEP,92,0.04671609487006024,1.0
26422,HARD_STEP,93,0.04727879132994566,1.0
26422,HARD_STEP,94,0.04705984775511185,1.0
26422,HARD_STEP,95,0.047218194721204025,1.0
26422,HARD_STEP,96,0.04676545383962705,1.0
26422,HARD_STEP,97,0.046820199911438355,1.0
26422,HARD_STEP,98,0.04694689653475426,1.0
26422,HARD_STEP,99,0.046871607247186614,1.0
26422,HARD_STEP,100,0.04696665246271359,1.0
26422,REFRACTORY_TIME,1,0.013204666381314645,0.2800000000000001
26422,REFRACTORY_TIME,2,0.013253232020600608,0.2800000000000001
26422,REFRACTORY_TIME,3,0.013163287361650003,0.2800000000000001
26422,REFRACTORY_TIME,4,0.013168780439376089,0.2800000000000001
26422,REFRACTORY_TIME,5,0.013258556675458943,0.2800000000000001
26422,REFRACTORY_TIME,6,0.013248545863602338,0.2800000000000001
26422,REFRACTORY_TIME,7,0.013332908656371689,0.2800000000000001
26422,REFRACTORY_TIME,8,0.013311399606512979,0.2800000000000001
26422,REFRACTORY_TIME,9,0.01322236806521702,0.2800000000000001
26422,REFRACTORY_TIME,10,0.01317086488274577,0.2800000000000001
26422,REFRACTORY_TIME,11,0.013296359507912137,0.2800000000000001
26422,REFRACTORY_TIME,12,0.013186523255174713,0.2800000000000001
26422,REFRACTORY_TIME,13,0.016616465658685835,0.3485170590141093
26422,REFRACTORY_TIME,14,0.019463148280122043,0.410513857783853
26422,REFRACTORY_TIME,15,0.022115003777119835,0.4666108811091633
26422,REFRACTORY_TIME,16,0.02460336710197449,0.5173695668543398
26422,REFRACTORY_TIME,17,0.026788322031724862,0.5632979250069038
26422,REFRACTORY_TIME,18,0.028501679242667183,0.604855622012301
26422,REFRACTORY_TIME,19,0.03029726843765676,0.6424585812701852
26422,REFRACTORY_TIME,20,0.031960635332047634,0.6764831458356005
26422,REFRACTORY_TIME,21,0.03321855462858207,0.7072698449867687
26422,REFRACTORY_TIME,22,0.03446132298381486,0.7351268023565617
26422,REFRACTORY_TIME,23,0.03593554224435044,0.7603328197373828
26422,REFRACTORY_TIME,24,0.03688573092266357,0.7831401674232145
26422,REFRACTORY_TIME,25,0.03807921405014664,0.8037771090155114
26422,REFRACTORY_TIME,26,0.03886640208623082,0.8224501859620433
26422,REFRACTORY_TIME,27,0.03954308356682406,0.8393462846931304
26422,REFRACTORY_TIME,28,0.039965110728060665,0.8546345070438478
26422,REFRACTORY_TIME,29,0.04068589673046666,0.8684678626820314
26422,REFRACTORY_TIME,30,0.04153070647872916,0.8809848004804577
26422,REFRACTORY_TIME,31,0.041965528994708436,0.8923105941597028
26422,REFRACTORY_TIME,32,0.042252252772683095,0.9025585960696388
26422,REFRACTORY_TIME,33,0.04261698819917529,0.9118313716578529
26422,REFRACTORY_TIME,34,0.043440685987957105,0.9202217259791197
26422,REFRACTORY_TIME,35,0.04327111822232645,0.9278136325195815
26422,REFRACTORY_TIME,36,0.043968843508505884,0.9346830736316231
26422,REFRACTORY_TIME,37,0.043955697822252705,0.9408988009907927
26422,REFRACTORY_TIME,38,0.04455304007902352,0.94652302368568
26422,REFRACTORY_TIME,39,0.04465421655622914,0.9516120308273804
26422,REFRACTORY_TIME,40,0.044630404692929636,0.9562167549098427
26422,REFRACTORY_TIME,41,0.04503510708425725,0.960383281559387
26422,REFRACTORY_TIME,42,0.04516172484369163,0.9641533107751381
26422,REFRACTORY_TIME,43,0.04553933086698825,0.9675645742766382
26422,REFRACTORY_TIME,44,0.04534860413836097,0.9706512131355765
26422,REFRACTORY_TIME,45,0.04595862039410136,0.9734441194711073
26422,REFRACTORY_TIME,46,0.045825645088308324,0.9759712456285653
26422,REFRACTORY_TIME,47,0.046049606101557894,0.9782578839359305
26422,REFRACTORY_TIME,48,0.046097618462947014,0.9803269198379495
26422,REFRACTORY_TIME,49,0.04606045685012533,0.9821990609413559
26422,REFRACTORY_TIME,50,0.0459619764843552,0.9838930442635606
26422,REFRACTORY_TIME,51,0.04601681312841299,0.9854258237590211
26422,REFRACTORY_TIME,52,0.0465625123734383,0.9868127400001113
26422,REFRACTORY_TIME,53,0.04642435686918383,0.988067673710732
26422,REFRACTORY_TIME,54,0.04638500143551045,0.9892031846892558
26422,REFRACTORY_TIME,55,0.046808192805380455,0.9902306375112157
26422,REFRACTORY_TIME,56,0.04641435131665638,0.9911603152697909
26422,REFRACTORY_TIME,57,0.0463851858935195,0.9920015224924655
26422,REFRACTORY_TIME,58,0.046570033708563906,0.9927626782638638
26422,REFRACTORY_TIME,59,0.046811255973135325,0.9934514004867788
26422,REFRACTORY_TIME,60,0.04639870960226278,0.9940745821247053
26422,REFRACTORY_TIME,61,0.04630342003385257,0.9946384601889343
26422,REFRACTORY_TIME,62,0.04681392983000806,0.9951486781606586
26422,REFRACTORY_TIME,63,0.04686853785211605,0.9956103424728285
26422,REFRACTORY_TIME,64,0.04696684377481356,0.9960280736170524
26422,REFRACTORY_TIME,65,0.04694719496878522,0.9964060523870247
26422,REFRACTORY_TIME,66,0.046974722328252484,0.9967480617213192
26422,REFRACTORY_TIME,67,0.04634941397072203,0.997057524564306
26422,REFRACTORY_TIME,68,0.04695208800551876,0.997337538124132
26422,REFRACTORY_TIME,69,0.046882688233293814,0.9975909048706205
26422,REFRACTORY_TIME,70,0.04647850504553545,0.9978201605833292
26422,REFRACTORY_TIME,71,0.046720101373358115,0.9980275997304866
26422,REFRACTORY_TIME,72,0.04674907932799538,0.9982152984328002
26422,REFRACTORY_TIME,73,0.046622741047856874,0.99838513524197
26422,REFRACTORY_TIME,74,0.04709355690687891,0.998538809941867
26422,REFRACTORY_TIME,75,0.04665302854584205,0.9986778605605392
26422,REFRACTORY_TIME,76,0.04659012313348324,0.9988036787633147
26422,REFRACTORY_TIME,77,0.04668995384096622,0.9989175237810562
26422,REFRACTORY_TIME,78,0.04703810092544949,0.9990205350129654
26422,REFRACTORY_TIME,79,0.04735975166556015,0.9991137434300749
26422,REFRACTORY_TIME,80,0.046694523541827904,0.9991980818935514
26422,REFRACTORY_TIME,81,0.047093313897824916,0.999274394491085
26422,REFRACTORY_TIME,82,0.047201554248761574,0.9993434449848008
26422,REFRACTORY_TIME,83,0.04672059478108681,0.9994059244552483
26422,REFRACTORY_TIME,84,0.04703082962911125,0.9994624582179691
26422,REFRACTORY_TIME,85,0.04704751780178307,0.9995136120818605
26422,REFRACTORY_TIME,86,0.04677219314451902,0.9995598980119863
26422,REFRACTORY_TIME,87,0.04726794635240691,0.9996017792534938
26422,REFRACTORY_TIME,88,0.04688999120551197,0.9996396749679229
26422,REFRACTORY_TIME,89,0.04651275706845707,0.9996739644283216
26422,REFRACTORY_TIME,90,0.04707884252804987,0.9997049908151344
26422,REFRACTORY_TIME,91,0.047132375725141375,0.9997330646508692
26422,REFRACTORY_TIME,92,0.04666056332011572,0.99975846690791
26422,REFRACTORY_TIME,93,0.047224597261832514,0.9997814518205832
26422,REFRACTORY_TIME,94,0.047005416799792386,0.9998022494296203
26422,REFRACTORY_TIME,95,0.04716557172720547,0.9998210678844827
26422,REFRACTORY_TIME,96,0.04671300289429645,0.9998380955265914
26422,REFRACTORY_TIME,97,0.04676863844151052,0.9998535027743126
26422,REFRACTORY_TIME,98,0.04689667282696763,0.9998674438285596
26422,REFRACTORY_TIME,99,0.046821217311550166,0.9998800582160889
26422,REFRACTORY_TIME,100,0.0469179050657616,0.9998914721859312
26423,NO_REPLENISH,1,0.01321370380144348,0.2800000000000001
26423,NO_REPLENISH,2,0.013232451176827906,0.2800000000000001
26423,NO_REPLENISH,3,0.013308673719552756,0.2800000000000001
26423,NO_REPLENISH,4,0.013212577866786923,0.2800000000000001
26423,NO_REPLENISH,5,0.013332239369118823,0.2800000000000001
26423,NO_REPLENISH,6,0.013293245558735714,0.2800000000000001
26423,NO_REPLENISH,7,0.013246430809795567,0.2800000000000001
26423,NO_REPLENISH,8,0.013358671338883249,0.2800000000000001
26423,NO_REPLENISH,9,0.013303987389317234,0.2800000000000001
26423,NO_REPLENISH,10,0.013247893622774792,0.2800000000000001
26423,NO_REPLENISH,11,0.013276337598380797,0.2800000000000001
26423,NO_REPLENISH,12,0.013207439895104874,0.2800000000000001
26423,NO_REPLENISH,13,0.01333523147060469,0.2800000000000001
26423,NO_REPLENISH,14,0.013257470852308481,0.2800000000000001
26423,NO_REPLENISH,15,0.01310510269209654,0.2800000000000001
26423,NO_REPLENISH,16,0.013296386708046079,0.2800000000000001
26423,NO_REPLENISH,17,0.013291584652445584,0.2800000000000001
26423,NO_REPLENISH,18,0.013181077146314222,0.2800000000000001
26423,NO_REPLENISH,19,0.013204075636264717,0.2800000000000001
26423,NO_REPLENISH,20,0.013154565644269456,0.2800000000000001
26423,NO_REPLENISH,21,0.013175072100130733,0.2800000000000001
26423,NO_REPLENISH,22,0.013224350108821442,0.2800000000000001
26423,NO_REPLENISH,23,0.013236272136852733,0.2800000000000001
26423,NO_REPLENISH,24,0.013332033337532865,0.2800000000000001
26423,NO_REPLENISH,25,0.01324817983247012,0.2800000000000001
26423,NO_REPLENISH,26,0.01318139921952125,0.2800000000000001
26423,NO_REPLENISH,27,0.013173548288181037,0.2800000000000001
26423,NO_REPLENISH,28,0.013217388803196402,0.2800000000000001
26423,NO_REPLENISH,29,0.01318176739794609,0.2800000000000001
26423,NO_REPLENISH,30,0.01324568342969616,0.2800000000000001
26423,NO_REPLENISH,31,0.013207510358257053,0.2800000000000001
26423,NO_REPLENISH,32,0.013305860751940159,0.2800000000000001
26423,NO_REPLENISH,33,0.013296854428826985,0.2800000000000001
26423,NO_REPLENISH,34,0.013360050650375576,0.2800000000000001
26423,NO_REPLENISH,35,0.013328059091200807,0.2800000000000001
26423,NO_REPLENISH,36,0.01327314722372945,0.2800000000000001
26423,NO_REPLENISH,37,0.013293679805762506,0.2800000000000001
26423,NO_REPLENISH,38,0.013143363146972287,0.2800000000000001
26423,NO_REPLENISH,39,0.013225436606675222,0.2800000000000001
26423,NO_REPLENISH,40,0.01322512900032928,0.2800000000000001
26423,NO_REPLENISH,41,0.013229625212196325,0.2800000000000001
26423,NO_REPLENISH,42,0.013274089958791669,0.2800000000000001
26423,NO_REPLENISH,43,0.013088833059583577,0.2800000000000001
26423,NO_REPLENISH,44,0.013377168478797876,0.2800000000000001
26423,NO_REPLENISH,45,0.01317191290003733,0.2800000000000001
26423,NO_REPLENISH,46,0.01316730580073977,0.2800000000000001
26423,NO_REPLENISH,47,0.013267297855746473,0.2800000000000001
26423,NO_REPLENISH,48,0.013212190997052536,0.2800000000000001
26423,NO_REPLENISH,49,0.013276574271831884,0.2800000000000001
26423,NO_REPLENISH,50,0.01327177584885244,0.2800000000000001
26423,NO_REPLENISH,51,0.01320452721240071,0.2800000000000001
26423,NO_REPLENISH,52,0.013235327727919898,0.2800000000000001
26423,NO_REPLENISH,53,0.013194969956546435,0.2800000000000001
26423,NO_REPLENISH,54,0.013237389533119842,0.2800000000000001
26423,NO_REPLENISH,55,0.013220436454468557,0.2800000000000001
26423,NO_REPLENISH,56,0.013286893972779138,0.2800000000000001
26423,NO_REPLENISH,57,0.013086679739465546,0.2800000000000001
26423,NO_REPLENISH,58,0.01317560064327894,0.2800000000000001
26423,NO_REPLENISH,59,0.013223555984602045,0.2800000000000001
26423,NO_REPLENISH,60,0.013253579634442283,0.2800000000000001
26423,NO_REPLENISH,61,0.013148558341465602,0.2800000000000001
26423,NO_REPLENISH,62,0.013239464318883754,0.2800000000000001
26423,NO_REPLENISH,63,0.01323653019857215,0.2800000000000001
26423,NO_REPLENISH,64,0.01324047772810448,0.2800000000000001
26423,NO_REPLENISH,65,0.013189434812354269,0.2800000000000001
26423,NO_REPLENISH,66,0.013292591561478925,0.2800000000000001
26423,NO_REPLENISH,67,0.013286955782713952,0.2800000000000001
26423,NO_REPLENISH,68,0.01330020994580671,0.2800000000000001
26423,NO_REPLENISH,69,0.01309502179205189,0.2800000000000001
26423,NO_REPLENISH,70,0.01311990325307165,0.2800000000000001
26423,NO_REPLENISH,71,0.013164536176543812,0.2800000000000001
26423,NO_REPLENISH,72,0.013119238139826725,0.2800000000000001
26423,NO_REPLENISH,73,0.01327789929551027,0.2800000000000001
26423,NO_REPLENISH,74,0.013302498858738404,0.2800000000000001
26423,NO_REPLENISH,75,0.013141012644783725,0.2800000000000001
26423,NO_REPLENISH,76,0.013283768606029233,0.2800000000000001
26423,NO_REPLENISH,77,0.013155825409881921,0.2800000000000001
26423,NO_REPLENISH,78,0.01316523101542749,0.2800000000000001
26423,NO_REPLENISH,79,0.013295680256498488,0.2800000000000001
26423,NO_REPLENISH,80,0.013309823344142912,0.2800000000000001
26423,NO_REPLENISH,81,0.013173134366352568,0.2800000000000001
26423,NO_REPLENISH,82,0.013243047179815634,0.2800000000000001
26423,NO_REPLENISH,83,0.013285341184228838,0.2800000000000001
26423,NO_REPLENISH,84,0.0132272530798854,0.2800000000000001
26423,NO_REPLENISH,85,0.013230792327526879,0.2800000000000001
26423,NO_REPLENISH,86,0.013199785871127322,0.2800000000000001
26423,NO_REPLENISH,87,0.013249094429857425,0.2800000000000001
26423,NO_REPLENISH,88,0.013155357220670785,0.2800000000000001
26423,NO_REPLENISH,89,0.013241468442670228,0.2800000000000001
26423,NO_REPLENISH,90,0.013418310706975639,0.2800000000000001
26423,NO_REPLENISH,91,0.013246425903407586,0.2800000000000001
26423,NO_REPLENISH,92,0.013241171717286305,0.2800000000000001
26423,NO_REPLENISH,93,0.013230645082876732,0.2800000000000001
26423,NO_REPLENISH,94,0.013215110496646093,0.2800000000000001
26423,NO_REPLENISH,95,0.01318038257348641,0.2800000000000001
26423,NO_REPLENISH,96,0.01322861067774038,0.2800000000000001
26423,NO_REPLENISH,97,0.01331261366748152,0.2800000000000001
26423,NO_REPLENISH,98,0.013279905012654305,0.2800000000000001
26423,NO_REPLENISH,99,0.013257771567208273,0.2800000000000001
26423,NO_REPLENISH,100,0.013285153195159008,0.2800000000000001
26423,SMOOTH_TIME,1,0.016468939227303286,0.3485170590141093
26423,SMOOTH_TIME,2,0.01942092657800318,0.410513857783853
26423,SMOOTH_TIME,3,0.02219336296101858,0.4666108811091633
26423,SMOOTH_TIME,4,0.024420739138352177,0.5173695668543398
26423,SMOOTH_TIME,5,0.026815739602488706,0.5632979250069038
26423,SMOOTH_TIME,6,0.028697827705768845,0.604855622012301
26423,SMOOTH_TIME,7,0.03036132528732202,0.6424585812701852
26423,SMOOTH_TIME,8,0.03222379703781566,0.6764831458356005
26423,SMOOTH_TIME,9,0.03353987091844702,0.7072698449867687
26423,SMOOTH_TIME,10,0.03470090199392374,0.7351268023565617
26423,SMOOTH_TIME,11,0.035955743320657756,0.7603328197373828
26423,SMOOTH_TIME,12,0.0368318799771698,0.7831401674232145
26423,SMOOTH_TIME,13,0.03815057273582975,0.8037771090155114
26423,SMOOTH_TIME,14,0.03880097396976782,0.8224501859620433
26423,SMOOTH_TIME,15,0.03913844165269991,0.8393462846931304
26423,SMOOTH_TIME,16,0.040413254024530436,0.8546345070438478
26423,SMOOTH_TIME,17,0.04104470845489142,0.8684678626820314
26423,SMOOTH_TIME,18,0.041286864517529505,0.8809848004804577
26423,SMOOTH_TIME,19,0.04188165195434703,0.8923105941597028
26423,SMOOTH_TIME,20,0.04219890672717382,0.9025585960696388
26423,SMOOTH_TIME,21,0.0426904789532719,0.9118313716578529
26423,SMOOTH_TIME,22,0.04323541492053514,0.9202217259791197
26423,SMOOTH_TIME,23,0.04362546856626084,0.9278136325195815
26423,SMOOTH_TIME,24,0.044253791280547204,0.9346830736316231
26423,SMOOTH_TIME,25,0.044268528651659304,0.9408988009907927
26423,SMOOTH_TIME,26,0.044309492913416015,0.94652302368568
26423,SMOOTH_TIME,27,0.044515711274831116,0.9516120308273804
26423,SMOOTH_TIME,28,0.044873732444612825,0.9562167549098427
26423,SMOOTH_TIME,29,0.044946387208413534,0.960383281559387
26423,SMOOTH_TIME,30,0.04533536715496774,0.9641533107751381
26423,SMOOTH_TIME,31,0.0453646311492803,0.9675645742766382
26423,SMOOTH_TIME,32,0.04583846215882544,0.9706512131355765
26423,SMOOTH_TIME,33,0.04593799867703124,0.9734441194711073
26423,SMOOTH_TIME,34,0.04626831387570705,0.9759712456285653
26423,SMOOTH_TIME,35,0.04626631020195954,0.9782578839359305
26423,SMOOTH_TIME,36,0.046175265666124045,0.9803269198379495
26423,SMOOTH_TIME,37,0.046330631443923485,0.9821990609413559
26423,SMOOTH_TIME,38,0.04589620389805473,0.9838930442635606
26423,SMOOTH_TIME,39,0.04624751364595751,0.9854258237590211
26423,SMOOTH_TIME,40,0.046309881617254724,0.9868127400001113
26423,SMOOTH_TIME,41,0.04638359345846652,0.988067673710732
26423,SMOOTH_TIME,42,0.04658663043089543,0.9892031846892558
26423,SMOOTH_TIME,43,0.04599802767751767,0.9902306375112157
26423,SMOOTH_TIME,44,0.04703291854606234,0.9911603152697909
26423,SMOOTH_TIME,45,0.04636462096158412,0.9920015224924655
26423,SMOOTH_TIME,46,0.04638439659877336,0.9927626782638638
26423,SMOOTH_TIME,47,0.046761968270493705,0.9934514004867788
26423,SMOOTH_TIME,48,0.046599954392545884,0.9940745821247053
26423,SMOOTH_TIME,49,0.046848417035236324,0.9946384601889343
26423,SMOOTH_TIME,50,0.04685477433108281,0.9951486781606586
26423,SMOOTH_TIME,51,0.04664333552655641,0.9956103424728285
26423,SMOOTH_TIME,52,0.046769280095462475,0.9960280736170524
26423,SMOOTH_TIME,53,0.046646843685880825,0.9964060523870247
26423,SMOOTH_TIME,54,0.04680906472484858,0.9967480617213192
26423,SMOOTH_TIME,55,0.046766133877328885,0.997057524564306
26423,SMOOTH_TIME,56,0.04700932455295929,0.997337538124132
26423,SMOOTH_TIME,57,0.046325956923292645,0.9975909048706205
26423,SMOOTH_TIME,58,0.04664533280221366,0.9978201605833292
26423,SMOOTH_TIME,59,0.046819872439983666,0.9980275997304866
26423,SMOOTH_TIME,60,0.04693455738100433,0.9982152984328002
26423,SMOOTH_TIME,61,0.04657748885755466,0.99838513524197
26423,SMOOTH_TIME,62,0.046899171788321516,0.998538809941867
26423,SMOOTH_TIME,63,0.04689564859047738,0.9986778605605392
26423,SMOOTH_TIME,64,0.04691548663403494,0.9988036787633147
26423,SMOOTH_TIME,65,0.04674234623708592,0.9989175237810562
26423,SMOOTH_TIME,66,0.04710766846434409,0.9990205350129654
26423,SMOOTH_TIME,67,0.047091145100367666,0.9991137434300749
26423,SMOOTH_TIME,68,0.047140242670122075,0.9991980818935514
26423,SMOOTH_TIME,69,0.04643058334091268,0.999274394491085
26423,SMOOTH_TIME,70,0.04652166694361229,0.9993434449848008
26423,SMOOTH_TIME,71,0.04667988093492172,0.9994059244552483
26423,SMOOTH_TIME,72,0.04652488767765708,0.9994624582179691
26423,SMOOTH_TIME,73,0.04707816418712829,0.9995136120818605
26423,SMOOTH_TIME,74,0.04716654178922488,0.9995598980119863
26423,SMOOTH_TIME,75,0.04660582186608045,0.9996017792534938
26423,SMOOTH_TIME,76,0.04710505245781793,0.9996396749679229
26423,SMOOTH_TIME,77,0.04666112439366656,0.9996739644283216
26423,SMOOTH_TIME,78,0.04669530732710897,0.9997049908151344
26423,SMOOTH_TIME,79,0.04715077059785839,0.9997330646508692
26423,SMOOTH_TIME,80,0.04719923117506791,0.99975846690791
26423,SMOOTH_TIME,81,0.04672632726919609,0.9997814518205832
26423,SMOOTH_TIME,82,0.046970504613201625,0.9998022494296203
26423,SMOOTH_TIME,83,0.04711786351242838,0.9998210678844827
26423,SMOOTH_TIME,84,0.04691752855910608,0.9998380955265914
26423,SMOOTH_TIME,85,0.04692975969401673,0.9998535027743126
26423,SMOOTH_TIME,86,0.046822195909252094,0.9998674438285596
26423,SMOOTH_TIME,87,0.0469947154686691,0.9998800582160889
26423,SMOOTH_TIME,88,0.046668614074190186,0.9998914721859312
26423,SMOOTH_TIME,89,0.04696966348030707,0.999901799972933
26423,SMOOTH_TIME,90,0.047584269544585035,0.9999111449410575
26423,SMOOTH_TIME,91,0.04698719594982222,0.9999196006178869
26423,SMOOTH_TIME,92,0.04696962985477419,0.9999272516306772
26423,SMOOTH_TIME,93,0.04693324253620568,0.9999341745533356
26423,SMOOTH_TIME,94,0.04687955594068602,0.9999404386727994
26423,SMOOTH_TIME,95,0.046760821470938845,0.999946106682481
26423,SMOOTH_TIME,96,0.04692584137681327,0.9999512353097266
26423,SMOOTH_TIME,97,0.0472192760054381,0.9999558758835616
26423,SMOOTH_TIME,98,0.047106567141618615,0.9999600748484087
26423,SMOOTH_TIME,99,0.04702900891155981,0.9999638742289195
26423,SMOOTH_TIME,100,0.047123657603869745,0.9999673120505713
26423,HARD_STEP,1,0.013219103804545107,0.2800000000000001
26423,HARD_STEP,2,0.013237892150659908,0.2800000000000001
26423,HARD_STEP,3,0.013314101817346227,0.2800000000000001
26423,HARD_STEP,4,0.013218038441085976,0.2800000000000001
26423,HARD_STEP,5,0.013337698507995327,0.2800000000000001
26423,HARD_STEP,6,0.013298724163530196,0.2800000000000001
26423,HARD_STEP,7,0.013251849403158206,0.2800000000000001
26423,HARD_STEP,8,0.013364174184668507,0.2800000000000001
26423,HARD_STEP,9,0.013309373351190193,0.2800000000000001
26423,HARD_STEP,10,0.01325316729029779,0.2800000000000001
26423,HARD_STEP,11,0.013281859908833826,0.2800000000000001
26423,HARD_STEP,12,0.013212893608310773,0.2800000000000001
26423,HARD_STEP,13,0.04725339468813879,1.0
26423,HARD_STEP,14,0.04698307954075862,1.0
26423,HARD_STEP,15,0.04645427101822491,1.0
26423,HARD_STEP,16,0.047118485340478446,1.0
26423,HARD_STEP,17,0.047102443748459656,1.0
26423,HARD_STEP,18,0.046718037220247456,1.0
26423,HARD_STEP,19,0.04679844918195076,1.0
26423,HARD_STEP,20,0.046624785650248635,1.0
26423,HARD_STEP,21,0.046697299976176034,1.0
26423,HARD_STEP,22,0.046868935702154675,1.0
26423,HARD_STEP,23,0.04691004617586842,1.0
26423,HARD_STEP,24,0.047242630853040236,1.0
26423,HARD_STEP,25,0.0469514963996602,1.0
26423,HARD_STEP,26,0.046720363421256704,1.0
26423,HARD_STEP,27,0.0466919398806562,1.0
26423,HARD_STEP,28,0.04684411922459631,1.0
26423,HARD_STEP,29,0.04672118459468314,1.0
26423,HARD_STEP,30,0.04694308954485782,1.0
26423,HARD_STEP,31,0.04681022571325336,1.0
26423,HARD_STEP,32,0.04715083308325274,1.0
26423,HARD_STEP,33,0.047120628514540276,1.0
26423,HARD_STEP,34,0.04733936290102483,1.0
26423,HARD_STEP,35,0.04722897915199826,1.0
26423,HARD_STEP,36,0.04703825012749815,1.0
26423,HARD_STEP,37,0.04710857595201098,1.0
26423,HARD_STEP,38,0.04658775678129421,1.0
26423,HARD_STEP,39,0.04687240882445848,1.0
26423,HARD_STEP,40,0.04687094526246682,1.0
26423,HARD_STEP,41,0.04688666797302261,1.0
26423,HARD_STEP,42,0.04703964722641334,1.0
26423,HARD_STEP,43,0.046397723619255225,1.0
26423,HARD_STEP,44,0.0473982619154719,1.0
26423,HARD_STEP,45,0.04668597690951681,1.0
26423,HARD_STEP,46,0.04667008700419025,1.0
26423,HARD_STEP,47,0.04701758963336283,1.0
26423,HARD_STEP,48,0.04682607786579932,1.0
26423,HARD_STEP,49,0.04704961733988722,1.0
26423,HARD_STEP,50,0.047032453648804096,1.0
26423,HARD_STEP,51,0.04679956609879591,1.0
26423,HARD_STEP,52,0.04690593637066177,1.0
26423,HARD_STEP,53,0.046765743501780865,1.0
26423,HARD_STEP,54,0.04691307229952224,1.0
26423,HARD_STEP,55,0.04685564146331239,1.0
26423,HARD_STEP,56,0.04708557303614783,1.0
26423,HARD_STEP,57,0.04639042195539341,1.0
26423,HARD_STEP,58,0.0466991868838054,1.0
26423,HARD_STEP,59,0.04686503484598189,1.0
26423,HARD_STEP,60,0.04697013779136625,1.0
26423,HARD_STEP,61,0.04660598361655701,1.0
26423,HARD_STEP,62,0.04692084667591558,1.0
26423,HARD_STEP,63,0.04691038165176362,1.0
26423,HARD_STEP,64,0.0469247305656604,1.0
26423,HARD_STEP,65,0.04674722924308391,1.0
26423,HARD_STEP,66,0.04710569060811114,1.0
26423,HARD_STEP,67,0.04708623519541157,1.0
26423,HARD_STEP,68,0.04713132035491397,1.0
26423,HARD_STEP,69,0.04641972212134681,1.0
26423,HARD_STEP,70,0.04650589482775099,1.0
26423,HARD_STEP,71,0.0466611804825123,1.0
26423,HARD_STEP,72,0.046503376556351374,1.0
26423,HARD_STEP,73,0.047054636962439556,1.0
26423,HARD_STEP,74,0.04714027906851487,1.0
26423,HARD_STEP,75,0.046578751821246746,1.0
26423,HARD_STEP,76,0.04707509302832393,1.0
26423,HARD_STEP,77,0.04662958227990277,1.0
26423,HARD_STEP,78,0.046663702581828566,1.0
26423,HARD_STEP,79,0.04711666468848157,1.0
26423,HARD_STEP,80,0.04716477027932899,1.0
26423,HARD_STEP,81,0.04669123175451736,1.0
26423,HARD_STEP,82,0.04693355998602603,1.0
26423,HARD_STEP,83,0.04708049688280256,1.0
26423,HARD_STEP,84,0.046879206716531285,1.0
26423,HARD_STEP,85,0.04689044377032834,1.0
26423,HARD_STEP,86,0.04678250866245424,1.0
26423,HARD_STEP,87,0.04695377333694112,1.0
26423,HARD_STEP,88,0.04662844403626034,1.0
26423,HARD_STEP,89,0.046927668742845464,1.0
26423,HARD_STEP,90,0.04754141710215499,1.0
26423,HARD_STEP,91,0.04694500112980724,1.0
26423,HARD_STEP,92,0.04692739060507329,1.0
26423,HARD_STEP,93,0.04688944085540379,1.0
26423,HARD_STEP,94,0.04683711912961717,1.0
26423,HARD_STEP,95,0.046716396014293636,1.0
26423,HARD_STEP,96,0.046883263377782446,1.0
26423,HARD_STEP,97,0.04717450002682042,1.0
26423,HARD_STEP,98,0.04706121818160638,1.0
26423,HARD_STEP,99,0.04698440570797907,1.0
26423,HARD_STEP,100,0.04707890346060751,1.0
26423,REFRACTORY_TIME,1,0.013220322256544764,0.2800000000000001
26423,REFRACTORY_TIME,2,0.013238940859086237,0.2800000000000001
26423,REFRACTORY_TIME,3,0.013315267899632994,0.2800000000000001
26423,REFRACTORY_TIME,4,0.013219197220459661,0.2800000000000001
26423,REFRACTORY_TIME,5,0.013338869465818049,0.2800000000000001
26423,REFRACTORY_TIME,6,0.013299959704178764,0.2800000000000001
26423,REFRACTORY_TIME,7,0.013252986971221426,0.2800000000000001
26423,REFRACTORY_TIME,8,0.013365294082756945,0.2800000000000001
26423,REFRACTORY_TIME,9,0.013310552684127683,0.2800000000000001
26423,REFRACTORY_TIME,10,0.013254329574483229,0.2800000000000001
26423,REFRACTORY_TIME,11,0.013283021367958442,0.2800000000000001
26423,REFRACTORY_TIME,12,0.01321412524993028,0.2800000000000001
26423,REFRACTORY_TIME,13,0.016607102585412672,0.3485170590141093
26423,REFRACTORY_TIME,14,0.019443241673431172,0.410513857783853
26423,REFRACTORY_TIME,15,0.02183924237623246,0.4666108811091633
26423,REFRACTORY_TIME,16,0.02455595877662572,0.5173695668543398
26423,REFRACTORY_TIME,17,0.026714689740218397,0.5632979250069038
26423,REFRACTORY_TIME,18,0.028435958678867113,0.604855622012301
26423,REFRACTORY_TIME,19,0.030242342740025806,0.6424585812701852
26423,REFRACTORY_TIME,20,0.031712174860058555,0.6764831458356005
26423,REFRACTORY_TIME,21,0.033192522128148,0.7072698449867687
26423,REFRACTORY_TIME,22,0.03461403891609592,0.7351268023565617
26423,REFRACTORY_TIME,23,0.03581972571960627,0.7603328197373828
26423,REFRACTORY_TIME,24,0.037143835435739465,0.7831401674232145
26423,REFRACTORY_TIME,25,0.03787428210113924,0.8037771090155114
26423,REFRACTORY_TIME,26,0.03855059173509431,0.8224501859620433
26423,REFRACTORY_TIME,27,0.039307945326303974,0.8393462846931304
26423,REFRACTORY_TIME,28,0.040144541901599384,0.8546345070438478
26423,REFRACTORY_TIME,29,0.04067648317739666,0.8684678626820314
26423,REFRACTORY_TIME,30,0.04145132868354321,0.8809848004804577
26423,REFRACTORY_TIME,31,0.04185699874004748,0.8923105941597028
26423,REFRACTORY_TIME,32,0.04263910299902187,0.9025585960696388
26423,REFRACTORY_TIME,33,0.04304197084838433,0.9118313716578529
26423,REFRACTORY_TIME,34,0.04363341557987945,0.9202217259791197
26423,REFRACTORY_TIME,35,0.04388400610526216,0.9278136325195815
26423,REFRACTORY_TIME,36,0.04402474328177585,0.9346830736316231
26423,REFRACTORY_TIME,37,0.044378855295055884,0.9408988009907927
26423,REFRACTORY_TIME,38,0.04414471478210225,0.94652302368568
26423,REFRACTORY_TIME,39,0.044649860506721845,0.9516120308273804
26423,REFRACTORY_TIME,40,0.0448608085764865,0.9562167549098427
26423,REFRACTORY_TIME,41,0.04506799931045306,0.960383281559387
26423,REFRACTORY_TIME,42,0.0453886117064804,0.9641533107751381
26423,REFRACTORY_TIME,43,0.044925029815265506,0.9675645742766382
26423,REFRACTORY_TIME,44,0.04603788579263801,0.9706512131355765
26423,REFRACTORY_TIME,45,0.04547374250577646,0.9734441194711073
26423,REFRACTORY_TIME,46,0.0455740801508269,0.9759712456285653
26423,REFRACTORY_TIME,47,0.04601951563688208,0.9782578839359305
26423,REFRACTORY_TIME,48,0.045926924924719115,0.9803269198379495
26423,REFRACTORY_TIME,49,0.04623292533612062,0.9821990609413559
26423,REFRACTORY_TIME,50,0.0462933911974166,0.9838930442635606
26423,REFRACTORY_TIME,51,0.046135026582581985,0.9854258237590211
26423,REFRACTORY_TIME,52,0.04630383525579266,0.9868127400001113
26423,REFRACTORY_TIME,53,0.04622276517162923,0.988067673710732
26423,REFRACTORY_TIME,54,0.04642099959741688,0.9892031846892558
26423,REFRACTORY_TIME,55,0.04641057885174585,0.9902306375112157
26423,REFRACTORY_TIME,56,0.046681906984497375,0.9911603152697909
26423,REFRACTORY_TIME,57,0.04603092616984428,0.9920015224924655
26423,REFRACTORY_TIME,58,0.04637199193889526,0.9927626782638638
26423,REFRACTORY_TIME,59,0.04656823570004884,0.9934514004867788
26423,REFRACTORY_TIME,60,0.04670197503626552,0.9940745821247053
26423,REFRACTORY_TIME,61,0.04636460620755644,0.9946384601889343
26423,REFRACTORY_TIME,62,0.04670171672104856,0.9951486781606586
26423,REFRACTORY_TIME,63,0.046713131750087684,0.9956103424728285
26423,REFRACTORY_TIME,64,0.046746300626658945,0.9960280736170524
26423,REFRACTORY_TIME,65,0.04658636151257323,0.9964060523870247
26423,REFRACTORY_TIME,66,0.04696029273545734,0.9967480617213192
26423,REFRACTORY_TIME,67,0.0469544588342341,0.997057524564306
26423,REFRACTORY_TIME,68,0.04701300886200183,0.997337538124132
26423,REFRACTORY_TIME,69,0.046313520949519536,0.9975909048706205
26423,REFRACTORY_TIME,70,0.04641076442217932,0.9978201605833292
26423,REFRACTORY_TIME,71,0.046575365491526265,0.9980275997304866
26423,REFRACTORY_TIME,72,0.046426517495601984,0.9982152984328002
26423,REFRACTORY_TIME,73,0.04698483077471161,0.99838513524197
26423,REFRACTORY_TIME,74,0.04707678956666043,0.998538809941867
26423,REFRACTORY_TIME,75,0.04652264248298394,0.9986778605605392
26423,REFRACTORY_TIME,76,0.04702432264725326,0.9988036787633147
26423,REFRACTORY_TIME,77,0.04658530232836805,0.9989175237810562
26423,REFRACTORY_TIME,78,0.04662286493599179,0.9990205350129654
26423,REFRACTORY_TIME,79,0.04707996398119949,0.9991137434300749
26423,REFRACTORY_TIME,80,0.04713170946840123,0.9991980818935514
26423,REFRACTORY_TIME,81,0.046661611523019335,0.999274394491085
26423,REFRACTORY_TIME,82,0.04690769712139823,0.9993434449848008
26423,REFRACTORY_TIME,83,0.04705716765254592,0.9994059244552483
26423,REFRACTORY_TIME,84,0.04685847687869699,0.9994624582179691
26423,REFRACTORY_TIME,85,0.046872371585164545,0.9995136120818605
26423,REFRACTORY_TIME,86,0.046767158337813995,0.9995598980119863
26423,REFRACTORY_TIME,87,0.046940229706423385,0.9996017792534938
26423,REFRACTORY_TIME,88,0.04661631139420536,0.9996396749679229
26423,REFRACTORY_TIME,89,0.0469176681186109,0.9996739644283216
26423,REFRACTORY_TIME,90,0.04753185765201686,0.9997049908151344
26423,REFRACTORY_TIME,91,0.04693721663289028,0.9997330646508692
26423,REFRACTORY_TIME,92,0.046920231691236235,0.99975846690791
26423,REFRACTORY_TIME,93,0.04688485220470556,0.9997814518205832
26423,REFRACTORY_TIME,94,0.046831666152580886,0.9998022494296203
26423,REFRACTORY_TIME,95,0.046712940959393184,0.9998210678844827
26423,REFRACTORY_TIME,96,0.04687943009200546,0.9998380955265914
26423,REFRACTORY_TIME,97,0.04717264574557873,0.9998535027743126
26423,REFRACTORY_TIME,98,0.047059761936407714,0.9998674438285596
26423,REFRACTORY_TIME,99,0.046983507501840556,0.9998800582160889
26423,REFRACTORY_TIME,100,0.04707841600131268,0.9998914721859312
