seed,model,phase,Q,TF,I,A,H,irreversible_recall,false_alarm_rate,violation_rate,trajectory
15600,static_quality,1,0.58,0.24,0.34,0.4,0.62,0.6979166666666666,0.18,0.40625,0.7634733333333289
15600,static_quality,2,0.58,0.24,0.34,0.4,0.62,0.6210526315789474,0.17583333333333334,0.43157894736842106,0.7544074999999959
15600,static_quality,3,0.58,0.24,0.34,0.4,0.62,0.6404494382022472,0.195,0.4606741573033708,0.7502283333333285
15600,static_quality,4,0.58,0.24,0.34,0.4,0.62,0.5714285714285714,0.19083333333333333,0.4880952380952381,0.750974999999996
15600,static_quality,5,0.58,0.24,0.34,0.4,0.62,0.8020833333333334,0.1675,0.2708333333333333,0.8312699999999956
15600,static_quality,6,0.58,0.24,0.34,0.4,0.62,0.696969696969697,0.16583333333333333,0.3939393939393939,0.7662666666666635
15600,linear_development,1,0.745132793515271,0.46714349524443954,0.5639366400664106,0.5793238120350839,0.4662821043433531,0.8117647058823529,0.1075,0.3058823529411765,0.84362333333333
15600,linear_development,2,0.8153042035727456,0.6667668068335013,0.7478894734802493,0.7369211632896069,0.3391564571962556,0.8,0.07833333333333334,0.2909090909090909,0.8198458333333309
15600,linear_development,3,0.8506078383518341,0.767763050352948,0.834596045263717,0.8166550397523277,0.2725569516602331,0.8641975308641975,0.07,0.25925925925925924,0.8765566666666653
15600,linear_development,4,0.8753864252617978,0.8448259578873488,0.8966892443051965,0.8774941772794864,0.2343767579310993,0.8526315789473684,0.065,0.29473684210526313,0.8423524999999982
15600,linear_development,5,0.890491464097019,0.892504936296908,0.9326946330244794,0.9151354760238753,0.21184491108793957,0.8488372093023255,0.04666666666666667,0.29069767441860467,0.8609116666666654
15600,linear_development,6,0.9033809625847415,0.9323698859204561,0.95,0.9466078046740447,0.1777304278826764,0.898989898989899,0.043333333333333335,0.2222222222222222,0.8774491666666652
15600,interaction_development,1,0.6699405885911169,0.4374866781976975,0.5354779218282415,0.5559105354192347,0.4948343890675521,0.6829268292682927,0.18416666666666667,0.3902439024390244,0.7976249999999961
15600,interaction_development,2,0.8057585736744618,0.635285954495392,0.7198747533246972,0.7120678588121523,0.3569552791601008,0.8645833333333334,0.1075,0.25,0.8537291666666643
15600,interaction_development,3,0.8709863788906258,0.7621047443596084,0.8298825378651015,0.8121879560733751,0.2671134777914318,0.9010989010989011,0.051666666666666666,0.21978021978021978,0.8852358333333324
15600,interaction_development,4,0.8987308854998605,0.8512271221825954,0.9016463961669129,0.8825477280388917,0.2033204789077241,0.9090909090909091,0.0425,0.21212121212121213,0.8821483333333328
15600,interaction_development,5,0.9096338912149223,0.9046948850830575,0.9415163234616792,0.9247591198024144,0.17081531968050503,0.9052631578947369,0.03833333333333333,0.22105263157894736,0.8828233333333327
15600,interaction_development,6,0.9139479872312768,0.937459245378924,0.95,0.95,0.1550391696452055,0.9222222222222223,0.04,0.2222222222222222,0.8874549999999995
15600,feedback_development,1,0.7049509943853214,0.5645093528865577,0.6172228859858708,0.5423446451272891,0.5156275402808931,0.6707317073170732,0.17083333333333334,0.45121951219512196,0.7754774999999965
15600,feedback_development,2,0.8591740729533015,0.851953068229309,0.8637473147975623,0.7120678588121523,0.3657256934106389,0.8333333333333334,0.0875,0.28703703703703703,0.822703333333331
15600,feedback_development,3,0.8939744939034353,0.9364915687272164,0.9389432902056649,0.7956785050553492,0.28202801957484674,0.9142857142857143,0.04666666666666667,0.18571428571428572,0.9214908333333321
15600,feedback_development,4,0.9059393741523305,0.95,0.95,0.872223190323646,0.22618368621023066,0.8653846153846154,0.03666666666666667,0.25,0.8584074999999984
15600,feedback_development,5,0.9100087767463696,0.95,0.95,0.9135893988840184,0.20192906718871598,0.8539325842696629,0.0325,0.2696629213483146,0.869564166666666
15600,feedback_development,6,0.9140089506739311,0.95,0.95,0.9453069376962897,0.16091523904951957,0.9032258064516129,0.030833333333333334,0.1827956989247312,0.9044274999999999
15601,static_quality,1,0.58,0.24,0.34,0.4,0.62,0.7525773195876289,0.16583333333333333,0.36082474226804123,0.7864766666666628
15601,static_quality,2,0.58,0.24,0.34,0.4,0.62,0.7127659574468085,0.18833333333333332,0.40425531914893614,0.7665366666666623
15601,static_quality,3,0.58,0.24,0.34,0.4,0.62,0.648936170212766,0.17333333333333334,0.425531914893617,0.7599116666666625
15601,static_quality,4,0.58,0.24,0.34,0.4,0.62,0.5972222222222222,0.185,0.4861111111111111,0.7823716666666619
15601,static_quality,5,0.58,0.24,0.34,0.4,0.62,0.7471264367816092,0.17,0.28735632183908044,0.8356283333333288
15601,static_quality,6,0.58,0.24,0.34,0.4,0.62,0.6162790697674418,0.18916666666666668,0.43023255813953487,0.771554166666662
15601,linear_development,1,0.7636039019033878,0.5189626409955399,0.613021513977581,0.6202336639438474,0.43218065793232235,0.8272727272727273,0.11833333333333333,0.3090909090909091,0.8009183333333304
15601,linear_development,2,0.824472669309134,0.688112130963845,0.7666366165377758,0.7537727349714571,0.30878177476704044,0.8571428571428571,0.08083333333333333,0.2087912087912088,0.8840658333333313
15601,linear_development,3,0.863471148630808,0.8037769229924727,0.8641296021765098,0.845087044467742,0.24183977315283792,0.8571428571428571,0.06916666666666667,0.26666666666666666,0.8417558333333317
15601,linear_development,4,0.8866200786401054,0.8720078383527452,0.9174871685743375,0.8989535565942729,0.1968287669489225,0.8571428571428571,0.059166666666666666,0.21978021978021978,0.8838399999999988
15601,linear_development,5,0.9036621206729796,0.9213895087852131,0.95,0.9379390858830634,0.15540363587799427,0.9292929292929293,0.04416666666666667,0.18181818181818182,0.8969083333333323
15601,linear_development,6,0.9099348016826945,0.9490316955015589,0.95,0.95,0.135366917571134,0.9550561797752809,0.04666666666666667,0.19101123595505617,0.9010358333333331
15601,interaction_development,1,0.6961031830913509,0.4735185904673351,0.5700201600008442,0.5843567819478961,0.4637268196807397,0.7032967032967034,0.12666666666666668,0.32967032967032966,0.8196933333333302
15601,interaction_development,2,0.8171235881635711,0.6503309613423764,0.7333159809948583,0.7239454957966136,0.3420406590778805,0.8351648351648352,0.08666666666666667,0.25274725274725274,0.8629783333333313
15601,interaction_development,3,0.8709338062221355,0.76495092319809,0.8322558465793454,0.8144349393669134,0.27435349993750263,0.8901098901098901,0.07,0.27472527472527475,0.8564841666666652
15601,interaction_development,4,0.8931430386215367,0.834205986563212,0.8883898209438399,0.8691099893920098,0.22938605497570838,0.9090909090909091,0.050833333333333335,0.24675324675324675,0.8906324999999988
15601,interaction_development,5,0.9054894154085463,0.8905465719197558,0.9312611992347122,0.9135893988840184,0.202524426862652,0.90625,0.0475,0.28125,0.8509733333333317
15601,interaction_development,6,0.9117406284834386,0.9286058445655938,0.95,0.9436361930781008,0.1811188038614586,0.8631578947368421,0.04,0.25263157894736843,0.8679574999999986
15601,feedback_development,1,0.7004477939715011,0.5646270151852899,0.6173055162308552,0.5423446451272891,0.5206466624581975,0.6785714285714286,0.1575,0.4642857142857143,0.7678574999999972
15601,feedback_development,2,0.8427903478926406,0.8158580303383074,0.8323098059088507,0.6848666393477959,0.3893035509216896,0.8452380952380952,0.09,0.2619047619047619,0.8670666666666648
15601,feedback_development,3,0.8904965085704102,0.9294649285162426,0.932564009298553,0.7868872826404926,0.2988128436369622,0.9080459770114943,0.056666666666666664,0.25287356321839083,0.8743799999999984
15601,feedback_development,4,0.9033239816561103,0.95,0.95,0.8496789980790707,0.24135146485998868,0.88,0.0425,0.22666666666666666,0.9021833333333327
15601,feedback_development,5,0.9091117033916072,0.95,0.95,0.9019487907831413,0.20579479168511455,0.8762886597938144,0.03916666666666667,0.26804123711340205,0.8579199999999986
15601,feedback_development,6,0.912880355908702,0.95,0.95,0.9324836763133354,0.17016352541535856,0.9078947368421053,0.029166666666666667,0.18421052631578946,0.9199899999999999
15602,static_quality,1,0.58,0.24,0.34,0.4,0.62,0.7325581395348837,0.185,0.3372093023255814,0.8124316666666619
15602,static_quality,2,0.58,0.24,0.34,0.4,0.62,0.7419354838709677,0.18666666666666668,0.3763440860215054,0.7826841666666619
15602,static_quality,3,0.58,0.24,0.34,0.4,0.62,0.6853932584269663,0.1825,0.42696629213483145,0.7676549999999956
15602,static_quality,4,0.58,0.24,0.34,0.4,0.62,0.7142857142857143,0.20166666666666666,0.3238095238095238,0.7832116666666623
15602,static_quality,5,0.58,0.24,0.34,0.4,0.62,0.6631578947368421,0.1675,0.4105263157894737,0.7661808333333294
15602,static_quality,6,0.58,0.24,0.34,0.4,0.62,0.7012987012987013,0.19833333333333333,0.35064935064935066,0.819939166666661
15602,linear_development,1,0.7596521343566611,0.5042680792933337,0.5991881262342065,0.6086326941789476,0.42968762011923867,0.851063829787234,0.11666666666666667,0.24468085106382978,0.8566741666666646
15602,linear_development,2,0.8086881135000161,0.6482202830406202,0.7314360332274504,0.7222791708215428,0.3525248823275548,0.7272727272727273,0.08416666666666667,0.3522727272727273,0.8239033333333311
15602,linear_development,3,0.8479736824056743,0.7663612176589014,0.83343005565329,0.8155483297307119,0.2917807229888616,0.7864077669902912,0.08,0.33980582524271846,0.8044824999999977
15602,linear_development,4,0.8765242422686903,0.8429469755022578,0.8952275640512759,0.8760107701333619,0.2187163356993686,0.9358974358974359,0.04,0.15384615384615385,0.9280008333333327
15602,linear_development,5,0.8929172500139808,0.8944282611956175,0.9340981749277608,0.9166538904175933,0.1935874692649643,0.8666666666666667,0.050833333333333335,0.26666666666666666,0.8656741666666651
15602,linear_development,6,0.9020145273302447,0.9259808056049071,0.95,0.9415637938986113,0.1793110058821394,0.875,0.0425,0.2625,0.882409166666666
15602,interaction_development,1,0.6918926550471131,0.46714349524443954,0.5639366400664106,0.5793238120350839,0.46669806746784204,0.8,0.16666666666666666,0.3058823529411765,0.830931666666663
15602,interaction_development,2,0.8042991259951007,0.630869679339004,0.7159114337367587,0.7085813257939512,0.36108524282163346,0.8255813953488372,0.10416666666666667,0.29069767441860467,0.8492824999999975
15602,interaction_development,3,0.8646566516199621,0.753357749443585,0.8225592337758626,0.8052824337712515,0.2953308217096228,0.826530612244898,0.05,0.3163265306122449,0.8307241666666654
15602,interaction_development,4,0.8927140249806093,0.834205986563212,0.8883898209438399,0.8691099893920098,0.23408719858025545,0.8953488372093024,0.05583333333333333,0.23255813953488372,0.8845983333333323
15602,interaction_development,5,0.9049340246228097,0.8885525297086495,0.929797236937012,0.9120151550331449,0.20598150376669225,0.8478260869565217,0.04666666666666667,0.2826086956521739,0.856618333333332
15602,interaction_development,6,0.9118167360961653,0.9237196930346957,0.95,0.9397787050273917,0.1720924043967003,0.8846153846153846,0.02666666666666667,0.19230769230769232,0.9154383333333332
15602,feedback_development,1,0.7980442884525201,0.7222709428306741,0.7516574098821789,0.6247771883884232,0.41645243954144423,0.8207547169811321,0.1425,0.2641509433962264,0.8261766666666632
15602,feedback_development,2,0.8749184918855569,0.8836285006849037,0.8915098885500619,0.7384996363098693,0.3235706008783289,0.8375,0.06416666666666666,0.25,0.8827816666666647
15602,feedback_development,3,0.9035971904497628,0.95,0.95,0.8364651638312322,0.22574733112736983,0.9239130434782609,0.0375,0.15217391304347827,0.9179941666666666
15602,feedback_development,4,0.9097474443535176,0.95,0.95,0.891386347333852,0.18628606126267283,0.9310344827586207,0.0375,0.21839080459770116,0.8931858333333327
15602,feedback_development,5,0.9128186371772007,0.95,0.95,0.929578690627303,0.16867620948788437,0.875,0.03166666666666667,0.25,0.8694133333333326
15602,feedback_development,6,0.9151068247960448,0.95,0.95,0.95,0.14314955187867304,0.9010989010989011,0.035833333333333335,0.18681318681318682,0.9038791666666659
15603,static_quality,1,0.58,0.24,0.34,0.4,0.62,0.6705882352941176,0.17666666666666667,0.4470588235294118,0.7691824999999959
15603,static_quality,2,0.58,0.24,0.34,0.4,0.62,0.8064516129032258,0.1775,0.3010752688172043,0.8188766666666619
15603,static_quality,3,0.58,0.24,0.34,0.4,0.62,0.7415730337078652,0.19083333333333333,0.33707865168539325,0.8060474999999948
15603,static_quality,4,0.58,0.24,0.34,0.4,0.62,0.6966292134831461,0.19333333333333333,0.34831460674157305,0.8007266666666618
15603,static_quality,5,0.58,0.24,0.34,0.4,0.62,0.7349397590361446,0.17833333333333334,0.30120481927710846,0.8335791666666621
15603,static_quality,6,0.58,0.24,0.34,0.4,0.62,0.7582417582417582,0.185,0.3626373626373626,0.7924349999999951
15603,linear_development,1,0.7579370669353578,0.5042680792933337,0.5991881262342065,0.6086326941789476,0.446021595560223,0.8301886792452831,0.1125,0.330188679245283,0.7973249999999974
15603,linear_development,2,0.8159099290340772,0.6647553388667016,0.7461122592953164,0.735333162263186,0.3280109601006583,0.8780487804878049,0.0825,0.2073170731707317,0.8938891666666651
15603,linear_development,3,0.8546390444293237,0.780007042557628,0.8447294377643383,0.8263213493876014,0.2640193113350551,0.8958333333333334,0.075,0.2708333333333333,0.8504591666666641
15603,linear_development,4,0.8817793724744589,0.8624227066228786,0.910230148196326,0.891386347333852,0.21510407339101495,0.9038461538461539,0.045,0.25,0.8568533333333314
15603,linear_development,5,0.8966873271808857,0.9075199339314077,0.9435347950369137,0.9269894215247961,0.190545796389444,0.8764044943820225,0.05333333333333334,0.25842696629213485,0.869867499999999
15603,linear_development,6,0.9067437101919119,0.9418165150766571,0.95,0.95,0.1585430846774953,0.9072164948453608,0.04,0.20618556701030927,0.8878558333333327
15603,interaction_development,1,0.6837661087117396,0.45743581973731673,0.5546495953224815,0.5716598576873552,0.48002432507894605,0.7045454545454546,0.16833333333333333,0.36363636363636365,0.800749166666663
15603,interaction_development,2,0.8066605420521906,0.635285954495392,0.7198747533246972,0.7120678588121523,0.3599645982652512,0.782608695652174,0.10916666666666666,0.2826086956521739,0.8434399999999975
15603,interaction_development,3,0.8618665403257595,0.7427456164316879,0.8136159842115139,0.7969044340250171,0.29067588274613093,0.8354430379746836,0.07916666666666666,0.26582278481012656,0.8748533333333313
15603,interaction_development,4,0.8931507119086699,0.831185521449051,0.8860128069086998,0.8667254116703038,0.21858688083156902,0.9069767441860465,0.05416666666666667,0.18604651162790697,0.9047483333333328
15603,interaction_development,5,0.9050284978478083,0.8851480712022659,0.9272876864653863,0.9093274246333682,0.19706598341537,0.8636363636363636,0.0525,0.2727272727272727,0.8652899999999984
15603,interaction_development,6,0.9102435431559979,0.9180071807898276,0.95,0.935268826939338,0.18946419121879798,0.825,0.024166666666666666,0.3,0.8715224999999994
15603,feedback_development,1,0.7130817955181581,0.5811669051188804,0.6314289565509985,0.5505331135902283,0.5138492359108295,0.717391304347826,0.15666666666666668,0.4782608695652174,0.7432824999999963
15603,feedback_development,2,0.8479473547453593,0.8284902048352359,0.8433144047818677,0.6942078708059725,0.3857172939946199,0.7802197802197802,0.09,0.2967032967032967,0.8422124999999978
15603,feedback_development,3,0.8962938775643965,0.9401243254448453,0.942264907781185,0.8005382637600837,0.26697971792556724,0.9135802469135802,0.050833333333333335,0.12345679012345678,0.9354725
15603,feedback_development,4,0.9064736525611505,0.95,0.95,0.8691099893920098,0.21817962810611866,0.9139784946236559,0.03666666666666667,0.24731182795698925,0.8733374999999991
15603,feedback_development,5,0.9094666140096055,0.95,0.95,0.9082294821579054,0.2057891633374987,0.8235294117647058,0.041666666666666664,0.3058823529411765,0.8574591666666652
15603,feedback_development,6,0.9143678513391931,0.95,0.95,0.945635096070112,0.15443092189425633,0.9423076923076923,0.025,0.16346153846153846,0.905659166666666
15604,static_quality,1,0.58,0.24,0.34,0.4,0.62,0.7419354838709677,0.20416666666666666,0.34408602150537637,0.7933291666666616
15604,static_quality,2,0.58,0.24,0.34,0.4,0.62,0.7070707070707071,0.18833333333333332,0.43434343434343436,0.7415733333333286
15604,static_quality,3,0.58,0.24,0.34,0.4,0.62,0.6091954022988506,0.17416666666666666,0.45977011494252873,0.7597566666666627
15604,static_quality,4,0.58,0.24,0.34,0.4,0.62,0.7926829268292683,0.16333333333333333,0.3170731707317073,0.8321874999999956
15604,static_quality,5,0.58,0.24,0.34,0.4,0.62,0.7701149425287356,0.1825,0.28735632183908044,0.8330149999999947
15604,static_quality,6,0.58,0.24,0.34,0.4,0.62,0.75,0.16833333333333333,0.3194444444444444,0.8460858333333297
15604,linear_development,1,0.7415580635814578,0.45743581973731673,0.5546495953224815,0.5716598576873552,0.473668476733269,0.7682926829268293,0.13666666666666666,0.3170731707317073,0.8374399999999969
15604,linear_development,2,0.8037941423673671,0.630869679339004,0.7159114337367587,0.7085813257939512,0.35256108299002725,0.8604651162790697,0.11,0.2558139534883721,0.8631666666666643
15604,linear_development,3,0.8495775834201695,0.7635321158934507,0.8310733601000457,0.8133148283369349,0.269086176519292,0.92,0.060833333333333336,0.26,0.8532891666666652
15604,linear_development,4,0.8714739808072612,0.8281100289589509,0.8835851684970822,0.8642973912833827,0.22458833495081404,0.8970588235294118,0.06833333333333333,0.22058823529411764,0.9068599999999984
15604,linear_development,5,0.8902895963036297,0.8823497767962704,0.9252156076667729,0.9071182448391613,0.1881160454581115,0.8170731707317073,0.05416666666666667,0.23170731707317074,0.8903824999999982
15604,linear_development,6,0.9032546685091454,0.9218611717325018,0.95,0.9383114513677651,0.16012816110840633,0.9294117647058824,0.04583333333333333,0.2,0.9018883333333326
15604,interaction_development,1,0.6831723269618789,0.45743581973731673,0.5546495953224815,0.5716598576873552,0.4829684921861508,0.6555555555555556,0.155,0.37777777777777777,0.7937858333333295
15604,interaction_development,2,0.8244939877191004,0.6647553388667016,0.7461122592953164,0.735333162263186,0.33727482616017823,0.8113207547169812,0.11833333333333333,0.24528301886792453,0.8414941666666637
15604,interaction_development,3,0.8770383001591304,0.7773431763191099,0.8425326102093692,0.8242182970940345,0.25285433809156405,0.9058823529411765,0.07416666666666667,0.2,0.8956941666666652
15604,interaction_development,4,0.8955616792861179,0.8429469755022578,0.8952275640512759,0.8760107701333619,0.2222144449764063,0.8271604938271605,0.049166666666666664,0.2839506172839506,0.8710108333333325
15604,interaction_development,5,0.909072606929842,0.901783537626425,0.9394256972293831,0.9224606875998098,0.17335598327992174,0.9166666666666666,0.03666666666666667,0.1875,0.8985283333333327
15604,interaction_development,6,0.9135019532211409,0.9343745881451029,0.95,0.9481904643250817,0.15896469442205902,0.9204545454545454,0.028333333333333332,0.23863636363636365,0.8856433333333323
15604,feedback_development,1,0.7745667340786517,0.6764383329360243,0.7124889580017989,0.5990972779779944,0.4408747164889322,0.8571428571428571,0.14916666666666667,0.26373626373626374,0.84442333333333
15604,feedback_development,2,0.8728096068624631,0.8729407054640537,0.8820598785153474,0.7288847226135935,0.3154284138157081,0.9210526315789473,0.065,0.14473684210526316,0.9273874999999998
15604,feedback_development,3,0.8995131214844141,0.948147419018471,0.9495516074439365,0.8110542817639589,0.25179267230238256,0.9102564102564102,0.056666666666666664,0.23076923076923078,0.8944633333333321
15604,feedback_development,4,0.909497688410361,0.95,0.95,0.8839529270206343,0.18347838122989046,0.9278350515463918,0.035833333333333335,0.16494845360824742,0.9084116666666663
15604,feedback_development,5,0.9132845996103631,0.95,0.95,0.9238480377257655,0.15503112184912315,0.9186046511627907,0.03666666666666667,0.18604651162790697,0.9088616666666661
15604,feedback_development,6,0.9154183825070057,0.95,0.95,0.95,0.13780839975985343,0.9052631578947369,0.03666666666666667,0.2,0.8934866666666664
15605,static_quality,1,0.58,0.24,0.34,0.4,0.62,0.6179775280898876,0.18583333333333332,0.4943820224719101,0.7375266666666626
15605,static_quality,2,0.58,0.24,0.34,0.4,0.62,0.6551724137931034,0.18833333333333332,0.42528735632183906,0.7716649999999959
15605,static_quality,3,0.58,0.24,0.34,0.4,0.62,0.7816091954022989,0.18166666666666667,0.3448275862068966,0.8080499999999959
15605,static_quality,4,0.58,0.24,0.34,0.4,0.62,0.7083333333333334,0.19,0.3645833333333333,0.7810058333333286
15605,static_quality,5,0.58,0.24,0.34,0.4,0.62,0.6310679611650486,0.17166666666666666,0.46601941747572817,0.720219166666663
15605,static_quality,6,0.58,0.24,0.34,0.4,0.62,0.68,0.18416666666666667,0.42,0.7473974999999959
15605,linear_development,1,0.7624148587719658,0.5131378218967122,0.6075463937163172,0.6156351225500359,0.4276063974776767,0.79,0.11416666666666667,0.26,0.8422066666666638
15605,linear_development,2,0.8164271237745236,0.6667668068335013,0.7478894734802493,0.7369211632896069,0.3284619790840845,0.8390804597701149,0.0875,0.27586206896551724,0.8579999999999982
15605,linear_development,3,0.8551794693631576,0.7813270003022822,0.8458163316999879,0.8273634212912758,0.26232133078728315,0.8350515463917526,0.065,0.27835051546391754,0.8473024999999985
15605,linear_development,4,0.8810982875142123,0.8590707231213458,0.9076719816680596,0.888740044569484,0.21880208538062496,0.8282828282828283,0.0575,0.26262626262626265,0.8540366666666652
15605,linear_development,5,0.8955128702773931,0.9091746072492013,0.9447122833235743,0.9282957425651593,0.20586958287704832,0.8207547169811321,0.04583333333333333,0.3113207547169811,0.8215699999999987
15605,linear_development,6,0.9041887196841631,0.9418165150766571,0.95,0.95,0.18287632760843595,0.88,0.041666666666666664,0.26,0.8572391666666658
15605,interaction_development,1,0.7023448352721858,0.4798174140509839,0.5760188087486724,0.5893295374086714,0.4508225270920181,0.7586206896551724,0.15916666666666668,0.27586206896551724,0.8428374999999968
15605,interaction_development,2,0.8087106242449433,0.6374742387684197,0.7218356300514243,0.7137954516592794,0.35474495910835674,0.8181818181818182,0.09666666666666666,0.3181818181818182,0.8356841666666646
15605,interaction_development,3,0.8663493899032135,0.7503711903651132,0.8200487336591412,0.8029246239724581,0.2754253360726659,0.8765432098765432,0.07916666666666666,0.2345679012345679,0.8843483333333313
15605,interaction_development,4,0.8942092104833824,0.834205986563212,0.8883898209438399,0.8691099893920098,0.217441717693249,0.8837209302325582,0.049166666666666664,0.20930232558139536,0.8953024999999999
15605,interaction_development,5,0.9049817401305125,0.8851480712022659,0.9272876864653863,0.9093274246333682,0.1977308567933742,0.8452380952380952,0.034166666666666665,0.27380952380952384,0.8745366666666657
15605,interaction_development,6,0.9131009252785194,0.9277413419810552,0.95,0.9429536910376756,0.15567039104278077,0.9120879120879121,0.0325,0.15384615384615385,0.9195341666666663
15605,feedback_development,1,0.7105724075968466,0.5756882077391455,0.6267544326403411,0.5478200337929862,0.5137140800014376,0.6704545454545454,0.1725,0.4659090909090909,0.7547041666666628
15605,feedback_development,2,0.8539904229084854,0.8361197816609257,0.849911226293983,0.6996791696326119,0.365056748251008,0.8823529411764706,0.09416666666666666,0.2,0.8910074999999987
15605,feedback_development,3,0.8964693994062665,0.9420443231873746,0.943997980281833,0.8029246239724581,0.27005996660085657,0.8977272727272727,0.06166666666666667,0.20454545454545456,0.8930916666666667
15605,feedback_development,4,0.9055011298669075,0.95,0.95,0.8626541859642591,0.2237461970461835,0.8607594936708861,0.050833333333333335,0.24050632911392406,0.8906383333333324
15605,feedback_development,5,0.9107984746515274,0.95,0.95,0.9109497579371043,0.18678480032123487,0.8631578947368421,0.045,0.24210526315789474,0.8715016666666654
15605,feedback_development,6,0.9139443206268927,0.95,0.95,0.9394151962046194,0.15686724892328072,0.9230769230769231,0.04083333333333333,0.1794871794871795,0.9175941666666665
15606,static_quality,1,0.58,0.24,0.34,0.4,0.62,0.7333333333333333,0.1825,0.3333333333333333,0.8078591666666624
15606,static_quality,2,0.58,0.24,0.34,0.4,0.62,0.7625,0.185,0.2875,0.8426033333333287
15606,static_quality,3,0.58,0.24,0.34,0.4,0.62,0.6904761904761905,0.18083333333333335,0.35714285714285715,0.8083158333333287
15606,static_quality,4,0.58,0.24,0.34,0.4,0.62,0.7252747252747253,0.19083333333333333,0.37362637362637363,0.7859033333333286
15606,static_quality,5,0.58,0.24,0.34,0.4,0.62,0.723404255319149,0.1875,0.3723404255319149,0.7816199999999954
15606,static_quality,6,0.58,0.24,0.34,0.4,0.62,0.6923076923076923,0.1975,0.37362637362637363,0.7845966666666613
15606,linear_development,1,0.7454527518367796,0.46714349524443954,0.5639366400664106,0.5793238120350839,0.46323488223374726,0.75,0.14083333333333334,0.2976190476190476,0.8418091666666631
15606,linear_development,2,0.7997040495600385,0.6241447968596938,0.7098610670503046,0.7032722080471273,0.3734299809091405,0.7613636363636364,0.0925,0.3409090909090909,0.8265908333333314
15606,linear_development,3,0.8472554811360331,0.7592241015100749,0.8274756506675646,0.8099137643500592,0.27989464856547774,0.8877551020408163,0.060833333333333336,0.24489795918367346,0.8634574999999984
15606,linear_development,4,0.8774030982876599,0.8438892936492443,0.895960971102917,0.8767547055125617,0.21276593895367557,0.898876404494382,0.05333333333333334,0.19101123595505617,0.9000149999999995
15606,linear_development,5,0.8952053500677722,0.8937910072390518,0.9336336101991549,0.9161507951887257,0.17019112626719618,0.9090909090909091,0.0375,0.16883116883116883,0.9233650000000004
15606,linear_development,6,0.9093443899512766,0.9363198666786293,0.95,0.9497262105357603,0.12800426815461186,0.9191919191919192,0.04083333333333333,0.1414141414141414,0.9173883333333328
15606,interaction_development,1,0.6968926721282752,0.47667747892453105,0.5730300188808383,0.5868506412562087,0.4685460368639966,0.71,0.155,0.38,0.7732824999999977
15606,interaction_development,2,0.8359315372752594,0.6805131808342499,0.7599864730374652,0.7477735638165136,0.3096920257066666,0.898989898989899,0.09583333333333334,0.1717171717171717,0.8910458333333319
15606,interaction_development,3,0.8828270738228605,0.7965621416284181,0.8582805833426981,0.8393911644434883,0.24624743094344756,0.8627450980392157,0.0625,0.2647058823529412,0.8480866666666648
15606,interaction_development,4,0.9044653372419615,0.873539136574693,0.918638305085557,0.900162476243179,0.17856447531001524,0.9130434782608695,0.035833333333333335,0.14130434782608695,0.9234125
15606,interaction_development,5,0.910977526349863,0.9129212922827463,0.9473651494826627,0.9312536518021686,0.16469391687978713,0.8902439024390244,0.0425,0.24390243902439024,0.8874058333333327
15606,interaction_development,6,0.9130079326070373,0.9403989113665004,0.95,0.95,0.17487752146656982,0.8279569892473119,0.03833333333333333,0.3225806451612903,0.8380716666666655
15606,feedback_development,1,0.7977243739816631,0.7225687944141959,0.7518702151051708,0.6247771883884232,0.42865443124276364,0.8148148148148148,0.12083333333333333,0.2777777777777778,0.8205366666666645
15606,feedback_development,2,0.8838048937073841,0.9012671942610698,0.9071559805919133,0.7552500985616284,0.29083494319040476,0.9615384615384616,0.0475,0.08974358974358974,0.9512466666666661
15606,feedback_development,3,0.9046556318915167,0.95,0.95,0.8413126885520864,0.2159080681434676,0.9195402298850575,0.045,0.1724137931034483,0.9116299999999989
15606,feedback_development,4,0.91013719468739,0.95,0.95,0.8946058899013944,0.1829015778477383,0.8977272727272727,0.041666666666666664,0.22727272727272727,0.8874666666666665
15606,feedback_development,5,0.9143887349173889,0.95,0.95,0.9348780955124125,0.144298712822009,0.9368421052631579,0.03333333333333333,0.15789473684210525,0.9139033333333331
15606,feedback_development,6,0.9142284535254371,0.95,0.95,0.95,0.16095079266183812,0.8554216867469879,0.035,0.3253012048192771,0.8538291666666654
15607,static_quality,1,0.58,0.24,0.34,0.4,0.62,0.6075949367088608,0.18083333333333335,0.46835443037974683,0.7733158333333291
15607,static_quality,2,0.58,0.24,0.34,0.4,0.62,0.8488372093023255,0.17416666666666666,0.29069767441860467,0.8349949999999949
15607,static_quality,3,0.58,0.24,0.34,0.4,0.62,0.7195121951219512,0.18666666666666668,0.4024390243902439,0.7919566666666615
15607,static_quality,4,0.58,0.24,0.34,0.4,0.62,0.6477272727272727,0.1825,0.4772727272727273,0.7481658333333293
15607,static_quality,5,0.58,0.24,0.34,0.4,0.62,0.71875,0.1875,0.4375,0.7465691666666634
15607,static_quality,6,0.58,0.24,0.34,0.4,0.62,0.7115384615384616,0.16916666666666666,0.4230769230769231,0.7407074999999963
15607,linear_development,1,0.7527200346971268,0.4860408785092779,0.5819337703478197,0.5942427988231141,0.44583616485043265,0.8181818181818182,0.14833333333333334,0.26136363636363635,0.8498858333333299
15607,linear_development,2,0.8214799276903149,0.6805131808342499,0.7599864730374652,0.7477735638165136,0.31703581111380175,0.8380952380952381,0.09333333333333334,0.24761904761904763,0.8464191666666644
15607,linear_development,3,0.8644713624547289,0.8061245358857908,0.8660251300965454,0.8469404230677299,0.23395960517359385,0.839622641509434,0.058333333333333334,0.2169811320754717,0.8688491666666649
15607,linear_development,4,0.8862739036550704,0.8720078383527452,0.9174871685743375,0.8989535565942729,0.20012567156830374,0.8387096774193549,0.05,0.25806451612903225,0.865684166666666
15607,linear_development,5,0.903960112183754,0.9204376245250306,0.95,0.9371875983092351,0.15086224965565542,0.956989247311828,0.04416666666666667,0.15053763440860216,0.9163125000000001
15607,linear_development,6,0.9087437890576859,0.9438799516763187,0.95,0.95,0.14155815112692866,0.92,0.028333333333333332,0.22666666666666666,0.9053791666666656
15607,interaction_development,1,0.6921779148237719,0.46714349524443954,0.5639366400664106,0.5793238120350839,0.4652945752238181,0.7931034482758621,0.16083333333333333,0.3218390804597701,0.8223624999999961
15607,interaction_development,2,0.8238789420151265,0.6647553388667016,0.7461122592953164,0.735333162263186,0.34073333709068715,0.7636363636363637,0.08583333333333333,0.3,0.8134208333333314
15607,interaction_development,3,0.8781039106025508,0.7839432040706658,0.8479673480564415,0.829428845318947,0.25927183879578825,0.8631578947368421,0.065,0.23157894736842105,0.872780833333331
15607,interaction_development,4,0.901301537179447,0.8640686813608425,0.9114825273988391,0.8926858010743498,0.20012186273139138,0.90625,0.04833333333333333,0.19791666666666666,0.8908291666666658
15607,interaction_development,5,0.9121771143357986,0.9144793233302243,0.9484627620742545,0.9324836763133354,0.1493975061232803,0.9772727272727273,0.04,0.125,0.9329358333333327
15607,interaction_development,6,0.9158446813877228,0.9452147593206394,0.95,0.95,0.1247326590876271,0.9772727272727273,0.023333333333333334,0.1590909090909091,0.9211008333333329
15607,feedback_development,1,0.7668325541430849,0.6628572084270761,0.7009020845566457,0.5917935601842195,0.4474856441402389,0.7931034482758621,0.1375,0.26436781609195403,0.8520183333333304
15607,feedback_development,2,0.8683016966072705,0.8690210530129455,0.8786243700487623,0.7256018228218339,0.34016128017449526,0.8021978021978022,0.07583333333333334,0.27472527472527475,0.8552383333333314
15607,feedback_development,3,0.8985917308868612,0.95,0.95,0.8144349393669134,0.2674222157597566,0.896551724137931,0.0525,0.25287356321839083,0.8753266666666658
15607,feedback_development,4,0.9077109082167331,0.95,0.95,0.8804079614533344,0.2079042205638707,0.9565217391304348,0.0425,0.20652173913043478,0.8919425
15607,feedback_development,5,0.9115731694416792,0.95,0.95,0.9215217741052045,0.18320532550826404,0.8817204301075269,0.0375,0.24731182795698925,0.8732916666666664
15607,feedback_development,6,0.9133484646260491,0.95,0.95,0.9446446664861298,0.17248010260025207,0.8354430379746836,0.04583333333333333,0.26582278481012656,0.8819316666666653
15608,static_quality,1,0.58,0.24,0.34,0.4,0.62,0.7792207792207793,0.1925,0.2987012987012987,0.841031666666661
15608,static_quality,2,0.58,0.24,0.34,0.4,0.62,0.6404494382022472,0.17916666666666667,0.449438202247191,0.7587008333333294
15608,static_quality,3,0.58,0.24,0.34,0.4,0.62,0.6867469879518072,0.18583333333333332,0.3855421686746988,0.7973149999999957
15608,static_quality,4,0.58,0.24,0.34,0.4,0.62,0.6276595744680851,0.17166666666666666,0.44680851063829785,0.7500133333333298
15608,static_quality,5,0.58,0.24,0.34,0.4,0.62,0.7652173913043478,0.1825,0.33043478260869563,0.7672458333333284
15608,static_quality,6,0.58,0.24,0.34,0.4,0.62,0.68,0.18416666666666667,0.38,0.7672466666666622
15608,linear_development,1,0.7416620610363254,0.4606912048188928,0.5577670481552242,0.5742298985412311,0.48162090355034365,0.7340425531914894,0.12083333333333333,0.39361702127659576,0.7856641666666644
15608,linear_development,2,0.8057832423984542,0.6418114969757943,0.7257163011765768,0.7172196028756277,0.36300223532843406,0.8421052631578947,0.0975,0.28421052631578947,0.8406366666666638
15608,linear_development,3,0.85002363399391,0.7663612176589014,0.83343005565329,0.8155483297307119,0.27225737452947346,0.8351648351648352,0.07916666666666666,0.21978021978021978,0.8794816666666645
15608,linear_development,4,0.8776876191217267,0.8476023653664214,0.8988436189292894,0.8796860779208596,0.2195833086763154,0.8936170212765957,0.050833333333333335,0.24468085106382978,0.8704366666666659
15608,linear_development,5,0.892611415882351,0.8981722890761384,0.9368180634590704,0.919609701902215,0.2059199031769367,0.845360824742268,0.04416666666666667,0.30927835051546393,0.8364849999999988
15608,linear_development,6,0.9038343001822091,0.9323698859204561,0.95,0.9466078046740447,0.1758926881735507,0.896551724137931,0.0325,0.21839080459770116,0.8946233333333325
15608,interaction_development,1,0.6849096351009046,0.4606912048188928,0.5577670481552242,0.5742298985412311,0.4832847090787052,0.7553191489361702,0.16416666666666666,0.39361702127659576,0.776464166666663
15608,interaction_development,2,0.8175147952965107,0.6524289755743222,0.7351827691278943,0.7256018228218339,0.34518311494237675,0.826530612244898,0.10416666666666667,0.25510204081632654,0.8496466666666644
15608,interaction_development,3,0.879892523159783,0.7865281075771644,0.850088355583706,0.8314695586135511,0.24946587738345588,0.9215686274509803,0.060833333333333336,0.20588235294117646,0.8785933333333321
15608,interaction_development,4,0.9000161765583579,0.8590707231213458,0.9076719816680596,0.888740044569484,0.20208387242485432,0.898876404494382,0.04083333333333333,0.2247191011235955,0.8873908333333321
15608,interaction_development,5,0.9102481885561156,0.9058351154779237,0.9423322292330654,0.9256593016930983,0.16321392190172762,0.8875,0.03833333333333333,0.1625,0.9231491666666665
15608,interaction_development,6,0.9140508859411027,0.9343745881451029,0.95,0.9481904643250817,0.148681717363454,0.8961038961038961,0.04,0.22077922077922077,0.9030316666666665
15608,feedback_development,1,0.7694058218827529,0.667544784437202,0.7048850992242428,0.5942427988231141,0.44560293522982486,0.8160919540229885,0.13583333333333333,0.25287356321839083,0.8576433333333301
15608,feedback_development,2,0.8776696199804757,0.8887494878886526,0.8960359427171147,0.7431784573010916,0.313447844406075,0.8762886597938144,0.06916666666666667,0.21649484536082475,0.8770149999999985
15608,feedback_development,3,0.9002586449948736,0.95,0.95,0.8273634212912758,0.2595342779496208,0.9021739130434783,0.045,0.2826086956521739,0.856499999999999
15608,feedback_development,4,0.9075974038754153,0.95,0.95,0.8867130907186497,0.2152137109253717,0.8709677419354839,0.041666666666666664,0.24731182795698925,0.8722433333333324
15608,feedback_development,5,0.9121015591051722,0.95,0.95,0.9287259681097684,0.18052712060892326,0.86,0.025,0.23,0.8758691666666661
15608,feedback_development,6,0.9150804133172136,0.95,0.95,0.95,0.144534779987181,0.9620253164556962,0.04,0.13924050632911392,0.9321833333333336
15609,static_quality,1,0.58,0.24,0.34,0.4,0.62,0.7640449438202247,0.18166666666666667,0.34831460674157305,0.8033224999999953
15609,static_quality,2,0.58,0.24,0.34,0.4,0.62,0.6951219512195121,0.19916666666666666,0.3902439024390244,0.7940408333333283
15609,static_quality,3,0.58,0.24,0.34,0.4,0.62,0.7386363636363636,0.16333333333333333,0.38636363636363635,0.7915916666666628
15609,static_quality,4,0.58,0.24,0.34,0.4,0.62,0.6822429906542056,0.17916666666666667,0.3925233644859813,0.7483716666666624
15609,static_quality,5,0.58,0.24,0.34,0.4,0.62,0.7272727272727273,0.18666666666666668,0.4431818181818182,0.7616983333333289
15609,static_quality,6,0.58,0.24,0.34,0.4,0.62,0.7142857142857143,0.19833333333333333,0.3626373626373626,0.7894916666666618
15609,linear_development,1,0.7441418598108513,0.46392705758997943,0.5608626788181376,0.5767845191499837,0.46688987640713564,0.7682926829268293,0.12666666666666668,0.2926829268292683,0.8496141666666633
15609,linear_development,2,0.7974743767872783,0.6172973992635556,0.7036818428828121,0.6978663678396498,0.3762324977262236,0.7764705882352941,0.09916666666666667,0.3411764705882353,0.830759999999997
15609,linear_development,3,0.8387723462197885,0.7396305564085599,0.8109789515647944,0.7944451761120214,0.30912757723024653,0.8736842105263158,0.0625,0.3263157894736842,0.828234999999998
15609,linear_development,4,0.8610991889620521,0.8061245358857908,0.8660251300965454,0.8469404230677299,0.2705263846495699,0.8,0.05,0.3,0.8810749999999996
15609,linear_development,5,0.8860441094178879,0.8758018016586451,0.9203349684166693,0.9019487907831413,0.21195118544999877,0.9157894736842105,0.05583333333333333,0.22105263157894736,0.8796749999999988
15609,linear_development,6,0.9006652969463751,0.9199573687374554,0.95,0.9368084490032547,0.1813820372990424,0.8762886597938144,0.043333333333333335,0.24742268041237114,0.8668183333333326
15609,interaction_development,1,0.7211536592685898,0.5042680792933337,0.5991881262342065,0.6086326941789476,0.42815242969170453,0.8279569892473119,0.15666666666666668,0.23655913978494625,0.8531499999999965
15609,interaction_development,2,0.8288271373249019,0.6647553388667016,0.7461122592953164,0.735333162263186,0.3121782785096146,0.926829268292683,0.10666666666666667,0.2073170731707317,0.888642499999998
15609,interaction_development,3,0.8809919614880881,0.7839432040706658,0.8479673480564415,0.829428845318947,0.23307239879012712,0.8901098901098901,0.06,0.1978021978021978,0.8939074999999987
15609,interaction_development,4,0.8982464093526719,0.8521197594494999,0.9023348713937445,0.8832524416706583,0.2113832155449908,0.8,0.050833333333333335,0.3,0.8505624999999988
15609,interaction_development,5,0.909030706917815,0.901783537626425,0.9394256972293831,0.9224606875998098,0.17650751732574843,0.8953488372093024,0.03833333333333333,0.20930232558139536,0.8982341666666654
15609,interaction_development,6,0.9126001158724106,0.9331790126053038,0.95,0.9472465888989244,0.1733610062419498,0.9010989010989011,0.03166666666666667,0.2967032967032967,0.8543441666666655
15609,feedback_development,1,0.7309633374729982,0.6032631223124663,0.6501685237093295,0.561223621773479,0.4818269070472466,0.7792207792207793,0.1425,0.3246753246753247,0.8417083333333305
15609,feedback_development,2,0.855118771342767,0.8389253799329082,0.8522958295784544,0.7014810946148162,0.36358232015422337,0.875,0.09833333333333333,0.2727272727272727,0.8552091666666641
15609,feedback_development,3,0.9020216394693705,0.95,0.95,0.8283992407635282,0.23640458807245884,0.963302752293578,0.0425,0.1559633027522936,0.9018341666666668
15609,feedback_development,4,0.9083195951216547,0.95,0.95,0.8853413142017595,0.20316968898761514,0.8333333333333334,0.034166666666666665,0.25555555555555554,0.874205833333332
15609,feedback_development,5,0.9134324070774036,0.95,0.95,0.9291536123011097,0.15713656331294817,0.9052631578947369,0.030833333333333334,0.15789473684210525,0.9149291666666662
15609,feedback_development,6,0.914892641416966,0.95,0.95,0.95,0.1482182078667458,0.9010989010989011,0.03166666666666667,0.24175824175824176,0.8797299999999993
15610,static_quality,1,0.58,0.24,0.34,0.4,0.62,0.5980392156862745,0.17833333333333334,0.4215686274509804,0.7438608333333294
15610,static_quality,2,0.58,0.24,0.34,0.4,0.62,0.6565656565656566,0.175,0.41414141414141414,0.7542966666666626
15610,static_quality,3,0.58,0.24,0.34,0.4,0.62,0.7586206896551724,0.18833333333333332,0.28735632183908044,0.8318174999999948
15610,static_quality,4,0.58,0.24,0.34,0.4,0.62,0.7865168539325843,0.1875,0.3146067415730337,0.8167908333333284
15610,static_quality,5,0.58,0.24,0.34,0.4,0.62,0.7640449438202247,0.17416666666666666,0.34831460674157305,0.8046674999999951
15610,static_quality,6,0.58,0.24,0.34,0.4,0.62,0.7241379310344828,0.18583333333333332,0.3563218390804598,0.802240833333329
15610,linear_development,1,0.7689150181251678,0.5304040485349557,0.6237436699166656,0.6292663541065442,0.41279485231847174,0.8476190476190476,0.135,0.23809523809523808,0.8424666666666634
15610,linear_development,2,0.8182429583790979,0.6707536087565452,0.7514066674357263,0.74006863849201,0.3218197872643014,0.85,0.09333333333333334,0.2625,0.871948333333331
15610,linear_development,3,0.8555978742234724,0.7786791172611952,0.8436348819379036,0.8252729873114703,0.2514167558108307,0.8735632183908046,0.06333333333333334,0.2413793103448276,0.878248333333332
15610,linear_development,4,0.8851911577504663,0.8665007938750992,0.9133284126164841,0.8946058899013944,0.19642407019806074,0.9074074074074074,0.055,0.2222222222222222,0.8643174999999985
15610,linear_development,5,0.9014661400253343,0.9160094777496661,0.9495374857739927,0.9336916929602631,0.16622779909978466,0.9285714285714286,0.03916666666666667,0.21428571428571427,0.882929166666666
15610,linear_development,6,0.908609706386891,0.9458702099401273,0.95,0.95,0.14482538720783253,0.8901098901098901,0.035833333333333335,0.1978021978021978,0.8986858333333332
15610,interaction_development,1,0.6719812790857548,0.44421658757974025,0.5419584693408157,0.561223621773479,0.5028662662585978,0.6736842105263158,0.16916666666666666,0.45263157894736844,0.7453816666666635
15610,interaction_development,2,0.763443320206416,0.5786148144758351,0.6684337724242279,0.6673274851125018,0.4269205723812068,0.7215189873417721,0.14166666666666666,0.4177215189873418,0.8016416666666637
15610,interaction_development,3,0.8474050040508039,0.7184425535060237,0.7929048456650105,0.7777178053994931,0.33090915145918176,0.8229166666666666,0.07666666666666666,0.3020833333333333,0.8352674999999983
15610,interaction_development,4,0.8825924351532604,0.8061245358857908,0.8660251300965454,0.8469404230677299,0.2705654405988089,0.8,0.060833333333333336,0.27058823529411763,0.8684233333333321
15610,interaction_development,5,0.8997232075788832,0.8673017891118485,0.9139351137281687,0.8952382545619861,0.22750573251455156,0.8953488372093024,0.04666666666666667,0.26744186046511625,0.8716141666666656
15610,interaction_development,6,0.9105887228663501,0.9165134208831681,0.9498907233735747,0.9340895428025016,0.18135148256822414,0.9072164948453608,0.04083333333333333,0.20618556701030927,0.8871324999999994
15610,feedback_development,1,0.7825630585415625,0.693675767461756,0.727226146908985,0.6086326941789476,0.44000750350223167,0.7669902912621359,0.135,0.3106796116504854,0.807759166666664
15610,feedback_development,2,0.8693233098140969,0.8726000695741439,0.8818074089486567,0.7288847226135935,0.34091586757338194,0.8235294117647058,0.06666666666666667,0.2823529411764706,0.8624291666666657
15610,feedback_development,3,0.899368811257428,0.95,0.95,0.8210158744592889,0.2643477883682504,0.8913043478260869,0.055,0.25,0.869584999999998
15610,feedback_development,4,0.9083819589251088,0.95,0.95,0.8839529270206343,0.20096572808580243,0.9090909090909091,0.04,0.18181818181818182,0.9077275000000004
15610,feedback_development,5,0.9119442012971377,0.95,0.95,0.9247591198024144,0.17973229982355898,0.8854166666666666,0.03833333333333333,0.25,0.8678108333333322
15610,feedback_development,6,0.9154547914667468,0.95,0.95,0.95,0.13707623221998252,0.9431818181818182,0.04083333333333333,0.13636363636363635,0.9277383333333333
15611,static_quality,1,0.58,0.24,0.34,0.4,0.62,0.7346938775510204,0.16,0.3979591836734694,0.7675149999999962
15611,static_quality,2,0.58,0.24,0.34,0.4,0.62,0.6931818181818182,0.17416666666666666,0.3977272727272727,0.7845233333333298
15611,static_quality,3,0.58,0.24,0.34,0.4,0.62,0.6962025316455697,0.19416666666666665,0.3670886075949367,0.8107399999999954
15611,static_quality,4,0.58,0.24,0.34,0.4,0.62,0.7764705882352941,0.16666666666666666,0.32941176470588235,0.8213116666666629
15611,static_quality,5,0.58,0.24,0.34,0.4,0.62,0.7108433734939759,0.1675,0.40963855421686746,0.7908441666666626
15611,static_quality,6,0.58,0.24,0.34,0.4,0.62,0.7157894736842105,0.18333333333333332,0.4105263157894737,0.762594999999996
15611,linear_development,1,0.7547240340361693,0.49218988543879294,0.5877662123176972,0.5990972779779944,0.4435863849138245,0.8409090909090909,0.10833333333333334,0.23863636363636365,0.8685199999999967
15611,linear_development,2,0.8175338100324676,0.6667668068335013,0.7478894734802493,0.7369211632896069,0.3179221099608087,0.9080459770114943,0.1,0.19540229885057472,0.8900599999999979
15611,linear_development,3,0.8520739494905192,0.7719182840192141,0.8380452706653891,0.8199354873835905,0.26728999930134334,0.8444444444444444,0.065,0.3,0.847439166666665
15611,linear_development,4,0.8756665609842406,0.8429469755022578,0.8952275640512759,0.8760107701333619,0.2268847288846043,0.8953488372093024,0.059166666666666666,0.27906976744186046,0.8637916666666658
15611,linear_development,5,0.8931100565230515,0.895691321478673,0.9350175712893436,0.9176510432726371,0.19493082629730576,0.8791208791208791,0.04666666666666667,0.25274725274725274,0.8715208333333322
15611,linear_development,6,0.9057640062398802,0.9331790126053038,0.95,0.9472465888989244,0.15648268493394057,0.9555555555555556,0.04083333333333333,0.17777777777777778,0.907728333333333
15611,interaction_development,1,0.6736903973079374,0.4408617581285113,0.5387295763754438,0.5585750722067193,0.4864380602658453,0.7402597402597403,0.15916666666666668,0.33766233766233766,0.8331308333333299
15611,interaction_development,2,0.8039249963671812,0.6286415285100644,0.7139087953038858,0.7068222593500515,0.357370362048859,0.8478260869565217,0.0925,0.2608695652173913,0.8568349999999985
15611,interaction_development,3,0.8671491184953919,0.756308577329242,0.8250347099054556,0.8076120347336122,0.28351329245119644,0.84,0.06166666666666667,0.3,0.833114166666665
15611,interaction_development,4,0.898941252205788,0.8565032482436222,0.905705628802509,0.8867130907186497,0.2128831441386209,0.9391304347826087,0.04,0.23478260869565218,0.8522299999999984
15611,interaction_development,5,0.9098940948177271,0.9080748143278193,0.9439300514716553,0.9274274849956473,0.17661651131923622,0.9148936170212766,0.04583333333333333,0.2127659574468085,0.8861316666666659
15611,interaction_development,6,0.9134664194792981,0.9351597305725349,0.95,0.9488103136098964,0.16087439445618226,0.92,0.030833333333333334,0.22666666666666666,0.9049558333333321
15611,feedback_development,1,0.7311962500552333,0.6082894725191007,0.6544819386619364,0.563856280042838,0.49090855796686306,0.7415730337078652,0.175,0.4044943820224719,0.7795449999999957
15611,feedback_development,2,0.8385349549356731,0.8078210416655225,0.8253282755169185,0.6791254831840289,0.3965147755237063,0.8266666666666667,0.08916666666666667,0.32,0.8579966666666646
15611,feedback_development,3,0.8882150491838423,0.922901501606575,0.9266251398572293,0.7790514985670961,0.3040104135588067,0.9012345679012346,0.0525,0.2345679012345679,0.8904349999999986
15611,feedback_development,4,0.9036964358727813,0.95,0.95,0.8514774385460527,0.23809730692822095,0.9058823529411765,0.041666666666666664,0.2235294117647059,0.8927999999999989
15611,feedback_development,5,0.9117565180361025,0.95,0.95,0.9141078624907143,0.1734294108374933,0.9181818181818182,0.03916666666666667,0.17272727272727273,0.8926791666666664
15611,feedback_development,6,0.9143320006500157,0.95,0.95,0.9401400327972274,0.1501752381980488,0.8783783783783784,0.0325,0.1891891891891892,0.9191608333333325
15612,static_quality,1,0.58,0.24,0.34,0.4,0.62,0.6703296703296703,0.1775,0.4175824175824176,0.7688408333333296
15612,static_quality,2,0.58,0.24,0.34,0.4,0.62,0.6818181818181818,0.16333333333333333,0.38636363636363635,0.7922174999999957
15612,static_quality,3,0.58,0.24,0.34,0.4,0.62,0.7325581395348837,0.19416666666666665,0.3372093023255814,0.8104141666666614
15612,static_quality,4,0.58,0.24,0.34,0.4,0.62,0.7755102040816326,0.1925,0.37755102040816324,0.7707716666666617
15612,static_quality,5,0.58,0.24,0.34,0.4,0.62,0.5844155844155844,0.1925,0.4675324675324675,0.7761316666666618
15612,static_quality,6,0.58,0.24,0.34,0.4,0.62,0.7127659574468085,0.18916666666666668,0.3723404255319149,0.7812724999999962
15612,linear_development,1,0.7549864945358123,0.49218988543879294,0.5877662123176972,0.5990972779779944,0.44108676110769995,0.8314606741573034,0.11083333333333334,0.24719101123595505,0.8628699999999974
15612,linear_development,2,0.8048512185644419,0.6374742387684197,0.7218356300514243,0.7137954516592794,0.36023657224634376,0.813953488372093,0.10916666666666666,0.3488372093023256,0.8234358333333301
15612,linear_development,3,0.8452716381326466,0.753357749443585,0.8225592337758626,0.8052824337712515,0.2833742919178739,0.7931034482758621,0.0675,0.26436781609195403,0.8670899999999978
15612,linear_development,4,0.8841836163147033,0.860756800989922,0.9089600498518086,0.8900711586762547,0.19137261604462005,0.8938053097345132,0.0575,0.1592920353982301,0.8935916666666657
15612,linear_development,5,0.8974408318793766,0.9035408477859689,0.9406888739420447,0.9238480377257655,0.17340317012638276,0.9012345679012346,0.0425,0.24691358024691357,0.8871041666666658
15612,linear_development,6,0.9062146538604565,0.9347683406162323,0.95,0.9485013215391312,0.15340427227637518,0.9024390243902439,0.04,0.2073170731707317,0.9030633333333323
15612,interaction_development,1,0.6902585615709163,0.46392705758997943,0.5608626788181376,0.5767845191499837,0.4658161189842016,0.7710843373493976,0.155,0.30120481927710846,0.8387749999999964
15612,interaction_development,2,0.8047727594125231,0.6286415285100644,0.7139087953038858,0.7068222593500515,0.3529447839682066,0.8795180722891566,0.095,0.26506024096385544,0.8664108333333309
15612,interaction_development,3,0.8656728872938688,0.7518689632229225,0.8213083925235273,0.8041070762286233,0.2841978966919587,0.84375,0.06916666666666667,0.3020833333333333,0.8367133333333321
15612,interaction_development,4,0.8951568524663567,0.8391204781634913,0.8922418697079777,0.8729898511817041,0.21448654111669557,0.9318181818181818,0.0425,0.18181818181818182,0.9072949999999992
15612,interaction_development,5,0.9066877788797121,0.8918560727333078,0.9322201742441887,0.91462321531577,0.18794708101789667,0.8505747126436781,0.03,0.2413793103448276,0.8845433333333329
15612,interaction_development,6,0.911315104097094,0.9281748939291689,0.95,0.9432959688914495,0.18764946332596444,0.8979591836734694,0.03333333333333333,0.30612244897959184,0.839132499999999
15612,feedback_development,1,0.746581342888854,0.6291082464265968,0.6721577399497672,0.5742298985412311,0.4670480480667014,0.7654320987654321,0.15,0.2962962962962963,0.8449508333333304
15612,feedback_development,2,0.8722228504141212,0.8746500147525483,0.8835879456546505,0.7305114142779119,0.32393282277280144,0.8854166666666666,0.0625,0.20833333333333334,0.8827999999999988
15612,feedback_development,3,0.902978465576429,0.95,0.95,0.8364651638312322,0.2338917313187758,0.9339622641509434,0.04583333333333333,0.2169811320754717,0.8713974999999992
15612,feedback_development,4,0.9104467838856354,0.95,0.95,0.8939697081502962,0.17722088158845622,0.9069767441860465,0.028333333333333332,0.16279069767441862,0.9200625000000002
15612,feedback_development,5,0.9148301625690267,0.95,0.95,0.9383114513677651,0.1388399945599358,0.8807339449541285,0.03333333333333333,0.1743119266055046,0.8943133333333327
15612,feedback_development,6,0.9158940659411721,0.95,0.95,0.95,0.12812393175653827,0.90625,0.03916666666666667,0.20833333333333334,0.8880791666666662
15613,static_quality,1,0.58,0.24,0.34,0.4,0.62,0.651685393258427,0.18166666666666667,0.449438202247191,0.7580958333333295
15613,static_quality,2,0.58,0.24,0.34,0.4,0.62,0.7821782178217822,0.17833333333333334,0.3465346534653465,0.7841883333333284
15613,static_quality,3,0.58,0.24,0.34,0.4,0.62,0.7222222222222222,0.19666666666666666,0.4027777777777778,0.809864999999995
15613,static_quality,4,0.58,0.24,0.34,0.4,0.62,0.7303370786516854,0.1675,0.38202247191011235,0.7913324999999954
15613,static_quality,5,0.58,0.24,0.34,0.4,0.62,0.6041666666666666,0.18333333333333332,0.4791666666666667,0.7278158333333293
15613,static_quality,6,0.58,0.24,0.34,0.4,0.62,0.7070707070707071,0.18666666666666668,0.37373737373737376,0.7719741666666624
15613,linear_development,1,0.7461742692280406,0.4735185904673351,0.5700201600008442,0.5843567819478961,0.4738548731014018,0.7474747474747475,0.12,0.3838383838383838,0.780786666666664
15613,linear_development,2,0.8114288785421102,0.656587315310551,0.738877234315791,0.7288847226135935,0.34883614326745727,0.797979797979798,0.09666666666666666,0.2828282828282828,0.8354174999999978
15613,linear_development,3,0.8558413083191962,0.7786791172611952,0.8436348819379036,0.8252729873114703,0.2490983358515571,0.8505747126436781,0.07,0.16091954022988506,0.9115516666666652
15613,linear_development,4,0.8831062820965534,0.8573642287541605,0.9063656894008915,0.8873928121743377,0.1929676627431668,0.9120879120879121,0.051666666666666666,0.1978021978021978,0.8953399999999986
15613,linear_development,5,0.9004986608917545,0.9113348767458158,0.9462441605238129,0.9300012184835392,0.16378348535550566,0.9215686274509803,0.0525,0.22549019607843138,0.8699816666666654
15613,linear_development,6,0.9095806603502805,0.9448840637028565,0.95,0.95,0.134592060366851,0.9270833333333334,0.0375,0.17708333333333334,0.9028716666666661
15613,interaction_development,1,0.7028309538586683,0.4860408785092779,0.5819337703478197,0.5942427988231141,0.46550647637081655,0.6944444444444444,0.14916666666666667,0.39814814814814814,0.7500099999999966
15613,interaction_development,2,0.8144721306502294,0.6524289755743222,0.7351827691278943,0.7256018228218339,0.3615264549779543,0.8247422680412371,0.09583333333333334,0.32989690721649484,0.8157666666666649
15613,interaction_development,3,0.8719268552527774,0.7719182840192141,0.8380452706653891,0.8199354873835905,0.2827910190362246,0.865979381443299,0.06583333333333333,0.27835051546391754,0.8475974999999986
15613,interaction_development,4,0.8945165139980082,0.8391204781634913,0.8922418697079777,0.8729898511817041,0.22536340677600875,0.9041095890410958,0.051666666666666666,0.2054794520547945,0.9106308333333332
15613,interaction_development,5,0.9075167371472748,0.896317173549801,0.9354724482903182,0.9181451370130013,0.18293619406282094,0.8709677419354839,0.04416666666666667,0.21505376344086022,0.8874024999999991
15613,interaction_development,6,0.9114327631294109,0.9273051730191701,0.95,0.9426093471203979,0.1843141113359323,0.8823529411764706,0.0325,0.3058823529411765,0.859191666666666
15613,feedback_development,1,0.7570477982059958,0.6533025167449207,0.6927880020954615,0.5868506412562087,0.47053090811816695,0.7244897959183674,0.13583333333333333,0.3673469387755102,0.787606666666664
15613,feedback_development,2,0.8711258621926448,0.8815157042031244,0.8896945892436049,0.7369211632896069,0.34761583626725506,0.8691588785046729,0.07083333333333333,0.29906542056074764,0.8212883333333313
15613,feedback_development,3,0.9004917889332384,0.95,0.95,0.8304522722470333,0.25950548864489853,0.8936170212765957,0.0575,0.22340425531914893,0.8786674999999985
15613,feedback_development,4,0.9081979430198089,0.95,0.95,0.8920380292498489,0.21098536148223923,0.8787878787878788,0.03666666666666667,0.24242424242424243,0.868573333333332
15613,feedback_development,5,0.9117717083789398,0.95,0.95,0.9278629200856734,0.1854244162957304,0.8666666666666667,0.0425,0.25555555555555554,0.8718191666666655
15613,feedback_development,6,0.9136976647951167,0.95,0.95,0.95,0.17080757898452517,0.9431818181818182,0.03333333333333333,0.26136363636363635,0.8740141666666661
15614,static_quality,1,0.58,0.24,0.34,0.4,0.62,0.6428571428571429,0.18833333333333332,0.4523809523809524,0.766782499999996
15614,static_quality,2,0.58,0.24,0.34,0.4,0.62,0.7777777777777778,0.17333333333333334,0.3838383838383838,0.7697708333333295
15614,static_quality,3,0.58,0.24,0.34,0.4,0.62,0.7391304347826086,0.17333333333333334,0.2717391304347826,0.8347558333333287
15614,static_quality,4,0.58,0.24,0.34,0.4,0.62,0.7127659574468085,0.17583333333333334,0.3829787234042553,0.7793474999999953
15614,static_quality,5,0.58,0.24,0.34,0.4,0.62,0.6736842105263158,0.1925,0.42105263157894735,0.7553849999999944
15614,static_quality,6,0.58,0.24,0.34,0.4,0.62,0.6976744186046512,0.18333333333333332,0.37209302325581395,0.7977641666666621
15614,linear_development,1,0.7450116609042365,0.46714349524443954,0.5639366400664106,0.5793238120350839,0.46743574825796735,0.7816091954022989,0.11916666666666667,0.3218390804597701,0.8311933333333305
15614,linear_development,2,0.8089918891535287,0.646096864225976,0.7295428330588625,0.7206027875468237,0.3439387786075789,0.8260869565217391,0.11916666666666667,0.2608695652173913,0.8510008333333307
15614,linear_development,3,0.8517008748292301,0.767763050352948,0.834596045263717,0.8166550397523277,0.25995818461442005,0.8888888888888888,0.07916666666666666,0.2222222222222222,0.8792916666666645
15614,linear_development,4,0.8698414063193266,0.8321984083203567,0.8868107172603389,0.867525059200282,0.25471126745405703,0.7865168539325843,0.051666666666666666,0.39325842696629215,0.8104383333333318
15614,linear_development,5,0.8924994071138889,0.8937910072390518,0.9336336101991549,0.9161507951887257,0.19596201154227638,0.9148936170212766,0.05583333333333333,0.19148936170212766,0.8950033333333325
15614,linear_development,6,0.903735413326985,0.9311377883554746,0.95,0.945635096070112,0.17214990035906233,0.8936170212765957,0.03916666666666667,0.23404255319148937,0.8781308333333324
15614,interaction_development,1,0.6537233506210964,0.4168040414096911,0.5154809362635299,0.5395821379550192,0.5233122565023257,0.6046511627906976,0.17583333333333334,0.4883720930232558,0.749034999999996
15614,interaction_development,2,0.7826939853143624,0.6008310765072072,0.688747015413687,0.6848666393477959,0.3927130154126816,0.8181818181818182,0.11166666666666666,0.2840909090909091,0.8477074999999973
15614,interaction_development,3,0.8592938826556369,0.734887099121658,0.8069532821422831,0.7907003414118358,0.2903485180950129,0.8850574712643678,0.07,0.21839080459770116,0.8864124999999994
15614,interaction_development,4,0.8911480550861451,0.823922038827257,0.880267701448169,0.860991083284677,0.22719031178966098,0.8837209302325582,0.058333333333333334,0.20930232558139536,0.8940633333333318
15614,interaction_development,5,0.9037620432887277,0.8794833037217527,0.9230844809526286,0.9048552397803314,0.20207309660872108,0.8735632183908046,0.045,0.27586206896551724,0.8667433333333323
15614,interaction_development,6,0.9120383801184797,0.9213895087852131,0.95,0.9379390858830634,0.1644935805386646,0.896551724137931,0.04666666666666667,0.1839080459770115,0.9064883333333332
15614,feedback_development,1,0.7762381196865122,0.6851394543588671,0.7199292192039456,0.6038936781442656,0.4395678797656949,0.7835051546391752,0.14,0.28865979381443296,0.8265324999999971
15614,feedback_development,2,0.8698532328483666,0.8689628236164731,0.8785812642627125,0.7256018228218339,0.3288440493187315,0.8571428571428571,0.07833333333333334,0.2077922077922078,0.8996074999999992
15614,feedback_development,3,0.9017157559165708,0.95,0.95,0.8263213493876014,0.24073901251534383,0.8631578947368421,0.04416666666666667,0.2,0.8919866666666656
15614,feedback_development,4,0.9078069075791967,0.95,0.95,0.8832524416706583,0.20902472325998603,0.8555555555555555,0.0375,0.26666666666666666,0.8681574999999988
15614,feedback_development,5,0.9112495131670508,0.95,0.95,0.9176510432726371,0.18523414655045278,0.935064935064935,0.035,0.24675324675324675,0.8942158333333331
15614,feedback_development,6,0.9134898282092194,0.95,0.95,0.9472465888989244,0.17219399233642302,0.9108910891089109,0.04,0.26732673267326734,0.8528049999999991
15615,static_quality,1,0.58,0.24,0.34,0.4,0.62,0.6774193548387096,0.19583333333333333,0.3655913978494624,0.7853658333333287
15615,static_quality,2,0.58,0.24,0.34,0.4,0.62,0.7766990291262136,0.16916666666666666,0.2912621359223301,0.8105008333333283
15615,static_quality,3,0.58,0.24,0.34,0.4,0.62,0.73,0.19833333333333333,0.36,0.7743066666666618
15615,static_quality,4,0.58,0.24,0.34,0.4,0.62,0.6979166666666666,0.17916666666666667,0.4270833333333333,0.7534849999999957
15615,static_quality,5,0.58,0.24,0.34,0.4,0.62,0.7,0.17416666666666666,0.38,0.7693041666666625
15615,static_quality,6,0.58,0.24,0.34,0.4,0.62,0.6753246753246753,0.19,0.44155844155844154,0.7864958333333293
15615,linear_development,1,0.7493010787894023,0.4798174140509839,0.5760188087486724,0.5893295374086714,0.46134596221401936,0.8163265306122449,0.11083333333333334,0.35714285714285715,0.7975999999999974
15615,linear_development,2,0.8148926518667561,0.6667668068335013,0.7478894734802493,0.7369211632896069,0.3430759972532983,0.8137254901960784,0.08666666666666667,0.27450980392156865,0.8378983333333307
15615,linear_development,3,0.8438735930942198,0.7518689632229225,0.8213083925235273,0.8041070762286233,0.29277402155393073,0.8,0.0825,0.3,0.8741066666666648
15615,linear_development,4,0.8714873772098523,0.8361895461399697,0.8899468945518524,0.8706759574789238,0.24528773167634135,0.865979381443299,0.0625,0.28865979381443296,0.8429666666666648
15615,linear_development,5,0.8896791970493804,0.8885525297086495,0.929797236937012,0.9120151550331449,0.20961066406565954,0.8837209302325582,0.04833333333333333,0.2558139534883721,0.8762458333333323
15615,linear_development,6,0.9015404255237183,0.9259808056049071,0.95,0.9415637938986113,0.18382626118239062,0.8555555555555555,0.04416666666666667,0.24444444444444444,0.8771866666666658
15615,interaction_development,1,0.6652806767727761,0.4306752772142892,0.5289056850402378,0.5505331135902283,0.5001553512174207,0.7215189873417721,0.16583333333333333,0.3924050632911392,0.8066024999999963
15615,interaction_development,2,0.8053572940815319,0.630869679339004,0.7159114337367587,0.7085813257939512,0.3555836405546838,0.8404255319148937,0.10666666666666667,0.23404255319148937,0.8637891666666644
15615,interaction_development,3,0.8596962472257461,0.7380589098677665,0.8096464769031162,0.7932044025271845,0.28956078538414065,0.8461538461538461,0.06583333333333333,0.2692307692307692,0.8775416666666657
15615,interaction_development,4,0.8891137937938349,0.8163460345529958,0.8742330350654195,0.8550100272786813,0.2308760921267947,0.9452054794520548,0.0475,0.1917808219178082,0.9162883333333331
15615,interaction_development,5,0.9077684045793444,0.8912032924882373,0.9317423708400692,0.9141078624907143,0.16994017306093895,0.9230769230769231,0.03666666666666667,0.16346153846153846,0.9034591666666664
15615,interaction_development,6,0.9150666728748313,0.9359354795559651,0.95,0.9494227470178676,0.1314266244583787,0.9615384615384616,0.0275,0.15384615384615385,0.9104450000000003
15615,feedback_development,1,0.7629630624540006,0.6580263965169237,0.6968106795114946,0.5893295374086714,0.45469176512284576,0.7582417582417582,0.1375,0.3076923076923077,0.8272099999999972
15615,feedback_development,2,0.8711693604147965,0.8763744239133278,0.8851244814094723,0.7321283457922444,0.33576224677948674,0.8247422680412371,0.07083333333333333,0.26804123711340205,0.8517366666666645
15615,feedback_development,3,0.9019487813785024,0.95,0.95,0.8314695586135511,0.24251508555349827,0.9263157894736842,0.05,0.18947368421052632,0.8955116666666656
15615,feedback_development,4,0.9082269091384281,0.95,0.95,0.8867130907186497,0.20580876890515798,0.898876404494382,0.050833333333333335,0.25842696629213485,0.8707108333333321
15615,feedback_development,5,0.9114287388636519,0.95,0.95,0.9186362661909233,0.1855411207823866,0.8493150684931506,0.04083333333333333,0.2465753424657534,0.8977883333333326
15615,feedback_development,6,0.9140105311991502,0.95,0.95,0.9462855177807291,0.16175342336807827,0.9204545454545454,0.041666666666666664,0.2159090909090909,0.8927674999999994
15616,static_quality,1,0.58,0.24,0.34,0.4,0.62,0.6595744680851063,0.18666666666666668,0.43617021276595747,0.7521808333333285
15616,static_quality,2,0.58,0.24,0.34,0.4,0.62,0.5555555555555556,0.18833333333333332,0.48148148148148145,0.7622774999999958
15616,static_quality,3,0.58,0.24,0.34,0.4,0.62,0.6767676767676768,0.16333333333333333,0.3838383838383838,0.7718591666666625
15616,static_quality,4,0.58,0.24,0.34,0.4,0.62,0.7346938775510204,0.18166666666666667,0.3673469387755102,0.7775799999999965
15616,static_quality,5,0.58,0.24,0.34,0.4,0.62,0.6707317073170732,0.17833333333333334,0.4146341463414634,0.7890791666666622
15616,static_quality,6,0.58,0.24,0.34,0.4,0.62,0.7171717171717171,0.17416666666666666,0.35353535353535354,0.784605833333329
15616,linear_development,1,0.748772071378686,0.47667747892453105,0.5730300188808383,0.5868506412562087,0.4577765068836168,0.7640449438202247,0.12666666666666668,0.30337078651685395,0.8345841666666634
15616,linear_development,2,0.8040188562262693,0.6374742387684197,0.7218356300514243,0.7137954516592794,0.36816383260989083,0.7789473684210526,0.09583333333333334,0.35789473684210527,0.8057724999999976
15616,linear_development,3,0.8442691139846128,0.7548376029469235,0.8238013191394316,0.806450739168624,0.296812385211048,0.8709677419354839,0.08083333333333333,0.3010752688172043,0.8384966666666644
15616,linear_development,4,0.8697123185196247,0.830166520572486,0.8852092718113794,0.8659209372940683,0.25070321996722184,0.8941176470588236,0.05583333333333333,0.2823529411764706,0.8645683333333322
15616,linear_development,5,0.8926564901832863,0.8898858872432152,0.9307766356845038,0.9130678057183284,0.18462089832903414,0.9166666666666666,0.05583333333333333,0.14285714285714285,0.9242616666666665
15616,linear_development,6,0.9051021182947079,0.9303039447504692,0.95,0.9449767984872129,0.157641521383321,0.90625,0.050833333333333335,0.20833333333333334,0.8854583333333321
15616,interaction_development,1,0.660292215529863,0.4237813978582655,0.5222404617217175,0.5450905772565253,0.5073488868189665,0.7215189873417721,0.17,0.4177215189873418,0.7957124999999962
15616,interaction_development,2,0.7711125995227244,0.5811431255889801,0.6707547360172582,0.6693235202018268,0.3978137545013719,0.7837837837837838,0.12333333333333334,0.28378378378378377,0.8654416666666637
15616,interaction_development,3,0.855623608070502,0.7251393587141718,0.7986429076483321,0.78300475687961,0.2925589512766913,0.8764044943820225,0.06833333333333333,0.21348314606741572,0.8864783333333315
15616,interaction_development,4,0.8894966147559391,0.8141221924636307,0.8724536357375947,0.8532543624712877,0.22158675574313783,0.8846153846153846,0.06,0.16666666666666666,0.9188449999999991
15616,interaction_development,5,0.9051797580873244,0.8780239826501794,0.9219962506453824,0.9037031441975104,0.17863616827315879,0.9195402298850575,0.051666666666666666,0.19540229885057472,0.9005183333333326
15616,interaction_development,6,0.9128482843119048,0.9250845167634653,0.95,0.9408561974448414,0.15598038986595344,0.9326923076923077,0.04083333333333333,0.22115384615384615,0.8719524999999991
15616,feedback_development,1,0.7412610519811362,0.6238904535162592,0.6677412970102654,0.5716598576873552,0.4792956771152607,0.7613636363636364,0.15416666666666667,0.36363636363636365,0.8038058333333306
15616,feedback_development,2,0.8659452285752284,0.8608838707064205,0.8715007877136071,0.7189162852583739,0.33912704180700215,0.8837209302325582,0.0975,0.18604651162790697,0.8958691666666653
15616,feedback_development,3,0.9010113892642793,0.95,0.95,0.8242182970940345,0.2451233922053645,0.9072164948453608,0.045,0.1958762886597938,0.8916866666666653
15616,feedback_development,4,0.9097604347561445,0.95,0.95,0.8880684553012917,0.18303581819160836,0.9325842696629213,0.035,0.15730337078651685,0.9187616666666666
15616,feedback_development,5,0.9117990234691511,0.95,0.95,0.9181451370130013,0.17633268493072562,0.8472222222222222,0.03916666666666667,0.2777777777777778,0.8881991666666657
15616,feedback_development,6,0.9154488001213061,0.95,0.95,0.9485013215391312,0.13583354627232644,0.9111111111111111,0.043333333333333335,0.14444444444444443,0.9223441666666654
15617,static_quality,1,0.58,0.24,0.34,0.4,0.62,0.7469879518072289,0.18833333333333332,0.30120481927710846,0.8316208333333293
15617,static_quality,2,0.58,0.24,0.34,0.4,0.62,0.6565656565656566,0.16916666666666666,0.46464646464646464,0.7308741666666629
15617,static_quality,3,0.58,0.24,0.34,0.4,0.62,0.696078431372549,0.17,0.4019607843137255,0.7554108333333293
15617,static_quality,4,0.58,0.24,0.34,0.4,0.62,0.7395833333333334,0.16666666666666666,0.3541666666666667,0.7910824999999957
15617,static_quality,5,0.58,0.24,0.34,0.4,0.62,0.6888888888888889,0.18416666666666667,0.4111111111111111,0.7727066666666624
15617,static_quality,6,0.58,0.24,0.34,0.4,0.62,0.6,0.1775,0.4666666666666667,0.7493724999999958
15617,linear_development,1,0.7513580490074933,0.482938509566678,0.5789866770874317,0.5917935601842195,0.4503087562907744,0.8369565217391305,0.14083333333333334,0.30434782608695654,0.8264224999999967
15617,linear_development,2,0.8189976770547328,0.6727290871040059,0.7531468207636762,0.7416282266610579,0.3199072101979514,0.8888888888888888,0.10166666666666667,0.23232323232323232,0.8597649999999978
15617,linear_development,3,0.8529988122824921,0.7732867743150988,0.8391789537707314,0.8210158744592889,0.2620643427118613,0.8352941176470589,0.08,0.2823529411764706,0.8593049999999981
15617,linear_development,4,0.8846810157967704,0.8599162987826178,0.9083182777963832,0.8894076043020671,0.18448964948325522,0.9032258064516129,0.06583333333333333,0.13978494623655913,0.9171174999999996
15617,linear_development,5,0.8978443787493883,0.9046948850830575,0.9415163234616792,0.9247591198024144,0.17245243549583394,0.8735632183908046,0.051666666666666666,0.26436781609195403,0.870299999999999
15617,linear_development,6,0.9053593399382206,0.9355487721890997,0.95,0.949117451728237,0.16457727212475928,0.8651685393258427,0.04833333333333333,0.2696629213483146,0.8659933333333321
15617,interaction_development,1,0.6692314638881275,0.4374866781976975,0.5354779218282415,0.5559105354192347,0.49849653655345844,0.7142857142857143,0.155,0.40476190476190477,0.7935958333333296
15617,interaction_development,2,0.7952011942320518,0.6172973992635556,0.7036818428828121,0.6978663678396498,0.37303646457027995,0.8181818181818182,0.1025,0.2727272727272727,0.8550183333333312
15617,interaction_development,3,0.8683522913419567,0.756308577329242,0.8250347099054556,0.8076120347336122,0.27417260224477596,0.8383838383838383,0.07416666666666667,0.24242424242424243,0.8606874999999979
15617,interaction_development,4,0.8964902088110718,0.8448259578873488,0.8966892443051965,0.8774941772794864,0.21569094370853592,0.865979381443299,0.056666666666666664,0.2268041237113402,0.8741374999999991
15617,interaction_development,5,0.9079380557192951,0.8981722890761384,0.9368180634590704,0.919609701902215,0.1831292775470991,0.9247311827956989,0.0375,0.24731182795698925,0.8732349999999991
15617,interaction_development,6,0.914131004374146,0.9343745881451029,0.95,0.9481904643250817,0.14715598053148776,0.8850574712643678,0.04083333333333333,0.16091954022988506,0.9172349999999995
15617,feedback_development,1,0.7458863800327581,0.6290230237778214,0.6720975678819225,0.5742298985412311,0.46988092616827076,0.7951807228915663,0.14,0.3132530120481928,0.8372183333333302
15617,feedback_development,2,0.867646266955622,0.8610832625074512,0.8716479167026169,0.7189162852583739,0.3272787498271206,0.9375,0.07,0.1375,0.926361666666666
15617,feedback_development,3,0.9029586570329315,0.95,0.95,0.8283992407635282,0.22669247729582281,0.9183673469387755,0.0525,0.16326530612244897,0.9049366666666657
15617,feedback_development,4,0.9081427880933592,0.95,0.95,0.8825477280388917,0.20333795479851802,0.8850574712643678,0.04416666666666667,0.27586206896551724,0.8669408333333318
15617,feedback_development,5,0.9119989482953614,0.95,0.95,0.9233883679333658,0.17756914104732457,0.9139784946236559,0.0375,0.23655913978494625,0.878336666666666
15617,feedback_development,6,0.9145265807201032,0.95,0.95,0.95,0.1552918474837315,0.8909090909090909,0.03833333333333333,0.22727272727272727,0.8630316666666661
15618,static_quality,1,0.58,0.24,0.34,0.4,0.62,0.6410256410256411,0.1825,0.46153846153846156,0.778230833333329
15618,static_quality,2,0.58,0.24,0.34,0.4,0.62,0.7303370786516854,0.16166666666666665,0.38202247191011235,0.79214833333333
15618,static_quality,3,0.58,0.24,0.34,0.4,0.62,0.797752808988764,0.2,0.34831460674157305,0.7988049999999948
15618,static_quality,4,0.58,0.24,0.34,0.4,0.62,0.6808510638297872,0.17083333333333334,0.425531914893617,0.7601491666666634
15618,static_quality,5,0.58,0.24,0.34,0.4,0.62,0.7241379310344828,0.15833333333333333,0.41379310344827586,0.7228341666666623
15618,static_quality,6,0.58,0.24,0.34,0.4,0.62,0.7870370370370371,0.17916666666666667,0.3425925925925926,0.7732866666666627
15618,linear_development,1,0.7415890502423708,0.45743581973731673,0.5546495953224815,0.5716598576873552,0.47337336567695476,0.7901234567901234,0.12666666666666668,0.30864197530864196,0.8448474999999962
15618,linear_development,2,0.8154258934257665,0.6627317292421545,0.7443225169137124,0.7337355757174909,0.32720988448510513,0.8543689320388349,0.0925,0.23300970873786409,0.8563174999999978
15618,linear_development,3,0.8575289733849258,0.7839432040706658,0.8479673480564415,0.829428845318947,0.24677774616104492,0.8958333333333334,0.06916666666666667,0.22916666666666666,0.8714066666666647
15618,linear_development,4,0.8841385981607726,0.860756800989922,0.9089600498518086,0.8900711586762547,0.1918013603677697,0.9333333333333333,0.05333333333333334,0.18888888888888888,0.8999624999999988
15618,linear_development,5,0.8979085596308836,0.9046948850830575,0.9415163234616792,0.9247591198024144,0.17184118900540216,0.8902439024390244,0.04666666666666667,0.23170731707317074,0.8911816666666664
15618,linear_development,6,0.9069909585552164,0.9414653069181661,0.95,0.95,0.15583713020181875,0.9056603773584906,0.034166666666666665,0.2358490566037736,0.863853333333332
15618,interaction_development,1,0.6561344365416781,0.4168040414096911,0.5154809362635299,0.5395821379550192,0.5102377097481193,0.7027027027027027,0.14833333333333334,0.40540540540540543,0.8150408333333297
15618,interaction_development,2,0.7833301334689936,0.6008310765072072,0.688747015413687,0.6848666393477959,0.3896567222423102,0.8064516129032258,0.12833333333333333,0.3225806451612903,0.8191124999999971
15618,interaction_development,3,0.8546203576374578,0.7284277914265155,0.8014520404437302,0.7856008879683024,0.30739881948787473,0.8791208791208791,0.06583333333333333,0.2967032967032967,0.8474991666666649
15618,interaction_development,4,0.8859325630156102,0.813000193625383,0.8715545173591085,0.8523685739147764,0.2549584487400903,0.8160919540229885,0.04416666666666667,0.28735632183908044,0.861917499999999
15618,interaction_development,5,0.9037101482101773,0.8802064038994222,0.9236228895859602,0.9054261083416495,0.20440821549052612,0.8736842105263158,0.04083333333333333,0.22105263157894736,0.8826983333333325
15618,interaction_development,6,0.9123935520050792,0.9264249207712777,0.95,0.9419144111352197,0.16630108252735723,0.875,0.03333333333333333,0.22115384615384615,0.8739941666666654
15618,feedback_development,1,0.7722291378577034,0.6761370428508017,0.7122751011509011,0.5990972779779944,0.4506517888635163,0.7623762376237624,0.13416666666666666,0.33663366336633666,0.7977124999999976
15618,feedback_development,2,0.8698856769782202,0.8706826808406399,0.8801225766444234,0.727248211884903,0.3326192973048226,0.8902439024390244,0.07166666666666667,0.21951219512195122,0.8911883333333327
15618,feedback_development,3,0.8978700048042716,0.9487150158377524,0.95,0.8121879560733751,0.272604328892359,0.8620689655172413,0.05,0.28735632183908044,0.8610774999999984
15618,feedback_development,4,0.9092013734764359,0.95,0.95,0.886029266316549,0.19010965697546875,0.9484536082474226,0.03666666666666667,0.14432989690721648,0.9180691666666667
15618,feedback_development,5,0.9125005893927778,0.95,0.95,0.930421211172638,0.1750691014809349,0.9017857142857143,0.04,0.26785714285714285,0.8376941666666651
15618,feedback_development,6,0.9141261378076325,0.95,0.95,0.95,0.16189507222957686,0.8928571428571429,0.029166666666666667,0.23809523809523808,0.8901074999999992
15619,static_quality,1,0.58,0.24,0.34,0.4,0.62,0.6732673267326733,0.16333333333333333,0.43564356435643564,0.7420283333333294
15619,static_quality,2,0.58,0.24,0.34,0.4,0.62,0.7386363636363636,0.17666666666666667,0.32954545454545453,0.8142324999999961
15619,static_quality,3,0.58,0.24,0.34,0.4,0.62,0.6708860759493671,0.17166666666666666,0.3670886075949367,0.815144166666662
15619,static_quality,4,0.58,0.24,0.34,0.4,0.62,0.7252747252747253,0.17833333333333334,0.3956043956043956,0.7789666666666628
15619,static_quality,5,0.58,0.24,0.34,0.4,0.62,0.6219512195121951,0.17833333333333334,0.47560975609756095,0.7641358333333289
15619,static_quality,6,0.58,0.24,0.34,0.4,0.62,0.6702127659574468,0.18583333333333332,0.3617021276595745,0.7872041666666622
15619,linear_development,1,0.7589779419194843,0.5042680792933337,0.5991881262342065,0.6086326941789476,0.43610850047330413,0.8333333333333334,0.12416666666666666,0.2604166666666667,0.8450849999999965
15619,linear_development,2,0.8080135511284144,0.6439606279939396,0.7276362870683408,0.7189162852583739,0.34752699909765944,0.8333333333333334,0.1,0.2948717948717949,0.8604058333333308
15619,linear_development,3,0.8495716602686584,0.7635321158934507,0.8310733601000457,0.8133148283369349,0.2691425874860656,0.8681318681318682,0.07583333333333334,0.25274725274725274,0.8648141666666656
15619,linear_development,4,0.873557896823242,0.8352007506438327,0.889171092197233,0.8698953294556577,0.22704910731346498,0.9012345679012346,0.06666666666666667,0.25925925925925924,0.8773191666666651
15619,linear_development,5,0.8905533783134887,0.8872030267203316,0.9288039812798471,0.9109497579371043,0.19497975333220707,0.8554216867469879,0.05333333333333334,0.24096385542168675,0.8855024999999987
15619,linear_development,6,0.9034185449428733,0.9281748939291689,0.95,0.9432959688914495,0.16986567288849014,0.8367346938775511,0.0325,0.23469387755102042,0.8743508333333322
15619,interaction_development,1,0.7035288580800345,0.4860408785092779,0.5819337703478197,0.5942427988231141,0.46220047278889165,0.74,0.14333333333333334,0.35,0.791089166666663
15619,interaction_development,2,0.8259319078270198,0.6687662059925003,0.7496542471658875,0.7384996363098693,0.33911116485427584,0.8316831683168316,0.10333333333333333,0.27722772277227725,0.8342266666666639
15619,interaction_development,3,0.8798519378044654,0.7878089389317015,0.85113773709462,0.8324807412618698,0.2528852466615446,0.8936170212765957,0.0475,0.2127659574468085,0.8861374999999995
15619,interaction_development,4,0.9009627362147795,0.8665007938750992,0.9133284126164841,0.8946058899013944,0.21008379328061436,0.8867924528301887,0.045,0.27358490566037735,0.8419041666666652
15619,interaction_development,5,0.9111293098757642,0.9144793233302243,0.9484627620742545,0.9324836763133354,0.16775993304030046,0.9222222222222223,0.0375,0.17777777777777778,0.908179166666666
15619,interaction_development,6,0.913793692127166,0.94251262229028,0.95,0.95,0.16244345752352377,0.8241758241758241,0.04583333333333333,0.27472527472527475,0.8613041666666652
15619,feedback_development,1,0.7498875165333403,0.6388619785159124,0.6804860934768722,0.5793238120350839,0.4724402848743027,0.7252747252747253,0.14166666666666666,0.3516483516483517,0.8063824999999969
15619,feedback_development,2,0.8663380993553857,0.8647955479794988,0.8749521377486057,0.7222791708215428,0.3450340571666707,0.8804347826086957,0.06916666666666667,0.25,0.8667674999999986
15619,feedback_development,3,0.8987074473684504,0.95,0.95,0.8155483297307119,0.26709596764894294,0.8777777777777778,0.045,0.24444444444444444,0.8770491666666652
15619,feedback_development,4,0.9102259050695357,0.95,0.95,0.8920380292498489,0.17909258779447643,0.9215686274509803,0.0325,0.12745098039215685,0.9243591666666663
15619,feedback_development,5,0.9150985688931629,0.95,0.95,0.9383114513677651,0.1335156243255681,0.9363636363636364,0.045,0.15454545454545454,0.9018091666666658
15619,feedback_development,6,0.9157739391814324,0.95,0.95,0.95,0.13059411124159576,0.8888888888888888,0.0325,0.2222222222222222,0.8894324999999991
15620,static_quality,1,0.58,0.24,0.34,0.4,0.62,0.776595744680851,0.18916666666666668,0.3404255319148936,0.7964483333333283
15620,static_quality,2,0.58,0.24,0.34,0.4,0.62,0.7183098591549296,0.19416666666666665,0.3380281690140845,0.8355749999999946
15620,static_quality,3,0.58,0.24,0.34,0.4,0.62,0.7361111111111112,0.18583333333333332,0.3333333333333333,0.8374566666666617
15620,static_quality,4,0.58,0.24,0.34,0.4,0.62,0.5930232558139535,0.19333333333333333,0.4883720930232558,0.7455033333333285
15620,static_quality,5,0.58,0.24,0.34,0.4,0.62,0.7012987012987013,0.1825,0.42857142857142855,0.7931599999999961
15620,static_quality,6,0.58,0.24,0.34,0.4,0.62,0.7282608695652174,0.175,0.32608695652173914,0.8094316666666622
15620,linear_development,1,0.7270154997679866,0.4203032171612329,0.5188725697096852,0.5423446451272891,0.5099442437316677,0.6883116883116883,0.13666666666666666,0.4155844155844156,0.8075433333333296
15620,linear_development,2,0.7973393795042735,0.6149873232027723,0.70159299383969,0.6960426235811367,0.371295516773375,0.8369565217391305,0.10166666666666667,0.2608695652173913,0.8548041666666643
15620,linear_development,3,0.8303742441429656,0.7133130893767804,0.7884942435799079,0.7736682284553535,0.31953037909808324,0.7837837837837838,0.06416666666666666,0.33783783783783783,0.8576049999999985
15620,linear_development,4,0.8642246477574032,0.8107358371814215,0.8697372213339383,0.8505809240905963,0.2527240039640209,0.8387096774193549,0.0625,0.25806451612903225,0.8632583333333321
15620,linear_development,5,0.8916729409130384,0.886522159678402,0.9283020959515077,0.9104122313250547,0.1854941925450741,0.9038461538461539,0.05333333333333334,0.18269230769230768,0.8898858333333325
15620,linear_development,6,0.9046820517781294,0.9259808056049071,0.95,0.9415637938986113,0.15390601114038022,0.8850574712643678,0.04,0.1839080459770115,0.9076249999999997
15620,interaction_development,1,0.6951815063795963,0.4735185904673351,0.5700201600008442,0.5843567819478961,0.4681972017645602,0.723404255319149,0.15833333333333333,0.35106382978723405,0.7981133333333297
15620,interaction_development,2,0.8016064768406506,0.6241447968596938,0.7098610670503046,0.7032722080471273,0.3578951710908423,0.8356164383561644,0.1,0.2328767123287671,0.8903266666666652
15620,interaction_development,3,0.875749760145397,0.7719182840192141,0.8380452706653891,0.8199354873835905,0.24610483535249433,0.9207920792079208,0.0625,0.1782178217821782,0.8932508333333321
15620,interaction_development,4,0.8989607710540892,0.8485167511742229,0.8995517135967844,0.8804079614533344,0.19406261502162256,0.8809523809523809,0.0425,0.19047619047619047,0.9073074999999993
15620,interaction_development,5,0.9091437696472067,0.8999942124747736,0.9381356180531626,0.9210480624800851,0.16814878770973365,0.8876404494382022,0.034166666666666665,0.2247191011235955,0.8892749999999995
15620,interaction_development,6,0.9138960191099323,0.9403989113665004,0.95,0.95,0.15865324918416993,0.8782608695652174,0.035,0.25217391304347825,0.8434724999999994
15620,feedback_development,1,0.7173213913295493,0.5815491181127412,0.6316976958195474,0.5505331135902283,0.49653373486053065,0.75,0.1375,0.3684210526315789,0.8277116666666635
15620,feedback_development,2,0.8547355443962257,0.8363750506921142,0.850098009026176,0.6996791696326119,0.3607507960429793,0.8539325842696629,0.0825,0.24719101123595505,0.868911666666665
15620,feedback_development,3,0.8989707776847157,0.9494604401062655,0.95,0.8133148283369349,0.26161807230114786,0.8823529411764706,0.059166666666666666,0.22549019607843138,0.8687208333333316
15620,feedback_development,4,0.9083013872320409,0.95,0.95,0.8832524416706583,0.20156300683786105,0.9108910891089109,0.03916666666666667,0.22772277227722773,0.8725416666666659
15620,feedback_development,5,0.9128221030348711,0.95,0.95,0.922925923474211,0.16262127964048573,0.9166666666666666,0.04,0.17857142857142858,0.9125774999999998
15620,feedback_development,6,0.9146757438312842,0.95,0.95,0.95,0.15242635854705475,0.87,0.034166666666666665,0.24,0.8689108333333327
15621,static_quality,1,0.58,0.24,0.34,0.4,0.62,0.6701030927835051,0.1925,0.36082474226804123,0.780944166666662
15621,static_quality,2,0.58,0.24,0.34,0.4,0.62,0.6071428571428571,0.17583333333333334,0.42857142857142855,0.7792283333333289
15621,static_quality,3,0.58,0.24,0.34,0.4,0.62,0.6266666666666667,0.2075,0.44,0.7878191666666616
15621,static_quality,4,0.58,0.24,0.34,0.4,0.62,0.7804878048780488,0.16583333333333333,0.2682926829268293,0.8512999999999953
15621,static_quality,5,0.58,0.24,0.34,0.4,0.62,0.75,0.17,0.31521739130434784,0.8156174999999951
15621,static_quality,6,0.58,0.24,0.34,0.4,0.62,0.717391304347826,0.19,0.42391304347826086,0.7611158333333288
15621,linear_development,1,0.7549001591161022,0.4952367461261602,0.5906518488314734,0.6015026943101264,0.4502469167334528,0.7857142857142857,0.13333333333333333,0.30612244897959184,0.8180966666666631
15621,linear_development,2,0.80593447294532,0.6418114969757943,0.7257163011765768,0.7172196028756277,0.3615619444059045,0.8,0.09,0.32941176470588235,0.8374133333333308
15621,linear_development,3,0.843792209273395,0.7503711903651132,0.8200487336591412,0.8029246239724581,0.2896092215834258,0.8433734939759037,0.07416666666666667,0.27710843373493976,0.8658158333333312
15621,linear_development,4,0.872167736123303,0.8291413687851972,0.8844000723176026,0.8651116069356823,0.2246746087689294,0.8589743589743589,0.056666666666666664,0.19230769230769232,0.9096283333333325
15621,linear_development,5,0.8878022383865916,0.8765469908486933,0.9208926236377526,0.9025370980384424,0.19709825170020584,0.8169014084507042,0.0525,0.23943661971830985,0.900420833333333
15621,linear_development,6,0.9031999766518402,0.9213895087852131,0.95,0.9379390858830634,0.1598050075078939,0.9247311827956989,0.04,0.1935483870967742,0.8977791666666658
15621,interaction_development,1,0.6385728379695432,0.3917112072719911,0.4910605339068007,0.5197720057410455,0.5388778008434535,0.676056338028169,0.16083333333333333,0.4788732394366197,0.7928983333333295
15621,interaction_development,2,0.761156462976463,0.5709379434832328,0.6613722518425835,0.6612667974867632,0.4182162769934507,0.7931034482758621,0.12416666666666666,0.3333333333333333,0.8251999999999976
15621,interaction_development,3,0.8606446467271087,0.734887099121658,0.8069532821422831,0.7907003414118358,0.28055678991639404,0.8736842105263158,0.08,0.15789473684210525,0.9041724999999997
15621,interaction_development,4,0.8891953137541817,0.8163460345529958,0.8742330350654195,0.8550100272786813,0.23002821765992104,0.8987341772151899,0.06166666666666667,0.22784810126582278,0.8935608333333329
15621,interaction_development,5,0.9062987993318945,0.8872030267203316,0.9288039812798471,0.9109497579371043,0.18321968937193428,0.8737864077669902,0.03333333333333333,0.21359223300970873,0.879621666666666
15621,interaction_development,6,0.9123068137619568,0.9237196930346957,0.95,0.9397787050273917,0.1635015099438037,0.8452380952380952,0.03333333333333333,0.2261904761904762,0.8941799999999999
15621,feedback_development,1,0.748312467534151,0.6338791299374944,0.6762508781346099,0.5767845191499837,0.46930782268402765,0.8390804597701149,0.135,0.3333333333333333,0.8228949999999969
15621,feedback_development,2,0.8689793387815739,0.8726055865954633,0.881811490319945,0.7288847226135935,0.34338784953991663,0.8529411764705882,0.07916666666666666,0.27450980392156865,0.8392099999999981
15621,feedback_development,3,0.8989933257299819,0.95,0.95,0.823157240537258,0.2706022678174281,0.8571428571428571,0.05416666666666667,0.2755102040816326,0.8499416666666654
15621,feedback_development,4,0.9087500712397296,0.95,0.95,0.8873928121743377,0.19841032713014245,0.9101123595505618,0.03333333333333333,0.15730337078651685,0.9194066666666662
15621,feedback_development,5,0.9132875566319865,0.95,0.95,0.930421211172638,0.16094646904321447,0.8686868686868687,0.0375,0.1919191919191919,0.893357499999999
15621,feedback_development,6,0.9146069179674063,0.95,0.95,0.95,0.15282888657539848,0.9230769230769231,0.03666666666666667,0.24358974358974358,0.8940116666666671
15622,static_quality,1,0.58,0.24,0.34,0.4,0.62,0.6888888888888889,0.17916666666666667,0.35555555555555557,0.798836666666662
15622,static_quality,2,0.58,0.24,0.34,0.4,0.62,0.7619047619047619,0.19416666666666665,0.35714285714285715,0.8051216666666619
15622,static_quality,3,0.58,0.24,0.34,0.4,0.62,0.7307692307692307,0.16333333333333333,0.3076923076923077,0.8420758333333285
15622,static_quality,4,0.58,0.24,0.34,0.4,0.62,0.7708333333333334,0.18666666666666668,0.3020833333333333,0.8118283333333284
15622,static_quality,5,0.58,0.24,0.34,0.4,0.62,0.7027027027027027,0.18083333333333335,0.3783783783783784,0.7479924999999958
15622,static_quality,6,0.58,0.24,0.34,0.4,0.62,0.7209302325581395,0.18083333333333335,0.3488372093023256,0.808345833333329
15622,linear_development,1,0.7562418926759379,0.49826532564940323,0.593517285889653,0.6038936781442656,0.4457535022934371,0.7549019607843137,0.1225,0.3235294117647059,0.805114166666664
15622,linear_development,2,0.8223385646197174,0.6862295080119165,0.7649915574398548,0.7522864536936188,0.3240926180052247,0.8440366972477065,0.09,0.28440366972477066,0.821847499999998
15622,linear_development,3,0.8560953724843352,0.7878089389317015,0.85113773709462,0.8324807412618698,0.26557464612540094,0.8172043010752689,0.050833333333333335,0.3010752688172043,0.8454883333333316
15622,linear_development,4,0.8801148276537096,0.8590707231213458,0.9076719816680596,0.888740044569484,0.22581772408546386,0.8421052631578947,0.060833333333333336,0.28421052631578947,0.8482666666666651
15622,linear_development,5,0.8992248070409727,0.9123956662804289,0.9469941082403451,0.9308386839056022,0.17856362946473006,0.9081632653061225,0.05583333333333333,0.19387755102040816,0.8892241666666653
15622,linear_development,6,0.9076453984024431,0.9442166719662608,0.95,0.95,0.15110690042313207,0.9052631578947369,0.03666666666666667,0.21052631578947367,0.888250833333333
15622,interaction_development,1,0.7098744951190482,0.49218988543879294,0.5877662123176972,0.5990972779779944,0.4487325203046793,0.7835051546391752,0.17166666666666666,0.30927835051546393,0.8102208333333287
15622,interaction_development,2,0.8217729962960316,0.6586477914186877,0.7407050936755805,0.7305114142779119,0.33726730104355945,0.797752808988764,0.11833333333333333,0.25842696629213485,0.8563049999999978
15622,interaction_development,3,0.8685905483355676,0.7606687569010144,0.8286833211128917,0.8110542817639589,0.28486329012241424,0.8488372093023255,0.06333333333333334,0.313953488372093,0.8482974999999983
15622,interaction_development,4,0.8965246179320181,0.8400857552945104,0.8929961766200218,0.8737519120746139,0.20658574916921257,0.96,0.059166666666666666,0.10666666666666667,0.9437949999999997
15622,interaction_development,5,0.9073817732560518,0.8931499066791265,0.9331657705933081,0.9156446631677321,0.18037141217649316,0.8426966292134831,0.05,0.24719101123595505,0.8758099999999986
15622,interaction_development,6,0.9130898766990247,0.9315509616253417,0.95,0.9459612854936913,0.1619976998739655,0.8865979381443299,0.030833333333333334,0.23711340206185566,0.8747791666666657
15622,feedback_development,1,0.7868647217424909,0.7020262634677128,0.7343654471126881,0.6133150126257907,0.43743389021825735,0.8130841121495327,0.13916666666666666,0.3177570093457944,0.7971083333333306
15622,feedback_development,2,0.8717404381968454,0.8815117369027429,0.8896916384164809,0.7369211632896069,0.3431401821778821,0.7708333333333334,0.08166666666666667,0.3333333333333333,0.818974166666665
15622,feedback_development,3,0.896982858171044,0.95,0.95,0.8144349393669134,0.28537500081160244,0.7951807228915663,0.03666666666666667,0.30120481927710846,0.8637683333333319
15622,feedback_development,4,0.9065544303086406,0.95,0.95,0.8767547055125617,0.2215135104749778,0.9058823529411765,0.04,0.2,0.9027716666666661
15622,feedback_development,5,0.9123409822233448,0.95,0.95,0.9233883679333658,0.17160428510293319,0.9081632653061225,0.0425,0.19387755102040816,0.8923841666666654
15622,feedback_development,6,0.9151612282825566,0.95,0.95,0.95,0.14293776734234856,0.9278350515463918,0.0325,0.18556701030927836,0.8995183333333326
15623,static_quality,1,0.58,0.24,0.34,0.4,0.62,0.7666666666666667,0.16666666666666666,0.4222222222222222,0.7712983333333293
15623,static_quality,2,0.58,0.24,0.34,0.4,0.62,0.7216494845360825,0.175,0.3917525773195876,0.769364166666663
15623,static_quality,3,0.58,0.24,0.34,0.4,0.62,0.7222222222222222,0.19333333333333333,0.35555555555555557,0.7956941666666616
15623,static_quality,4,0.58,0.24,0.34,0.4,0.62,0.618421052631579,0.17666666666666667,0.4605263157894737,0.7842849999999958
15623,static_quality,5,0.58,0.24,0.34,0.4,0.62,0.6728971962616822,0.17083333333333334,0.3925233644859813,0.7504241666666632
15623,static_quality,6,0.58,0.24,0.34,0.4,0.62,0.75,0.18083333333333335,0.3645833333333333,0.7834333333333288
15623,linear_development,1,0.7579388469840694,0.5012757336955068,0.5963626648884255,0.6062703160754,0.43782445766819417,0.8526315789473684,0.10333333333333333,0.2631578947368421,0.8490374999999977
15623,linear_development,2,0.8185507693339303,0.6707536087565452,0.7514066674357263,0.74006863849201,0.3188882543611351,0.8850574712643678,0.09083333333333334,0.20689655172413793,0.887433333333331
15623,linear_development,3,0.8550405632230307,0.7773431763191099,0.8425326102093692,0.8242182970940345,0.25323157673650604,0.8604651162790697,0.055,0.2441860465116279,0.8797433333333338
15623,linear_development,4,0.8828128907973081,0.8615922601839825,0.9095973295028459,0.8907307317241973,0.20655945667475795,0.8773584905660378,0.04666666666666667,0.25471698113207547,0.850825833333332
15623,linear_development,5,0.9012467829688954,0.9134437645290499,0.947733593436284,0.9316661298913556,0.16192174529578063,0.8842105263157894,0.04666666666666667,0.17894736842105263,0.9012458333333329
15623,linear_development,6,0.9074912193239488,0.9411119787909116,0.95,0.95,0.15071941380092224,0.9156626506024096,0.0375,0.2289156626506024,0.8936316666666664
15623,interaction_development,1,0.6622051572722386,0.4272387094711159,0.5255847784896654,0.5478200337929862,0.506802881080288,0.691358024691358,0.17166666666666666,0.41975308641975306,0.7902533333333295
15623,interaction_development,2,0.7847289135986776,0.605606733507875,0.6930893058016506,0.6886368948746389,0.39491131005058244,0.75,0.10833333333333334,0.3541666666666667,0.8034483333333308
15623,interaction_development,3,0.8673899474751487,0.7606687569010144,0.8286833211128917,0.8110542817639589,0.2919408269003335,0.8421052631578947,0.07166666666666667,0.2719298245614035,0.8257966666666647
15623,interaction_development,4,0.8980243702243259,0.8530070408928029,0.9030185272939882,0.8839529270206343,0.21612852861693801,0.8627450980392157,0.04666666666666667,0.20588235294117646,0.8815924999999987
15623,interaction_development,5,0.9083554507654095,0.9058351154779237,0.9423322292330654,0.9256593016930983,0.19366199950964133,0.8543689320388349,0.0375,0.2815533980582524,0.8432041666666656
15623,interaction_development,6,0.913511885644029,0.9378344899066504,0.95,0.95,0.16348111365950133,0.9080459770114943,0.04416666666666667,0.20689655172413793,0.897044999999999
15623,feedback_development,1,0.7320611054025392,0.6083848709749182,0.6545491748063874,0.563856280042838,0.4874257884346536,0.7647058823529411,0.15166666666666667,0.3764705882352941,0.8046133333333302
15623,feedback_development,2,0.8616993407765727,0.8523040930756383,0.8640054218821148,0.7120678588121523,0.3496729291419017,0.8426966292134831,0.08916666666666667,0.2247191011235955,0.8776491666666654
15623,feedback_development,3,0.8956569422237476,0.9429704183978891,0.9448366664680845,0.8041070762286233,0.2812968092689388,0.8333333333333334,0.05416666666666667,0.28888888888888886,0.8545016666666652
15623,feedback_development,4,0.9087777441588507,0.95,0.95,0.8811255136846144,0.1922770655952383,0.9473684210526315,0.03666666666666667,0.12631578947368421,0.9279058333333329
15623,feedback_development,5,0.9129685133778758,0.95,0.95,0.9224606875998098,0.15954897712857838,0.9101123595505618,0.035833333333333335,0.20224719101123595,0.898629999999999
15623,feedback_development,6,0.9150372531181157,0.95,0.95,0.9462855177807291,0.14203013887275256,0.9090909090909091,0.045,0.2077922077922078,0.9067733333333327
15624,static_quality,1,0.58,0.24,0.34,0.4,0.62,0.7216494845360825,0.16916666666666666,0.41237113402061853,0.7604949999999958
15624,static_quality,2,0.58,0.24,0.34,0.4,0.62,0.7111111111111111,0.1925,0.4777777777777778,0.7406491666666627
15624,static_quality,3,0.58,0.24,0.34,0.4,0.62,0.7045454545454546,0.18166666666666667,0.3977272727272727,0.7830216666666626
15624,static_quality,4,0.58,0.24,0.34,0.4,0.62,0.75,0.1875,0.34782608695652173,0.7966058333333285
15624,static_quality,5,0.58,0.24,0.34,0.4,0.62,0.7526881720430108,0.1775,0.3655913978494624,0.7888208333333286
15624,static_quality,6,0.58,0.24,0.34,0.4,0.62,0.7373737373737373,0.17083333333333334,0.3838383838383838,0.770350833333329
15624,linear_development,1,0.758177726874955,0.5072424708175737,0.601993809350567,0.6109808980138739,0.4518578746110141,0.7857142857142857,0.11916666666666667,0.35714285714285715,0.7709874999999973
15624,linear_development,2,0.8288678860993369,0.699173016106898,0.7762679490480782,0.7625050127159727,0.29634706263916855,0.9473684210526315,0.10416666666666667,0.1368421052631579,0.909100833333332
15624,linear_development,3,0.8654667510982452,0.8025924778596305,0.8631718048101811,0.8441519562049717,0.21975670460578078,0.9166666666666666,0.05583333333333333,0.16666666666666666,0.9143099999999991
15624,linear_development,4,0.8880273711516007,0.873539136574693,0.918638305085557,0.900162476243179,0.18731733550723131,0.8877551020408163,0.049166666666666664,0.24489795918367346,0.8655916666666655
15624,linear_development,5,0.9054317345307573,0.9264249207712777,0.95,0.9419144111352197,0.14756090780404604,0.9181818181818182,0.030833333333333334,0.18181818181818182,0.8894199999999993
15624,linear_development,6,0.9112474289267843,0.95,0.95,0.95,0.12383401022110109,0.9387755102040817,0.035,0.17346938775510204,0.9037175000000001
15624,interaction_development,1,0.6975910449341977,0.47667747892453105,0.5730300188808383,0.5868506412562087,0.465185093643236,0.7731958762886598,0.15416666666666667,0.36082474226804123,0.7888883333333296
15624,interaction_development,2,0.8166786559596999,0.6503309613423764,0.7333159809948583,0.7239454957966136,0.34447376410570524,0.8651685393258427,0.1,0.24719101123595505,0.8652558333333312
15624,interaction_development,3,0.8718977558558643,0.7635321158934507,0.8310733601000457,0.8133148283369349,0.26311823213183183,0.8780487804878049,0.06416666666666666,0.2073170731707317,0.8976891666666658
15624,interaction_development,4,0.8968406673347932,0.8466824601271845,0.8981305326578947,0.8789598369425147,0.21240021308866527,0.8936170212765957,0.059166666666666666,0.23404255319148937,0.8738599999999987
15624,interaction_development,5,0.9074686131781446,0.895691321478673,0.9350175712893436,0.9176510432726371,0.18477584205263045,0.8333333333333334,0.030833333333333334,0.23809523809523808,0.8898566666666663
15624,interaction_development,6,0.9142220372434378,0.9355487721890997,0.95,0.949117451728237,0.14732070807585815,0.9072164948453608,0.04083333333333333,0.17525773195876287,0.902530833333333
15624,feedback_development,1,0.7953096718300597,0.7145809512116368,0.7450493527252562,0.6202336639438474,0.423937538732424,0.8235294117647058,0.1475,0.2549019607843137,0.8349599999999967
15624,feedback_development,2,0.8752499879048259,0.8869939525568159,0.8944934032795471,0.7416282266610579,0.3286642191537422,0.8,0.06333333333333334,0.28888888888888886,0.8532533333333318
15624,feedback_development,3,0.9037034607161833,0.95,0.95,0.8354780320233723,0.2234128452919478,0.9397590361445783,0.05,0.0963855421686747,0.9454358333333336
15624,feedback_development,4,0.9100847459675108,0.95,0.95,0.891386347333852,0.1808095336865739,0.9195402298850575,0.03666666666666667,0.20689655172413793,0.8985074999999991
15624,feedback_development,5,0.9145916545662398,0.95,0.95,0.935657213977702,0.14107684266904466,0.9519230769230769,0.029166666666666667,0.16346153846153846,0.9050466666666661
15624,feedback_development,6,0.915373183511053,0.95,0.95,0.95,0.1387152704816185,0.8556701030927835,0.0425,0.23711340206185566,0.8723549999999989
15625,static_quality,1,0.58,0.24,0.34,0.4,0.62,0.6777777777777778,0.1575,0.45555555555555555,0.7579458333333302
15625,static_quality,2,0.58,0.24,0.34,0.4,0.62,0.7051282051282052,0.19416666666666665,0.4358974358974359,0.7854116666666622
15625,static_quality,3,0.58,0.24,0.34,0.4,0.62,0.7341772151898734,0.18,0.3291139240506329,0.8285283333333284
15625,static_quality,4,0.58,0.24,0.34,0.4,0.62,0.7575757575757576,0.18416666666666667,0.37373737373737376,0.7721891666666622
15625,static_quality,5,0.58,0.24,0.34,0.4,0.62,0.6363636363636364,0.1725,0.48484848484848486,0.7196958333333298
15625,static_quality,6,0.58,0.24,0.34,0.4,0.62,0.723404255319149,0.17416666666666666,0.3617021276595745,0.78938583333333
15625,linear_development,1,0.7408363367276243,0.45743581973731673,0.5546495953224815,0.5716598576873552,0.468712795225464,0.8125,0.13666666666666666,0.3,0.8475666666666636
15625,linear_development,2,0.8031185207166915,0.630869679339004,0.7159114337367587,0.7085813257939512,0.3589955749012221,0.7608695652173914,0.10166666666666667,0.30434782608695654,0.8348066666666647
15625,linear_development,3,0.8460306955232236,0.753357749443585,0.8225592337758626,0.8052824337712515,0.2761451739123783,0.875,0.07666666666666666,0.23863636363636365,0.875301666666665
15625,linear_development,4,0.8789498148010249,0.8448259578873488,0.8966892443051965,0.8774941772794864,0.2004397147003668,0.9130434782608695,0.051666666666666666,0.16304347826086957,0.9101291666666661
15625,linear_development,5,0.8955612943954844,0.8944282611956175,0.9340981749277608,0.9166538904175933,0.1684060942030246,0.9113924050632911,0.04833333333333333,0.189873417721519,0.9111316666666659
15625,linear_development,6,0.9061906591374489,0.9311377883554746,0.95,0.945635096070112,0.14876660692607332,0.945054945054945,0.03,0.21978021978021978,0.8898625
15625,interaction_development,1,0.7054011830554129,0.48912463323822225,0.5848602339553849,0.5966773420301754,0.45054967544751584,0.7849462365591398,0.16166666666666665,0.2903225806451613,0.8273774999999959
15625,interaction_development,2,0.8131863611986767,0.6439606279939396,0.7276362870683408,0.7189162852583739,0.3473134368128553,0.7976190476190477,0.10916666666666666,0.2857142857142857,0.8534216666666644
15625,interaction_development,3,0.8732659467724355,0.7705415332185253,0.8369035958362429,0.8188485788567308,0.26865859269522285,0.8686868686868687,0.06416666666666666,0.26262626262626265,0.8524766666666651
15625,interaction_development,4,0.9012296863427433,0.8615922601839825,0.9095973295028459,0.8907307317241973,0.19534596923961992,0.9215686274509803,0.041666666666666664,0.17647058823529413,0.8970133333333326
15625,interaction_development,5,0.9089625685760887,0.9041196026992531,0.9411040518244503,0.9243049494994109,0.1803596852015067,0.8809523809523809,0.03333333333333333,0.27380952380952384,0.8742874999999992
15625,interaction_development,6,0.9135670639600775,0.93967720950097,0.95,0.95,0.16410830465071924,0.9320388349514563,0.03833333333333333,0.2524271844660194,0.8583733333333322
15625,feedback_development,1,0.7625377592386309,0.6579045129894082,0.6967243575458439,0.5893295374086714,0.4563483814339067,0.7741935483870968,0.13333333333333333,0.3225806451612903,0.8182649999999972
15625,feedback_development,2,0.8659451306958116,0.8608754470505114,0.8714945739732186,0.7189162852583739,0.33911654935010654,0.9012345679012346,0.06166666666666667,0.2222222222222222,0.8928666666666658
15625,feedback_development,3,0.8997808898009384,0.95,0.95,0.8155483297307119,0.254543073301532,0.8876404494382022,0.045,0.21348314606741572,0.8917241666666655
15625,feedback_development,4,0.9081936842790488,0.95,0.95,0.8811255136846144,0.2012784274690445,0.9139784946236559,0.03916666666666667,0.21505376344086022,0.8876324999999995
15625,feedback_development,5,0.913651559688596,0.95,0.95,0.9261053458829397,0.15027846980515755,0.9130434782608695,0.04083333333333333,0.14130434782608695,0.9223708333333336
15625,feedback_development,6,0.9155479736117267,0.95,0.95,0.95,0.13519559877114576,0.9175257731958762,0.0375,0.1958762886597938,0.892976666666666
15626,static_quality,1,0.58,0.24,0.34,0.4,0.62,0.66,0.17916666666666667,0.43,0.7437341666666631
15626,static_quality,2,0.58,0.24,0.34,0.4,0.62,0.7745098039215687,0.15916666666666668,0.3333333333333333,0.7924724999999959
15626,static_quality,3,0.58,0.24,0.34,0.4,0.62,0.7741935483870968,0.18,0.3010752688172043,0.8185974999999956
15626,static_quality,4,0.58,0.24,0.34,0.4,0.62,0.6938775510204082,0.175,0.3673469387755102,0.779515833333329
15626,static_quality,5,0.58,0.24,0.34,0.4,0.62,0.6701030927835051,0.215,0.422680412371134,0.7455891666666622
15626,static_quality,6,0.58,0.24,0.34,0.4,0.62,0.6329113924050633,0.16333333333333333,0.4177215189873418,0.7973141666666621
15626,linear_development,1,0.7324118261499795,0.4340912255510035,0.5322033452449562,0.5532299149086869,0.49655471284769914,0.782051282051282,0.15333333333333332,0.3717948717948718,0.8190466666666626
15626,linear_development,2,0.7908186728660906,0.5959975916942372,0.6843432886334118,0.6810507302849247,0.38216615474504334,0.84,0.10166666666666667,0.25333333333333335,0.8799066666666643
15626,linear_development,3,0.8395277178304482,0.7332868200419094,0.8055924291463072,0.7894369631909817,0.28519509018445305,0.8539325842696629,0.07416666666666667,0.2247191011235955,0.8809241666666648
15626,linear_development,4,0.8680104055411404,0.8217899335927608,0.878573682898283,0.8593078423100747,0.24528664412359077,0.8144329896907216,0.0575,0.30927835051546393,0.8342424999999983
15626,linear_development,5,0.8886720082955355,0.8830556781354927,0.9257390984131055,0.9076755353701262,0.20530832815171943,0.851063829787234,0.0575,0.2553191489361702,0.8643141666666653
15626,linear_development,6,0.9010048232382808,0.9199573687374554,0.95,0.9368084490032547,0.17814845356660766,0.8902439024390244,0.045,0.23170731707317074,0.8914424999999996
15626,interaction_development,1,0.6784854305487883,0.4475512880542618,0.54516476005543,0.563856280042838,0.4790989655543887,0.7922077922077922,0.15916666666666668,0.3116883116883117,0.8422749999999966
15626,interaction_development,2,0.8075825023077818,0.635285954495392,0.7198747533246972,0.7120678588121523,0.355143993772162,0.8421052631578947,0.09916666666666667,0.2736842105263158,0.8454399999999975
15626,interaction_development,3,0.8646851252611039,0.7473484674294391,0.8175027140224687,0.8005382637600837,0.28297791218109947,0.8888888888888888,0.060833333333333336,0.24691358024691357,0.8834783333333324
15626,interaction_development,4,0.8923123776897611,0.8332052178704346,0.8876030422395165,0.8683199088450803,0.23615054147441086,0.8247422680412371,0.058333333333333334,0.28865979381443296,0.8443083333333317
15626,interaction_development,5,0.907844374489946,0.8987832553416816,0.9372603370148569,0.9200920436908018,0.18346796461647974,0.8962264150943396,0.0425,0.2169811320754717,0.871671666666666
15626,interaction_development,6,0.9147464156340503,0.9382074829672105,0.95,0.95,0.14039015961955845,0.9583333333333334,0.04,0.14583333333333334,0.9177850000000003
15626,feedback_development,1,0.7452695343645558,0.6291051265842015,0.6721555429815698,0.5742298985412311,0.47260462719817264,0.7857142857142857,0.13833333333333334,0.32142857142857145,0.8319724999999972
15626,feedback_development,2,0.8560479374695473,0.8458706252723985,0.8583529184205336,0.7068222593500515,0.37227845264797743,0.8131868131868132,0.07833333333333334,0.31868131868131866,0.834752499999998
15626,feedback_development,3,0.8925677283430786,0.9366872736979331,0.9390936338092882,0.7956785050553492,0.2987342731790169,0.8674698795180723,0.0375,0.27710843373493976,0.8734358333333326
15626,feedback_development,4,0.9067319995490902,0.95,0.95,0.8760107701333619,0.2183064419434776,0.8952380952380953,0.050833333333333335,0.20952380952380953,0.8757766666666659
15626,feedback_development,5,0.9119618727150378,0.95,0.95,0.9219926434605733,0.17696568061764065,0.865979381443299,0.04666666666666667,0.20618556701030927,0.8863249999999991
15626,feedback_development,6,0.915052865156358,0.95,0.95,0.9475631093655309,0.1428789083014537,0.9358974358974359,0.041666666666666664,0.15384615384615385,0.9273374999999998
15627,static_quality,1,0.58,0.24,0.34,0.4,0.62,0.7474747474747475,0.17166666666666666,0.35353535353535354,0.7849699999999952
15627,static_quality,2,0.58,0.24,0.34,0.4,0.62,0.6818181818181818,0.19083333333333333,0.4090909090909091,0.7760924999999961
15627,static_quality,3,0.58,0.24,0.34,0.4,0.62,0.6634615384615384,0.18,0.41346153846153844,0.7433408333333297
15627,static_quality,4,0.58,0.24,0.34,0.4,0.62,0.6235294117647059,0.17833333333333334,0.47058823529411764,0.759054999999996
15627,static_quality,5,0.58,0.24,0.34,0.4,0.62,0.7474747474747475,0.17083333333333334,0.36363636363636365,0.7805791666666625
15627,static_quality,6,0.58,0.24,0.34,0.4,0.62,0.6551724137931034,0.19666666666666666,0.42528735632183906,0.7698391666666615
15627,linear_development,1,0.7259026181112278,0.4168040414096911,0.5154809362635299,0.5395821379550192,0.510889800283213,0.7162162162162162,0.125,0.40540540540540543,0.8201824999999965
15627,linear_development,2,0.7885822849668218,0.5935589453664358,0.6821181154415022,0.6791254831840289,0.3968760204984261,0.7912087912087912,0.1125,0.34065934065934067,0.8175291666666638
15627,linear_development,3,0.8381642117420416,0.7300572246779564,0.8028418761606241,0.7868872826404926,0.2896510335548674,0.9404761904761905,0.08166666666666667,0.19047619047619047,0.8994383333333318
15627,linear_development,4,0.8672407252831474,0.8185432705956038,0.8759876099932219,0.8567446873123191,0.24422104139497788,0.8297872340425532,0.041666666666666664,0.2978723404255319,0.8477491666666657
15627,linear_development,5,0.8920667317360955,0.8878798085600096,0.9293023534108882,0.9114840593894817,0.18517353815946966,0.898989898989899,0.04416666666666667,0.1919191919191919,0.8916174999999993
15627,linear_development,6,0.9070700362397539,0.9339784588984938,0.95,0.9478777307093377,0.14547489208636444,0.9150943396226415,0.04,0.16981132075471697,0.897640833333333
15627,interaction_development,1,0.6683497359773324,0.4374866781976975,0.5354779218282415,0.5559105354192347,0.5030330658203505,0.6477272727272727,0.18333333333333332,0.4318181818181818,0.767849999999996
15627,interaction_development,2,0.7741522499195048,0.5886374032590268,0.6776206004382158,0.6752400552044955,0.4025464454776875,0.7922077922077922,0.10083333333333333,0.3246753246753247,0.8503841666666642
15627,interaction_development,3,0.8507510056524266,0.7201318981849876,0.7943545117453554,0.7790514985670961,0.3075002844651708,0.872093023255814,0.06583333333333333,0.2558139534883721,0.8728524999999983
15627,interaction_development,4,0.8869760311581243,0.8174479583456778,0.8751134038199616,0.8558799671150091,0.25498069303327076,0.8737864077669902,0.06,0.3106796116504854,0.8232399999999982
15627,interaction_development,5,0.9044707248057081,0.8830556781354927,0.9257390984131055,0.9076755353701262,0.20024868898758436,0.925531914893617,0.04,0.2127659574468085,0.8874233333333321
15627,interaction_development,6,0.9111312073886352,0.9204376245250306,0.95,0.9371875983092351,0.17859668325315683,0.9176470588235294,0.03916666666666667,0.24705882352941178,0.8829149999999992
15627,feedback_development,1,0.7669368253346697,0.6673937096578195,0.7047779719734063,0.5942427988231141,0.4560623203365892,0.7263157894736842,0.13333333333333333,0.3157894736842105,0.8184166666666639
15627,feedback_development,2,0.8766472529363607,0.8902395777078344,0.8973780344688906,0.744719386557285,0.3195102019730658,0.8673469387755102,0.058333333333333334,0.21428571428571427,0.878423333333332
15627,feedback_development,3,0.901093337765258,0.95,0.95,0.8324807412618698,0.2516155937239967,0.8829787234042553,0.043333333333333335,0.2553191489361702,0.8667774999999988
15627,feedback_development,4,0.9087743773524284,0.95,0.95,0.8933296862679037,0.2033635576119853,0.9387755102040817,0.045,0.23469387755102042,0.871398333333332
15627,feedback_development,5,0.9133661595171404,0.95,0.95,0.9336916929602631,0.16244865667735525,0.9278350515463918,0.03833333333333333,0.18556701030927836,0.8980391666666658
15627,feedback_development,6,0.9152787242084652,0.95,0.95,0.95,0.14060317007128392,0.9313725490196079,0.04,0.20588235294117646,0.8828691666666652
15628,static_quality,1,0.58,0.24,0.34,0.4,0.62,0.7160493827160493,0.17833333333333334,0.38271604938271603,0.8040233333333295
15628,static_quality,2,0.58,0.24,0.34,0.4,0.62,0.631578947368421,0.16916666666666666,0.4649122807017544,0.6958699999999963
15628,static_quality,3,0.58,0.24,0.34,0.4,0.62,0.6595744680851063,0.17833333333333334,0.39361702127659576,0.7739058333333294
15628,static_quality,4,0.58,0.24,0.34,0.4,0.62,0.6021505376344086,0.18,0.4731182795698925,0.7386474999999961
15628,static_quality,5,0.58,0.24,0.34,0.4,0.62,0.675,0.18916666666666668,0.4125,0.7916641666666618
15628,static_quality,6,0.58,0.24,0.34,0.4,0.62,0.7558139534883721,0.17166666666666666,0.3488372093023256,0.8103566666666631
15628,linear_development,1,0.7530182607468622,0.48912463323822225,0.5848602339553849,0.5966773420301754,0.4514406783012857,0.7978723404255319,0.11666666666666667,0.2978723404255319,0.8317099999999967
15628,linear_development,2,0.8275302578267578,0.6955303411079131,0.7731025020542368,0.7596292166641425,0.29940246147621735,0.8691588785046729,0.08833333333333333,0.19626168224299065,0.872316666666665
15628,linear_development,3,0.8664539174328005,0.8095933975668225,0.8688189540120225,0.8496789980790707,0.22853023125029065,0.8627450980392157,0.05583333333333333,0.23529411764705882,0.8642091666666653
15628,linear_development,4,0.8859861357521797,0.8742979017552448,0.9192078369499581,0.90076150138572,0.2086849948320689,0.8571428571428571,0.050833333333333335,0.29591836734693877,0.8406008333333315
15628,linear_development,5,0.8983908888842805,0.9139631019418756,0.9480994582822301,0.9320761331120074,0.18798601215836006,0.872093023255814,0.05,0.26744186046511625,0.8707991666666653
15628,linear_development,6,0.9076117415461273,0.9455434707647156,0.95,0.95,0.15400307508731237,0.9263157894736842,0.04,0.2,0.8924408333333322
15628,interaction_development,1,0.6733980764093365,0.4408617581285113,0.5387295763754438,0.5585750722067193,0.4864027393827704,0.8333333333333334,0.17166666666666666,0.34615384615384615,0.8251491666666623
15628,interaction_development,2,0.804292813424071,0.6263999280785356,0.7118920395809525,0.7050525747988445,0.34968758540630596,0.8928571428571429,0.10333333333333333,0.20238095238095238,0.8896641666666647
15628,interaction_development,3,0.8681547879928344,0.7548376029469235,0.8238013191394316,0.806450739168624,0.27217615104700704,0.851063829787234,0.08,0.2553191489361702,0.8594658333333314
15628,interaction_development,4,0.8910056841266114,0.8249785065942935,0.8811058275380318,0.861825136784969,0.231181385185389,0.88,0.03833333333333333,0.25333333333333335,0.8933683333333327
15628,interaction_development,5,0.9081431514077027,0.895691321478673,0.9350175712893436,0.9176510432726371,0.17432936384381376,0.9238095238095239,0.04,0.18095238095238095,0.8924249999999991
15628,interaction_development,6,0.9132040757486541,0.929460004241211,0.95,0.9443105296641144,0.1565539898033209,0.9058823529411765,0.03666666666666667,0.23529411764705882,0.8883516666666662
15628,feedback_development,1,0.7638377205934597,0.6579713999287763,0.6967717179326689,0.5893295374086714,0.4508444569402957,0.7888888888888889,0.14833333333333334,0.3,0.8300699999999972
15628,feedback_development,2,0.8698318099359139,0.870850100248814,0.8802465500995184,0.727248211884903,0.33323530161331794,0.8666666666666667,0.06416666666666666,0.24444444444444444,0.8725033333333321
15628,feedback_development,3,0.8989286162125483,0.95,0.95,0.8210158744592889,0.2668708316656505,0.8556701030927835,0.0425,0.27835051546391754,0.8519141666666656
15628,feedback_development,4,0.9072378449814151,0.95,0.95,0.8789598369425147,0.21359764044788185,0.9036144578313253,0.0425,0.21686746987951808,0.8972991666666666
15628,feedback_development,5,0.9123183160444446,0.95,0.95,0.9186362661909233,0.16771946257647483,0.9090909090909091,0.034166666666666665,0.14285714285714285,0.933968333333333
15628,feedback_development,6,0.9136215762037605,0.95,0.95,0.95,0.1721982413255621,0.865546218487395,0.04,0.29411764705882354,0.812638333333332
15629,static_quality,1,0.58,0.24,0.34,0.4,0.62,0.7070707070707071,0.15416666666666667,0.42424242424242425,0.754194166666663
15629,static_quality,2,0.58,0.24,0.34,0.4,0.62,0.6976744186046512,0.16416666666666666,0.4069767441860465,0.7866249999999962
15629,static_quality,3,0.58,0.24,0.34,0.4,0.62,0.7906976744186046,0.18416666666666667,0.36046511627906974,0.8026299999999957
15629,static_quality,4,0.58,0.24,0.34,0.4,0.62,0.68,0.1725,0.42,0.7499991666666627
15629,static_quality,5,0.58,0.24,0.34,0.4,0.62,0.76,0.19,0.3333333333333333,0.8316283333333278
15629,static_quality,6,0.58,0.24,0.34,0.4,0.62,0.74,0.17583333333333334,0.35,0.7838858333333288
15629,linear_development,1,0.7385348008593542,0.4541607844439806,0.5515101664878967,0.5690743035084056,0.4814974882451308,0.7558139534883721,0.12416666666666666,0.36046511627906974,0.8153258333333303
15629,linear_development,2,0.8051835221564597,0.6374742387684197,0.7218356300514243,0.7137954516592794,0.3570717761318877,0.8602150537634409,0.10166666666666667,0.26881720430107525,0.8496749999999973
15629,linear_development,3,0.8556700295382671,0.780007042557628,0.8447294377643383,0.8263213493876014,0.2542004055355948,0.883495145631068,0.07833333333333334,0.1941747572815534,0.8795541666666649
15629,linear_development,4,0.8796192512092964,0.8476023653664214,0.8988436189292894,0.8796860779208596,0.20118681260422375,0.8918918918918919,0.05,0.17567567567567569,0.9206974999999996
15629,linear_development,5,0.8974127321831586,0.900594247199925,0.9385686687267905,0.9215217741052045,0.16627771685897977,0.8876404494382022,0.0375,0.20224719101123595,0.8985474999999993
15629,linear_development,6,0.9084046313392129,0.9385782380694072,0.95,0.95,0.13948651102928405,0.9072164948453608,0.034166666666666665,0.17525773195876287,0.9039749999999998
15629,interaction_development,1,0.6432304119771868,0.39898877438818897,0.4981607483982669,0.5255174534643596,0.5322840612437724,0.6351351351351351,0.16,0.47297297297297297,0.7879091666666627
15629,interaction_development,2,0.8007662150905517,0.6263999280785356,0.7118920395809525,0.7050525747988445,0.36793362240117455,0.8333333333333334,0.12083333333333333,0.26851851851851855,0.8254408333333307
15629,interaction_development,3,0.8622635505884049,0.7488643766248624,0.8187801950243114,0.8017350341775232,0.29692716217228043,0.8247422680412371,0.06833333333333333,0.31958762886597936,0.8269666666666649
15629,interaction_development,4,0.8912650796374677,0.831185521449051,0.8860128069086998,0.8667254116703038,0.2427148480296975,0.8202247191011236,0.049166666666666664,0.25842696629213485,0.8710741666666659
15629,interaction_development,5,0.9067622592412434,0.8931499066791265,0.9331657705933081,0.9156446631677321,0.19216952670193915,0.9263157894736842,0.03833333333333333,0.2,0.8927099999999993
15629,interaction_development,6,0.9116415228617447,0.9277413419810552,0.95,0.9429536910376756,0.1814554974264787,0.8888888888888888,0.034166666666666665,0.2777777777777778,0.8642766666666656
15629,feedback_development,1,0.7121415304320599,0.5759940714709498,0.6269694044395671,0.5478200337929862,0.5075337405586569,0.725,0.14583333333333334,0.4125,0.8005549999999971
15629,feedback_development,2,0.8327876798560223,0.7992039243569379,0.8178899310799284,0.6732797336061322,0.409997955232301,0.8,0.08916666666666667,0.36470588235294116,0.8226224999999978
15629,feedback_development,3,0.890207058462985,0.9283910951846674,0.9315933638467369,0.7856008879683024,0.2989135992983704,0.875,0.058333333333333334,0.20454545454545456,0.893915833333333
15629,feedback_development,4,0.9027573208505262,0.95,0.95,0.8558799671150091,0.2540708553525251,0.8315789473684211,0.03333333333333333,0.30526315789473685,0.8440333333333325
15629,feedback_development,5,0.9092301077484684,0.95,0.95,0.9059935516915996,0.2075114874746314,0.8709677419354839,0.043333333333333335,0.23655913978494625,0.8773583333333324
15629,feedback_development,6,0.9145691483226466,0.95,0.95,0.9422629246684083,0.14753371800480133,0.9560439560439561,0.030833333333333334,0.10989010989010989,0.9401975
15630,static_quality,1,0.58,0.24,0.34,0.4,0.62,0.7469879518072289,0.20833333333333334,0.3614457831325301,0.8025424999999952
15630,static_quality,2,0.58,0.24,0.34,0.4,0.62,0.6976744186046512,0.1675,0.4418604651162791,0.7712858333333292
15630,static_quality,3,0.58,0.24,0.34,0.4,0.62,0.8282828282828283,0.16166666666666665,0.32323232323232326,0.8022574999999957
15630,static_quality,4,0.58,0.24,0.34,0.4,0.62,0.696969696969697,0.16833333333333333,0.3838383838383838,0.770854166666662
15630,static_quality,5,0.58,0.24,0.34,0.4,0.62,0.6179775280898876,0.19,0.42696629213483145,0.7665841666666621
15630,static_quality,6,0.58,0.24,0.34,0.4,0.62,0.7283950617283951,0.18916666666666668,0.345679012345679,0.817016666666662
15630,linear_development,1,0.7313718047135412,0.4306752772142892,0.5289056850402378,0.5505331135902283,0.49704926904912433,0.7466666666666667,0.135,0.36,0.8330033333333305
15630,linear_development,2,0.7961523327899099,0.6103252545481868,0.6973710168964118,0.6923620430643587,0.37003609746219607,0.7790697674418605,0.10833333333333334,0.26744186046511625,0.8584083333333312
15630,linear_development,3,0.8330610027749599,0.7184425535060237,0.7929048456650105,0.7777178053994931,0.30753184480900475,0.8481012658227848,0.07333333333333333,0.31645569620253167,0.8558741666666647
15630,linear_development,4,0.8652366390124874,0.811871422158333,0.8706490607846007,0.8514774385460527,0.24602993089386796,0.8876404494382022,0.0525,0.24719101123595505,0.8751574999999989
15630,linear_development,5,0.8889632081060688,0.8787558387542783,0.9225422768908647,0.9042809253323254,0.19164372568157542,0.9,0.04666666666666667,0.18888888888888888,0.9012874999999997
15630,linear_development,6,0.9015909212129534,0.9213895087852131,0.95,0.9379390858830634,0.17512934502110014,0.875,0.03833333333333333,0.25,0.8680699999999992
15630,interaction_development,1,0.6760792891311981,0.4475512880542618,0.54516476005543,0.563856280042838,0.49130172960057006,0.7111111111111111,0.15666666666666668,0.4111111111111111,0.7780999999999971
15630,interaction_development,2,0.8155619026810264,0.6482202830406202,0.7314360332274504,0.7222791708215428,0.34523214499204036,0.8979591836734694,0.10166666666666667,0.23469387755102042,0.8597991666666646
15630,interaction_development,3,0.8689341166224458,0.7606687569010144,0.8286833211128917,0.8110542817639589,0.280030939148713,0.8021978021978022,0.0725,0.2967032967032967,0.8463016666666644
15630,interaction_development,4,0.8929883971692802,0.831185521449051,0.8860128069086998,0.8667254116703038,0.22409405448125902,0.875,0.04583333333333333,0.19444444444444445,0.9170124999999998
15630,interaction_development,5,0.907039687004092,0.8898858872432152,0.9307766356845038,0.9130678057183284,0.17817559225765386,0.9090909090909091,0.04,0.19318181818181818,0.9026791666666658
15630,interaction_development,6,0.9133309379411383,0.9303039447504692,0.95,0.9449767984872129,0.15558062392760685,0.8762886597938144,0.034166666666666665,0.21649484536082475,0.8840766666666665
15630,feedback_development,1,0.7623497029589463,0.6579827784598841,0.696779783819078,0.5893295374086714,0.45726134668081597,0.8172043010752689,0.1575,0.3225806451612903,0.8131499999999967
15630,feedback_development,2,0.866300732773075,0.8629154993231988,0.8732838670408518,0.7206027875468237,0.3410852440241023,0.8928571428571429,0.07833333333333334,0.23809523809523808,0.8797341666666656
15630,feedback_development,3,0.900599073240497,0.95,0.95,0.8210158744592889,0.2496915542185709,0.9560439560439561,0.04666666666666667,0.18681318681318682,0.9014241666666659
15630,feedback_development,4,0.9097066242267322,0.95,0.95,0.8846492094585106,0.18075122834143031,0.9404761904761905,0.03,0.13095238095238096,0.9352433333333336
15630,feedback_development,5,0.9128961571113825,0.95,0.95,0.9252105650835999,0.16335510944463325,0.8645833333333334,0.0375,0.25,0.8684841666666657
15630,feedback_development,6,0.915294086247296,0.95,0.95,0.9497262105357603,0.14004897340319544,0.9,0.03833333333333333,0.175,0.9181816666666657
15631,static_quality,1,0.58,0.24,0.34,0.4,0.62,0.7058823529411765,0.19666666666666666,0.39215686274509803,0.7549891666666615
15631,static_quality,2,0.58,0.24,0.34,0.4,0.62,0.6417910447761194,0.17666666666666667,0.40298507462686567,0.8244158333333288
15631,static_quality,3,0.58,0.24,0.34,0.4,0.62,0.6210526315789474,0.18083333333333335,0.43157894736842106,0.7530299999999961
15631,static_quality,4,0.58,0.24,0.34,0.4,0.62,0.7391304347826086,0.1825,0.3695652173913043,0.7880124999999956
15631,static_quality,5,0.58,0.24,0.34,0.4,0.62,0.7160493827160493,0.16333333333333333,0.37037037037037035,0.8120491666666623
15631,static_quality,6,0.58,0.24,0.34,0.4,0.62,0.7160493827160493,0.2075,0.35802469135802467,0.8078533333333278
15631,linear_development,1,0.7479098105321319,0.4735185904673351,0.5700201600008442,0.5843567819478961,0.4573259083005332,0.7906976744186046,0.13083333333333333,0.29069767441860467,0.8437299999999971
15631,linear_development,2,0.8169156177266323,0.6667668068335013,0.7478894734802493,0.7369211632896069,0.32380965573066733,0.898989898989899,0.09666666666666666,0.23232323232323232,0.8608208333333314
15631,linear_development,3,0.8549647559429279,0.775999171347193,0.8414225681866759,0.823157240537258,0.25043844728133735,0.8588235294117647,0.0675,0.2235294117647059,0.887089999999999
15631,linear_development,4,0.883392469336727,0.855637070667628,0.9050409152089719,0.886029266316549,0.18582659184336792,0.9058823529411765,0.045,0.1411764705882353,0.9266983333333327
15631,linear_development,5,0.9010435696762676,0.9075199339314077,0.9435347950369137,0.9269894215247961,0.14905777262390138,0.9222222222222223,0.03916666666666667,0.17777777777777778,0.9077274999999996
15631,linear_development,6,0.9085612113333589,0.9378344899066504,0.95,0.95,0.13725152482704114,0.891566265060241,0.03916666666666667,0.20481927710843373,0.9029833333333327
15631,interaction_development,1,0.7142478805862799,0.5012757336955068,0.5963626648884255,0.6062703160754,0.45266283153387177,0.7798165137614679,0.14,0.3577981651376147,0.7719049999999964
15631,interaction_development,2,0.8254484657312292,0.6667668068335013,0.7478894734802493,0.7369211632896069,0.3368883676303997,0.8426966292134831,0.10833333333333334,0.24719101123595505,0.8632374999999975
15631,interaction_development,3,0.8748526831068193,0.7719182840192141,0.8380452706653891,0.8199354873835905,0.25865188171144526,0.8481012658227848,0.058333333333333334,0.20253164556962025,0.9044333333333331
15631,interaction_development,4,0.9009484653742692,0.8632481703831413,0.9108585371589517,0.8920380292498489,0.2028545839116615,0.9009009009009009,0.04666666666666667,0.23423423423423423,0.8560133333333321
15631,interaction_development,5,0.9114137283618713,0.914992447390243,0.9488235227397347,0.9328887742554554,0.16401771567596143,0.8877551020408163,0.043333333333333335,0.19387755102040816,0.891918333333333
15631,interaction_development,6,0.9148507981093905,0.9477898850865832,0.95,0.95,0.14588525496882093,0.8571428571428571,0.0425,0.22857142857142856,0.8674749999999991
15631,feedback_development,1,0.7921295832816091,0.7065427296983193,0.73816899794038,0.6156351225500359,0.42238233957391363,0.84375,0.12083333333333333,0.22916666666666666,0.8610966666666636
15631,feedback_development,2,0.8811641403506423,0.8937219543872489,0.9004306405796693,0.7477735638165136,0.2958106109341533,0.926829268292683,0.058333333333333334,0.14634146341463414,0.9239449999999996
15631,feedback_development,3,0.9041389437079492,0.95,0.95,0.8393911644434883,0.22118262730889815,0.8709677419354839,0.0375,0.1935483870967742,0.8984133333333324
15631,feedback_development,4,0.9109226915894029,0.95,0.95,0.8964916240844065,0.17157473588378677,0.8522727272727273,0.03916666666666667,0.17045454545454544,0.9132508333333328
15631,feedback_development,5,0.9143000266976185,0.95,0.95,0.9328887742554554,0.14418564377382517,0.9659090909090909,0.045,0.18181818181818182,0.906726666666665
15631,feedback_development,6,0.9156008639742659,0.95,0.95,0.95,0.1341237824801102,0.9361702127659575,0.03916666666666667,0.20212765957446807,0.8927291666666661
15632,static_quality,1,0.58,0.24,0.34,0.4,0.62,0.717391304347826,0.18166666666666667,0.33695652173913043,0.8031049999999954
15632,static_quality,2,0.58,0.24,0.34,0.4,0.62,0.7127659574468085,0.17916666666666667,0.3829787234042553,0.7790749999999952
15632,static_quality,3,0.58,0.24,0.34,0.4,0.62,0.75,0.18,0.30434782608695654,0.8184291666666622
15632,static_quality,4,0.58,0.24,0.34,0.4,0.62,0.735632183908046,0.1925,0.40229885057471265,0.7808141666666617
15632,static_quality,5,0.58,0.24,0.34,0.4,0.62,0.7303370786516854,0.19333333333333333,0.4157303370786517,0.7705683333333289
15632,static_quality,6,0.58,0.24,0.34,0.4,0.62,0.775,0.16916666666666666,0.3,0.8406841666666625
15632,linear_development,1,0.752867546833017,0.4860408785092779,0.5819337703478197,0.5942427988231141,0.4444312873657637,0.8372093023255814,0.14,0.2441860465116279,0.8618949999999966
15632,linear_development,2,0.8215500238917,0.6824301017492445,0.761666567726203,0.7492869224336145,0.31447001887400716,0.8411214953271028,0.06833333333333333,0.2523364485981308,0.8466266666666648
15632,linear_development,3,0.8536561756792396,0.780007042557628,0.8447294377643383,0.8263213493876014,0.2733799660977617,0.8936170212765957,0.06,0.35106382978723405,0.8183191666666652
15632,linear_development,4,0.8784520616362026,0.853888998647446,0.9036973976029303,0.8846492094585106,0.22840644726886208,0.851063829787234,0.05333333333333334,0.2765957446808511,0.8549674999999983
15632,linear_development,5,0.8973955164036507,0.9064001047850562,0.942735903628434,0.9261053458829397,0.18099834092832714,0.9230769230769231,0.0525,0.18681318681318682,0.9001749999999987
15632,linear_development,6,0.907300321451271,0.9385782380694072,0.95,0.95,0.1500037480573012,0.9069767441860465,0.035833333333333335,0.18604651162790697,0.9090916666666667
15632,interaction_development,1,0.712140174257848,0.4952367461261602,0.5906518488314734,0.6015026943101264,0.44627811343372725,0.8041237113402062,0.1775,0.29896907216494845,0.8135174999999957
15632,interaction_development,2,0.8325757221659045,0.6766445563058936,0.7565906694672022,0.744719386557285,0.32020165534783823,0.8571428571428571,0.0825,0.24489795918367346,0.8587258333333311
15632,interaction_development,3,0.8766687114825766,0.7746470536692083,0.8403047010943363,0.8220897792125332,0.24957192200949496,0.92,0.060833333333333336,0.2,0.9082958333333327
15632,interaction_development,4,0.9005014407081822,0.8565032482436222,0.905705628802509,0.8867130907186497,0.19303930785146528,0.9130434782608695,0.04416666666666667,0.18478260869565216,0.901736666666666
15632,interaction_development,5,0.911110653183422,0.9091746072492013,0.9447122833235743,0.9282957425651593,0.15611260447241662,0.8829787234042553,0.04083333333333333,0.19148936170212766,0.8972774999999997
15632,interaction_development,6,0.9144530946599477,0.9400391462439642,0.95,0.95,0.14775928319806322,0.9230769230769231,0.04,0.24175824175824176,0.8777733333333325
15632,feedback_development,1,0.7253553009221214,0.6028397735667427,0.649870333579502,0.561223621773479,0.5046593846541715,0.6770833333333334,0.15333333333333332,0.4583333333333333,0.744154999999997
15632,feedback_development,2,0.8383914079593175,0.804771713030226,0.8227244489604464,0.6771886148732685,0.39135826959100944,0.9242424242424242,0.08666666666666667,0.22727272727272727,0.9032949999999988
15632,feedback_development,3,0.886325394548906,0.9168407495187305,0.9211822623230287,0.7723020406995509,0.3066015478295094,0.8701298701298701,0.056666666666666664,0.24675324675324675,0.8895299999999989
15632,feedback_development,4,0.903843149452589,0.95,0.95,0.8505809240905963,0.23536034122699204,0.875,0.034166666666666665,0.20454545454545456,0.898989166666666
15632,feedback_development,5,0.9093848131851221,0.95,0.95,0.9031218754502117,0.20257961243455336,0.8673469387755102,0.034166666666666665,0.2653061224489796,0.8587549999999989
15632,feedback_development,6,0.9131902389168349,0.95,0.95,0.9386815826595585,0.17009159684253747,0.9278350515463918,0.041666666666666664,0.21649484536082475,0.8825299999999987
15633,static_quality,1,0.58,0.24,0.34,0.4,0.62,0.7289719626168224,0.16333333333333333,0.3364485981308411,0.7817099999999961
15633,static_quality,2,0.58,0.24,0.34,0.4,0.62,0.7191011235955056,0.18416666666666667,0.34831460674157305,0.8026258333333295
15633,static_quality,3,0.58,0.24,0.34,0.4,0.62,0.6808510638297872,0.20083333333333334,0.40425531914893614,0.7638874999999955
15633,static_quality,4,0.58,0.24,0.34,0.4,0.62,0.6881720430107527,0.1775,0.45161290322580644,0.7488441666666629
15633,static_quality,5,0.58,0.24,0.34,0.4,0.62,0.780952380952381,0.17833333333333334,0.3142857142857143,0.7938358333333284
15633,static_quality,6,0.58,0.24,0.34,0.4,0.62,0.5824175824175825,0.18166666666666667,0.4725274725274725,0.7429358333333291
15633,linear_development,1,0.7467145959948129,0.4703406342729729,0.5669890835859458,0.5818478691628733,0.4599909584997634,0.7976190476190477,0.12416666666666666,0.2857142857142857,0.8500083333333307
15633,linear_development,2,0.8063728550026675,0.6396493933358092,0.7237827806410643,0.7155126789493237,0.3515843290912682,0.8222222222222222,0.10416666666666667,0.28888888888888886,0.8440108333333313
15633,linear_development,3,0.8468749786572103,0.753357749443585,0.8225592337758626,0.8052824337712515,0.2681043821601242,0.8607594936708861,0.07583333333333334,0.20253164556962025,0.9001633333333318
15633,linear_development,4,0.8740648860470588,0.8332052178704346,0.8876030422395165,0.8683199088450803,0.21708163517351928,0.9058823529411765,0.07083333333333333,0.23529411764705882,0.8811708333333318
15633,linear_development,5,0.8945229445675565,0.8944282611956175,0.9340981749277608,0.9166538904175933,0.1782951401832898,0.8877551020408163,0.0625,0.22448979591836735,0.8729649999999984
15633,linear_development,6,0.9020007412853037,0.9250845167634653,0.95,0.9408561974448414,0.17783841625303187,0.8902439024390244,0.04833333333333333,0.3048780487804878,0.8608333333333326
15633,interaction_development,1,0.6757646239314546,0.4475512880542618,0.54516476005543,0.563856280042838,0.49288710023651533,0.6555555555555556,0.14666666666666667,0.4111111111111111,0.7806824999999968
15633,interaction_development,2,0.8129136310039222,0.6482202830406202,0.7314360332274504,0.7222791708215428,0.3594162242677841,0.8411214953271028,0.10666666666666667,0.29906542056074764,0.813636666666664
15633,interaction_development,3,0.864374934534287,0.7488643766248624,0.8187801950243114,0.8017350341775232,0.2867905195323051,0.8378378378378378,0.06166666666666667,0.24324324324324326,0.8935349999999989
15633,interaction_development,4,0.8914595593948664,0.830166520572486,0.8852092718113794,0.8659209372940683,0.23833001602266382,0.8222222222222222,0.0575,0.2777777777777778,0.8589624999999986
15633,interaction_development,5,0.9057513456316317,0.8898858872432152,0.9307766356845038,0.9130678057183284,0.19970245406710005,0.8842105263157894,0.04,0.24210526315789474,0.8723691666666656
15633,interaction_development,6,0.9115623583950045,0.9237196930346957,0.95,0.9397787050273917,0.17647128513930138,0.8354430379746836,0.03666666666666667,0.22784810126582278,0.8985258333333324
15633,feedback_development,1,0.6970929126302084,0.5471135337803718,0.6024161033045506,0.5340069976752054,0.5150912607907032,0.684931506849315,0.16083333333333333,0.4246575342465753,0.80753083333333
15633,feedback_development,2,0.849898134680272,0.826455658412159,0.8414796131275479,0.6923620430643587,0.36968375033216055,0.8571428571428571,0.08666666666666667,0.24175824175824176,0.8678949999999984
15633,feedback_development,3,0.895912167767424,0.945456226561604,0.947119546309418,0.8076120347336122,0.28137636692104,0.8703703703703703,0.04083333333333333,0.2777777777777778,0.837415833333332
15633,feedback_development,4,0.9070038444033373,0.95,0.95,0.8825477280388917,0.22019149194275864,0.9,0.03833333333333333,0.2545454545454545,0.8482349999999984
15633,feedback_development,5,0.9108161982260385,0.95,0.95,0.9191244485937777,0.19372670935306305,0.8674698795180723,0.03666666666666667,0.25301204819277107,0.8835608333333325
15633,feedback_development,6,0.9145515276403402,0.95,0.95,0.95,0.1548142070179468,0.9509803921568627,0.03166666666666667,0.18627450980392157,0.894342499999999
15634,static_quality,1,0.58,0.24,0.34,0.4,0.62,0.6956521739130435,0.1775,0.358695652173913,0.7937441666666623
15634,static_quality,2,0.58,0.24,0.34,0.4,0.62,0.6197183098591549,0.18333333333333332,0.5211267605633803,0.7728699999999947
15634,static_quality,3,0.58,0.24,0.34,0.4,0.62,0.7078651685393258,0.18,0.449438202247191,0.7585774999999957
15634,static_quality,4,0.58,0.24,0.34,0.4,0.62,0.7560975609756098,0.18333333333333332,0.34146341463414637,0.817646666666662
15634,static_quality,5,0.58,0.24,0.34,0.4,0.62,0.7,0.2,0.36666666666666664,0.7892141666666626
15634,static_quality,6,0.58,0.24,0.34,0.4,0.62,0.75,0.19333333333333333,0.31521739130434784,0.8107908333333285
15634,linear_development,1,0.7584984535052279,0.5012757336955068,0.5963626648884255,0.6062703160754,0.4324948717523996,0.8404255319148937,0.13,0.2553191489361702,0.8486791666666633
15634,linear_development,2,0.8140312105956139,0.6627317292421545,0.7443225169137124,0.7337355757174909,0.3404925781056059,0.7916666666666666,0.09833333333333333,0.3229166666666667,0.8205633333333311
15634,linear_development,3,0.8495778078405867,0.7663612176589014,0.83343005565329,0.8155483297307119,0.2765033378944587,0.8214285714285714,0.07666666666666666,0.27380952380952384,0.8653133333333314
15634,linear_development,4,0.8774198975057154,0.8419989693181669,0.8944889869599959,0.8752623441985532,0.2077512766127599,0.92,0.0475,0.13333333333333333,0.9365033333333327
15634,linear_development,5,0.8942797318948925,0.8912032924882373,0.9317423708400692,0.9141078624907143,0.17248465062956728,0.9473684210526315,0.055,0.18421052631578946,0.914669166666666
15634,linear_development,6,0.9069833205525315,0.9319616558555897,0.95,0.9462855177807291,0.1426917398026845,0.9157894736842105,0.03166666666666667,0.17894736842105263,0.9046033333333326
15634,interaction_development,1,0.669324374113084,0.4374866781976975,0.5354779218282415,0.5559105354192347,0.49801741387898363,0.7195121951219512,0.15583333333333332,0.3902439024390244,0.8036399999999967
15634,interaction_development,2,0.8035016127834038,0.6263999280785356,0.7118920395809525,0.7050525747988445,0.3538362354086902,0.9069767441860465,0.11833333333333333,0.20930232558139536,0.8811024999999975
15634,interaction_development,3,0.8743070215291244,0.7663612176589014,0.83343005565329,0.8155483297307119,0.24980015219558868,0.8947368421052632,0.05583333333333333,0.17894736842105263,0.8993033333333328
15634,interaction_development,4,0.9010280060119098,0.8565032482436222,0.905705628802509,0.8867130907186497,0.18609698415478312,0.9081632653061225,0.05,0.17346938775510204,0.900710833333333
15634,interaction_development,5,0.9098267268326017,0.9023728364006665,0.9398497173487774,0.922925923474211,0.16236245718665682,0.9135802469135802,0.0425,0.20987654320987653,0.9025941666666664
15634,interaction_development,6,0.9145395661814439,0.9414653069181661,0.95,0.95,0.14738349350497876,0.8818181818181818,0.035833333333333335,0.22727272727272727,0.8635949999999991
15634,feedback_development,1,0.7367383037706092,0.6188568235164204,0.663447048058627,0.5690743035084056,0.48829885054337174,0.7333333333333333,0.14,0.3888888888888889,0.7914683333333306
15634,feedback_development,2,0.8713395220071155,0.8761897902970034,0.8849874709868476,0.7321283457922444,0.3342638146159999,0.8811881188118812,0.06916666666666667,0.21782178217821782,0.871458333333332
15634,feedback_development,3,0.9019744284232516,0.95,0.95,0.8283992407635282,0.23938296231911227,0.9111111111111111,0.0425,0.17777777777777778,0.9068233333333334
15634,feedback_development,4,0.9072395514882456,0.95,0.95,0.8774941772794864,0.2122590916457627,0.9342105263157895,0.035,0.2631578947368421,0.8885499999999994
15634,feedback_development,5,0.9106858639662008,0.95,0.95,0.9200920436908018,0.19670537620844752,0.8921568627450981,0.04666666666666667,0.30392156862745096,0.8309066666666657
15634,feedback_development,6,0.9137572531238118,0.95,0.95,0.9481904643250817,0.16813011475438988,0.8695652173913043,0.03666666666666667,0.21739130434782608,0.8884291666666663
15635,static_quality,1,0.58,0.24,0.34,0.4,0.62,0.6626506024096386,0.18333333333333332,0.43373493975903615,0.7774774999999963
15635,static_quality,2,0.58,0.24,0.34,0.4,0.62,0.7468354430379747,0.195,0.3291139240506329,0.8252616666666618
15635,static_quality,3,0.58,0.24,0.34,0.4,0.62,0.6710526315789473,0.18083333333333335,0.4605263157894737,0.7834299999999949
15635,static_quality,4,0.58,0.24,0.34,0.4,0.62,0.6990291262135923,0.17416666666666666,0.3786407766990291,0.7644099999999961
15635,static_quality,5,0.58,0.24,0.34,0.4,0.62,0.6835443037974683,0.2025,0.45569620253164556,0.773959999999995
15635,static_quality,6,0.58,0.24,0.34,0.4,0.62,0.7303370786516854,0.17083333333333334,0.34831460674157305,0.8054341666666622
15635,linear_development,1,0.7435792131838699,0.46392705758997943,0.5608626788181376,0.5767845191499837,0.47224841571172116,0.8488372093023255,0.11166666666666666,0.32558139534883723,0.8328724999999972
15635,linear_development,2,0.8155387692577765,0.6627317292421545,0.7443225169137124,0.7337355757174909,0.3261348765612012,0.875,0.0875,0.19791666666666666,0.8828199999999982
15635,linear_development,3,0.8571504436589023,0.7852395448462418,0.8490315766200464,0.8304522722470333,0.2537667874380621,0.900990099009901,0.0725,0.25742574257425743,0.8508233333333313
15635,linear_development,4,0.8809501624732028,0.8582200433816356,0.9070211295750852,0.8880684553012917,0.21568903327512784,0.8854166666666666,0.0475,0.28125,0.8508974999999985
15635,linear_development,5,0.9009832173548935,0.9123956662804289,0.9469941082403451,0.9308386839056022,0.16181686457024627,0.9052631578947369,0.04666666666666667,0.15789473684210525,0.9114074999999995
15635,linear_development,6,0.9065637341377708,0.9418165150766571,0.95,0.95,0.16025714233598262,0.7978723404255319,0.0425,0.2765957446808511,0.8573316666666649
15635,interaction_development,1,0.7004316181860492,0.4798174140509839,0.5760188087486724,0.5893295374086714,0.4600852204565923,0.7311827956989247,0.16166666666666665,0.3225806451612903,0.8123908333333296
15635,interaction_development,2,0.8062319864910723,0.6396493933358092,0.7237827806410643,0.7155126789493237,0.37487563590564044,0.76,0.12166666666666667,0.39,0.7752774999999978
15635,interaction_development,3,0.8670344946914488,0.7592241015100749,0.8274756506675646,0.8099137643500592,0.2912628883839407,0.8586956521739131,0.07083333333333333,0.2717391304347826,0.8565116666666645
15635,interaction_development,4,0.8966588809166575,0.8438892936492443,0.895960971102917,0.8767547055125617,0.21151269544053797,0.9166666666666666,0.04416666666666667,0.14285714285714285,0.9273266666666662
15635,interaction_development,5,0.910645761032366,0.9058351154779237,0.9423322292330654,0.9256593016930983,0.1564792099081196,0.9090909090909091,0.04666666666666667,0.15151515151515152,0.9112899999999996
15635,interaction_development,6,0.9148047424233412,0.937459245378924,0.95,0.95,0.1385578353775991,0.9294117647058824,0.043333333333333335,0.2,0.9021866666666659
15635,feedback_development,1,0.7226628196811389,0.5924278482536451,0.640965407785327,0.5559105354192347,0.49700850393977325,0.7108433734939759,0.165,0.39759036144578314,0.7969033333333299
15635,feedback_development,2,0.8402471658744004,0.8132888357076838,0.8300663615618831,0.6829644259032152,0.3981178876364576,0.7906976744186046,0.08166666666666667,0.3488372093023256,0.8296124999999982
15635,feedback_development,3,0.8935333580017215,0.934601726535232,0.9372179142989294,0.7932044025271845,0.2815955237617544,0.9058823529411765,0.06,0.16470588235294117,0.9133866666666658
15635,feedback_development,4,0.9050365582514652,0.95,0.95,0.8626541859642591,0.23014545499169195,0.8681318681318682,0.0475,0.25274725274725274,0.8711699999999992
15635,feedback_development,5,0.9097519294007803,0.95,0.95,0.90655759038145,0.19983250463184685,0.8928571428571429,0.04083333333333333,0.23809523809523808,0.8876841666666668
15635,feedback_development,6,0.9137788307292551,0.95,0.95,0.9397787050273917,0.16028330685753064,0.9325842696629213,0.034166666666666665,0.1797752808988764,0.9092983333333321
15636,static_quality,1,0.58,0.24,0.34,0.4,0.62,0.6067415730337079,0.185,0.4943820224719101,0.737484999999996
15636,static_quality,2,0.58,0.24,0.34,0.4,0.62,0.6956521739130435,0.18916666666666668,0.41304347826086957,0.7664049999999953
15636,static_quality,3,0.58,0.24,0.34,0.4,0.62,0.7195121951219512,0.175,0.35365853658536583,0.8145091666666624
15636,static_quality,4,0.58,0.24,0.34,0.4,0.62,0.6703296703296703,0.19583333333333333,0.45054945054945056,0.7502016666666623
15636,static_quality,5,0.58,0.24,0.34,0.4,0.62,0.7058823529411765,0.18,0.4,0.7884883333333292
15636,static_quality,6,0.58,0.24,0.34,0.4,0.62,0.7037037037037037,0.1775,0.35802469135802467,0.813680833333329
15636,linear_development,1,0.7315857934030386,0.4340912255510035,0.5322033452449562,0.5532299149086869,0.5044216913899924,0.7209302325581395,0.125,0.43023255813953487,0.7849733333333307
15636,linear_development,2,0.7894965629261681,0.5935589453664358,0.6821181154415022,0.6791254831840289,0.38816861136179454,0.8648648648648649,0.1,0.25675675675675674,0.8802383333333311
15636,linear_development,3,0.847851725707932,0.753357749443585,0.8225592337758626,0.8052824337712515,0.25880202929610807,0.9183673469387755,0.07166666666666667,0.15306122448979592,0.9061458333333322
15636,linear_development,4,0.8717443760730808,0.8332052178704346,0.8876030422395165,0.8683199088450803,0.23516821951379419,0.8541666666666666,0.056666666666666664,0.3229166666666667,0.8298074999999986
15636,linear_development,5,0.8932006483368512,0.8950616916284437,0.9345594877032665,0.9171539670750877,0.19248325748440528,0.89,0.0425,0.23,0.8722608333333326
15636,linear_development,6,0.9031622240166699,0.9303039447504692,0.95,0.9449767984872129,0.17611670498368287,0.8571428571428571,0.030833333333333334,0.25274725274725274,0.8747458333333323
15636,interaction_development,1,0.7135519337160878,0.4952367461261602,0.5906518488314734,0.6015026943101264,0.43953987642373504,0.8351648351648352,0.14833333333333334,0.25274725274725274,0.8501649999999964
15636,interaction_development,2,0.82922271502837,0.6727290871040059,0.7531468207636762,0.7416282266610579,0.33010645398668803,0.803921568627451,0.09583333333333334,0.29411764705882354,0.8261733333333311
15636,interaction_development,3,0.8795923198195947,0.7903475927863225,0.853214514524413,0.8344849416734128,0.2611980846282311,0.8446601941747572,0.06416666666666666,0.2815533980582524,0.8375341666666647
15636,interaction_development,4,0.8996998483608258,0.8615922601839825,0.9095973295028459,0.8907307317241973,0.21501700483604874,0.8478260869565217,0.04666666666666667,0.25,0.8713208333333324
15636,interaction_development,5,0.9088939343564033,0.9069617041563458,0.943136752303035,0.926548713807642,0.1877456008345632,0.9101123595505618,0.05,0.25842696629213485,0.8705316666666653
15636,interaction_development,6,0.9128775728060041,0.93967720950097,0.95,0.95,0.17656560150535594,0.86,0.04583333333333333,0.28,0.8466708333333315
15636,feedback_development,1,0.7955883264943793,0.7144824284078052,0.7449790456016202,0.6202336639438474,0.4225203924219879,0.8252427184466019,0.12083333333333333,0.2621359223300971,0.835511666666664
15636,feedback_development,2,0.8752592274966751,0.8835951178813325,0.8914850440617704,0.7384996363098693,0.3208708019171311,0.8292682926829268,0.0575,0.24390243902439024,0.8841699999999993
15636,feedback_development,3,0.8996599117876879,0.95,0.95,0.8252729873114703,0.2647479295988398,0.8297872340425532,0.051666666666666666,0.2872340425531915,0.850386666666665
15636,feedback_development,4,0.9083095910460343,0.95,0.95,0.886029266316549,0.20394056735346466,0.9213483146067416,0.04666666666666667,0.20224719101123595,0.8961866666666662
15636,feedback_development,5,0.9113114653036269,0.95,0.95,0.920571491428657,0.18678097046912276,0.8658536585365854,0.03333333333333333,0.2682926829268293,0.8794049999999994
15636,feedback_development,6,0.9140116681476717,0.95,0.95,0.9436361930781008,0.15937867918540707,0.8857142857142857,0.041666666666666664,0.18571428571428572,0.9227683333333323
15637,static_quality,1,0.58,0.24,0.34,0.4,0.62,0.675,0.18583333333333332,0.45,0.7773833333333288
15637,static_quality,2,0.58,0.24,0.34,0.4,0.62,0.6266666666666667,0.18083333333333335,0.4533333333333333,0.7887599999999954
15637,static_quality,3,0.58,0.24,0.34,0.4,0.62,0.7340425531914894,0.19083333333333333,0.3829787234042553,0.7761724999999966
15637,static_quality,4,0.58,0.24,0.34,0.4,0.62,0.7303370786516854,0.18083333333333335,0.3707865168539326,0.7930583333333286
15637,static_quality,5,0.58,0.24,0.34,0.4,0.62,0.7192982456140351,0.18166666666666667,0.39473684210526316,0.7331058333333296
15637,static_quality,6,0.58,0.24,0.34,0.4,0.62,0.6972477064220184,0.17166666666666666,0.3944954128440367,0.7446699999999957
15637,linear_development,1,0.7209056153227908,0.4061792726914087,0.5051619077973627,0.5311941626511121,0.5291485305418749,0.6341463414634146,0.15416666666666667,0.5,0.75857583333333
15637,linear_development,2,0.7981521168486913,0.6172973992635556,0.7036818428828121,0.6978663678396498,0.3697778304746718,0.8526315789473684,0.10833333333333334,0.23157894736842105,0.8634783333333312
15637,linear_development,3,0.8373560733501504,0.7300572246779564,0.8028418761606241,0.7868872826404926,0.2973475896681162,0.825,0.07,0.275,0.8715941666666651
15637,linear_development,4,0.8723143076887743,0.8321984083203567,0.8868107172603389,0.867525059200282,0.2311598258402704,0.8952380952380953,0.049166666666666664,0.24761904761904763,0.8557366666666648
15637,linear_development,5,0.8891999735435303,0.8858371827750523,0.9277966726601286,0.9098714600855681,0.20731509129665013,0.8666666666666667,0.058333333333333334,0.28888888888888886,0.8536858333333321
15637,linear_development,6,0.9037411389204022,0.9273051730191701,0.95,0.9426093471203979,0.16523700661192814,0.9565217391304348,0.04583333333333333,0.18478260869565216,0.9017016666666664
15637,interaction_development,1,0.7113332931132972,0.49218988543879294,0.5877662123176972,0.5990972779779944,0.4417523912147526,0.7934782608695652,0.13666666666666666,0.2717391304347826,0.84228083333333
15637,interaction_development,2,0.8259823252835754,0.6687662059925003,0.7496542471658875,0.7384996363098693,0.3388259864357852,0.8557692307692307,0.09916666666666667,0.3173076923076923,0.8096866666666642
15637,interaction_development,3,0.8779213292426165,0.7852395448462418,0.8490315766200464,0.8304522722470333,0.2593061897413959,0.9263157894736842,0.06333333333333334,0.24210526315789474,0.8677733333333314
15637,interaction_development,4,0.8984061413655833,0.8521197594494999,0.9023348713937445,0.8832524416706583,0.2094200851943955,0.9102564102564102,0.05333333333333334,0.20512820512820512,0.9045841666666661
15637,interaction_development,5,0.9105866697931749,0.9107996747945833,0.9458652170431147,0.929578690627303,0.16872993888079466,0.8878504672897196,0.041666666666666664,0.21495327102803738,0.8724258333333328
15637,interaction_development,6,0.9139162605400598,0.9432004012771991,0.95,0.95,0.16077477002845877,0.9019607843137255,0.03833333333333333,0.2647058823529412,0.8528308333333321
15637,feedback_development,1,0.7659930534473794,0.6672166977506826,0.7046524673707733,0.5942427988231141,0.45984819412589545,0.7676767676767676,0.165,0.3434343434343434,0.7915133333333286
15637,feedback_development,2,0.8683879043415215,0.8687530855588259,0.8784260691925244,0.7256018228218339,0.3391927408209375,0.8809523809523809,0.0775,0.2261904761904762,0.8849491666666658
15637,feedback_development,3,0.8990457024656338,0.95,0.95,0.8220897792125332,0.26648750721921804,0.86,0.043333333333333335,0.28,0.8466758333333323
15637,feedback_development,4,0.9091544307236277,0.95,0.95,0.886029266316549,0.190851350015046,0.9647058823529412,0.04,0.12941176470588237,0.9324849999999985
15637,feedback_development,5,0.9124447758073809,0.95,0.95,0.9224606875998098,0.16893924810364333,0.8795180722891566,0.03833333333333333,0.2289156626506024,0.8931241666666668
15637,feedback_development,6,0.9142793673848859,0.95,0.95,0.949117451728237,0.15798383538140023,0.8804347826086957,0.0375,0.2391304347826087,0.8782024999999988
15638,static_quality,1,0.58,0.24,0.34,0.4,0.62,0.6931818181818182,0.1625,0.42045454545454547,0.7771891666666625
15638,static_quality,2,0.58,0.24,0.34,0.4,0.62,0.7021276595744681,0.1725,0.425531914893617,0.760005833333329
15638,static_quality,3,0.58,0.24,0.34,0.4,0.62,0.67,0.17916666666666667,0.4,0.7586583333333287
15638,static_quality,4,0.58,0.24,0.34,0.4,0.62,0.7346938775510204,0.19416666666666665,0.336734693877551,0.7903133333333284
15638,static_quality,5,0.58,0.24,0.34,0.4,0.62,0.7435897435897436,0.16916666666666666,0.38461538461538464,0.8106866666666623
15638,static_quality,6,0.58,0.24,0.34,0.4,0.62,0.7023809523809523,0.17666666666666667,0.39285714285714285,0.7941474999999952
15638,linear_development,1,0.7582004167027631,0.5042680792933337,0.5991881262342065,0.6086326941789476,0.43272131758521903,0.84375,0.11666666666666667,0.2604166666666667,0.8466024999999969
15638,linear_development,2,0.8093727200202572,0.646096864225976,0.7295428330588625,0.7206027875468237,0.34031181797207044,0.8266666666666667,0.07416666666666667,0.25333333333333335,0.8861033333333315
15638,linear_development,3,0.851782974218739,0.767763050352948,0.834596045263717,0.8166550397523277,0.2591762856667157,0.9222222222222223,0.07666666666666666,0.2222222222222222,0.8804566666666653
15638,linear_development,4,0.8789691024493067,0.8448259578873488,0.8966892443051965,0.8774941772794864,0.20025602281196744,0.9259259259259259,0.06166666666666667,0.1728395061728395,0.9131799999999991
15638,linear_development,5,0.8971780340251203,0.9023728364006665,0.9398497173487774,0.922925923474211,0.17046918081641108,0.87,0.041666666666666664,0.23,0.8723066666666663
15638,linear_development,6,0.9092506971669638,0.9428575465565383,0.95,0.95,0.13570804972831163,0.9,0.03333333333333333,0.19090909090909092,0.8844083333333329
15638,interaction_development,1,0.6529313326797749,0.41328374387292865,0.5120653940216816,0.5368029556891541,0.5178910400542143,0.6455696202531646,0.1675,0.45569620253164556,0.7813733333333291
15638,interaction_development,2,0.786063572358671,0.603226090048164,0.6909257863057912,0.6867574395117091,0.3824734304952842,0.8202247191011236,0.11666666666666667,0.2696629213483146,0.8515333333333308
15638,interaction_development,3,0.8558245568482454,0.7300572246779564,0.8028418761606241,0.7868872826404926,0.30306896862472493,0.7888888888888889,0.09083333333333334,0.28888888888888886,0.8471583333333308
15638,interaction_development,4,0.8926166363264061,0.8332052178704346,0.8876030422395165,0.8683199088450803,0.2328513611721627,0.8301886792452831,0.04833333333333333,0.24528301886792453,0.8561766666666654
15638,interaction_development,5,0.9054414711349874,0.8858371827750523,0.9277966726601286,0.9098714600855681,0.18999332238905653,0.9102564102564102,0.03916666666666667,0.19230769230769232,0.9130133333333336
15638,interaction_development,6,0.9109534490534028,0.9209149987778804,0.95,0.9375644727193797,0.18233512990242395,0.8505747126436781,0.03666666666666667,0.2988505747126437,0.8585283333333326
15638,feedback_development,1,0.7730886497303595,0.676269407104229,0.7123690481145638,0.5990972779779944,0.4471066702610656,0.7628865979381443,0.155,0.30927835051546393,0.813689999999997
15638,feedback_development,2,0.8762767927188848,0.8836112030000084,0.8914970018342155,0.7384996363098693,0.3128465954356931,0.9047619047619048,0.075,0.15476190476190477,0.9151999999999995
15638,feedback_development,3,0.9030640998147561,0.95,0.95,0.8384216946111552,0.23456609376919468,0.8932038834951457,0.04416666666666667,0.22330097087378642,0.8718266666666659
15638,feedback_development,4,0.908286975109451,0.95,0.95,0.886029266316549,0.2042843631708508,0.9090909090909091,0.03333333333333333,0.24675324675324675,0.8948816666666655
15638,feedback_development,5,0.9119226294498068,0.95,0.95,0.9233883679333658,0.17888648304988344,0.9431818181818182,0.034166666666666665,0.25,0.8789866666666668
15638,feedback_development,6,0.9147503958416993,0.95,0.95,0.95,0.15098357592305767,0.9042553191489362,0.03916666666666667,0.20212765957446807,0.8930541666666663
15639,static_quality,1,0.58,0.24,0.34,0.4,0.62,0.7027027027027027,0.17833333333333334,0.3783783783783784,0.7489149999999953
15639,static_quality,2,0.58,0.24,0.34,0.4,0.62,0.6595744680851063,0.16416666666666666,0.46808510638297873,0.7417716666666633
15639,static_quality,3,0.58,0.24,0.34,0.4,0.62,0.7058823529411765,0.16666666666666666,0.4,0.791274999999996
15639,static_quality,4,0.58,0.24,0.34,0.4,0.62,0.7311827956989247,0.17666666666666667,0.40860215053763443,0.7693024999999963
15639,static_quality,5,0.58,0.24,0.34,0.4,0.62,0.7450980392156863,0.17833333333333334,0.3235294117647059,0.7935133333333294
15639,static_quality,6,0.58,0.24,0.34,0.4,0.62,0.7195121951219512,0.17166666666666666,0.4146341463414634,0.7903416666666621
15639,linear_development,1,0.7548562229862796,0.49218988543879294,0.5877662123176972,0.5990972779779944,0.4423274425318216,0.8021978021978022,0.11083333333333334,0.26373626373626374,0.8531108333333306
15639,linear_development,2,0.809166499720138,0.6439606279939396,0.7276362870683408,0.7189162852583739,0.33654653631933956,0.9078947368421053,0.09416666666666666,0.2236842105263158,0.8915233333333314
15639,linear_development,3,0.8542656496912053,0.7746470536692083,0.8403047010943363,0.8220897792125332,0.2535591559645973,0.83,0.07166666666666667,0.24,0.8610991666666648
15639,linear_development,4,0.8734755771692774,0.8332052178704346,0.8876030422395165,0.8683199088450803,0.22269410067619896,0.8235294117647058,0.051666666666666666,0.2647058823529412,0.8956666666666664
15639,linear_development,5,0.8899532744118375,0.8872030267203316,0.9288039812798471,0.9109497579371043,0.2035922477293059,0.9010989010989011,0.06,0.2857142857142857,0.8532408333333317
15639,linear_development,6,0.9022595524700925,0.9237196930346957,0.95,0.9397787050273917,0.17107463467854386,0.9506172839506173,0.04083333333333333,0.19753086419753085,0.9074824999999985
15639,interaction_development,1,0.7367451243321154,0.5247177719586692,0.6184202508360798,0.6247771883884232,0.41024560021466067,0.8469387755102041,0.15666666666666668,0.20408163265306123,0.8631124999999963
15639,interaction_development,2,0.8239966746730991,0.6647553388667016,0.7461122592953164,0.735333162263186,0.34007323352932295,0.7888888888888889,0.0975,0.35555555555555557,0.815562499999998
15639,interaction_development,3,0.8766217080342691,0.7852395448462418,0.8490315766200464,0.8304522722470333,0.27508019782434695,0.8348623853211009,0.060833333333333336,0.3211009174311927,0.8084499999999987
15639,interaction_development,4,0.8970714271877809,0.853888998647446,0.9036973976029303,0.8846492094585106,0.22950149636146,0.8604651162790697,0.041666666666666664,0.2558139534883721,0.877464166666665
15639,interaction_development,5,0.9086843270914731,0.9064001047850562,0.942735903628434,0.9261053458829397,0.18979690855593173,0.8969072164948454,0.0525,0.23711340206185566,0.8703608333333318
15639,interaction_development,6,0.9144346697927485,0.9393130880291448,0.95,0.95,0.14745549344678943,0.9176470588235294,0.034166666666666665,0.15294117647058825,0.9239158333333328
15639,feedback_development,1,0.7512691250997975,0.6388862179487469,0.6805032263717826,0.5793238120350839,0.4666453252906921,0.7931034482758621,0.13916666666666666,0.3218390804597701,0.8272091666666633
15639,feedback_development,2,0.8707416646988297,0.8726085549129332,0.8818136937202208,0.7288847226135935,0.33058656488514604,0.8631578947368421,0.07833333333333334,0.23157894736842105,0.8694224999999981
15639,feedback_development,3,0.9012920595101339,0.95,0.95,0.829428845318947,0.24885275117993946,0.88,0.04583333333333333,0.23,0.871027499999999
15639,feedback_development,4,0.907665674942369,0.95,0.95,0.8839529270206343,0.21175223737150106,0.8850574712643678,0.041666666666666664,0.26436781609195403,0.8722866666666659
15639,feedback_development,5,0.9130374942112807,0.95,0.95,0.9282957425651593,0.1622150695300847,0.8969072164948454,0.0375,0.17525773195876287,0.9029508333333329
15639,feedback_development,6,0.9144972632300319,0.95,0.95,0.95,0.15585235071810896,0.8723404255319149,0.045,0.26595744680851063,0.8619916666666654
15640,static_quality,1,0.58,0.24,0.34,0.4,0.62,0.7582417582417582,0.1775,0.27472527472527475,0.8338349999999956
15640,static_quality,2,0.58,0.24,0.34,0.4,0.62,0.6071428571428571,0.1775,0.4880952380952381,0.7539141666666626
15640,static_quality,3,0.58,0.24,0.34,0.4,0.62,0.723404255319149,0.17,0.3617021276595745,0.7907216666666622
15640,static_quality,4,0.58,0.24,0.34,0.4,0.62,0.5955056179775281,0.1725,0.48314606741573035,0.7452524999999953
15640,static_quality,5,0.58,0.24,0.34,0.4,0.62,0.691358024691358,0.18833333333333332,0.3950617283950617,0.7969366666666619
15640,static_quality,6,0.58,0.24,0.34,0.4,0.62,0.7755102040816326,0.18916666666666668,0.3469387755102041,0.7861024999999955
15640,linear_development,1,0.742781332767018,0.4606912048188928,0.5577670481552242,0.5742298985412311,0.4709611727818437,0.7738095238095238,0.13083333333333333,0.32142857142857145,0.8340408333333302
15640,linear_development,2,0.8017408075848749,0.6286415285100644,0.7139087953038858,0.7068222593500515,0.3680284162514589,0.8478260869565217,0.11583333333333333,0.32608695652173914,0.8218441666666638
15640,linear_development,3,0.8437120776661073,0.7518689632229225,0.8213083925235273,0.8041070762286233,0.2943122637264317,0.851063829787234,0.06916666666666667,0.2872340425531915,0.8464674999999984
15640,linear_development,4,0.870816430713993,0.8291413687851972,0.8844000723176026,0.8651116069356823,0.237544184095692,0.8536585365853658,0.0625,0.24390243902439024,0.8831433333333323
15640,linear_development,5,0.8974487097635722,0.8993905558096315,0.9376995146557529,0.920571491428657,0.16291194509811496,0.9405940594059405,0.04666666666666667,0.12871287128712872,0.9210608333333329
15640,linear_development,6,0.9067288371735467,0.9311377883554746,0.95,0.945635096070112,0.14364110182037887,0.9113924050632911,0.03916666666666667,0.20253164556962025,0.9083608333333336
15640,interaction_development,1,0.6983480328746876,0.47667747892453105,0.5730300188808383,0.5868506412562087,0.4615281023662525,0.7553191489361702,0.17666666666666667,0.3404255319148936,0.7987383333333296
15640,interaction_development,2,0.8134562682196544,0.6439606279939396,0.7276362870683408,0.7189162852583739,0.3458582635142881,0.8045977011494253,0.1075,0.26436781609195403,0.8584608333333315
15640,interaction_development,3,0.8662718186469904,0.756308577329242,0.8250347099054556,0.8076120347336122,0.2901913749488653,0.8709677419354839,0.05333333333333334,0.3225806451612903,0.8348041666666648
15640,interaction_development,4,0.8898123182179931,0.8270724637413993,0.8827645201380486,0.8634782608484736,0.2507240418712918,0.825,0.04583333333333333,0.2875,0.8716933333333327
15640,interaction_development,5,0.9066529642112289,0.8898858872432152,0.9307766356845038,0.9130678057183284,0.18402087332983513,0.9080459770114943,0.041666666666666664,0.13793103448275862,0.9270799999999999
15640,interaction_development,6,0.9136876744396702,0.9303039447504692,0.95,0.9449767984872129,0.14736501427256923,0.8791208791208791,0.03333333333333333,0.16483516483516483,0.9143033333333331
15640,feedback_development,1,0.7635844174415207,0.6625280790018463,0.7006688594305087,0.5917935601842195,0.4609895571989341,0.7142857142857143,0.13583333333333333,0.3469387755102041,0.7975666666666638
15640,feedback_development,2,0.850050761008545,0.8290529492699583,0.8437252063519308,0.6942078708059725,0.3740879854309505,0.8955223880597015,0.08083333333333333,0.2835820895522388,0.884428333333332
15640,feedback_development,3,0.894074682783305,0.9376081725467911,0.9399359113411906,0.7969044340250171,0.2837023152116351,0.9090909090909091,0.05,0.22727272727272727,0.8855958333333321
15640,feedback_development,4,0.9063803752297953,0.95,0.95,0.8667254116703038,0.21500943009285808,0.9058823529411765,0.0375,0.17647058823529413,0.9134616666666668
15640,feedback_development,5,0.9115774456673456,0.95,0.95,0.9120151550331449,0.17461791387061867,0.8837209302325582,0.04583333333333333,0.19767441860465115,0.9014058333333332
15640,feedback_development,6,0.91400228320047,0.95,0.95,0.940499192600444,0.15675125475229454,0.9404761904761905,0.0375,0.2261904761904762,0.8935341666666663
15641,static_quality,1,0.58,0.24,0.34,0.4,0.62,0.7160493827160493,0.1725,0.41975308641975306,0.790134999999996
15641,static_quality,2,0.58,0.24,0.34,0.4,0.62,0.6666666666666666,0.17166666666666666,0.4117647058823529,0.7502766666666625
15641,static_quality,3,0.58,0.24,0.34,0.4,0.62,0.7735849056603774,0.18916666666666668,0.3490566037735849,0.7711658333333292
15641,static_quality,4,0.58,0.24,0.34,0.4,0.62,0.7352941176470589,0.19083333333333333,0.35294117647058826,0.7762166666666619
15641,static_quality,5,0.58,0.24,0.34,0.4,0.62,0.7448979591836735,0.18166666666666667,0.32653061224489793,0.7981566666666619
15641,static_quality,6,0.58,0.24,0.34,0.4,0.62,0.7010309278350515,0.18583333333333332,0.38144329896907214,0.7720691666666617
15641,linear_development,1,0.7400529364418587,0.4508659803259362,0.548348606735042,0.5664731423625811,0.4699454775963342,0.8666666666666667,0.11833333333333333,0.28,0.8665349999999973
15641,linear_development,2,0.8054520248477818,0.6330844612629699,0.7179000537006014,0.7103298378391875,0.3427236399667418,0.8636363636363636,0.1,0.23863636363636365,0.8700483333333312
15641,linear_development,3,0.855652992568585,0.775999171347193,0.8414225681866759,0.823157240537258,0.24388381275126994,0.8823529411764706,0.06916666666666667,0.19607843137254902,0.8816474999999981
15641,linear_development,4,0.8835820249195654,0.8547656646555614,0.9043715158197099,0.8853413142017595,0.18179254306212198,0.9404761904761905,0.055,0.14285714285714285,0.9242074999999996
15641,linear_development,5,0.898495575028712,0.9011906817167255,0.938998688045703,0.9219926434605733,0.15746225104479133,0.8641975308641975,0.041666666666666664,0.20987654320987653,0.9026725000000001
15641,linear_development,6,0.9084858793322682,0.9378344899066504,0.95,0.95,0.136768165561178,0.8865979381443299,0.0325,0.20618556701030927,0.8895774999999996
15641,interaction_development,1,0.6581246377675799,0.4203032171612329,0.5188725697096852,0.5423446451272891,0.5092634807662646,0.717948717948718,0.17583333333333334,0.4230769230769231,0.7944141666666631
15641,interaction_development,2,0.79130120831327,0.6079730931068277,0.6952376806610391,0.690505073505391,0.36873182866943677,0.8170731707317073,0.12,0.2073170731707317,0.8861508333333311
15641,interaction_development,3,0.8555505307501398,0.7284277914265155,0.8014520404437302,0.7856008879683024,0.3010435523744456,0.8444444444444444,0.07333333333333333,0.32222222222222224,0.8354483333333317
15641,interaction_development,4,0.8872986761552983,0.8141221924636307,0.8724536357375947,0.8532543624712877,0.24008476305859272,0.8518518518518519,0.04083333333333333,0.2222222222222222,0.897677499999999
15641,interaction_development,5,0.9052034131549294,0.8802064038994222,0.9236228895859602,0.9054261083416495,0.18332845864197853,0.9204545454545454,0.034166666666666665,0.17045454545454544,0.9138799999999998
15641,interaction_development,6,0.9119754278875704,0.9218611717325018,0.95,0.9383114513677651,0.16635692561369392,0.8924731182795699,0.0425,0.23655913978494625,0.876974166666666
15641,feedback_development,1,0.7706189351711172,0.676099807444856,0.7122486805452257,0.5990972779779944,0.4575150223637185,0.7523809523809524,0.14583333333333334,0.3619047619047619,0.775361666666664
15641,feedback_development,2,0.8887699094279239,0.9184206769111836,0.9225529514421448,0.7736682284553535,0.28736261179748884,0.9035087719298246,0.060833333333333336,0.16666666666666666,0.8882341666666663
15641,feedback_development,3,0.9020829293877993,0.95,0.95,0.845087044467742,0.25305320559519034,0.8404255319148937,0.03916666666666667,0.32978723404255317,0.8332308333333319
15641,feedback_development,4,0.9096885203849224,0.95,0.95,0.8977299982938607,0.19297744460331534,0.9523809523809523,0.041666666666666664,0.17857142857142858,0.9123841666666663
15641,feedback_development,5,0.9132906253363189,0.95,0.95,0.9332914416099226,0.16347087266515453,0.8586956521739131,0.045,0.22826086956521738,0.8816433333333326
15641,feedback_development,6,0.9143804465418595,0.95,0.95,0.95,0.15807697341826277,0.8640776699029126,0.04,0.2621359223300971,0.8526833333333322
15642,static_quality,1,0.58,0.24,0.34,0.4,0.62,0.7415730337078652,0.16083333333333333,0.3146067415730337,0.822332499999996
15642,static_quality,2,0.58,0.24,0.34,0.4,0.62,0.7127659574468085,0.1925,0.3617021276595745,0.7860141666666624
15642,static_quality,3,0.58,0.24,0.34,0.4,0.62,0.7023809523809523,0.21833333333333332,0.36904761904761907,0.7952433333333275
15642,static_quality,4,0.58,0.24,0.34,0.4,0.62,0.5930232558139535,0.1925,0.45348837209302323,0.7606308333333291
15642,static_quality,5,0.58,0.24,0.34,0.4,0.62,0.7628865979381443,0.195,0.36082474226804123,0.7799499999999949
15642,static_quality,6,0.58,0.24,0.34,0.4,0.62,0.7209302325581395,0.175,0.36046511627906974,0.8048241666666622
15642,linear_development,1,0.7472137250371795,0.4735185904673351,0.5700201600008442,0.5843567819478961,0.4639552939667459,0.8351648351648352,0.12666666666666668,0.32967032967032966,0.8196891666666639
15642,linear_development,2,0.8133445853884322,0.6627317292421545,0.7443225169137124,0.7337355757174909,0.34703186579305023,0.8073394495412844,0.09166666666666666,0.3211009174311927,0.8016458333333316
15642,linear_development,3,0.8534093088275918,0.7746470536692083,0.8403047010943363,0.8220897792125332,0.26171478323710823,0.8571428571428571,0.08916666666666667,0.20238095238095238,0.8923491666666642
15642,linear_development,4,0.881193830686889,0.8565032482436222,0.905705628802509,0.8867130907186497,0.20898072312774343,0.865979381443299,0.060833333333333336,0.2268041237113402,0.8731583333333324
15642,linear_development,5,0.9010827089265161,0.9113348767458158,0.9462441605238129,0.9300012184835392,0.15822112311968015,0.96875,0.045,0.16666666666666666,0.9067399999999995
15642,linear_development,6,0.9099793011047268,0.9487240397399989,0.95,0.95,0.1346354577902188,0.9292035398230089,0.045,0.19469026548672566,0.8763741666666658
15642,interaction_development,1,0.6857923603122845,0.46392705758997943,0.5608626788181376,0.5767845191499837,0.4877112512462128,0.6732673267326733,0.1575,0.42574257425742573,0.7482466666666632
15642,interaction_development,2,0.8034198404989241,0.635285954495392,0.7198747533246972,0.7120678588121523,0.37655905351188707,0.7741935483870968,0.11333333333333333,0.3118279569892473,0.8276199999999975
15642,interaction_development,3,0.8739970984099625,0.7705415332185253,0.8369035958362429,0.8188485788567308,0.2625703728982419,0.9247311827956989,0.06416666666666666,0.17204301075268819,0.9029899999999991
15642,interaction_development,4,0.8946427445699373,0.8391204781634913,0.8922418697079777,0.8729898511817041,0.2239315995589154,0.8375,0.0475,0.2625,0.8816799999999991
15642,interaction_development,5,0.9084088135428012,0.9041196026992531,0.9411040518244503,0.9243049494994109,0.18906464736617598,0.8695652173913043,0.04,0.25217391304347825,0.8427466666666653
15642,interaction_development,6,0.9131968283228185,0.9370817357936861,0.95,0.95,0.16855552633519988,0.8924731182795699,0.041666666666666664,0.24731182795698925,0.872364166666666
15642,feedback_development,1,0.7530041838621968,0.6436058053370273,0.6845448251731402,0.5818478691628733,0.4686958934712723,0.7634408602150538,0.16083333333333333,0.3548387096774194,0.7973349999999967
15642,feedback_development,2,0.8525191147593898,0.8386358229823898,0.8520837869802297,0.7014810946148162,0.3791301787731786,0.8255813953488372,0.0775,0.3488372093023256,0.8300808333333312
15642,feedback_development,3,0.8926463953578276,0.9365429460215202,0.9389827584669451,0.7956785050553492,0.2956465830905717,0.8823529411764706,0.06166666666666667,0.25882352941176473,0.873291666666665
15642,feedback_development,4,0.9053857942333552,0.95,0.95,0.8698953294556577,0.23179423649717548,0.8383838383838383,0.0425,0.24242424242424243,0.8676149999999994
15642,feedback_development,5,0.9089934371139605,0.95,0.95,0.9071182448391613,0.21213580924286593,0.8518518518518519,0.0425,0.30864197530864196,0.8626999999999989
15642,feedback_development,6,0.9142112680258558,0.95,0.95,0.9439743759196322,0.1559204734932701,0.9191919191919192,0.03,0.15151515151515152,0.9150191666666668
15643,static_quality,1,0.58,0.24,0.34,0.4,0.62,0.6966292134831461,0.17583333333333334,0.38202247191011235,0.7891408333333291
15643,static_quality,2,0.58,0.24,0.34,0.4,0.62,0.72,0.17666666666666667,0.35,0.7839291666666628
15643,static_quality,3,0.58,0.24,0.34,0.4,0.62,0.75,0.16666666666666666,0.3409090909090909,0.8111658333333295
15643,static_quality,4,0.58,0.24,0.34,0.4,0.62,0.6588235294117647,0.19166666666666668,0.38823529411764707,0.7908516666666616
15643,static_quality,5,0.58,0.24,0.34,0.4,0.62,0.6774193548387096,0.1975,0.3870967741935484,0.7748383333333283
15643,static_quality,6,0.58,0.24,0.34,0.4,0.62,0.7191011235955056,0.1575,0.3707865168539326,0.7983483333333298
15643,linear_development,1,0.7494922250378385,0.482938509566678,0.5789866770874317,0.5917935601842195,0.46807850838272463,0.7884615384615384,0.13333333333333333,0.38461538461538464,0.7679416666666639
15643,linear_development,2,0.8057112591582146,0.6418114969757943,0.7257163011765768,0.7172196028756277,0.3636877899973832,0.7954545454545454,0.08666666666666667,0.3068181818181818,0.8429666666666645
15643,linear_development,3,0.8385097404127321,0.7427456164316879,0.8136159842115139,0.7969044340250171,0.3198399354993419,0.8888888888888888,0.08,0.3888888888888889,0.8041408333333318
15643,linear_development,4,0.86255030841397,0.811871422158333,0.8706490607846007,0.8514774385460527,0.271614031832129,0.8888888888888888,0.060833333333333336,0.2777777777777778,0.8834141666666655
15643,linear_development,5,0.8846723028980739,0.8712352498518563,0.916905507124207,0.8983436183040975,0.21016956092373565,0.9066666666666666,0.050833333333333335,0.16,0.9258524999999997
15643,linear_development,6,0.902906641614198,0.9209149987778804,0.95,0.9375644727193797,0.16174955136204056,0.9484536082474226,0.03666666666666667,0.16494845360824742,0.9084933333333335
15643,interaction_development,1,0.7250142424211178,0.5101990159926683,0.604779852685113,0.6133150126257907,0.42612264732583105,0.8210526315789474,0.165,0.23157894736842105,0.8515866666666628
15643,interaction_development,2,0.8276874827371079,0.6707536087565452,0.7514066674357263,0.74006863849201,0.3271044164522835,0.8152173913043478,0.07916666666666666,0.2826086956521739,0.8497666666666642
15643,interaction_development,3,0.8778463072070284,0.7813270003022822,0.8458163316999879,0.8273634212912758,0.2553153773837307,0.9230769230769231,0.06,0.25274725274725274,0.8685833333333318
15643,interaction_development,4,0.8956407107483821,0.8448259578873488,0.8966892443051965,0.8774941772794864,0.2256096802282037,0.8875,0.04583333333333333,0.2875,0.8720774999999986
15643,interaction_development,5,0.9077462487475164,0.8969392705085022,0.935924141152286,0.9186362661909233,0.18332215299851826,0.8941176470588236,0.03333333333333333,0.2,0.9044774999999997
15643,interaction_development,6,0.9136216508361936,0.9370817357936861,0.95,0.95,0.16078509057284324,0.8785046728971962,0.04,0.2336448598130841,0.8625983333333326
15643,feedback_development,1,0.737155115683144,0.6138583078417413,0.6591695555344913,0.5664731423625811,0.47663566954641046,0.7948717948717948,0.1525,0.3076923076923077,0.8439908333333298
15643,feedback_development,2,0.8731065027392276,0.8783528864013457,0.8868470621722214,0.7337355757174909,0.3255402670936351,0.9117647058823529,0.06833333333333333,0.20588235294117646,0.8768999999999987
15643,feedback_development,3,0.9021680848130029,0.95,0.95,0.8263213493876014,0.23500306669081675,0.9285714285714286,0.058333333333333334,0.15476190476190477,0.9189674999999996
15643,feedback_development,4,0.9113535958961076,0.95,0.95,0.8989535565942729,0.16650012877588516,0.9047619047619048,0.029166666666666667,0.14285714285714285,0.914480833333333
15643,feedback_development,5,0.9137043883066446,0.95,0.95,0.9308386839056022,0.15231380029942862,0.9382716049382716,0.035,0.2222222222222222,0.8986241666666668
15643,feedback_development,6,0.9146591445499499,0.95,0.95,0.95,0.1527463785763304,0.8658536585365854,0.028333333333333332,0.2682926829268293,0.8804149999999991
15644,static_quality,1,0.58,0.24,0.34,0.4,0.62,0.7849462365591398,0.195,0.26881720430107525,0.8303799999999949
15644,static_quality,2,0.58,0.24,0.34,0.4,0.62,0.6391752577319587,0.16,0.422680412371134,0.7580824999999959
15644,static_quality,3,0.58,0.24,0.34,0.4,0.62,0.6195652173913043,0.16583333333333333,0.4891304347826087,0.7361424999999967
15644,static_quality,4,0.58,0.24,0.34,0.4,0.62,0.673469387755102,0.18166666666666667,0.37755102040816324,0.7728641666666629
15644,static_quality,5,0.58,0.24,0.34,0.4,0.62,0.6266666666666667,0.19083333333333333,0.4266666666666667,0.7961841666666626
15644,static_quality,6,0.58,0.24,0.34,0.4,0.62,0.7244897959183674,0.17583333333333334,0.3469387755102041,0.7890324999999957
15644,linear_development,1,0.7466909832995343,0.4703406342729729,0.5669890835859458,0.5818478691628733,0.460215841311941,0.8690476190476191,0.115,0.2857142857142857,0.8517649999999974
15644,linear_development,2,0.8009637367999594,0.6263999280785356,0.7118920395809525,0.7050525747988445,0.36749943007776703,0.7816091954022989,0.10333333333333333,0.3333333333333333,0.8296624999999974
15644,linear_development,3,0.8429727422860966,0.7473484674294391,0.8175027140224687,0.8005382637600837,0.2894585662967847,0.8876404494382022,0.0675,0.2696629213483146,0.8618533333333311
15644,linear_development,4,0.8712212554517034,0.8281100289589509,0.8835851684970822,0.8642973912833827,0.231028251104145,0.8433734939759037,0.06583333333333333,0.2289156626506024,0.8874216666666657
15644,linear_development,5,0.8889921044632713,0.8772877089036011,0.9214463752722883,0.9031218754502117,0.18764544092827926,0.9402985074626866,0.051666666666666666,0.16417910447761194,0.9303199999999993
15644,linear_development,6,0.9027720693453058,0.9209149987778804,0.95,0.9375644727193797,0.16303119201815655,0.9042553191489362,0.045,0.22340425531914893,0.8816024999999988
15644,interaction_development,1,0.6937882633099277,0.4703406342729729,0.5669890835859458,0.5818478691628733,0.46624876832389744,0.7191011235955056,0.17416666666666666,0.3258426966292135,0.8142208333333293
15644,interaction_development,2,0.7991334395255439,0.6241447968596938,0.7098610670503046,0.7032722080471273,0.3705374462577505,0.7906976744186046,0.11166666666666666,0.3372093023255814,0.8282749999999967
15644,interaction_development,3,0.8638171149783436,0.7488643766248624,0.8187801950243114,0.8017350341775232,0.2909384703202431,0.8351648351648352,0.051666666666666666,0.26373626373626374,0.8656183333333318
15644,interaction_development,4,0.8938602892392307,0.8352007506438327,0.889171092197233,0.8698953294556577,0.22370463665030682,0.8777777777777778,0.04666666666666667,0.2222222222222222,0.8864933333333329
15644,interaction_development,5,0.9057377565090783,0.8872030267203316,0.9288039812798471,0.9109497579371043,0.19147885627591035,0.8795180722891566,0.04416666666666667,0.24096385542168675,0.8868041666666661
15644,interaction_development,6,0.912041186709314,0.9180071807898276,0.95,0.935268826939338,0.15897131344638157,0.9047619047619048,0.03,0.15873015873015872,0.940103333333333
15644,feedback_development,1,0.6743561900718442,0.510491339792538,0.5712592934228454,0.5168732452123195,0.5436023955904723,0.618421052631579,0.1725,0.5263157894736842,0.7605283333333294
15644,feedback_development,2,0.8340099157304157,0.8014837388481288,0.8199439427091575,0.6752400552044955,0.4085305392500082,0.7647058823529411,0.1,0.35294117647058826,0.794877499999998
15644,feedback_development,3,0.8938032619636395,0.9381055667494779,0.9404511856943766,0.798123007420867,0.2905048583134177,0.875,0.05583333333333333,0.2403846153846154,0.8593991666666654
15644,feedback_development,4,0.9072452787900089,0.95,0.95,0.8729898511817041,0.20811014302636976,0.9444444444444444,0.04666666666666667,0.14444444444444443,0.9214766666666663
15644,feedback_development,5,0.9117516381094724,0.95,0.95,0.9135893988840184,0.1730446139314835,0.9,0.04416666666666667,0.2,0.9072733333333326
15644,feedback_development,6,0.9148809443079844,0.95,0.95,0.9485013215391312,0.14710092068023153,0.9357798165137615,0.0425,0.21100917431192662,0.8716116666666659
15645,static_quality,1,0.58,0.24,0.34,0.4,0.62,0.691358024691358,0.17166666666666666,0.41975308641975306,0.7901774999999964
15645,static_quality,2,0.58,0.24,0.34,0.4,0.62,0.6744186046511628,0.18,0.4418604651162791,0.7686499999999962
15645,static_quality,3,0.58,0.24,0.34,0.4,0.62,0.7058823529411765,0.20583333333333334,0.38823529411764707,0.7878266666666619
15645,static_quality,4,0.58,0.24,0.34,0.4,0.62,0.7,0.18583333333333332,0.4111111111111111,0.7724891666666619
15645,static_quality,5,0.58,0.24,0.34,0.4,0.62,0.6707317073170732,0.18583333333333332,0.3780487804878049,0.8020974999999954
15645,static_quality,6,0.58,0.24,0.34,0.4,0.62,0.7191011235955056,0.1775,0.39325842696629215,0.7840708333333286
15645,linear_development,1,0.7554757776133717,0.4952367461261602,0.5906518488314734,0.6015026943101264,0.4447648358070765,0.8631578947368421,0.12916666666666668,0.28421052631578947,0.8337624999999963
15645,linear_development,2,0.8239132862996945,0.684335521138749,0.7633349017521196,0.7507912008990129,0.297177513387166,0.9456521739130435,0.07916666666666666,0.15217391304347827,0.9095274999999985
15645,linear_development,3,0.8605038815481225,0.7890820852981112,0.8521797729349577,0.8334858568142985,0.23185360506524721,0.9069767441860465,0.06666666666666667,0.22093023255813954,0.8873633333333324
15645,linear_development,4,0.8824792052564716,0.8582200433816356,0.9070211295750852,0.8880684553012917,0.2011267210535202,0.8666666666666667,0.05,0.26666666666666666,0.865787499999999
15645,linear_development,5,0.899611381725272,0.9102612422480718,0.9454836022589271,0.9291536123011097,0.16955196418647103,0.9072164948453608,0.05,0.21649484536082475,0.8805224999999992
15645,linear_development,6,0.9089797544935132,0.94251262229028,0.95,0.95,0.13794353187586758,0.9195402298850575,0.0325,0.14942528735632185,0.9244774999999995
15645,interaction_development,1,0.6639453754992739,0.4306752772142892,0.5289056850402378,0.5505331135902283,0.5071522560060935,0.7045454545454546,0.16583333333333333,0.45454545454545453,0.761190833333329
15645,interaction_development,2,0.7874515187776545,0.6079730931068277,0.6952376806610391,0.690505073505391,0.37945183728116455,0.8554216867469879,0.11666666666666667,0.25301204819277107,0.8665133333333309
15645,interaction_development,3,0.8588245499389138,0.736477776526928,0.8083046091672872,0.7919561393633647,0.29751762411400823,0.8064516129032258,0.07,0.2903225806451613,0.8461249999999984
15645,interaction_development,4,0.887020280627439,0.813000193625383,0.8715545173591085,0.8523685739147764,0.24430832771530345,0.92,0.05333333333333334,0.24,0.894834166666666
15645,interaction_development,5,0.9055115198791723,0.8844548000022796,0.9267751122511443,0.908780105264958,0.1885538797070753,0.91,0.04,0.2,0.8877024999999992
15645,interaction_development,6,0.9122499420841979,0.9259808056049071,0.95,0.9415637938986113,0.16812936638976483,0.9175257731958762,0.0325,0.23711340206185566,0.874512499999999
15645,feedback_development,1,0.7742038201622916,0.676488731332745,0.7125247403196316,0.5990972779779944,0.44253819389737004,0.8021978021978022,0.13,0.26373626373626374,0.8487891666666632
15645,feedback_development,2,0.8799178048218316,0.893561259965618,0.9003104179136505,0.7477735638165136,0.30618923554694283,0.875,0.07416666666666667,0.19791666666666666,0.8854141666666652
15645,feedback_development,3,0.903960190616048,0.95,0.95,0.8384216946111552,0.2226981103737235,0.8764044943820225,0.034166666666666665,0.16853932584269662,0.9141133333333332
15645,feedback_development,4,0.909721206644128,0.95,0.95,0.8880684553012917,0.18367003259065753,0.9466666666666667,0.0425,0.18666666666666668,0.9170983333333337
15645,feedback_development,5,0.9136571378799858,0.95,0.95,0.9308386839056022,0.15449530304825967,0.88,0.04,0.2,0.8874783333333327
15645,feedback_development,6,0.9156459758991881,0.95,0.95,0.95,0.13320708190492836,0.9213483146067416,0.03916666666666667,0.1797752808988764,0.9079549999999995
15646,static_quality,1,0.58,0.24,0.34,0.4,0.62,0.7319587628865979,0.18166666666666667,0.32989690721649484,0.7981524999999962
15646,static_quality,2,0.58,0.24,0.34,0.4,0.62,0.7431192660550459,0.18166666666666667,0.3853211009174312,0.7480808333333286
15646,static_quality,3,0.58,0.24,0.34,0.4,0.62,0.7395833333333334,0.15416666666666667,0.2916666666666667,0.8236458333333295
15646,static_quality,4,0.58,0.24,0.34,0.4,0.62,0.7088607594936709,0.1825,0.3924050632911392,0.8031433333333294
15646,static_quality,5,0.58,0.24,0.34,0.4,0.62,0.6785714285714286,0.17166666666666666,0.39285714285714285,0.7954141666666619
15646,static_quality,6,0.58,0.24,0.34,0.4,0.62,0.6962025316455697,0.16333333333333333,0.4177215189873418,0.796842499999996
15646,linear_development,1,0.7439177898154302,0.46392705758997943,0.5608626788181376,0.5767845191499837,0.4690238763635272,0.8023255813953488,0.13583333333333333,0.32558139534883723,0.8274449999999964
15646,linear_development,2,0.8043058475636395,0.635285954495392,0.7198747533246972,0.7120678588121523,0.35955382793091184,0.8241758241758241,0.085,0.2967032967032967,0.8435083333333311
15646,linear_development,3,0.8576666473469798,0.7826390383004685,0.846895617378088,0.8283992407635282,0.2420610645660859,0.941747572815534,0.065,0.1650485436893204,0.8974199999999984
15646,linear_development,4,0.882601235706471,0.8547656646555614,0.9043715158197099,0.8853413142017595,0.19113339271064048,0.8780487804878049,0.06,0.18292682926829268,0.9085974999999996
15646,linear_development,5,0.8982492828828013,0.9035408477859689,0.9406888739420447,0.9238480377257655,0.16570363676043376,0.9204545454545454,0.04416666666666667,0.22727272727272727,0.8868583333333326
15646,linear_development,6,0.9085603554268453,0.9385782380694072,0.95,0.95,0.13800342448040429,0.9120879120879121,0.03166666666666667,0.17582417582417584,0.9094824999999993
15646,interaction_development,1,0.7208671483917399,0.5072424708175737,0.601993809350567,0.6109808980138739,0.43768166221962784,0.7692307692307693,0.17416666666666666,0.3076923076923077,0.7994649999999958
15646,interaction_development,2,0.8297512465660717,0.6746927125813819,0.7548747930183305,0.7431784573010916,0.33192315286344626,0.8282828282828283,0.09916666666666667,0.30303030303030304,0.8254983333333309
15646,interaction_development,3,0.8696384115384486,0.7719182840192141,0.8380452706653891,0.8199354873835905,0.3006975897867069,0.8163265306122449,0.060833333333333336,0.3979591836734694,0.7883241666666649
15646,interaction_development,4,0.8947264242055346,0.8438892936492443,0.895960971102917,0.8767547055125617,0.23388147022751046,0.9102564102564102,0.0475,0.19230769230769232,0.9112124999999986
15646,interaction_development,5,0.908736186685918,0.9035408477859689,0.9406888739420447,0.9238480377257655,0.18265678487469383,0.9090909090909091,0.03666666666666667,0.1919191919191919,0.893474166666666
15646,interaction_development,6,0.9132585476348574,0.9347683406162323,0.95,0.9485013215391312,0.16405792395801405,0.8452380952380952,0.04083333333333333,0.2261904761904762,0.8928508333333324
15646,feedback_development,1,0.7137587737743094,0.5760752974926462,0.627026491127157,0.5478200337929862,0.5007805537225424,0.8,0.16333333333333333,0.37333333333333335,0.8220049999999967
15646,feedback_development,2,0.8480321346505391,0.8266023020255909,0.8415866398485126,0.6923620430643587,0.380911437784845,0.8351648351648352,0.0925,0.2967032967032967,0.841442499999998
15646,feedback_development,3,0.8938567153144243,0.9375838090824237,0.9399171841783492,0.7969044340250171,0.28592830800729896,0.9,0.05,0.23333333333333334,0.8804416666666657
15646,feedback_development,4,0.9057862852730509,0.95,0.95,0.8659209372940683,0.2227028875202042,0.8735632183908046,0.04,0.20689655172413793,0.8979841666666668
15646,feedback_development,5,0.9110745148327748,0.95,0.95,0.9166538904175933,0.1872757749198684,0.9029126213592233,0.03333333333333333,0.23300970873786409,0.868933333333333
15646,feedback_development,6,0.9143250207790903,0.95,0.95,0.9459612854936913,0.1555375916069717,0.9659090909090909,0.03833333333333333,0.18181818181818182,0.9078899999999988
15647,static_quality,1,0.58,0.24,0.34,0.4,0.62,0.6881720430107527,0.19583333333333333,0.40860215053763443,0.7648408333333285
15647,static_quality,2,0.58,0.24,0.34,0.4,0.62,0.7341772151898734,0.17416666666666666,0.3670886075949367,0.8147958333333292
15647,static_quality,3,0.58,0.24,0.34,0.4,0.62,0.6276595744680851,0.185,0.4574468085106383,0.7423316666666622
15647,static_quality,4,0.58,0.24,0.34,0.4,0.62,0.7407407407407407,0.1775,0.345679012345679,0.8189783333333286
15647,static_quality,5,0.58,0.24,0.34,0.4,0.62,0.7523809523809524,0.185,0.4095238095238095,0.7422816666666621
15647,static_quality,6,0.58,0.24,0.34,0.4,0.62,0.7659574468085106,0.16333333333333333,0.32978723404255317,0.8068116666666619
15647,linear_development,1,0.7555746706896156,0.4952367461261602,0.5906518488314734,0.6015026943101264,0.44382299698570693,0.7894736842105263,0.11083333333333334,0.28421052631578947,0.8381516666666637
15647,linear_development,2,0.8180982941827042,0.6746927125813819,0.7548747930183305,0.7431784573010916,0.3337145897321932,0.8461538461538461,0.08,0.2980769230769231,0.824289999999998
15647,linear_development,3,0.8630724824641903,0.801400883158582,0.8622072555993767,0.8432112235462492,0.23946238645477574,0.900990099009901,0.060833333333333336,0.18811881188118812,0.8876849999999986
15647,linear_development,4,0.8820891752979232,0.8615922601839825,0.9095973295028459,0.8907307317241973,0.21345198524032785,0.8809523809523809,0.04833333333333333,0.2857142857142857,0.865930833333332
15647,linear_development,5,0.9008193296641498,0.9144793233302243,0.9484627620742545,0.9324836763133354,0.16857500301162542,0.8775510204081632,0.04083333333333333,0.1836734693877551,0.8972708333333329
15647,linear_development,6,0.9077893202068763,0.9438799516763187,0.95,0.95,0.15064833065844876,0.8876404494382022,0.0375,0.21348314606741572,0.8936216666666658
15647,interaction_development,1,0.7139747059064934,0.5012757336955068,0.5963626648884255,0.6062703160754,0.45393769196092126,0.7079646017699115,0.14583333333333334,0.3805309734513274,0.7503149999999976
15647,interaction_development,2,0.8214387318643999,0.6627317292421545,0.7443225169137124,0.7337355757174909,0.34927063074125425,0.7849462365591398,0.1025,0.3010752688172043,0.8346283333333311
15647,interaction_development,3,0.8792720648691352,0.7890820852981112,0.8521797729349577,0.8334858568142985,0.26107629530223736,0.9047619047619048,0.0575,0.2571428571428571,0.8486924999999985
15647,interaction_development,4,0.9028115469882527,0.869676054163873,0.9157298543218512,0.8971126743399,0.1927943501561499,0.9072164948453608,0.04416666666666667,0.17525773195876287,0.9019274999999995
15647,interaction_development,5,0.9110963161737966,0.9144793233302243,0.9484627620742545,0.9324836763133354,0.16832325986879135,0.8791208791208791,0.03916666666666667,0.23076923076923078,0.8830791666666655
15647,interaction_development,6,0.9150071976459151,0.9484145269014073,0.95,0.95,0.14454783626676573,0.9252336448598131,0.025,0.21495327102803738,0.8755191666666662
15647,feedback_development,1,0.718783475398402,0.5867145473446775,0.63614317924951,0.5532299149086869,0.5007432152399806,0.686046511627907,0.15083333333333335,0.43023255813953487,0.7802883333333301
15647,feedback_development,2,0.8405714435512317,0.810515285088418,0.8276704436962757,0.6810507302849247,0.3908201564456453,0.8481012658227848,0.08666666666666667,0.2911392405063291,0.8630008333333311
15647,feedback_development,3,0.89839468240225,0.9478322417808683,0.9493068338700684,0.8110542817639589,0.26441403661812285,0.8773584905660378,0.05333333333333334,0.1792452830188679,0.8900041666666655
15647,feedback_development,4,0.9044055855999007,0.95,0.95,0.867525059200282,0.24292679995105199,0.875,0.04083333333333333,0.32954545454545453,0.8427299999999986
15647,feedback_development,5,0.9121057659683692,0.95,0.95,0.9200920436908018,0.17276399570293885,0.9387755102040817,0.03916666666666667,0.14285714285714285,0.9177758333333335
15647,feedback_development,6,0.9130579529841121,0.95,0.95,0.9459612854936913,0.17884031453606342,0.8645833333333334,0.0325,0.3229166666666667,0.8344441666666658
15648,static_quality,1,0.58,0.24,0.34,0.4,0.62,0.7476635514018691,0.18583333333333332,0.35514018691588783,0.7669333333333289
15648,static_quality,2,0.58,0.24,0.34,0.4,0.62,0.7575757575757576,0.1975,0.3333333333333333,0.7894541666666621
15648,static_quality,3,0.58,0.24,0.34,0.4,0.62,0.6526315789473685,0.18583333333333332,0.43157894736842106,0.752294999999996
15648,static_quality,4,0.58,0.24,0.34,0.4,0.62,0.7052631578947368,0.18,0.3684210526315789,0.7834008333333295
15648,static_quality,5,0.58,0.24,0.34,0.4,0.62,0.7156862745098039,0.18666666666666668,0.38235294117647056,0.7615883333333294
15648,static_quality,6,0.58,0.24,0.34,0.4,0.62,0.6736842105263158,0.175,0.42105263157894735,0.7597549999999962
15648,linear_development,1,0.7655149458038759,0.5218488651495666,0.615730363379738,0.6225122619601843,0.421853911404956,0.8,0.125,0.26666666666666666,0.8295791666666639
15648,linear_development,2,0.8289036400021335,0.699173016106898,0.7762679490480782,0.7625050127159727,0.2960065492792014,0.8541666666666666,0.08166666666666667,0.19791666666666666,0.8839141666666658
15648,linear_development,3,0.8610816688196223,0.7940987389411096,0.856275482600457,0.8374463728482447,0.23942374848864525,0.8658536585365854,0.06416666666666666,0.23170731707317074,0.8874674999999991
15648,linear_development,4,0.8843865518743826,0.860756800989922,0.9089600498518086,0.8900711586762547,0.18943989642862658,0.8860759493670886,0.0425,0.17721518987341772,0.9172974999999997
15648,linear_development,5,0.9005523213297015,0.9102612422480718,0.9454836022589271,0.9291536123011097,0.16059063462047488,0.8817204301075269,0.04083333333333333,0.21505376344086022,0.8875166666666657
15648,linear_development,6,0.908272030976601,0.9435411988695359,0.95,0.95,0.14571233242571696,0.898989898989899,0.041666666666666664,0.2222222222222222,0.8769783333333326
15648,interaction_development,1,0.6883751422627123,0.46392705758997943,0.5608626788181376,0.5767845191499837,0.4633278955725557,0.7710843373493976,0.1775,0.30120481927710846,0.8334858333333308
15648,interaction_development,2,0.7963076605763241,0.6172973992635556,0.7036818428828121,0.6978663678396498,0.3674710736168784,0.7901234567901234,0.1025,0.30864197530864196,0.8497433333333307
15648,interaction_development,3,0.858328326560839,0.7332868200419094,0.8055924291463072,0.7894369631909817,0.29335839637863087,0.8048780487804879,0.08666666666666667,0.2682926829268293,0.868307499999998
15648,interaction_development,4,0.8925684602374571,0.8321984083203567,0.8868107172603389,0.867525059200282,0.2310585633557419,0.8640776699029126,0.059166666666666666,0.2524271844660194,0.8538074999999985
15648,interaction_development,5,0.905499132419217,0.886522159678402,0.9283020959515077,0.9104122313250547,0.1934057166818802,0.8214285714285714,0.034166666666666665,0.2261904761904762,0.8942716666666665
15648,interaction_development,6,0.9109529040041724,0.9227960246738942,0.95,0.9390494931636011,0.1853013567351426,0.8021978021978022,0.041666666666666664,0.2967032967032967,0.8527849999999995
15648,feedback_development,1,0.7573636904084231,0.6486760268512339,0.688827024366791,0.5843567819478961,0.46005261296879923,0.8160919540229885,0.14166666666666666,0.2988505747126437,0.836714166666663
15648,feedback_development,2,0.872330054101226,0.8764456306389247,0.8851773376017034,0.7321283457922444,0.32720961876152727,0.8404255319148937,0.07833333333333334,0.22340425531914893,0.8745899999999989
15648,feedback_development,3,0.9024448917397572,0.95,0.95,0.8283992407635282,0.2310196850868667,0.9411764705882353,0.049166666666666664,0.12941176470588237,0.930949999999999
15648,feedback_development,4,0.9099040662695579,0.95,0.95,0.8939697081502962,0.1861123312668498,0.8640776699029126,0.04,0.22330097087378642,0.8731116666666651
15648,feedback_development,5,0.9131978725822345,0.95,0.95,0.9348780955124125,0.166576755762434,0.9150943396226415,0.024166666666666666,0.2358490566037736,0.8659941666666657
15648,feedback_development,6,0.9144076768004166,0.95,0.95,0.95,0.15755965055989635,0.9069767441860465,0.034166666666666665,0.2441860465116279,0.8839358333333329
15649,static_quality,1,0.58,0.24,0.34,0.4,0.62,0.7307692307692307,0.1975,0.34615384615384615,0.8199574999999949
15649,static_quality,2,0.58,0.24,0.34,0.4,0.62,0.6956521739130435,0.18583333333333332,0.40217391304347827,0.771814166666662
15649,static_quality,3,0.58,0.24,0.34,0.4,0.62,0.6744186046511628,0.18166666666666667,0.43023255813953487,0.7729291666666623
15649,static_quality,4,0.58,0.24,0.34,0.4,0.62,0.6470588235294118,0.20333333333333334,0.4117647058823529,0.778443333333328
15649,static_quality,5,0.58,0.24,0.34,0.4,0.62,0.7976190476190477,0.175,0.34523809523809523,0.8140991666666627
15649,static_quality,6,0.58,0.24,0.34,0.4,0.62,0.7613636363636364,0.1825,0.36363636363636365,0.7975658333333288
15649,linear_development,1,0.7727359210512794,0.5388061607312938,0.6315898722238146,0.6358996005773375,0.39928686161549826,0.8653846153846154,0.14416666666666667,0.20192307692307693,0.8606749999999967
15649,linear_development,2,0.8189948488888742,0.6746927125813819,0.7548747930183305,0.7431784573010916,0.3251759734829539,0.8470588235294118,0.095,0.3176470588235294,0.8411083333333312
15649,linear_development,3,0.8555972801834482,0.7826390383004685,0.846895617378088,0.8283992407635282,0.26176932326638735,0.8602150537634409,0.065,0.27956989247311825,0.8524991666666645
15649,linear_development,4,0.8770008671735263,0.8494256506671776,0.9002548516016069,0.8811255136846144,0.23079775715790957,0.8045977011494253,0.050833333333333335,0.2988505747126437,0.8558083333333321
15649,linear_development,5,0.893664116466779,0.8993905558096315,0.9376995146557529,0.920571491428657,0.19895569078185965,0.8651685393258427,0.056666666666666664,0.24719101123595505,0.8743374999999988
15649,linear_development,6,0.902599338212561,0.9319616558555897,0.95,0.9462855177807291,0.18444395256430887,0.8351648351648352,0.0475,0.2857142857142857,0.8565316666666655
15649,interaction_development,1,0.6971797465692569,0.47667747892453105,0.5730300188808383,0.5868506412562087,0.4671659718081734,0.7604166666666666,0.16083333333333333,0.3541666666666667,0.7925083333333288
15649,interaction_development,2,0.800687478426712,0.6286415285100644,0.7139087953038858,0.7068222593500515,0.3739357527370654,0.7586206896551724,0.0925,0.3448275862068966,0.8267891666666646
15649,interaction_development,3,0.8715041098659576,0.7691564720508303,0.835753872946871,0.8177551095138137,0.2797180437177001,0.8411214953271028,0.0625,0.2616822429906542,0.8432833333333317
15649,interaction_development,4,0.8943354462239065,0.8457570021400247,0.8974124195950601,0.8782292122158095,0.24243319503173777,0.8125,0.04583333333333333,0.3020833333333333,0.8416408333333318
15649,interaction_development,5,0.9073212763005234,0.8993905558096315,0.9376995146557529,0.920571491428657,0.19523878809887596,0.9222222222222223,0.045,0.2111111111111111,0.8916391666666662
15649,interaction_development,6,0.9129413802831927,0.9307221210819664,0.95,0.9453069376962897,0.16336430497729112,0.935064935064935,0.04833333333333333,0.19480519480519481,0.9111966666666659
15649,feedback_development,1,0.7362300114186956,0.6135414104293364,0.6589461062047004,0.5664731423625811,0.48010165370527136,0.7380952380952381,0.15333333333333332,0.35714285714285715,0.814214999999997
15649,feedback_development,2,0.8763617647285162,0.8883764769478646,0.8957576005950305,0.7431784573010916,0.3233970394515555,0.8620689655172413,0.059166666666666666,0.25,0.838263333333332
15649,feedback_development,3,0.8995464877391017,0.95,0.95,0.823157240537258,0.2641882248975865,0.8352941176470589,0.024166666666666666,0.27058823529411763,0.8764691666666659
15649,feedback_development,4,0.9093039915683983,0.95,0.95,0.8926858010743498,0.19453416223319175,0.9306930693069307,0.04083333333333333,0.1782178217821782,0.8976141666666672
15649,feedback_development,5,0.9130865000394668,0.95,0.95,0.9300012184835392,0.16423099676848563,0.8651685393258427,0.03833333333333333,0.20224719101123595,0.897965
15649,feedback_development,6,0.9146675086131599,0.95,0.95,0.95,0.15258516240713965,0.9101123595505618,0.03666666666666667,0.23595505617977527,0.8839066666666664
15650,static_quality,1,0.58,0.24,0.34,0.4,0.62,0.6962025316455697,0.1775,0.3670886075949367,0.8143433333333281
15650,static_quality,2,0.58,0.24,0.34,0.4,0.62,0.6914893617021277,0.1825,0.3723404255319149,0.7832516666666627
15650,static_quality,3,0.58,0.24,0.34,0.4,0.62,0.7294117647058823,0.18916666666666668,0.32941176470588235,0.8167708333333284
15650,static_quality,4,0.58,0.24,0.34,0.4,0.62,0.7037037037037037,0.18583333333333332,0.4074074074074074,0.7371699999999953
15650,static_quality,5,0.58,0.24,0.34,0.4,0.62,0.6444444444444445,0.1725,0.5333333333333333,0.7202058333333295
15650,static_quality,6,0.58,0.24,0.34,0.4,0.62,0.7586206896551724,0.18,0.3793103448275862,0.7933724999999959
15650,linear_development,1,0.7691308995833497,0.5304040485349557,0.6237436699166656,0.6292663541065442,0.41073883843102516,0.8571428571428571,0.12916666666666668,0.23809523809523808,0.8440524999999971
15650,linear_development,2,0.8245370767979682,0.688112130963845,0.7666366165377758,0.7537727349714571,0.3081683701114763,0.8888888888888888,0.09083333333333334,0.24444444444444444,0.8674283333333307
15650,linear_development,3,0.855765947071305,0.7878089389317015,0.85113773709462,0.8324807412618698,0.2736564927995712,0.81,0.06833333333333333,0.36,0.8019533333333309
15650,linear_development,4,0.879897487705632,0.855637070667628,0.9050409152089719,0.886029266316549,0.2191121311871287,0.8888888888888888,0.05333333333333334,0.20987654320987653,0.8998658333333325
15650,linear_development,5,0.8992541356142794,0.9113348767458158,0.9462441605238129,0.9300012184835392,0.17563610704574406,0.8921568627450981,0.04666666666666667,0.20588235294117646,0.8812849999999998
15650,linear_development,6,0.9092042311164776,0.9448840637028565,0.95,0.95,0.13817710068878375,0.9468085106382979,0.04083333333333333,0.1595744680851064,0.9124858333333329
15650,interaction_development,1,0.6942770760855971,0.4735185904673351,0.5700201600008442,0.5843567819478961,0.47256315409624566,0.7473684210526316,0.14333333333333334,0.35789473684210527,0.7957458333333298
15650,interaction_development,2,0.8033395170870018,0.6286415285100644,0.7139087953038858,0.7068222593500515,0.36040512710075584,0.8289473684210527,0.09666666666666666,0.23684210526315788,0.8859574999999987
15650,interaction_development,3,0.8619622915897189,0.7427456164316879,0.8136159842115139,0.7969044340250171,0.2899768410057881,0.8117647058823529,0.07583333333333334,0.2823529411764706,0.8603874999999984
15650,interaction_development,4,0.8891188053698997,0.8228591939912042,0.879423667117995,0.8601519952562143,0.24595104015179442,0.8117647058823529,0.050833333333333335,0.27058823529411763,0.8708133333333323
15650,interaction_development,5,0.9043031847678387,0.8816396144831694,0.9246884266533464,0.90655759038145,0.19941371858796775,0.872093023255814,0.04833333333333333,0.22093023255813954,0.8911466666666655
15650,interaction_development,6,0.9123355849762076,0.9246323106272286,0.95,0.940499192600444,0.16445740145800625,0.9042553191489362,0.03333333333333333,0.20212765957446807,0.8942658333333331
15650,feedback_development,1,0.7252309995403357,0.5978483575435299,0.6455731684919256,0.5585750722067193,0.4953356044756025,0.7142857142857143,0.15916666666666668,0.39285714285714285,0.7976874999999973
15650,feedback_development,2,0.8478356323663299,0.8239858159066767,0.8393234883718299,0.690505073505391,0.37675037552834967,0.8734177215189873,0.08166666666666667,0.25316455696202533,0.8788641666666649
15650,feedback_development,3,0.8880219398047087,0.9218393000591026,0.925653747857419,0.7777178053994931,0.30307723822116367,0.8533333333333334,0.050833333333333335,0.26666666666666666,0.8855899999999995
15650,feedback_development,4,0.9014273849212966,0.95,0.95,0.8460165222009355,0.25956038128144526,0.7954545454545454,0.04833333333333333,0.3068181818181818,0.8510733333333317
15650,feedback_development,5,0.9094920592055578,0.95,0.95,0.8995598352547073,0.19600924819379753,0.9411764705882353,0.050833333333333335,0.16470588235294117,0.9155133333333332
15650,feedback_development,6,0.9125958149415557,0.95,0.95,0.929578690627303,0.1726406298890014,0.8701298701298701,0.030833333333333334,0.23376623376623376,0.8997791666666664
15651,static_quality,1,0.58,0.24,0.34,0.4,0.62,0.6774193548387096,0.17583333333333334,0.40860215053763443,0.7695058333333292
15651,static_quality,2,0.58,0.24,0.34,0.4,0.62,0.6705882352941176,0.18416666666666667,0.4117647058823529,0.7824566666666622
15651,static_quality,3,0.58,0.24,0.34,0.4,0.62,0.6493506493506493,0.1875,0.44155844155844154,0.7870316666666622
15651,static_quality,4,0.58,0.24,0.34,0.4,0.62,0.7009345794392523,0.17083333333333334,0.34579439252336447,0.7752466666666629
15651,static_quality,5,0.58,0.24,0.34,0.4,0.62,0.7032967032967034,0.1925,0.37362637362637363,0.7854716666666628
15651,static_quality,6,0.58,0.24,0.34,0.4,0.62,0.7951807228915663,0.1725,0.3132530120481928,0.8301399999999959
15651,linear_development,1,0.75965459657989,0.5072424708175737,0.601993809350567,0.6109808980138739,0.4377924488497289,0.8018867924528302,0.11416666666666667,0.32075471698113206,0.8024583333333308
15651,linear_development,2,0.8207691782920996,0.6785846889680582,0.7582945347809318,0.7462510702379412,0.3186619293002686,0.8709677419354839,0.08666666666666667,0.23655913978494625,0.8680541666666646
15651,linear_development,3,0.8544347833092686,0.780007042557628,0.8447294377643383,0.8263213493876014,0.26596465533558045,0.8279569892473119,0.06583333333333333,0.3225806451612903,0.8320924999999981
15651,linear_development,4,0.8805811884623835,0.8582200433816356,0.9070211295750852,0.8880684553012917,0.2192030714734063,0.86,0.06,0.27,0.8485883333333316
15651,linear_development,5,0.9004829077159799,0.9102612422480718,0.9454836022589271,0.9291536123011097,0.1612517166559181,0.9545454545454546,0.043333333333333335,0.13636363636363635,0.9272716666666658
15651,linear_development,6,0.9086787720496916,0.9442166719662608,0.95,0.95,0.142514081016816,0.8686868686868687,0.05,0.20202020202020202,0.8856291666666652
15651,interaction_development,1,0.6993775678010699,0.47667747892453105,0.5730300188808383,0.5868506412562087,0.4565309469399489,0.7471264367816092,0.16083333333333333,0.28735632183908044,0.8378116666666627
15651,interaction_development,2,0.7919344313727303,0.6172973992635556,0.7036818428828121,0.6978663678396498,0.3891408212526123,0.7415730337078652,0.10333333333333333,0.4157303370786517,0.7894791666666644
15651,interaction_development,3,0.8606976583732625,0.7427456164316879,0.8136159842115139,0.7969044340250171,0.29911563384057466,0.8863636363636364,0.07,0.25,0.871532499999999
15651,interaction_development,4,0.8890070510766489,0.8228591939912042,0.879423667117995,0.8601519952562143,0.2431695569502142,0.9012345679012346,0.04416666666666667,0.2345679012345679,0.8916066666666665
15651,interaction_development,5,0.9050350786856898,0.8872030267203316,0.9288039812798471,0.9109497579371043,0.20156471184347638,0.8613861386138614,0.0475,0.25742574257425743,0.8561324999999992
15651,interaction_development,6,0.9111173694917063,0.9259808056049071,0.95,0.9415637938986113,0.187539526531727,0.84375,0.035833333333333335,0.2708333333333333,0.8587191666666659
15651,feedback_development,1,0.7219912389774752,0.5974582483371988,0.6452985156126094,0.5585750722067193,0.5082385653966977,0.6804123711340206,0.15333333333333332,0.4742268041237113,0.7342641666666636
15651,feedback_development,2,0.8653566258737916,0.864370534260534,0.8746382392920236,0.7222791708215428,0.3512615559360451,0.86,0.085,0.23,0.8628799999999986
15651,feedback_development,3,0.8963704053389907,0.9453015618769077,0.946999814559032,0.8076120347336122,0.2801641877312141,0.8795180722891566,0.049166666666666664,0.26506024096385544,0.8761408333333324
15651,feedback_development,4,0.9073666888981172,0.95,0.95,0.8767547055125617,0.20972270804752974,0.8913043478260869,0.04,0.1956521739130435,0.8979708333333326
15651,feedback_development,5,0.9124599396377733,0.95,0.95,0.9219926434605733,0.16824879613873692,0.9139784946236559,0.04,0.1827956989247312,0.9025933333333334
15651,feedback_development,6,0.9143472139729164,0.95,0.95,0.95,0.15870731023019416,0.9215686274509803,0.04,0.2647058823529412,0.8530116666666655
15652,static_quality,1,0.58,0.24,0.34,0.4,0.62,0.6914893617021277,0.19333333333333333,0.40425531914893614,0.765456666666663
15652,static_quality,2,0.58,0.24,0.34,0.4,0.62,0.7102803738317757,0.1875,0.38317757009345793,0.7512499999999963
15652,static_quality,3,0.58,0.24,0.34,0.4,0.62,0.7391304347826086,0.17583333333333334,0.358695652173913,0.7943708333333284
15652,static_quality,4,0.58,0.24,0.34,0.4,0.62,0.7640449438202247,0.1875,0.3595505617977528,0.7967308333333285
15652,static_quality,5,0.58,0.24,0.34,0.4,0.62,0.7432432432432432,0.1825,0.33783783783783783,0.8329616666666616
15652,static_quality,6,0.58,0.24,0.34,0.4,0.62,0.7283950617283951,0.18583333333333332,0.35802469135802467,0.8122741666666616
15652,linear_development,1,0.7490874726591471,0.4798174140509839,0.5760188087486724,0.5893295374086714,0.4633803063116889,0.7373737373737373,0.11666666666666667,0.36363636363636365,0.7918374999999969
15652,linear_development,2,0.8026870681283225,0.630869679339004,0.7159114337367587,0.7085813257939512,0.3631046471714042,0.825,0.10166666666666667,0.2875,0.8597458333333314
15652,linear_development,3,0.8431413683433843,0.7488643766248624,0.8187801950243114,0.8017350341775232,0.2918427644611323,0.8314606741573034,0.06583333333333333,0.2808988764044944,0.8573674999999984
15652,linear_development,4,0.8695535044770188,0.8281100289589509,0.8835851684970822,0.8642973912833827,0.2469115937201888,0.8735632183908046,0.07,0.27586206896551724,0.8613808333333316
15652,linear_development,5,0.8914370221764499,0.8885525297086495,0.929797236937012,0.9120151550331449,0.1928694723792827,0.9333333333333333,0.04083333333333333,0.2,0.8973149999999994
15652,linear_development,6,0.906447869209118,0.9311377883554746,0.95,0.945635096070112,0.14631698719588995,0.9247311827956989,0.05,0.13978494623655913,0.9203933333333335
15652,interaction_development,1,0.6872001072649071,0.46714349524443954,0.5639366400664106,0.5793238120350839,0.4894952180601087,0.7115384615384616,0.14583333333333334,0.4326923076923077,0.74064833333333
15652,interaction_development,2,0.8184443522164222,0.656587315310551,0.738877234315791,0.7288847226135935,0.3504770146942096,0.8762886597938144,0.09166666666666666,0.24742268041237114,0.8566799999999978
15652,interaction_development,3,0.8691050438318811,0.7606687569010144,0.8286833211128917,0.8110542817639589,0.2786907314545638,0.8860759493670886,0.08,0.24050632911392406,0.8845783333333318
15652,interaction_development,4,0.8919020902297223,0.8291413687851972,0.8844000723176026,0.8651116069356823,0.23122713964918293,0.9041095890410958,0.04666666666666667,0.2328767123287671,0.9013191666666655
15652,interaction_development,5,0.9082706397658804,0.8969392705085022,0.935924141152286,0.9186362661909233,0.1751585888111796,0.9423076923076923,0.04833333333333333,0.19230769230769232,0.8855408333333323
15652,interaction_development,6,0.9131104142871501,0.9347683406162323,0.95,0.9485013215391312,0.16674717750020743,0.8431372549019608,0.04416666666666667,0.2549019607843137,0.8574341666666654
15652,feedback_development,1,0.7241225499850918,0.5977493511049073,0.6455034595267238,0.5585750722067193,0.49982392756287325,0.7272727272727273,0.15083333333333335,0.42045454545454547,0.7797066666666637
15652,feedback_development,2,0.8599237591875089,0.8542009043232298,0.8657010921451095,0.7137954516592794,0.35885498699213125,0.8673469387755102,0.0775,0.2653061224489796,0.850046666666665
15652,feedback_development,3,0.8976032295876104,0.9470085111529097,0.9485542911235695,0.8099137643500592,0.2711355979980214,0.8505747126436781,0.0425,0.21839080459770116,0.8923283333333328
15652,feedback_development,4,0.9068624859766956,0.95,0.95,0.8706759574789238,0.21162249105108577,0.9102564102564102,0.035833333333333335,0.1794871794871795,0.9189208333333327
15652,feedback_development,5,0.9128686030629579,0.95,0.95,0.9161507951887257,0.15558339349789177,1.0,0.03916666666666667,0.1111111111111111,0.9429333333333335
15652,feedback_development,6,0.9147401231157097,0.95,0.95,0.9422629246684083,0.14303265842937646,0.9240506329113924,0.050833333333333335,0.21518987341772153,0.9007949999999987
15653,static_quality,1,0.58,0.24,0.34,0.4,0.62,0.6712328767123288,0.1925,0.4246575342465753,0.8009174999999952
15653,static_quality,2,0.58,0.24,0.34,0.4,0.62,0.6746987951807228,0.17333333333333334,0.42168674698795183,0.7849374999999962
15653,static_quality,3,0.58,0.24,0.34,0.4,0.62,0.6588235294117647,0.165,0.4588235294117647,0.7671008333333298
15653,static_quality,4,0.58,0.24,0.34,0.4,0.62,0.7160493827160493,0.17916666666666667,0.3333333333333333,0.8240249999999952
15653,static_quality,5,0.58,0.24,0.34,0.4,0.62,0.6976744186046512,0.17583333333333334,0.3488372093023256,0.8092099999999959
15653,static_quality,6,0.58,0.24,0.34,0.4,0.62,0.7045454545454546,0.1725,0.3977272727272727,0.7851891666666627
15653,linear_development,1,0.7578000516639061,0.5012757336955068,0.5963626648884255,0.6062703160754,0.4391463178602271,0.8229166666666666,0.1225,0.2708333333333333,0.8404058333333307
15653,linear_development,2,0.8233438525330647,0.6824301017492445,0.761666567726203,0.7492869224336145,0.3043945201655883,0.9111111111111111,0.09666666666666666,0.16666666666666666,0.9005341666666649
15653,linear_development,3,0.8616046217371094,0.7940987389411096,0.856275482600457,0.8374463728482447,0.23444324451257917,0.8709677419354839,0.06583333333333333,0.22580645161290322,0.8770524999999988
15653,linear_development,4,0.887449063745685,0.8704579978388897,0.9163197453415982,0.8977299982938607,0.1849928486583004,0.9175257731958762,0.049166666666666664,0.20618556701030927,0.8859074999999988
15653,linear_development,5,0.9012939512561049,0.9160094777496661,0.9495374857739927,0.9336916929602631,0.16786769214006558,0.8958333333333334,0.0375,0.25,0.8682074999999996
15653,linear_development,6,0.9052004179811168,0.9445513719344633,0.95,0.95,0.17597596259049259,0.8118811881188119,0.04666666666666667,0.31683168316831684,0.8262308333333322
15653,interaction_development,1,0.6804748818604722,0.4508659803259362,0.548348606735042,0.5664731423625811,0.47828804020208854,0.7777777777777778,0.1675,0.3333333333333333,0.8261124999999963
15653,interaction_development,2,0.806323002994331,0.6330844612629699,0.7179000537006014,0.7103298378391875,0.35616540245558814,0.8351648351648352,0.10166666666666667,0.26373626373626374,0.8552083333333304
15653,interaction_development,3,0.872371954646125,0.7663612176589014,0.83343005565329,0.8155483297307119,0.26603765897932763,0.9183673469387755,0.0525,0.23469387755102042,0.8699483333333324
15653,interaction_development,4,0.8969843408179113,0.8476023653664214,0.8988436189292894,0.8796860779208596,0.21623189128741804,0.8817204301075269,0.049166666666666664,0.23655913978494625,0.8757441666666658
15653,interaction_development,5,0.9084789716363706,0.9023728364006665,0.9398497173487774,0.922925923474211,0.1840983872354356,0.8571428571428571,0.03916666666666667,0.24489795918367346,0.8680308333333322
15653,interaction_development,6,0.9124961710665922,0.9323698859204561,0.95,0.9466078046740447,0.1739210799874497,0.9166666666666666,0.04666666666666667,0.27380952380952384,0.8715791666666655
15653,feedback_development,1,0.7761682187107237,0.6807987589507535,0.7162194312563513,0.6015026943101264,0.4425799641455799,0.8105263157894737,0.14916666666666667,0.28421052631578947,0.8295183333333305
15653,feedback_development,2,0.8613637367098407,0.8566329854470796,0.86778769896817,0.7155126789493237,0.36108448553758415,0.8505747126436781,0.10083333333333333,0.3563218390804598,0.8198358333333314
15653,feedback_development,3,0.8969001256346207,0.9454919140199222,0.9471472016829503,0.8076120347336122,0.2746333732268943,0.891566265060241,0.0525,0.21686746987951808,0.8954041666666654
15653,feedback_development,4,0.9072032538028243,0.95,0.95,0.8737519120746139,0.20941966288192232,0.9069767441860465,0.034166666666666665,0.18604651162790697,0.9090874999999988
15653,feedback_development,5,0.9121317312837784,0.95,0.95,0.9156446631677321,0.16829053495372842,0.9506172839506173,0.04,0.1728395061728395,0.9177049999999997
15653,feedback_development,6,0.9146024654087637,0.95,0.95,0.9478777307093377,0.15194241318773102,0.9238095238095239,0.03666666666666667,0.23809523809523808,0.8634208333333322
15654,static_quality,1,0.58,0.24,0.34,0.4,0.62,0.7142857142857143,0.18583333333333332,0.4155844155844156,0.7971841666666625
15654,static_quality,2,0.58,0.24,0.34,0.4,0.62,0.6785714285714286,0.18,0.40476190476190477,0.7886333333333287
15654,static_quality,3,0.58,0.24,0.34,0.4,0.62,0.77,0.1725,0.31,0.805090833333329
15654,static_quality,4,0.58,0.24,0.34,0.4,0.62,0.7878787878787878,0.19166666666666668,0.31313131313131315,0.8008191666666618
15654,static_quality,5,0.58,0.24,0.34,0.4,0.62,0.7083333333333334,0.18583333333333332,0.3958333333333333,0.7671824999999959
15654,static_quality,6,0.58,0.24,0.34,0.4,0.62,0.6233766233766234,0.17083333333333334,0.4935064935064935,0.7706141666666627
15654,linear_development,1,0.746211360128859,0.4735185904673351,0.5700201600008442,0.5843567819478961,0.4735016264269417,0.7216494845360825,0.11333333333333333,0.3711340206185567,0.7922933333333306
15654,linear_development,2,0.7995732256449817,0.6241447968596938,0.7098610670503046,0.7032722080471273,0.37467592295729985,0.8354430379746836,0.08333333333333333,0.2911392405063291,0.8640099999999978
15654,linear_development,3,0.8375209352711955,0.7316768813298887,0.8042219830274997,0.7881659589446496,0.30005591595731845,0.8552631578947368,0.06916666666666667,0.2631578947368421,0.8819224999999988
15654,linear_development,4,0.8740533105432537,0.8321984083203567,0.8868107172603389,0.867525059200282,0.2145978938928469,0.925531914893617,0.06,0.1702127659574468,0.9029924999999985
15654,linear_development,5,0.8929290255025883,0.8898858872432152,0.9307766356845038,0.9130678057183284,0.1820253238594906,0.9010989010989011,0.04,0.23076923076923078,0.8827008333333329
15654,linear_development,6,0.9052899436762896,0.9298832442157637,0.95,0.9446446664861298,0.1550998756896113,0.9263157894736842,0.045,0.21052631578947367,0.8865766666666652
15654,interaction_development,1,0.673158928366254,0.4408617581285113,0.5387295763754438,0.5585750722067193,0.48763650780477935,0.7341772151898734,0.1725,0.35443037974683544,0.8199149999999956
15654,interaction_development,2,0.7991895948139647,0.6218760531787664,0.7078157774927539,0.7014810946148162,0.36451141797745373,0.8089887640449438,0.1275,0.2696629213483146,0.8492624999999964
15654,interaction_development,3,0.8650115210077749,0.7488643766248624,0.8187801950243114,0.8017350341775232,0.28200516200948406,0.9010989010989011,0.0725,0.25274725274725274,0.8658224999999987
15654,interaction_development,4,0.8921441542677522,0.8332052178704346,0.8876030422395165,0.8683199088450803,0.2379622251461927,0.8526315789473684,0.04416666666666667,0.28421052631578947,0.8517474999999985
15654,interaction_development,5,0.9073222964901559,0.8944282611956175,0.9340981749277608,0.9166538904175933,0.18416672040733473,0.9468085106382979,0.041666666666666664,0.19148936170212766,0.8971533333333326
15654,interaction_development,6,0.9123707326925781,0.9311377883554746,0.95,0.945635096070112,0.1741850662581001,0.865979381443299,0.04583333333333333,0.26804123711340205,0.8563949999999988
15654,feedback_development,1,0.7574078463623811,0.6486796377694721,0.6888295773546387,0.5843567819478961,0.4598691109927949,0.8160919540229885,0.165,0.2988505747126437,0.8313783333333298
15654,feedback_development,2,0.8664633915093258,0.8668428369905857,0.8767411416344667,0.7239454957966136,0.34854670141110616,0.8163265306122449,0.075,0.30612244897959184,0.8303966666666649
15654,feedback_development,3,0.8991022792657108,0.95,0.95,0.8155483297307119,0.2647439401971327,0.8953488372093024,0.041666666666666664,0.22093023255813954,0.8924499999999993
15654,feedback_development,4,0.9081108211615645,0.95,0.95,0.8846492094585106,0.20385735539165128,0.9090909090909091,0.041666666666666664,0.21212121212121213,0.8824683333333319
15654,feedback_development,5,0.9140716715698054,0.95,0.95,0.9324836763133354,0.14818499341517613,0.9230769230769231,0.043333333333333335,0.14423076923076922,0.9117433333333319
15654,feedback_development,6,0.9153224012758511,0.95,0.95,0.95,0.1397314518649712,0.87,0.035,0.23,0.8737716666666652
15655,static_quality,1,0.58,0.24,0.34,0.4,0.62,0.6710526315789473,0.1825,0.42105263157894735,0.7982449999999952
15655,static_quality,2,0.58,0.24,0.34,0.4,0.62,0.7755102040816326,0.18583333333333332,0.3469387755102041,0.787309999999996
15655,static_quality,3,0.58,0.24,0.34,0.4,0.62,0.6235294117647059,0.17666666666666667,0.4470588235294118,0.769295833333329
15655,static_quality,4,0.58,0.24,0.34,0.4,0.62,0.7111111111111111,0.19416666666666665,0.35555555555555557,0.7951199999999955
15655,static_quality,5,0.58,0.24,0.34,0.4,0.62,0.7692307692307693,0.18666666666666668,0.32051282051282054,0.8318574999999951
15655,static_quality,6,0.58,0.24,0.34,0.4,0.62,0.675,0.18666666666666668,0.4125,0.7923533333333289
15655,linear_development,1,0.7653083912648446,0.5189626409955399,0.613021513977581,0.6202336639438474,0.41594742591844835,0.8775510204081632,0.11083333333333334,0.22448979591836735,0.8628924999999975
15655,linear_development,2,0.8191365353253977,0.6746927125813819,0.7548747930183305,0.7431784573010916,0.32382657884939686,0.8351648351648352,0.09916666666666667,0.2857142857142857,0.8453108333333306
15655,linear_development,3,0.8557816889221217,0.7773431763191099,0.8425326102093692,0.8242182970940345,0.24617323674516298,0.8961038961038961,0.075,0.18181818181818182,0.9109716666666656
15655,linear_development,4,0.8819292656486463,0.8565032482436222,0.905705628802509,0.8867130907186497,0.20197658063481597,0.84375,0.05,0.23958333333333334,0.8707191666666657
15655,linear_development,5,0.8962004639812242,0.900594247199925,0.9385686687267905,0.9215217741052045,0.177823128305975,0.925,0.06916666666666667,0.2375,0.8869058333333321
15655,linear_development,6,0.9075714152047496,0.9385782380694072,0.95,0.95,0.14742190278607636,0.9393939393939394,0.043333333333333335,0.1919191919191919,0.8922499999999991
15655,interaction_development,1,0.6768057565908998,0.4475512880542618,0.54516476005543,0.563856280042838,0.48763239135786474,0.7093023255813954,0.15416666666666667,0.38372093023255816,0.7988424999999966
15655,interaction_development,2,0.7915900138016931,0.6126633030208977,0.699489419778137,0.6942078708059725,0.37927021968629876,0.7906976744186046,0.09916666666666667,0.313953488372093,0.8404791666666644
15655,interaction_development,3,0.8689518717082463,0.753357749443585,0.8225592337758626,0.8052824337712515,0.26223999547988086,0.8977272727272727,0.075,0.14772727272727273,0.9153341666666658
15655,interaction_development,4,0.8967332183962338,0.8429469755022578,0.8952275640512759,0.8760107701333619,0.2084233725165823,0.8958333333333334,0.04583333333333333,0.21875,0.8817024999999987
15655,interaction_development,5,0.9079080770734111,0.895691321478673,0.9350175712893436,0.9176510432726371,0.17800412235558816,0.9204545454545454,0.041666666666666664,0.22727272727272727,0.8875574999999998
15655,interaction_development,6,0.9137175912373905,0.9339784588984938,0.95,0.9478777307093377,0.15432296429709053,0.9381443298969072,0.03833333333333333,0.21649484536082475,0.882888333333332
15655,feedback_development,1,0.7308341758740742,0.6084050210939024,0.6545633767704654,0.563856280042838,0.49257612201616796,0.7386363636363636,0.1475,0.3977272727272727,0.7906316666666636
15655,feedback_development,2,0.8604584564027338,0.8479655267428746,0.8602038452397546,0.7085813257939512,0.348544930785986,0.8875,0.07083333333333333,0.1625,0.9160891666666647
15655,feedback_development,3,0.8960911842727803,0.9404159325462998,0.9424896052909545,0.8005382637600837,0.26960768895006854,0.9135802469135802,0.05,0.2222222222222222,0.8956016666666657
15655,feedback_development,4,0.9074055451347023,0.95,0.95,0.8760107701333619,0.2084769694225923,0.8613861386138614,0.0425,0.21782178217821782,0.8771924999999992
15655,feedback_development,5,0.9117382250449912,0.95,0.95,0.9176510432726371,0.1769353626978632,0.896551724137931,0.0375,0.21839080459770116,0.8932033333333332
15655,feedback_development,6,0.9157480233855143,0.95,0.95,0.95,0.13112482539097875,0.9607843137254902,0.0325,0.12745098039215685,0.9242141666666674
15656,static_quality,1,0.58,0.24,0.34,0.4,0.62,0.7142857142857143,0.18833333333333332,0.4095238095238095,0.7416241666666626
15656,static_quality,2,0.58,0.24,0.34,0.4,0.62,0.6222222222222222,0.16333333333333333,0.5,0.7372108333333295
15656,static_quality,3,0.58,0.24,0.34,0.4,0.62,0.726027397260274,0.16916666666666666,0.3424657534246575,0.8360841666666624
15656,static_quality,4,0.58,0.24,0.34,0.4,0.62,0.6952380952380952,0.16166666666666665,0.3619047619047619,0.7723074999999958
15656,static_quality,5,0.58,0.24,0.34,0.4,0.62,0.7471264367816092,0.17833333333333334,0.367816091954023,0.7989199999999954
15656,static_quality,6,0.58,0.24,0.34,0.4,0.62,0.6896551724137931,0.17416666666666666,0.40229885057471265,0.7844791666666628
15656,linear_development,1,0.7586357626651741,0.5042680792933337,0.5991881262342065,0.6086326941789476,0.4393673505143535,0.801980198019802,0.11333333333333333,0.297029702970297,0.8223541666666639
15656,linear_development,2,0.8244447023108608,0.689983458178062,0.7682701602220113,0.7552500985616284,0.3140303616201708,0.883495145631068,0.0725,0.24271844660194175,0.8558766666666645
15656,linear_development,3,0.8570588324405789,0.7852395448462418,0.8490315766200464,0.8304522722470333,0.25463927523161767,0.8271604938271605,0.06666666666666667,0.24691358024691357,0.8819774999999985
15656,linear_development,4,0.8764761013946354,0.8494256506671776,0.9002548516016069,0.8811255136846144,0.2357955264806803,0.8409090909090909,0.04,0.32954545454545453,0.8432941666666653
15656,linear_development,5,0.8906385644527123,0.8950616916284437,0.9345594877032665,0.9171539670750877,0.21688405638096636,0.8837209302325582,0.06166666666666667,0.3023255813953488,0.8530966666666648
15656,linear_development,6,0.9038206387742546,0.9327756666049334,0.95,0.9469281578460005,0.1742691694580328,0.9148936170212766,0.051666666666666666,0.2127659574468085,0.8850441666666652
15656,interaction_development,1,0.7071969583552198,0.48912463323822225,0.5848602339553849,0.5966773420301754,0.45312072104092166,0.7216494845360825,0.14166666666666666,0.31958762886597936,0.8115183333333301
15656,interaction_development,2,0.8345376114788969,0.6766445563058936,0.7565906694672022,0.744719386557285,0.30836396513467845,0.9021739130434783,0.08916666666666667,0.17391304347826086,0.8973816666666653
15656,interaction_development,3,0.8868776428184362,0.801400883158582,0.8622072555993767,0.8432112235462492,0.2181090307831478,0.8969072164948454,0.04583333333333333,0.16494845360824742,0.9067749999999996
15656,interaction_development,4,0.9029192764407881,0.8648842692726774,0.9121021497070472,0.8933296862679037,0.18014764466156793,0.875,0.0375,0.2,0.9084974999999993
15656,interaction_development,5,0.9122569741436706,0.9160094777496661,0.9495374857739927,0.9336916929602631,0.15144453907572747,0.898989898989899,0.0375,0.20202020202020202,0.8883008333333325
15656,interaction_development,6,0.9143777768026319,0.9435411988695359,0.95,0.95,0.15236480321154247,0.9,0.03916666666666667,0.26666666666666666,0.8681074999999987
15656,feedback_development,1,0.7530545474651964,0.6481208453460263,0.6884342419511418,0.5843567819478961,0.4774216035232388,0.7047619047619048,0.13583333333333333,0.41904761904761906,0.7476883333333305
15656,feedback_development,2,0.8715986855861008,0.8777343700635194,0.8863877540415633,0.7337355757174909,0.33802052411224853,0.8367346938775511,0.09583333333333334,0.24489795918367346,0.8561533333333309
15656,feedback_development,3,0.8977877450123137,0.95,0.95,0.8199354873835905,0.28136485055453075,0.8645833333333334,0.06166666666666667,0.3229166666666667,0.8279958333333316
15656,feedback_development,4,0.9070377168273092,0.95,0.95,0.8839529270206343,0.22094226108900167,0.8842105263157894,0.03666666666666667,0.23157894736842105,0.878552499999999
15656,feedback_development,5,0.9118491814162553,0.95,0.95,0.9274274849956473,0.18372024600341752,0.900990099009901,0.04666666666666667,0.22772277227722773,0.8712599999999986
15656,feedback_development,6,0.9143772291111454,0.95,0.95,0.95,0.1581380487511033,0.8846153846153846,0.03333333333333333,0.20512820512820512,0.9095633333333331
15657,static_quality,1,0.58,0.24,0.34,0.4,0.62,0.6796116504854369,0.18416666666666667,0.46601941747572817,0.7172316666666622
15657,static_quality,2,0.58,0.24,0.34,0.4,0.62,0.7303370786516854,0.1675,0.34831460674157305,0.8062658333333291
15657,static_quality,3,0.58,0.24,0.34,0.4,0.62,0.7349397590361446,0.17583333333333334,0.3373493975903614,0.8195891666666619
15657,static_quality,4,0.58,0.24,0.34,0.4,0.62,0.6777777777777778,0.16583333333333333,0.37777777777777777,0.7912941666666626
15657,static_quality,5,0.58,0.24,0.34,0.4,0.62,0.7222222222222222,0.19833333333333333,0.3611111111111111,0.8244566666666615
15657,static_quality,6,0.58,0.24,0.34,0.4,0.62,0.7168141592920354,0.175,0.37168141592920356,0.7493399999999955
15657,linear_development,1,0.7393287726432551,0.4541607844439806,0.5515101664878967,0.5690743035084056,0.48589980069499517,0.7282608695652174,0.13583333333333333,0.40217391304347827,0.782914166666663
15657,linear_development,2,0.807382661642887,0.6418114969757943,0.7257163011765768,0.7172196028756277,0.3477696710957415,0.9,0.085,0.2222222222222222,0.8779399999999977
15657,linear_development,3,0.8492944321062526,0.7606687569010144,0.8286833211128917,0.8110542817639589,0.2642689111468886,0.8837209302325582,0.07166666666666667,0.22093023255813954,0.8858424999999986
15657,linear_development,4,0.8807638511266825,0.8503290967631745,0.9009530676403956,0.8818387606025068,0.19727472379957653,0.9578947368421052,0.056666666666666664,0.17894736842105263,0.8994874999999989
15657,linear_development,5,0.8983417815633431,0.9052667157725591,0.9419257091974474,0.9252105650835999,0.16914792754557642,0.89,0.05583333333333333,0.24,0.8642974999999984
15657,linear_development,6,0.9079583668037896,0.9359354795559651,0.95,0.9494227470178676,0.14051663796631225,0.8846153846153846,0.03333333333333333,0.16666666666666666,0.9243916666666666
15657,interaction_development,1,0.6908348555823287,0.46714349524443954,0.5639366400664106,0.5793238120350839,0.4718846306173518,0.7849462365591398,0.15666666666666668,0.3655913978494624,0.7932149999999969
15657,interaction_development,2,0.8228560926073379,0.6606959046701756,0.7425201580198514,0.7321283457922444,0.329181795653304,0.8736842105263158,0.11166666666666666,0.21052631578947367,0.8724549999999973
15657,interaction_development,3,0.8809829837016707,0.7890820852981112,0.8521797729349577,0.8334858568142985,0.24560651756454063,0.9215686274509803,0.0525,0.22549019607843138,0.870048333333332
15657,interaction_development,4,0.9044329715433113,0.8727757913226287,0.9180647583943172,0.8995598352547073,0.1743962218995585,0.9484536082474226,0.04416666666666667,0.13402061855670103,0.9218749999999994
15657,interaction_development,5,0.9134324345068061,0.9184991377050886,0.95,0.935657213977702,0.1342887180752881,0.9529411764705882,0.04,0.12941176470588237,0.9327566666666672
15657,interaction_development,6,0.9159083792981942,0.9487240397399989,0.95,0.95,0.12665547971758118,0.9072164948453608,0.03666666666666667,0.20618556701030927,0.8882791666666664
15657,feedback_development,1,0.7757991151179292,0.6807403188819556,0.716177921826499,0.6015026943101264,0.4441166484615058,0.7835051546391752,0.14916666666666667,0.29896907216494845,0.81961083333333
15657,feedback_development,2,0.8748243726264404,0.8818021682528077,0.8899076371762629,0.7369211632896069,0.3202291561230045,0.8735632183908046,0.07166666666666667,0.20689655172413793,0.8911341666666655
15657,feedback_development,3,0.9007637062343314,0.95,0.95,0.823157240537258,0.24963957813256524,0.8604651162790697,0.050833333333333335,0.23255813953488372,0.8852733333333321
15657,feedback_development,4,0.9094771650930568,0.95,0.95,0.8880684553012917,0.18759037733968573,0.9230769230769231,0.04,0.16483516483516483,0.9128408333333324
15657,feedback_development,5,0.9132331364636948,0.95,0.95,0.9252105650835999,0.1572215064183201,0.9036144578313253,0.051666666666666666,0.1927710843373494,0.905229166666666
15657,feedback_development,6,0.9156356939160986,0.95,0.95,0.95,0.13341622194679695,0.8764044943820225,0.03333333333333333,0.1797752808988764,0.9089483333333331
15658,static_quality,1,0.58,0.24,0.34,0.4,0.62,0.7317073170731707,0.18166666666666667,0.36585365853658536,0.8084966666666619
15658,static_quality,2,0.58,0.24,0.34,0.4,0.62,0.7252747252747253,0.17666666666666667,0.3516483516483517,0.7988216666666629
15658,static_quality,3,0.58,0.24,0.34,0.4,0.62,0.6923076923076923,0.18083333333333335,0.4175824175824176,0.768297499999996
15658,static_quality,4,0.58,0.24,0.34,0.4,0.62,0.6041666666666666,0.19666666666666666,0.4791666666666667,0.7248691666666627
15658,static_quality,5,0.58,0.24,0.34,0.4,0.62,0.7358490566037735,0.1725,0.4056603773584906,0.7448683333333295
15658,static_quality,6,0.58,0.24,0.34,0.4,0.62,0.5662650602409639,0.18166666666666667,0.5180722891566265,0.7433074999999967
15658,linear_development,1,0.7360851421494246,0.44421658757974025,0.5419584693408157,0.561223621773479,0.48944494393761034,0.7530864197530864,0.125,0.35802469135802467,0.8250858333333304
15658,linear_development,2,0.7918769882804726,0.603226090048164,0.6909257863057912,0.6867574395117091,0.39160466557544893,0.7906976744186046,0.105,0.3488372093023256,0.823830833333331
15658,linear_development,3,0.8402678579443317,0.7380589098677665,0.8096464769031162,0.7932044025271845,0.2907397136377652,0.8241758241758241,0.07916666666666666,0.24175824175824176,0.8693074999999986
15658,linear_development,4,0.878399340997707,0.8438892936492443,0.895960971102917,0.8767547055125617,0.2032779131437035,0.8846153846153846,0.07833333333333334,0.17307692307692307,0.889688333333332
15658,linear_development,5,0.8970407895271725,0.9029585993822624,0.940270769327336,0.9233883679333658,0.17575307447941652,0.8857142857142857,0.0425,0.24761904761904763,0.8573724999999986
15658,linear_development,6,0.9076496561603496,0.9389467686409908,0.95,0.95,0.1470452813995655,0.865979381443299,0.03833333333333333,0.20618556701030927,0.8879666666666659
15658,interaction_development,1,0.6781729343169152,0.4475512880542618,0.54516476005543,0.563856280042838,0.48069183789745545,0.7468354430379747,0.1575,0.3291139240506329,0.8331508333333296
15658,interaction_development,2,0.7862538268330477,0.603226090048164,0.6909257863057912,0.6867574395117091,0.3815436108956711,0.8,0.11833333333333333,0.3125,0.846476666666664
15658,interaction_development,3,0.8556691452668349,0.7284277914265155,0.8014520404437302,0.7856008879683024,0.30022623237120233,0.8837209302325582,0.08583333333333333,0.26744186046511625,0.8631999999999976
15658,interaction_development,4,0.8894456146516998,0.8174479583456778,0.8751134038199616,0.8558799671150091,0.23001418732603793,0.9259259259259259,0.043333333333333335,0.18518518518518517,0.9118649999999989
15658,interaction_development,5,0.9063327721001267,0.8878798085600096,0.9293023534108882,0.9114840593894817,0.1842529140900793,0.8867924528301887,0.04666666666666667,0.2358490566037736,0.8611283333333318
15658,interaction_development,6,0.9130907027174187,0.9277413419810552,0.95,0.9429536910376756,0.15585763094853464,0.8791208791208791,0.04416666666666667,0.1978021978021978,0.8970566666666665
15658,feedback_development,1,0.734068283119139,0.6134897912566951,0.658909721184914,0.5664731423625811,0.48908696555336423,0.6888888888888889,0.14916666666666667,0.4,0.7851566666666638
15658,feedback_development,2,0.8595264617319791,0.8499128471745311,0.8619430950392304,0.7103298378391875,0.3590358522993359,0.8681318681318682,0.0875,0.26373626373626374,0.8578841666666644
15658,feedback_development,3,0.8994546688697878,0.95,0.95,0.8144349393669134,0.2543608297046652,0.8636363636363636,0.051666666666666666,0.1590909090909091,0.9151616666666662
15658,feedback_development,4,0.9098757974342004,0.95,0.95,0.8832524416706583,0.1766993757413312,0.9186046511627907,0.041666666666666664,0.10465116279069768,0.9422933333333336
15658,feedback_development,5,0.9133886789992982,0.95,0.95,0.9219926434605733,0.15140312615105886,0.8795180722891566,0.05333333333333334,0.1927710843373494,0.905043333333332
15658,feedback_development,6,0.9156445273586646,0.95,0.95,0.95,0.13323655315881505,0.9166666666666666,0.02666666666666667,0.17708333333333334,0.9054483333333333
15659,static_quality,1,0.58,0.24,0.34,0.4,0.62,0.7040816326530612,0.17416666666666666,0.37755102040816324,0.7746266666666631
15659,static_quality,2,0.58,0.24,0.34,0.4,0.62,0.7346938775510204,0.19583333333333333,0.3979591836734694,0.7597599999999957
15659,static_quality,3,0.58,0.24,0.34,0.4,0.62,0.6407766990291263,0.1775,0.4563106796116505,0.7240924999999967
15659,static_quality,4,0.58,0.24,0.34,0.4,0.62,0.6630434782608695,0.17583333333333334,0.41304347826086957,0.7695708333333295
15659,static_quality,5,0.58,0.24,0.34,0.4,0.62,0.7011494252873564,0.18,0.3793103448275862,0.7932666666666627
15659,static_quality,6,0.58,0.24,0.34,0.4,0.62,0.6216216216216216,0.17416666666666666,0.46846846846846846,0.6993824999999966
15659,linear_development,1,0.7511099341610772,0.4798174140509839,0.5760188087486724,0.5893295374086714,0.4441187681980688,0.8227848101265823,0.14333333333333334,0.20253164556962025,0.8862083333333304
15659,linear_development,2,0.8220224715385016,0.6785846889680582,0.7582945347809318,0.7462510702379412,0.3067258031440584,0.8627450980392157,0.09583333333333334,0.21568627450980393,0.8658599999999976
15659,linear_development,3,0.8606593337192774,0.7916055072296045,0.8542420129227422,0.8354780320233723,0.23695094532545816,0.8829787234042553,0.07166666666666667,0.23404255319148937,0.8711649999999981
15659,linear_development,4,0.8877439486195084,0.8750521143447133,0.9197733820913084,0.9013569323774057,0.19385910862763195,0.8928571428571429,0.055,0.24107142857142858,0.8495466666666653
15659,linear_development,5,0.9008358459625171,0.9165134208831681,0.9498907233735747,0.9340895428025016,0.173485630273367,0.9111111111111111,0.041666666666666664,0.25555555555555554,0.8722041666666661
15659,linear_development,6,0.9043465553309965,0.9411119787909116,0.95,0.95,0.18066859468618185,0.8505747126436781,0.0375,0.3333333333333333,0.8434341666666653
15659,interaction_development,1,0.6747368563897759,0.44421658757974025,0.5419584693408157,0.561223621773479,0.4904355630757774,0.6705882352941176,0.16916666666666666,0.38823529411764707,0.7959408333333299
15659,interaction_development,2,0.8161517482876148,0.6503309613423764,0.7333159809948583,0.7239454957966136,0.3473398235908958,0.8461538461538461,0.095,0.25961538461538464,0.8413424999999974
15659,interaction_development,3,0.8710930384120203,0.767763050352948,0.834596045263717,0.8166550397523277,0.2797300118960079,0.8350515463917526,0.060833333333333336,0.29896907216494845,0.8384283333333318
15659,interaction_development,4,0.8919496106234712,0.8332052178704346,0.8876030422395165,0.8683199088450803,0.2400464577223983,0.88,0.04583333333333333,0.26666666666666666,0.8867266666666657
15659,interaction_development,5,0.908385517118311,0.9011906817167255,0.938998688045703,0.9219926434605733,0.18292448026857971,0.8888888888888888,0.045,0.19444444444444445,0.8816758333333323
15659,interaction_development,6,0.9127439414963717,0.9339784588984938,0.95,0.9478777307093377,0.1720704616462208,0.8666666666666667,0.041666666666666664,0.25555555555555554,0.8726599999999991
15659,feedback_development,1,0.7281719240377049,0.6029767009961146,0.6499667621647996,0.561223621773479,0.4931800825218009,0.6704545454545454,0.16916666666666666,0.4090909090909091,0.7808524999999971
15659,feedback_development,2,0.8635075718548649,0.8587536039479846,0.8696420892879757,0.7172196028756277,0.34474025206214903,0.8876404494382022,0.07166666666666667,0.1797752808988764,0.9010108333333325
15659,feedback_development,3,0.9013829907048327,0.95,0.95,0.823157240537258,0.24199709982950296,0.9139784946236559,0.050833333333333335,0.16129032258064516,0.9103099999999998
15659,feedback_development,4,0.9084484858047586,0.95,0.95,0.8832524416706583,0.19931238822232641,0.8888888888888888,0.03833333333333333,0.23333333333333334,0.8833158333333324
15659,feedback_development,5,0.912842954242027,0.95,0.95,0.9282957425651593,0.16709134049772872,0.875,0.0375,0.22115384615384615,0.8736016666666656
15659,feedback_development,6,0.9149654852297249,0.95,0.95,0.95,0.14679375418664853,0.9042553191489362,0.035,0.2127659574468085,0.8889158333333327
15660,static_quality,1,0.58,0.24,0.34,0.4,0.62,0.6796116504854369,0.18833333333333332,0.4077669902912621,0.7463249999999961
15660,static_quality,2,0.58,0.24,0.34,0.4,0.62,0.6764705882352942,0.1875,0.4411764705882353,0.8070891666666624
15660,static_quality,3,0.58,0.24,0.34,0.4,0.62,0.6551724137931034,0.1675,0.41379310344827586,0.7811599999999963
15660,static_quality,4,0.58,0.24,0.34,0.4,0.62,0.5638297872340425,0.19583333333333333,0.5,0.7201599999999964
15660,static_quality,5,0.58,0.24,0.34,0.4,0.62,0.7777777777777778,0.17916666666666667,0.4074074074074074,0.7940249999999953
15660,static_quality,6,0.58,0.24,0.34,0.4,0.62,0.5813953488372093,0.18833333333333332,0.5,0.7420274999999954
15660,linear_development,1,0.750468593099411,0.4798174140509839,0.5760188087486724,0.5893295374086714,0.450226778309175,0.8095238095238095,0.13666666666666666,0.25,0.8620583333333305
15660,linear_development,2,0.8105062281376916,0.6503309613423764,0.7333159809948583,0.7239454957966136,0.340866455870118,0.8222222222222222,0.10166666666666667,0.26666666666666666,0.8547608333333306
15660,linear_development,3,0.8517576123495836,0.7705415332185253,0.8369035958362429,0.8188485788567308,0.26669739982022594,0.8631578947368421,0.06833333333333333,0.2631578947368421,0.8569016666666649
15660,linear_development,4,0.8762024581222516,0.8448259578873488,0.8966892443051965,0.8774941772794864,0.22660501640296798,0.8444444444444444,0.0525,0.2777777777777778,0.8604708333333321
15660,linear_development,5,0.8925701352727824,0.8987832553416816,0.9372603370148569,0.9200920436908018,0.20784863344941323,0.8415841584158416,0.04416666666666667,0.297029702970297,0.8368133333333322
15660,linear_development,6,0.9059862089315747,0.93967720950097,0.95,0.95,0.16227443161539523,0.9333333333333333,0.04416666666666667,0.18095238095238095,0.8917249999999992
15660,interaction_development,1,0.6858917514879317,0.45743581973731673,0.5546495953224815,0.5716598576873552,0.46941318786986336,0.7721518987341772,0.14833333333333334,0.2911392405063291,0.8504583333333293
15660,interaction_development,2,0.8107197293640646,0.6418114969757943,0.7257163011765768,0.7172196028756277,0.3475052060871692,0.7894736842105263,0.095,0.2736842105263158,0.8468558333333308
15660,interaction_development,3,0.8736040765072426,0.7719182840192141,0.8380452706653891,0.8199354873835905,0.26913235181494854,0.8476190476190476,0.060833333333333336,0.2857142857142857,0.8335499999999978
15660,interaction_development,4,0.8980959275396159,0.8530070408928029,0.9030185272939882,0.8839529270206343,0.21525900724910693,0.8736842105263158,0.050833333333333335,0.23157894736842105,0.875546666666666
15660,interaction_development,5,0.9081268596908416,0.8981722890761384,0.9368180634590704,0.919609701902215,0.18019704477768037,0.8961038961038961,0.0475,0.2077922077922078,0.9064591666666657
15660,interaction_development,6,0.9133693451326472,0.9347683406162323,0.95,0.9485013215391312,0.1620331059816007,0.8958333333333334,0.035833333333333335,0.22916666666666666,0.8787599999999998
15660,feedback_development,1,0.7628011901405288,0.6581685398258015,0.6969113708398941,0.5893295374086714,0.45558320429032195,0.7640449438202247,0.14583333333333334,0.29213483146067415,0.8355474999999966
15660,feedback_development,2,0.8701978867137625,0.8745891869215587,0.8835428375134743,0.7305114142779119,0.338866815908016,0.8645833333333334,0.06916666666666667,0.2708333333333333,0.8515649999999985
15660,feedback_development,3,0.9005481363475107,0.95,0.95,0.8263213493876014,0.2551242632891284,0.8936170212765957,0.0475,0.22340425531914893,0.8815099999999988
15660,feedback_development,4,0.9047087748627622,0.95,0.95,0.8729898511817041,0.2436526184140501,0.825,0.035,0.35,0.8490983333333325
15660,feedback_development,5,0.9111466083827073,0.95,0.95,0.9186362661909233,0.1878289254805677,0.9130434782608695,0.04,0.1956521739130435,0.8977966666666662
15660,feedback_development,6,0.9135387120681213,0.95,0.95,0.9472465888989244,0.16999984813198918,0.9263157894736842,0.035,0.24210526315789474,0.8741274999999998
15661,static_quality,1,0.58,0.24,0.34,0.4,0.62,0.654320987654321,0.1975,0.4444444444444444,0.774798333333329
15661,static_quality,2,0.58,0.24,0.34,0.4,0.62,0.7011494252873564,0.20333333333333334,0.42528735632183906,0.7682841666666617
15661,static_quality,3,0.58,0.24,0.34,0.4,0.62,0.5625,0.1925,0.5,0.715835833333329
15661,static_quality,4,0.58,0.24,0.34,0.4,0.62,0.7340425531914894,0.20583333333333334,0.3723404255319149,0.7777566666666614
15661,static_quality,5,0.58,0.24,0.34,0.4,0.62,0.7142857142857143,0.16333333333333333,0.37142857142857144,0.7668783333333301
15661,static_quality,6,0.58,0.24,0.34,0.4,0.62,0.6304347826086957,0.1875,0.41304347826086957,0.766796666666662
15661,linear_development,1,0.743506859634731,0.46714349524443954,0.5639366400664106,0.5793238120350839,0.4817671889199244,0.7346938775510204,0.11583333333333333,0.3979591836734694,0.7768749999999974
15661,linear_development,2,0.7998541220420541,0.6263999280785356,0.7118920395809525,0.7050525747988445,0.3780671896768652,0.8651685393258427,0.10333333333333333,0.33707865168539325,0.8246524999999975
15661,linear_development,3,0.8450874057461986,0.7503711903651132,0.8200487336591412,0.8029246239724581,0.2772740170805353,0.9512195121951219,0.07166666666666667,0.18292682926829268,0.9061316666666653
15661,linear_development,4,0.8746722212878864,0.834205986563212,0.8883898209438399,0.8691099893920098,0.2138751179668104,0.8941176470588236,0.051666666666666666,0.2,0.9004216666666658
15661,linear_development,5,0.8912387059439291,0.8878798085600096,0.9293023534108882,0.9114840593894817,0.1902019424057975,0.8426966292134831,0.05416666666666667,0.2696629213483146,0.8646099999999984
15661,linear_development,6,0.9025021034749671,0.9255340096628845,0.95,0.9412110602601723,0.17202515702670165,0.8901098901098901,0.04666666666666667,0.25274725274725274,0.8712941666666656
15661,interaction_development,1,0.677347829692629,0.4475512880542618,0.54516476005543,0.563856280042838,0.48488602075672843,0.7530864197530864,0.15916666666666668,0.345679012345679,0.8227808333333297
15661,interaction_development,2,0.816707494950436,0.6482202830406202,0.7314360332274504,0.7222791708215428,0.3389691917730144,0.8350515463917526,0.11666666666666667,0.2268041237113402,0.8615949999999977
15661,interaction_development,3,0.8702604917502204,0.7635321158934507,0.8310733601000457,0.8133148283369349,0.27636220635348197,0.8709677419354839,0.07416666666666667,0.2903225806451613,0.8455741666666651
15661,interaction_development,4,0.8921037943112073,0.831185521449051,0.8860128069086998,0.8667254116703038,0.23376765672267477,0.88,0.045,0.25333333333333335,0.8921649999999984
15661,interaction_development,5,0.9052483285948278,0.886522159678402,0.9283020959515077,0.9104122313250547,0.19701046835664943,0.8620689655172413,0.04,0.2413793103448276,0.8828983333333327
15661,interaction_development,6,0.911178692290298,0.9246323106272286,0.95,0.940499192600444,0.1844068718721091,0.8829787234042553,0.035833333333333335,0.2765957446808511,0.8586008333333319
15661,feedback_development,1,0.7781329867249427,0.6852411562273603,0.7200014985714229,0.6038936781442656,0.4427320749142139,0.7835051546391752,0.14583333333333334,0.28865979381443296,0.8253616666666638
15661,feedback_development,2,0.8817294340768437,0.8981555024861588,0.9044020923461453,0.7522864536936188,0.3017151355054066,0.9052631578947369,0.0525,0.17894736842105263,0.9002566666666663
15661,feedback_development,3,0.9019078067305178,0.95,0.95,0.8273634212912758,0.23927442603039076,0.8831168831168831,0.0375,0.22077922077922077,0.903515833333333
15661,feedback_development,4,0.9087010324533876,0.95,0.95,0.8846492094585106,0.19668498030459405,0.8620689655172413,0.03333333333333333,0.22988505747126436,0.8893274999999998
15661,feedback_development,5,0.9125366236430728,0.95,0.95,0.9261053458829397,0.17058725958588988,0.8877551020408163,0.043333333333333335,0.24489795918367346,0.8663708333333322
15661,feedback_development,6,0.9134992747507218,0.95,0.95,0.9497262105357603,0.17418406266108508,0.8478260869565217,0.04083333333333333,0.30434782608695654,0.847819999999999
15662,static_quality,1,0.58,0.24,0.34,0.4,0.62,0.7294117647058823,0.17166666666666666,0.3176470588235294,0.8252491666666628
15662,static_quality,2,0.58,0.24,0.34,0.4,0.62,0.6951219512195121,0.18416666666666667,0.4024390243902439,0.7924024999999957
15662,static_quality,3,0.58,0.24,0.34,0.4,0.62,0.8064516129032258,0.19333333333333333,0.3010752688172043,0.8156058333333285
15662,static_quality,4,0.58,0.24,0.34,0.4,0.62,0.6333333333333333,0.18916666666666668,0.4888888888888889,0.7362424999999964
15662,static_quality,5,0.58,0.24,0.34,0.4,0.62,0.7291666666666666,0.16833333333333333,0.3854166666666667,0.775591666666663
15662,static_quality,6,0.58,0.24,0.34,0.4,0.62,0.7222222222222222,0.17333333333333334,0.37777777777777777,0.7901183333333298
15662,linear_development,1,0.7560260333899378,0.4952367461261602,0.5906518488314734,0.6015026943101264,0.43952430460168473,0.8172043010752689,0.1275,0.26881720430107525,0.8441166666666639
15662,linear_development,2,0.8075574063463357,0.6418114969757943,0.7257163011765768,0.7172196028756277,0.34610543582480185,0.8481012658227848,0.09916666666666667,0.27848101265822783,0.8653574999999978
15662,linear_development,3,0.8511407029258633,0.7691564720508303,0.835753872946871,0.8177551095138137,0.2689444742651983,0.87,0.06583333333333333,0.27,0.8473491666666646
15662,linear_development,4,0.8807424359887439,0.8547656646555614,0.9043715158197099,0.8853413142017595,0.20883624716518348,0.87,0.051666666666666666,0.23,0.8703716666666651
15662,linear_development,5,0.8939410611193233,0.8981722890761384,0.9368180634590704,0.919609701902215,0.19325661520577403,0.8780487804878049,0.05333333333333334,0.2804878048780488,0.869861666666665
15662,linear_development,6,0.9049440025227461,0.9311377883554746,0.95,0.945635096070112,0.1606395270660992,0.925,0.03916666666666667,0.1875,0.9129208333333328
15662,interaction_development,1,0.6860409619878397,0.4606912048188928,0.5577670481552242,0.5742298985412311,0.47771548322790036,0.7111111111111111,0.15833333333333333,0.36666666666666664,0.7978266666666629
15662,interaction_development,2,0.8048650887243528,0.630869679339004,0.7159114337367587,0.7085813257939512,0.3581499201679781,0.8705882352941177,0.10083333333333333,0.25882352941176473,0.8650349999999972
15662,interaction_development,3,0.8716173734350618,0.7635321158934507,0.8310733601000457,0.8133148283369349,0.26541718950404697,0.8723404255319149,0.07666666666666666,0.2127659574468085,0.8801666666666648
15662,interaction_development,4,0.8962302630802566,0.8429469755022578,0.8952275640512759,0.8760107701333619,0.21440627476416269,0.875,0.051666666666666666,0.22727272727272727,0.885002499999999
15662,interaction_development,5,0.9088647255890068,0.8987832553416816,0.9372603370148569,0.9200920436908018,0.16989753024784943,0.9204545454545454,0.041666666666666664,0.17045454545454544,0.912094166666666
15662,interaction_development,6,0.9144473801992543,0.9393130880291448,0.95,0.95,0.1472106585064315,0.9158878504672897,0.025833333333333333,0.205607476635514,0.8806649999999998
15662,feedback_development,1,0.7558519150494977,0.6483135255179068,0.6885705457959387,0.5843567819478961,0.4659736518143932,0.7473684210526316,0.15833333333333333,0.35789473684210527,0.792669166666663
15662,feedback_development,2,0.8691209075582986,0.876186828460601,0.8849852639738178,0.7321283457922444,0.3503033167186562,0.8380952380952381,0.0725,0.3047619047619048,0.8209858333333316
15662,feedback_development,3,0.9011080582452773,0.95,0.95,0.8273634212912758,0.24924685906972427,0.9425287356321839,0.04416666666666667,0.16091954022988506,0.9171808333333334
15662,feedback_development,4,0.9090374800995566,0.95,0.95,0.891386347333852,0.19754422925110232,0.8686868686868687,0.03666666666666667,0.2222222222222222,0.8781716666666651
15662,feedback_development,5,0.9121803324513688,0.95,0.95,0.9238480377257655,0.17482920407826075,0.8961038961038961,0.035,0.23376623376623376,0.8989974999999992
15662,feedback_development,6,0.9143386109700071,0.95,0.95,0.9481904643250817,0.15604511919576977,0.9146341463414634,0.0275,0.21951219512195122,0.900581666666667
15663,static_quality,1,0.58,0.24,0.34,0.4,0.62,0.6756756756756757,0.17416666666666666,0.4189189189189189,0.8051233333333289
15663,static_quality,2,0.58,0.24,0.34,0.4,0.62,0.7078651685393258,0.19,0.4044943820224719,0.7765799999999956
15663,static_quality,3,0.58,0.24,0.34,0.4,0.62,0.7422680412371134,0.18333333333333332,0.38144329896907214,0.772648333333329
15663,static_quality,4,0.58,0.24,0.34,0.4,0.62,0.7525773195876289,0.1975,0.32989690721649484,0.7947958333333281
15663,static_quality,5,0.58,0.24,0.34,0.4,0.62,0.7058823529411765,0.18916666666666668,0.38823529411764707,0.7915574999999953
15663,static_quality,6,0.58,0.24,0.34,0.4,0.62,0.7058823529411765,0.21,0.4117647058823529,0.7767849999999955
15663,linear_development,1,0.738015124096395,0.4508659803259362,0.548348606735042,0.5664731423625811,0.4893532142197967,0.8160919540229885,0.1075,0.3793103448275862,0.8086616666666643
15663,linear_development,2,0.813904397614555,0.6586477914186877,0.7407050936755805,0.7305114142779119,0.3307747982811798,0.8585858585858586,0.08916666666666667,0.20202020202020202,0.8770849999999987
15663,linear_development,3,0.8609608558340951,0.7940987389411096,0.856275482600457,0.8374463728482447,0.24057434835080976,0.897196261682243,0.06666666666666667,0.21495327102803738,0.8669733333333312
15663,linear_development,4,0.8833522586106136,0.8615922601839825,0.9095973295028459,0.8907307317241973,0.20142262035756237,0.896551724137931,0.04583333333333333,0.2413793103448276,0.8814683333333323
15663,linear_development,5,0.8981149833245528,0.9064001047850562,0.942735903628434,0.9261053458829397,0.1716951777198957,0.9146341463414634,0.045,0.2073170731707317,0.9014041666666665
15663,linear_development,6,0.9047683777479137,0.9335799385296719,0.95,0.9475631093655309,0.16668230743888116,0.8571428571428571,0.04583333333333333,0.2597402597402597,0.8867858333333329
15663,interaction_development,1,0.6994170387761183,0.47667747892453105,0.5730300188808383,0.5868506412562087,0.45633882054552166,0.75,0.14,0.29545454545454547,0.836899999999997
15663,interaction_development,2,0.8097811706508906,0.6439606279939396,0.7276362870683408,0.7189162852583739,0.36531996946907613,0.8235294117647058,0.1,0.37254901960784315,0.7850658333333307
15663,interaction_development,3,0.8600824362205717,0.7442891427330978,0.8149206723220334,0.798123007420867,0.30710619774112574,0.8518518518518519,0.0675,0.32098765432098764,0.8521258333333319
15663,interaction_development,4,0.892056885223097,0.8332052178704346,0.8876030422395165,0.8683199088450803,0.2388986179547968,0.8387096774193549,0.0575,0.23655913978494625,0.8740591666666654
15663,interaction_development,5,0.9046156089214776,0.8844548000022796,0.9267751122511443,0.908780105264958,0.2013485297188131,0.8875,0.055,0.2375,0.8892683333333327
15663,interaction_development,6,0.9121731389479837,0.9264249207712777,0.95,0.9419144111352197,0.1701868624739023,0.8865979381443299,0.04083333333333333,0.2268041237113402,0.8774691666666657
15663,feedback_development,1,0.6939742484011697,0.5412847913086766,0.5974404973159725,0.5311941626511121,0.5170519210875086,0.6285714285714286,0.17083333333333334,0.4142857142857143,0.8158208333333296
15663,feedback_development,2,0.8579433295011214,0.8435216406375396,0.8563122271163739,0.7050525747988445,0.3554137177958304,0.8969072164948454,0.07916666666666666,0.20618556701030927,0.8794824999999982
15663,feedback_development,3,0.8956926601640436,0.9386274649748413,0.9408525764251888,0.798123007420867,0.2690889601942357,0.8974358974358975,0.055,0.19230769230769232,0.9098391666666661
15663,feedback_development,4,0.9080689841502063,0.95,0.95,0.8760107701333619,0.19851848842671252,0.9387755102040817,0.04,0.17346938775510204,0.9024608333333322
15663,feedback_development,5,0.9115966995943254,0.95,0.95,0.9151354760238753,0.17710289418822706,0.8352941176470589,0.030833333333333334,0.25882352941176473,0.8796041666666665
15663,feedback_development,6,0.9130389083360523,0.95,0.95,0.9397787050273917,0.17377908380325882,0.8888888888888888,0.0325,0.2962962962962963,0.8695524999999991
15664,static_quality,1,0.58,0.24,0.34,0.4,0.62,0.7157894736842105,0.19,0.4,0.7663324999999951
15664,static_quality,2,0.58,0.24,0.34,0.4,0.62,0.68,0.16916666666666666,0.4266666666666667,0.8009874999999963
15664,static_quality,3,0.58,0.24,0.34,0.4,0.62,0.7032967032967034,0.185,0.3516483516483517,0.7974824999999953
15664,static_quality,4,0.58,0.24,0.34,0.4,0.62,0.6504854368932039,0.17833333333333334,0.4174757281553398,0.7437116666666624
15664,static_quality,5,0.58,0.24,0.34,0.4,0.62,0.6582278481012658,0.185,0.4430379746835443,0.7823499999999953
15664,static_quality,6,0.58,0.24,0.34,0.4,0.62,0.7790697674418605,0.1725,0.3023255813953488,0.8302174999999955
15664,linear_development,1,0.7346854181752626,0.4408617581285113,0.5387295763754438,0.5585750722067193,0.49354337647007795,0.7023809523809523,0.11666666666666667,0.39285714285714285,0.8069874999999972
15664,linear_development,2,0.7988231837489503,0.6218760531787664,0.7078157774927539,0.7014810946148162,0.37571403243919044,0.8125,0.1025,0.3229166666666667,0.8196808333333309
15664,linear_development,3,0.8355335379316118,0.7316768813298887,0.8042219830274997,0.7881659589446496,0.31898350966764044,0.7777777777777778,0.06916666666666667,0.36666666666666664,0.8167608333333322
15664,linear_development,4,0.8639734199368101,0.8141221924636307,0.8724536357375947,0.8532543624712877,0.2594200364547359,0.8780487804878049,0.0675,0.25609756097560976,0.8771774999999987
15664,linear_development,5,0.8858088946237426,0.8765469908486933,0.9208926236377526,0.9025370980384424,0.21608247801305333,0.8901098901098901,0.04833333333333333,0.25274725274725274,0.871259999999999
15664,linear_development,6,0.9008851674905634,0.9184991377050886,0.95,0.935657213977702,0.17667856605837692,0.9080459770114943,0.0375,0.20689655172413793,0.8983249999999993
15664,interaction_development,1,0.7174821670791999,0.5042680792933337,0.5991881262342065,0.6086326941789476,0.43479235876465716,0.7766990291262136,0.1575,0.3106796116504854,0.8029858333333303
15664,interaction_development,2,0.8223404982499398,0.6606959046701756,0.7425201580198514,0.7321283457922444,0.33207693209037814,0.8352941176470589,0.08833333333333333,0.25882352941176473,0.8678391666666647
15664,interaction_development,3,0.871572106117844,0.76495092319809,0.8322558465793454,0.8144349393669134,0.26919665660971737,0.8690476190476191,0.06,0.27380952380952384,0.8683824999999983
15664,interaction_development,4,0.8948419238165002,0.8391204781634913,0.8922418697079777,0.8729898511817041,0.22166115459572563,0.9024390243902439,0.06,0.23170731707317074,0.8885791666666654
15664,interaction_development,5,0.9061908698796353,0.8912032924882373,0.9317423708400692,0.9141078624907143,0.1938362247089457,0.8953488372093024,0.035,0.2441860465116279,0.884118333333333
15664,interaction_development,6,0.9109401582099566,0.9241773748764875,0.95,0.9401400327972274,0.18767425394605453,0.9069767441860465,0.03666666666666667,0.3023255813953488,0.858789999999999
15664,feedback_development,1,0.7738005661219333,0.676238464842733,0.7123470779447901,0.5990972779779944,0.4456275000667805,0.7835051546391752,0.14916666666666667,0.30927835051546393,0.8146158333333304
15664,feedback_development,2,0.8694057703996794,0.8688855757579816,0.8785240905499675,0.7256018228218339,0.33201784482469254,0.8765432098765432,0.0725,0.2222222222222222,0.891203333333332
15664,feedback_development,3,0.9020592127024085,0.95,0.95,0.8304522722470333,0.24019067128347607,0.8787878787878788,0.04,0.1919191919191919,0.8927700000000001
15664,feedback_development,4,0.9096735575381327,0.95,0.95,0.8920380292498489,0.1880681291617182,0.8723404255319149,0.034166666666666665,0.20212765957446807,0.8938858333333326
15664,feedback_development,5,0.9121743992864813,0.95,0.95,0.9274274849956473,0.1781170426189449,0.8586956521739131,0.03666666666666667,0.2826086956521739,0.8584299999999995
15664,feedback_development,6,0.9154534354378484,0.95,0.95,0.95,0.1371035279609142,0.9479166666666666,0.030833333333333334,0.14583333333333334,0.9195324999999995
15665,static_quality,1,0.58,0.24,0.34,0.4,0.62,0.6823529411764706,0.19833333333333333,0.36470588235294116,0.7995874999999956
15665,static_quality,2,0.58,0.24,0.34,0.4,0.62,0.6808510638297872,0.18583333333333332,0.3723404255319149,0.7821991666666619
15665,static_quality,3,0.58,0.24,0.34,0.4,0.62,0.7415730337078652,0.185,0.3707865168539326,0.7923908333333297
15665,static_quality,4,0.58,0.24,0.34,0.4,0.62,0.6091954022988506,0.19833333333333333,0.5172413793103449,0.7292891666666624
15665,static_quality,5,0.58,0.24,0.34,0.4,0.62,0.7387387387387387,0.1875,0.34234234234234234,0.7667041666666622
15665,static_quality,6,0.58,0.24,0.34,0.4,0.62,0.7528089887640449,0.18833333333333332,0.29213483146067415,0.8265149999999953
15665,linear_development,1,0.7557002985155832,0.4952367461261602,0.5906518488314734,0.6015026943101264,0.4426265415003006,0.8279569892473119,0.12833333333333333,0.26881720430107525,0.8443158333333304
15665,linear_development,2,0.8222280021350119,0.6824301017492445,0.761666567726203,0.7492869224336145,0.31502166681371,0.8514851485148515,0.09416666666666666,0.2376237623762376,0.8562891666666642
15665,linear_development,3,0.8647256730536186,0.8061245358857908,0.8660251300965454,0.8469404230677299,0.23598844092036478,0.9150943396226415,0.075,0.22641509433962265,0.8604041666666651
15665,linear_development,4,0.8912814332118694,0.8809251654760256,0.9241575293588584,0.9059935516915996,0.17506259688963202,0.9587628865979382,0.049166666666666664,0.16494845360824742,0.9057349999999996
15665,linear_development,5,0.9022715501812854,0.9204376245250306,0.95,0.9371875983092351,0.1669437925363099,0.8901098901098901,0.04666666666666667,0.26373626373626374,0.866378333333332
15665,linear_development,6,0.9076966496172647,0.95,0.95,0.95,0.15765095602604873,0.8859649122807017,0.035,0.2543859649122807,0.8436016666666653
15665,interaction_development,1,0.6946149362661639,0.4735185904673351,0.5700201600008442,0.5843567819478961,0.4709346001828106,0.7244897959183674,0.16833333333333333,0.37755102040816324,0.7758749999999963
15665,interaction_development,2,0.8163498710987449,0.6524289755743222,0.7351827691278943,0.7256018228218339,0.3515046543433239,0.8144329896907216,0.10416666666666667,0.28865979381443296,0.833925833333331
15665,interaction_development,3,0.8680870976608474,0.7606687569010144,0.8286833211128917,0.8110542817639589,0.2866074097758626,0.8620689655172413,0.06583333333333333,0.28735632183908044,0.8578141666666643
15665,interaction_development,4,0.8935093446948417,0.8400857552945104,0.8929961766200218,0.8737519120746139,0.23878058388196333,0.8571428571428571,0.050833333333333335,0.26373626373626374,0.8657341666666658
15665,interaction_development,5,0.9056345353169718,0.8892212145303976,0.9302886562784529,0.912543064102946,0.19749844175151907,0.8831168831168831,0.041666666666666664,0.2077922077922078,0.9072000000000005
15665,interaction_development,6,0.9130008034864583,0.9290342094982003,0.95,0.9439743759196322,0.15793983954901494,0.9325842696629213,0.03666666666666667,0.16853932584269662,0.9137725000000004
15665,feedback_development,1,0.7912419880846286,0.7063666875154946,0.7380435221650035,0.6156351225500359,0.4262026770293962,0.8316831683168316,0.15166666666666667,0.26732673267326734,0.8286483333333305
15665,feedback_development,2,0.8695749262422388,0.8745312324671183,0.8834998538509468,0.7305114142779119,0.34329063887726624,0.7865168539325843,0.056666666666666664,0.33707865168539325,0.8344658333333321
15665,feedback_development,3,0.9009283625892823,0.95,0.95,0.8283992407635282,0.25238479455578594,0.8936170212765957,0.049166666666666664,0.20212765957446807,0.8911416666666654
15665,feedback_development,4,0.9101657155584193,0.95,0.95,0.8958668250346142,0.18358590681508755,0.91,0.0425,0.17,0.9023674999999993
15665,feedback_development,5,0.9132706607176708,0.95,0.95,0.9332914416099226,0.1638351024971894,0.9072164948453608,0.03833333333333333,0.23711340206185566,0.8731108333333322
15665,feedback_development,6,0.9149936312937709,0.95,0.95,0.95,0.14624184127445553,0.8690476190476191,0.03333333333333333,0.21428571428571427,0.8992399999999998
15666,static_quality,1,0.58,0.24,0.34,0.4,0.62,0.7526881720430108,0.17333333333333334,0.3655913978494624,0.7892966666666623
15666,static_quality,2,0.58,0.24,0.34,0.4,0.62,0.7032967032967034,0.15333333333333332,0.43956043956043955,0.7641666666666631
15666,static_quality,3,0.58,0.24,0.34,0.4,0.62,0.69,0.1725,0.42,0.7497116666666627
15666,static_quality,4,0.58,0.24,0.34,0.4,0.62,0.7341772151898734,0.17083333333333334,0.3291139240506329,0.8305324999999953
15666,static_quality,5,0.58,0.24,0.34,0.4,0.62,0.6947368421052632,0.1925,0.4,0.7659783333333287
15666,static_quality,6,0.58,0.24,0.34,0.4,0.62,0.7209302325581395,0.19916666666666666,0.3023255813953488,0.8241808333333284
15666,linear_development,1,0.7369333180817297,0.44421658757974025,0.5419584693408157,0.561223621773479,0.4813670779156569,0.84,0.11666666666666667,0.30666666666666664,0.8569158333333307
15666,linear_development,2,0.7945876450194121,0.6103252545481868,0.6973710168964118,0.6923620430643587,0.3849378857526507,0.7741935483870968,0.10833333333333334,0.3655913978494624,0.8035258333333303
15666,linear_development,3,0.8332715155000818,0.7251393587141718,0.7986429076483321,0.78300475687961,0.3232487803841912,0.797752808988764,0.0675,0.34831460674157305,0.8268833333333315
15666,linear_development,4,0.8687853165038668,0.8217899335927608,0.878573682898283,0.8593078423100747,0.23790653971667175,0.8876404494382022,0.060833333333333336,0.19101123595505617,0.8983874999999987
15666,linear_development,5,0.8923346623386028,0.8858371827750523,0.9277966726601286,0.9098714600855681,0.17746091229596048,0.9431818181818182,0.058333333333333334,0.1590909090909091,0.9140666666666653
15666,linear_development,6,0.9033003779603486,0.9227960246738942,0.95,0.9390494931636011,0.16136572773893795,0.9176470588235294,0.04833333333333333,0.23529411764705882,0.886175833333332
15666,interaction_development,1,0.6586410628306945,0.4203032171612329,0.5188725697096852,0.5423446451272891,0.5064753031369852,0.64,0.17666666666666667,0.4,0.8092358333333287
15666,interaction_development,2,0.7723952833360765,0.5861543292344334,0.6753480366950814,0.6732797336061322,0.3957959923735795,0.7777777777777778,0.15,0.30864197530864196,0.8400249999999967
15666,interaction_development,3,0.8486559828473323,0.7133130893767804,0.7884942435799079,0.7736682284553535,0.3107059335515376,0.8588235294117647,0.07333333333333333,0.2823529411764706,0.8605499999999989
15666,interaction_development,4,0.8856739415219628,0.8095933975668225,0.8688189540120225,0.8496789980790707,0.24545369225275826,0.8791208791208791,0.04416666666666667,0.25274725274725274,0.872101666666666
15666,interaction_development,5,0.904570856130966,0.8802064038994222,0.9236228895859602,0.9054261083416495,0.19240695959772425,0.9183673469387755,0.056666666666666664,0.21428571428571427,0.8793974999999983
15666,interaction_development,6,0.9134556229427206,0.9290342094982003,0.95,0.9439743759196322,0.1512155238374517,0.8962264150943396,0.04416666666666667,0.1792452830188679,0.8917558333333325
15666,feedback_development,1,0.7428669716593839,0.6289301247894518,0.6720319734901031,0.5742298985412311,0.4824247901229838,0.7065217391304348,0.16333333333333333,0.3804347826086957,0.7871124999999963
15666,feedback_development,2,0.87054150418128,0.8725538468918923,0.881773153821982,0.7288847226135935,0.3319908133068008,0.8695652173913043,0.07583333333333334,0.18478260869565216,0.8952916666666658
15666,feedback_development,3,0.9016202839787337,0.95,0.95,0.8283992407635282,0.24383924416850353,0.9042553191489362,0.04,0.19148936170212766,0.8974474999999992
15666,feedback_development,4,0.9095030644514784,0.95,0.95,0.8853413142017595,0.1846726031606644,0.9487179487179487,0.03166666666666667,0.14102564102564102,0.9347225000000003
15666,feedback_development,5,0.9141832194780013,0.95,0.95,0.929578690627303,0.14338774832685727,0.9375,0.03333333333333333,0.15625,0.9139175
15666,feedback_development,6,0.9149892231585824,0.95,0.95,0.95,0.1463283359889428,0.8823529411764706,0.035,0.25882352941176473,0.8787941666666658
15667,static_quality,1,0.58,0.24,0.34,0.4,0.62,0.8170731707317073,0.19666666666666666,0.25609756097560976,0.8500358333333277
15667,static_quality,2,0.58,0.24,0.34,0.4,0.62,0.7241379310344828,0.1825,0.367816091954023,0.7979749999999961
15667,static_quality,3,0.58,0.24,0.34,0.4,0.62,0.7816091954022989,0.19166666666666668,0.2988505747126437,0.825755833333328
15667,static_quality,4,0.58,0.24,0.34,0.4,0.62,0.7070707070707071,0.19916666666666666,0.36363636363636365,0.7740649999999951
15667,static_quality,5,0.58,0.24,0.34,0.4,0.62,0.7865168539325843,0.15083333333333335,0.3258426966292135,0.8197649999999959
15667,static_quality,6,0.58,0.24,0.34,0.4,0.62,0.7294117647058823,0.17583333333333334,0.38823529411764707,0.794424999999996
15667,linear_development,1,0.7441934307974803,0.46714349524443954,0.5639366400664106,0.5793238120350839,0.4752284159413591,0.7634408602150538,0.12666666666666668,0.3655913978494624,0.7996024999999972
15667,linear_development,2,0.7925038600314427,0.605606733507875,0.6930893058016506,0.6886368948746389,0.3833206516728125,0.7746478873239436,0.085,0.29577464788732394,0.8735283333333311
15667,linear_development,3,0.8468844917935903,0.756308577329242,0.8250347099054556,0.8076120347336122,0.27027260097479383,0.8613861386138614,0.08,0.2079207920792079,0.874488333333332
15667,linear_development,4,0.8749358799381017,0.8391204781634913,0.8922418697079777,0.8729898511817041,0.22401048535696608,0.8736842105263158,0.05416666666666667,0.2736842105263158,0.8544383333333319
15667,linear_development,5,0.8943716844920342,0.895691321478673,0.9350175712893436,0.9176510432726371,0.1802425490037671,0.8764044943820225,0.03916666666666667,0.19101123595505617,0.9028541666666666
15667,linear_development,6,0.9046942769307954,0.9303039447504692,0.95,0.9449767984872129,0.16152572484915398,0.8850574712643678,0.03833333333333333,0.22988505747126436,0.8885574999999997
15667,interaction_development,1,0.686572959543798,0.45743581973731673,0.5546495953224815,0.5716598576873552,0.46598872965499216,0.8026315789473685,0.16583333333333333,0.2631578947368421,0.8614466666666626
15667,interaction_development,2,0.7903379019682875,0.6103252545481868,0.6973710168964118,0.6923620430643587,0.37953453815109606,0.7558139534883721,0.10666666666666667,0.36046511627906974,0.8186249999999976
15667,interaction_development,3,0.8522119736505318,0.7251393587141718,0.7986429076483321,0.78300475687961,0.3157014310223493,0.788235294117647,0.08083333333333333,0.3176470588235294,0.8443208333333313
15667,interaction_development,4,0.8877907610817715,0.820714218906198,0.8777177068462064,0.8584585938733146,0.25439329992096443,0.8686868686868687,0.04416666666666667,0.2828282828282828,0.8468741666666658
15667,interaction_development,5,0.9043561979658763,0.8830556781354927,0.9257390984131055,0.9076755353701262,0.20184946560156913,0.8901098901098901,0.05583333333333333,0.21978021978021978,0.8839033333333327
15667,interaction_development,6,0.9107607560759372,0.9175122543157219,0.95,0.9348780955124125,0.1801706412512882,0.8552631578947368,0.04,0.23684210526315788,0.8981408333333321
15667,feedback_development,1,0.7438819991572945,0.6240737578265783,0.6678706719920989,0.5716598576873552,0.46847664011711526,0.7974683544303798,0.15166666666666667,0.2911392405063291,0.8493458333333305
15667,feedback_development,2,0.8727849773526594,0.8764338415356752,0.8851685840771553,0.7321283457922444,0.3237491331286079,0.900990099009901,0.075,0.22772277227722773,0.8654941666666648
15667,feedback_development,3,0.9003009919827021,0.95,0.95,0.8210158744592889,0.25329989498217015,0.8863636363636364,0.049166666666666664,0.23863636363636365,0.880769999999999
15667,feedback_development,4,0.9086918428464261,0.95,0.95,0.8804079614533344,0.19295816468732968,0.925,0.0425,0.1625,0.9224133333333322
15667,feedback_development,5,0.9140010043354249,0.95,0.95,0.9256593016930983,0.14325696630546694,0.9120879120879121,0.03833333333333333,0.13186813186813187,0.9278958333333335
15667,feedback_development,6,0.9158376554800578,0.95,0.95,0.95,0.1292859968328478,0.9523809523809523,0.03166666666666667,0.20238095238095238,0.9044758333333327
15668,static_quality,1,0.58,0.24,0.34,0.4,0.62,0.7222222222222222,0.19,0.4222222222222222,0.7662308333333289
15668,static_quality,2,0.58,0.24,0.34,0.4,0.62,0.8252427184466019,0.17083333333333334,0.2912621359223301,0.810153333333329
15668,static_quality,3,0.58,0.24,0.34,0.4,0.62,0.6702127659574468,0.17416666666666666,0.44680851063829785,0.7499516666666628
15668,static_quality,4,0.58,0.24,0.34,0.4,0.62,0.7264150943396226,0.20666666666666667,0.3867924528301887,0.747543333333329
15668,static_quality,5,0.58,0.24,0.34,0.4,0.62,0.6458333333333334,0.18083333333333335,0.4583333333333333,0.737895833333329
15668,static_quality,6,0.58,0.24,0.34,0.4,0.62,0.7684210526315789,0.185,0.3368421052631579,0.7977341666666611
15668,linear_development,1,0.7534123489783077,0.49218988543879294,0.5877662123176972,0.5990972779779944,0.4560786235601257,0.7572815533980582,0.12583333333333332,0.34951456310679613,0.7894158333333305
15668,linear_development,2,0.8205802772965679,0.6824301017492445,0.761666567726203,0.7492869224336145,0.3307142843227007,0.8411214953271028,0.08416666666666667,0.27102803738317754,0.8335524999999977
15668,linear_development,3,0.8636161207550903,0.8061245358857908,0.8660251300965454,0.8469404230677299,0.2465556056682524,0.8773584905660378,0.05333333333333334,0.22641509433962265,0.8650616666666652
15668,linear_development,4,0.8881082066103175,0.8742979017552448,0.9192078369499581,0.90076150138572,0.18847479618313673,0.9540229885057471,0.05,0.1724137931034483,0.9107666666666656
15668,linear_development,5,0.8982077535903812,0.911866867485341,0.9466204514001462,0.930421211172638,0.1869299244354469,0.8604651162790697,0.049166666666666664,0.313953488372093,0.8506966666666655
15668,linear_development,6,0.9050468845056617,0.9418165150766571,0.95,0.95,0.17470332930844926,0.8829787234042553,0.04416666666666667,0.26595744680851063,0.8616974999999987
15668,interaction_development,1,0.6972908917746257,0.47667747892453105,0.5730300188808383,0.5868506412562087,0.4666311005650083,0.7708333333333334,0.175,0.3541666666666667,0.7888758333333294
15668,interaction_development,2,0.8238993052754631,0.6606959046701756,0.7425201580198514,0.7321283457922444,0.3304402246520262,0.8681318681318682,0.09833333333333333,0.2087912087912088,0.8802308333333313
15668,interaction_development,3,0.8741640542152709,0.7719182840192141,0.8380452706653891,0.8199354873835905,0.2644659005839984,0.9444444444444444,0.051666666666666666,0.26666666666666666,0.8652924999999988
15668,interaction_development,4,0.8967182061555512,0.8485167511742229,0.8995517135967844,0.8804079614533344,0.22148524674452905,0.8791208791208791,0.043333333333333335,0.25274725274725274,0.8721249999999992
15668,interaction_development,5,0.9090395242679672,0.9069617041563458,0.943136752303035,0.926548713807642,0.1854463683559796,0.8691588785046729,0.04,0.24299065420560748,0.8576458333333321
15668,interaction_development,6,0.9146021092963754,0.9445513719344633,0.95,0.95,0.1489627505737619,0.9047619047619048,0.03,0.18095238095238095,0.8946741666666662
15668,feedback_development,1,0.7472933593929454,0.6337033426137071,0.6761266966005037,0.5767845191499837,0.47336205646584617,0.7608695652173914,0.13416666666666666,0.3695652173913043,0.798043333333331
15668,feedback_development,2,0.8588185845579381,0.8499107147905884,0.8619415264468971,0.7103298378391875,0.36359435504560206,0.8043478260869565,0.08,0.31521739130434784,0.834043333333332
15668,feedback_development,3,0.8887128339085346,0.92736365852969,0.930656576623336,0.7843067283383324,0.3103992814663575,0.875,0.04416666666666667,0.3194444444444444,0.8719399999999993
15668,feedback_development,4,0.9050785362423115,0.95,0.95,0.8651116069356823,0.23176050463126147,0.8469387755102041,0.05333333333333334,0.20408163265306123,0.8847199999999994
15668,feedback_development,5,0.9102331673326872,0.95,0.95,0.9076755353701262,0.19311777634451524,0.875,0.035833333333333335,0.2125,0.9035624999999997
15668,feedback_development,6,0.9135884946744968,0.95,0.95,0.9394151962046194,0.163480744199964,0.8863636363636364,0.028333333333333332,0.20454545454545456,0.9005199999999989
15669,static_quality,1,0.58,0.24,0.34,0.4,0.62,0.7111111111111111,0.1975,0.4,0.7751641666666622
15669,static_quality,2,0.58,0.24,0.34,0.4,0.62,0.6444444444444445,0.16583333333333333,0.4777777777777778,0.746501666666663
15669,static_quality,3,0.58,0.24,0.34,0.4,0.62,0.7195121951219512,0.18083333333333335,0.4024390243902439,0.79314333333333
15669,static_quality,4,0.58,0.24,0.34,0.4,0.62,0.693069306930693,0.17583333333333334,0.36633663366336633,0.7742233333333292
15669,static_quality,5,0.58,0.24,0.34,0.4,0.62,0.6904761904761905,0.16583333333333333,0.42857142857142855,0.7815341666666629
15669,static_quality,6,0.58,0.24,0.34,0.4,0.62,0.6831683168316832,0.1525,0.43564356435643564,0.7441816666666633
15669,linear_development,1,0.746214403801712,0.4703406342729729,0.5669890835859458,0.5818478691628733,0.46475469367215355,0.8222222222222222,0.13,0.3333333333333333,0.8188558333333302
15669,linear_development,2,0.8138751028190623,0.6586477914186877,0.7407050936755805,0.7305114142779119,0.3310537963334915,0.8617021276595744,0.085,0.22340425531914893,0.8732674999999982
15669,linear_development,3,0.8516514445949268,0.767763050352948,0.834596045263717,0.8166550397523277,0.26042894875064226,0.8809523809523809,0.07,0.23809523809523808,0.881699999999998
15669,linear_development,4,0.8810254898994199,0.8521197594494999,0.9023348713937445,0.8832524416706583,0.19936907347180818,0.8924731182795699,0.04583333333333333,0.1935483870967742,0.8967116666666656
15669,linear_development,5,0.8959233837545859,0.9023728364006665,0.9398497173487774,0.922925923474211,0.18492577479902586,0.8645833333333334,0.056666666666666664,0.28125,0.8493724999999983
15669,linear_development,6,0.9085441164532373,0.9411119787909116,0.95,0.95,0.14069182209341324,0.9081632653061225,0.045,0.14285714285714285,0.9165516666666655
15669,interaction_development,1,0.6725009659495902,0.4408617581285113,0.5387295763754438,0.5585750722067193,0.49102370200383344,0.7530864197530864,0.14333333333333334,0.37037037037037035,0.8161999999999967
15669,interaction_development,2,0.8077143767204975,0.6374742387684197,0.7218356300514243,0.7137954516592794,0.3599672206687176,0.803921568627451,0.1025,0.29411764705882354,0.8240533333333309
15669,interaction_development,3,0.8560772145387117,0.7332868200419094,0.8055924291463072,0.7894369631909817,0.30901914651581636,0.7763157894736842,0.08416666666666667,0.32894736842105265,0.8537949999999984
15669,interaction_development,4,0.889552718057252,0.8260286355547277,0.8819380867452655,0.8626541859642591,0.24875477239383345,0.8163265306122449,0.0525,0.2755102040816326,0.849823333333332
15669,interaction_development,5,0.9078165626521256,0.8944282611956175,0.9340981749277608,0.9166538904175933,0.1765623811401881,0.9489795918367347,0.03666666666666667,0.15306122448979592,0.9136799999999994
15669,interaction_development,6,0.9125949471611436,0.929460004241211,0.95,0.9443105296641144,0.16756495244150704,0.9111111111111111,0.049166666666666664,0.25555555555555554,0.870869166666665
15669,feedback_development,1,0.7067665938024922,0.5646554902537452,0.6173255134749714,0.5423446451272891,0.508074909574026,0.72,0.1775,0.4,0.8095158333333287
15669,feedback_development,2,0.8531130793445627,0.8339967130164381,0.8480227690129905,0.6978663678396498,0.3658005854185327,0.8555555555555555,0.08333333333333333,0.23333333333333334,0.8733758333333314
15669,feedback_development,3,0.8986989842639908,0.95,0.95,0.8155483297307119,0.26719314684006945,0.8807339449541285,0.0525,0.24770642201834864,0.8500008333333319
15669,feedback_development,4,0.9083022730970317,0.95,0.95,0.8846492094585106,0.20281016508839347,0.9081632653061225,0.04666666666666667,0.20408163265306123,0.886271666666666
15669,feedback_development,5,0.9117541105901471,0.95,0.95,0.9166538904175933,0.1757666738000834,0.9264705882352942,0.04666666666666667,0.20588235294117646,0.9160858333333334
15669,feedback_development,6,0.9144929914903768,0.95,0.95,0.9462855177807291,0.15262070875371175,0.9230769230769231,0.03916666666666667,0.1978021978021978,0.8978974999999995
15670,static_quality,1,0.58,0.24,0.34,0.4,0.62,0.6699029126213593,0.17083333333333334,0.3883495145631068,0.759959999999996
15670,static_quality,2,0.58,0.24,0.34,0.4,0.62,0.7934782608695652,0.17916666666666667,0.31521739130434784,0.8133141666666619
15670,static_quality,3,0.58,0.24,0.34,0.4,0.62,0.7157894736842105,0.19,0.4105263157894737,0.7613141666666619
15670,static_quality,4,0.58,0.24,0.34,0.4,0.62,0.673469387755102,0.185,0.40816326530612246,0.7574374999999963
15670,static_quality,5,0.58,0.24,0.34,0.4,0.62,0.6179775280898876,0.17333333333333334,0.43820224719101125,0.7651958333333296
15670,static_quality,6,0.58,0.24,0.34,0.4,0.62,0.7023809523809523,0.1975,0.39285714285714285,0.789740833333329
15670,linear_development,1,0.7506205091393948,0.4798174140509839,0.5760188087486724,0.5893295374086714,0.4487799588807581,0.8095238095238095,0.11583333333333333,0.25,0.8673008333333311
15670,linear_development,2,0.8166564976639983,0.6647553388667016,0.7461122592953164,0.735333162263186,0.3209007826728383,0.9148936170212766,0.08583333333333333,0.22340425531914893,0.8732808333333307
15670,linear_development,3,0.8485647911026755,0.7577707258652665,0.8262594669361174,0.8087663625252105,0.2636080686344474,0.8591549295774648,0.07666666666666666,0.23943661971830985,0.8951408333333319
15670,linear_development,4,0.880296584653725,0.8494256506671776,0.9002548516016069,0.8811255136846144,0.1994099716322085,0.8979591836734694,0.0675,0.19387755102040816,0.8870699999999986
15670,linear_development,5,0.8954859497860397,0.895691321478673,0.9350175712893436,0.9176510432726371,0.17230327141170304,0.8831168831168831,0.05,0.2077922077922078,0.9057699999999986
15670,linear_development,6,0.907039351583647,0.9319616558555897,0.95,0.9462855177807291,0.14215811093491726,0.9411764705882353,0.055,0.16470588235294117,0.9148074999999997
15670,interaction_development,1,0.7093022931412118,0.49218988543879294,0.5877662123176972,0.5990972779779944,0.4514549713701817,0.7171717171717171,0.1725,0.32323232323232326,0.7998491666666622
15670,interaction_development,2,0.8172216186643092,0.6524289755743222,0.7351827691278943,0.7256018228218339,0.34678170235823985,0.8160919540229885,0.10666666666666667,0.27586206896551724,0.8536149999999971
15670,interaction_development,3,0.8758791036843313,0.7746470536692083,0.8403047010943363,0.8220897792125332,0.2564332235269611,0.9565217391304348,0.058333333333333334,0.21739130434782608,0.8840816666666652
15670,interaction_development,4,0.9018890867707489,0.8632481703831413,0.9108585371589517,0.8920380292498489,0.19040761212319157,0.9029126213592233,0.041666666666666664,0.1941747572815534,0.8873316666666663
15670,interaction_development,5,0.9106823393032357,0.909719559605706,0.9450992973403093,0.9287259681097684,0.16468606298913394,0.8977272727272727,0.03833333333333333,0.2159090909090909,0.8930974999999997
15670,interaction_development,6,0.9155711574625987,0.9428575465565383,0.95,0.95,0.12817144016863416,0.9772727272727273,0.03333333333333333,0.13636363636363635,0.9294708333333337
15670,feedback_development,1,0.7350890308582945,0.6134804958010586,0.6589031587630391,0.5664731423625811,0.4848124790196269,0.7272727272727273,0.15,0.38636363636363635,0.7945499999999971
15670,feedback_development,2,0.8563384683656983,0.8433233248437056,0.856166793636048,0.7050525747988445,0.36536950738220686,0.8636363636363636,0.06666666666666667,0.2727272727272727,0.8621866666666655
15670,feedback_development,3,0.8946055446643486,0.9394303439606583,0.9416013824761804,0.7993342693763418,0.2829994316328042,0.8674698795180723,0.04583333333333333,0.2289156626506024,0.8915499999999986
15670,feedback_development,4,0.9068932307377475,0.95,0.95,0.8729898511817041,0.2132654711671783,0.8736842105263158,0.049166666666666664,0.2,0.8903041666666656
15670,feedback_development,5,0.9122870802547469,0.95,0.95,0.9166538904175933,0.16647188365848775,0.9047619047619048,0.0425,0.16666666666666666,0.9172533333333331
15670,feedback_development,6,0.9149676129134727,0.95,0.95,0.949117451728237,0.14595865949070996,0.9038461538461539,0.04083333333333333,0.21153846153846154,0.8775433333333323
15671,static_quality,1,0.58,0.24,0.34,0.4,0.62,0.6323529411764706,0.17916666666666667,0.39705882352941174,0.8238124999999957
15671,static_quality,2,0.58,0.24,0.34,0.4,0.62,0.7608695652173914,0.1775,0.3695652173913043,0.7888949999999959
15671,static_quality,3,0.58,0.24,0.34,0.4,0.62,0.7204301075268817,0.185,0.3333333333333333,0.8025483333333288
15671,static_quality,4,0.58,0.24,0.34,0.4,0.62,0.6292134831460674,0.17,0.39325842696629215,0.7858174999999956
15671,static_quality,5,0.58,0.24,0.34,0.4,0.62,0.7395833333333334,0.16583333333333333,0.3541666666666667,0.7913508333333287
15671,static_quality,6,0.58,0.24,0.34,0.4,0.62,0.7272727272727273,0.18583333333333332,0.3409090909090909,0.8074966666666618
15671,linear_development,1,0.7444129253499626,0.46714349524443954,0.5639366400664106,0.5793238120350839,0.4731379916320049,0.7666666666666667,0.12666666666666668,0.34444444444444444,0.8146641666666632
15671,linear_development,2,0.8162769558720461,0.6647553388667016,0.7461122592953164,0.735333162263186,0.3245154664057171,0.9052631578947369,0.08166666666666667,0.18947368421052632,0.8890958333333316
15671,linear_development,3,0.859653855590993,0.7890820852981112,0.8521797729349577,0.8334858568142985,0.23994909037124246,0.8969072164948454,0.07583333333333334,0.20618556701030927,0.880418333333332
15671,linear_development,4,0.8878040504988574,0.8727757913226287,0.9180647583943172,0.8995598352547073,0.18750466593491663,0.9056603773584906,0.04666666666666667,0.20754716981132076,0.8762499999999985
15671,linear_development,5,0.8997690868996342,0.9139631019418756,0.9480994582822301,0.9320761331120074,0.17729024667292914,0.8555555555555555,0.045,0.2777777777777778,0.8615941666666653
15671,linear_development,6,0.9078664529862186,0.9435411988695359,0.95,0.95,0.14957497995316876,0.8850574712643678,0.0375,0.19540229885057472,0.9032191666666664
15671,interaction_development,1,0.6511692241396831,0.41328374387292865,0.5120653940216816,0.5368029556891541,0.5275167969825812,0.5862068965517241,0.145,0.5057471264367817,0.7461941666666636
15671,interaction_development,2,0.7891718282485054,0.6103252545481868,0.6973710168964118,0.6923620430643587,0.37703496706977024,0.8735632183908046,0.1325,0.21839080459770116,0.8730974999999969
15671,interaction_development,3,0.8530464937560743,0.7267885225618868,0.8000524072947938,0.7843067283383324,0.30829491039604656,0.813953488372093,0.0825,0.313953488372093,0.8441949999999981
15671,interaction_development,4,0.8919852372786135,0.830166520572486,0.8852092718113794,0.8659209372940683,0.22894610856827036,0.8252427184466019,0.050833333333333335,0.23300970873786409,0.8655741666666652
15671,interaction_development,5,0.9064405800777718,0.886522159678402,0.9283020959515077,0.9104122313250547,0.17954644603302058,0.9,0.041666666666666664,0.1625,0.9226508333333324
15671,interaction_development,6,0.91289520260458,0.9250845167634653,0.95,0.9408561974448414,0.1551263837602193,0.9302325581395349,0.03666666666666667,0.19767441860465115,0.9038199999999998
15671,feedback_development,1,0.7395231886776101,0.618981225801127,0.6635348112390433,0.5690743035084056,0.47681740348474405,0.7901234567901234,0.16833333333333333,0.32098765432098764,0.8304266666666629
15671,feedback_development,2,0.8636776449397852,0.8629548212188747,0.8733129141765894,0.7206027875468237,0.35262477931204916,0.83,0.07,0.28,0.8412691666666654
15671,feedback_development,3,0.8990573541518586,0.95,0.95,0.8188485788567308,0.26602409394591003,0.8723404255319149,0.049166666666666664,0.23404255319148937,0.8758224999999987
15671,feedback_development,4,0.9070413448984834,0.95,0.95,0.8873928121743377,0.22390999570755446,0.831858407079646,0.0275,0.3008849557522124,0.8199616666666659
15671,feedback_development,5,0.9119010488203632,0.95,0.95,0.9278629200856734,0.1817355837106803,0.9032258064516129,0.0425,0.20430107526881722,0.8923541666666656
15671,feedback_development,6,0.9146360564981751,0.95,0.95,0.95,0.15319102003949286,0.927710843373494,0.04083333333333333,0.18072289156626506,0.9128558333333329
15672,static_quality,1,0.58,0.24,0.34,0.4,0.62,0.7,0.18916666666666668,0.4,0.7764991666666623
15672,static_quality,2,0.58,0.24,0.34,0.4,0.62,0.7325581395348837,0.195,0.37209302325581395,0.7951099999999953
15672,static_quality,3,0.58,0.24,0.34,0.4,0.62,0.6947368421052632,0.19166666666666668,0.3894736842105263,0.7709649999999952
15672,static_quality,4,0.58,0.24,0.34,0.4,0.62,0.7407407407407407,0.18,0.37037037037037035,0.8087883333333287
15672,static_quality,5,0.58,0.24,0.34,0.4,0.62,0.7789473684210526,0.19166666666666668,0.35789473684210527,0.7862358333333289
15672,static_quality,6,0.58,0.24,0.34,0.4,0.62,0.7127659574468085,0.18333333333333332,0.3723404255319149,0.7821891666666624
15672,linear_development,1,0.7678304241786009,0.5275694653269172,0.6210913090802272,0.6270285252580927,0.4153995455833234,0.819047619047619,0.12166666666666667,0.24761904761904763,0.8402383333333308
15672,linear_development,2,0.8314289056296853,0.704555477481342,0.7809335102466721,0.7667543243273758,0.2862537346298154,0.9157894736842105,0.08,0.17894736842105263,0.8939166666666651
15672,linear_development,3,0.8638338177376542,0.8025924778596305,0.8631718048101811,0.8441519562049717,0.23530845089712404,0.8172043010752689,0.049166666666666664,0.27956989247311825,0.8557808333333321
15672,linear_development,4,0.8844280188890552,0.8712352498518563,0.916905507124207,0.8983436183040975,0.21248211620911217,0.8431372549019608,0.05416666666666667,0.30392156862745096,0.8297624999999981
15672,linear_development,5,0.9012551187046848,0.9175122543157219,0.95,0.9348780955124125,0.17138921930732678,0.9021739130434783,0.03833333333333333,0.1956521739130435,0.898253333333332
15672,linear_development,6,0.9058029651236456,0.9461949886804865,0.95,0.95,0.17188103512195704,0.84,0.034166666666666665,0.29,0.8440783333333325
15672,interaction_development,1,0.683816078769742,0.45743581973731673,0.5546495953224815,0.5716598576873552,0.47977616153284763,0.7078651685393258,0.16416666666666666,0.3707865168539326,0.7966324999999962
15672,interaction_development,2,0.7852236593160988,0.603226090048164,0.6909257863057912,0.6867574395117091,0.3865600374384124,0.8026315789473685,0.13333333333333333,0.3157894736842105,0.848577499999997
15672,interaction_development,3,0.8528570973275125,0.7234802401551024,0.797223471951996,0.7816949264382395,0.30745441548596947,0.8433734939759037,0.06916666666666667,0.27710843373493976,0.866927499999998
15672,interaction_development,4,0.8919814845052567,0.8281100289589509,0.8835851684970822,0.8642973912833827,0.2279728929908033,0.89,0.05,0.21,0.8803366666666661
15672,interaction_development,5,0.9061058899432355,0.8885525297086495,0.929797236937012,0.9120151550331449,0.18913334721092478,0.8924731182795699,0.04,0.22580645161290322,0.8829099999999986
15672,interaction_development,6,0.9114248276755476,0.9232592485258508,0.95,0.9394151962046194,0.17808900410959916,0.9069767441860465,0.0375,0.27906976744186046,0.8683533333333326
15672,feedback_development,1,0.7608846565901304,0.6580366666967727,0.6968179571820252,0.5893295374086714,0.463568267814655,0.7708333333333334,0.13333333333333333,0.34375,0.8032399999999972
15672,feedback_development,2,0.8721016252758633,0.8781482266977871,0.8866950368542003,0.7337355757174909,0.3328394160553414,0.9354838709677419,0.075,0.22580645161290322,0.8754174999999983
15672,feedback_development,3,0.8996564847294366,0.95,0.95,0.8273634212912758,0.26664569217720097,0.8811881188118812,0.049166666666666664,0.2871287128712871,0.8407649999999988
15672,feedback_development,4,0.906509882291032,0.95,0.95,0.8825477280388917,0.22957281394620913,0.8666666666666667,0.035833333333333335,0.28888888888888886,0.8588674999999989
15672,feedback_development,5,0.911791056209277,0.95,0.95,0.926548713807642,0.1839391033844712,0.8877551020408163,0.0375,0.20408163265306123,0.8880533333333328
15672,feedback_development,6,0.9145992860804953,0.95,0.95,0.9497262105357603,0.153654105081733,0.8571428571428571,0.0575,0.18181818181818182,0.9142241666666658
15673,static_quality,1,0.58,0.24,0.34,0.4,0.62,0.7126436781609196,0.1825,0.41379310344827586,0.7782558333333289
15673,static_quality,2,0.58,0.24,0.34,0.4,0.62,0.7362637362637363,0.1675,0.3516483516483517,0.8010924999999961
15673,static_quality,3,0.58,0.24,0.34,0.4,0.62,0.6428571428571429,0.1725,0.42857142857142855,0.7502474999999962
15673,static_quality,4,0.58,0.24,0.34,0.4,0.62,0.7710843373493976,0.1725,0.3132530120481928,0.8301941666666628
15673,static_quality,5,0.58,0.24,0.34,0.4,0.62,0.7142857142857143,0.18833333333333332,0.3626373626373626,0.7917266666666618
15673,static_quality,6,0.58,0.24,0.34,0.4,0.62,0.7078651685393258,0.1625,0.3707865168539326,0.7968183333333292
15673,linear_development,1,0.7472689162159984,0.4735185904673351,0.5700201600008442,0.5843567819478961,0.4634296636922803,0.7526881720430108,0.11833333333333333,0.34408602150537637,0.8116491666666636
15673,linear_development,2,0.8004111671354388,0.6241447968596938,0.7098610670503046,0.7032722080471273,0.36669552781008946,0.7721518987341772,0.1,0.2911392405063291,0.860296666666664
15673,linear_development,3,0.8404217158720774,0.7411927730701086,0.8123020989038409,0.7956785050553492,0.2975379877714188,0.8426966292134831,0.07916666666666666,0.30337078651685395,0.8444949999999977
15673,linear_development,4,0.8706612615012261,0.831185521449051,0.8860128069086998,0.8667254116703038,0.24429267811161498,0.8585858585858586,0.05583333333333333,0.2828282828282828,0.844417499999998
15673,linear_development,5,0.889197410645502,0.8816396144831694,0.9246884266533464,0.90655759038145,0.19671981584651801,0.9027777777777778,0.05,0.18055555555555555,0.9205533333333329
15673,linear_development,6,0.9037569562258408,0.9246323106272286,0.95,0.940499192600444,0.16030334869585433,0.9139784946236559,0.0525,0.1935483870967742,0.895029166666666
15673,interaction_development,1,0.7202904515959222,0.5042680792933337,0.5991881262342065,0.6086326941789476,0.4322770344263189,0.8041237113402062,0.13583333333333333,0.26804123711340205,0.8373491666666633
15673,interaction_development,2,0.8377875956128154,0.684335521138749,0.7633349017521196,0.7507912008990129,0.3079409886450586,0.8556701030927835,0.09333333333333334,0.2268041237113402,0.8663983333333315
15673,interaction_development,3,0.879622981427758,0.7852395448462418,0.8490315766200464,0.8304522722470333,0.2488225344192981,0.8488372093023255,0.058333333333333334,0.2558139534883721,0.8738749999999987
15673,interaction_development,4,0.9032019920528979,0.869676054163873,0.9157298543218512,0.8971126743399,0.18742055954990341,0.9019607843137255,0.03666666666666667,0.18627450980392157,0.8935358333333331
15673,interaction_development,5,0.9112003118231016,0.9123956662804289,0.9469941082403451,0.9308386839056022,0.16186721319356268,0.9397590361445783,0.04833333333333333,0.20481927710843373,0.9007041666666658
15673,interaction_development,6,0.9152194985682267,0.9442166719662608,0.95,0.95,0.1365252651442954,0.8913043478260869,0.035833333333333335,0.18478260869565216,0.9035908333333329
15673,feedback_development,1,0.6769683546899219,0.510796271637565,0.5714726927906856,0.5168732452123195,0.5320596624289569,0.703125,0.16083333333333333,0.4375,0.8227224999999969
15673,feedback_development,2,0.8493877563722045,0.8288182701494279,0.8435538539798595,0.6942078708059725,0.37771907998556,0.8425925925925926,0.09166666666666666,0.2962962962962963,0.8167941666666649
15673,feedback_development,3,0.891643346222893,0.9335752175677413,0.9362905923735966,0.7919561393633647,0.29804258820283497,0.8555555555555555,0.0525,0.28888888888888886,0.8547341666666656
15673,feedback_development,4,0.9040546497189264,0.95,0.95,0.860991083284677,0.24183249021977105,0.8333333333333334,0.034166666666666665,0.25555555555555554,0.8742124999999991
15673,feedback_development,5,0.9102271470554464,0.95,0.95,0.9093274246333682,0.19468076890157507,0.898876404494382,0.03916666666666667,0.20224719101123595,0.8979774999999993
15673,feedback_development,6,0.9132856796717281,0.95,0.95,0.9383114513677651,0.1680361216378162,0.8641975308641975,0.043333333333333335,0.20987654320987653,0.9022100000000002
15674,static_quality,1,0.58,0.24,0.34,0.4,0.62,0.7083333333333334,0.18083333333333335,0.40625,0.7633691666666627
15674,static_quality,2,0.58,0.24,0.34,0.4,0.62,0.6442307692307693,0.16666666666666666,0.41346153846153844,0.7462541666666631
15674,static_quality,3,0.58,0.24,0.34,0.4,0.62,0.7368421052631579,0.165,0.4,0.7715258333333291
15674,static_quality,4,0.58,0.24,0.34,0.4,0.62,0.6632653061224489,0.20166666666666666,0.46938775510204084,0.7235858333333288
15674,static_quality,5,0.58,0.24,0.34,0.4,0.62,0.8241758241758241,0.18416666666666667,0.27472527472527475,0.8323499999999954
15674,static_quality,6,0.58,0.24,0.34,0.4,0.62,0.6956521739130435,0.18916666666666668,0.391304347826087,0.776308333333329
15674,linear_development,1,0.7528524945783435,0.4860408785092779,0.5819337703478197,0.5942427988231141,0.4445746421721782,0.8152173913043478,0.13,0.29347826086956524,0.8339074999999976
15674,linear_development,2,0.8132068570534803,0.656587315310551,0.738877234315791,0.7288847226135935,0.3319030145877412,0.8539325842696629,0.09166666666666666,0.24719101123595505,0.866989999999998
15674,linear_development,3,0.8526970259336033,0.767763050352948,0.834596045263717,0.8166550397523277,0.25047103123943776,0.9,0.08833333333333333,0.1875,0.9026924999999987
15674,linear_development,4,0.8721374885808666,0.831185521449051,0.8860128069086998,0.8667254116703038,0.23023337259122992,0.8974358974358975,0.05333333333333334,0.32051282051282054,0.860164999999998
15674,linear_development,5,0.8938854772072478,0.896317173549801,0.9354724482903182,0.9181451370130013,0.19155332814202655,0.8611111111111112,0.04416666666666667,0.25,0.8518308333333325
15674,linear_development,6,0.9044250445040347,0.9327756666049334,0.95,0.9469281578460005,0.16851292441250704,0.8829787234042553,0.045,0.23404255319148937,0.8761349999999989
15674,interaction_development,1,0.6826642117088376,0.45743581973731673,0.5546495953224815,0.5716598576873552,0.4854810377907721,0.7777777777777778,0.15916666666666668,0.37777777777777777,0.7930741666666634
15674,interaction_development,2,0.803599850164187,0.630869679339004,0.7159114337367587,0.7085813257939512,0.36468929896245494,0.8275862068965517,0.10833333333333334,0.26436781609195403,0.8586524999999976
15674,interaction_development,3,0.8676620136761759,0.7518689632229225,0.8213083925235273,0.8041070762286233,0.2688424464475032,0.925,0.06833333333333333,0.175,0.911632499999999
15674,interaction_development,4,0.8963371399406923,0.8419989693181669,0.8944889869599959,0.8752623441985532,0.21093236134072113,0.9072164948453608,0.035833333333333335,0.2268041237113402,0.8786324999999994
15674,interaction_development,5,0.9088924216924692,0.9011906817167255,0.938998688045703,0.9219926434605733,0.17490855746382114,0.898989898989899,0.034166666666666665,0.21212121212121213,0.8838458333333324
15674,interaction_development,6,0.9129174416671578,0.9323698859204561,0.95,0.9466078046740447,0.1647777451326485,0.8588235294117647,0.03916666666666667,0.25882352941176473,0.8776966666666666
15674,feedback_development,1,0.7482826491240804,0.6386025328109962,0.680302717771926,0.5793238120350839,0.47878955933342954,0.6868686868686869,0.145,0.40404040404040403,0.7656599999999975
15674,feedback_development,2,0.8689731819105347,0.8705461681923002,0.8800215027143021,0.727248211884903,0.3390559936496727,0.9120879120879121,0.06916666666666667,0.2087912087912088,0.8863983333333323
15674,feedback_development,3,0.8979730734525684,0.95,0.95,0.8177551095138137,0.2773832767178445,0.7857142857142857,0.043333333333333335,0.3163265306122449,0.8318841666666655
15674,feedback_development,4,0.9060836025114913,0.95,0.95,0.8789598369425147,0.23010593002478125,0.8617021276595744,0.045,0.2765957446808511,0.8567358333333319
15674,feedback_development,5,0.9121734784944617,0.95,0.95,0.9233883679333658,0.17453799485167104,0.9555555555555556,0.03833333333333333,0.15555555555555556,0.9178666666666664
15674,feedback_development,6,0.9142121054297642,0.95,0.95,0.9497262105357603,0.16101671937280276,0.8924731182795699,0.03833333333333333,0.24731182795698925,0.8728024999999997
15675,static_quality,1,0.58,0.24,0.34,0.4,0.62,0.7093023255813954,0.16666666666666666,0.38372093023255816,0.7965099999999964
15675,static_quality,2,0.58,0.24,0.34,0.4,0.62,0.6588235294117647,0.18333333333333332,0.4588235294117647,0.7629033333333289
15675,static_quality,3,0.58,0.24,0.34,0.4,0.62,0.75,0.1875,0.30434782608695654,0.8169508333333282
15675,static_quality,4,0.58,0.24,0.34,0.4,0.62,0.651685393258427,0.20166666666666666,0.449438202247191,0.7542299999999952
15675,static_quality,5,0.58,0.24,0.34,0.4,0.62,0.7216494845360825,0.17666666666666667,0.3402061855670103,0.7937016666666626
15675,static_quality,6,0.58,0.24,0.34,0.4,0.62,0.7731958762886598,0.19333333333333333,0.3402061855670103,0.7904308333333288
15675,linear_development,1,0.747612013706269,0.47667747892453105,0.5730300188808383,0.5868506412562087,0.468824675192349,0.7291666666666666,0.13083333333333333,0.3541666666666667,0.7991533333333295
15675,linear_development,2,0.8088168934657366,0.6524289755743222,0.7351827691278943,0.7256018228218339,0.36257648689798744,0.7864077669902912,0.09,0.33980582524271846,0.8022066666666647
15675,linear_development,3,0.8531134499063764,0.775999171347193,0.8414225681866759,0.823157240537258,0.2680699333437332,0.8924731182795699,0.06833333333333333,0.21505376344086022,0.881730833333332
15675,linear_development,4,0.8806797173995122,0.8565032482436222,0.905705628802509,0.8867130907186497,0.21387704015037826,0.8877551020408163,0.060833333333333336,0.24489795918367346,0.8633716666666652
15675,linear_development,5,0.8985424109349169,0.909719559605706,0.9450992973403093,0.9287259681097684,0.1759547138218931,0.9081632653061225,0.051666666666666666,0.21428571428571427,0.879924166666666
15675,linear_development,6,0.9050233900952576,0.9370817357936861,0.95,0.95,0.17019230631504206,0.8395061728395061,0.043333333333333335,0.25925925925925924,0.8819866666666663
15675,interaction_development,1,0.6771443545573155,0.4508659803259362,0.548348606735042,0.5664731423625811,0.4950038383481349,0.7127659574468085,0.14833333333333334,0.425531914893617,0.7650299999999965
15675,interaction_development,2,0.8142295513529265,0.646096864225976,0.7295428330588625,0.7206027875468237,0.3470889738175577,0.8723404255319149,0.09333333333333334,0.22340425531914893,0.8716516666666649
15675,interaction_development,3,0.8683394633171587,0.756308577329242,0.8250347099054556,0.8076120347336122,0.2742733269808165,0.8674698795180723,0.07,0.25301204819277107,0.8766166666666652
15675,interaction_development,4,0.893008224334518,0.834205986563212,0.8883898209438399,0.8691099893920098,0.23086972085332416,0.9195402298850575,0.03916666666666667,0.26436781609195403,0.8729274999999992
15675,interaction_development,5,0.906782570839637,0.895691321478673,0.9350175712893436,0.9176510432726371,0.1950997925289431,0.8640776699029126,0.03833333333333333,0.2524271844660194,0.8581866666666652
15675,interaction_development,6,0.9128934503920552,0.9315509616253417,0.95,0.9459612854936913,0.16390299470726608,0.898876404494382,0.028333333333333332,0.21348314606741572,0.8951549999999997
15675,feedback_development,1,0.7592169098404022,0.6579230494941201,0.6967374947274557,0.5893295374086714,0.47042963517187913,0.7425742574257426,0.14916666666666667,0.37623762376237624,0.7748999999999964
15675,feedback_development,2,0.8621373614577139,0.8586267238223321,0.8695485976411017,0.7172196028756277,0.36030809976579486,0.9058823529411765,0.07833333333333334,0.27058823529411763,0.8645541666666643
15675,feedback_development,3,0.8986882067803488,0.9494119974421054,0.95,0.8133148283369349,0.26484976737514165,0.9529411764705882,0.050833333333333335,0.18823529411764706,0.9052849999999996
15675,feedback_development,4,0.9074503454873621,0.95,0.95,0.8752623441985532,0.20713589893599826,0.9156626506024096,0.034166666666666665,0.1927710843373494,0.9090449999999991
15675,feedback_development,5,0.9133111905568438,0.95,0.95,0.9219926434605733,0.15283922971591477,0.9333333333333333,0.04083333333333333,0.13333333333333333,0.9275975000000005
15675,feedback_development,6,0.9149585302039606,0.95,0.95,0.9446446664861298,0.14209382086445488,0.8767123287671232,0.0425,0.2191780821917808,0.9073424999999997
15676,static_quality,1,0.58,0.24,0.34,0.4,0.62,0.67,0.18333333333333332,0.39,0.7625441666666624
15676,static_quality,2,0.58,0.24,0.34,0.4,0.62,0.7216494845360825,0.18916666666666668,0.36082474226804123,0.7814833333333285
15676,static_quality,3,0.58,0.24,0.34,0.4,0.62,0.7111111111111111,0.1925,0.36666666666666664,0.7907858333333286
15676,static_quality,4,0.58,0.24,0.34,0.4,0.62,0.6666666666666666,0.18,0.3963963963963964,0.7386141666666617
15676,static_quality,5,0.58,0.24,0.34,0.4,0.62,0.7419354838709677,0.17833333333333334,0.3548387096774194,0.7936066666666616
15676,static_quality,6,0.58,0.24,0.34,0.4,0.62,0.7011494252873564,0.195,0.40229885057471265,0.7802966666666624
15676,linear_development,1,0.7476532720823676,0.4703406342729729,0.5669890835859458,0.5818478691628733,0.45105118623733803,0.8552631578947368,0.13333333333333333,0.21052631578947367,0.8881208333333308
15676,linear_development,2,0.8014300890620865,0.6241447968596938,0.7098610670503046,0.7032722080471273,0.3569915094610637,0.8292682926829268,0.10583333333333333,0.3048780487804878,0.8489658333333308
15676,linear_development,3,0.8394609746327499,0.7380589098677665,0.8096464769031162,0.7932044025271845,0.2984243166052105,0.8202247191011236,0.08083333333333333,0.3258426966292135,0.8344966666666648
15676,linear_development,4,0.8690778939962526,0.823922038827257,0.880267701448169,0.860991083284677,0.2406294521672213,0.875,0.06666666666666667,0.25,0.8721074999999985
15676,linear_development,5,0.888195063226934,0.8816396144831694,0.9246884266533464,0.90655759038145,0.20626598173764157,0.8876404494382022,0.059166666666666666,0.25842696629213485,0.8684391666666651
15676,linear_development,6,0.9016732077400877,0.9227960246738942,0.95,0.9390494931636011,0.17686258697951626,0.9021739130434783,0.0425,0.22826086956521738,0.8824549999999999
15676,interaction_development,1,0.6992515687960179,0.47667747892453105,0.5730300188808383,0.5868506412562087,0.45714398293175496,0.7777777777777778,0.15416666666666667,0.3111111111111111,0.8237366666666631
15676,interaction_development,2,0.8186609741938253,0.6524289755743222,0.7351827691278943,0.7256018228218339,0.33888331139091993,0.8260869565217391,0.1,0.2608695652173913,0.8549499999999978
15676,interaction_development,3,0.8800129945672734,0.7878089389317015,0.85113773709462,0.8324807412618698,0.2514297995412158,0.8440366972477065,0.06166666666666667,0.24770642201834864,0.8476608333333314
15676,interaction_development,4,0.8985030272051611,0.8547656646555614,0.9043715158197099,0.8853413142017595,0.21431089895270142,0.8604651162790697,0.055,0.26744186046511625,0.8697249999999983
15676,interaction_development,5,0.9092415148220037,0.9046948850830575,0.9415163234616792,0.9247591198024144,0.17718251409967212,0.9090909090909091,0.03916666666666667,0.20454545454545456,0.8981841666666655
15676,interaction_development,6,0.91326498285604,0.9378344899066504,0.95,0.95,0.17048469410383482,0.8865979381443299,0.03666666666666667,0.26804123711340205,0.8584649999999997
15676,feedback_development,1,0.7297791917086949,0.6031885293037542,0.6501159795863649,0.561223621773479,0.48673149464125365,0.7777777777777778,0.18416666666666667,0.35802469135802467,0.8126933333333294
15676,feedback_development,2,0.8609738856142847,0.8501656760062228,0.8621288844390577,0.7103298378391875,0.349868988037136,0.8555555555555555,0.08083333333333333,0.23333333333333334,0.8740916666666653
15676,feedback_development,3,0.9012399535028581,0.95,0.95,0.8252729873114703,0.24571592352252855,0.9038461538461539,0.0475,0.19230769230769232,0.885652499999999
15676,feedback_development,4,0.9103089864512578,0.95,0.95,0.8907307317241973,0.17651593799241463,0.9230769230769231,0.04,0.14285714285714285,0.9226450000000004
15676,feedback_development,5,0.9132192110962064,0.95,0.95,0.9278629200856734,0.16240581171793073,0.8913043478260869,0.04083333333333333,0.25,0.8724974999999987
15676,feedback_development,6,0.91450075901339,0.95,0.95,0.95,0.1557855632687973,0.8977272727272727,0.04,0.26136363636363635,0.8730941666666655
15677,static_quality,1,0.58,0.24,0.34,0.4,0.62,0.7415730337078652,0.18333333333333332,0.3707865168539326,0.7925366666666623
15677,static_quality,2,0.58,0.24,0.34,0.4,0.62,0.6511627906976745,0.19333333333333333,0.45348837209302323,0.7604841666666625
15677,static_quality,3,0.58,0.24,0.34,0.4,0.62,0.696969696969697,0.18083333333333335,0.41414141414141414,0.7534216666666625
15677,static_quality,4,0.58,0.24,0.34,0.4,0.62,0.7105263157894737,0.17916666666666667,0.4605263157894737,0.7837749999999956
15677,static_quality,5,0.58,0.24,0.34,0.4,0.62,0.6956521739130435,0.175,0.358695652173913,0.7945783333333294
15677,static_quality,6,0.58,0.24,0.34,0.4,0.62,0.6842105263157895,0.17666666666666667,0.3894736842105263,0.7744558333333295
15677,linear_development,1,0.7489153411994555,0.47667747892453105,0.5730300188808383,0.5868506412562087,0.4564120324000969,0.797752808988764,0.14166666666666666,0.30337078651685395,0.831441666666664
15677,linear_development,2,0.8056026854871874,0.6418114969757943,0.7257163011765768,0.7172196028756277,0.36472182495954664,0.7551020408163265,0.085,0.35714285714285715,0.8033533333333315
15677,linear_development,3,0.8469113369069129,0.756308577329242,0.8250347099054556,0.8076120347336122,0.27551401809294845,0.875,0.065,0.2,0.9026574999999991
15677,linear_development,4,0.8733822013446213,0.8361895461399697,0.8899468945518524,0.8706759574789238,0.22735006320052764,0.8876404494382022,0.058333333333333334,0.25842696629213485,0.869299999999998
15677,linear_development,5,0.8917710890441657,0.8912032924882373,0.9317423708400692,0.9141078624907143,0.19637648730315624,0.9130434782608695,0.0425,0.2608695652173913,0.8675783333333322
15677,linear_development,6,0.9011830858724046,0.9255340096628845,0.95,0.9412110602601723,0.18642996637634554,0.8068181818181818,0.034166666666666665,0.2840909090909091,0.8642083333333329
15677,interaction_development,1,0.6608791551672906,0.4272387094711159,0.5255847784896654,0.5478200337929862,0.5137864768546636,0.6590909090909091,0.1675,0.4659090909090909,0.7560791666666632
15677,interaction_development,2,0.7949884700852987,0.6172973992635556,0.7036818428828121,0.6978663678396498,0.37409990791537373,0.8426966292134831,0.12333333333333334,0.24719101123595505,0.8604033333333306
15677,interaction_development,3,0.8534741483390174,0.7251393587141718,0.7986429076483321,0.78300475687961,0.3072856146188769,0.7974683544303798,0.07,0.3037974683544304,0.8615549999999985
15677,interaction_development,4,0.8904923372212135,0.823922038827257,0.880267701448169,0.860991083284677,0.23416774475617896,0.8631578947368421,0.03833333333333333,0.22105263157894736,0.8832933333333326
15677,interaction_development,5,0.9075095838134759,0.8931499066791265,0.9331657705933081,0.9156446631677321,0.17840842691882983,0.9509803921568627,0.05333333333333334,0.18627450980392157,0.8898833333333329
15677,interaction_development,6,0.9128470391598069,0.9290342094982003,0.95,0.9439743759196322,0.16236726835237245,0.898876404494382,0.03916666666666667,0.23595505617977527,0.8830933333333322
15677,feedback_development,1,0.7679522643019306,0.66710616393849,0.704574085795217,0.5942427988231141,0.45130377914701375,0.7604166666666666,0.1675,0.3229166666666667,0.8056591666666634
15677,feedback_development,2,0.8671721662445919,0.8687426564863253,0.8784183452540281,0.7256018228218339,0.3477734263162198,0.7956989247311828,0.07083333333333333,0.3010752688172043,0.8410299999999986
15677,feedback_development,3,0.896945136815938,0.9454976055710174,0.947151599842869,0.8076120347336122,0.2741448084950177,0.948051948051948,0.055,0.23376623376623376,0.8941749999999988
15677,feedback_development,4,0.9082830779414849,0.95,0.95,0.8832524416706583,0.20184213714025415,0.9108910891089109,0.04,0.1782178217821782,0.8975574999999995
15677,feedback_development,5,0.9122071250958858,0.95,0.95,0.9238480377257655,0.17436165229734618,0.9021739130434783,0.03916666666666667,0.22826086956521738,0.8824924999999996
15677,feedback_development,6,0.9141815353279441,0.95,0.95,0.949117451728237,0.16105384164495395,0.9213483146067416,0.03916666666666667,0.24719101123595505,0.8779566666666655
15678,static_quality,1,0.58,0.24,0.34,0.4,0.62,0.7738095238095238,0.1925,0.32142857142857145,0.8211149999999944
15678,static_quality,2,0.58,0.24,0.34,0.4,0.62,0.8,0.17833333333333334,0.3111111111111111,0.8188391666666621
15678,static_quality,3,0.58,0.24,0.34,0.4,0.62,0.6881720430107527,0.19916666666666666,0.3118279569892473,0.8091933333333288
15678,static_quality,4,0.58,0.24,0.34,0.4,0.62,0.6990291262135923,0.17583333333333334,0.3786407766990291,0.764109999999996
15678,static_quality,5,0.58,0.24,0.34,0.4,0.62,0.6808510638297872,0.18083333333333335,0.425531914893617,0.7580683333333289
15678,static_quality,6,0.58,0.24,0.34,0.4,0.62,0.7065217391304348,0.19,0.358695652173913,0.791584166666662
15678,linear_development,1,0.7591468338197114,0.5072424708175737,0.601993809350567,0.6109808980138739,0.4426282846609534,0.8055555555555556,0.13666666666666666,0.3333333333333333,0.7869358333333302
15678,linear_development,2,0.8229519883426357,0.684335521138749,0.7633349017521196,0.7507912008990129,0.31320459195525546,0.8602150537634409,0.08083333333333333,0.20430107526881722,0.8839849999999985
15678,linear_development,3,0.8592362889271784,0.7890820852981112,0.8521797729349577,0.8334858568142985,0.24392591574090558,0.8505747126436781,0.065,0.22988505747126436,0.8827783333333314
15678,linear_development,4,0.8805917328941147,0.853888998647446,0.9036973976029303,0.8846492094585106,0.20802862576493678,0.8414634146341463,0.050833333333333335,0.25609756097560976,0.8804699999999985
15678,linear_development,5,0.8966698225512689,0.9052667157725591,0.9419257091974474,0.9252105650835999,0.18507134670818792,0.8469387755102041,0.04583333333333333,0.2653061224489796,0.8569191666666655
15678,linear_development,6,0.9074537828766731,0.9367019474785575,0.95,0.95,0.14666592008167034,0.9487179487179487,0.034166666666666665,0.14102564102564102,0.9338716666666668
15678,interaction_development,1,0.691092208685448,0.46714349524443954,0.5639366400664106,0.5793238120350839,0.4706253677132085,0.7692307692307693,0.16583333333333333,0.3516483516483517,0.8013441666666624
15678,interaction_development,2,0.8171627083288239,0.6545144017208763,0.737036489743999,0.727248211884903,0.35228909641930484,0.7547169811320755,0.1025,0.32075471698113206,0.8046041666666642
15678,interaction_development,3,0.8733291080026387,0.7705415332185253,0.8369035958362429,0.8188485788567308,0.2681362867128941,0.8735632183908046,0.0625,0.21839080459770116,0.8879258333333316
15678,interaction_development,4,0.8955844357019337,0.8419989693181669,0.8944889869599959,0.8752623441985532,0.21976558533544419,0.8414634146341463,0.03666666666666667,0.24390243902439024,0.8889908333333324
15678,interaction_development,5,0.9056120778879301,0.8912032924882373,0.9317423708400692,0.9141078624907143,0.20222286493260738,0.8522727272727273,0.0525,0.29545454545454547,0.8553049999999986
15678,interaction_development,6,0.9132334449492578,0.9315509616253417,0.95,0.9459612854936913,0.1593783512181874,0.9468085106382979,0.03166666666666667,0.18085106382978725,0.904849166666666
15678,feedback_development,1,0.7452423467789288,0.6289385871471198,0.6720379418741922,0.5742298985412311,0.47248744718760216,0.7674418604651163,0.15916666666666668,0.3372093023255814,0.81770833333333
15678,feedback_development,2,0.8471099346518736,0.8189412198165653,0.8349235805649097,0.6867574395117091,0.3704715656936217,0.8955223880597015,0.08916666666666667,0.23880597014925373,0.8978608333333317
15678,feedback_development,3,0.8961671716892208,0.9413192498445384,0.9433132145696331,0.8017350341775232,0.27120390471421185,0.9285714285714286,0.049166666666666664,0.22448979591836735,0.8754416666666657
15678,feedback_development,4,0.9100667482595115,0.95,0.95,0.8853413142017595,0.17551253395549296,0.9702970297029703,0.035833333333333335,0.09900990099009901,0.9385441666666668
15678,feedback_development,5,0.9137847375018293,0.95,0.95,0.926548713807642,0.14818177520447917,0.9010989010989011,0.023333333333333334,0.18681318681318682,0.9064524999999992
15678,feedback_development,6,0.9147965587246918,0.95,0.95,0.95,0.15008847301311734,0.8877551020408163,0.034166666666666665,0.2653061224489796,0.8590591666666654
15679,static_quality,1,0.58,0.24,0.34,0.4,0.62,0.6506024096385542,0.195,0.43373493975903615,0.7753733333333284
15679,static_quality,2,0.58,0.24,0.34,0.4,0.62,0.7439024390243902,0.18416666666666667,0.34146341463414637,0.817482499999996
15679,static_quality,3,0.58,0.24,0.34,0.4,0.62,0.696969696969697,0.19,0.35353535353535354,0.7810258333333288
15679,static_quality,4,0.58,0.24,0.34,0.4,0.62,0.7816091954022989,0.17333333333333334,0.3448275862068966,0.8099616666666626
15679,static_quality,5,0.58,0.24,0.34,0.4,0.62,0.7222222222222222,0.17166666666666666,0.35555555555555557,0.8001124999999963
15679,static_quality,6,0.58,0.24,0.34,0.4,0.62,0.6989247311827957,0.1725,0.41935483870967744,0.764916666666663
15679,linear_development,1,0.7411257676492076,0.4606912048188928,0.5577670481552242,0.5742298985412311,0.47491886736483846,0.8068181818181818,0.12916666666666668,0.3522727272727273,0.8137608333333305
15679,linear_development,2,0.7978673889823804,0.6172973992635556,0.7036818428828121,0.6978663678396498,0.3724895244395366,0.8461538461538461,0.09083333333333334,0.2692307692307692,0.872253333333331
15679,linear_development,3,0.82954082353702,0.7098416346942625,0.7855017788973042,0.7709276063375763,0.318263176719429,0.7761194029850746,0.08583333333333333,0.31343283582089554,0.8732916666666651
15679,linear_development,4,0.8688787660392463,0.820714218906198,0.8777177068462064,0.8584585938733146,0.2342356049662305,0.900990099009901,0.06666666666666667,0.2079207920792079,0.8775008333333316
15679,linear_development,5,0.8917281264679561,0.8878798085600096,0.9293023534108882,0.9114840593894817,0.18839835023698775,0.9207920792079208,0.04583333333333333,0.22772277227722773,0.8717458333333322
15679,linear_development,6,0.9033210768093923,0.9311377883554746,0.95,0.945635096070112,0.17609596243137313,0.8125,0.03916666666666667,0.2767857142857143,0.8327058333333325
15679,interaction_development,1,0.6532948142059151,0.41328374387292865,0.5120653940216816,0.5368029556891541,0.5158959846695109,0.6891891891891891,0.16916666666666666,0.4189189189189189,0.8057549999999962
15679,interaction_development,2,0.7909663161110736,0.6126633030208977,0.699489419778137,0.6942078708059725,0.3823385458220208,0.8282828282828283,0.11916666666666667,0.30303030303030304,0.8214124999999977
15679,interaction_development,3,0.8610142291697205,0.7427456164316879,0.8136159842115139,0.7969044340250171,0.29684683347550567,0.851063829787234,0.07083333333333333,0.2765957446808511,0.851541666666665
15679,interaction_development,4,0.8937056445044715,0.834205986563212,0.8883898209438399,0.8691099893920098,0.22313037934656127,0.9010989010989011,0.05,0.1978021978021978,0.8955541666666655
15679,interaction_development,5,0.9063819583245919,0.8898858872432152,0.9307766356845038,0.9130678057183284,0.18544193819637866,0.9195402298850575,0.035,0.21839080459770116,0.8941108333333324
15679,interaction_development,6,0.9122090826758986,0.9255340096628845,0.95,0.9412110602601723,0.1681355219252131,0.8837209302325582,0.04416666666666667,0.2441860465116279,0.8822416666666659
15679,feedback_development,1,0.7798195421869081,0.6892650541086927,0.7234795649256738,0.6062703160754,0.4434664640235095,0.7788461538461539,0.14333333333333334,0.3269230769230769,0.7958399999999979
15679,feedback_development,2,0.8624176434707974,0.8586142360055645,0.8695393920822129,0.7172196028756277,0.3584399330282526,0.8170731707317073,0.07166666666666667,0.32926829268292684,0.846076666666665
15679,feedback_development,3,0.9001017158798263,0.95,0.95,0.8273634212912758,0.2614018021870075,0.9074074074074074,0.050833333333333335,0.24074074074074073,0.8553016666666652
15679,feedback_development,4,0.9072165113836117,0.95,0.95,0.8774941772794864,0.21259698469448887,0.8873239436619719,0.0375,0.19718309859154928,0.918363333333333
15679,feedback_development,5,0.912560482680225,0.95,0.95,0.9219926434605733,0.16504079070170366,0.9222222222222223,0.0325,0.16666666666666666,0.9142341666666658
15679,feedback_development,6,0.9145267832295517,0.95,0.95,0.9494227470178676,0.15477438433132365,0.9032258064516129,0.03666666666666667,0.22580645161290322,0.8833483333333332
15680,static_quality,1,0.58,0.24,0.34,0.4,0.62,0.75,0.17416666666666666,0.3695652173913043,0.789498333333329
15680,static_quality,2,0.58,0.24,0.34,0.4,0.62,0.6909090909090909,0.185,0.39090909090909093,0.742195833333329
15680,static_quality,3,0.58,0.24,0.34,0.4,0.62,0.7244897959183674,0.15666666666666668,0.3469387755102041,0.7934558333333293
15680,static_quality,4,0.58,0.24,0.34,0.4,0.62,0.7708333333333334,0.1875,0.3333333333333333,0.7964841666666622
15680,static_quality,5,0.58,0.24,0.34,0.4,0.62,0.7349397590361446,0.16333333333333333,0.39759036144578314,0.7967399999999958
15680,static_quality,6,0.58,0.24,0.34,0.4,0.62,0.7386363636363636,0.18416666666666667,0.3409090909090909,0.8072816666666621
15680,linear_development,1,0.7370985657878735,0.44421658757974025,0.5419584693408157,0.561223621773479,0.47979329023809697,0.7733333333333333,0.14583333333333334,0.30666666666666664,0.8502491666666635
15680,linear_development,2,0.7964147056876361,0.6103252545481868,0.6973710168964118,0.6923620430643587,0.36753730796004225,0.8227848101265823,0.08666666666666667,0.25316455696202533,0.8781783333333312
15680,linear_development,3,0.8365860924670039,0.7300572246779564,0.8028418761606241,0.7868872826404926,0.30468074093617853,0.8586956521739131,0.07833333333333334,0.33695652173913043,0.8239808333333317
15680,linear_development,4,0.8710782892675923,0.823922038827257,0.880267701448169,0.860991083284677,0.22157806863065124,0.9294117647058824,0.07166666666666667,0.16470588235294117,0.9107783333333321
15680,linear_development,5,0.8897913509991948,0.8809251654760256,0.9241575293588584,0.9059935516915996,0.18925385605796102,0.8823529411764706,0.0425,0.23529411764705882,0.8877241666666658
15680,linear_development,6,0.9029020773417851,0.9246323106272286,0.95,0.940499192600444,0.16844505235352863,0.898989898989899,0.03833333333333333,0.23232323232323232,0.8732416666666656
15680,interaction_development,1,0.6933795947018118,0.4703406342729729,0.5669890835859458,0.5818478691628733,0.46824223068763565,0.7391304347826086,0.16333333333333333,0.34782608695652173,0.8019683333333294
15680,interaction_development,2,0.789070079561373,0.6103252545481868,0.6973710168964118,0.6923620430643587,0.3857433319919953,0.8227848101265823,0.12416666666666666,0.35443037974683544,0.8303366666666636
15680,interaction_development,3,0.8663648406368041,0.7488643766248624,0.8187801950243114,0.8017350341775232,0.27164384911418243,0.9195402298850575,0.06916666666666667,0.16091954022988506,0.9113491666666654
15680,interaction_development,4,0.8927242361436887,0.831185521449051,0.8860128069086998,0.8667254116703038,0.22700888454641321,0.8426966292134831,0.041666666666666664,0.25842696629213485,0.8729224999999992
15680,interaction_development,5,0.9064237653792201,0.8898858872432152,0.9307766356845038,0.9130678057183284,0.18744144135260116,0.8478260869565217,0.034166666666666665,0.22826086956521738,0.8837933333333327
15680,interaction_development,6,0.9122590933409724,0.9273051730191701,0.95,0.9426093471203979,0.1700780080805937,0.8901098901098901,0.045,0.24175824175824176,0.8764816666666655
15680,feedback_development,1,0.7584991106575469,0.6533462814670277,0.692818988392631,0.5868506412562087,0.46448276144270567,0.7526881720430108,0.1425,0.3333333333333333,0.8109933333333298
15680,feedback_development,2,0.8702585369002642,0.8727097848471203,0.881888710642766,0.7288847226135935,0.3280806021730607,0.9058823529411765,0.07166666666666667,0.17647058823529413,0.905902499999999
15680,feedback_development,3,0.9027956914240842,0.95,0.95,0.8354780320233723,0.23535952546686473,0.8857142857142857,0.03916666666666667,0.20952380952380953,0.8776416666666663
15680,feedback_development,4,0.9100236249530193,0.95,0.95,0.8971126743399,0.1870307477960032,0.9393939393939394,0.04666666666666667,0.21212121212121213,0.881298333333332
15680,feedback_development,5,0.9126304031823083,0.95,0.95,0.9324836763133354,0.17460753898943845,0.8854166666666666,0.03166666666666667,0.2708333333333333,0.8596549999999991
15680,feedback_development,6,0.9147533386377538,0.95,0.95,0.95,0.15092658163940742,0.9318181818181818,0.03,0.20454545454545456,0.8997416666666671
15681,static_quality,1,0.58,0.24,0.34,0.4,0.62,0.7346938775510204,0.19166666666666668,0.37755102040816324,0.7709299999999951
15681,static_quality,2,0.58,0.24,0.34,0.4,0.62,0.7157894736842105,0.185,0.3894736842105263,0.7722874999999961
15681,static_quality,3,0.58,0.24,0.34,0.4,0.62,0.6868686868686869,0.1875,0.3838383838383838,0.7665341666666625
15681,static_quality,4,0.58,0.24,0.34,0.4,0.62,0.7281553398058253,0.18166666666666667,0.3786407766990291,0.7632149999999958
15681,static_quality,5,0.58,0.24,0.34,0.4,0.62,0.7411764705882353,0.16833333333333333,0.4117647058823529,0.7856899999999962
15681,static_quality,6,0.58,0.24,0.34,0.4,0.62,0.675,0.185,0.425,0.787663333333329
15681,linear_development,1,0.736401571125337,0.4475512880542618,0.54516476005543,0.563856280042838,0.48351274663534705,0.8072289156626506,0.12833333333333333,0.3614457831325301,0.8192316666666636
15681,linear_development,2,0.8082336891888672,0.6439606279939396,0.7276362870683408,0.7189162852583739,0.34543044614096685,0.84375,0.08083333333333333,0.23958333333333334,0.8645199999999981
15681,linear_development,3,0.8443701432291759,0.7518689632229225,0.8213083925235273,0.8041070762286233,0.2880449726495873,0.8505747126436781,0.07666666666666666,0.3103448275862069,0.8451508333333314
15681,linear_development,4,0.8718538780752461,0.8332052178704346,0.8876030422395165,0.8683199088450803,0.23813885395268677,0.8333333333333334,0.059166666666666666,0.26666666666666666,0.8634033333333319
15681,linear_development,5,0.8928798388330177,0.8931499066791265,0.9331657705933081,0.9156446631677321,0.1907237801257124,0.8936170212765957,0.0475,0.2127659574468085,0.8860383333333327
15681,linear_development,6,0.902441716489151,0.9255340096628845,0.95,0.9412110602601723,0.17444300812161923,0.875,0.034166666666666665,0.25,0.8891924999999994
15681,interaction_development,1,0.7121925401725016,0.4952367461261602,0.5906518488314734,0.6015026943101264,0.4460291306819046,0.8144329896907216,0.16166666666666665,0.29896907216494845,0.8165899999999959
15681,interaction_development,2,0.8153753267046083,0.6503309613423764,0.7333159809948583,0.7239454957966136,0.3515331404883562,0.8,0.0975,0.32222222222222224,0.8308591666666644
15681,interaction_development,3,0.8773747091853132,0.7826390383004685,0.846895617378088,0.8283992407635282,0.2625517667582222,0.8773584905660378,0.050833333333333335,0.25471698113207547,0.850167499999999
15681,interaction_development,4,0.8950903036223113,0.8476023653664214,0.8988436189292894,0.8796860779208596,0.23467123148644264,0.8823529411764706,0.041666666666666664,0.3058823529411765,0.8575283333333324
15681,interaction_development,5,0.909968683735362,0.9102612422480718,0.9454836022589271,0.9291536123011097,0.17778523561058435,0.9345794392523364,0.029166666666666667,0.17757009345794392,0.8950541666666664
15681,interaction_development,6,0.9140660471337563,0.9442166719662608,0.95,0.95,0.15762394203071037,0.9019607843137255,0.035833333333333335,0.22549019607843138,0.8737833333333326
15681,feedback_development,1,0.7590827837539964,0.6533055912554894,0.6927901679642536,0.5868506412562087,0.461952584557355,0.7634408602150538,0.14,0.3333333333333333,0.8118716666666637
15681,feedback_development,2,0.8817756323347457,0.8981160393512225,0.9043724917818702,0.7522864536936188,0.301263688643383,0.900990099009901,0.065,0.15841584158415842,0.9021141666666658
15681,feedback_development,3,0.9016693590628782,0.95,0.95,0.8263213493876014,0.24132209525141207,0.92,0.0425,0.21333333333333335,0.9070866666666655
15681,feedback_development,4,0.9049330315279377,0.95,0.95,0.867525059200282,0.235870151248678,0.8055555555555556,0.04666666666666667,0.375,0.8514474999999987
15681,feedback_development,5,0.9086322623813348,0.95,0.95,0.9037031441975104,0.2146638388038087,0.8918918918918919,0.035833333333333335,0.28378378378378377,0.8835133333333323
15681,feedback_development,6,0.9103931976028701,0.95,0.95,0.930421211172638,0.20869196758403147,0.8395061728395061,0.043333333333333335,0.3333333333333333,0.8523466666666655
15682,static_quality,1,0.58,0.24,0.34,0.4,0.62,0.7912087912087912,0.18416666666666667,0.3076923076923077,0.8177991666666621
15682,static_quality,2,0.58,0.24,0.34,0.4,0.62,0.6770833333333334,0.19416666666666665,0.3645833333333333,0.7804258333333287
15682,static_quality,3,0.58,0.24,0.34,0.4,0.62,0.693069306930693,0.18666666666666668,0.36633663366336633,0.7717708333333292
15682,static_quality,4,0.58,0.24,0.34,0.4,0.62,0.7464788732394366,0.18666666666666668,0.29577464788732394,0.8525658333333278
15682,static_quality,5,0.58,0.24,0.34,0.4,0.62,0.7441860465116279,0.175,0.37209302325581395,0.7994291666666629
15682,static_quality,6,0.58,0.24,0.34,0.4,0.62,0.7727272727272727,0.19333333333333333,0.3409090909090909,0.805513333333328
15682,linear_development,1,0.7433296070708661,0.46392705758997943,0.5608626788181376,0.5767845191499837,0.4746256167879467,0.7415730337078652,0.12416666666666666,0.34831460674157305,0.8154491666666633
15682,linear_development,2,0.8151532235997666,0.6667668068335013,0.7478894734802493,0.7369211632896069,0.3332063724515286,0.8365384615384616,0.09333333333333334,0.2403846153846154,0.8516691666666639
15682,linear_development,3,0.8541084407925762,0.7826390383004685,0.846895617378088,0.8283992407635282,0.27088647327072973,0.83,0.06583333333333333,0.29,0.8374999999999979
15682,linear_development,4,0.8746792779366384,0.8429469755022578,0.8952275640512759,0.8760107701333619,0.23628742457605345,0.84,0.056666666666666664,0.28,0.8793541666666654
15682,linear_development,5,0.8916606074213096,0.8944282611956175,0.9340981749277608,0.9166538904175933,0.20555549395707046,0.8666666666666667,0.0475,0.26666666666666666,0.8663749999999989
15682,linear_development,6,0.9038711441865793,0.9307221210819664,0.95,0.9453069376962897,0.17011339985845267,0.8850574712643678,0.04833333333333333,0.19540229885057472,0.9011074999999992
15682,interaction_development,1,0.711866157349842,0.4952367461261602,0.5906518488314734,0.6015026943101264,0.4475797794831493,0.7575757575757576,0.1525,0.31313131313131315,0.8091816666666638
15682,interaction_development,2,0.8072404303782561,0.6418114969757943,0.7257163011765768,0.7172196028756277,0.37313500736705135,0.8172043010752689,0.1125,0.3870967741935484,0.7924858333333304
15682,interaction_development,3,0.872890864544777,0.7719182840192141,0.8380452706653891,0.8199354873835905,0.27499788986039525,0.8775510204081632,0.04666666666666667,0.23469387755102042,0.8709849999999987
15682,interaction_development,4,0.8947824466606765,0.8438892936492443,0.895960971102917,0.8767547055125617,0.23325159961185177,0.8850574712643678,0.059166666666666666,0.27586206896551724,0.8635058333333313
15682,interaction_development,5,0.9095579594551184,0.9041196026992531,0.9411040518244503,0.9243049494994109,0.17075926078422166,0.8958333333333334,0.04,0.15625,0.9128774999999995
15682,interaction_development,6,0.9141290038705505,0.9351597305725349,0.95,0.9488103136098964,0.14846681817694676,0.8875,0.03666666666666667,0.1875,0.9133283333333334
15682,feedback_development,1,0.76621708998251,0.6672474692915613,0.7046742854053507,0.5942427988231141,0.45893654899619524,0.7959183673469388,0.145,0.336734693877551,0.8006141666666633
15682,feedback_development,2,0.8798076808270472,0.8948805701036203,0.9015177564660477,0.7492869224336145,0.31045479837505363,0.88,0.08416666666666667,0.2,0.8785183333333314
15682,feedback_development,3,0.9026677337499371,0.95,0.95,0.8344849416734128,0.23610328203074188,0.8953488372093024,0.043333333333333335,0.19767441860465115,0.9018316666666666
15682,feedback_development,4,0.9093506155636226,0.95,0.95,0.8907307317241973,0.1920285716255071,0.896551724137931,0.03666666666666667,0.20689655172413793,0.8986308333333333
15682,feedback_development,5,0.9132260612232928,0.95,0.95,0.9308386839056022,0.16244626934771908,0.90625,0.03333333333333333,0.20833333333333334,0.8891374999999996
15682,feedback_development,6,0.9147494492146507,0.95,0.95,0.95,0.15100190768818766,0.9142857142857143,0.03916666666666667,0.24761904761904763,0.8578816666666654
15683,static_quality,1,0.58,0.24,0.34,0.4,0.62,0.7241379310344828,0.19916666666666666,0.3448275862068966,0.8042441666666617
15683,static_quality,2,0.58,0.24,0.34,0.4,0.62,0.7551020408163265,0.19166666666666668,0.336734693877551,0.7907874999999952
15683,static_quality,3,0.58,0.24,0.34,0.4,0.62,0.6666666666666666,0.1875,0.40229885057471265,0.7818891666666621
15683,static_quality,4,0.58,0.24,0.34,0.4,0.62,0.7692307692307693,0.15833333333333333,0.3516483516483517,0.8030091666666629
15683,static_quality,5,0.58,0.24,0.34,0.4,0.62,0.7111111111111111,0.16666666666666666,0.34444444444444444,0.806325833333329
15683,static_quality,6,0.58,0.24,0.34,0.4,0.62,0.693069306930693,0.17166666666666666,0.43564356435643564,0.7400324999999959
15683,linear_development,1,0.7380538161198362,0.4508659803259362,0.548348606735042,0.5664731423625811,0.4889847187584526,0.7640449438202247,0.12166666666666667,0.39325842696629215,0.7957674999999973
15683,linear_development,2,0.8025648266643612,0.630869679339004,0.7159114337367587,0.7085813257939512,0.3642688515900822,0.8351648351648352,0.0975,0.27472527472527475,0.8504366666666641
15683,linear_development,3,0.8466589235784258,0.7548376029469235,0.8238013191394316,0.806450739168624,0.27405229384139956,0.8636363636363636,0.07916666666666666,0.22727272727272727,0.8797458333333316
15683,linear_development,4,0.8777366229716612,0.8410452407627433,0.8937452033836817,0.8745094006021662,0.19861947679348457,0.9036144578313253,0.05583333333333333,0.13253012048192772,0.9292316666666661
15683,linear_development,5,0.8958107378143718,0.8944282611956175,0.9340981749277608,0.9166538904175933,0.16603044259457253,0.9186046511627907,0.05333333333333334,0.20930232558139536,0.8950608333333318
15683,linear_development,6,0.9069821882877959,0.9327756666049334,0.95,0.9469281578460005,0.14415917409097254,0.9368421052631579,0.035833333333333335,0.21052631578947367,0.8884833333333324
15683,interaction_development,1,0.6724800558909513,0.4408617581285113,0.5387295763754438,0.5585750722067193,0.4911311733312182,0.7407407407407407,0.17583333333333334,0.37037037037037035,0.8095816666666628
15683,interaction_development,2,0.7777371210840671,0.5959975916942372,0.6843432886334118,0.6810507302849247,0.40413229259117467,0.7816091954022989,0.13,0.3793103448275862,0.8037683333333304
15683,interaction_development,3,0.8522987061198534,0.7201318981849876,0.7943545117453554,0.7790514985670961,0.3031247111621132,0.8933333333333333,0.0725,0.18666666666666668,0.9108458333333328
15683,interaction_development,4,0.887621605541243,0.8174479583456778,0.8751134038199616,0.8558799671150091,0.24861113247219824,0.8686868686868687,0.05416666666666667,0.2828282828282828,0.844635833333332
15683,interaction_development,5,0.9028088478498577,0.8742979017552448,0.9192078369499581,0.90076150138572,0.2033762350007058,0.8974358974358975,0.045,0.20512820512820512,0.9069358333333328
15683,interaction_development,6,0.9106010581181644,0.9155024927059016,0.9491817580805566,0.9332914416099226,0.17892902278062772,0.9090909090909091,0.050833333333333335,0.25,0.8756358333333312
15683,feedback_development,1,0.7098712586518183,0.5703247759851912,0.6221519430987754,0.5450905772565253,0.5060335010320162,0.6233766233766234,0.1475,0.4025974025974026,0.81106333333333
15683,feedback_development,2,0.8473685571950925,0.8239084344225257,0.8392670684198342,0.690505073505391,0.3793801473466135,0.8539325842696629,0.08,0.2808988764044944,0.8543149999999986
15683,feedback_development,3,0.8958532686270009,0.9437513985378537,0.9455620212282733,0.8052824337712515,0.2774210276081075,0.8137254901960784,0.03833333333333333,0.24509803921568626,0.8633999999999992
15683,feedback_development,4,0.9069605876521818,0.95,0.95,0.8782292122158095,0.21698431753091763,0.8529411764705882,0.04416666666666667,0.23529411764705882,0.8671333333333318
15683,feedback_development,5,0.9101658702218091,0.95,0.95,0.9161507951887257,0.20165919243326957,0.8202247191011236,0.04,0.30337078651685395,0.8528958333333321
15683,feedback_development,6,0.9141572127283083,0.95,0.95,0.9462855177807291,0.15900152438101484,0.9213483146067416,0.03916666666666667,0.16853932584269662,0.9128733333333329
15684,static_quality,1,0.58,0.24,0.34,0.4,0.62,0.5384615384615384,0.18416666666666667,0.5897435897435898,0.7279274999999968
15684,static_quality,2,0.58,0.24,0.34,0.4,0.62,0.7195121951219512,0.18416666666666667,0.35365853658536583,0.8127041666666621
15684,static_quality,3,0.58,0.24,0.34,0.4,0.62,0.7326732673267327,0.16833333333333333,0.36633663366336633,0.7760199999999965
15684,static_quality,4,0.58,0.24,0.34,0.4,0.62,0.7333333333333333,0.19,0.3523809523809524,0.7710349999999957
15684,static_quality,5,0.58,0.24,0.34,0.4,0.62,0.7608695652173914,0.18833333333333332,0.33695652173913043,0.8015266666666625
15684,static_quality,6,0.58,0.24,0.34,0.4,0.62,0.7692307692307693,0.185,0.3516483516483517,0.7971358333333289
15684,linear_development,1,0.7510915329077616,0.482938509566678,0.5789866770874317,0.5917935601842195,0.45284700485964574,0.7666666666666667,0.11916666666666667,0.28888888888888886,0.8411749999999975
15684,linear_development,2,0.808013701651484,0.6439606279939396,0.7276362870683408,0.7189162852583739,0.34752556554461633,0.7727272727272727,0.09916666666666667,0.29545454545454547,0.8455083333333305
15684,linear_development,3,0.8400869988527331,0.7396305564085599,0.8109789515647944,0.7944451761120214,0.29660707596410796,0.8421052631578947,0.07583333333333334,0.3157894736842105,0.8603316666666653
15684,linear_development,4,0.8706745549239929,0.830166520572486,0.8852092718113794,0.8659209372940683,0.24153906373514417,0.8333333333333334,0.058333333333333334,0.2604166666666667,0.8589449999999984
15684,linear_development,5,0.887174019362388,0.8816396144831694,0.9246884266533464,0.90655759038145,0.21599020901903132,0.9166666666666666,0.0525,0.2857142857142857,0.8652516666666656
15684,linear_development,6,0.902358666020703,0.9264249207712777,0.95,0.9419144111352197,0.17682822694742026,0.8811881188118812,0.04416666666666667,0.21782178217821782,0.8768874999999994
15684,interaction_development,1,0.6565436304832108,0.4237813978582655,0.5222404617217175,0.5450905772565253,0.5271950116527532,0.6413043478260869,0.16,0.5,0.7328408333333297
15684,interaction_development,2,0.7923140051304778,0.6195936148679743,0.7057560699826324,0.6996791696326119,0.39293585372082007,0.8557692307692307,0.1425,0.33653846153846156,0.7909049999999973
15684,interaction_development,3,0.8682792143603686,0.7592241015100749,0.8274756506675646,0.8099137643500592,0.2817094843517979,0.9263157894736842,0.07666666666666666,0.2,0.8848274999999979
15684,interaction_development,4,0.8950236032463832,0.8400857552945104,0.8929961766200218,0.8737519120746139,0.22181261677376832,0.9080459770114943,0.041666666666666664,0.21839080459770116,0.8922616666666661
15684,interaction_development,5,0.9021484873900149,0.8816396144831694,0.9246884266533464,0.90655759038145,0.22832976684846648,0.8625,0.0375,0.375,0.8383933333333323
15684,interaction_development,6,0.9110665510319939,0.9237196930346957,0.95,0.9397787050273917,0.1848538246407589,0.8936170212765957,0.03666666666666667,0.22340425531914893,0.883201666666666
15684,feedback_development,1,0.7985651796092426,0.7219635396405925,0.751437854783983,0.6247771883884232,0.4239783215627979,0.7894736842105263,0.145,0.3157894736842105,0.7853258333333303
15684,feedback_development,2,0.8838018175952558,0.9080590058651502,0.9132629121426383,0.7625050127159727,0.3075248597683039,0.9207920792079208,0.0575,0.24752475247524752,0.8589824999999989
15684,feedback_development,3,0.9026403816826853,0.95,0.95,0.8441519562049717,0.24519968510675932,0.9139784946236559,0.045,0.24731182795698925,0.8713508333333325
15684,feedback_development,4,0.9077012134420464,0.95,0.95,0.8946058899013944,0.22061755296601512,0.8387096774193549,0.0425,0.3010752688172043,0.8476424999999984
15684,feedback_development,5,0.9139026929429322,0.95,0.95,0.9383114513677651,0.15918648555942966,0.9423076923076923,0.03833333333333333,0.14423076923076922,0.9132000000000001
15684,feedback_development,6,0.9152871170887973,0.95,0.95,0.95,0.14043582634142215,0.898989898989899,0.0375,0.20202020202020202,0.8877599999999988
15685,static_quality,1,0.58,0.24,0.34,0.4,0.62,0.8875,0.17083333333333334,0.1875,0.8856199999999962
15685,static_quality,2,0.58,0.24,0.34,0.4,0.62,0.7142857142857143,0.19416666666666665,0.38095238095238093,0.7955274999999947
15685,static_quality,3,0.58,0.24,0.34,0.4,0.62,0.6666666666666666,0.18,0.41414141414141414,0.753575833333329
15685,static_quality,4,0.58,0.24,0.34,0.4,0.62,0.6923076923076923,0.15833333333333333,0.3956043956043956,0.7831216666666624
15685,static_quality,5,0.58,0.24,0.34,0.4,0.62,0.7391304347826086,0.1825,0.31521739130434784,0.8130508333333285
15685,static_quality,6,0.58,0.24,0.34,0.4,0.62,0.6442307692307693,0.18166666666666667,0.46153846153846156,0.7178774999999961
15685,linear_development,1,0.7612745988458448,0.5101990159926683,0.604779852685113,0.6133150126257907,0.43044055896219285,0.7821782178217822,0.115,0.27722772277227725,0.8320241666666637
15685,linear_development,2,0.811048267242859,0.6545144017208763,0.737036489743999,0.727248211884903,0.34691084389397786,0.8255813953488372,0.0975,0.32558139534883723,0.8353749999999976
15685,linear_development,3,0.8479680200744,0.7606687569010144,0.8286833211128917,0.8110542817639589,0.27690140668834123,0.8414634146341463,0.07666666666666666,0.25609756097560976,0.8752741666666647
15685,linear_development,4,0.8739242831720231,0.8352007506438327,0.889171092197233,0.8698953294556577,0.22355971351555104,0.8625,0.06416666666666666,0.225,0.8927808333333321
15685,linear_development,5,0.8949106985641493,0.896317173549801,0.9354724482903182,0.9181451370130013,0.17671516335046308,0.9270833333333334,0.04083333333333333,0.19791666666666666,0.8923833333333329
15685,linear_development,6,0.9042725902223339,0.9307221210819664,0.95,0.9453069376962897,0.16629010427983842,0.8333333333333334,0.035,0.25555555555555554,0.8737974999999991
15685,interaction_development,1,0.6641574531090426,0.4272387094711159,0.5255847784896654,0.5478200337929862,0.4964429058602911,0.7027027027027027,0.18583333333333332,0.36486486486486486,0.8226974999999954
15685,interaction_development,2,0.7707455600909096,0.5811431255889801,0.6707547360172582,0.6693235202018268,0.39954963421363093,0.7532467532467533,0.12083333333333333,0.3246753246753247,0.8460549999999971
15685,interaction_development,3,0.8469996359590504,0.7115825848860969,0.787003266445023,0.7723020406995509,0.3172207695905637,0.8636363636363636,0.08833333333333333,0.29545454545454547,0.8476691666666641
15685,interaction_development,4,0.8894737582254537,0.8196320109720302,0.8768556967232694,0.8576042191884452,0.23090031322265323,0.9081632653061225,0.06666666666666667,0.20408163265306123,0.8821466666666654
15685,interaction_development,5,0.9064056540427874,0.8844548000022796,0.9267751122511443,0.908780105264958,0.17532103790612838,0.9325842696629213,0.041666666666666664,0.16853932584269662,0.912334999999999
15685,interaction_development,6,0.9114398282103116,0.9199573687374554,0.95,0.9368084490032547,0.1725868932005562,0.9047619047619048,0.034166666666666665,0.27380952380952384,0.8740824999999984
15685,feedback_development,1,0.7293124758693675,0.5980214286291771,0.6456950303866515,0.5585750722067193,0.478285349016277,0.8169014084507042,0.1625,0.28169014084507044,0.8621983333333298
15685,feedback_development,2,0.8615503373955498,0.8505564357804238,0.862416154593261,0.7103298378391875,0.33969602765652246,0.8505747126436781,0.0875,0.19540229885057472,0.8929341666666649
15685,feedback_development,3,0.8916373060092602,0.9266964145952756,0.9299928115469498,0.78300475687961,0.2799648780869452,0.9047619047619048,0.05,0.23809523809523808,0.911056666666665
15685,feedback_development,4,0.9045522581605407,0.95,0.95,0.8505809240905963,0.2258587745341234,0.8734177215189873,0.045,0.21518987341772153,0.9024624999999994
15685,feedback_development,5,0.9116610290791036,0.95,0.95,0.9031218754502117,0.16503931843824715,0.9634146341463414,0.03833333333333333,0.12195121951219512,0.9384649999999998
15685,feedback_development,6,0.9134067782396309,0.95,0.95,0.9308386839056022,0.15913453285779344,0.8947368421052632,0.034166666666666665,0.2631578947368421,0.8893208333333329
15686,static_quality,1,0.58,0.24,0.34,0.4,0.62,0.6732673267326733,0.18666666666666668,0.39603960396039606,0.7569008333333292
15686,static_quality,2,0.58,0.24,0.34,0.4,0.62,0.691358024691358,0.21083333333333334,0.43209876543209874,0.7769016666666608
15686,static_quality,3,0.58,0.24,0.34,0.4,0.62,0.5869565217391305,0.18333333333333332,0.5217391304347826,0.7179716666666628
15686,static_quality,4,0.58,0.24,0.34,0.4,0.62,0.6568627450980392,0.17916666666666667,0.4215686274509804,0.7435974999999957
15686,static_quality,5,0.58,0.24,0.34,0.4,0.62,0.6808510638297872,0.1925,0.40425531914893614,0.7656824999999957
15686,static_quality,6,0.58,0.24,0.34,0.4,0.62,0.7674418604651163,0.175,0.3488372093023256,0.8094816666666624
15686,linear_development,1,0.7552243049394773,0.4952367461261602,0.5906518488314734,0.6015026943101264,0.4471598136536903,0.7653061224489796,0.14166666666666666,0.30612244897959184,0.8161058333333299
15686,linear_development,2,0.8217585537057834,0.684335521138749,0.7633349017521196,0.7507912008990129,0.32457063611575254,0.8598130841121495,0.10333333333333333,0.27102803738317754,0.8292824999999966
15686,linear_development,3,0.8639533555989352,0.80020209573298,0.8612359069480128,0.8422648124207739,0.227956571302384,0.9438202247191011,0.059166666666666666,0.14606741573033707,0.9186349999999996
15686,linear_development,4,0.885475314932057,0.8632481703831413,0.9108585371589517,0.8920380292498489,0.18542745172473205,0.8831168831168831,0.06,0.18181818181818182,0.9139383333333329
15686,linear_development,5,0.8978606561755609,0.9064001047850562,0.942735903628434,0.9261053458829397,0.17656843833870647,0.8275862068965517,0.05,0.27586206896551724,0.8661241666666653
15686,linear_development,6,0.9056162860480358,0.9351597305725349,0.95,0.9488103136098964,0.1614339865820895,0.85,0.03833333333333333,0.2375,0.893337499999999
15686,interaction_development,1,0.6777127752786094,0.4508659803259362,0.548348606735042,0.5664731423625811,0.49217006194784957,0.717391304347826,0.17333333333333334,0.41304347826086957,0.7694524999999967
15686,interaction_development,2,0.8063427490086259,0.635285954495392,0.7198747533246972,0.7120678588121523,0.36161582347899013,0.8131868131868132,0.10416666666666667,0.25274725274725274,0.8594374999999975
15686,interaction_development,3,0.8598063762762587,0.7411927730701086,0.8123020989038409,0.7956785050553492,0.3017819523485057,0.8072289156626506,0.07083333333333333,0.3132530120481928,0.8514741666666648
15686,interaction_development,4,0.890736241074479,0.8321984083203567,0.8868107172603389,0.867525059200282,0.25053007074268624,0.8529411764705882,0.0525,0.29411764705882354,0.8354333333333319
15686,interaction_development,5,0.9030673071168882,0.8837573440666797,0.9262589247242138,0.9082294821579054,0.22092355040104603,0.9080459770114943,0.035833333333333335,0.2988505747126437,0.8585616666666657
15686,interaction_development,6,0.9100734591867752,0.9241773748764875,0.95,0.9401400327972274,0.20176878790132066,0.88,0.030833333333333334,0.29,0.8448124999999989
15686,feedback_development,1,0.733644673539145,0.6085789140334329,0.6546859260676458,0.563856280042838,0.4810301190959733,0.8227848101265823,0.15083333333333335,0.3291139240506329,0.8348924999999966
15686,feedback_development,2,0.8405344742652583,0.81070921254081,0.8278113752975199,0.6810507302849247,0.391273710619487,0.8148148148148148,0.095,0.35802469135802467,0.8313274999999978
15686,feedback_development,3,0.891480882846695,0.9316621675660914,0.9345388887050234,0.7894369631909817,0.2946377057554584,0.9120879120879121,0.0525,0.24175824175824176,0.8754491666666657
15686,feedback_development,4,0.9042296054202688,0.95,0.95,0.8558799671150091,0.2349801964643232,0.9024390243902439,0.0325,0.23170731707317074,0.8941849999999992
15686,feedback_development,5,0.9109405420872079,0.95,0.95,0.9076755353701262,0.18148382394078763,0.8888888888888888,0.041666666666666664,0.17777777777777778,0.9072391666666664
15686,feedback_development,6,0.9144594720819672,0.95,0.95,0.9443105296641144,0.1514919136099902,0.9065420560747663,0.04,0.21495327102803738,0.8723233333333323
15687,static_quality,1,0.58,0.24,0.34,0.4,0.62,0.7204301075268817,0.1725,0.43010752688172044,0.7600799999999963
15687,static_quality,2,0.58,0.24,0.34,0.4,0.62,0.673469387755102,0.18583333333333332,0.37755102040816324,0.7720799999999961
15687,static_quality,3,0.58,0.24,0.34,0.4,0.62,0.6666666666666666,0.1725,0.4230769230769231,0.7951499999999952
15687,static_quality,4,0.58,0.24,0.34,0.4,0.62,0.7547169811320755,0.18,0.32075471698113206,0.787990833333329
15687,static_quality,5,0.58,0.24,0.34,0.4,0.62,0.68,0.18416666666666667,0.38,0.767140833333329
15687,static_quality,6,0.58,0.24,0.34,0.4,0.62,0.6666666666666666,0.18,0.42528735632183906,0.7730774999999961
15687,linear_development,1,0.7521347410765014,0.48912463323822225,0.5848602339553849,0.5966773420301754,0.459855151352341,0.7961165048543689,0.13,0.3592233009708738,0.7836633333333304
15687,linear_development,2,0.8131242319603682,0.6627317292421545,0.7443225169137124,0.7337355757174909,0.34913046986985147,0.82,0.08833333333333333,0.31,0.8226299999999976
15687,linear_development,3,0.8565447174423216,0.7839432040706658,0.8479673480564415,0.829428845318947,0.2561516122810858,0.9354838709677419,0.058333333333333334,0.20430107526881722,0.8886124999999984
15687,linear_development,4,0.879931361148766,0.8530070408928029,0.9030185272939882,0.8839529270206343,0.2120607699810825,0.8554216867469879,0.07166666666666667,0.2289156626506024,0.8862666666666644
15687,linear_development,5,0.8945565645619766,0.8975576348854511,0.9363726721642199,0.9191244485937777,0.18584937886271805,0.8860759493670886,0.05333333333333334,0.24050632911392406,0.8899408333333324
15687,linear_development,6,0.9047142705275069,0.9298832442157637,0.95,0.9446446664861298,0.16058247710658885,0.8375,0.04,0.2125,0.9028008333333328
15687,interaction_development,1,0.6858926394845267,0.4606912048188928,0.5577670481552242,0.5742298985412311,0.47844743003137813,0.7391304347826086,0.1575,0.3804347826086957,0.7876766666666631
15687,interaction_development,2,0.7974166298471586,0.6263999280785356,0.7118920395809525,0.7050525747988445,0.384697574669001,0.7676767676767676,0.11083333333333334,0.3838383838383838,0.7831924999999978
15687,interaction_development,3,0.8553461832059941,0.736477776526928,0.8083046091672872,0.7919561393633647,0.32141100834763336,0.797752808988764,0.07166666666666667,0.34831460674157305,0.8262699999999986
15687,interaction_development,4,0.8885626056911955,0.8270724637413993,0.8827645201380486,0.8634782608484736,0.2610625785256391,0.9108910891089109,0.058333333333333334,0.3069306930693069,0.8289483333333318
15687,interaction_development,5,0.9021426332291262,0.8830556781354927,0.9257390984131055,0.9076755353701262,0.23146461388307465,0.8105263157894737,0.043333333333333335,0.3157894736842105,0.8373174999999986
15687,interaction_development,6,0.9113476752875389,0.9250845167634653,0.95,0.9408561974448414,0.1804726096884954,0.9120879120879121,0.03916666666666667,0.18681318681318682,0.9029216666666662
15687,feedback_development,1,0.7447550475470388,0.6385844190465213,0.6802899220523514,0.5793238120350839,0.4809994017982521,0.73,0.1475,0.41,0.7604558333333306
15687,feedback_development,2,0.8656939042008717,0.866568988826864,0.8765386896626826,0.7239454957966136,0.35349513456549075,0.8842105263157894,0.07333333333333333,0.2631578947368421,0.8558124999999986
15687,feedback_development,3,0.8974438316905973,0.9478082716109679,0.9492882425777073,0.8110542817639589,0.2751128535938794,0.8902439024390244,0.0575,0.23170731707317074,0.8893083333333319
15687,feedback_development,4,0.9073672533074533,0.95,0.95,0.8832524416706583,0.21552819163549627,0.8679245283018868,0.04666666666666667,0.24528301886792453,0.8562374999999985
15687,feedback_development,5,0.9118891945225096,0.95,0.95,0.9252105650835999,0.18107810483521178,0.8958333333333334,0.03333333333333333,0.22916666666666666,0.8796099999999986
15687,feedback_development,6,0.9142598236654508,0.95,0.95,0.95,0.1603595618300035,0.92,0.035,0.22,0.8788574999999992
15688,static_quality,1,0.58,0.24,0.34,0.4,0.62,0.5625,0.19166666666666668,0.5,0.7561216666666624
15688,static_quality,2,0.58,0.24,0.34,0.4,0.62,0.7529411764705882,0.19,0.29411764705882354,0.8315391666666618
15688,static_quality,3,0.58,0.24,0.34,0.4,0.62,0.7111111111111111,0.20166666666666666,0.37777777777777777,0.7831616666666615
15688,static_quality,4,0.58,0.24,0.34,0.4,0.62,0.7157894736842105,0.18416666666666667,0.4,0.7671049999999962
15688,static_quality,5,0.58,0.24,0.34,0.4,0.62,0.6091954022988506,0.18166666666666667,0.45977011494252873,0.7579849999999961
15688,static_quality,6,0.58,0.24,0.34,0.4,0.62,0.6633663366336634,0.1725,0.38613861386138615,0.7650308333333291
15688,linear_development,1,0.7424959413538325,0.4606912048188928,0.5577670481552242,0.5742298985412311,0.47367918624075317,0.7727272727272727,0.12833333333333333,0.3522727272727273,0.8144166666666641
15688,linear_development,2,0.793649052251945,0.6103252545481868,0.6973710168964118,0.6923620430643587,0.3938768644904333,0.7191011235955056,0.09583333333333334,0.39325842696629215,0.801088333333331
15688,linear_development,3,0.845025962961754,0.7503711903651132,0.8200487336591412,0.8029246239724581,0.27785918645619745,0.9333333333333333,0.06583333333333333,0.17777777777777778,0.9026008333333329
15688,linear_development,4,0.8746508967643281,0.834205986563212,0.8883898209438399,0.8691099893920098,0.21407820866736482,0.9047619047619048,0.0625,0.19047619047619047,0.9032616666666655
15688,linear_development,5,0.894812708791639,0.8950616916284437,0.9345594877032665,0.9171539670750877,0.17713030077214087,0.9387755102040817,0.051666666666666666,0.22448979591836735,0.8750458333333323
15688,linear_development,6,0.905973691860098,0.9323698859204561,0.95,0.9466078046740447,0.15303776811737654,0.8586956521739131,0.035,0.20652173913043478,0.8941283333333331
15688,interaction_development,1,0.6867602329669451,0.4606912048188928,0.5577670481552242,0.5742298985412311,0.4741582797491791,0.7674418604651163,0.15833333333333333,0.3372093023255814,0.8183224999999965
15688,interaction_development,2,0.8147258500186305,0.646096864225976,0.7295428330588625,0.7206027875468237,0.3444021570844743,0.8709677419354839,0.12,0.24731182795698925,0.856024166666664
15688,interaction_development,3,0.8741557080962986,0.7719182840192141,0.8380452706653891,0.8199354873835905,0.2645358519007308,0.8877551020408163,0.04833333333333333,0.25510204081632654,0.8610841666666651
15688,interaction_development,4,0.8947463698204668,0.8466824601271845,0.8981305326578947,0.8789598369425147,0.2399421988426123,0.7524752475247525,0.05,0.3465346534653465,0.8107641666666652
15688,interaction_development,5,0.9090984353088069,0.9041196026992531,0.9411040518244503,0.9243049494994109,0.17819126500941967,0.9032258064516129,0.028333333333333332,0.16129032258064516,0.9151524999999996
15688,interaction_development,6,0.9135304508205628,0.9355487721890997,0.95,0.949117451728237,0.1603151879116526,0.8470588235294118,0.041666666666666664,0.2235294117647059,0.892450833333333
15688,feedback_development,1,0.71065942788621,0.5703519475838278,0.622171035822847,0.5450905772565253,0.5026994779965257,0.7837837837837838,0.15416666666666667,0.3783783783783784,0.8240999999999957
15688,feedback_development,2,0.842738980019617,0.8134750970692951,0.8302017805536956,0.6829644259032152,0.38453903713702653,0.8690476190476191,0.08333333333333333,0.2857142857142857,0.8590416666666644
15688,feedback_development,3,0.8948069210274,0.9376036927279846,0.9399324639306628,0.7969044340250171,0.27599865524744793,0.8913043478260869,0.04833333333333333,0.1956521739130435,0.8958758333333323
15688,feedback_development,4,0.9059416309977557,0.95,0.95,0.8651116069356823,0.21979074792560163,0.8863636363636364,0.03833333333333333,0.22727272727272727,0.8882941666666657
15688,feedback_development,5,0.9110454057642439,0.95,0.95,0.9166538904175933,0.18619053186725648,0.9056603773584906,0.0375,0.24528301886792453,0.858090833333332
15688,feedback_development,6,0.9138902375969985,0.95,0.95,0.9446446664861298,0.16254229652664992,0.9195402298850575,0.035833333333333335,0.21839080459770116,0.8938699999999994
15689,static_quality,1,0.58,0.24,0.34,0.4,0.62,0.6707317073170732,0.16166666666666665,0.4268292682926829,0.787274166666663
15689,static_quality,2,0.58,0.24,0.34,0.4,0.62,0.6862745098039216,0.19583333333333333,0.4019607843137255,0.7498683333333285
15689,static_quality,3,0.58,0.24,0.34,0.4,0.62,0.7073170731707317,0.1775,0.4146341463414634,0.788953333333329
15689,static_quality,4,0.58,0.24,0.34,0.4,0.62,0.7191011235955056,0.1825,0.42696629213483145,0.7678708333333291
15689,static_quality,5,0.58,0.24,0.34,0.4,0.62,0.7078651685393258,0.17083333333333334,0.4157303370786517,0.7754424999999965
15689,static_quality,6,0.58,0.24,0.34,0.4,0.62,0.7752808988764045,0.1675,0.2808988764044944,0.835804999999995
15689,linear_development,1,0.7570465952846559,0.49826532564940323,0.593517285889653,0.6038936781442656,0.4380896679246943,0.8387096774193549,0.10916666666666666,0.25806451612903225,0.8534616666666635
15689,linear_development,2,0.8148137683991279,0.6647553388667016,0.7461122592953164,0.735333162263186,0.33104140876370614,0.8297872340425532,0.08916666666666667,0.2872340425531915,0.8423224999999975
15689,linear_development,3,0.8543297083946675,0.7746470536692083,0.8403047010943363,0.8220897792125332,0.25294907307448156,0.9156626506024096,0.06916666666666667,0.20481927710843373,0.8966791666666648
15689,linear_development,4,0.8788417550528802,0.8466824601271845,0.8981305326578947,0.8789598369425147,0.2062323054144484,0.9135802469135802,0.05,0.20987654320987653,0.9005274999999997
15689,linear_development,5,0.8974484705164104,0.9011906817167255,0.938998688045703,0.9219926434605733,0.1674346749714737,0.898876404494382,0.04833333333333333,0.1797752808988764,0.9060116666666661
15689,linear_development,6,0.9084564188564639,0.9403989113665004,0.95,0.95,0.14081396987636788,0.9117647058823529,0.03666666666666667,0.17647058823529413,0.898636666666666
15689,interaction_development,1,0.6654973090258857,0.4340912255510035,0.5322033452449562,0.5532299149086869,0.4960220223475713,0.717948717948718,0.1725,0.3717948717948718,0.8152341666666626
15689,interaction_development,2,0.8059027031191432,0.6330844612629699,0.7179000537006014,0.7103298378391875,0.35835962710306013,0.83,0.105,0.28,0.8338874999999978
15689,interaction_development,3,0.8752830923387154,0.7773431763191099,0.8425326102093692,0.8242182970940345,0.2679383204436827,0.8230088495575221,0.050833333333333335,0.26548672566371684,0.8354041666666656
15689,interaction_development,4,0.8997561202457097,0.8565032482436222,0.905705628802509,0.8867130907186497,0.20265098068256682,0.9222222222222223,0.03833333333333333,0.18888888888888888,0.9027641666666667
15689,interaction_development,5,0.9118683966108545,0.9155024927059016,0.9491817580805566,0.9332914416099226,0.15721889788473045,0.9444444444444444,0.03,0.18518518518518517,0.8897841666666659
15689,interaction_development,6,0.9148464235384399,0.9428575465565383,0.95,0.95,0.1426733655286086,0.9036144578313253,0.0325,0.21686746987951808,0.8993466666666659
15689,feedback_development,1,0.7485860438601912,0.6340159715346235,0.6763475505743819,0.5767845191499837,0.4683400268735421,0.8352941176470589,0.16916666666666666,0.3176470588235294,0.8253849999999966
15689,feedback_development,2,0.8675505406748556,0.8669120340761168,0.876792295096709,0.7239454957966136,0.3410156457218142,0.8526315789473684,0.0725,0.25263157894736843,0.8608441666666653
15689,feedback_development,3,0.900963022573452,0.95,0.95,0.8273634212912758,0.25102518471541224,0.8514851485148515,0.03666666666666667,0.22772277227722773,0.8731633333333328
15689,feedback_development,4,0.9081890145131644,0.95,0.95,0.8873928121743377,0.20699002811921668,0.8526315789473684,0.04833333333333333,0.25263157894736843,0.8660733333333318
15689,feedback_development,5,0.9131620385018289,0.95,0.95,0.9324836763133354,0.16508765654031327,0.8867924528301887,0.03916666666666667,0.19811320754716982,0.8828516666666667
15689,feedback_development,6,0.9141539018900552,0.95,0.95,0.95,0.16235191931562065,0.8586956521739131,0.0325,0.2717391304347826,0.8647441666666659
15690,static_quality,1,0.58,0.24,0.34,0.4,0.62,0.7142857142857143,0.1925,0.3482142857142857,0.7604116666666624
15690,static_quality,2,0.58,0.24,0.34,0.4,0.62,0.6989247311827957,0.17416666666666666,0.3333333333333333,0.8048891666666622
15690,static_quality,3,0.58,0.24,0.34,0.4,0.62,0.7241379310344828,0.18,0.3793103448275862,0.7929991666666623
15690,static_quality,4,0.58,0.24,0.34,0.4,0.62,0.6447368421052632,0.16583333333333333,0.47368421052631576,0.7816166666666624
15690,static_quality,5,0.58,0.24,0.34,0.4,0.62,0.7096774193548387,0.17416666666666666,0.43010752688172044,0.7596866666666628
15690,static_quality,6,0.58,0.24,0.34,0.4,0.62,0.7528089887640449,0.16,0.33707865168539325,0.8122283333333296
15690,linear_development,1,0.7423082560236526,0.45743581973731673,0.5546495953224815,0.5716598576873552,0.4665237868076046,0.8157894736842105,0.12333333333333334,0.2631578947368421,0.8705108333333307
15690,linear_development,2,0.8017412968520585,0.6263999280785356,0.7118920395809525,0.7050525747988445,0.36009409624825156,0.8505747126436781,0.095,0.28735632183908044,0.8509308333333309
15690,linear_development,3,0.8450151005741378,0.7518689632229225,0.8213083925235273,0.8041070762286233,0.2819025217451893,0.8387096774193549,0.08083333333333333,0.26881720430107525,0.8542708333333314
15690,linear_development,4,0.8718120569988472,0.831185521449051,0.8860128069086998,0.8667254116703038,0.23333272099141386,0.8953488372093024,0.0575,0.2558139534883721,0.8740924999999987
15690,linear_development,5,0.8915044779732613,0.8892212145303976,0.9302886562784529,0.912543064102946,0.19391504945216434,0.9333333333333333,0.0525,0.2222222222222222,0.8853658333333323
15690,linear_development,6,0.9044707149843523,0.929460004241211,0.95,0.9443105296641144,0.1621446769114932,0.851063829787234,0.043333333333333335,0.20212765957446807,0.8921666666666652
15690,interaction_development,1,0.686905046188521,0.46392705758997943,0.5608626788181376,0.5767845191499837,0.48230239869415154,0.723404255319149,0.15666666666666668,0.3829787234042553,0.7834583333333294
15690,interaction_development,2,0.7922407749262801,0.6172973992635556,0.7036818428828121,0.6978663678396498,0.38765092259969053,0.7738095238095238,0.10416666666666667,0.3333333333333333,0.834318333333331
15690,interaction_development,3,0.8660139732713018,0.753357749443585,0.8225592337758626,0.8052824337712515,0.27991559183644443,0.9120879120879121,0.0675,0.1978021978021978,0.8917908333333319
15690,interaction_development,4,0.8945446815033319,0.8332052178704346,0.8876030422395165,0.8683199088450803,0.21124446005458236,0.9090909090909091,0.051666666666666666,0.15584415584415584,0.9255349999999997
15690,interaction_development,5,0.9086715159583147,0.895691321478673,0.9350175712893436,0.9176510432726371,0.16593226037946396,0.9166666666666666,0.041666666666666664,0.1875,0.8972474999999985
15690,interaction_development,6,0.9139364250607023,0.9335799385296719,0.95,0.9475631093655309,0.14956484523131092,0.9157894736842105,0.0425,0.21052631578947367,0.8875849999999987
15690,feedback_development,1,0.7830604565982878,0.6979207584575583,0.7308485894876691,0.6109808980138739,0.44613132701355407,0.7870370370370371,0.1325,0.3333333333333333,0.7884549999999971
15690,feedback_development,2,0.8767369305299999,0.8900954187023694,0.8972704013265369,0.744719386557285,0.32428657341574907,0.8461538461538461,0.0625,0.23076923076923078,0.8781941666666652
15690,feedback_development,3,0.9020955635703121,0.95,0.95,0.8374463728482447,0.24607930455348404,0.8367346938775511,0.060833333333333336,0.23469387755102042,0.8683191666666649
15690,feedback_development,4,0.9107909685489342,0.95,0.95,0.8977299982938607,0.17493561339086885,0.9425287356321839,0.03,0.11494252873563218,0.9397474999999997
15690,feedback_development,5,0.9149995012249796,0.95,0.95,0.9412110602601723,0.1381532427393227,0.9285714285714286,0.028333333333333332,0.17857142857142858,0.8900924999999997
15690,feedback_development,6,0.9154859909852238,0.95,0.95,0.95,0.13644764164399326,0.9204545454545454,0.04083333333333333,0.22727272727272727,0.8876274999999989
15691,static_quality,1,0.58,0.24,0.34,0.4,0.62,0.7349397590361446,0.15666666666666668,0.3855421686746988,0.8033458333333293
15691,static_quality,2,0.58,0.24,0.34,0.4,0.62,0.6219512195121951,0.17,0.47560975609756095,0.76557333333333
15691,static_quality,3,0.58,0.24,0.34,0.4,0.62,0.696078431372549,0.16666666666666666,0.39215686274509803,0.761564166666662
15691,static_quality,4,0.58,0.24,0.34,0.4,0.62,0.6629213483146067,0.17583333333333334,0.48314606741573035,0.7442666666666632
15691,static_quality,5,0.58,0.24,0.34,0.4,0.62,0.7012987012987013,0.17916666666666667,0.4025974025974026,0.8034066666666623
15691,static_quality,6,0.58,0.24,0.34,0.4,0.62,0.79,0.18833333333333332,0.33,0.7911308333333288
15691,linear_development,1,0.7312965464561685,0.4306752772142892,0.5289056850402378,0.5505331135902283,0.4977660143574364,0.7466666666666667,0.12583333333333332,0.36,0.8350641666666632
15691,linear_development,2,0.7951837854368006,0.6079730931068277,0.6952376806610391,0.690505073505391,0.3729178907322997,0.7951807228915663,0.105,0.25301204819277107,0.8693574999999976
15691,linear_development,3,0.8368409650155366,0.7316768813298887,0.8042219830274997,0.7881659589446496,0.30653182315406985,0.8387096774193549,0.07583333333333334,0.3225806451612903,0.8303516666666647
15691,linear_development,4,0.8673317028995307,0.8196320109720302,0.8768556967232694,0.8576042191884452,0.24617094688821417,0.8295454545454546,0.0575,0.25,0.8744008333333325
15691,linear_development,5,0.888587204768579,0.8851480712022659,0.9272876864653863,0.9093274246333682,0.21140885117169725,0.8461538461538461,0.0425,0.27884615384615385,0.8417683333333327
15691,linear_development,6,0.8984960733489612,0.9155024927059016,0.9491817580805566,0.9332914416099226,0.1932511843110358,0.8695652173913043,0.043333333333333335,0.2608695652173913,0.8972733333333328
15691,interaction_development,1,0.6772778374984517,0.4475512880542618,0.54516476005543,0.563856280042838,0.48524103548880615,0.7108433734939759,0.18666666666666668,0.3614457831325301,0.8069916666666627
15691,interaction_development,2,0.8218702664080051,0.6545144017208763,0.737036489743999,0.727248211884903,0.3262018056023907,0.9148936170212766,0.1075,0.1702127659574468,0.8932274999999993
15691,interaction_development,3,0.8739737234834685,0.767763050352948,0.834596045263717,0.8166550397523277,0.256059843189554,0.8620689655172413,0.050833333333333335,0.2413793103448276,0.8807324999999986
15691,interaction_development,4,0.8993858249563518,0.853888998647446,0.9036973976029303,0.8846492094585106,0.20128297830178546,0.8585858585858586,0.049166666666666664,0.2222222222222222,0.8758966666666661
15691,interaction_development,5,0.9096240687342505,0.9023728364006665,0.9398497173487774,0.922925923474211,0.16571507472240785,0.927710843373494,0.0425,0.1927710843373494,0.9073874999999995
15691,interaction_development,6,0.9128992088853155,0.929460004241211,0.95,0.9443105296641144,0.16210730755097197,0.8648648648648649,0.0325,0.2702702702702703,0.8894383333333326
15691,feedback_development,1,0.7235784084912152,0.5974604467057602,0.6453000593470674,0.5585750722067193,0.5016860709852174,0.6236559139784946,0.15,0.45161290322580644,0.7546216666666636
15691,feedback_development,2,0.851870450373182,0.8382046888264415,0.8517681841224236,0.7014810946148162,0.38245704222537397,0.8041237113402062,0.0825,0.32989690721649484,0.8187641666666651
15691,feedback_development,3,0.8913478843427705,0.9334493029040188,0.9361941447905194,0.7919561393633647,0.3007668304061929,0.875,0.05583333333333333,0.25,0.8845933333333318
15691,feedback_development,4,0.9067363402712869,0.95,0.95,0.8752623441985532,0.21757550207814866,0.9245283018867925,0.0375,0.19811320754716982,0.8832133333333325
15691,feedback_development,5,0.9113575719074098,0.95,0.95,0.9161507951887257,0.18207873412635447,0.9285714285714286,0.0425,0.21428571428571427,0.8974708333333327
15691,feedback_development,6,0.9139455389210733,0.95,0.95,0.9469281578460005,0.16353401979161272,0.89,0.0325,0.24,0.8693308333333323
15692,static_quality,1,0.58,0.24,0.34,0.4,0.62,0.7111111111111111,0.1725,0.35555555555555557,0.8001041666666628
15692,static_quality,2,0.58,0.24,0.34,0.4,0.62,0.6933333333333334,0.1975,0.4266666666666667,0.7945716666666621
15692,static_quality,3,0.58,0.24,0.34,0.4,0.62,0.7126436781609196,0.185,0.39080459770114945,0.7876216666666622
15692,static_quality,4,0.58,0.24,0.34,0.4,0.62,0.6770833333333334,0.15166666666666667,0.4166666666666667,0.7644199999999958
15692,static_quality,5,0.58,0.24,0.34,0.4,0.62,0.7666666666666667,0.19166666666666668,0.37777777777777777,0.785669999999996
15692,static_quality,6,0.58,0.24,0.34,0.4,0.62,0.7951807228915663,0.20583333333333334,0.3253012048192771,0.8179424999999952
15692,linear_development,1,0.7529965970982259,0.48912463323822225,0.5848602339553849,0.5966773420301754,0.45164699876448855,0.8526315789473684,0.135,0.30526315789473685,0.822572499999997
15692,linear_development,2,0.8135985169370005,0.6586477914186877,0.7407050936755805,0.7305114142779119,0.33368794759122267,0.8202247191011236,0.0975,0.24719101123595505,0.8657791666666638
15692,linear_development,3,0.85611023245702,0.7826390383004685,0.846895617378088,0.8283992407635282,0.2568840635180839,0.8585858585858586,0.06583333333333333,0.24242424242424243,0.8619324999999984
15692,linear_development,4,0.879689335551703,0.853888998647446,0.9036973976029303,0.8846492094585106,0.21662288616885753,0.8426966292134831,0.04416666666666667,0.25842696629213485,0.8721433333333319
15692,linear_development,5,0.898401794281539,0.9075199339314077,0.9435347950369137,0.9269894215247961,0.1742175382879829,0.925531914893617,0.0425,0.19148936170212766,0.8975441666666656
15692,linear_development,6,0.9056457985724138,0.937459245378924,0.95,0.95,0.16464211611783933,0.8522727272727273,0.03666666666666667,0.26136363636363635,0.8738924999999989
15692,interaction_development,1,0.6825655950795115,0.45743581973731673,0.5546495953224815,0.5716598576873552,0.48596795030299916,0.6421052631578947,0.16583333333333333,0.4105263157894737,0.7661674999999968
15692,interaction_development,2,0.8108476128604123,0.6418114969757943,0.7257163011765768,0.7172196028756277,0.3543825655029703,0.8297872340425532,0.10916666666666666,0.26595744680851063,0.8484458333333307
15692,interaction_development,3,0.8662755985979171,0.756308577329242,0.8250347099054556,0.8076120347336122,0.2901628363567166,0.8695652173913043,0.059166666666666666,0.30434782608695654,0.8439416666666649
15692,interaction_development,4,0.8924905839109468,0.8371724088631298,0.8907172662899894,0.8714519017340503,0.24324488401618216,0.8709677419354839,0.05,0.27956989247311825,0.8555341666666654
15692,interaction_development,5,0.9085970628110946,0.9029585993822624,0.940270769327336,0.9233883679333658,0.1835507629383092,0.8878504672897196,0.04416666666666667,0.19626168224299065,0.8817641666666653
15692,interaction_development,6,0.9130289256408353,0.9319616558555897,0.95,0.9462855177807291,0.16375937568631604,0.868421052631579,0.03916666666666667,0.2236842105263158,0.903363333333333
15692,feedback_development,1,0.7993387811916031,0.7262447983386873,0.7550448303263343,0.6270285252580927,0.418420475993166,0.7870370370370371,0.15,0.26851851851851855,0.8194841666666639
15692,feedback_development,2,0.8805742285269211,0.8966211159004422,0.9030381520952546,0.7507912008990129,0.30792970148312887,0.872093023255814,0.06416666666666666,0.22093023255813954,0.887878333333332
15692,feedback_development,3,0.9017086777057611,0.95,0.95,0.8334858568142985,0.24735374673116375,0.8901098901098901,0.03666666666666667,0.26373626373626374,0.8685108333333328
15692,feedback_development,4,0.9090309279980786,0.95,0.95,0.8952382545619861,0.2010987309996867,0.900990099009901,0.03666666666666667,0.2376237623762376,0.8686416666666652
15692,feedback_development,5,0.9122989766335337,0.95,0.95,0.9308386839056022,0.17896673434830712,0.8369565217391305,0.03666666666666667,0.25,0.8737916666666661
15692,feedback_development,6,0.9127019197123709,0.95,0.95,0.95,0.1885838310671313,0.8604651162790697,0.028333333333333332,0.3372093023255814,0.8454033333333324
15693,static_quality,1,0.58,0.24,0.34,0.4,0.62,0.7070707070707071,0.17333333333333334,0.37373737373737376,0.7747691666666628
15693,static_quality,2,0.58,0.24,0.34,0.4,0.62,0.6521739130434783,0.185,0.40217391304347827,0.7726049999999962
15693,static_quality,3,0.58,0.24,0.34,0.4,0.62,0.7380952380952381,0.17833333333333334,0.35714285714285715,0.8088374999999963
15693,static_quality,4,0.58,0.24,0.34,0.4,0.62,0.7222222222222222,0.185,0.3888888888888889,0.782382499999996
15693,static_quality,5,0.58,0.24,0.34,0.4,0.62,0.7717391304347826,0.1925,0.3695652173913043,0.7858816666666621
15693,static_quality,6,0.58,0.24,0.34,0.4,0.62,0.6907216494845361,0.185,0.3917525773195876,0.7671658333333292
15693,linear_development,1,0.7411805407998459,0.4541607844439806,0.5515101664878967,0.5690743035084056,0.4682639134893697,0.7435897435897436,0.14,0.2948717948717949,0.8517716666666627
15693,linear_development,2,0.8055696140566178,0.6330844612629699,0.7179000537006014,0.7103298378391875,0.341603742739733,0.8928571428571429,0.08916666666666667,0.21428571428571427,0.8873333333333314
15693,linear_development,3,0.8493804491925826,0.7592241015100749,0.8274756506675646,0.8099137643500592,0.25965685755072127,0.8804347826086957,0.06916666666666667,0.2391304347826087,0.871878333333332
15693,linear_development,4,0.8750431143644886,0.8352007506438327,0.889171092197233,0.8698953294556577,0.20908074613384223,0.8625,0.056666666666666664,0.2125,0.8993149999999993
15693,linear_development,5,0.8902078528585922,0.8844548000022796,0.9267751122511443,0.908780105264958,0.19422094267464668,0.8313253012048193,0.051666666666666666,0.2891566265060241,0.8651724999999993
15693,linear_development,6,0.9019189280969613,0.9218611717325018,0.95,0.9383114513677651,0.17284949836730182,0.8941176470588236,0.043333333333333335,0.23529411764705882,0.8870933333333331
15693,interaction_development,1,0.6902867758561305,0.46714349524443954,0.5639366400664106,0.5793238120350839,0.474560953471324,0.7282608695652174,0.16416666666666666,0.358695652173913,0.7967633333333292
15693,interaction_development,2,0.813299863410085,0.646096864225976,0.7295428330588625,0.7206027875468237,0.35208364989073465,0.7872340425531915,0.105,0.2765957446808511,0.8440249999999972
15693,interaction_development,3,0.8780190285409961,0.7773431763191099,0.8425326102093692,0.8242182970940345,0.24417150322254008,0.9444444444444444,0.07416666666666667,0.14444444444444443,0.9152099999999981
15693,interaction_development,4,0.9003856557570444,0.8565032482436222,0.905705628802509,0.8867130907186497,0.19454877532790923,0.8924731182795699,0.04833333333333333,0.21505376344086022,0.8857841666666656
15693,interaction_development,5,0.9091178371944446,0.9041196026992531,0.9411040518244503,0.9243049494994109,0.17788054533318964,0.8777777777777778,0.035833333333333335,0.25555555555555554,0.873484166666666
15693,interaction_development,6,0.9158460753919002,0.9418165150766571,0.95,0.95,0.12154560364365394,0.9777777777777777,0.03,0.07777777777777778,0.955173333333333
15693,feedback_development,1,0.7718786780587357,0.6760632999779662,0.712222772351116,0.5990972779779944,0.4520638976097088,0.7549019607843137,0.135,0.3431372549019608,0.7930199999999971
15693,feedback_development,2,0.8703716109159254,0.8706675441755143,0.8801113667106233,0.727248211884903,0.32902718255124763,0.8860759493670886,0.0775,0.189873417721519,0.9049549999999992
15693,feedback_development,3,0.8989288642073936,0.95,0.95,0.8144349393669134,0.2635383051807467,0.8735632183908046,0.04833333333333333,0.26436781609195403,0.8710474999999993
15693,feedback_development,4,0.9079822233109209,0.95,0.95,0.8789598369425147,0.20252156684806596,0.8977272727272727,0.049166666666666664,0.19318181818181818,0.9007199999999999
15693,feedback_development,5,0.9107031281268134,0.95,0.95,0.91462321531577,0.1916190386077092,0.8536585365853658,0.03916666666666667,0.2926829268292683,0.8679799999999991
15693,feedback_development,6,0.9136589199255749,0.95,0.95,0.9481904643250817,0.16993531564239234,0.8636363636363636,0.035833333333333335,0.24545454545454545,0.8537041666666653
15694,static_quality,1,0.58,0.24,0.34,0.4,0.62,0.6666666666666666,0.16416666666666666,0.3888888888888889,0.7517174999999963
15694,static_quality,2,0.58,0.24,0.34,0.4,0.62,0.7263157894736842,0.16916666666666666,0.3263157894736842,0.8055658333333291
15694,static_quality,3,0.58,0.24,0.34,0.4,0.62,0.65,0.175,0.43,0.7444691666666625
15694,static_quality,4,0.58,0.24,0.34,0.4,0.62,0.6790123456790124,0.18583333333333332,0.43209876543209874,0.7825808333333296
15694,static_quality,5,0.58,0.24,0.34,0.4,0.62,0.6276595744680851,0.175,0.46808510638297873,0.7391349999999959
15694,static_quality,6,0.58,0.24,0.34,0.4,0.62,0.6179775280898876,0.17666666666666667,0.5168539325842697,0.7288674999999961
15694,linear_development,1,0.7401912815865627,0.45743581973731673,0.5546495953224815,0.5716598576873552,0.48668544811322245,0.75,0.1075,0.391304347826087,0.7931816666666641
15694,linear_development,2,0.7908233272836178,0.6008310765072072,0.688747015413687,0.6848666393477959,0.39517494761518657,0.8051948051948052,0.0975,0.33766233766233766,0.8457724999999977
15694,linear_development,3,0.8387244773363469,0.7316768813298887,0.8042219830274997,0.7881659589446496,0.2885936105749236,0.9,0.07583333333333334,0.175,0.9102383333333318
15694,linear_development,4,0.868622186238841,0.8152374593088489,0.8733464602874316,0.85413483629646,0.2225074583799674,0.8666666666666667,0.05333333333333334,0.17333333333333334,0.9201608333333328
15694,linear_development,5,0.8911222961903699,0.8830556781354927,0.9257390984131055,0.9076755353701262,0.1819722529628205,0.8865979381443299,0.06333333333333334,0.21649484536082475,0.877626666666665
15694,linear_development,6,0.8989030764388002,0.9184991377050886,0.95,0.935657213977702,0.19555562369421745,0.8191489361702128,0.03833333333333333,0.3617021276595745,0.8178549999999991
15694,interaction_development,1,0.6896104569908181,0.46714349524443954,0.5639366400664106,0.5793238120350839,0.47785320214363897,0.7291666666666666,0.15416666666666667,0.3854166666666667,0.778797499999997
15694,interaction_development,2,0.8033135260016555,0.6286415285100644,0.7139087953038858,0.7068222593500515,0.36245782477324184,0.8227848101265823,0.12083333333333333,0.24050632911392406,0.8757558333333308
15694,interaction_development,3,0.8580667924372345,0.734887099121658,0.8069532821422831,0.7907003414118358,0.29905061144539824,0.9135802469135802,0.06583333333333333,0.30864197530864196,0.8571574999999982
15694,interaction_development,4,0.8928491590003433,0.831185521449051,0.8860128069086998,0.8667254116703038,0.2256332525485612,0.8631578947368421,0.0525,0.21052631578947367,0.8855549999999988
15694,interaction_development,5,0.9055584242719721,0.886522159678402,0.9283020959515077,0.9104122313250547,0.19254826215734372,0.8735632183908046,0.035833333333333335,0.2413793103448276,0.8836083333333321
15694,interaction_development,6,0.911875420709209,0.9227960246738942,0.95,0.9390494931636011,0.16960045896261788,0.8795180722891566,0.04416666666666667,0.2289156626506024,0.8918783333333329
15694,feedback_development,1,0.7697266691834663,0.6672710301603193,0.7046909695274699,0.5942427988231141,0.4438208214239658,0.8222222222222222,0.14666666666666667,0.2777777777777778,0.8400766666666638
15694,feedback_development,2,0.8691232023992294,0.8670191133756417,0.8768714658696961,0.7239454957966136,0.3298515704636375,0.8313253012048193,0.07583333333333334,0.2289156626506024,0.8856399999999983
15694,feedback_development,3,0.8983298119982147,0.9472536463052683,0.9487444567591348,0.8099137643500592,0.26323610557726673,0.9397590361445783,0.045,0.25301204819277107,0.8818691666666649
15694,feedback_development,4,0.9063689514471235,0.95,0.95,0.8729898511817041,0.22080495847794326,0.8351648351648352,0.0375,0.26373626373626374,0.8685025
15694,feedback_development,5,0.9090916772207847,0.95,0.95,0.9130678057183284,0.21577234410405596,0.8191489361702128,0.04,0.32978723404255317,0.8325091666666654
15694,feedback_development,6,0.9118567846307009,0.95,0.95,0.9394151962046194,0.19400832393115544,0.9012345679012346,0.035833333333333335,0.25925925925925924,0.883828333333333
15695,static_quality,1,0.58,0.24,0.34,0.4,0.62,0.7682926829268293,0.17416666666666666,0.4146341463414634,0.7897691666666631
15695,static_quality,2,0.58,0.24,0.34,0.4,0.62,0.5921052631578947,0.1675,0.47368421052631576,0.7815583333333294
15695,static_quality,3,0.58,0.24,0.34,0.4,0.62,0.6785714285714286,0.195,0.4166666666666667,0.7802358333333285
15695,static_quality,4,0.58,0.24,0.34,0.4,0.62,0.6582278481012658,0.195,0.46835443037974683,0.7705249999999946
15695,static_quality,5,0.58,0.24,0.34,0.4,0.62,0.7340425531914894,0.17916666666666667,0.35106382978723405,0.7931449999999958
15695,static_quality,6,0.58,0.24,0.34,0.4,0.62,0.7567567567567568,0.18083333333333335,0.3108108108108108,0.8433158333333285
15695,linear_development,1,0.7305881144167736,0.4272387094711159,0.5255847784896654,0.5478200337929862,0.4950424320702086,0.7605633802816901,0.12083333333333333,0.3380281690140845,0.851169166666664
15695,linear_development,2,0.8060267162188155,0.635285954495392,0.7198747533246972,0.7120678588121523,0.3431646026435219,0.8617021276595744,0.08666666666666667,0.20212765957446807,0.8831174999999984
15695,linear_development,3,0.8467166431560469,0.7518689632229225,0.8213083925235273,0.8041070762286233,0.265697354298435,0.8902439024390244,0.08833333333333333,0.21951219512195122,0.8876999999999979
15695,linear_development,4,0.8749053601357822,0.8400857552945104,0.8929961766200218,0.8737519120746139,0.2267827950769338,0.8823529411764706,0.06166666666666667,0.28431372549019607,0.8381066666666647
15695,linear_development,5,0.8964569092850929,0.8987832553416816,0.9372603370148569,0.9200920436908018,0.17083173809407345,0.9111111111111111,0.050833333333333335,0.15555555555555556,0.9157341666666657
15695,linear_development,6,0.9039548269170272,0.9286058445655938,0.95,0.9436361930781008,0.1655294003386728,0.8875,0.045,0.275,0.8768291666666657
15695,interaction_development,1,0.6853320537396539,0.45743581973731673,0.5546495953224815,0.5716598576873552,0.47221809044985075,0.7349397590361446,0.16916666666666666,0.3253012048192771,0.8258166666666628
15695,interaction_development,2,0.7914222471061001,0.6103252545481868,0.6973710168964118,0.6923620430643587,0.37416820187577415,0.8461538461538461,0.12333333333333334,0.2948717948717949,0.8555833333333307
15695,interaction_development,3,0.8719294561809267,0.7606687569010144,0.8286833211128917,0.8110542817639589,0.2558804410610113,0.9484536082474226,0.07416666666666667,0.16494845360824742,0.9007916666666653
15695,interaction_development,4,0.8996708519643609,0.8521197594494999,0.9023348713937445,0.8832524416706583,0.19350141151202055,0.92,0.04083333333333333,0.2,0.8868358333333333
15695,interaction_development,5,0.9097293008558034,0.9052667157725591,0.9419257091974474,0.9252105650835999,0.17054052563267447,0.8877551020408163,0.034166666666666665,0.24489795918367346,0.8688641666666659
15695,interaction_development,6,0.9136805517127499,0.9367019474785575,0.95,0.95,0.15935350478882557,0.875,0.04666666666666667,0.23863636363636365,0.881507499999999
15695,feedback_development,1,0.7278908170872992,0.5979995107429089,0.6456795990617239,0.5585750722067193,0.4843258378218909,0.8,0.15166666666666667,0.32,0.8443308333333294
15695,feedback_development,2,0.8561876647238285,0.8389953264234314,0.8523470662569236,0.7014810946148162,0.35693489397775685,0.8823529411764706,0.0925,0.23529411764705882,0.8769774999999975
15695,feedback_development,3,0.8977853212923383,0.9464325361865219,0.9479926752909723,0.8087663625252105,0.267173114610884,0.8125,0.04833333333333333,0.22916666666666666,0.8758016666666663
15695,feedback_development,4,0.9080153041148917,0.95,0.95,0.8789598369425147,0.20202114575409016,0.9361702127659575,0.0425,0.19148936170212766,0.8971174999999993
15695,feedback_development,5,0.9131220418835506,0.95,0.95,0.922925923474211,0.15717404119333553,0.9333333333333333,0.034166666666666665,0.16666666666666666,0.913868333333333
15695,feedback_development,6,0.9143393748583862,0.95,0.95,0.9478777307093377,0.15697253922790522,0.8444444444444444,0.0375,0.2777777777777778,0.8631291666666658
15696,static_quality,1,0.58,0.24,0.34,0.4,0.62,0.7272727272727273,0.18583333333333332,0.36363636363636365,0.7768391666666625
15696,static_quality,2,0.58,0.24,0.34,0.4,0.62,0.7681159420289855,0.1925,0.34782608695652173,0.8360474999999946
15696,static_quality,3,0.58,0.24,0.34,0.4,0.62,0.6941176470588235,0.17,0.3764705882352941,0.8003824999999961
15696,static_quality,4,0.58,0.24,0.34,0.4,0.62,0.6853932584269663,0.19916666666666666,0.39325842696629215,0.7792566666666618
15696,static_quality,5,0.58,0.24,0.34,0.4,0.62,0.6041666666666666,0.20416666666666666,0.4583333333333333,0.733229999999996
15696,static_quality,6,0.58,0.24,0.34,0.4,0.62,0.7021276595744681,0.1825,0.3829787234042553,0.7781074999999955
15696,linear_development,1,0.732687659619016,0.4340912255510035,0.5322033452449562,0.5532299149086869,0.49544594424601773,0.7341772151898734,0.12166666666666667,0.379746835443038,0.8207049999999975
15696,linear_development,2,0.7941154530512584,0.605606733507875,0.6930893058016506,0.6886368948746389,0.3767095717912261,0.875,0.105,0.25,0.8742416666666641
15696,linear_development,3,0.8428614900557829,0.7427456164316879,0.8136159842115139,0.7969044340250171,0.27839470080362005,0.9010989010989011,0.07916666666666666,0.21978021978021978,0.8795524999999981
15696,linear_development,4,0.8719575422403796,0.8291413687851972,0.8844000723176026,0.8651116069356823,0.2226718999980527,0.9090909090909091,0.04833333333333333,0.22727272727272727,0.8861999999999994
15696,linear_development,5,0.8878901142668199,0.8823497767962704,0.9252156076667729,0.9071182448391613,0.21333535056649466,0.8387096774193549,0.04416666666666667,0.3333333333333333,0.832224166666665
15696,linear_development,6,0.9031403144642338,0.9281748939291689,0.95,0.9432959688914495,0.17251548697077157,0.8952380952380953,0.03916666666666667,0.21904761904761905,0.8726391666666659
15696,interaction_development,1,0.6718061744275581,0.4408617581285113,0.5387295763754438,0.5585750722067193,0.4945890082897941,0.7176470588235294,0.14916666666666667,0.4,0.7951533333333306
15696,interaction_development,2,0.7821529235896849,0.5984216061440717,0.6865528856129779,0.6829644259032152,0.3892280614419518,0.8,0.11916666666666667,0.3125,0.846083333333331
15696,interaction_development,3,0.8514403545561486,0.7201318981849876,0.7943545117453554,0.7790514985670961,0.30886015698481706,0.7857142857142857,0.08166666666666667,0.2857142857142857,0.8590908333333315
15696,interaction_development,4,0.8858094605760716,0.8107358371814215,0.8697372213339383,0.8505809240905963,0.2468013534451189,0.8620689655172413,0.06666666666666667,0.25287356321839083,0.8721541666666652
15696,interaction_development,5,0.9043661307313369,0.8794833037217527,0.9230844809526286,0.9048552397803314,0.19365785023412171,0.8865979381443299,0.04583333333333333,0.2268041237113402,0.8762766666666658
15696,interaction_development,6,0.910687462329971,0.9180071807898276,0.95,0.935268826939338,0.18217329468421434,0.8426966292134831,0.041666666666666664,0.2808988764044944,0.8624308333333321
15696,feedback_development,1,0.735812301852089,0.6136139855907042,0.6589972812036701,0.5664731423625811,0.48196283748933266,0.7619047619047619,0.16833333333333333,0.35714285714285715,0.8108599999999958
15696,feedback_development,2,0.8536164051815196,0.838760290737075,0.8521749243826034,0.7014810946148162,0.37264838920831256,0.8089887640449438,0.085,0.30337078651685395,0.8433491666666646
15696,feedback_development,3,0.8912509610538604,0.9336968600231317,0.9363838005199523,0.7919561393633647,0.3020365512011178,0.8352941176470589,0.06166666666666667,0.29411764705882354,0.858556666666665
15696,feedback_development,4,0.9041697185100526,0.95,0.95,0.861825136784969,0.2410495607961701,0.8876404494382022,0.04583333333333333,0.23595505617977527,0.8812966666666662
15696,feedback_development,5,0.9087174626082131,0.95,0.95,0.90655759038145,0.21406947223110825,0.8461538461538461,0.041666666666666664,0.2857142857142857,0.8571458333333323
15696,feedback_development,6,0.913515720692866,0.95,0.95,0.9432959688914495,0.1682543171678128,0.8653846153846154,0.041666666666666664,0.20192307692307693,0.8824749999999989
15697,static_quality,1,0.58,0.24,0.34,0.4,0.62,0.6987951807228916,0.175,0.3614457831325301,0.8095108333333291
15697,static_quality,2,0.58,0.24,0.34,0.4,0.62,0.7684210526315789,0.17583333333333334,0.3473684210526316,0.7941024999999956
15697,static_quality,3,0.58,0.24,0.34,0.4,0.62,0.717391304347826,0.19,0.33695652173913043,0.8010899999999954
15697,static_quality,4,0.58,0.24,0.34,0.4,0.62,0.7252747252747253,0.18916666666666668,0.32967032967032966,0.806548333333329
15697,static_quality,5,0.58,0.24,0.34,0.4,0.62,0.6716417910447762,0.1825,0.40298507462686567,0.8231966666666625
15697,static_quality,6,0.58,0.24,0.34,0.4,0.62,0.6464646464646465,0.17666666666666667,0.40404040404040403,0.7592283333333296
15697,linear_development,1,0.7363279194276001,0.44421658757974025,0.5419584693408157,0.561223621773479,0.48713277938355765,0.7875,0.14333333333333334,0.35,0.8258291666666633
15697,linear_development,2,0.798051440853982,0.6172973992635556,0.7036818428828121,0.6978663678396498,0.3707366494719024,0.8045977011494253,0.11083333333333334,0.28735632183908044,0.8478608333333307
15697,linear_development,3,0.8409575126233588,0.7427456164316879,0.8136159842115139,0.7969044340250171,0.29652781920765886,0.8085106382978723,0.07083333333333333,0.2978723404255319,0.8411783333333316
15697,linear_development,4,0.8734766367902009,0.8332052178704346,0.8876030422395165,0.8683199088450803,0.22268400904835547,0.9325842696629213,0.06666666666666667,0.19101123595505617,0.8972016666666659
15697,linear_development,5,0.890471705971733,0.8851480712022659,0.9272876864653863,0.9093274246333682,0.19346122066546795,0.8536585365853658,0.058333333333333334,0.24390243902439024,0.8837699999999992
15697,linear_development,6,0.9033569576041717,0.9268663712466501,0.95,0.9422629246684083,0.16811065206580406,0.9183673469387755,0.03666666666666667,0.23469387755102042,0.8733191666666655
15697,interaction_development,1,0.7001687382814668,0.4798174140509839,0.5760188087486724,0.5893295374086714,0.46135055987628765,0.7340425531914894,0.16916666666666666,0.32978723404255317,0.8058183333333296
15697,interaction_development,2,0.8197721370243469,0.6545144017208763,0.737036489743999,0.727248211884903,0.33799973335444905,0.8888888888888888,0.09666666666666666,0.24444444444444444,0.8660324999999974
15697,interaction_development,3,0.8731485949383758,0.76495092319809,0.8322558465793454,0.8144349393669134,0.25617145299406363,0.8860759493670886,0.06916666666666667,0.189873417721519,0.906274999999999
15697,interaction_development,4,0.8946986828610846,0.8400857552945104,0.8929961766200218,0.8737519120746139,0.22551918981740424,0.8901098901098901,0.043333333333333335,0.2967032967032967,0.8522533333333321
15697,interaction_development,5,0.9065372318592146,0.895691321478673,0.9350175712893436,0.9176510432726371,0.19872097358624077,0.8775510204081632,0.04666666666666667,0.2755102040816326,0.8515016666666655
15697,interaction_development,6,0.9125487002437096,0.9339784588984938,0.95,0.9478777307093377,0.17552497205361972,0.88,0.04833333333333333,0.24,0.8656841666666657
15697,feedback_development,1,0.7677873982896843,0.6757574039220656,0.712005704977285,0.5990972779779944,0.4690146440140221,0.6896551724137931,0.145,0.4224137931034483,0.7206849999999972
15697,feedback_development,2,0.8682799047785739,0.8721709815266506,0.8814895483047294,0.7288847226135935,0.34778660271834894,0.8837209302325582,0.07916666666666666,0.2441860465116279,0.8747399999999984
15697,feedback_development,3,0.8953831402411234,0.9419518353108396,0.9439266220015092,0.8029246239724581,0.2816918696150706,0.8695652173913043,0.0475,0.2318840579710145,0.906116666666666
15697,feedback_development,4,0.9048732113025735,0.95,0.95,0.8659209372940683,0.23526373490563898,0.8863636363636364,0.035833333333333335,0.2727272727272727,0.8684333333333323
15697,feedback_development,5,0.9111590856885989,0.95,0.95,0.9141078624907143,0.18203414821699243,0.945054945054945,0.045,0.18681318681318682,0.9015124999999987
15697,feedback_development,6,0.9133336651097756,0.95,0.95,0.9386815826595585,0.16749246819556785,0.8918918918918919,0.035,0.24324324324324326,0.8990199999999993
15698,static_quality,1,0.58,0.24,0.34,0.4,0.62,0.6989247311827957,0.17666666666666667,0.3870967741935484,0.7788541666666632
15698,static_quality,2,0.58,0.24,0.34,0.4,0.62,0.7411764705882353,0.17833333333333334,0.38823529411764707,0.7939383333333285
15698,static_quality,3,0.58,0.24,0.34,0.4,0.62,0.691358024691358,0.175,0.35802469135802467,0.8147041666666617
15698,static_quality,4,0.58,0.24,0.34,0.4,0.62,0.6907216494845361,0.1875,0.3711340206185567,0.7769308333333285
15698,static_quality,5,0.58,0.24,0.34,0.4,0.62,0.6746987951807228,0.18416666666666667,0.43373493975903615,0.7772941666666615
15698,static_quality,6,0.58,0.24,0.34,0.4,0.62,0.6463414634146342,0.17833333333333334,0.4268292682926829,0.7838399999999963
15698,linear_development,1,0.7447575658440342,0.46714349524443954,0.5639366400664106,0.5793238120350839,0.4698557012122754,0.8241758241758241,0.12416666666666666,0.3516483516483517,0.8100908333333302
15698,linear_development,2,0.8073969046734939,0.6439606279939396,0.7276362870683408,0.7189162852583739,0.3455482190460892,0.898876404494382,0.0975,0.24719101123595505,0.8654899999999981
15698,linear_development,3,0.8428853641277823,0.7473484674294391,0.8175027140224687,0.8005382637600837,0.2902907392331127,0.7831325301204819,0.06833333333333333,0.3132530120481928,0.8515041666666655
15698,linear_development,4,0.8666621593905905,0.8185432705956038,0.8759876099932219,0.8567446873123191,0.24973119275266303,0.8051948051948052,0.05333333333333334,0.2857142857142857,0.8749024999999991
15698,linear_development,5,0.882240654009059,0.8680979783771774,0.9145375679320715,0.8958668250346142,0.22859138078139524,0.881578947368421,0.05333333333333334,0.3026315789473684,0.8703783333333324
15698,linear_development,6,0.8967299569385576,0.9091746072492013,0.9447122833235743,0.9282957425651593,0.19427828134214795,0.9,0.045,0.225,0.8970074999999993
15698,interaction_development,1,0.7059873648944582,0.48912463323822225,0.5848602339553849,0.5966773420301754,0.45886847452969876,0.7307692307692307,0.16166666666666665,0.36538461538461536,0.7719166666666628
15698,interaction_development,2,0.8384725088081639,0.6862295080119165,0.7649915574398548,0.7522864536936188,0.3084786508909663,0.8811881188118812,0.0875,0.19801980198019803,0.8775674999999984
15698,interaction_development,3,0.8855104917193144,0.801400883158582,0.8622072555993767,0.8432112235462492,0.23188541519114447,0.8969072164948454,0.051666666666666666,0.21649484536082475,0.880305833333332
15698,interaction_development,4,0.907188127507981,0.8844548000022796,0.9267751122511443,0.908780105264958,0.16333749477069803,0.9238095238095239,0.03833333333333333,0.14285714285714285,0.9132658333333332
15698,interaction_development,5,0.9147873413815046,0.929460004241211,0.95,0.9443105296641144,0.12625648826973906,0.9157894736842105,0.045,0.1368421052631579,0.9215833333333324
15698,interaction_development,6,0.9150071729190848,0.9458702099401273,0.95,0.95,0.1422472245040609,0.859375,0.04,0.3125,0.8882466666666666
15698,feedback_development,1,0.7732253772721607,0.6804886357019599,0.71599919841142,0.6015026943101264,0.4549208891679335,0.7264150943396226,0.16083333333333333,0.3584905660377358,0.7723233333333299
15698,feedback_development,2,0.8800783315943471,0.8993418647226851,0.9055028816745905,0.7537727349714571,0.3187355646856914,0.839622641509434,0.0525,0.24528301886792453,0.8555374999999985
15698,feedback_development,3,0.8998571632032764,0.95,0.95,0.829428845318947,0.26612406999113475,0.896551724137931,0.04083333333333333,0.2988505747126437,0.8576716666666655
15698,feedback_development,4,0.9098084257332355,0.95,0.95,0.8952382545619861,0.18880753783308535,0.9072164948453608,0.034166666666666665,0.16494845360824742,0.9089299999999999
15698,feedback_development,5,0.9134919859446968,0.95,0.95,0.9312536518021686,0.1579377387832567,0.9080459770114943,0.030833333333333334,0.19540229885057472,0.9049124999999996
15698,feedback_development,6,0.9153680255783349,0.95,0.95,0.95,0.13881861433583872,0.9210526315789473,0.04416666666666667,0.18421052631578946,0.9173208333333327
15699,static_quality,1,0.58,0.24,0.34,0.4,0.62,0.6210526315789474,0.19083333333333333,0.4842105263157895,0.7260183333333298
15699,static_quality,2,0.58,0.24,0.34,0.4,0.62,0.6947368421052632,0.17583333333333334,0.37894736842105264,0.7796408333333292
15699,static_quality,3,0.58,0.24,0.34,0.4,0.62,0.6296296296296297,0.19166666666666668,0.41975308641975306,0.7864958333333285
15699,static_quality,4,0.58,0.24,0.34,0.4,0.62,0.7125,0.17833333333333334,0.375,0.8089441666666622
15699,static_quality,5,0.58,0.24,0.34,0.4,0.62,0.7411764705882353,0.18833333333333332,0.3176470588235294,0.8217158333333284
15699,static_quality,6,0.58,0.24,0.34,0.4,0.62,0.6666666666666666,0.1675,0.39080459770114945,0.7908416666666628
15699,linear_development,1,0.7432088808720378,0.4606912048188928,0.5577670481552242,0.5742298985412311,0.4668892860673684,0.8375,0.1375,0.2875,0.8522466666666633
15699,linear_development,2,0.8085786477633257,0.646096864225976,0.7295428330588625,0.7206027875468237,0.3400922556259133,0.8494623655913979,0.105,0.24731182795698925,0.8589366666666641
15699,linear_development,3,0.854351690584615,0.7732867743150988,0.8391789537707314,0.8210158744592889,0.24917978745354702,0.8709677419354839,0.06333333333333334,0.20430107526881722,0.8878391666666655
15699,linear_development,4,0.8829671253480377,0.8590707231213458,0.9076719816680596,0.888740044569484,0.19530098386037392,0.8712871287128713,0.04833333333333333,0.21782178217821782,0.8756558333333322
15699,linear_development,5,0.9022663202393215,0.9165134208831681,0.9498907233735747,0.9340895428025016,0.15765539294610792,0.944954128440367,0.041666666666666664,0.2018348623853211,0.8769974999999992
15699,linear_development,6,0.9094934620981074,0.9465178187484036,0.95,0.95,0.13705627495690403,0.9444444444444444,0.03666666666666667,0.17777777777777778,0.9085666666666664
15699,interaction_development,1,0.6852183811641801,0.45743581973731673,0.5546495953224815,0.5716598576873552,0.4727867989764118,0.7647058823529411,0.1625,0.3411764705882353,0.8175349999999958
15699,interaction_development,2,0.8040142962167443,0.6286415285100644,0.7139087953038858,0.7068222593500515,0.3569059414132871,0.8372093023255814,0.1125,0.26744186046511625,0.8576158333333311
15699,interaction_development,3,0.8733687681414632,0.7691564720508303,0.835753872946871,0.8177551095138137,0.26449823547507123,0.8653846153846154,0.0625,0.2403846153846154,0.857851666666665
15699,interaction_development,4,0.8958392050072995,0.8438892936492443,0.895960971102917,0.8767547055125617,0.2211651847932522,0.8255813953488372,0.0475,0.2441860465116279,0.8811766666666656
15699,interaction_development,5,0.9081930741931741,0.9023728364006665,0.9398497173487774,0.922925923474211,0.18854567308894685,0.8557692307692307,0.035833333333333335,0.25,0.8581941666666653
15699,interaction_development,6,0.9143668816166344,0.9421656159861972,0.95,0.95,0.15133570356562479,0.8807339449541285,0.03333333333333333,0.2018348623853211,0.8791058333333323
15699,feedback_development,1,0.7529032810576197,0.6390937535374152,0.6806499193045817,0.5793238120350839,0.45997106660419773,0.7901234567901234,0.14666666666666667,0.2716049382716049,0.8556358333333297
15699,feedback_development,2,0.8608450577024462,0.8524793734277957,0.8641343710132695,0.7120678588121523,0.35556552580196255,0.8695652173913043,0.07583333333333334,0.31521739130434784,0.8349683333333314
15699,feedback_development,3,0.8994881180744074,0.95,0.95,0.8144349393669134,0.2569977494436864,0.9090909090909091,0.0625,0.17045454545454544,0.9079149999999989
15699,feedback_development,4,0.9069261575452989,0.95,0.95,0.8737519120746139,0.2134730786951709,0.8941176470588236,0.03666666666666667,0.24705882352941178,0.8835033333333325
15699,feedback_development,5,0.9115817496637416,0.95,0.95,0.9161507951887257,0.17827030520201378,0.8941176470588236,0.04583333333333333,0.2,0.9014991666666661
15699,feedback_development,6,0.913813596360755,0.95,0.95,0.945635096070112,0.16484083810850644,0.9270833333333334,0.0375,0.25,0.8680933333333324
15700,static_quality,1,0.58,0.24,0.34,0.4,0.62,0.7766990291262136,0.19666666666666666,0.2815533980582524,0.8094624999999944
15700,static_quality,2,0.58,0.24,0.34,0.4,0.62,0.7184466019417476,0.1875,0.3106796116504854,0.7967216666666613
15700,static_quality,3,0.58,0.24,0.34,0.4,0.62,0.73,0.19166666666666668,0.34,0.7857508333333282
15700,static_quality,4,0.58,0.24,0.34,0.4,0.62,0.7804878048780488,0.195,0.36585365853658536,0.8048091666666618
15700,static_quality,5,0.58,0.24,0.34,0.4,0.62,0.7916666666666666,0.20083333333333334,0.3194444444444444,0.8390966666666616
15700,static_quality,6,0.58,0.24,0.34,0.4,0.62,0.6666666666666666,0.1725,0.46153846153846156,0.780079166666662
15700,linear_development,1,0.7403292875295187,0.4541607844439806,0.5515101664878967,0.5690743035084056,0.476371087492486,0.7654320987654321,0.14,0.32098765432098764,0.8364974999999963
15700,linear_development,2,0.7997606331477884,0.6241447968596938,0.7098610670503046,0.7032722080471273,0.37477241632844305,0.8586956521739131,0.09083333333333334,0.32608695652173914,0.8270958333333311
15700,linear_development,3,0.8381791632405086,0.734887099121658,0.8069532821422831,0.7907003414118358,0.30226297752807635,0.8536585365853658,0.07416666666666667,0.2926829268292683,0.8608266666666644
15700,linear_development,4,0.8695015223630788,0.8228591939912042,0.879423667117995,0.8601519952562143,0.2338489290979968,0.9058823529411765,0.055,0.21176470588235294,0.8944883333333326
15700,linear_development,5,0.889762909902271,0.8823497767962704,0.9252156076667729,0.9071182448391613,0.19313210642343306,0.8620689655172413,0.055,0.21839080459770116,0.8898183333333325
15700,linear_development,6,0.9017055954030379,0.9218611717325018,0.95,0.9383114513677651,0.17488123830943023,0.8571428571428571,0.04083333333333333,0.25274725274725274,0.8725624999999992
15700,interaction_development,1,0.6787072851434666,0.4508659803259362,0.548348606735042,0.5664731423625811,0.4871932618125153,0.7586206896551724,0.165,0.3793103448275862,0.7963866666666632
15700,interaction_development,2,0.7868867724946254,0.6079730931068277,0.6952376806610391,0.690505073505391,0.3904434580327206,0.7906976744186046,0.13083333333333333,0.3488372093023256,0.8186083333333307
15700,interaction_development,3,0.8610537645023715,0.7411927730701086,0.8123020989038409,0.7956785050553492,0.2928608510597038,0.8695652173913043,0.08083333333333333,0.25,0.8639249999999983
15700,interaction_development,4,0.8950069047379113,0.8371724088631298,0.8907172662899894,0.8714519017340503,0.21523338207729412,0.8842105263157894,0.050833333333333335,0.18947368421052632,0.8961883333333324
15700,interaction_development,5,0.9081316932144026,0.8905465719197558,0.9312611992347122,0.9135893988840184,0.16268539440877233,0.9066666666666666,0.041666666666666664,0.12,0.9424625
15700,interaction_development,6,0.9128952882685487,0.9264249207712777,0.95,0.9419144111352197,0.15729505544055625,0.8426966292134831,0.035,0.25842696629213485,0.8736166666666663
15700,feedback_development,1,0.7529406131509808,0.6436648758728276,0.6845866034033475,0.5818478691628733,0.46904493909331824,0.782608695652174,0.14416666666666667,0.34782608695652173,0.8060316666666633
15700,feedback_development,2,0.864487304594739,0.8587757803042639,0.8696584596061923,0.7172196028756277,0.34468604397226027,0.8795180722891566,0.0925,0.21686746987951808,0.8865508333333317
15700,feedback_development,3,0.9005275581142669,0.95,0.95,0.8210158744592889,0.25056067762134443,0.8723404255319149,0.0425,0.19148936170212766,0.897294999999999
15700,feedback_development,4,0.9093136065811018,0.95,0.95,0.8853413142017595,0.18769936982093527,0.9222222222222223,0.03916666666666667,0.17777777777777778,0.9078799999999991
15700,feedback_development,5,0.9124626788004806,0.95,0.95,0.9238480377257655,0.1698707914712831,0.8461538461538461,0.04416666666666667,0.25274725274725274,0.871718333333333
15700,feedback_development,6,0.9141338324783412,0.95,0.95,0.95,0.16272816016364564,0.8877551020408163,0.034166666666666665,0.2653061224489796,0.8585791666666656
15701,static_quality,1,0.58,0.24,0.34,0.4,0.62,0.7052631578947368,0.18166666666666667,0.42105263157894735,0.7582074999999959
15701,static_quality,2,0.58,0.24,0.34,0.4,0.62,0.711340206185567,0.1825,0.3711340206185567,0.7773399999999958
15701,static_quality,3,0.58,0.24,0.34,0.4,0.62,0.6395348837209303,0.1575,0.4418604651162791,0.7731008333333298
15701,static_quality,4,0.58,0.24,0.34,0.4,0.62,0.7397260273972602,0.2125,0.3561643835616438,0.8212541666666614
15701,static_quality,5,0.58,0.24,0.34,0.4,0.62,0.6590909090909091,0.16,0.38636363636363635,0.792861666666663
15701,static_quality,6,0.58,0.24,0.34,0.4,0.62,0.7586206896551724,0.17916666666666667,0.3103448275862069,0.8236349999999955
15701,linear_development,1,0.7422662705213421,0.4606912048188928,0.5577670481552242,0.5742298985412311,0.4758665275025662,0.75,0.13333333333333333,0.3522727272727273,0.8132466666666637
15701,linear_development,2,0.8025855131171158,0.6286415285100644,0.7139087953038858,0.7068222593500515,0.35808198204861336,0.8292682926829268,0.09166666666666666,0.24390243902439024,0.8769924999999978
15701,linear_development,3,0.8468718124268872,0.7577707258652665,0.8262594669361174,0.8087663625252105,0.2797316750705256,0.8673469387755102,0.06416666666666666,0.2755102040816326,0.8476583333333318
15701,linear_development,4,0.8789263273578156,0.8512271221825954,0.9016463961669129,0.8825477280388917,0.21707527155206008,0.8867924528301887,0.043333333333333335,0.2358490566037736,0.8619016666666652
15701,linear_development,5,0.9022342789508837,0.9155024927059016,0.9491817580805566,0.9332914416099226,0.1576492261974879,0.9035087719298246,0.04666666666666667,0.17543859649122806,0.8862091666666665
15701,linear_development,6,0.9093040252172322,0.9435411988695359,0.95,0.95,0.135883815848277,0.9012345679012346,0.03833333333333333,0.1728395061728395,0.9184175000000001
15701,interaction_development,1,0.6626749292444808,0.4272387094711159,0.5255847784896654,0.5478200337929862,0.504318523534318,0.675,0.17833333333333334,0.4125,0.7939624999999959
15701,interaction_development,2,0.7605678281583702,0.5709379434832328,0.6613722518425835,0.6612667974867632,0.4209113596317658,0.6455696202531646,0.125,0.3924050632911392,0.8152824999999972
15701,interaction_development,3,0.8694059444645816,0.7577707258652665,0.8262594669361174,0.8087663625252105,0.2693608131099938,0.8974358974358975,0.08416666666666667,0.18803418803418803,0.8679133333333311
15701,interaction_development,4,0.897773187880605,0.8503290967631745,0.9009530676403956,0.8818387606025068,0.2130276402595143,0.9333333333333333,0.041666666666666664,0.23809523809523808,0.8619924999999989
15701,interaction_development,5,0.9093255164492875,0.9029585993822624,0.940270769327336,0.9233883679333658,0.17192271658015582,0.9325842696629213,0.03,0.19101123595505617,0.9051691666666659
15701,interaction_development,6,0.9132225036543774,0.937459245378924,0.95,0.95,0.1684257029202288,0.8529411764705882,0.04,0.28431372549019607,0.842307499999999
15701,feedback_development,1,0.77583416945715,0.6806145816271789,0.7160886181472237,0.6015026943101264,0.44379122227107354,0.7373737373737373,0.12333333333333334,0.31313131313131315,0.8152399999999976
15701,feedback_development,2,0.8836900168130587,0.9039941364590839,0.9096126097409235,0.7581782863824371,0.2986243683337695,0.8529411764705882,0.055,0.18627450980392157,0.889527499999999
15701,feedback_development,3,0.9037098436780849,0.95,0.95,0.8441519562049717,0.23130794459575657,0.9157894736842105,0.03666666666666667,0.23157894736842105,0.8785816666666655
15701,feedback_development,4,0.910076262193933,0.95,0.95,0.8964916240844065,0.18561259281117187,0.9058823529411765,0.0375,0.2,0.9032599999999996
15701,feedback_development,5,0.9130826685387106,0.95,0.95,0.9324836763133354,0.16652524550310305,0.8924731182795699,0.029166666666666667,0.23655913978494625,0.879918333333333
15701,feedback_development,6,0.9149826391215934,0.95,0.95,0.95,0.1464574865795107,0.9148936170212766,0.035833333333333335,0.20212765957446807,0.8936383333333324
15702,static_quality,1,0.58,0.24,0.34,0.4,0.62,0.7777777777777778,0.18,0.2962962962962963,0.8383149999999953
15702,static_quality,2,0.58,0.24,0.34,0.4,0.62,0.7045454545454546,0.16916666666666666,0.42045454545454547,0.7755983333333286
15702,static_quality,3,0.58,0.24,0.34,0.4,0.62,0.611764705882353,0.19083333333333333,0.4588235294117647,0.7615616666666619
15702,static_quality,4,0.58,0.24,0.34,0.4,0.62,0.7096774193548387,0.175,0.3870967741935484,0.7793724999999961
15702,static_quality,5,0.58,0.24,0.34,0.4,0.62,0.63,0.1675,0.47,0.7259558333333299
15702,static_quality,6,0.58,0.24,0.34,0.4,0.62,0.6923076923076923,0.1825,0.3956043956043956,0.7780749999999954
15702,linear_development,1,0.7477103642283228,0.4703406342729729,0.5669890835859458,0.5818478691628733,0.4505074515139554,0.8266666666666667,0.11583333333333333,0.2,0.8970324999999975
15702,linear_development,2,0.8110872210846446,0.6482202830406202,0.7314360332274504,0.7222791708215428,0.3296762386644259,0.8666666666666667,0.10583333333333333,0.24444444444444444,0.8636208333333313
15702,linear_development,3,0.8424542463776035,0.7442891427330978,0.8149206723220334,0.798123007420867,0.28633999983215425,0.8227848101265823,0.07,0.3291139240506329,0.8515649999999982
15702,linear_development,4,0.8778851077226111,0.8419989693181669,0.8944889869599959,0.8752623441985532,0.2033207031185142,0.9166666666666666,0.05333333333333334,0.16666666666666666,0.9050799999999989
15702,linear_development,5,0.8979336853189203,0.8999942124747736,0.9381356180531626,0.9210480624800851,0.1598094613992564,0.9340659340659341,0.04666666666666667,0.16483516483516483,0.9116299999999995
15702,linear_development,6,0.9061142656268983,0.9323698859204561,0.95,0.9466078046740447,0.15169897033832494,0.9302325581395349,0.04666666666666667,0.2441860465116279,0.8813183333333324
15702,interaction_development,1,0.6684876995964583,0.4374866781976975,0.5354779218282415,0.5559105354192347,0.502324475425676,0.6292134831460674,0.17083333333333334,0.43820224719101125,0.7652566666666633
15702,interaction_development,2,0.8029913656801639,0.630869679339004,0.7159114337367587,0.7085813257939512,0.3678052396079236,0.826530612244898,0.10083333333333333,0.2857142857142857,0.8348799999999985
15702,interaction_development,3,0.8664565925269702,0.7548376029469235,0.8238013191394316,0.806450739168624,0.2853134629186899,0.9010989010989011,0.05333333333333334,0.25274725274725274,0.8701508333333324
15702,interaction_development,4,0.8997585452355242,0.8512271221825954,0.9016463961669129,0.8825477280388917,0.19026189550979516,0.956989247311828,0.05416666666666667,0.10752688172043011,0.9343991666666661
15702,interaction_development,5,0.9115927345075338,0.9069617041563458,0.943136752303035,0.926548713807642,0.1425467417679697,0.9222222222222223,0.04083333333333333,0.13333333333333333,0.9278133333333339
15702,interaction_development,6,0.9148985518326759,0.9359354795559651,0.95,0.9494227470178676,0.13477544358807703,0.8589743589743589,0.029166666666666667,0.20512820512820512,0.9103683333333339
15702,feedback_development,1,0.7366039255855028,0.6137200285260128,0.6590720500476526,0.5664731423625811,0.4787738980284098,0.7530864197530864,0.15,0.3333333333333333,0.8300299999999964
15702,feedback_development,2,0.8605049407053018,0.8503055554939588,0.8622317032455686,0.7103298378391875,0.3531549910421229,0.8764044943820225,0.07083333333333333,0.24719101123595505,0.8713308333333316
15702,feedback_development,3,0.8966724400564117,0.9430608964418192,0.9449065791651693,0.8041070762286233,0.27038461275743897,0.9047619047619048,0.051666666666666666,0.2261904761904762,0.890372499999999
15702,feedback_development,4,0.9048073304513721,0.95,0.95,0.8651116069356823,0.23543806538417422,0.8505747126436781,0.04583333333333333,0.28735632183908044,0.8618133333333321
15702,feedback_development,5,0.9115629072591847,0.95,0.95,0.9151354760238753,0.17768065995690047,0.956989247311828,0.035833333333333335,0.17204301075268819,0.9083583333333329
15702,feedback_development,6,0.9137304764255403,0.95,0.95,0.9462855177807291,0.16694897012295384,0.883495145631068,0.03166666666666667,0.2621359223300971,0.854500833333332
15703,static_quality,1,0.58,0.24,0.34,0.4,0.62,0.71,0.20666666666666667,0.33,0.7877524999999951
15703,static_quality,2,0.58,0.24,0.34,0.4,0.62,0.7216494845360825,0.18083333333333335,0.35051546391752575,0.7882608333333287
15703,static_quality,3,0.58,0.24,0.34,0.4,0.62,0.7127659574468085,0.1825,0.35106382978723405,0.7931508333333287
15703,static_quality,4,0.58,0.24,0.34,0.4,0.62,0.7425742574257426,0.17,0.36633663366336633,0.7751974999999963
15703,static_quality,5,0.58,0.24,0.34,0.4,0.62,0.6931818181818182,0.1775,0.4090909090909091,0.7789049999999954
15703,static_quality,6,0.58,0.24,0.34,0.4,0.62,0.803921568627451,0.18,0.3431372549019608,0.7833091666666628
15703,linear_development,1,0.7461818398250843,0.46714349524443954,0.5639366400664106,0.5793238120350839,0.456291187107036,0.8589743589743589,0.12833333333333333,0.24358974358974358,0.8743374999999969
15703,linear_development,2,0.8060825005624481,0.6396493933358092,0.7237827806410643,0.7155126789493237,0.35434960947431055,0.8229166666666666,0.0975,0.3229166666666667,0.8205791666666641
15703,linear_development,3,0.8475750617501001,0.7577707258652665,0.8262594669361174,0.8087663625252105,0.2730340624684981,0.896551724137931,0.0675,0.2413793103448276,0.8768524999999988
15703,linear_development,4,0.8775058334495185,0.8448259578873488,0.8966892443051965,0.8774941772794864,0.21419191804804597,0.8229166666666666,0.05333333333333334,0.22916666666666666,0.8749783333333323
15703,linear_development,5,0.8948521082086351,0.8944282611956175,0.9340981749277608,0.9166538904175933,0.17516024836349295,0.9102564102564102,0.060833333333333336,0.1794871794871795,0.9135958333333326
15703,linear_development,6,0.9041420252722345,0.9277413419810552,0.95,0.9429536910376756,0.1621995542355435,0.9036144578313253,0.04583333333333333,0.24096385542168675,0.8864824999999996
15703,interaction_development,1,0.6810931615066536,0.4541607844439806,0.5515101664878967,0.5690743035084056,0.4843173241237614,0.7111111111111111,0.15666666666666668,0.3888888888888889,0.7887499999999961
15703,interaction_development,2,0.8042713672019957,0.635285954495392,0.7198747533246972,0.7120678588121523,0.37225044685364833,0.803921568627451,0.10416666666666667,0.3431372549019608,0.7986416666666646
15703,interaction_development,3,0.8684333785411049,0.7635321158934507,0.8310733601000457,0.8133148283369349,0.2906457728653816,0.8058252427184466,0.06166666666666667,0.30097087378640774,0.8283066666666647
15703,interaction_development,4,0.8972940725987024,0.8530070408928029,0.9030185272939882,0.8839529270206343,0.22488755977045038,0.875,0.05583333333333333,0.2403846153846154,0.8591449999999984
15703,interaction_development,5,0.907508445858722,0.8987832553416816,0.9372603370148569,0.9200920436908018,0.1910710997216767,0.8875,0.0375,0.225,0.8984799999999996
15703,interaction_development,6,0.9126510819721894,0.9327756666049334,0.95,0.9469281578460005,0.1718225580199068,0.9,0.034166666666666665,0.24444444444444444,0.8788941666666659
15703,feedback_development,1,0.7447215308061133,0.6290678141943311,0.6721291930211911,0.5742298985412311,0.4748615179058032,0.7209302325581395,0.15083333333333335,0.3372093023255814,0.8192783333333304
15703,feedback_development,2,0.8668051563383844,0.8650030918262515,0.875105477685483,0.7222791708215428,0.342037599324188,0.8461538461538461,0.07583333333333334,0.21978021978021978,0.8804658333333318
15703,feedback_development,3,0.8974585463904889,0.9479833185608473,0.9494241408840437,0.8110542817639589,0.2751869411846468,0.8764044943820225,0.045,0.2808988764044944,0.8616016666666656
15703,feedback_development,4,0.9077035326820599,0.95,0.95,0.8825477280388917,0.20804344597445454,0.9191919191919192,0.04083333333333333,0.20202020202020202,0.8874166666666657
15703,feedback_development,5,0.9109823923808358,0.95,0.95,0.9200920436908018,0.19183858727531708,0.8876404494382022,0.035833333333333335,0.2808988764044944,0.8636183333333327
15703,feedback_development,6,0.9143435739954517,0.95,0.95,0.9475631093655309,0.15539306818268198,0.9523809523809523,0.0325,0.16666666666666666,0.9194158333333331
15704,static_quality,1,0.58,0.24,0.34,0.4,0.62,0.7619047619047619,0.19083333333333333,0.34523809523809523,0.8111891666666621
15704,static_quality,2,0.58,0.24,0.34,0.4,0.62,0.7319587628865979,0.17333333333333334,0.35051546391752575,0.7895733333333292
15704,static_quality,3,0.58,0.24,0.34,0.4,0.62,0.6382978723404256,0.18166666666666667,0.4148936170212766,0.7630266666666626
15704,static_quality,4,0.58,0.24,0.34,0.4,0.62,0.7926829268292683,0.22083333333333333,0.2804878048780488,0.8349841666666612
15704,static_quality,5,0.58,0.24,0.34,0.4,0.62,0.686046511627907,0.16416666666666666,0.4186046511627907,0.7819774999999967
15704,static_quality,6,0.58,0.24,0.34,0.4,0.62,0.7619047619047619,0.18916666666666668,0.36904761904761907,0.8014966666666619
15704,linear_development,1,0.744746530407927,0.46392705758997943,0.5608626788181376,0.5767845191499837,0.46274771548949106,0.8607594936708861,0.11916666666666667,0.26582278481012656,0.8663633333333306
15704,linear_development,2,0.8087254658514677,0.6418114969757943,0.7257163011765768,0.7172196028756277,0.33498105958544955,0.8571428571428571,0.085,0.20238095238095238,0.893579166666665
15704,linear_development,3,0.8480304108226322,0.7621047443596084,0.8298825378651015,0.8121879560733751,0.2800760876063494,0.85,0.07416666666666667,0.32,0.820627499999998
15704,linear_development,4,0.8733114117129843,0.834205986563212,0.8883898209438399,0.8691099893920098,0.22683520915635408,0.868421052631579,0.059166666666666666,0.21052631578947367,0.9043016666666663
15704,linear_development,5,0.8907910106084058,0.8872030267203316,0.9288039812798471,0.9109497579371043,0.19561380776198842,0.8809523809523809,0.0475,0.23809523809523808,0.8865058333333325
15704,linear_development,6,0.9023633809481801,0.9268663712466501,0.95,0.9422629246684083,0.1775732868847711,0.9278350515463918,0.04083333333333333,0.25773195876288657,0.8622841666666657
15704,interaction_development,1,0.6901114890402762,0.46392705758997943,0.5608626788181376,0.5767845191499837,0.4665450339121231,0.7926829268292683,0.15916666666666668,0.2926829268292683,0.8426916666666624
15704,interaction_development,2,0.799200242318097,0.6218760531787664,0.7078157774927539,0.7014810946148162,0.364457108453612,0.7682926829268293,0.1125,0.2926829268292683,0.852639166666664
15704,interaction_development,3,0.870750070841591,0.7621047443596084,0.8298825378651015,0.8121879560733751,0.26902578041977565,0.8529411764705882,0.07916666666666666,0.24509803921568626,0.854175833333331
15704,interaction_development,4,0.8972799857644664,0.8438892936492443,0.895960971102917,0.8767547055125617,0.20402961367968644,0.9302325581395349,0.04666666666666667,0.18604651162790697,0.9064233333333322
15704,interaction_development,5,0.9075121140170367,0.8944282611956175,0.9340981749277608,0.9166538904175933,0.1812651499483515,0.8505747126436781,0.0475,0.25287356321839083,0.8762341666666661
15704,interaction_development,6,0.9125122940171333,0.9268663712466501,0.95,0.9422629246684083,0.16489712993806555,0.9125,0.041666666666666664,0.2375,0.8924574999999995
15704,feedback_development,1,0.7089893937179621,0.5702649950331589,0.6221099452680607,0.5450905772565253,0.5097054805875225,0.7125,0.16333333333333333,0.425,0.791984166666663
15704,feedback_development,2,0.8364664728433194,0.8020357736007449,0.8203440196920255,0.6752400552044955,0.39622639825603356,0.8024691358024691,0.0925,0.30864197530864196,0.8520833333333312
15704,feedback_development,3,0.8897203795198991,0.927310101435723,0.9306157383830076,0.7843067283383324,0.3008651295665668,0.8260869565217391,0.0525,0.2608695652173913,0.8651166666666656
15704,feedback_development,4,0.9032724055186307,0.95,0.95,0.8514774385460527,0.2436210084471672,0.9382716049382716,0.05,0.2345679012345679,0.8904266666666657
15704,feedback_development,5,0.9106692242877172,0.95,0.95,0.9082294821579054,0.18648802852343058,0.898989898989899,0.045,0.1919191919191919,0.8916816666666656
15704,feedback_development,6,0.9142690107906505,0.95,0.95,0.9439743759196322,0.15482548507349045,0.9029126213592233,0.03333333333333333,0.20388349514563106,0.8840699999999989
15705,static_quality,1,0.58,0.24,0.34,0.4,0.62,0.6739130434782609,0.1825,0.42391304347826086,0.7630083333333283
15705,static_quality,2,0.58,0.24,0.34,0.4,0.62,0.7560975609756098,0.18083333333333335,0.32926829268292684,0.8227374999999955
15705,static_quality,3,0.58,0.24,0.34,0.4,0.62,0.7407407407407407,0.19083333333333333,0.345679012345679,0.8163699999999945
15705,static_quality,4,0.58,0.24,0.34,0.4,0.62,0.7666666666666667,0.1825,0.35555555555555557,0.7979524999999953
15705,static_quality,5,0.58,0.24,0.34,0.4,0.62,0.6635514018691588,0.165,0.411214953271028,0.7417291666666629
15705,static_quality,6,0.58,0.24,0.34,0.4,0.62,0.7222222222222222,0.18,0.34444444444444444,0.8034408333333288
15705,linear_development,1,0.7513305790833282,0.4798174140509839,0.5760188087486724,0.5893295374086714,0.4420173879861537,0.8375,0.12833333333333333,0.2125,0.8842574999999978
15705,linear_development,2,0.820199925455978,0.6785846889680582,0.7582945347809318,0.7462510702379412,0.3240833848823794,0.8421052631578947,0.0775,0.2982456140350877,0.8097733333333309
15705,linear_development,3,0.8563898032889783,0.7852395448462418,0.8490315766200464,0.8304522722470333,0.2610109814373373,0.8913043478260869,0.07083333333333333,0.2717391304347826,0.8563691666666642
15705,linear_development,4,0.875936520489865,0.8485167511742229,0.8995517135967844,0.8804079614533344,0.2386048025113415,0.8275862068965517,0.056666666666666664,0.3333333333333333,0.8393374999999985
15705,linear_development,5,0.8920419471660332,0.8975576348854511,0.9363726721642199,0.9191244485937777,0.20979811596694195,0.8241758241758241,0.03916666666666667,0.2857142857142857,0.8577799999999987
15705,linear_development,6,0.9011191552866009,0.929460004241211,0.95,0.9443105296641144,0.1940642930805549,0.872093023255814,0.04416666666666667,0.27906976744186046,0.8666591666666653
15705,interaction_development,1,0.6923088119100478,0.4703406342729729,0.5669890835859458,0.5818478691628733,0.4734455748291441,0.7052631578947368,0.15083333333333335,0.3684210526315789,0.789712499999996
15705,interaction_development,2,0.8088845154188475,0.6418114969757943,0.7257163011765768,0.7172196028756277,0.3646743698488441,0.84375,0.1,0.3229166666666667,0.8198949999999982
15705,interaction_development,3,0.8703939702002925,0.7635321158934507,0.8310733601000457,0.8133148283369349,0.2752985718317353,0.8539325842696629,0.06583333333333333,0.2247191011235955,0.8824433333333329
15705,interaction_development,4,0.8982314657902732,0.8476023653664214,0.8988436189292894,0.8796860779208596,0.20105964222596512,0.9302325581395349,0.05333333333333334,0.1511627906976744,0.9203399999999995
15705,interaction_development,5,0.9094352606756153,0.901783537626425,0.9394256972293831,0.9224606875998098,0.16747283061659335,0.8586956521739131,0.035833333333333335,0.20652173913043478,0.8938858333333329
15705,interaction_development,6,0.9139091554454257,0.9363198666786293,0.95,0.9497262105357603,0.15449756972862191,0.8829787234042553,0.03333333333333333,0.23404255319148937,0.8789983333333328
15705,feedback_development,1,0.7467355712377586,0.6339452052108012,0.676297566958524,0.5767845191499837,0.477606785036219,0.8131868131868132,0.15416666666666667,0.3626373626373626,0.7987941666666625
15705,feedback_development,2,0.8615891758673109,0.8523304840912173,0.8640248418072087,0.7120678588121523,0.35044278967439296,0.9024390243902439,0.07583333333333334,0.21951219512195122,0.8904533333333317
15705,feedback_development,3,0.8962628528708921,0.9438373069449896,0.9456284399131832,0.8052824337712515,0.27708383318555424,0.8651685393258427,0.045,0.2696629213483146,0.8666441666666651
15705,feedback_development,4,0.9075286457254371,0.95,0.95,0.8745094006021662,0.20528828217175493,0.9080459770114943,0.04,0.16091954022988506,0.9181216666666665
15705,feedback_development,5,0.9126667355466582,0.95,0.95,0.9161507951887257,0.15923870909477453,0.9487179487179487,0.0425,0.14102564102564102,0.9322249999999999
15705,feedback_development,6,0.9149337856700096,0.95,0.95,0.9459612854936913,0.14377427790437944,0.8709677419354839,0.03,0.21505376344086022,0.8898608333333327
15706,static_quality,1,0.58,0.24,0.34,0.4,0.62,0.7777777777777778,0.17416666666666666,0.32222222222222224,0.8147949999999959
15706,static_quality,2,0.58,0.24,0.34,0.4,0.62,0.78125,0.17083333333333334,0.28125,0.8250249999999956
15706,static_quality,3,0.58,0.24,0.34,0.4,0.62,0.7159090909090909,0.1875,0.4090909090909091,0.7767016666666625
15706,static_quality,4,0.58,0.24,0.34,0.4,0.62,0.7378640776699029,0.16583333333333333,0.34951456310679613,0.7813458333333294
15706,static_quality,5,0.58,0.24,0.34,0.4,0.62,0.6625,0.18416666666666667,0.425,0.7877533333333286
15706,static_quality,6,0.58,0.24,0.34,0.4,0.62,0.7636363636363637,0.18166666666666667,0.34545454545454546,0.7679683333333293
15706,linear_development,1,0.7443125314284229,0.46392705758997943,0.5608626788181376,0.5767845191499837,0.4652644324302641,0.8313253012048193,0.1275,0.30120481927710846,0.844189999999997
15706,linear_development,2,0.8030555064226478,0.6330844612629699,0.7179000537006014,0.7103298378391875,0.3655476249680183,0.8,0.09666666666666666,0.3368421052631579,0.816187499999998
15706,linear_development,3,0.8421839232126924,0.7518689632229225,0.8213083925235273,0.8041070762286233,0.308866115663716,0.7843137254901961,0.07083333333333333,0.3627450980392157,0.7963683333333311
15706,linear_development,4,0.8705821499769227,0.8332052178704346,0.8876030422395165,0.8683199088450803,0.25025055012719527,0.8131868131868132,0.058333333333333334,0.27472527472527475,0.8588958333333322
15706,linear_development,5,0.8909235365312242,0.892504936296908,0.9326946330244794,0.9151354760238753,0.2077299355240784,0.8877551020408163,0.04833333333333333,0.25510204081632654,0.8608749999999991
15706,linear_development,6,0.9035376759862073,0.9331790126053038,0.95,0.9472465888989244,0.1776858302070157,0.8571428571428571,0.051666666666666666,0.24761904761904763,0.8554183333333317
15706,interaction_development,1,0.66531567664392,0.4374866781976975,0.5354779218282415,0.5559105354192347,0.5063271080513447,0.6739130434782609,0.17,0.45652173913043476,0.7505691666666637
15706,interaction_development,2,0.8046769145307655,0.630869679339004,0.7159114337367587,0.7085813257939512,0.3591277056922269,0.8111111111111111,0.12,0.2222222222222222,0.8708099999999971
15706,interaction_development,3,0.8658115528622858,0.753357749443585,0.8225592337758626,0.8052824337712515,0.2866930729502606,0.8526315789473684,0.07,0.29473684210526313,0.8414441666666646
15706,interaction_development,4,0.8957098518512803,0.8448259578873488,0.8966892443051965,0.8774941772794864,0.2248121974924482,0.8543689320388349,0.0525,0.2524271844660194,0.8549391666666657
15706,interaction_development,5,0.907709826404884,0.8975576348854511,0.9363726721642199,0.9191244485937777,0.18526827381406719,0.9101123595505618,0.04,0.2247191011235955,0.8878316666666666
15706,interaction_development,6,0.9136756715592045,0.9347683406162323,0.95,0.9485013215391312,0.15637446054083856,0.9361702127659575,0.04083333333333333,0.20212765957446807,0.892669999999999
15706,feedback_development,1,0.7420042104159376,0.6239492881442814,0.6677828256562517,0.5716598576873552,0.4762558721278932,0.7647058823529411,0.16166666666666665,0.3411764705882353,0.8173991666666636
15706,feedback_development,2,0.8715132593253236,0.8762508720936756,0.8850327966714049,0.7321283457922444,0.333058053024341,0.875,0.0675,0.25,0.8516066666666657
15706,feedback_development,3,0.8993231747550514,0.95,0.95,0.8166550397523277,0.2609542385221752,0.8536585365853658,0.04833333333333333,0.23170731707317074,0.8910799999999991
15706,feedback_development,4,0.9072426136181646,0.95,0.95,0.8825477280388917,0.2147987971945819,0.8979591836734694,0.04083333333333333,0.24489795918367346,0.867462499999999
15706,feedback_development,5,0.9118253761947441,0.95,0.95,0.9224606875998098,0.17973400357878852,0.8876404494382022,0.03916666666666667,0.2247191011235955,0.8879016666666663
15706,feedback_development,6,0.9147071909253723,0.95,0.95,0.9494227470178676,0.15012442313378077,0.896551724137931,0.03833333333333333,0.1839080459770115,0.9081658333333329
15707,static_quality,1,0.58,0.24,0.34,0.4,0.62,0.6629213483146067,0.16416666666666666,0.4943820224719101,0.7417491666666629
15707,static_quality,2,0.58,0.24,0.34,0.4,0.62,0.6626506024096386,0.17333333333333334,0.42168674698795183,0.7845691666666629
15707,static_quality,3,0.58,0.24,0.34,0.4,0.62,0.7634408602150538,0.16083333333333333,0.3225806451612903,0.8121216666666629
15707,static_quality,4,0.58,0.24,0.34,0.4,0.62,0.7634408602150538,0.17666666666666667,0.34408602150537637,0.7993558333333294
15707,static_quality,5,0.58,0.24,0.34,0.4,0.62,0.7065217391304348,0.18083333333333335,0.40217391304347827,0.7732724999999959
15707,static_quality,6,0.58,0.24,0.34,0.4,0.62,0.75,0.1875,0.3977272727272727,0.7820833333333294
15707,linear_development,1,0.7479360365329322,0.4735185904673351,0.5700201600008442,0.5843567819478961,0.45707613686434007,0.7906976744186046,0.1275,0.29069767441860467,0.8443149999999969
15707,linear_development,2,0.8149703004587118,0.6667668068335013,0.7478894734802493,0.7369211632896069,0.3423364868537209,0.782608695652174,0.1075,0.3391304347826087,0.7783808333333313
15707,linear_development,3,0.8527684303768783,0.775999171347193,0.8414225681866759,0.823157240537258,0.2713558336246665,0.8764044943820225,0.06916666666666667,0.25842696629213485,0.8667466666666648
15707,linear_development,4,0.8829733099118209,0.860756800989922,0.9089600498518086,0.8900711586762547,0.20289934369112,0.9183673469387755,0.05333333333333334,0.19387755102040816,0.8898974999999988
15707,linear_development,5,0.8972571337169414,0.9058351154779237,0.9423322292330654,0.9256593016930983,0.18090156338559735,0.9294117647058824,0.055,0.23529411764705882,0.8841208333333324
15707,linear_development,6,0.9058842654172474,0.9385782380694072,0.95,0.95,0.16348999600038344,0.8817204301075269,0.04583333333333333,0.23655913978494625,0.8764141666666658
15707,interaction_development,1,0.6962984803513723,0.47667747892453105,0.5730300188808383,0.5868506412562087,0.4600001517392112,0.7303370786516854,0.15166666666666667,0.30337078651685395,0.8292924999999969
15707,interaction_development,2,0.788107300148011,0.605606733507875,0.6930893058016506,0.6886368948746389,0.3785233791818723,0.8260869565217391,0.13416666666666666,0.3188405797101449,0.8579474999999972
15707,interaction_development,3,0.8586521828484746,0.734887099121658,0.8069532821422831,0.7907003414118358,0.29492171311188653,0.8571428571428571,0.07583333333333334,0.27472527472527475,0.8552241666666651
15707,interaction_development,4,0.8885552385405812,0.813000193625383,0.8715545173591085,0.8523685739147764,0.22875570111034024,0.9142857142857143,0.049166666666666664,0.17142857142857143,0.9266124999999996
15707,interaction_development,5,0.9047066968391166,0.8787558387542783,0.9225422768908647,0.9042809253323254,0.18716208210388435,0.8913043478260869,0.035,0.21739130434782608,0.8889758333333327
15707,interaction_development,6,0.9114223548080104,0.9213895087852131,0.95,0.9379390858830634,0.1751672144200079,0.8787878787878788,0.04583333333333333,0.2727272727272727,0.8514349999999986
15707,feedback_development,1,0.7299226333937358,0.6031009490221321,0.6500542785178324,0.561223621773479,0.48600308054806324,0.7804878048780488,0.16916666666666666,0.36585365853658536,0.8103524999999964
15707,feedback_development,2,0.8630727803407704,0.8566713209348732,0.8678159083205228,0.7155126789493237,0.34977658171988923,0.8631578947368421,0.07,0.24210526315789474,0.8663208333333319
15707,feedback_development,3,0.9011492017284031,0.95,0.95,0.823157240537258,0.24490192933716437,0.8958333333333334,0.04,0.17708333333333334,0.9025825000000003
15707,feedback_development,4,0.9077416272682726,0.95,0.95,0.886029266316549,0.21247392377905672,0.8627450980392157,0.04583333333333333,0.28431372549019607,0.8411008333333321
15707,feedback_development,5,0.9113008682307691,0.95,0.95,0.9252105650835999,0.19103538302910708,0.875,0.041666666666666664,0.2708333333333333,0.857412499999999
15707,feedback_development,6,0.9132220622442437,0.95,0.95,0.9497262105357603,0.17917447048630736,0.8478260869565217,0.03166666666666667,0.2826086956521739,0.8592633333333327
15708,static_quality,1,0.58,0.24,0.34,0.4,0.62,0.7446808510638298,0.18,0.32978723404255317,0.8034399999999947
15708,static_quality,2,0.58,0.24,0.34,0.4,0.62,0.7216494845360825,0.1725,0.35051546391752575,0.7897774999999959
15708,static_quality,3,0.58,0.24,0.34,0.4,0.62,0.717391304347826,0.165,0.34782608695652173,0.8015024999999963
15708,static_quality,4,0.58,0.24,0.34,0.4,0.62,0.7216494845360825,0.18,0.36082474226804123,0.7835658333333291
15708,static_quality,5,0.58,0.24,0.34,0.4,0.62,0.7380952380952381,0.2025,0.4166666666666667,0.7785733333333289
15708,static_quality,6,0.58,0.24,0.34,0.4,0.62,0.7,0.18416666666666667,0.36666666666666664,0.7925199999999963
15708,linear_development,1,0.740113622046625,0.4541607844439806,0.5515101664878967,0.5690743035084056,0.4784250444724254,0.7976190476190477,0.12916666666666668,0.34523809523809523,0.8241124999999968
15708,linear_development,2,0.8056991000832435,0.6396493933358092,0.7237827806410643,0.7155126789493237,0.3580010426095917,0.8061224489795918,0.08666666666666667,0.29591836734693877,0.8331266666666642
15708,linear_development,3,0.8530346236976558,0.7746470536692083,0.8403047010943363,0.8220897792125332,0.2652832130460213,0.8269230769230769,0.07666666666666666,0.25,0.8498549999999984
15708,linear_development,4,0.8764545034638873,0.8438892936492443,0.895960971102917,0.8767547055125617,0.22180017537055785,0.8875,0.04833333333333333,0.2375,0.8915158333333317
15708,linear_development,5,0.8943372632510659,0.895691321478673,0.9350175712893436,0.9176510432726371,0.18324314317335913,0.8571428571428571,0.04,0.20238095238095238,0.9028416666666668
15708,linear_development,6,0.9065606936364436,0.9355487721890997,0.95,0.949117451728237,0.15313580833215848,0.9117647058823529,0.041666666666666664,0.21568627450980393,0.8772741666666651
15708,interaction_development,1,0.6700736330554684,0.4374866781976975,0.5354779218282415,0.5559105354192347,0.49414594083531793,0.7160493827160493,0.175,0.38271604938271603,0.8047908333333291
15708,interaction_development,2,0.7809885411585914,0.5984216061440717,0.6865528856129779,0.6829644259032152,0.3948100315439608,0.7976190476190477,0.12583333333333332,0.3333333333333333,0.829747499999997
15708,interaction_development,3,0.8638196524135273,0.7442891427330978,0.8149206723220334,0.798123007420867,0.27993792821509983,0.9239130434782609,0.0825,0.18478260869565216,0.8937508333333318
15708,interaction_development,4,0.8925419374638925,0.8332052178704346,0.8876030422395165,0.8683199088450803,0.23366404381593453,0.86,0.04416666666666667,0.29,0.8415649999999985
15708,interaction_development,5,0.9077064614121881,0.896317173549801,0.9354724482903182,0.9181451370130013,0.18253636066096246,0.96,0.03666666666666667,0.21,0.8830933333333324
15708,interaction_development,6,0.9132024359548223,0.9290342094982003,0.95,0.9439743759196322,0.15589705445336607,0.935064935064935,0.035,0.18181818181818182,0.9190716666666671
15708,feedback_development,1,0.8066963641576517,0.7375200686992046,0.7647115055225437,0.6337018114460136,0.41666012418714404,0.8421052631578947,0.12583333333333332,0.2807017543859649,0.8094908333333305
15708,feedback_development,2,0.878702218756134,0.8934809236732426,0.900250327074015,0.7477735638165136,0.31613214473488443,0.9125,0.07,0.225,0.891539999999999
15708,feedback_development,3,0.9040729432969651,0.95,0.95,0.8441519562049717,0.22646286824878367,0.9072164948453608,0.03333333333333333,0.17525773195876287,0.9041658333333326
15708,feedback_development,4,0.9102011800748242,0.95,0.95,0.9013569323774057,0.18798218542703357,0.9215686274509803,0.04083333333333333,0.2549019607843137,0.8574791666666657
15708,feedback_development,5,0.9140973796314996,0.95,0.95,0.9383114513677651,0.15298912245601495,0.9166666666666666,0.03166666666666667,0.1875,0.8993775000000002
15708,feedback_development,6,0.913562620087004,0.95,0.95,0.95,0.17327200513290228,0.8314606741573034,0.035,0.34831460674157305,0.8335124999999992
15709,static_quality,1,0.58,0.24,0.34,0.4,0.62,0.6565656565656566,0.18583333333333332,0.45454545454545453,0.7318449999999952
15709,static_quality,2,0.58,0.24,0.34,0.4,0.62,0.75,0.1975,0.3409090909090909,0.804629999999995
15709,static_quality,3,0.58,0.24,0.34,0.4,0.62,0.7032967032967034,0.18,0.37362637362637363,0.788656666666662
15709,static_quality,4,0.58,0.24,0.34,0.4,0.62,0.7127659574468085,0.19083333333333333,0.32978723404255317,0.8010574999999952
15709,static_quality,5,0.58,0.24,0.34,0.4,0.62,0.7191011235955056,0.17916666666666667,0.3595505617977528,0.7986849999999961
15709,static_quality,6,0.58,0.24,0.34,0.4,0.62,0.6851851851851852,0.17916666666666667,0.42592592592592593,0.7283541666666633
15709,linear_development,1,0.761489883261974,0.5131378218967122,0.6075463937163172,0.6156351225500359,0.4364156880490277,0.8058252427184466,0.11666666666666667,0.2815533980582524,0.8264599999999972
15709,linear_development,2,0.8204374191413291,0.6785846889680582,0.7582945347809318,0.7462510702379412,0.3218215402599877,0.8172043010752689,0.095,0.25806451612903225,0.8561091666666644
15709,linear_development,3,0.8583522336581161,0.7890820852981112,0.8521797729349577,0.8334858568142985,0.25234548973197557,0.8791208791208791,0.05583333333333333,0.23076923076923078,0.8795149999999988
15709,linear_development,4,0.8801309615149089,0.8547656646555614,0.9043715158197099,0.8853413142017595,0.21465981358265984,0.8235294117647058,0.05333333333333334,0.27058823529411763,0.8699341666666658
15709,linear_development,5,0.8964085155365571,0.901783537626425,0.9394256972293831,0.9224606875998098,0.17882691734555026,0.9036144578313253,0.049166666666666664,0.21686746987951808,0.895954166666666
15709,linear_development,6,0.9053022545191308,0.9347683406162323,0.95,0.9485013215391312,0.163724381020784,0.8777777777777778,0.03833333333333333,0.24444444444444444,0.8777658333333324
15709,interaction_development,1,0.7159227141512327,0.5012757336955068,0.5963626648884255,0.6062703160754,0.4448031628864705,0.7475728155339806,0.17166666666666666,0.32038834951456313,0.7952899999999964
15709,interaction_development,2,0.8191346450213443,0.6545144017208763,0.737036489743999,0.727248211884903,0.3415292183799895,0.8192771084337349,0.09666666666666666,0.26506024096385544,0.8658516666666646
15709,interaction_development,3,0.8699262066665383,0.7621047443596084,0.8298825378651015,0.8121879560733751,0.27562322996321564,0.8705882352941177,0.06333333333333334,0.27058823529411763,0.8678549999999988
15709,interaction_development,4,0.8976961364156681,0.8503290967631745,0.9009530676403956,0.8818387606025068,0.2139612939633146,0.88,0.034166666666666665,0.23,0.8739883333333328
15709,interaction_development,5,0.9103215988270272,0.9064001047850562,0.942735903628434,0.9261053458829397,0.1632638762931903,0.9565217391304348,0.034166666666666665,0.15217391304347827,0.9189683333333325
15709,interaction_development,6,0.915503075350873,0.9455434707647156,0.95,0.95,0.13093903333292617,0.9259259259259259,0.035833333333333335,0.16666666666666666,0.8982733333333328
15709,feedback_development,1,0.7872307232294669,0.69809003634951,0.7309690661877882,0.6109808980138739,0.427806911782662,0.8125,0.13333333333333333,0.25,0.8481733333333304
15709,feedback_development,2,0.8733413434834811,0.8801147573062555,0.8884063061249469,0.735333162263186,0.3277507957493726,0.8068181818181818,0.0725,0.2727272727272727,0.8610983333333316
15709,feedback_development,3,0.9007318710182204,0.95,0.95,0.8220897792125332,0.24905414364659062,0.9024390243902439,0.050833333333333335,0.1951219512195122,0.9054574999999985
15709,feedback_development,4,0.9084835111864358,0.95,0.95,0.8839529270206343,0.1994093022942913,0.9333333333333333,0.05,0.2111111111111111,0.8904766666666656
15709,feedback_development,5,0.9110984399800135,0.95,0.95,0.9186362661909233,0.18863159449614786,0.8658536585365854,0.0425,0.2804878048780488,0.8725924999999991
15709,feedback_development,6,0.914404145776204,0.95,0.95,0.9443105296641144,0.15255147762393745,0.918918918918919,0.04,0.14864864864864866,0.932644166666666
15710,static_quality,1,0.58,0.24,0.34,0.4,0.62,0.6629213483146067,0.17416666666666666,0.43820224719101125,0.7648558333333292
15710,static_quality,2,0.58,0.24,0.34,0.4,0.62,0.6853932584269663,0.195,0.38202247191011235,0.7849924999999953
15710,static_quality,3,0.58,0.24,0.34,0.4,0.62,0.7181818181818181,0.18,0.35454545454545455,0.7632116666666626
15710,static_quality,4,0.58,0.24,0.34,0.4,0.62,0.6623376623376623,0.16166666666666665,0.44155844155844154,0.7925058333333294
15710,static_quality,5,0.58,0.24,0.34,0.4,0.62,0.7319587628865979,0.18,0.32989690721649484,0.798464999999995
15710,static_quality,6,0.58,0.24,0.34,0.4,0.62,0.7640449438202247,0.17583333333333334,0.3146067415730337,0.8193533333333286
15710,linear_development,1,0.7428664138014476,0.4606912048188928,0.5577670481552242,0.5742298985412311,0.4701508772158473,0.7831325301204819,0.12583333333333332,0.3132530120481928,0.8398549999999969
15710,linear_development,2,0.8057274022587062,0.635285954495392,0.7198747533246972,0.7120678588121523,0.34601521178742023,0.891566265060241,0.09833333333333333,0.21686746987951808,0.8855299999999975
15710,linear_development,3,0.8477808947362401,0.7548376029469235,0.8238013191394316,0.806450739168624,0.26336685424316825,0.9156626506024096,0.07166666666666667,0.20481927710843373,0.8959708333333324
15710,linear_development,4,0.8779147981846371,0.8438892936492443,0.895960971102917,0.8767547055125617,0.20789260660151215,0.9375,0.06166666666666667,0.21875,0.8782758333333318
15710,linear_development,5,0.8968201018195479,0.900594247199925,0.9385686687267905,0.9215217741052045,0.17192181556003494,0.8645833333333334,0.050833333333333335,0.21875,0.880301666666665
15710,linear_development,6,0.9053096727775334,0.9335799385296719,0.95,0.9475631093655309,0.16152711668059827,0.8651685393258427,0.04833333333333333,0.24719101123595505,0.876330833333332
15710,interaction_development,1,0.7197650479004728,0.5072424708175737,0.601993809350567,0.6109808980138739,0.44286011456629437,0.7222222222222222,0.15333333333333332,0.3333333333333333,0.7839983333333294
15710,interaction_development,2,0.8105461703433685,0.6396493933358092,0.7237827806410643,0.7155126789493237,0.3505277519643775,0.8285714285714286,0.09666666666666666,0.2571428571428571,0.8859691666666644
15710,interaction_development,3,0.8704297458471777,0.76495092319809,0.8322558465793454,0.8144349393669134,0.2783796907406603,0.8431372549019608,0.06666666666666667,0.30392156862745096,0.8272549999999982
15710,interaction_development,4,0.8987625671961739,0.855637070667628,0.9050409152089719,0.886029266316549,0.2131110681061029,0.8942307692307693,0.050833333333333335,0.22115384615384615,0.8707883333333317
15710,interaction_development,5,0.9069674445645753,0.8987832553416816,0.9372603370148569,0.9200920436908018,0.19918135385539515,0.8674698795180723,0.041666666666666664,0.2891566265060241,0.8676216666666655
15710,interaction_development,6,0.9129626356741531,0.9323698859204561,0.95,0.9466078046740447,0.16560750086677237,0.8928571428571429,0.0325,0.20238095238095238,0.9044649999999996
15710,feedback_development,1,0.7476727284985507,0.6341390255615161,0.6764344931315338,0.5767845191499837,0.47236834434338026,0.7674418604651163,0.15083333333333335,0.32558139534883723,0.8244958333333298
15710,feedback_development,2,0.8728466473535677,0.8782559062778846,0.886775022309006,0.7337355757174909,0.32738358887298813,0.8865979381443299,0.06833333333333333,0.20618556701030927,0.8817283333333317
15710,feedback_development,3,0.9002135587528494,0.95,0.95,0.8177551095138137,0.2513779866405489,0.9113924050632911,0.0475,0.20253164556962025,0.9063274999999997
15710,feedback_development,4,0.9075823187021743,0.95,0.95,0.8796860779208596,0.20916883519553578,0.9230769230769231,0.04,0.24175824175824176,0.8774041666666658
15710,feedback_development,5,0.9132306348948818,0.95,0.95,0.9282957425651593,0.16006823780213184,0.8952380952380953,0.0375,0.18095238095238095,0.8930274999999999
15710,feedback_development,6,0.9154450873918245,0.95,0.95,0.95,0.13727152182116045,0.91,0.035833333333333335,0.2,0.8885658333333324
15711,static_quality,1,0.58,0.24,0.34,0.4,0.62,0.6534653465346535,0.1975,0.42574257425742573,0.7399349999999945
15711,static_quality,2,0.58,0.24,0.34,0.4,0.62,0.7252747252747253,0.19083333333333333,0.37362637362637363,0.7866391666666619
15711,static_quality,3,0.58,0.24,0.34,0.4,0.62,0.6444444444444445,0.165,0.4222222222222222,0.7718166666666629
15711,static_quality,4,0.58,0.24,0.34,0.4,0.62,0.7625,0.18166666666666667,0.3125,0.8328174999999952
15711,static_quality,5,0.58,0.24,0.34,0.4,0.62,0.6052631578947368,0.18166666666666667,0.4868421052631579,0.7736266666666635
15711,static_quality,6,0.58,0.24,0.34,0.4,0.62,0.6814159292035398,0.17083333333333334,0.4247787610619469,0.7204849999999957
15711,linear_development,1,0.74385997200345,0.46714349524443954,0.5639366400664106,0.5793238120350839,0.4784042139797433,0.7731958762886598,0.12583333333333332,0.3917525773195876,0.7795341666666639
15711,linear_development,2,0.8133413165183527,0.6606959046701756,0.7425201580198514,0.7321283457922444,0.3416175844979588,0.8181818181818182,0.09416666666666666,0.24242424242424243,0.8564333333333313
15711,linear_development,3,0.8590064889061098,0.7928558741862269,0.855262318832283,0.8364651638312322,0.2559501291725065,0.8807339449541285,0.07916666666666666,0.24770642201834864,0.8442791666666641
15711,linear_development,4,0.8846957627893541,0.8665007938750992,0.9133284126164841,0.8946058899013944,0.2011421174467478,0.9139784946236559,0.06,0.21505376344086022,0.8838774999999991
15711,linear_development,5,0.9015468287848032,0.9134437645290499,0.947733593436284,0.9316661298913556,0.1590641660966591,0.9534883720930233,0.03666666666666667,0.16279069767441862,0.9184266666666662
15711,linear_development,6,0.9081309353323235,0.9432004012771991,0.95,0.95,0.1467153028741174,0.8555555555555555,0.05583333333333333,0.2222222222222222,0.8842883333333327
15711,interaction_development,1,0.6525472357982389,0.41328374387292865,0.5120653940216816,0.5368029556891541,0.5199957106178766,0.6883116883116883,0.17916666666666667,0.44155844155844154,0.7890466666666622
15711,interaction_development,2,0.7489654643380339,0.5578311052189252,0.6492672663973309,0.6509192935938887,0.43125481571003743,0.7631578947368421,0.14583333333333334,0.3815789473684211,0.8207833333333298
15711,interaction_development,3,0.8305387843087205,0.6805131808342499,0.7599864730374652,0.7477735638165136,0.34164789086651864,0.8243243243243243,0.09666666666666666,0.2702702702702703,0.8754349999999982
15711,interaction_development,4,0.8796997738081815,0.7890820852981112,0.8521797729349577,0.8334858568142985,0.2572658057697582,0.9080459770114943,0.06333333333333334,0.20689655172413793,0.8925683333333323
15711,interaction_development,5,0.900397424228705,0.8640686813608425,0.9114825273988391,0.8926858010743498,0.21181933663496424,0.8865979381443299,0.050833333333333335,0.24742268041237114,0.8654574999999984
15711,interaction_development,6,0.9076633918525439,0.9023728364006665,0.9398497173487774,0.922925923474211,0.19664191529025696,0.9090909090909091,0.043333333333333335,0.2857142857142857,0.8771674999999993
15711,feedback_development,1,0.7043209837769803,0.5647680478439409,0.6174045639654192,0.5423446451272891,0.5043013232859206,0.7464788732394366,0.1475,0.36619718309859156,0.8356424999999968
15711,feedback_development,2,0.8127768891038516,0.7584727046632571,0.7827546216452809,0.6466923205165486,0.4200489953653112,0.8,0.0975,0.3384615384615385,0.8660924999999983
15711,feedback_development,3,0.882921870271457,0.9051570109693657,0.9106869067532973,0.7596292166641425,0.30838933998021234,0.8974358974358975,0.065,0.1794871794871795,0.9125808333333333
15711,feedback_development,4,0.904525221711571,0.95,0.95,0.8496789980790707,0.22540446794219285,0.9270833333333334,0.0375,0.1875,0.8981483333333322
15711,feedback_development,5,0.9085030359846655,0.95,0.95,0.8933296862679037,0.2075157509604332,0.8641975308641975,0.04,0.2962962962962963,0.8677974999999989
15711,feedback_development,6,0.9124557931034404,0.95,0.95,0.9282957425651593,0.1739693220567809,0.8928571428571429,0.03333333333333333,0.21428571428571427,0.899169166666666
15712,static_quality,1,0.58,0.24,0.34,0.4,0.62,0.631578947368421,0.17583333333333334,0.5,0.76962833333333
15712,static_quality,2,0.58,0.24,0.34,0.4,0.62,0.6395348837209303,0.18583333333333332,0.45348837209302323,0.7624599999999959
15712,static_quality,3,0.58,0.24,0.34,0.4,0.62,0.6914893617021277,0.16666666666666666,0.39361702127659576,0.7764033333333296
15712,static_quality,4,0.58,0.24,0.34,0.4,0.62,0.7378640776699029,0.16583333333333333,0.3300970873786408,0.7911383333333298
15712,static_quality,5,0.58,0.24,0.34,0.4,0.62,0.6829268292682927,0.19083333333333333,0.3902439024390244,0.7962108333333279
15712,static_quality,6,0.58,0.24,0.34,0.4,0.62,0.6272727272727273,0.17666666666666667,0.4,0.739188333333329
15712,linear_development,1,0.7557561180579406,0.4952367461261602,0.5906518488314734,0.6015026943101264,0.4420949268111823,0.8152173913043478,0.11416666666666667,0.2608695652173913,0.8521774999999967
15712,linear_development,2,0.8170347240071941,0.6687662059925003,0.7496542471658875,0.7384996363098693,0.3280179560664084,0.8387096774193549,0.0675,0.24731182795698925,0.8670933333333322
15712,linear_development,3,0.8541608538508432,0.7786791172611952,0.8436348819379036,0.8252729873114703,0.26004010266612876,0.8555555555555555,0.060833333333333336,0.25555555555555554,0.8685441666666652
15712,linear_development,4,0.8839302138660825,0.860756800989922,0.9089600498518086,0.8900711586762547,0.19378597269815098,0.8936170212765957,0.055,0.18085106382978725,0.8991624999999988
15712,linear_development,5,0.9007428036362737,0.909719559605706,0.9450992973403093,0.9287259681097684,0.15742288566270146,0.9090909090909091,0.045,0.18181818181818182,0.9068749999999992
15712,linear_development,6,0.9090577230741202,0.9418165150766571,0.95,0.95,0.13650486675170204,0.9438202247191011,0.03333333333333333,0.1797752808988764,0.9092233333333335
15712,interaction_development,1,0.678032435306046,0.4508659803259362,0.548348606735042,0.5664731423625811,0.4905730140955961,0.7252747252747253,0.17,0.4065934065934066,0.7750966666666634
15712,interaction_development,2,0.8078465553578352,0.6418114969757943,0.7257163011765768,0.7172196028756277,0.37003235165527926,0.8148148148148148,0.1025,0.3425925925925926,0.7894241666666644
15712,interaction_development,3,0.867231495162965,0.7548376029469235,0.8238013191394316,0.806450739168624,0.27937110491279826,0.9102564102564102,0.05583333333333333,0.19230769230769232,0.9096508333333326
15712,interaction_development,4,0.8910687240268168,0.8291413687851972,0.8844000723176026,0.8651116069356823,0.24012158205899767,0.8313253012048193,0.045,0.27710843373493976,0.8719941666666657
15712,interaction_development,5,0.9019705434791937,0.8765469908486933,0.9208926236377526,0.9025370980384424,0.2194951563272705,0.7922077922077922,0.03333333333333333,0.2987012987012987,0.8746358333333331
15712,interaction_development,6,0.9105520537609071,0.9165134208831681,0.9498907233735747,0.9340895428025016,0.18195848144820342,0.9259259259259259,0.034166666666666665,0.19753086419753085,0.9091099999999994
15712,feedback_development,1,0.7503384089842021,0.6387513258412003,0.6804078846030993,0.5793238120350839,0.4703916144656276,0.7912087912087912,0.15083333333333335,0.3516483516483517,0.8042724999999972
15712,feedback_development,2,0.8635993894471587,0.8606801218307973,0.8713504978904031,0.7189162852583739,0.35496023558272094,0.8105263157894737,0.06416666666666666,0.29473684210526313,0.8430516666666648
15712,feedback_development,3,0.8949247875706485,0.9411922586567572,0.9432152605977971,0.8017350341775232,0.28436135689147013,0.8589743589743589,0.055,0.2564102564102564,0.8848224999999987
15712,feedback_development,4,0.9064310558968907,0.95,0.95,0.8698953294556577,0.21714529309223088,0.9195402298850575,0.034166666666666665,0.19540229885057472,0.9041683333333331
15712,feedback_development,5,0.9115054786726462,0.95,0.95,0.9156446631677321,0.17911713673704574,0.9230769230769231,0.030833333333333334,0.2087912087912088,0.8949058333333331
15712,feedback_development,6,0.9139592635845084,0.95,0.95,0.9459612854936913,0.16242326462695475,0.9090909090909091,0.0325,0.25252525252525254,0.8640024999999991
15713,static_quality,1,0.58,0.24,0.34,0.4,0.62,0.7653061224489796,0.18666666666666668,0.37755102040816324,0.7718608333333291
15713,static_quality,2,0.58,0.24,0.34,0.4,0.62,0.7252747252747253,0.1825,0.38461538461538464,0.7829733333333291
15713,static_quality,3,0.58,0.24,0.34,0.4,0.62,0.6436781609195402,0.1625,0.42528735632183906,0.7772683333333288
15713,static_quality,4,0.58,0.24,0.34,0.4,0.62,0.6470588235294118,0.16416666666666666,0.47058823529411764,0.7215524999999966
15713,static_quality,5,0.58,0.24,0.34,0.4,0.62,0.7,0.19,0.36666666666666664,0.791465833333329
15713,static_quality,6,0.58,0.24,0.34,0.4,0.62,0.6666666666666666,0.18,0.3939393939393939,0.7636908333333289
15713,linear_development,1,0.756111721921924,0.4952367461261602,0.5906518488314734,0.6015026943101264,0.4387082233446743,0.8202247191011236,0.13666666666666666,0.23595505617977527,0.8623983333333303
15713,linear_development,2,0.8280194831055511,0.6973571590612656,0.7746907845398572,0.7610714413641576,0.2996004982457459,0.9074074074074074,0.09916666666666667,0.21296296296296297,0.8600349999999971
15713,linear_development,3,0.8577267655209979,0.7865281075771644,0.850088355583706,0.8314695586135511,0.25164063586015534,0.825,0.065,0.275,0.8725074999999981
15713,linear_development,4,0.8836021894835921,0.8590707231213458,0.9076719816680596,0.888740044569484,0.1926047542770583,0.9397590361445783,0.0575,0.1686746987951807,0.9140508333333323
15713,linear_development,5,0.9001396234481334,0.9086263654418524,0.9443225411113537,0.9278629200856734,0.15810065471468907,0.9213483146067416,0.0475,0.19101123595505617,0.9011616666666663
15713,linear_development,6,0.9070701090737905,0.9385782380694072,0.95,0.95,0.1521962468904491,0.8651685393258427,0.04833333333333333,0.25842696629213485,0.8714349999999991
15713,interaction_development,1,0.7083792563039472,0.48912463323822225,0.5848602339553849,0.5966773420301754,0.4474656517188717,0.7741935483870968,0.1325,0.2903225806451613,0.833829166666663
15713,interaction_development,2,0.8280758405836529,0.6667668068335013,0.7478894734802493,0.7369211632896069,0.32176930206073473,0.8791208791208791,0.10666666666666667,0.21978021978021978,0.8737358333333308
15713,interaction_development,3,0.8730364571576826,0.7719182840192141,0.8380452706653891,0.8199354873835905,0.275986087521724,0.8421052631578947,0.06,0.3368421052631579,0.8233316666666655
15713,interaction_development,4,0.898515394272543,0.8582200433816356,0.9070211295750852,0.8880684553012917,0.22200506523361013,0.9174311926605505,0.045,0.27522935779816515,0.8361616666666649
15713,interaction_development,5,0.9093674184719296,0.9064001047850562,0.942735903628434,0.9261053458829397,0.17896373164905965,0.9176470588235294,0.04083333333333333,0.18823529411764706,0.9076199999999992
15713,interaction_development,6,0.9135959866918963,0.9355487721890997,0.95,0.949117451728237,0.15910383681534637,0.9493670886075949,0.03833333333333333,0.21518987341772153,0.9033066666666669
15713,feedback_development,1,0.7501466866494018,0.6436180249544877,0.6845534760783243,0.5818478691628733,0.48063827227911277,0.73,0.12916666666666668,0.4,0.7691824999999972
15713,feedback_development,2,0.8530966164017423,0.8454264159139786,0.8580269380969535,0.7068222593500515,0.3896012259289692,0.8064516129032258,0.07833333333333334,0.3655913978494624,0.8094349999999981
15713,feedback_development,3,0.89337592979177,0.9383341043980536,0.9406268934197047,0.798123007420867,0.29304199949015797,0.8441558441558441,0.05,0.19480519480519481,0.9112049999999989
15713,feedback_development,4,0.907913323848396,0.95,0.95,0.8825477280388917,0.20679937464023537,0.9454545454545454,0.035,0.18181818181818182,0.8885074999999993
15713,feedback_development,5,0.9123629188872203,0.95,0.95,0.922925923474211,0.1693624972969464,0.9204545454545454,0.03666666666666667,0.20454545454545456,0.897826666666666
15713,feedback_development,6,0.9149387424257687,0.95,0.95,0.95,0.14731736498550702,0.9019607843137255,0.041666666666666664,0.20588235294117646,0.8820408333333325
15714,static_quality,1,0.58,0.24,0.34,0.4,0.62,0.7865168539325843,0.195,0.3146067415730337,0.8152341666666623
15714,static_quality,2,0.58,0.24,0.34,0.4,0.62,0.7115384615384616,0.17166666666666666,0.375,0.7652091666666625
15714,static_quality,3,0.58,0.24,0.34,0.4,0.62,0.7717391304347826,0.18916666666666668,0.32608695652173914,0.8062649999999959
15714,static_quality,4,0.58,0.24,0.34,0.4,0.62,0.7444444444444445,0.17166666666666666,0.36666666666666664,0.7949716666666627
15714,static_quality,5,0.58,0.24,0.34,0.4,0.62,0.7282608695652174,0.21333333333333335,0.391304347826087,0.7714308333333295
15714,static_quality,6,0.58,0.24,0.34,0.4,0.62,0.6829268292682927,0.18333333333333332,0.3902439024390244,0.7977974999999958
15714,linear_development,1,0.7332728098432783,0.4340912255510035,0.5322033452449562,0.5532299149086869,0.4883548681496155,0.684931506849315,0.13583333333333333,0.3287671232876712,0.8478483333333301
15714,linear_development,2,0.8027825512956623,0.6263999280785356,0.7118920395809525,0.7050525747988445,0.3501773872615486,0.8522727272727273,0.1075,0.2159090909090909,0.8787724999999972
15714,linear_development,3,0.846805553398633,0.753357749443585,0.8225592337758626,0.8052824337712515,0.26876557509895665,0.8804347826086957,0.06416666666666666,0.25,0.8676308333333321
15714,linear_development,4,0.876259081973044,0.8371724088631298,0.8907172662899894,0.8714519017340503,0.2063979390486546,0.8690476190476191,0.0625,0.17857142857142858,0.9081641666666653
15714,linear_development,5,0.894342112945266,0.8918560727333078,0.9322201742441887,0.91462321531577,0.17353648186216158,0.8850574712643678,0.050833333333333335,0.21839080459770116,0.8905574999999991
15714,linear_development,6,0.906118427519215,0.9319616558555897,0.95,0.9462855177807291,0.1509288163104609,0.8775510204081632,0.043333333333333335,0.21428571428571427,0.881942499999999
15714,interaction_development,1,0.6663430258464625,0.4340912255510035,0.5322033452449562,0.5532299149086869,0.504071578214293,0.7093023255813954,0.17583333333333334,0.43023255813953487,0.774323333333329
15714,interaction_development,2,0.7950644282394705,0.6195936148679743,0.7057560699826324,0.6996791696326119,0.37948710335354485,0.7959183673469388,0.1125,0.32653061224489793,0.8127216666666639
15714,interaction_development,3,0.8657520671716391,0.753357749443585,0.8225592337758626,0.8052824337712515,0.2871424851424917,0.8854166666666666,0.0575,0.25,0.8639349999999989
15714,interaction_development,4,0.8942855121695348,0.8429469755022578,0.8952275640512759,0.8760107701333619,0.23667862026610387,0.8761904761904762,0.04666666666666667,0.2857142857142857,0.8359324999999982
15714,interaction_development,5,0.9055210684844164,0.8885525297086495,0.929797236937012,0.9120151550331449,0.19763979266187373,0.8904109589041096,0.03916666666666667,0.2191780821917808,0.9080858333333329
15714,interaction_development,6,0.9128175643703743,0.9277413419810552,0.95,0.9429536910376756,0.1608247397753069,0.8876404494382022,0.043333333333333335,0.19101123595505617,0.9017483333333329
15714,feedback_development,1,0.7441839022664372,0.6288313841028189,0.6719622467283809,0.5742298985412311,0.47679190876382466,0.7555555555555555,0.14583333333333334,0.36666666666666664,0.80048333333333
15714,feedback_development,2,0.8625031191434194,0.8566009126927049,0.8677640517377866,0.7155126789493237,0.35350865433606043,0.8555555555555555,0.0825,0.25555555555555554,0.8636216666666652
15714,feedback_development,3,0.8992261196084329,0.95,0.95,0.8166550397523277,0.262088730059345,0.8817204301075269,0.049166666666666664,0.21505376344086022,0.885964999999999
15714,feedback_development,4,0.9061004681111864,0.95,0.95,0.8789598369425147,0.22987029082625016,0.83,0.04083333333333333,0.31,0.8326316666666657
15714,feedback_development,5,0.9115346007197407,0.95,0.95,0.920571491428657,0.1830168869033889,0.8604651162790697,0.0375,0.18604651162790697,0.9088325000000002
15714,feedback_development,6,0.9142201998108157,0.95,0.95,0.9475631093655309,0.15894876529759716,0.8977272727272727,0.02666666666666667,0.2159090909090909,0.8957983333333333
15715,static_quality,1,0.58,0.24,0.34,0.4,0.62,0.7204301075268817,0.15333333333333332,0.3655913978494624,0.7942283333333298
15715,static_quality,2,0.58,0.24,0.34,0.4,0.62,0.67,0.1675,0.39,0.7660249999999966
15715,static_quality,3,0.58,0.24,0.34,0.4,0.62,0.6382978723404256,0.16916666666666666,0.4574468085106383,0.7460741666666635
15715,static_quality,4,0.58,0.24,0.34,0.4,0.62,0.7865168539325843,0.18,0.25842696629213485,0.8434658333333288
15715,static_quality,5,0.58,0.24,0.34,0.4,0.62,0.7058823529411765,0.18916666666666668,0.38823529411764707,0.7920866666666612
15715,static_quality,6,0.58,0.24,0.34,0.4,0.62,0.6477272727272727,0.18666666666666668,0.4318181818181818,0.7673883333333292
15715,linear_development,1,0.7449287890667865,0.4703406342729729,0.5669890835859458,0.5818478691628733,0.465415653829613,0.735632183908046,0.14333333333333334,0.3103448275862069,0.8308716666666632
15715,linear_development,2,0.8024756893938323,0.6286415285100644,0.7139087953038858,0.7068222593500515,0.35912792227035956,0.8414634146341463,0.0825,0.2804878048780488,0.8640341666666643
15715,linear_development,3,0.846699431841974,0.7548376029469235,0.8238013191394316,0.806450739168624,0.27366650085522576,0.8901098901098901,0.065,0.24175824175824176,0.8726191666666652
15715,linear_development,4,0.8796951655219285,0.8503290967631745,0.9009530676403956,0.8818387606025068,0.20745268194009106,0.8932038834951457,0.04833333333333333,0.20388349514563106,0.8808633333333322
15715,linear_development,5,0.9002641474842471,0.9129212922827463,0.9473651494826627,0.9312536518021686,0.16997678419379547,0.8706896551724138,0.035833333333333335,0.22413793103448276,0.8587683333333319
15715,linear_development,6,0.9073817590697782,0.9411119787909116,0.95,0.95,0.15176189241206997,0.9156626506024096,0.043333333333333335,0.21686746987951808,0.8973433333333323
15715,interaction_development,1,0.7062547419096714,0.48912463323822225,0.5848602339553849,0.5966773420301754,0.45760122490232774,0.7378640776699029,0.14916666666666667,0.3592233009708738,0.7797374999999969
15715,interaction_development,2,0.8182009701958313,0.656587315310551,0.738877234315791,0.7288847226135935,0.3517970807984943,0.8297872340425532,0.08916666666666667,0.2978723404255319,0.8372641666666645
15715,interaction_development,3,0.8839698522247335,0.7965621416284181,0.8582805833426981,0.8393911644434883,0.23534449479019032,0.9230769230769231,0.055,0.16346153846153846,0.899580833333332
15715,interaction_development,4,0.9009181853487185,0.8615922601839825,0.9095973295028459,0.8907307317241973,0.19943701134689754,0.9047619047619048,0.0425,0.23809523809523808,0.8871958333333325
15715,interaction_development,5,0.9100835504062198,0.9139631019418756,0.9480994582822301,0.9320761331120074,0.18406838941759476,0.8909090909090909,0.0275,0.2818181818181818,0.8356558333333324
15715,interaction_development,6,0.9156141268514293,0.9474747334875083,0.95,0.95,0.1315460108164372,0.9560439560439561,0.0375,0.0989010989010989,0.9432850000000006
15715,feedback_development,1,0.7871633999898776,0.6981900956397019,0.7310402986604783,0.6109808980138739,0.42824939885789726,0.8105263157894737,0.12666666666666668,0.24210526315789474,0.85481833333333
15715,feedback_development,2,0.8691421631323768,0.8710216223837914,0.8803736178410154,0.727248211884903,0.3384654251201919,0.8902439024390244,0.0675,0.2804878048780488,0.8672333333333316
15715,feedback_development,3,0.9008639390538719,0.95,0.95,0.8273634212912758,0.25447815571858,0.91,0.04,0.24,0.8675533333333326
15715,feedback_development,4,0.9081049920528541,0.95,0.95,0.8873928121743377,0.2082570269855261,0.8723404255319149,0.03333333333333333,0.24468085106382978,0.8743074999999991
15715,feedback_development,5,0.9119551646094817,0.95,0.95,0.9269894215247961,0.18151743258009773,0.9157894736842105,0.0375,0.24210526315789474,0.8733241666666658
15715,feedback_development,6,0.9142838570313967,0.95,0.95,0.95,0.15990593919653545,0.8494623655913979,0.03666666666666667,0.22580645161290322,0.883489999999999
15716,static_quality,1,0.58,0.24,0.34,0.4,0.62,0.6666666666666666,0.17166666666666666,0.4,0.7801791666666623
15716,static_quality,2,0.58,0.24,0.34,0.4,0.62,0.7073170731707317,0.18083333333333335,0.36585365853658536,0.8082033333333295
15716,static_quality,3,0.58,0.24,0.34,0.4,0.62,0.717948717948718,0.17416666666666666,0.4230769230769231,0.7942324999999961
15716,static_quality,4,0.58,0.24,0.34,0.4,0.62,0.6022727272727273,0.16833333333333333,0.4318181818181818,0.7711049999999965
15716,static_quality,5,0.58,0.24,0.34,0.4,0.62,0.7142857142857143,0.17833333333333334,0.38461538461538464,0.7838849999999954
15716,static_quality,6,0.58,0.24,0.34,0.4,0.62,0.6947368421052632,0.17583333333333334,0.35789473684210527,0.7890649999999957
15716,linear_development,1,0.743095781450249,0.46392705758997943,0.5608626788181376,0.5767845191499837,0.4768525274604913,0.7582417582417582,0.1275,0.3626373626373626,0.8045474999999965
15716,linear_development,2,0.814887955895268,0.6647553388667016,0.7461122592953164,0.735333162263186,0.337744037613128,0.8598130841121495,0.1,0.27102803738317754,0.8301291666666646
15716,linear_development,3,0.8442442523674634,0.7518689632229225,0.8213083925235273,0.8041070762286233,0.2892439332373261,0.8714285714285714,0.07916666666666666,0.2857142857142857,0.8794566666666643
15716,linear_development,4,0.8748376577729625,0.8371724088631298,0.8907172662899894,0.8714519017340503,0.21993531238276437,0.9080459770114943,0.056666666666666664,0.19540229885057472,0.899083333333333
15716,linear_development,5,0.8939567174311552,0.8912032924882373,0.9317423708400692,0.9141078624907143,0.17556097885563757,0.9375,0.035833333333333335,0.1625,0.9238958333333337
15716,linear_development,6,0.904060872720001,0.9264249207712777,0.95,0.9419144111352197,0.16061673457315398,0.8837209302325582,0.045,0.2441860465116279,0.8819833333333323
15716,interaction_development,1,0.6582588723274042,0.4203032171612329,0.5188725697096852,0.5423446451272891,0.5085393790272099,0.7435897435897436,0.1675,0.4230769230769231,0.7959874999999964
15716,interaction_development,2,0.8069749025764323,0.6330844612629699,0.7179000537006014,0.7103298378391875,0.35274362388477903,0.8367346938775511,0.1,0.22448979591836735,0.8649899999999972
15716,interaction_development,3,0.8736977317979038,0.7621047443596084,0.8298825378651015,0.8121879560733751,0.24450662301632575,0.9259259259259259,0.06416666666666666,0.1111111111111111,0.9378158333333327
15716,interaction_development,4,0.8958306550897941,0.8381493744099511,0.8914822454259594,0.872223190323646,0.2078984598367704,0.872093023255814,0.0525,0.2558139534883721,0.8752116666666656
15716,interaction_development,5,0.9067371018785775,0.8905465719197558,0.9312611992347122,0.9135893988840184,0.18425430890912653,0.8953488372093024,0.0375,0.2441860465116279,0.883376666666666
15716,interaction_development,6,0.9126052530061872,0.9281748939291689,0.95,0.9432959688914495,0.16533188404126675,0.9021739130434783,0.0325,0.2391304347826087,0.8792824999999993
15716,feedback_development,1,0.7390273033902949,0.6187452332458714,0.6633683295567439,0.5690743035084056,0.47857794944026205,0.7764705882352941,0.16166666666666665,0.35294117647058826,0.8122358333333293
15716,feedback_development,2,0.8598285284846309,0.8501188829418335,0.862094494229877,0.7103298378391875,0.3573413580457343,0.8021978021978022,0.08916666666666667,0.27472527472527475,0.8527058333333313
15716,feedback_development,3,0.8986118740063287,0.95,0.95,0.8144349393669134,0.2671913828968645,0.8969072164948454,0.045,0.23711340206185566,0.8715458333333326
15716,feedback_development,4,0.9069364046761635,0.95,0.95,0.8811255136846144,0.2179558025194055,0.8585858585858586,0.04083333333333333,0.25252525252525254,0.8623591666666658
15716,feedback_development,5,0.9115226750895503,0.95,0.95,0.9176510432726371,0.18061965635140176,0.9078947368421053,0.0275,0.19736842105263158,0.9154591666666672
15716,feedback_development,6,0.9146316615242052,0.95,0.95,0.95,0.1532755979549077,0.8867924528301887,0.029166666666666667,0.20754716981132076,0.8799049999999994
15717,static_quality,1,0.58,0.24,0.34,0.4,0.62,0.7073170731707317,0.18166666666666667,0.4024390243902439,0.7932066666666624
15717,static_quality,2,0.58,0.24,0.34,0.4,0.62,0.7052631578947368,0.18583333333333332,0.3684210526315789,0.7819641666666622
15717,static_quality,3,0.58,0.24,0.34,0.4,0.62,0.7228915662650602,0.195,0.37349397590361444,0.8002633333333283
15717,static_quality,4,0.58,0.24,0.34,0.4,0.62,0.7647058823529411,0.18583333333333332,0.36470588235294116,0.8023533333333295
15717,static_quality,5,0.58,0.24,0.34,0.4,0.62,0.7590361445783133,0.18083333333333335,0.3493975903614458,0.8131658333333294
15717,static_quality,6,0.58,0.24,0.34,0.4,0.62,0.75,0.16833333333333333,0.3375,0.8260866666666629
15717,linear_development,1,0.7810559522978708,0.5631212138760859,0.6541603387638217,0.6550956951653314,0.3861300830636124,0.8782608695652174,0.11,0.2,0.8581358333333302
15717,linear_development,2,0.8372735635003477,0.7218111067958777,0.795794030163138,0.7803771895756936,0.2763293408171119,0.8829787234042553,0.07583333333333334,0.20212765957446807,0.8848949999999987
15717,linear_development,3,0.8668503502187644,0.8141221924636307,0.8724536357375947,0.8532543624712877,0.23649352192237552,0.8817204301075269,0.07083333333333333,0.27956989247311825,0.8512874999999976
15717,linear_development,4,0.8875907139488355,0.8758018016586451,0.9203349684166693,0.9019487907831413,0.19722161848859354,0.8295454545454546,0.05,0.23863636363636365,0.8809416666666656
15717,linear_development,5,0.9057293232900852,0.9250845167634653,0.95,0.9408561974448414,0.1423281114455898,0.9578947368421052,0.051666666666666666,0.11578947368421053,0.9298766666666661
15717,linear_development,6,0.9111681721328183,0.9493375053285495,0.95,0.95,0.1239263421588506,0.8987341772151899,0.050833333333333335,0.17721518987341772,0.9156791666666656
15717,interaction_development,1,0.692809402661011,0.4703406342729729,0.5669890835859458,0.5818478691628733,0.47101658222834497,0.7708333333333334,0.17083333333333334,0.375,0.7803866666666627
15717,interaction_development,2,0.8021298344159613,0.6286415285100644,0.7139087953038858,0.7068222593500515,0.36662031088062963,0.7710843373493976,0.0875,0.2891566265060241,0.8581383333333311
15717,interaction_development,3,0.8683996565777947,0.7592241015100749,0.8274756506675646,0.8099137643500592,0.28077297615280267,0.8787878787878788,0.0725,0.2727272727272727,0.8457191666666647
15717,interaction_development,4,0.8967491545245652,0.8457570021400247,0.8974124195950601,0.8782292122158095,0.2147726736508533,0.8617021276595744,0.05416666666666667,0.2127659574468085,0.8845999999999994
15717,interaction_development,5,0.9087235206571826,0.8993905558096315,0.9376995146557529,0.920571491428657,0.17353762151268665,0.9318181818181818,0.04833333333333333,0.19318181818181818,0.9010274999999994
15717,interaction_development,6,0.9144162930730484,0.9400391462439642,0.95,0.95,0.14846738853335073,0.9,0.02666666666666667,0.21818181818181817,0.8706499999999988
15717,feedback_development,1,0.7463982100898898,0.6292555807912419,0.672261787609651,0.5742298985412311,0.46803427167031825,0.85,0.1575,0.2875,0.8479866666666624
15717,feedback_development,2,0.8550310788437576,0.8389823997810378,0.8523376130128496,0.7014810946148162,0.36420446246020766,0.8452380952380952,0.085,0.2976190476190476,0.8537808333333313
15717,feedback_development,3,0.892873148668947,0.9338472216172589,0.9364990593004827,0.7919561393633647,0.28611157245568064,0.8734177215189873,0.04833333333333333,0.24050632911392406,0.8909449999999989
15717,feedback_development,4,0.9036811982684697,0.95,0.95,0.8550100272786813,0.2414444128851459,0.8780487804878049,0.04583333333333333,0.2682926829268293,0.8768183333333324
15717,feedback_development,5,0.9103974281126102,0.95,0.95,0.9082294821579054,0.1909440219260341,0.8854166666666666,0.04666666666666667,0.20833333333333334,0.8862566666666656
15717,feedback_development,6,0.9143523841388074,0.95,0.95,0.9422629246684083,0.1517005220211531,0.9032258064516129,0.034166666666666665,0.17204301075268819,0.9090483333333332
15718,static_quality,1,0.58,0.24,0.34,0.4,0.62,0.7254901960784313,0.17666666666666667,0.38235294117647056,0.764264166666662
15718,static_quality,2,0.58,0.24,0.34,0.4,0.62,0.6551724137931034,0.1825,0.3879310344827586,0.7329974999999957
15718,static_quality,3,0.58,0.24,0.34,0.4,0.62,0.7439024390243902,0.205,0.3902439024390244,0.7930358333333282
15718,static_quality,4,0.58,0.24,0.34,0.4,0.62,0.7560975609756098,0.19416666666666665,0.3048780487804878,0.8302216666666618
15718,static_quality,5,0.58,0.24,0.34,0.4,0.62,0.6704545454545454,0.15916666666666668,0.4431818181818182,0.7681766666666627
15718,static_quality,6,0.58,0.24,0.34,0.4,0.62,0.6818181818181818,0.19,0.42045454545454547,0.7710716666666628
15718,linear_development,1,0.7457752689080548,0.46714349524443954,0.5639366400664106,0.5793238120350839,0.4601632910787453,0.7831325301204819,0.13666666666666666,0.2891566265060241,0.8477966666666635
15718,linear_development,2,0.806128349934436,0.6374742387684197,0.7218356300514243,0.7137954516592794,0.3480734163416365,0.8539325842696629,0.10666666666666667,0.2808988764044944,0.8489933333333309
15718,linear_development,3,0.8446175531011029,0.7503711903651132,0.8200487336591412,0.8029246239724581,0.2817488041766847,0.8255813953488372,0.075,0.27906976744186046,0.8605566666666649
15718,linear_development,4,0.8728744042961277,0.830166520572486,0.8852092718113794,0.8659209372940683,0.22058811733385975,0.9135802469135802,0.06666666666666667,0.20987654320987653,0.8974541666666662
15718,linear_development,5,0.889881929452695,0.8872030267203316,0.9288039812798471,0.9109497579371043,0.20427172353066445,0.8865979381443299,0.04666666666666667,0.29896907216494845,0.8413583333333322
15718,linear_development,6,0.9049227559239263,0.9303039447504692,0.95,0.9449767984872129,0.15934973443838285,0.9285714285714286,0.0475,0.1836734693877551,0.8962433333333324
15718,interaction_development,1,0.681856524808842,0.4541607844439806,0.5515101664878967,0.5690743035084056,0.4805036085292539,0.6629213483146067,0.16083333333333333,0.38202247191011235,0.7923608333333297
15718,interaction_development,2,0.7838448632634674,0.603226090048164,0.6909257863057912,0.6867574395117091,0.3932048610808373,0.7804878048780488,0.12,0.35365853658536583,0.8261033333333304
15718,interaction_development,3,0.8625203626658504,0.7427456164316879,0.8136159842115139,0.7969044340250171,0.28042829253939405,0.9204545454545454,0.07416666666666667,0.18181818181818182,0.9003633333333323
15718,interaction_development,4,0.8929648193423958,0.8321984083203567,0.8868107172603389,0.867525059200282,0.226709672194565,0.8924731182795699,0.05,0.23655913978494625,0.8755016666666654
15718,interaction_development,5,0.9073169916893014,0.8931499066791265,0.9331657705933081,0.9156446631677321,0.18136233517208486,0.8736842105263158,0.04083333333333333,0.21052631578947367,0.887374999999999
15718,interaction_development,6,0.9124684831503159,0.9298832442157637,0.95,0.9446446664861298,0.1704804073081978,0.8421052631578947,0.03,0.2631578947368421,0.8645991666666659
15718,feedback_development,1,0.7835836699448786,0.6977596909906946,0.7307339449890587,0.6109808980138739,0.44362366245459905,0.7247706422018348,0.1425,0.3394495412844037,0.7810674999999976
15718,feedback_development,2,0.8703124613491078,0.8744345655942314,0.8834281558190141,0.7305114142779119,0.3378302911878941,0.8625,0.0725,0.2375,0.8860983333333317
15718,feedback_development,3,0.8994450102356675,0.95,0.95,0.823157240537258,0.2653738890900722,0.8842105263157894,0.04,0.2631578947368421,0.8629991666666657
15718,feedback_development,4,0.9091337018209548,0.95,0.95,0.8958668250346142,0.20006008388303426,0.8928571428571429,0.03833333333333333,0.21428571428571427,0.8678133333333323
15718,feedback_development,5,0.9128614407201538,0.95,0.95,0.9287259681097684,0.1657590115459748,0.8974358974358975,0.04083333333333333,0.19230769230769232,0.9124208333333337
15718,feedback_development,6,0.9154660673580927,0.95,0.95,0.95,0.13684917795771462,0.946236559139785,0.0325,0.16129032258064516,0.9146683333333329
15719,static_quality,1,0.58,0.24,0.34,0.4,0.62,0.6238532110091743,0.2025,0.44954128440366975,0.7088183333333298
15719,static_quality,2,0.58,0.24,0.34,0.4,0.62,0.782608695652174,0.16333333333333333,0.3804347826086957,0.7865983333333294
15719,static_quality,3,0.58,0.24,0.34,0.4,0.62,0.6759259259259259,0.1875,0.4351851851851852,0.7219224999999964
15719,static_quality,4,0.58,0.24,0.34,0.4,0.62,0.6666666666666666,0.185,0.43010752688172044,0.7573049999999956
15719,static_quality,5,0.58,0.24,0.34,0.4,0.62,0.6785714285714286,0.18333333333333332,0.4166666666666667,0.7826874999999959
15719,static_quality,6,0.58,0.24,0.34,0.4,0.62,0.7241379310344828,0.19166666666666668,0.45977011494252873,0.755929166666662
15719,linear_development,1,0.7607768189776969,0.5072424708175737,0.601993809350567,0.6109808980138739,0.42710461648966264,0.851063829787234,0.13416666666666666,0.23404255319148937,0.8577858333333309
15719,linear_development,2,0.8203068748610218,0.6785846889680582,0.7582945347809318,0.7462510702379412,0.32306481912005597,0.801980198019802,0.10833333333333334,0.297029702970297,0.8234766666666646
15719,linear_development,3,0.8502668370245616,0.767763050352948,0.834596045263717,0.8166550397523277,0.27361568751602505,0.8421052631578947,0.06416666666666666,0.2894736842105263,0.8726908333333319
15719,linear_development,4,0.8780866246158568,0.8457570021400247,0.8974124195950601,0.8782292122158095,0.21104982808559075,0.8690476190476191,0.0475,0.19047619047619047,0.9065900000000003
15719,linear_development,5,0.8937466521425148,0.895691321478673,0.9350175712893436,0.9176510432726371,0.18886801087384464,0.8620689655172413,0.04416666666666667,0.25287356321839083,0.8767141666666657
15719,linear_development,6,0.9039863407574829,0.9319616558555897,0.95,0.9462855177807291,0.1712344045174349,0.8854166666666666,0.0425,0.2604166666666667,0.8621908333333321
15719,interaction_development,1,0.7000276007428413,0.4798174140509839,0.5760188087486724,0.5893295374086714,0.46202917830461004,0.7708333333333334,0.175,0.34375,0.794207499999997
15719,interaction_development,2,0.8069775927973226,0.6374742387684197,0.7218356300514243,0.7137954516592794,0.36379539145803735,0.7865168539325843,0.09666666666666666,0.3258426966292135,0.831148333333331
15719,interaction_development,3,0.8568224246473973,0.736477776526928,0.8083046091672872,0.7919561393633647,0.311438137911608,0.8125,0.07166666666666667,0.3375,0.8465708333333314
15719,interaction_development,4,0.886515849319167,0.8217899335927608,0.878573682898283,0.8593078423100747,0.2691970878770271,0.8061224489795918,0.051666666666666666,0.336734693877551,0.8204616666666656
15719,interaction_development,5,0.904104341254667,0.8837573440666797,0.9262589247242138,0.9082294821579054,0.20690556347815028,0.8636363636363636,0.0425,0.19318181818181818,0.9021233333333321
15719,interaction_development,6,0.9114960757420412,0.9246323106272286,0.95,0.940499192600444,0.17904457409521984,0.8645833333333334,0.029166666666666667,0.25,0.8697999999999996
15719,feedback_development,1,0.7082090105168,0.5700429316061935,0.6219539378762078,0.5450905772565253,0.5127030577095604,0.6941176470588235,0.1575,0.4588235294117647,0.768016666666663
15719,feedback_development,2,0.8447528552724256,0.8235645935996689,0.8390164081205892,0.690505073505391,0.3938950474900909,0.75,0.0775,0.3333333333333333,0.8201316666666645
15719,feedback_development,3,0.8868407691528813,0.9204090111988432,0.9244012158963779,0.7763760617701138,0.31068047980368735,0.8571428571428571,0.05416666666666667,0.22857142857142856,0.9050474999999994
15719,feedback_development,4,0.90439731264061,0.95,0.95,0.8523685739147764,0.22739737793293485,0.9390243902439024,0.04,0.15853658536585366,0.9230049999999992
15719,feedback_development,5,0.9105203144285532,0.95,0.95,0.9025370980384424,0.18382087287296894,0.8505747126436781,0.029166666666666667,0.20689655172413793,0.9000758333333333
15719,feedback_development,6,0.913461808330957,0.95,0.95,0.935657213977702,0.16245553941565466,0.8426966292134831,0.04083333333333333,0.2247191011235955,0.8875833333333317
15720,static_quality,1,0.58,0.24,0.34,0.4,0.62,0.6707317073170732,0.16666666666666666,0.43902439024390244,0.7810999999999957
15720,static_quality,2,0.58,0.24,0.34,0.4,0.62,0.6632653061224489,0.17083333333333334,0.3877551020408163,0.7702583333333294
15720,static_quality,3,0.58,0.24,0.34,0.4,0.62,0.6,0.18666666666666668,0.5375,0.7423241666666629
15720,static_quality,4,0.58,0.24,0.34,0.4,0.62,0.7604166666666666,0.175,0.3229166666666667,0.8045008333333283
15720,static_quality,5,0.58,0.24,0.34,0.4,0.62,0.6451612903225806,0.1825,0.41935483870967744,0.7628416666666625
15720,static_quality,6,0.58,0.24,0.34,0.4,0.62,0.6666666666666666,0.19,0.44871794871794873,0.7815958333333282
15720,linear_development,1,0.7392457258984032,0.45743581973731673,0.5546495953224815,0.5716598576873552,0.4837705777420907,0.7282608695652174,0.13583333333333333,0.391304347826087,0.7877274999999969
15720,linear_development,2,0.7986855503074064,0.6195936148679743,0.7057560699826324,0.6996791696326119,0.37088075631744355,0.8024691358024691,0.095,0.2716049382716049,0.8664191666666644
15720,linear_development,3,0.8416917025254596,0.7442891427330978,0.8149206723220334,0.798123007420867,0.29360232223352595,0.8369565217391305,0.075,0.2826086956521739,0.8506258333333311
15720,linear_development,4,0.8752454458201092,0.8419989693181669,0.8944889869599959,0.8752623441985532,0.22846034028519915,0.8867924528301887,0.06333333333333334,0.24528301886792453,0.8524541666666651
15720,linear_development,5,0.8925597038724622,0.8905465719197558,0.9312611992347122,0.9135893988840184,0.18720951411027506,0.9473684210526315,0.0525,0.19736842105263158,0.9105299999999986
15720,linear_development,6,0.904337271526835,0.9268663712466501,0.95,0.9422629246684083,0.1587743289928203,0.9156626506024096,0.03333333333333333,0.1927710843373494,0.9091241666666665
15720,interaction_development,1,0.6886075127466522,0.46714349524443954,0.5639366400664106,0.5793238120350839,0.47112400304837543,0.7640449438202247,0.155,0.33707865168539325,0.81388083333333
15720,interaction_development,2,0.8196164592251708,0.6545144017208763,0.737036489743999,0.727248211884903,0.33886398360624803,0.8,0.11416666666666667,0.24210526315789474,0.8571766666666643
15720,interaction_development,3,0.867849128912665,0.7635321158934507,0.8310733601000457,0.8133148283369349,0.29510771229718497,0.8061224489795918,0.058333333333333334,0.35714285714285715,0.8088616666666655
15720,interaction_development,4,0.8955443421226008,0.8438892936492443,0.895960971102917,0.8767547055125617,0.22457735656418662,0.872093023255814,0.050833333333333335,0.19767441860465115,0.9005649999999995
15720,interaction_development,5,0.9058809944430952,0.8905465719197558,0.9312611992347122,0.9135893988840184,0.19688941952171046,0.875,0.03833333333333333,0.2625,0.8827541666666662
15720,interaction_development,6,0.9116925133160841,0.9237196930346957,0.95,0.9397787050273917,0.17423752321244854,0.9102564102564102,0.041666666666666664,0.23076923076923078,0.8974783333333324
15720,feedback_development,1,0.7198248905379245,0.5870299007165755,0.6363650167526331,0.5532299149086869,0.49679400816064556,0.7088607594936709,0.14583333333333334,0.379746835443038,0.8158158333333307
15720,feedback_development,2,0.8595250087451847,0.8479750958982288,0.8602108784611031,0.7085813257939512,0.3546985037195779,0.8913043478260869,0.10666666666666667,0.22826086956521738,0.8689524999999977
15720,feedback_development,3,0.8987582904999203,0.95,0.95,0.8144349393669134,0.26550884353880727,0.8979591836734694,0.043333333333333335,0.23469387755102042,0.8723641666666659
15720,feedback_development,4,0.9063107827570112,0.95,0.95,0.8760107701333619,0.224315712098585,0.8695652173913043,0.050833333333333335,0.2717391304347826,0.8603258333333322
15720,feedback_development,5,0.9113490263290865,0.95,0.95,0.9171539670750877,0.18311757576210358,0.8674698795180723,0.04,0.1927710843373494,0.9074616666666668
15720,feedback_development,6,0.9147011018466518,0.95,0.95,0.9459612854936913,0.14831617806750833,0.9651162790697675,0.03,0.1744186046511628,0.9148849999999993
15721,static_quality,1,0.58,0.24,0.34,0.4,0.62,0.6551724137931034,0.17166666666666666,0.40229885057471265,0.7852683333333289
15721,static_quality,2,0.58,0.24,0.34,0.4,0.62,0.6728971962616822,0.185,0.42990654205607476,0.7273441666666618
15721,static_quality,3,0.58,0.24,0.34,0.4,0.62,0.75,0.20666666666666667,0.375,0.7875183333333285
15721,static_quality,4,0.58,0.24,0.34,0.4,0.62,0.7303370786516854,0.17166666666666666,0.3707865168539326,0.7947516666666629
15721,static_quality,5,0.58,0.24,0.34,0.4,0.62,0.6923076923076923,0.18666666666666668,0.4175824175824176,0.7670533333333291
15721,static_quality,6,0.58,0.24,0.34,0.4,0.62,0.6842105263157895,0.18083333333333335,0.39473684210526316,0.8084924999999961
15721,linear_development,1,0.7397467182658453,0.4508659803259362,0.548348606735042,0.5664731423625811,0.472861841177414,0.7922077922077922,0.13083333333333333,0.2987012987012987,0.8535683333333308
15721,linear_development,2,0.8095879397180747,0.6439606279939396,0.7276362870683408,0.7189162852583739,0.3325328220532752,0.898876404494382,0.09333333333333334,0.19101123595505617,0.8915399999999984
15721,linear_development,3,0.8523702398101434,0.7705415332185253,0.8369035958362429,0.8188485788567308,0.2608628525767988,0.85,0.08333333333333333,0.27,0.8434074999999981
15721,linear_development,4,0.8756386779618932,0.8400857552945104,0.8929961766200218,0.8737519120746139,0.21979881578063873,0.8860759493670886,0.056666666666666664,0.24050632911392406,0.8896824999999988
15721,linear_development,5,0.8900620815514804,0.8918560727333078,0.9322201742441887,0.91462321531577,0.2142986856125009,0.8282828282828283,0.04833333333333333,0.3434343434343434,0.816043333333332
15721,linear_development,6,0.9012729706636794,0.9246323106272286,0.95,0.940499192600444,0.18396035404977318,0.8961038961038961,0.04833333333333333,0.22077922077922077,0.901199166666666
15721,interaction_development,1,0.6689667768606024,0.4374866781976975,0.5354779218282415,0.5559105354192347,0.49986033691932774,0.6705882352941176,0.15666666666666668,0.4117647058823529,0.7886799999999969
15721,interaction_development,2,0.7854414312564988,0.605606733507875,0.6930893058016506,0.6886368948746389,0.3914948502916493,0.8068181818181818,0.10833333333333334,0.32954545454545453,0.8286766666666643
15721,interaction_development,3,0.8549255840345327,0.7284277914265155,0.8014520404437302,0.7856008879683024,0.30532391904472317,0.8809523809523809,0.08333333333333333,0.2619047619047619,0.8689041666666649
15721,interaction_development,4,0.8904345403459191,0.8260286355547277,0.8819380867452655,0.8626541859642591,0.23964252432053537,0.87,0.051666666666666666,0.26,0.8552999999999986
15721,interaction_development,5,0.9050020893530595,0.8823497767962704,0.9252156076667729,0.9071182448391613,0.1911282005672657,0.9375,0.035833333333333335,0.1875,0.9138099999999993
15721,interaction_development,6,0.9110163820886459,0.9194742140215849,0.95,0.9364270110696727,0.1790030865016305,0.8837209302325582,0.04083333333333333,0.26744186046511625,0.8724566666666658
15721,feedback_development,1,0.7282011320569964,0.5978728201754633,0.6455903849515998,0.5585750722067193,0.48282392802186624,0.75,0.16166666666666665,0.32894736842105265,0.8372874999999969
15721,feedback_development,2,0.8510025102948022,0.8291725512023995,0.8438125374446961,0.6942078708059725,0.36852777596646835,0.8705882352941177,0.0925,0.2823529411764706,0.8569133333333313
15721,feedback_development,3,0.8966601114810455,0.9438776670585555,0.9456596457895455,0.8052824337712515,0.2727953085092911,0.8571428571428571,0.049166666666666664,0.23469387755102042,0.8712349999999986
15721,feedback_development,4,0.9058652588107755,0.95,0.95,0.8667254116703038,0.22231735366370953,0.9146341463414634,0.04666666666666667,0.23170731707317074,0.8914958333333328
15721,feedback_development,5,0.9125409588117139,0.95,0.95,0.9191244485937777,0.16421038440387928,0.9285714285714286,0.03333333333333333,0.15306122448979592,0.9139724999999991
15721,feedback_development,6,0.9155805854576398,0.95,0.95,0.9462855177807291,0.13005501787226517,0.9620253164556962,0.029166666666666667,0.13924050632911392,0.935009166666667
15722,static_quality,1,0.58,0.24,0.34,0.4,0.62,0.7191011235955056,0.1875,0.3595505617977528,0.7970508333333283
15722,static_quality,2,0.58,0.24,0.34,0.4,0.62,0.7386363636363636,0.17583333333333334,0.32954545454545453,0.8142183333333286
15722,static_quality,3,0.58,0.24,0.34,0.4,0.62,0.6896551724137931,0.18333333333333332,0.3563218390804598,0.8028891666666624
15722,static_quality,4,0.58,0.24,0.34,0.4,0.62,0.77,0.18833333333333332,0.33,0.7911383333333286
15722,static_quality,5,0.58,0.24,0.34,0.4,0.62,0.6826923076923077,0.18,0.41346153846153844,0.7430474999999956
15722,static_quality,6,0.58,0.24,0.34,0.4,0.62,0.6629213483146067,0.16666666666666666,0.38202247191011235,0.791175833333329
15722,linear_development,1,0.7497677736505433,0.47667747892453105,0.5730300188808383,0.5868506412562087,0.4482936281040228,0.8414634146341463,0.12916666666666668,0.24390243902439024,0.8690308333333306
15722,linear_development,2,0.8018660803913616,0.6286415285100644,0.7139087953038858,0.7068222593500515,0.36493372229389043,0.7640449438202247,0.0975,0.3595505617977528,0.8154066666666645
15722,linear_development,3,0.8406658526065854,0.7396305564085599,0.8109789515647944,0.7944451761120214,0.2910941830702762,0.8875,0.075,0.2625,0.8751224999999986
15722,linear_development,4,0.8711284508402579,0.8291413687851972,0.8844000723176026,0.8651116069356823,0.2345725638455498,0.8279569892473119,0.055,0.24731182795698925,0.8697908333333318
15722,linear_development,5,0.8898669407343426,0.8851480712022659,0.9272876864653863,0.9093274246333682,0.19922088959299578,0.9090909090909091,0.051666666666666666,0.25,0.8756849999999986
15722,linear_development,6,0.9055188884913552,0.9315509616253417,0.95,0.9459612854936913,0.1559037852966013,0.8962264150943396,0.0425,0.18867924528301888,0.8873241666666662
15722,interaction_development,1,0.6839429944862211,0.45743581973731673,0.5546495953224815,0.5716598576873552,0.4791455904259343,0.7441860465116279,0.1575,0.3488372093023256,0.8133541666666634
15722,interaction_development,2,0.8114847589105105,0.6396493933358092,0.7237827806410643,0.7155126789493237,0.34550575656336224,0.8295454545454546,0.08833333333333333,0.22727272727272727,0.877487499999998
15722,interaction_development,3,0.8577352927807993,0.736477776526928,0.8083046091672872,0.7919561393633647,0.3051487876084754,0.7926829268292683,0.06416666666666666,0.36585365853658536,0.8330074999999986
15722,interaction_development,4,0.8892541938936707,0.8217899335927608,0.878573682898283,0.8593078423100747,0.24211087589075472,0.8809523809523809,0.0525,0.2261904761904762,0.8901541666666665
15722,interaction_development,5,0.9033072037733432,0.8802064038994222,0.9236228895859602,0.9054261083416495,0.20989303701549575,0.8444444444444444,0.0425,0.26666666666666666,0.8673116666666656
15722,interaction_development,6,0.9103720885565787,0.9204376245250306,0.95,0.9371875983092351,0.1911735330534959,0.8617021276595744,0.02666666666666667,0.2765957446808511,0.8607391666666658
15722,feedback_development,1,0.7597440468710827,0.6532906532714926,0.6927796013146709,0.5868506412562087,0.4591157598256366,0.8021978021978022,0.145,0.31868131868131866,0.8205816666666639
15722,feedback_development,2,0.8741417841656609,0.8817093494185491,0.8898385911760007,0.7369211632896069,0.32538905244757516,0.8571428571428571,0.07333333333333333,0.23469387755102042,0.8657549999999988
15722,feedback_development,3,0.9009497867951456,0.95,0.95,0.8283992407635282,0.25212332579600566,0.8817204301075269,0.0475,0.23655913978494625,0.876281666666665
15722,feedback_development,4,0.9077550370130364,0.95,0.95,0.8880684553012917,0.2140836118344154,0.8775510204081632,0.04083333333333333,0.2755102040816326,0.8525216666666657
15722,feedback_development,5,0.9130865554819072,0.95,0.95,0.9360432706938357,0.16962479149712187,0.8813559322033898,0.035833333333333335,0.211864406779661,0.8632649999999992
15722,feedback_development,6,0.9159246194967199,0.95,0.95,0.95,0.12749297020455108,0.9560439560439561,0.0275,0.13186813186813187,0.9305758333333334
15723,static_quality,1,0.58,0.24,0.34,0.4,0.62,0.71875,0.17333333333333334,0.3854166666666667,0.7750474999999959
15723,static_quality,2,0.58,0.24,0.34,0.4,0.62,0.7282608695652174,0.17333333333333334,0.358695652173913,0.7947941666666618
15723,static_quality,3,0.58,0.24,0.34,0.4,0.62,0.6666666666666666,0.18166666666666667,0.35714285714285715,0.8082433333333285
15723,static_quality,4,0.58,0.24,0.34,0.4,0.62,0.6710526315789473,0.16916666666666666,0.47368421052631576,0.7809241666666633
15723,static_quality,5,0.58,0.24,0.34,0.4,0.62,0.7264150943396226,0.17333333333333334,0.39622641509433965,0.7495341666666623
15723,static_quality,6,0.58,0.24,0.34,0.4,0.62,0.7525773195876289,0.16333333333333333,0.3402061855670103,0.7971033333333295
15723,linear_development,1,0.7480025212900444,0.4735185904673351,0.5700201600008442,0.5843567819478961,0.4564429487013667,0.7738095238095238,0.1125,0.27380952380952384,0.8575141666666642
15723,linear_development,2,0.8010334582854676,0.6263999280785356,0.7118920395809525,0.7050525747988445,0.36683541593006996,0.8023255813953488,0.09333333333333334,0.3372093023255814,0.8317833333333309
15723,linear_development,3,0.8479506414257363,0.7592241015100749,0.8274756506675646,0.8099137643500592,0.27327407437782836,0.9157894736842105,0.07416666666666667,0.23157894736842105,0.8705466666666647
15723,linear_development,4,0.875066778051158,0.8361895461399697,0.8899468945518524,0.8706759574789238,0.21522403577876492,0.8987341772151899,0.06666666666666667,0.189873417721519,0.9072583333333321
15723,linear_development,5,0.8955928256606358,0.8969392705085022,0.935924141152286,0.9186362661909233,0.1744251477504177,0.8762886597938144,0.0575,0.20618556701030927,0.8839533333333324
15723,linear_development,6,0.905444225942567,0.9290342094982003,0.95,0.9439743759196322,0.1521111954886224,0.8961038961038961,0.0375,0.19480519480519481,0.9132208333333329
15723,interaction_development,1,0.6738153451725092,0.4408617581285113,0.5387295763754438,0.5585750722067193,0.48424666977889125,0.8289473684210527,0.15666666666666668,0.32894736842105265,0.8382924999999966
15723,interaction_development,2,0.7823551481621192,0.5984216061440717,0.6865528856129779,0.6829644259032152,0.38825302212999513,0.7560975609756098,0.10333333333333333,0.32926829268292684,0.8393308333333309
15723,interaction_development,3,0.8587431660080659,0.734887099121658,0.8069532821422831,0.7907003414118358,0.29427632352680033,0.8131868131868132,0.06666666666666667,0.24175824175824176,0.8723449999999993
15723,interaction_development,4,0.8905578625085783,0.823922038827257,0.880267701448169,0.860991083284677,0.2334762353631103,0.8764044943820225,0.05416666666666667,0.23595505617977527,0.8796166666666653
15723,interaction_development,5,0.904225049710322,0.8809251654760256,0.9241575293588584,0.9059935516915996,0.19889739857086894,0.8953488372093024,0.041666666666666664,0.2441860465116279,0.8820841666666659
15723,interaction_development,6,0.9120439174159087,0.9255340096628845,0.95,0.9412110602601723,0.17102981664041883,0.8910891089108911,0.024166666666666666,0.22772277227722773,0.875971666666666
15723,feedback_development,1,0.7769946171059987,0.689442489179727,0.7236057224851681,0.6062703160754,0.44485641600166675,0.7843137254901961,0.15583333333333332,0.3137254901960784,0.8031033333333303
15723,feedback_development,2,0.879141299721012,0.8964455899448581,0.9029066864123161,0.7507912008990129,0.31956860158158057,0.8235294117647058,0.065,0.2549019607843137,0.8523424999999984
15723,feedback_development,3,0.9016684335420895,0.95,0.95,0.8354780320233723,0.24726305727016987,0.898876404494382,0.0375,0.2247191011235955,0.888039166666666
15723,feedback_development,4,0.9090398521914029,0.95,0.95,0.8946058899013944,0.200395247613003,0.8854166666666666,0.041666666666666664,0.22916666666666666,0.8772541666666657
15723,feedback_development,5,0.9133665130927959,0.95,0.95,0.9312536518021686,0.16024943692279078,0.9651162790697675,0.04583333333333333,0.1744186046511628,0.9114641666666652
15723,feedback_development,6,0.9155798666844785,0.95,0.95,0.95,0.13454966970366408,0.9263157894736842,0.03,0.17894736842105263,0.9051008333333325
15724,static_quality,1,0.58,0.24,0.34,0.4,0.62,0.6415094339622641,0.18416666666666667,0.41509433962264153,0.7373499999999957
15724,static_quality,2,0.58,0.24,0.34,0.4,0.62,0.7096774193548387,0.19,0.3655913978494624,0.7862216666666616
15724,static_quality,3,0.58,0.24,0.34,0.4,0.62,0.6979166666666666,0.16916666666666666,0.375,0.7806866666666628
15724,static_quality,4,0.58,0.24,0.34,0.4,0.62,0.7171717171717171,0.17333333333333334,0.3838383838383838,0.7698441666666623
15724,static_quality,5,0.58,0.24,0.34,0.4,0.62,0.6842105263157895,0.18333333333333332,0.4,0.7677574999999951
15724,static_quality,6,0.58,0.24,0.34,0.4,0.62,0.7380952380952381,0.1725,0.38095238095238093,0.7997449999999959
15724,linear_development,1,0.7531349863370533,0.4860408785092779,0.5819337703478197,0.5942427988231141,0.44188424447017993,0.8928571428571429,0.13833333333333334,0.2261904761904762,0.8721808333333299
15724,linear_development,2,0.8059515613330084,0.6374742387684197,0.7218356300514243,0.7137954516592794,0.3497571173076149,0.8333333333333334,0.10416666666666667,0.30952380952380953,0.8441016666666641
15724,linear_development,3,0.8413559995066,0.7442891427330978,0.8149206723220334,0.798123007420867,0.29679949384171167,0.7954545454545454,0.06333333333333334,0.3409090909090909,0.8335074999999983
15724,linear_development,4,0.8708830722867497,0.831185521449051,0.8860128069086998,0.8667254116703038,0.24218019443996164,0.8829787234042553,0.06333333333333334,0.26595744680851063,0.8575808333333318
15724,linear_development,5,0.893954504298409,0.895691321478673,0.9350175712893436,0.9176510432726371,0.18688846653199695,0.8811881188118812,0.04833333333333333,0.2079207920792079,0.8811249999999988
15724,linear_development,6,0.9037458661877381,0.9281748939291689,0.95,0.9432959688914495,0.16674832769930253,0.9125,0.04666666666666667,0.225,0.8963316666666659
15724,interaction_development,1,0.6479613880763098,0.4061792726914087,0.5051619077973627,0.5311941626511121,0.5255997908666132,0.6666666666666666,0.19583333333333333,0.47435897435897434,0.7705324999999961
15724,interaction_development,2,0.79954395297182,0.6241447968596938,0.7098610670503046,0.7032722080471273,0.36845961655786647,0.8252427184466019,0.11583333333333333,0.2621359223300971,0.8364733333333302
15724,interaction_development,3,0.8616746104846462,0.7427456164316879,0.8136159842115139,0.7969044340250171,0.29207354781191674,0.8390804597701149,0.056666666666666664,0.27586206896551724,0.8642791666666652
15724,interaction_development,4,0.8901950567877324,0.830166520572486,0.8852092718113794,0.8659209372940683,0.2515376085103764,0.801980198019802,0.05333333333333334,0.31683168316831684,0.825068333333332
15724,interaction_development,5,0.9040928213312189,0.8885525297086495,0.929797236937012,0.9120151550331449,0.2176058807843305,0.8556701030927835,0.043333333333333335,0.27835051546391754,0.8521624999999986
15724,interaction_development,6,0.911864381644639,0.9246323106272286,0.95,0.940499192600444,0.17271841121669373,0.935064935064935,0.0325,0.15584415584415584,0.9293633333333332
15724,feedback_development,1,0.7507810528146165,0.6387168932160282,0.6803835361466798,0.5793238120350839,0.46847626379961615,0.7142857142857143,0.15916666666666668,0.3516483516483517,0.8021474999999967
15724,feedback_development,2,0.8681082784893168,0.8687889312482078,0.8784525731231032,0.7256018228218339,0.34123420671190324,0.8404255319148937,0.065,0.24468085106382978,0.8674433333333317
15724,feedback_development,3,0.9003345694203377,0.95,0.95,0.8166550397523277,0.24890585345532973,0.9873417721518988,0.0375,0.1518987341772152,0.9282708333333333
15724,feedback_development,4,0.9087760415411159,0.95,0.95,0.8846492094585106,0.19552082158098452,0.9183673469387755,0.03666666666666667,0.21428571428571427,0.883475833333333
15724,feedback_development,5,0.9121272437820287,0.95,0.95,0.9191244485937777,0.17151783338947424,0.8947368421052632,0.04833333333333333,0.2236842105263158,0.9007008333333325
15724,feedback_development,6,0.9143809104467875,0.95,0.95,0.9429536910376756,0.15177675265403823,0.9305555555555556,0.03833333333333333,0.19444444444444445,0.9182499999999989
15725,static_quality,1,0.58,0.24,0.34,0.4,0.62,0.7191011235955056,0.16083333333333333,0.4044943820224719,0.782201666666663
15725,static_quality,2,0.58,0.24,0.34,0.4,0.62,0.7526881720430108,0.17583333333333334,0.3010752688172043,0.8189758333333287
15725,static_quality,3,0.58,0.24,0.34,0.4,0.62,0.717391304347826,0.19,0.3695652173913043,0.7862466666666614
15725,static_quality,4,0.58,0.24,0.34,0.4,0.62,0.7078651685393258,0.1675,0.39325842696629215,0.7860549999999958
15725,static_quality,5,0.58,0.24,0.34,0.4,0.62,0.8108108108108109,0.18416666666666667,0.2972972972972973,0.8479383333333284
15725,static_quality,6,0.58,0.24,0.34,0.4,0.62,0.7362637362637363,0.16416666666666666,0.34065934065934067,0.8067574999999966
15725,linear_development,1,0.7604041337553124,0.5072424708175737,0.601993809350567,0.6109808980138739,0.4306539995599922,0.8333333333333334,0.125,0.25,0.8499908333333305
15725,linear_development,2,0.8212596302919443,0.6785846889680582,0.7582945347809318,0.7462510702379412,0.3139909578731759,0.8695652173913043,0.09916666666666667,0.22826086956521738,0.8704299999999978
15725,linear_development,3,0.8501086535386624,0.7691564720508303,0.835753872946871,0.8177551095138137,0.2787735160480638,0.8095238095238095,0.065,0.34523809523809523,0.837732499999998
15725,linear_development,4,0.8758443812552414,0.8466824601271845,0.8981305326578947,0.8789598369425147,0.23477872253481735,0.851063829787234,0.05583333333333333,0.2765957446808511,0.8543066666666652
15725,linear_development,5,0.8946334849246071,0.900594247199925,0.9385686687267905,0.9215217741052045,0.19274673836899425,0.8602150537634409,0.0425,0.22580645161290322,0.8821824999999992
15725,linear_development,6,0.9020516181053392,0.9307221210819664,0.95,0.9453069376962897,0.18744221967978764,0.8604651162790697,0.0275,0.3023255813953488,0.8603216666666655
15725,interaction_development,1,0.6759451729051732,0.4475512880542618,0.54516476005543,0.563856280042838,0.49197773799790784,0.7142857142857143,0.16333333333333333,0.4175824175824176,0.7722574999999968
15725,interaction_development,2,0.7943244519147981,0.6172973992635556,0.7036818428828121,0.6978663678396498,0.37740604003746814,0.7816091954022989,0.12416666666666666,0.2988505747126437,0.8398724999999971
15725,interaction_development,3,0.8615367998589185,0.7458234078766992,0.8162162276157792,0.7993342693763418,0.30036750534648954,0.7835051546391752,0.0775,0.29896907216494845,0.8346041666666647
15725,interaction_development,4,0.8952935235681627,0.8448259578873488,0.8966892443051965,0.8774941772794864,0.22958846386745074,0.8623853211009175,0.0375,0.24770642201834864,0.8532708333333318
15725,interaction_development,5,0.9085512385325434,0.9011906817167255,0.938998688045703,0.9219926434605733,0.18032336837552518,0.9354838709677419,0.04083333333333333,0.1935483870967742,0.8971816666666661
15725,interaction_development,6,0.9143240334075697,0.9359354795559651,0.95,0.9494227470178676,0.14599169600351555,0.9302325581395349,0.04416666666666667,0.16279069767441862,0.916996666666666
15725,feedback_development,1,0.8034151852090301,0.7262730469664718,0.75506502115842,0.6270285252580927,0.40958825969734275,0.8725490196078431,0.14333333333333334,0.22549019607843138,0.850919166666664
15725,feedback_development,2,0.8900296297435346,0.9186772885339759,0.9227475939007103,0.7736682284553535,0.2754391747935963,0.900990099009901,0.05416666666666667,0.1782178217821782,0.8943716666666658
15725,feedback_development,3,0.905354218155893,0.95,0.95,0.8487716278461476,0.213119432466338,0.9146341463414634,0.03666666666666667,0.18292682926829268,0.9136566666666668
15725,feedback_development,4,0.9116858943303118,0.95,0.95,0.9120151550331449,0.17275269807481058,0.8956521739130435,0.041666666666666664,0.21739130434782608,0.8623158333333318
15725,feedback_development,5,0.9137522194548279,0.95,0.95,0.9386815826595585,0.15850858775653845,0.8860759493670886,0.041666666666666664,0.24050632911392406,0.8927649999999988
15725,feedback_development,6,0.9149701316318539,0.95,0.95,0.95,0.14670270193070303,0.9122807017543859,0.03666666666666667,0.21929824561403508,0.8632349999999989
15726,static_quality,1,0.58,0.24,0.34,0.4,0.62,0.7176470588235294,0.195,0.38823529411764707,0.7901099999999961
15726,static_quality,2,0.58,0.24,0.34,0.4,0.62,0.6627906976744186,0.20333333333333334,0.43023255813953487,0.7687941666666621
15726,static_quality,3,0.58,0.24,0.34,0.4,0.62,0.6703296703296703,0.1825,0.3626373626373626,0.7930083333333283
15726,static_quality,4,0.58,0.24,0.34,0.4,0.62,0.6979166666666666,0.19583333333333333,0.3854166666666667,0.7699666666666616
15726,static_quality,5,0.58,0.24,0.34,0.4,0.62,0.6666666666666666,0.17916666666666667,0.4567901234567901,0.7735049999999959
15726,static_quality,6,0.58,0.24,0.34,0.4,0.62,0.6868686868686869,0.185,0.42424242424242425,0.747234166666663
15726,linear_development,1,0.7609596871967078,0.5131378218967122,0.6075463937163172,0.6156351225500359,0.43083907922025017,0.8235294117647058,0.135,0.27450980392156865,0.8274341666666639
15726,linear_development,2,0.8113398566848935,0.6545144017208763,0.737036489743999,0.727248211884903,0.344133801588887,0.8125,0.085,0.2875,0.8634774999999981
15726,linear_development,3,0.8510593179063969,0.767763050352948,0.834596045263717,0.8166550397523277,0.26606825054616484,0.8953488372093024,0.06666666666666667,0.23255813953488372,0.8824941666666646
15726,linear_development,4,0.8796943542543691,0.8530070408928029,0.9030185272939882,0.8839529270206343,0.21431797849914666,0.93,0.049166666666666664,0.24,0.8662216666666649
15726,linear_development,5,0.8971827987045305,0.9046948850830575,0.9415163234616792,0.9247591198024144,0.17875319782781246,0.8804347826086957,0.04083333333333333,0.21739130434782608,0.8878999999999995
15726,linear_development,6,0.9077480171407808,0.93967720950097,0.95,0.95,0.14683895101734323,0.9340659340659341,0.04583333333333333,0.16483516483516483,0.9116891666666658
15726,interaction_development,1,0.7184173973330945,0.5012757336955068,0.5963626648884255,0.6062703160754,0.4329551988894013,0.8152173913043478,0.15083333333333335,0.2391304347826087,0.8545058333333301
15726,interaction_development,2,0.8134587583871566,0.6439606279939396,0.7276362870683408,0.7189162852583739,0.3458448185236665,0.8125,0.10333333333333333,0.3,0.8545333333333304
15726,interaction_development,3,0.8704252688426106,0.7606687569010144,0.8286833211128917,0.8110542817639589,0.2681871009769994,0.9186046511627907,0.060833333333333336,0.23255813953488372,0.8832466666666661
15726,interaction_development,4,0.894834665042735,0.8381493744099511,0.8914822454259594,0.872223190323646,0.21949307431606707,0.8588235294117647,0.05,0.23529411764705882,0.8859974999999988
15726,interaction_development,5,0.9069872769327358,0.8872030267203316,0.9288039812798471,0.9109497579371043,0.17282269236960823,0.9565217391304348,0.041666666666666664,0.13043478260869565,0.9424174999999995
15726,interaction_development,6,0.913177564780201,0.9259808056049071,0.95,0.9415637938986113,0.15140474046087762,0.8764044943820225,0.03666666666666667,0.21348314606741572,0.8930733333333325
15726,feedback_development,1,0.7740601494896503,0.6763749793619365,0.7124439855328512,0.5990972779779944,0.4430110754794313,0.7741935483870968,0.14416666666666667,0.27956989247311825,0.8358833333333302
15726,feedback_development,2,0.8606753425132607,0.8546120822740408,0.8660037102157215,0.7137954516592794,0.35452124487961073,0.7682926829268293,0.08333333333333333,0.3170731707317073,0.8485758333333318
15726,feedback_development,3,0.899777891729893,0.95,0.95,0.8199354873835905,0.2585672337907224,0.9081632653061225,0.049166666666666664,0.21428571428571427,0.8808474999999991
15726,feedback_development,4,0.9076479449875039,0.95,0.95,0.8789598369425147,0.2075387738614669,0.8795180722891566,0.03916666666666667,0.20481927710843373,0.9025858333333322
15726,feedback_development,5,0.9122790526849063,0.95,0.95,0.9215217741052045,0.16956610808086753,0.9222222222222223,0.03666666666666667,0.2,0.8984900000000002
15726,feedback_development,6,0.9143833038198894,0.95,0.95,0.9478777307093377,0.1561375645328395,0.8222222222222222,0.034166666666666665,0.24444444444444444,0.8790858333333322
15727,static_quality,1,0.58,0.24,0.34,0.4,0.62,0.7419354838709677,0.18416666666666667,0.3333333333333333,0.8024708333333287
15727,static_quality,2,0.58,0.24,0.34,0.4,0.62,0.8023255813953488,0.17666666666666667,0.32558139534883723,0.8191424999999961
15727,static_quality,3,0.58,0.24,0.34,0.4,0.62,0.6699029126213593,0.17333333333333334,0.42718446601941745,0.7397516666666627
15727,static_quality,4,0.58,0.24,0.34,0.4,0.62,0.6371681415929203,0.19416666666666665,0.4336283185840708,0.7099283333333294
15727,static_quality,5,0.58,0.24,0.34,0.4,0.62,0.7,0.18833333333333332,0.4111111111111111,0.7714374999999953
15727,static_quality,6,0.58,0.24,0.34,0.4,0.62,0.6829268292682927,0.17666666666666667,0.35365853658536583,0.8141399999999956
15727,linear_development,1,0.7471004783525315,0.4735185904673351,0.5700201600008442,0.5843567819478961,0.4650338338205381,0.7666666666666667,0.14333333333333334,0.32222222222222224,0.8212541666666627
15727,linear_development,2,0.8061459799956228,0.6396493933358092,0.7237827806410643,0.7155126789493237,0.35374504344407454,0.8295454545454546,0.09333333333333334,0.2840909090909091,0.8514524999999981
15727,linear_development,3,0.846146292247885,0.7548376029469235,0.8238013191394316,0.806450739168624,0.27893449698940737,0.8588235294117647,0.08166666666666667,0.24705882352941178,0.8738791666666657
15727,linear_development,4,0.8780218145613505,0.8438892936492443,0.895960971102917,0.8767547055125617,0.20687340301376464,0.8913043478260869,0.05,0.18478260869565216,0.900947499999999
15727,linear_development,5,0.8962627597501249,0.8981722890761384,0.9368180634590704,0.919609701902215,0.17363176407530612,0.8681318681318682,0.05583333333333333,0.21978021978021978,0.884782499999999
15727,linear_development,6,0.9060987326934222,0.9335799385296719,0.95,0.9475631093655309,0.15401226033879967,0.9021739130434783,0.03166666666666667,0.22826086956521738,0.8844324999999994
15727,interaction_development,1,0.6725092863069927,0.4408617581285113,0.5387295763754438,0.5585750722067193,0.49098093493116357,0.6626506024096386,0.14583333333333334,0.3855421686746988,0.8059541666666628
15727,interaction_development,2,0.8195154871817119,0.6545144017208763,0.737036489743999,0.727248211884903,0.33942372347146027,0.7636363636363637,0.1,0.2727272727272727,0.8253433333333314
15727,interaction_development,3,0.8771824538605199,0.7813270003022822,0.8458163316999879,0.8273634212912758,0.26111602942454293,0.9019607843137255,0.06416666666666666,0.2549019607843137,0.8527083333333315
15727,interaction_development,4,0.8998334726545874,0.860756800989922,0.9089600498518086,0.8900711586762547,0.21144052677565828,0.8775510204081632,0.043333333333333335,0.23469387755102042,0.8722783333333319
15727,interaction_development,5,0.9094876465567148,0.909719559605706,0.9450992973403093,0.9287259681097684,0.18438410736162225,0.90625,0.04,0.25,0.8679266666666656
15727,interaction_development,6,0.914675327831439,0.9414653069181661,0.95,0.95,0.14356324969998416,0.9166666666666666,0.03333333333333333,0.14285714285714285,0.92912
15727,feedback_development,1,0.7317497792384088,0.6083163979683812,0.6545009151457739,0.563856280042838,0.4886340417220501,0.6666666666666666,0.15166666666666667,0.39080459770114945,0.7947333333333301
15727,feedback_development,2,0.8640533847345129,0.8605324501823702,0.871241586474756,0.7189162852583739,0.35170488428249025,0.8613861386138614,0.085,0.27722772277227725,0.8381291666666649
15727,feedback_development,3,0.8995760696571912,0.95,0.95,0.8220897792125332,0.2650972795147833,0.92,0.051666666666666666,0.24,0.8652941666666653
15727,feedback_development,4,0.9064201604857574,0.95,0.95,0.8789598369425147,0.22537299820991122,0.8522727272727273,0.04,0.2727272727272727,0.8681208333333325
15727,feedback_development,5,0.912433665959468,0.95,0.95,0.9256593016930983,0.17200683786641016,0.9191919191919192,0.03916666666666667,0.18181818181818182,0.8976874999999988
15727,feedback_development,6,0.9127942496984376,0.95,0.95,0.9475631093655309,0.1848822342227342,0.8764044943820225,0.030833333333333334,0.34831460674157305,0.8344899999999991
15728,static_quality,1,0.58,0.24,0.34,0.4,0.62,0.6404494382022472,0.1775,0.449438202247191,0.7591449999999954
15728,static_quality,2,0.58,0.24,0.34,0.4,0.62,0.7011494252873564,0.175,0.3563218390804598,0.8047141666666624
15728,static_quality,3,0.58,0.24,0.34,0.4,0.62,0.6987951807228916,0.18333333333333332,0.42168674698795183,0.782811666666662
15728,static_quality,4,0.58,0.24,0.34,0.4,0.62,0.7564102564102564,0.17416666666666666,0.38461538461538464,0.8098958333333288
15728,static_quality,5,0.58,0.24,0.34,0.4,0.62,0.7040816326530612,0.17666666666666667,0.41836734693877553,0.7542833333333289
15728,static_quality,6,0.58,0.24,0.34,0.4,0.62,0.7454545454545455,0.18333333333333332,0.32727272727272727,0.7775774999999955
15728,linear_development,1,0.7322881861931414,0.4374866781976975,0.5354779218282415,0.5559105354192347,0.49474584282868,0.7530864197530864,0.10666666666666667,0.38271604938271603,0.8192033333333308
15728,linear_development,2,0.8016396113106741,0.6263999280785356,0.7118920395809525,0.7050525747988445,0.3610625299757221,0.8876404494382022,0.10333333333333333,0.23595505617977527,0.8693349999999977
15728,linear_development,3,0.8493038689511652,0.7606687569010144,0.8286833211128917,0.8110542817639589,0.26417903643343543,0.8924731182795699,0.08416666666666667,0.20430107526881722,0.8835633333333311
15728,linear_development,4,0.8749102722108701,0.8391204781634913,0.8922418697079777,0.8729898511817041,0.2242543684734568,0.8241758241758241,0.0725,0.27472527472527475,0.8554949999999978
15728,linear_development,5,0.8962982191158915,0.900594247199925,0.9385686687267905,0.9215217741052045,0.17689212702342852,0.94,0.0425,0.2,0.8873899999999996
15728,linear_development,6,0.9072317364898113,0.9339784588984938,0.95,0.9478777307093377,0.14393488970486587,0.9382716049382716,0.045,0.16049382716049382,0.9217200000000006
15728,interaction_development,1,0.7041333830690084,0.48912463323822225,0.5848602339553849,0.5966773420301754,0.4565707667717097,0.6990291262135923,0.16583333333333333,0.3592233009708738,0.7760516666666633
15728,interaction_development,2,0.8065937727811254,0.6374742387684197,0.7218356300514243,0.7137954516592794,0.36577833094350826,0.8452380952380952,0.10166666666666667,0.32142857142857145,0.839870833333331
15728,interaction_development,3,0.8584457046851441,0.7396305564085599,0.8109789515647944,0.7944451761120214,0.30764458512262577,0.7857142857142857,0.07,0.34523809523809523,0.8363908333333316
15728,interaction_development,4,0.8975203711754852,0.8438892936492443,0.895960971102917,0.8767547055125617,0.20109312710549848,0.9574468085106383,0.05,0.09574468085106383,0.9404383333333326
15728,interaction_development,5,0.9100004651829335,0.901783537626425,0.9394256972293831,0.9224606875998098,0.15811028687029507,0.9139784946236559,0.03166666666666667,0.17204301075268819,0.9093249999999997
15728,interaction_development,6,0.9137504482170293,0.9307221210819664,0.95,0.9453069376962897,0.1484378888224468,0.9342105263157895,0.03666666666666667,0.23684210526315788,0.8986533333333327
15728,feedback_development,1,0.7753686503744726,0.6807623560454577,0.7161935697185189,0.6015026943101264,0.4460262434664717,0.7755102040816326,0.15,0.30612244897959184,0.8146416666666643
15728,feedback_development,2,0.8662999242027065,0.8629381001158197,0.87330056137603,0.7206027875468237,0.34112076486872794,0.8461538461538461,0.06833333333333333,0.24358974358974358,0.8869433333333329
15728,feedback_development,3,0.9018814181614105,0.95,0.95,0.8252729873114703,0.2376819700624906,0.9456521739130435,0.045,0.15217391304347827,0.9168316666666662
15728,feedback_development,4,0.9070657947804331,0.95,0.95,0.8789598369425147,0.21610861119089017,0.8850574712643678,0.035,0.2988505747126437,0.8588416666666658
15728,feedback_development,5,0.9102418117703481,0.95,0.95,0.9141078624907143,0.19865669241439618,0.8607594936708861,0.03666666666666667,0.27848101265822783,0.8788391666666661
15728,feedback_development,6,0.9130866060092702,0.95,0.95,0.9446446664861298,0.17718481299925778,0.8556701030927835,0.04,0.24742268041237114,0.8676124999999996
15729,static_quality,1,0.58,0.24,0.34,0.4,0.62,0.6470588235294118,0.17833333333333334,0.5058823529411764,0.7437358333333288
15729,static_quality,2,0.58,0.24,0.34,0.4,0.62,0.6947368421052632,0.16666666666666666,0.4,0.7712591666666627
15729,static_quality,3,0.58,0.24,0.34,0.4,0.62,0.6904761904761905,0.17583333333333334,0.36904761904761907,0.8042766666666616
15729,static_quality,4,0.58,0.24,0.34,0.4,0.62,0.7241379310344828,0.17833333333333334,0.367816091954023,0.7985958333333291
15729,static_quality,5,0.58,0.24,0.34,0.4,0.62,0.7073170731707317,0.19583333333333333,0.42276422764227645,0.6948716666666622
15729,static_quality,6,0.58,0.24,0.34,0.4,0.62,0.7422680412371134,0.18083333333333335,0.38144329896907214,0.7734583333333285
15729,linear_development,1,0.7495216325396324,0.47667747892453105,0.5730300188808383,0.5868506412562087,0.45063782916031647,0.8313253012048193,0.12916666666666668,0.25301204819277107,0.86401083333333
15729,linear_development,2,0.8112139527885766,0.6503309613423764,0.7333159809948583,0.7239454957966136,0.33412622109978535,0.8111111111111111,0.09333333333333334,0.25555555555555554,0.8615566666666642
15729,linear_development,3,0.8545918138912749,0.7732867743150988,0.8391789537707314,0.8210158744592889,0.2468928988186914,0.8571428571428571,0.05583333333333333,0.2087912087912088,0.8897633333333324
15729,linear_development,4,0.8768264040317387,0.8457570021400247,0.8974124195950601,0.8782292122158095,0.2230519288867161,0.8709677419354839,0.04583333333333333,0.3118279569892473,0.8415808333333319
15729,linear_development,5,0.8944978051277575,0.9011906817167255,0.938998688045703,0.9219926434605733,0.1955362501015016,0.8529411764705882,0.051666666666666666,0.27450980392156865,0.8452324999999988
15729,linear_development,6,0.9027914596878437,0.9327756666049334,0.95,0.9469281578460005,0.18407087504289862,0.8539325842696629,0.04083333333333333,0.2808988764044944,0.8629708333333319
15729,interaction_development,1,0.6784177957670453,0.4508659803259362,0.548348606735042,0.5664731423625811,0.48864442625543003,0.7,0.15333333333333332,0.4,0.7845033333333301
15729,interaction_development,2,0.7842586465455901,0.603226090048164,0.6909257863057912,0.6867574395117091,0.3912189580393395,0.7926829268292683,0.1275,0.34146341463414637,0.830059999999997
15729,interaction_development,3,0.8602621689347913,0.7380589098677665,0.8096464769031162,0.7932044025271845,0.29105104650745267,0.896551724137931,0.08416666666666667,0.20689655172413793,0.888470833333332
15729,interaction_development,4,0.8914487862111722,0.831185521449051,0.8860128069086998,0.8667254116703038,0.24077334182396004,0.8737864077669902,0.05333333333333334,0.2912621359223301,0.8350333333333315
15729,interaction_development,5,0.9063949571775571,0.8905465719197558,0.9312611992347122,0.9135893988840184,0.18935696147334596,0.8876404494382022,0.04416666666666667,0.19101123595505617,0.9020924999999994
15729,interaction_development,6,0.9110303608077449,0.9223300047021068,0.95,0.9386815826595585,0.18327722433014187,0.8395061728395061,0.035833333333333335,0.2962962962962963,0.8689458333333326
15729,feedback_development,1,0.7842479480467165,0.6979264918100192,0.7308526637763388,0.6109808980138739,0.44092230461374143,0.8285714285714286,0.13833333333333334,0.3142857142857143,0.801672499999997
15729,feedback_development,2,0.8721871097746949,0.885103706940684,0.892848245858034,0.74006863849201,0.34764581893870666,0.8,0.0625,0.33,0.8178558333333321
15729,feedback_development,3,0.8996122482297888,0.95,0.95,0.8188485788567308,0.25954190241973907,0.9428571428571428,0.04583333333333333,0.14285714285714285,0.9368224999999996
15729,feedback_development,4,0.9099079649590881,0.95,0.95,0.8867130907186497,0.1793880936047377,0.9318181818181818,0.035833333333333335,0.11363636363636363,0.9387458333333334
15729,feedback_development,5,0.9149192552343954,0.95,0.95,0.9328887742554554,0.13206535373189174,0.9191919191919192,0.03333333333333333,0.12121212121212122,0.9290591666666662
15729,feedback_development,6,0.915810106142426,0.95,0.95,0.95,0.12985217085284914,0.883495145631068,0.03833333333333333,0.21359223300970873,0.8780258333333321
15730,static_quality,1,0.58,0.24,0.34,0.4,0.62,0.6428571428571429,0.16833333333333333,0.42857142857142855,0.7508516666666631
15730,static_quality,2,0.58,0.24,0.34,0.4,0.62,0.686046511627907,0.17416666666666666,0.4186046511627907,0.779486666666663
15730,static_quality,3,0.58,0.24,0.34,0.4,0.62,0.7777777777777778,0.175,0.34444444444444444,0.8049183333333283
15730,static_quality,4,0.58,0.24,0.34,0.4,0.62,0.7424242424242424,0.165,0.30303030303030304,0.861750833333329
15730,static_quality,5,0.58,0.24,0.34,0.4,0.62,0.7352941176470589,0.19,0.35294117647058826,0.7759983333333285
15730,static_quality,6,0.58,0.24,0.34,0.4,0.62,0.6444444444444445,0.1725,0.4222222222222222,0.7702508333333301
15730,linear_development,1,0.7551730608418596,0.4952367461261602,0.5906518488314734,0.6015026943101264,0.4476478526786198,0.7653061224489796,0.1075,0.30612244897959184,0.8237283333333308
15730,linear_development,2,0.8124079734447428,0.656587315310551,0.738877234315791,0.7288847226135935,0.3395114299090514,0.8604651162790697,0.1,0.2558139534883721,0.865154166666664
15730,linear_development,3,0.8599271032910278,0.7890820852981112,0.8521797729349577,0.8334858568142985,0.23734673132329284,0.9072164948453608,0.06833333333333333,0.16494845360824742,0.9015749999999997
15730,linear_development,4,0.8811409700736801,0.853888998647446,0.9036973976029303,0.8846492094585106,0.2027977954833623,0.8902439024390244,0.04833333333333333,0.25609756097560976,0.8812083333333323
15730,linear_development,5,0.8985938854765088,0.9035408477859689,0.9406888739420447,0.9238480377257655,0.1624217072965525,0.9518072289156626,0.03916666666666667,0.1686746987951807,0.9179658333333327
15730,linear_development,6,0.9079865873456767,0.9351597305725349,0.95,0.9488103136098964,0.13885968850931782,0.9367088607594937,0.041666666666666664,0.16455696202531644,0.9225525000000007
15730,interaction_development,1,0.6561246819921174,0.4203032171612329,0.5188725697096852,0.5423446451272891,0.5199997184414371,0.5909090909090909,0.1625,0.48863636363636365,0.7473583333333295
15730,interaction_development,2,0.7761623096747062,0.5886374032590268,0.6776206004382158,0.6752400552044955,0.39302310363666654,0.8421052631578947,0.12,0.25,0.8760158333333309
15730,interaction_development,3,0.8603458072241754,0.7380589098677665,0.8096464769031162,0.7932044025271845,0.29044782377671297,0.8737864077669902,0.0625,0.27184466019417475,0.8429824999999983
15730,interaction_development,4,0.886956326790386,0.8141221924636307,0.8724536357375947,0.8532543624712877,0.24347316919084958,0.9102564102564102,0.0475,0.2692307692307692,0.8812016666666658
15730,interaction_development,5,0.9015977350739413,0.8688893905069144,0.915135804956547,0.8964916240844065,0.20723792392190077,0.8831168831168831,0.041666666666666664,0.24675324675324675,0.8929049999999995
15730,interaction_development,6,0.911610393751632,0.9204376245250306,0.95,0.9371875983092351,0.1704218052866517,0.8679245283018868,0.03916666666666667,0.2169811320754717,0.8730016666666661
15730,feedback_development,1,0.7356363941648577,0.61368854101386,0.6590498456920275,0.5664731423625811,0.4828064340525617,0.7261904761904762,0.14916666666666667,0.35714285714285715,0.8150641666666639
15730,feedback_development,2,0.8607864713938352,0.8481898772482397,0.8603686381111096,0.7085813257939512,0.3466614684324466,0.8987341772151899,0.07,0.16455696202531644,0.9164399999999998
15730,feedback_development,3,0.8989306487890298,0.947271325828365,0.9487581746882717,0.8099137643500592,0.2563008917516535,0.9431818181818182,0.059166666666666666,0.19318181818181818,0.8988374999999991
15730,feedback_development,4,0.9074608672612674,0.95,0.95,0.8782292122158095,0.20965872384767675,0.86,0.03833333333333333,0.26,0.8579049999999991
15730,feedback_development,5,0.912226602596886,0.95,0.95,0.920571491428657,0.1710815010357567,0.898876404494382,0.041666666666666664,0.20224719101123595,0.897526666666666
15730,feedback_development,6,0.9152746889510799,0.95,0.95,0.9485013215391312,0.1393258385709705,0.9186046511627907,0.0325,0.16279069767441862,0.9196516666666658
15731,static_quality,1,0.58,0.24,0.34,0.4,0.62,0.7204301075268817,0.20416666666666666,0.44086021505376344,0.7484591666666618
15731,static_quality,2,0.58,0.24,0.34,0.4,0.62,0.6702127659574468,0.1925,0.40425531914893614,0.7660908333333288
15731,static_quality,3,0.58,0.24,0.34,0.4,0.62,0.7710843373493976,0.17416666666666666,0.3253012048192771,0.8247999999999959
15731,static_quality,4,0.58,0.24,0.34,0.4,0.62,0.6931818181818182,0.19,0.38636363636363635,0.7862433333333293
15731,static_quality,5,0.58,0.24,0.34,0.4,0.62,0.7,0.17916666666666667,0.3375,0.8235541666666613
15731,static_quality,6,0.58,0.24,0.34,0.4,0.62,0.6326530612244898,0.19583333333333333,0.4387755102040816,0.740244999999996
15731,linear_development,1,0.7492434614278417,0.4798174140509839,0.5760188087486724,0.5893295374086714,0.4618946989907876,0.8041237113402062,0.12666666666666668,0.35051546391752575,0.7996108333333304
15731,linear_development,2,0.8133388815527419,0.6586477914186877,0.7407050936755805,0.7305114142779119,0.3361606655365423,0.8478260869565217,0.1025,0.2391304347826087,0.8642533333333311
15731,linear_development,3,0.8473335445258252,0.7577707258652665,0.8262594669361174,0.8087663625252105,0.2698640351920216,0.9210526315789473,0.07166666666666667,0.25,0.8860049999999988
15731,linear_development,4,0.8751484874981822,0.8361895461399697,0.8899468945518524,0.8706759574789238,0.21444585056901025,0.891566265060241,0.05416666666666667,0.21686746987951808,0.8948683333333325
15731,linear_development,5,0.8891626704864672,0.8823497767962704,0.9252156076667729,0.9071182448391613,0.19884867228823083,0.8571428571428571,0.04583333333333333,0.2857142857142857,0.8766308333333321
15731,linear_development,6,0.9023941769476598,0.9194742140215849,0.95,0.9364270110696727,0.16405192082783077,0.961038961038961,0.04833333333333333,0.18181818181818182,0.9160999999999999
15731,interaction_development,1,0.696999903123994,0.4735185904673351,0.5700201600008442,0.5843567819478961,0.4593567892117928,0.7701149425287356,0.14166666666666666,0.2988505747126437,0.8365999999999966
15731,interaction_development,2,0.8209500251028329,0.6545144017208763,0.737036489743999,0.727248211884903,0.33141110067724755,0.898876404494382,0.09333333333333334,0.21348314606741572,0.8811799999999992
15731,interaction_development,3,0.8724022843437058,0.7621047443596084,0.8298825378651015,0.8121879560733751,0.25546356100946416,0.8481012658227848,0.050833333333333335,0.21518987341772153,0.9009491666666662
15731,interaction_development,4,0.8967246648805025,0.8419989693181669,0.8944889869599959,0.8752623441985532,0.20630244500246242,0.9204545454545454,0.045,0.22727272727272727,0.886901666666665
15731,interaction_development,5,0.9071327237830557,0.8937910072390518,0.9336336101991549,0.9161507951887257,0.18561014586905605,0.8539325842696629,0.043333333333333335,0.25842696629213485,0.8718191666666651
15731,interaction_development,6,0.9131835146783807,0.9303039447504692,0.95,0.9449767984872129,0.15828991848251908,0.8977272727272727,0.0425,0.20454545454545456,0.8977808333333326
15731,feedback_development,1,0.745369898392862,0.6288774979945627,0.6719947976410674,0.5742298985412311,0.4718635440623996,0.7586206896551724,0.165,0.3448275862068966,0.8116274999999965
15731,feedback_development,2,0.8634666926160111,0.8525042410072302,0.8641526274645714,0.7120678588121523,0.33794960147204833,0.8974358974358975,0.08416666666666667,0.16666666666666666,0.9137408333333317
15731,feedback_development,3,0.8975556005561198,0.9472222428090139,0.948720081382819,0.8099137643500592,0.27196040950165673,0.8969072164948454,0.0525,0.28865979381443296,0.8451916666666652
15731,feedback_development,4,0.9098573801310734,0.95,0.95,0.8880684553012917,0.18146361681185047,0.93,0.03333333333333333,0.12,0.9289741666666667
15731,feedback_development,5,0.9131806559941493,0.95,0.95,0.9252105650835999,0.15818367263557337,0.9294117647058824,0.035,0.21176470588235294,0.898844166666666
15731,feedback_development,6,0.9149384000219724,0.95,0.95,0.9475631093655309,0.14513119909982836,0.9459459459459459,0.03833333333333333,0.20270270270270271,0.9133658333333335
15732,static_quality,1,0.58,0.24,0.34,0.4,0.62,0.7701149425287356,0.17416666666666666,0.3103448275862069,0.8248183333333298
15732,static_quality,2,0.58,0.24,0.34,0.4,0.62,0.711340206185567,0.18916666666666668,0.32989690721649484,0.7963783333333286
15732,static_quality,3,0.58,0.24,0.34,0.4,0.62,0.691358024691358,0.20166666666666666,0.38271604938271603,0.7983824999999949
15732,static_quality,4,0.58,0.24,0.34,0.4,0.62,0.6847826086956522,0.18333333333333332,0.43478260869565216,0.7577291666666627
15732,static_quality,5,0.58,0.24,0.34,0.4,0.62,0.7228915662650602,0.1825,0.3373493975903614,0.8181024999999955
15732,static_quality,6,0.58,0.24,0.34,0.4,0.62,0.7215189873417721,0.18083333333333335,0.35443037974683544,0.8181833333333285
15732,linear_development,1,0.7570064018794279,0.49826532564940323,0.593517285889653,0.6038936781442656,0.4384724622601983,0.8172043010752689,0.12416666666666666,0.25806451612903225,0.84990333333333
15732,linear_development,2,0.8174120793685062,0.6687662059925003,0.7496542471658875,0.7384996363098693,0.32442409548248374,0.8478260869565217,0.09,0.25,0.8620316666666646
15732,linear_development,3,0.8632393121620752,0.7977827687786476,0.8592726192592992,0.8403548174568274,0.2284643753797726,0.9108910891089109,0.07833333333333334,0.18811881188118812,0.8847783333333323
15732,linear_development,4,0.8855388894252556,0.8704579978388897,0.9163197453415982,0.8977299982938607,0.20318498504334212,0.8529411764705882,0.0575,0.27450980392156865,0.8440049999999983
15732,linear_development,5,0.9019048569455459,0.914992447390243,0.9488235227397347,0.9328887742554554,0.1595156306183283,0.8674698795180723,0.04583333333333333,0.1566265060240964,0.9214416666666657
15732,linear_development,6,0.9069565560099535,0.9432004012771991,0.95,0.95,0.1578998678490694,0.8924731182795699,0.034166666666666665,0.27956989247311825,0.8587583333333325
15732,interaction_development,1,0.6840630905204956,0.4541607844439806,0.5515101664878967,0.5690743035084056,0.4693986780110904,0.7662337662337663,0.16666666666666666,0.2857142857142857,0.8512541666666631
15732,interaction_development,2,0.821790480515787,0.6586477914186877,0.7407050936755805,0.7305114142779119,0.32996518072588854,0.8461538461538461,0.11166666666666666,0.25,0.8427424999999977
15732,interaction_development,3,0.8667103287685693,0.7518689632229225,0.8213083925235273,0.8041070762286233,0.2762606708354693,0.8918918918918919,0.075,0.28378378378378377,0.8754824999999983
15732,interaction_development,4,0.8977486309404316,0.8457570021400247,0.8974124195950601,0.8782292122158095,0.2026886763999368,0.9166666666666666,0.03833333333333333,0.17708333333333334,0.9030816666666663
15732,interaction_development,5,0.9077690439408411,0.8937910072390518,0.9336336101991549,0.9161507951887257,0.1733443516768391,0.8974358974358975,0.04583333333333333,0.20512820512820512,0.9065924999999995
15732,interaction_development,6,0.9132708980057629,0.9303039447504692,0.95,0.9449767984872129,0.15668648669671986,0.9111111111111111,0.050833333333333335,0.2222222222222222,0.885579999999999
15732,feedback_development,1,0.7536456724386861,0.6436138324705097,0.6845505040491012,0.5818478691628733,0.4659968561383284,0.7582417582417582,0.15416666666666667,0.34065934065934067,0.8087799999999967
15732,feedback_development,2,0.875489359672228,0.8834874099377357,0.8914048347781294,0.7384996363098693,0.31892215080431063,0.9166666666666666,0.056666666666666664,0.1875,0.8943016666666659
15732,feedback_development,3,0.9029207012197447,0.95,0.95,0.8344849416734128,0.23051531750306775,0.9032258064516129,0.04083333333333333,0.1827956989247312,0.9027549999999999
15732,feedback_development,4,0.9087667887736309,0.95,0.95,0.8958668250346142,0.20573613656871606,0.8623853211009175,0.035,0.29357798165137616,0.8288724999999987
15732,feedback_development,5,0.9103140942887098,0.95,0.95,0.919609701902215,0.20229436814830823,0.828125,0.04666666666666667,0.328125,0.8816133333333319
15732,feedback_development,6,0.9148867903479289,0.95,0.95,0.95,0.1483323796536408,0.9272727272727272,0.030833333333333334,0.15454545454545454,0.9048824999999997
15733,static_quality,1,0.58,0.24,0.34,0.4,0.62,0.69,0.165,0.42,0.7513649999999961
15733,static_quality,2,0.58,0.24,0.34,0.4,0.62,0.6923076923076923,0.19,0.3956043956043956,0.7764333333333281
15733,static_quality,3,0.58,0.24,0.34,0.4,0.62,0.5930232558139535,0.19666666666666666,0.47674418604651164,0.7498791666666622
15733,static_quality,4,0.58,0.24,0.34,0.4,0.62,0.7222222222222222,0.17583333333333334,0.35555555555555557,0.799375833333329
15733,static_quality,5,0.58,0.24,0.34,0.4,0.62,0.6415094339622641,0.17583333333333334,0.4716981132075472,0.7090491666666631
15733,static_quality,6,0.58,0.24,0.34,0.4,0.62,0.5957446808510638,0.18666666666666668,0.48936170212765956,0.7271633333333292
15733,linear_development,1,0.7597688062882482,0.5042680792933337,0.5991881262342065,0.6086326941789476,0.4285764588660291,0.851063829787234,0.12916666666666668,0.24468085106382978,0.85411833333333
15733,linear_development,2,0.817472378905543,0.6707536087565452,0.7514066674357263,0.74006863849201,0.3291586393933954,0.8333333333333334,0.09,0.2916666666666667,0.8370374999999981
15733,linear_development,3,0.8578453928991887,0.7890820852981112,0.8521797729349577,0.8334858568142985,0.2571725445789034,0.8415841584158416,0.060833333333333336,0.26732673267326734,0.8484966666666655
15733,linear_development,4,0.8829434089157943,0.8624227066228786,0.910230148196326,0.891386347333852,0.20743530771692056,0.8924731182795699,0.05,0.23655913978494625,0.8756966666666659
15733,linear_development,5,0.8991654305618233,0.9113348767458158,0.9462441605238129,0.9300012184835392,0.17648091706913643,0.8842105263157894,0.041666666666666664,0.23157894736842105,0.8777916666666664
15733,linear_development,6,0.9067369263670831,0.9411119787909116,0.95,0.95,0.15790315624726203,0.8977272727272727,0.04666666666666667,0.22727272727272727,0.8863408333333324
15733,interaction_development,1,0.6885534563665633,0.46392705758997943,0.5608626788181376,0.5767845191499837,0.4742335499290225,0.7111111111111111,0.14666666666666667,0.35555555555555557,0.8056574999999968
15733,interaction_development,2,0.8030823108823317,0.6286415285100644,0.7139087953038858,0.7068222593500515,0.36173279905173283,0.7764705882352941,0.11083333333333334,0.2823529411764706,0.8528891666666645
15733,interaction_development,3,0.8691376340703916,0.7577707258652665,0.8262594669361174,0.8087663625252105,0.2714952465288025,0.8829787234042553,0.06583333333333333,0.24468085106382978,0.8670616666666655
15733,interaction_development,4,0.8962497454213365,0.8410452407627433,0.8937452033836817,0.8745094006021662,0.20973870157084673,0.9195402298850575,0.056666666666666664,0.19540229885057472,0.8993383333333319
15733,interaction_development,5,0.9094397629991504,0.9035408477859689,0.9406888739420447,0.9238480377257655,0.1713806035648991,0.8666666666666667,0.04,0.20952380952380953,0.8776699999999991
15733,interaction_development,6,0.9143501019526582,0.9370817357936861,0.95,0.95,0.14705407080823385,0.9325842696629213,0.03333333333333333,0.20224719101123595,0.8988066666666664
15733,feedback_development,1,0.7532321406185097,0.6436581592827746,0.6845818430471151,0.5818478691628733,0.4678063036109532,0.7608695652173914,0.135,0.34782608695652173,0.8079091666666636
15733,feedback_development,2,0.8467724604375081,0.8240242510823985,0.839351515361822,0.690505073505391,0.3829861044018878,0.8513513513513513,0.08833333333333333,0.32432432432432434,0.8577058333333315
15733,feedback_development,3,0.8974036235037781,0.9478277963534684,0.9493034049458354,0.8110542817639589,0.27558587384519706,0.8636363636363636,0.049166666666666664,0.2545454545454545,0.8459616666666654
15733,feedback_development,4,0.9093196510286905,0.95,0.95,0.8894076043020671,0.19131740409544756,0.9622641509433962,0.04416666666666667,0.16037735849056603,0.9017349999999993
15733,feedback_development,5,0.9134149552992538,0.95,0.95,0.9274274849956473,0.15589058914171608,0.9186046511627907,0.041666666666666664,0.18604651162790697,0.9072641666666665
15733,feedback_development,6,0.9146452121077583,0.95,0.95,0.95,0.153014762923467,0.8409090909090909,0.03666666666666667,0.25,0.8785574999999991
15734,static_quality,1,0.58,0.24,0.34,0.4,0.62,0.7333333333333333,0.1825,0.34285714285714286,0.7774208333333297
15734,static_quality,2,0.58,0.24,0.34,0.4,0.62,0.7096774193548387,0.18583333333333332,0.34408602150537637,0.7972158333333292
15734,static_quality,3,0.58,0.24,0.34,0.4,0.62,0.6144578313253012,0.18166666666666667,0.46987951807228917,0.7634116666666622
15734,static_quality,4,0.58,0.24,0.34,0.4,0.62,0.6538461538461539,0.17666666666666667,0.4230769230769231,0.7944458333333292
15734,static_quality,5,0.58,0.24,0.34,0.4,0.62,0.6976744186046512,0.18916666666666668,0.4186046511627907,0.7766016666666624
15734,static_quality,6,0.58,0.24,0.34,0.4,0.62,0.7717391304347826,0.16833333333333333,0.3804347826086957,0.7856633333333295
15734,linear_development,1,0.7583748879001762,0.5012757336955068,0.5963626648884255,0.6062703160754,0.433671687038607,0.8229166666666666,0.12333333333333334,0.2708333333333333,0.8399574999999967
15734,linear_development,2,0.8169857553477426,0.6687662059925003,0.7496542471658875,0.7384996363098693,0.3284843242516603,0.851063829787234,0.08166666666666667,0.2765957446808511,0.8489941666666643
15734,linear_development,3,0.8620426384808564,0.7965621416284181,0.8582805833426981,0.8393911644434883,0.23668495150168675,0.9405940594059405,0.06583333333333333,0.19801980198019803,0.8825899999999982
15734,linear_development,4,0.8843346141353412,0.8640686813608425,0.9114825273988391,0.8926858010743498,0.19838354187840046,0.872093023255814,0.0525,0.22093023255813954,0.8898349999999984
15734,linear_development,5,0.8997564584996754,0.9113348767458158,0.9462441605238129,0.9300012184835392,0.17085207956578177,0.9340659340659341,0.041666666666666664,0.21978021978021978,0.8875949999999998
15734,linear_development,6,0.90721545178829,0.9407565178983014,0.95,0.95,0.15299031039077632,0.9186046511627907,0.0325,0.22093023255813954,0.8945674999999991
15734,interaction_development,1,0.7062007912288257,0.48912463323822225,0.5848602339553849,0.5966773420301754,0.4578570765753251,0.7227722772277227,0.155,0.3465346534653465,0.7882866666666627
15734,interaction_development,2,0.8186048433881417,0.656587315310551,0.738877234315791,0.7288847226135935,0.3496045745336358,0.7978723404255319,0.08833333333333333,0.2978723404255319,0.8379724999999975
15734,interaction_development,3,0.8746753658359185,0.775999171347193,0.8414225681866759,0.823157240537258,0.2698706026052102,0.8645833333333334,0.060833333333333336,0.2604166666666667,0.8580291666666647
15734,interaction_development,4,0.8979168137541665,0.8503290967631745,0.9009530676403956,0.8818387606025068,0.21128101095671092,0.8705882352941177,0.04833333333333333,0.21176470588235294,0.8960208333333327
15734,interaction_development,5,0.9101472617933146,0.9064001047850562,0.942735903628434,0.9261053458829397,0.16618365558834408,0.9166666666666666,0.041666666666666664,0.1875,0.8975258333333329
15734,interaction_development,6,0.9153225344012043,0.9421656159861972,0.95,0.95,0.132575383746206,0.8947368421052632,0.041666666666666664,0.15789473684210525,0.9123799999999991
15734,feedback_development,1,0.7559977487074288,0.6533036658556228,0.6927888163580594,0.5868506412562087,0.4628931107371654,0.7096774193548387,0.15833333333333333,0.3333333333333333,0.8080599999999966
15734,feedback_development,2,0.8589743792295409,0.847952571238242,0.8601943466213245,0.7085813257939512,0.3582458804980105,0.8125,0.07666666666666666,0.275,0.8702091666666646
15734,feedback_development,3,0.9009519731600031,0.95,0.95,0.8220897792125332,0.2463565436690904,0.8877551020408163,0.04666666666666667,0.16326530612244897,0.9063775000000001
15734,feedback_development,4,0.9071547295328914,0.95,0.95,0.8774941772794864,0.21350143497337357,0.9294117647058824,0.04583333333333333,0.27058823529411763,0.8718458333333323
15734,feedback_development,5,0.9114937885748184,0.95,0.95,0.9151354760238753,0.1788594940939424,0.8571428571428571,0.0375,0.2077922077922078,0.9084958333333327
15734,feedback_development,6,0.914160894448423,0.95,0.95,0.9432959688914495,0.15626661513352622,0.9186046511627907,0.03166666666666667,0.22093023255813954,0.8946108333333332
15735,static_quality,1,0.58,0.24,0.34,0.4,0.62,0.6941176470588235,0.18416666666666667,0.43529411764705883,0.7725974999999957
15735,static_quality,2,0.58,0.24,0.34,0.4,0.62,0.7093023255813954,0.19,0.4069767441860465,0.7814216666666624
15735,static_quality,3,0.58,0.24,0.34,0.4,0.62,0.7555555555555555,0.17416666666666666,0.3333333333333333,0.8098291666666622
15735,static_quality,4,0.58,0.24,0.34,0.4,0.62,0.7047619047619048,0.195,0.4095238095238095,0.7400841666666628
15735,static_quality,5,0.58,0.24,0.34,0.4,0.62,0.717391304347826,0.19666666666666666,0.3804347826086957,0.7797249999999953
15735,static_quality,6,0.58,0.24,0.34,0.4,0.62,0.6666666666666666,0.17416666666666666,0.4222222222222222,0.7701658333333291
15735,linear_development,1,0.7377935298349831,0.4475512880542618,0.54516476005543,0.563856280042838,0.48234823448602415,0.8227848101265823,0.11916666666666667,0.3291139240506329,0.8412266666666633
15735,linear_development,2,0.797527556918668,0.6195936148679743,0.7057560699826324,0.6996791696326119,0.3819092647816193,0.8421052631578947,0.10416666666666667,0.3473684210526316,0.8094099999999972
15735,linear_development,3,0.8451195306501025,0.7503711903651132,0.8200487336591412,0.8029246239724581,0.2791371614179395,0.9186046511627907,0.08166666666666667,0.18604651162790697,0.8988441666666652
15735,linear_development,4,0.8705184669485555,0.8249785065942935,0.8811058275380318,0.861825136784969,0.22963835712152797,0.8961038961038961,0.06416666666666666,0.23376623376623376,0.8929016666666652
15735,linear_development,5,0.8891809677054826,0.8830556781354927,0.9257390984131055,0.9076755353701262,0.2004610956760328,0.8555555555555555,0.041666666666666664,0.25555555555555554,0.8726491666666648
15735,linear_development,6,0.9009720754660482,0.9204376245250306,0.95,0.9371875983092351,0.1793197422052345,0.8588235294117647,0.043333333333333335,0.24705882352941178,0.8823433333333321
15735,interaction_development,1,0.6913835345568332,0.4703406342729729,0.5669890835859458,0.5818478691628733,0.4779188566722989,0.6565656565656566,0.15583333333333332,0.3939393939393939,0.7687074999999968
15735,interaction_development,2,0.7841573314461182,0.6079730931068277,0.6952376806610391,0.690505073505391,0.4034539279731011,0.7654320987654321,0.115,0.38271604938271603,0.8173041666666641
15735,interaction_development,3,0.8584614857534785,0.7380589098677665,0.8096464769031162,0.7932044025271845,0.30383099351640847,0.8522727272727273,0.09,0.23863636363636365,0.8722049999999982
15735,interaction_development,4,0.8893783437894422,0.8228591939912042,0.879423667117995,0.8601519952562143,0.2432979508177951,0.8705882352941177,0.049166666666666664,0.23529411764705882,0.8858474999999983
15735,interaction_development,5,0.9051125488371459,0.8851480712022659,0.9272876864653863,0.9093274246333682,0.1958677399293138,0.8913043478260869,0.04083333333333333,0.21739130434782608,0.8877791666666661
15735,interaction_development,6,0.9123455117085962,0.9259808056049071,0.95,0.9415637938986113,0.16644189472163354,0.8913043478260869,0.03,0.20652173913043478,0.894839166666666
15735,feedback_development,1,0.7450336754520218,0.6338119831300256,0.6762034512992273,0.5767845191499837,0.48293653313001095,0.7291666666666666,0.15083333333333335,0.3958333333333333,0.7746066666666632
15735,feedback_development,2,0.867544988915225,0.8704710137138539,0.8799658916096432,0.727248211884903,0.3490854144224969,0.8484848484848485,0.06916666666666667,0.26262626262626265,0.8517674999999978
15735,feedback_development,3,0.9012342684809833,0.95,0.95,0.8304522722470333,0.2504901135567785,0.9090909090909091,0.0525,0.20202020202020202,0.8848474999999992
15735,feedback_development,4,0.9086790229140804,0.95,0.95,0.888740044569484,0.20072190538015283,0.9101123595505618,0.035,0.21348314606741572,0.8941241666666658
15735,feedback_development,5,0.9119999241999528,0.95,0.95,0.926548713807642,0.1803575340779026,0.8829787234042553,0.03666666666666667,0.26595744680851063,0.8636283333333324
15735,feedback_development,6,0.9135578204023026,0.95,0.95,0.95,0.17335927715986332,0.8888888888888888,0.04083333333333333,0.2777777777777778,0.8625799999999989
15736,static_quality,1,0.58,0.24,0.34,0.4,0.62,0.782051282051282,0.16,0.3717948717948718,0.8176541666666627
15736,static_quality,2,0.58,0.24,0.34,0.4,0.62,0.7066666666666667,0.1675,0.4,0.811760833333329
15736,static_quality,3,0.58,0.24,0.34,0.4,0.62,0.6777777777777778,0.1775,0.4222222222222222,0.7691241666666624
15736,static_quality,4,0.58,0.24,0.34,0.4,0.62,0.6404494382022472,0.185,0.42696629213483145,0.7671433333333291
15736,static_quality,5,0.58,0.24,0.34,0.4,0.62,0.6862745098039216,0.1975,0.35294117647058826,0.7742433333333284
15736,static_quality,6,0.58,0.24,0.34,0.4,0.62,0.7029702970297029,0.19,0.39603960396039606,0.7564358333333291
15736,linear_development,1,0.7668029962937211,0.5218488651495666,0.615730363379738,0.6225122619601843,0.40958676388262183,0.8736842105263158,0.11083333333333334,0.18947368421052632,0.8829591666666647
15736,linear_development,2,0.8246070418075334,0.684335521138749,0.7633349017521196,0.7507912008990129,0.29744217800384853,0.8953488372093024,0.0875,0.19767441860465115,0.8929274999999982
15736,linear_development,3,0.8582987878728403,0.7852395448462418,0.8490315766200464,0.8304522722470333,0.2428301758767464,0.872093023255814,0.0625,0.2558139534883721,0.8732174999999988
15736,linear_development,4,0.8831689529063378,0.8590707231213458,0.9076719816680596,0.888740044569484,0.19673081691757663,0.875,0.0475,0.20454545454545456,0.8965241666666662
15736,linear_development,5,0.8980380213299506,0.9064001047850562,0.942735903628434,0.9261053458829397,0.17735460865296124,0.9130434782608695,0.041666666666666664,0.2608695652173913,0.8673874999999992
15736,linear_development,6,0.9064885592348402,0.9382074829672105,0.95,0.95,0.1573640616830177,0.9111111111111111,0.043333333333333335,0.23333333333333334,0.882188333333332
15736,interaction_development,1,0.673819168059128,0.44421658757974025,0.5419584693408157,0.561223621773479,0.49357309885154593,0.686046511627907,0.145,0.3953488372093023,0.7957124999999972
15736,interaction_development,2,0.7914600671571133,0.6103252545481868,0.6973710168964118,0.6923620430643587,0.37398008847033554,0.8481012658227848,0.1175,0.25316455696202533,0.8712883333333317
15736,interaction_development,3,0.865598335230105,0.7473484674294391,0.8175027140224687,0.8005382637600837,0.273863630445326,0.9230769230769231,0.0575,0.2087912087912088,0.8891591666666653
15736,interaction_development,4,0.8963015914538022,0.8438892936492443,0.895960971102917,0.8767547055125617,0.2157507701410439,0.8666666666666667,0.0475,0.23809523809523808,0.860942499999999
15736,interaction_development,5,0.9073337090426742,0.8912032924882373,0.9317423708400692,0.9141078624907143,0.17668263265349646,0.9459459459459459,0.035833333333333335,0.1891891891891892,0.9183558333333336
15736,interaction_development,6,0.9141395387361575,0.9323698859204561,0.95,0.9466078046740447,0.14372978022755437,0.9166666666666666,0.03166666666666667,0.17708333333333334,0.9049666666666669
15736,feedback_development,1,0.7226429167331251,0.5923786612339497,0.6409307944844853,0.5559105354192347,0.4955096598080416,0.7073170731707317,0.1575,0.3902439024390244,0.8033408333333297
15736,feedback_development,2,0.8517822944613866,0.833959479633313,0.8479955463400854,0.6978663678396498,0.37385440029826017,0.8181818181818182,0.08833333333333333,0.2727272727272727,0.8573299999999981
15736,feedback_development,3,0.8975950491483485,0.9478413144782751,0.9493138927844355,0.8110542817639589,0.2734732755738058,0.8942307692307693,0.0425,0.25,0.8568391666666656
15736,feedback_development,4,0.9063375248634928,0.95,0.95,0.8737519120746139,0.2219309626440764,0.8764044943820225,0.04,0.24719101123595505,0.8777008333333329
15736,feedback_development,5,0.9118265472074151,0.95,0.95,0.9219926434605733,0.17929748953167826,0.8543689320388349,0.04,0.22330097087378642,0.8730133333333324
15736,feedback_development,6,0.9152379839751543,0.95,0.95,0.95,0.1414143777904889,0.9385964912280702,0.034166666666666665,0.17543859649122806,0.8887424999999994
15737,static_quality,1,0.58,0.24,0.34,0.4,0.62,0.6304347826086957,0.20666666666666667,0.4782608695652174,0.7329524999999953
15737,static_quality,2,0.58,0.24,0.34,0.4,0.62,0.6705882352941176,0.19333333333333333,0.4,0.7853174999999959
15737,static_quality,3,0.58,0.24,0.34,0.4,0.62,0.6565656565656566,0.17083333333333334,0.46464646464646464,0.7305324999999958
15737,static_quality,4,0.58,0.24,0.34,0.4,0.62,0.7582417582417582,0.18,0.3626373626373626,0.7931499999999955
15737,static_quality,5,0.58,0.24,0.34,0.4,0.62,0.6818181818181818,0.185,0.38636363636363635,0.7877608333333284
15737,static_quality,6,0.58,0.24,0.34,0.4,0.62,0.6777777777777778,0.17833333333333334,0.4,0.7786741666666627
15737,linear_development,1,0.7417382853688156,0.45743581973731673,0.5546495953224815,0.5716598576873552,0.4719520787584336,0.7721518987341772,0.14166666666666666,0.2911392405063291,0.8512533333333296
15737,linear_development,2,0.7969094402344847,0.6126633030208977,0.699489419778137,0.6942078708059725,0.3691278294670562,0.8181818181818182,0.10583333333333333,0.2727272727272727,0.8692841666666643
15737,linear_development,3,0.8468433629751853,0.7518689632229225,0.8213083925235273,0.8041070762286233,0.2589873112103121,0.9770114942528736,0.07583333333333334,0.14942528735632185,0.9152591666666656
15737,linear_development,4,0.8707138626672268,0.8217899335927608,0.878573682898283,0.8593078423100747,0.21953943339895743,0.8767123287671232,0.06166666666666667,0.2465753424657534,0.8935466666666658
15737,linear_development,5,0.8872979698104719,0.8780239826501794,0.9219962506453824,0.9037031441975104,0.2056474745361958,0.8369565217391305,0.04666666666666667,0.31521739130434784,0.8414816666666655
15737,linear_development,6,0.9008608023654354,0.9209149987778804,0.95,0.9375644727193797,0.18123373468358836,0.8645833333333334,0.0425,0.25,0.8673841666666656
15737,interaction_development,1,0.6889516226014138,0.46392705758997943,0.5608626788181376,0.5767845191499837,0.47227446834174724,0.7816091954022989,0.17833333333333334,0.3333333333333333,0.8137666666666622
15737,interaction_development,2,0.7980034614858522,0.6218760531787664,0.7078157774927539,0.7014810946148162,0.3705272019814753,0.7976190476190477,0.115,0.30952380952380953,0.8420358333333304
15737,interaction_development,3,0.8677462512159507,0.756308577329242,0.8250347099054556,0.8076120347336122,0.2789042670400233,0.9263157894736842,0.06333333333333334,0.23157894736842105,0.8725341666666651
15737,interaction_development,4,0.899074755714307,0.853888998647446,0.9036973976029303,0.8846492094585106,0.2052029470395309,0.8796296296296297,0.050833333333333335,0.21296296296296297,0.8701874999999986
15737,interaction_development,5,0.9097974632000461,0.9058351154779237,0.9423322292330654,0.9256593016930983,0.17070131240585984,0.8913043478260869,0.041666666666666664,0.20652173913043478,0.8924724999999991
15737,interaction_development,6,0.9137829669130553,0.9378344899066504,0.95,0.95,0.15846543636755123,0.8924731182795699,0.035,0.25806451612903225,0.8688966666666651
15737,feedback_development,1,0.7410125195679312,0.6238623138964692,0.667721448639146,0.5716598576873552,0.4802974067080147,0.7727272727272727,0.145,0.36363636363636365,0.80580833333333
15737,feedback_development,2,0.853436352695931,0.8385266456196738,0.8520038650582322,0.7014810946148162,0.37344562809467013,0.8089887640449438,0.08916666666666667,0.3258426966292135,0.8325733333333313
15737,feedback_development,3,0.8959645397677707,0.9402587755745339,0.942368494452465,0.8005382637600837,0.27077577136649195,0.9,0.0475,0.1625,0.9213991666666663
15737,feedback_development,4,0.907792237997916,0.95,0.95,0.8752623441985532,0.20202502331489577,0.9166666666666666,0.04833333333333333,0.1875,0.8961533333333328
15737,feedback_development,5,0.9127909774925587,0.95,0.95,0.9210480624800851,0.1614757089710592,0.9139784946236559,0.0375,0.1827956989247312,0.9032433333333324
15737,feedback_development,6,0.9144605167274256,0.95,0.95,0.9481904643250817,0.15494399995632566,0.8842105263157894,0.035833333333333335,0.2631578947368421,0.8635908333333323
15738,static_quality,1,0.58,0.24,0.34,0.4,0.62,0.7875,0.1825,0.3125,0.8329374999999957
15738,static_quality,2,0.58,0.24,0.34,0.4,0.62,0.6956521739130435,0.15583333333333332,0.37681159420289856,0.833684999999996
15738,static_quality,3,0.58,0.24,0.34,0.4,0.62,0.6355140186915887,0.17083333333333334,0.45794392523364486,0.7154174999999959
15738,static_quality,4,0.58,0.24,0.34,0.4,0.62,0.735632183908046,0.17416666666666666,0.3563218390804598,0.8045366666666628
15738,static_quality,5,0.58,0.24,0.34,0.4,0.62,0.7474747474747475,0.18083333333333335,0.3333333333333333,0.793144166666663
15738,static_quality,6,0.58,0.24,0.34,0.4,0.62,0.7368421052631579,0.165,0.3263157894736842,0.8066641666666629
15738,linear_development,1,0.748244857371249,0.4735185904673351,0.5700201600008442,0.5843567819478961,0.454134986023227,0.8072289156626506,0.13916666666666666,0.26506024096385544,0.8568999999999963
15738,linear_development,2,0.81791420790129,0.6687662059925003,0.7496542471658875,0.7384996363098693,0.31964191897978095,0.86,0.09666666666666666,0.23,0.8604983333333308
15738,linear_development,3,0.856274272155256,0.7813270003022822,0.8458163316999879,0.8273634212912758,0.2518946375292028,0.8695652173913043,0.06416666666666666,0.25,0.8679941666666652
15738,linear_development,4,0.8825199843426084,0.8656949636570413,0.9127174346590978,0.8939697081502962,0.2198108270130225,0.8695652173913043,0.05416666666666667,0.2956521739130435,0.8148141666666647
15738,linear_development,5,0.8965515714949055,0.9069617041563458,0.943136752303035,0.926548713807642,0.19044172745839794,0.8875,0.06,0.2375,0.8885266666666657
15738,linear_development,6,0.9037336594786565,0.9382074829672105,0.95,0.95,0.18212883990259568,0.8865979381443299,0.035,0.29896907216494845,0.8437833333333324
15738,interaction_development,1,0.6985527219960822,0.47667747892453105,0.5730300188808383,0.5868506412562087,0.46053674608640266,0.7528089887640449,0.175,0.30337078651685395,0.824785833333329
15738,interaction_development,2,0.7994235981287527,0.6241447968596938,0.7098610670503046,0.7032722080471273,0.36906964171102297,0.8395061728395061,0.09333333333333334,0.32098765432098764,0.8465399999999983
15738,interaction_development,3,0.8651807085069585,0.7503711903651132,0.8200487336591412,0.8029246239724581,0.2843406038014263,0.8478260869565217,0.0675,0.2608695652173913,0.8617083333333317
15738,interaction_development,4,0.8956110001658404,0.8419989693181669,0.8944889869599959,0.8752623441985532,0.21945735947126205,0.8585858585858586,0.049166666666666664,0.23232323232323232,0.8710791666666656
15738,interaction_development,5,0.9097466937707857,0.9069617041563458,0.943136752303035,0.926548713807642,0.17406358627573973,0.9,0.035833333333333335,0.2,0.8784266666666654
15738,interaction_development,6,0.9141327209144003,0.9389467686409908,0.95,0.95,0.15289291261361887,0.898876404494382,0.043333333333333335,0.21348314606741572,0.8918216666666662
15738,feedback_development,1,0.7621815356556081,0.6623573405663763,0.7005478785561006,0.5917935601842195,0.46828601070721193,0.7523809523809524,0.16333333333333333,0.3904761904761905,0.7564874999999971
15738,feedback_development,2,0.8809799982546391,0.8993326751723245,0.9054959821508674,0.7537727349714571,0.3112106968101379,0.9038461538461539,0.07083333333333333,0.19230769230769232,0.881283333333332
15738,feedback_development,3,0.9014022097956199,0.95,0.95,0.829428845318947,0.2474905684729838,0.8846153846153846,0.050833333333333335,0.21794871794871795,0.9008916666666659
15738,feedback_development,4,0.9079436248692172,0.95,0.95,0.8867130907186497,0.2100724631709991,0.8723404255319149,0.03666666666666667,0.2765957446808511,0.8586516666666658
15738,feedback_development,5,0.9119831458700408,0.95,0.95,0.9252105650835999,0.17946154585291835,0.9333333333333333,0.030833333333333334,0.23333333333333334,0.8845724999999995
15738,feedback_development,6,0.9150705301235721,0.95,0.95,0.95,0.1447295991001075,0.9318181818181818,0.03166666666666667,0.1590909090909091,0.9193366666666666
15739,static_quality,1,0.58,0.24,0.34,0.4,0.62,0.7375,0.195,0.3375,0.8203166666666615
15739,static_quality,2,0.58,0.24,0.34,0.4,0.62,0.6753246753246753,0.1875,0.44155844155844154,0.7871483333333286
15739,static_quality,3,0.58,0.24,0.34,0.4,0.62,0.6741573033707865,0.17583333333333334,0.43820224719101125,0.7643416666666628
15739,static_quality,4,0.58,0.24,0.34,0.4,0.62,0.7402597402597403,0.215,0.36363636363636365,0.8107408333333277
15739,static_quality,5,0.58,0.24,0.34,0.4,0.62,0.7974683544303798,0.175,0.26582278481012656,0.8543341666666622
15739,static_quality,6,0.58,0.24,0.34,0.4,0.62,0.6125,0.1925,0.4875,0.7610549999999958
15739,linear_development,1,0.7626102984979222,0.5101990159926683,0.604779852685113,0.6133150126257907,0.4177196098947889,0.8863636363636364,0.13166666666666665,0.17045454545454544,0.8932424999999973
15739,linear_development,2,0.8154165176948636,0.6606959046701756,0.7425201580198514,0.7321283457922444,0.3218537637692852,0.8902439024390244,0.0925,0.25609756097560976,0.8717466666666642
15739,linear_development,3,0.860684131705086,0.7903475927863225,0.853214514524413,0.8344849416734128,0.2334362708404728,0.87,0.06333333333333334,0.2,0.8825983333333324
15739,linear_development,4,0.8846243900193627,0.860756800989922,0.9089600498518086,0.8900711586762547,0.18717477123834056,0.8809523809523809,0.056666666666666664,0.19047619047619047,0.9047691666666655
15739,linear_development,5,0.9017797580907605,0.9123956662804289,0.9469941082403451,0.9308386839056022,0.15423076232389477,0.9166666666666666,0.0425,0.19791666666666666,0.8923049999999999
15739,linear_development,6,0.9087608465391457,0.9403989113665004,0.95,0.95,0.1367295641292544,0.9375,0.04083333333333333,0.2,0.9077074999999997
15739,interaction_development,1,0.6816811870419633,0.4541607844439806,0.5515101664878967,0.5690743035084056,0.4829367090263823,0.7444444444444445,0.17333333333333334,0.3888888888888889,0.7850983333333297
15739,interaction_development,2,0.8128911202578468,0.6418114969757943,0.7257163011765768,0.7172196028756277,0.3434423174316187,0.8850574712643678,0.1075,0.19540229885057472,0.8881633333333324
15739,interaction_development,3,0.8739720255345431,0.7691564720508303,0.835753872946871,0.8177551095138137,0.2594482252223594,0.9157894736842105,0.060833333333333336,0.23157894736842105,0.8734458333333316
15739,interaction_development,4,0.8971825585676301,0.8448259578873488,0.8966892443051965,0.8774941772794864,0.20740775688099278,0.8536585365853658,0.04083333333333333,0.1951219512195122,0.9072466666666666
15739,interaction_development,5,0.9072896383806627,0.8931499066791265,0.9331657705933081,0.9156446631677321,0.1817799322136137,0.8271604938271605,0.035833333333333335,0.2345679012345679,0.8941908333333332
15739,interaction_development,6,0.9145495688662932,0.9382074829672105,0.95,0.95,0.1430252099551507,0.9459459459459459,0.04416666666666667,0.18018018018018017,0.8864991666666658
15739,feedback_development,1,0.762526589485088,0.657920492265302,0.6967356742012955,0.5893295374086714,0.45641827144998337,0.7849462365591398,0.14416666666666667,0.3225806451612903,0.8155349999999966
15739,feedback_development,2,0.8675200008853664,0.8687583253725035,0.8784299401637762,0.7256018228218339,0.3453551908105793,0.8404255319148937,0.07416666666666667,0.2872340425531915,0.8451124999999984
15739,feedback_development,3,0.900363507047579,0.95,0.95,0.8252729873114703,0.2564019191140308,0.865979381443299,0.0425,0.2268041237113402,0.8771541666666658
15739,feedback_development,4,0.9074790782920722,0.95,0.95,0.8825477280388917,0.21325779289241595,0.8735632183908046,0.03333333333333333,0.2413793103448276,0.8841616666666667
15739,feedback_development,5,0.9121533290093424,0.95,0.95,0.920571491428657,0.1709016252944883,0.9358974358974359,0.0275,0.16666666666666666,0.925863333333333
15739,feedback_development,6,0.9151914959237348,0.95,0.95,0.9475631093655309,0.14013211924397337,0.9146341463414634,0.029166666666666667,0.15853658536585366,0.9251474999999997
15740,static_quality,1,0.58,0.24,0.34,0.4,0.62,0.8144329896907216,0.1675,0.24742268041237114,0.8411966666666626
15740,static_quality,2,0.58,0.24,0.34,0.4,0.62,0.6923076923076923,0.19,0.40384615384615385,0.7461491666666622
15740,static_quality,3,0.58,0.24,0.34,0.4,0.62,0.7922077922077922,0.19,0.2857142857142857,0.8463874999999955
15740,static_quality,4,0.58,0.24,0.34,0.4,0.62,0.6272727272727273,0.18,0.5,0.6832633333333294
15740,static_quality,5,0.58,0.24,0.34,0.4,0.62,0.8,0.19,0.3157894736842105,0.806461666666662
15740,static_quality,6,0.58,0.24,0.34,0.4,0.62,0.6931818181818182,0.1925,0.3977272727272727,0.7804224999999955
15740,linear_development,1,0.7637544535445223,0.5160589949653319,0.6102935689603031,0.6179413118147358,0.4228228896020632,0.8383838383838383,0.12166666666666667,0.24242424242424243,0.8505066666666639
15740,linear_development,2,0.8065376975952316,0.6396493933358092,0.7237827806410643,0.7155126789493237,0.35001439963827674,0.7808219178082192,0.1025,0.3287671232876712,0.8550791666666644
15740,linear_development,3,0.8473414745488459,0.7548376029469235,0.8238013191394316,0.806450739168624,0.26755180840882714,0.8795180722891566,0.08166666666666667,0.2289156626506024,0.8840424999999984
15740,linear_development,4,0.8743134369392283,0.834205986563212,0.8883898209438399,0.8691099893920098,0.2172921117635538,0.9404761904761905,0.05,0.2261904761904762,0.8911149999999992
15740,linear_development,5,0.8937712373386859,0.8918560727333078,0.9322201742441887,0.91462321531577,0.17897339240101962,0.8791208791208791,0.04083333333333333,0.21978021978021978,0.8876824999999995
15740,linear_development,6,0.9033617492548307,0.9268663712466501,0.95,0.9422629246684083,0.1680650172976232,0.9204545454545454,0.041666666666666664,0.26136363636363635,0.8723433333333325
15740,interaction_development,1,0.6995054385679282,0.4798174140509839,0.5760188087486724,0.5893295374086714,0.4645354249425511,0.7575757575757576,0.13416666666666666,0.36363636363636365,0.7877833333333303
15740,interaction_development,2,0.8183806104713984,0.656587315310551,0.738877234315791,0.7288847226135935,0.3508230859014227,0.7878787878787878,0.09416666666666666,0.30303030303030304,0.8264916666666645
15740,interaction_development,3,0.880278444497028,0.7865281075771644,0.850088355583706,0.8314695586135511,0.24595177429070322,0.8645833333333334,0.06833333333333333,0.17708333333333334,0.8967008333333323
15740,interaction_development,4,0.902300122683678,0.8673017891118485,0.9139351137281687,0.8952382545619861,0.1942668371810224,0.93,0.043333333333333335,0.21,0.8822949999999994
15740,interaction_development,5,0.9105858715360116,0.9080748143278193,0.9439300514716553,0.9274274849956473,0.16260184514015388,0.918918918918919,0.035,0.17567567567567569,0.9238974999999996
15740,interaction_development,6,0.91474240605804,0.937459245378924,0.95,0.95,0.13978271997583355,0.8846153846153846,0.03916666666666667,0.1794871794871795,0.9180224999999997
15740,feedback_development,1,0.7390994479138144,0.6188330806104987,0.6634302973272792,0.5690743035084056,0.47839687794764485,0.6904761904761905,0.1475,0.34523809523809523,0.8205374999999971
15740,feedback_development,2,0.8607711779761366,0.850263920920695,0.8622010947343908,0.7103298378391875,0.35134244047895474,0.9069767441860465,0.07833333333333334,0.23255813953488372,0.8797958333333321
15740,feedback_development,3,0.9000552475185406,0.95,0.95,0.8252729873114703,0.2600833683429679,0.8482142857142857,0.05,0.25,0.8458399999999986
15740,feedback_development,4,0.9065657818988575,0.95,0.95,0.8729898511817041,0.21799344883670074,0.8676470588235294,0.049166666666666664,0.22058823529411764,0.9109758333333327
15740,feedback_development,5,0.9113193485778115,0.95,0.95,0.9181451370130013,0.18449925258082822,0.9263157894736842,0.0375,0.23157894736842105,0.8779966666666652
15740,feedback_development,6,0.913381339967003,0.95,0.95,0.9459612854936913,0.17303756961473313,0.8829787234042553,0.034166666666666665,0.26595744680851063,0.8638966666666656
15741,static_quality,1,0.58,0.24,0.34,0.4,0.62,0.7073170731707317,0.195,0.36585365853658536,0.8050724999999959
15741,static_quality,2,0.58,0.24,0.34,0.4,0.62,0.6829268292682927,0.185,0.4024390243902439,0.7926308333333285
15741,static_quality,3,0.58,0.24,0.34,0.4,0.62,0.711340206185567,0.17,0.38144329896907214,0.7756024999999959
15741,static_quality,4,0.58,0.24,0.34,0.4,0.62,0.6395348837209303,0.1675,0.4418604651162791,0.7715049999999956
15741,static_quality,5,0.58,0.24,0.34,0.4,0.62,0.6170212765957447,0.1575,0.44680851063829785,0.7535058333333291
15741,static_quality,6,0.58,0.24,0.34,0.4,0.62,0.7346938775510204,0.18833333333333332,0.3877551020408163,0.7668949999999951
15741,linear_development,1,0.756579017483327,0.49826532564940323,0.593517285889653,0.6038936781442656,0.44254278984211204,0.8041237113402062,0.1225,0.28865979381443296,0.8301866666666637
15741,linear_development,2,0.8135026718685838,0.6586477914186877,0.7407050936755805,0.7305114142779119,0.3346007577666189,0.8823529411764706,0.0875,0.24705882352941178,0.8728483333333319
15741,linear_development,3,0.8411259554731909,0.7411927730701086,0.8123020989038409,0.7956785050553492,0.29083094395128944,0.7794117647058824,0.07666666666666666,0.3235294117647059,0.8701033333333318
15741,linear_development,4,0.8693070672355956,0.8196320109720302,0.8768556967232694,0.8576042191884452,0.22735795321140562,0.9041095890410958,0.06666666666666667,0.1780821917808219,0.917485
15741,linear_development,5,0.8910858794184202,0.8823497767962704,0.9252156076667729,0.9071182448391613,0.1805323967458218,0.8735632183908046,0.055,0.1839080459770115,0.904611666666666
15741,linear_development,6,0.9053174481367199,0.9273051730191701,0.95,0.9426093471203979,0.1502245378850927,0.8811881188118812,0.04083333333333333,0.2079207920792079,0.8826883333333323
15741,interaction_development,1,0.6812085466962705,0.45743581973731673,0.5546495953224815,0.5716598576873552,0.49264430551330723,0.66,0.18083333333333335,0.44,0.7381474999999962
15741,interaction_development,2,0.808934280780526,0.6418114969757943,0.7257163011765768,0.7172196028756277,0.36441604267234584,0.8571428571428571,0.13083333333333333,0.29591836734693877,0.8234958333333302
15741,interaction_development,3,0.8622724842324847,0.7473484674294391,0.8175027140224687,0.8005382637600837,0.2986548590242067,0.8690476190476191,0.06833333333333333,0.30952380952380953,0.8521458333333322
15741,interaction_development,4,0.8894828005093308,0.8260286355547277,0.8819380867452655,0.8626541859642591,0.24946786472989138,0.8837209302325582,0.04583333333333333,0.27906976744186046,0.8665966666666655
15741,interaction_development,5,0.9062218871747969,0.8885525297086495,0.929797236937012,0.9120151550331449,0.18742214104737115,0.9090909090909091,0.04416666666666667,0.1590909090909091,0.9166066666666662
15741,interaction_development,6,0.9132928479523049,0.9281748939291689,0.95,0.9432959688914495,0.15284042596080064,0.9101123595505618,0.0475,0.1797752808988764,0.906149166666666
15741,feedback_development,1,0.7270596143781418,0.6032695410807334,0.6501730449159869,0.561223621773479,0.48485728460538513,0.7468354430379747,0.1475,0.34177215189873417,0.8302999999999967
15741,feedback_development,2,0.8623635717523501,0.8525404095525884,0.8641792490690441,0.7120678588121523,0.34552327222124424,0.875,0.06916666666666667,0.20454545454545456,0.8919774999999991
15741,feedback_development,3,0.8955471379903626,0.9395607671365415,0.9417018465817126,0.7993342693763418,0.27315390269009493,0.875,0.04833333333333333,0.25,0.8861099999999995
15741,feedback_development,4,0.9057031842085941,0.95,0.95,0.8667254116703038,0.2245854328571287,0.9120879120879121,0.045,0.25274725274725274,0.8716433333333323
15741,feedback_development,5,0.9118897593272008,0.95,0.95,0.9166538904175933,0.173423940883558,0.8947368421052632,0.0425,0.17894736842105263,0.9021849999999993
15741,feedback_development,6,0.914391746608248,0.95,0.95,0.9429536910376756,0.1515694336479999,0.9367088607594937,0.03166666666666667,0.20253164556962025,0.9094266666666667
15742,static_quality,1,0.58,0.24,0.34,0.4,0.62,0.7093023255813954,0.165,0.313953488372093,0.826683333333329
15742,static_quality,2,0.58,0.24,0.34,0.4,0.62,0.7228915662650602,0.19416666666666665,0.39759036144578314,0.7904583333333287
15742,static_quality,3,0.58,0.24,0.34,0.4,0.62,0.6551724137931034,0.17666666666666667,0.41379310344827586,0.7790533333333295
15742,static_quality,4,0.58,0.24,0.34,0.4,0.62,0.6818181818181818,0.19,0.375,0.7915208333333282
15742,static_quality,5,0.58,0.24,0.34,0.4,0.62,0.8072289156626506,0.18916666666666668,0.26506024096385544,0.8461466666666618
15742,static_quality,6,0.58,0.24,0.34,0.4,0.62,0.7951807228915663,0.1975,0.30120481927710846,0.8298574999999954
15742,linear_development,1,0.7510212616182692,0.482938509566678,0.5789866770874317,0.5917935601842195,0.4535162552357656,0.7608695652173914,0.12666666666666668,0.30434782608695654,0.8295708333333301
15742,linear_development,2,0.8147349054441317,0.6606959046701756,0.7425201580198514,0.7321283457922444,0.3283453090143494,0.8478260869565217,0.09083333333333334,0.2391304347826087,0.8671283333333313
15742,linear_development,3,0.8447705932372616,0.753357749443585,0.8225592337758626,0.8052824337712515,0.2881461480643984,0.8,0.08333333333333333,0.3375,0.8438241666666646
15742,linear_development,4,0.8784020835788839,0.8476023653664214,0.8988436189292894,0.8796860779208596,0.21277888527481736,0.8888888888888888,0.06166666666666667,0.1919191919191919,0.8882624999999991
15742,linear_development,5,0.8989330376913331,0.9058351154779237,0.9423322292330654,0.9256593016930983,0.16494057315329536,0.9090909090909091,0.043333333333333335,0.1919191919191919,0.8919716666666663
15742,linear_development,6,0.909701478590349,0.9452147593206394,0.95,0.95,0.13377210607921977,0.9279279279279279,0.04,0.1891891891891892,0.8828291666666653
15742,interaction_development,1,0.7131050550480179,0.49826532564940323,0.593517285889653,0.6038936781442656,0.4499378639449934,0.7475728155339806,0.16083333333333333,0.3300970873786408,0.7925349999999961
15742,interaction_development,2,0.8228068802223798,0.6667668068335013,0.7478894734802493,0.7369211632896069,0.35162145836824915,0.7281553398058253,0.08833333333333333,0.33980582524271846,0.8025899999999979
15742,interaction_development,3,0.8746202577841278,0.775999171347193,0.8414225681866759,0.823157240537258,0.2703311078001319,0.8372093023255814,0.058333333333333334,0.23255813953488372,0.8842999999999991
15742,interaction_development,4,0.8951068980241781,0.8429469755022578,0.8952275640512759,0.8760107701333619,0.22743385039989208,0.8974358974358975,0.04416666666666667,0.24358974358974358,0.8923391666666657
15742,interaction_development,5,0.9057874016242924,0.8892212145303976,0.9302886562784529,0.912543064102946,0.19528826627677895,0.88,0.04833333333333333,0.22666666666666666,0.9007499999999992
15742,interaction_development,6,0.9125040591175528,0.9311377883554746,0.95,0.945635096070112,0.17183784065877417,0.8737864077669902,0.041666666666666664,0.23300970873786409,0.8677349999999988
15742,feedback_development,1,0.7323964877764728,0.6083780209624958,0.6545443372006116,0.563856280042838,0.48600914507918674,0.7176470588235294,0.1575,0.3764705882352941,0.8028616666666637
15742,feedback_development,2,0.8625295479769206,0.8565697083940143,0.8677410635110383,0.7155126789493237,0.3532913919914476,0.8541666666666666,0.08833333333333333,0.2604166666666667,0.8525533333333316
15742,feedback_development,3,0.9010845199608654,0.95,0.95,0.8273634212912758,0.24953608857749235,0.8932038834951457,0.04416666666666667,0.1941747572815534,0.8869158333333326
15742,feedback_development,4,0.9084942360107913,0.95,0.95,0.8811255136846144,0.19667501138264537,0.9066666666666666,0.03916666666666667,0.17333333333333334,0.923185000000001
15742,feedback_development,5,0.911849045578434,0.95,0.95,0.9191244485937777,0.17634861399590038,0.872093023255814,0.023333333333333334,0.2558139534883721,0.8813341666666665
15742,feedback_development,6,0.9152165721386714,0.95,0.95,0.95,0.14183999272162812,0.9514563106796117,0.03166666666666667,0.17475728155339806,0.899405833333333
15743,static_quality,1,0.58,0.24,0.34,0.4,0.62,0.7159090909090909,0.20083333333333334,0.4090909090909091,0.773975833333329
15743,static_quality,2,0.58,0.24,0.34,0.4,0.62,0.7790697674418605,0.18666666666666668,0.3488372093023256,0.8069924999999949
15743,static_quality,3,0.58,0.24,0.34,0.4,0.62,0.6923076923076923,0.18416666666666667,0.38461538461538464,0.8074974999999951
15743,static_quality,4,0.58,0.24,0.34,0.4,0.62,0.7558139534883721,0.1775,0.36046511627906974,0.8039408333333291
15743,static_quality,5,0.58,0.24,0.34,0.4,0.62,0.6422018348623854,0.1525,0.42201834862385323,0.7343924999999968
15743,static_quality,6,0.58,0.24,0.34,0.4,0.62,0.6847826086956522,0.1625,0.42391304347826086,0.7673183333333294
15743,linear_development,1,0.7563060587822574,0.49826532564940323,0.593517285889653,0.6038936781442656,0.4451423965189652,0.7843137254901961,0.11,0.3235294117647059,0.8081924999999979
15743,linear_development,2,0.8164607766142733,0.6707536087565452,0.7514066674357263,0.74006863849201,0.33879294692929696,0.803921568627451,0.08666666666666667,0.3137254901960784,0.8179291666666644
15743,linear_development,3,0.8599607330504981,0.7940987389411096,0.856275482600457,0.8374463728482447,0.2500993272422089,0.9108910891089109,0.06666666666666667,0.22772277227722773,0.8670541666666647
15743,linear_development,4,0.8791968104511649,0.8530070408928029,0.9030185272939882,0.8839529270206343,0.21905649091061577,0.8441558441558441,0.059166666666666666,0.2727272727272727,0.8785966666666654
15743,linear_development,5,0.8960749932189829,0.9046948850830575,0.9415163234616792,0.9247591198024144,0.18930372626160016,0.9072164948453608,0.05333333333333334,0.25773195876288657,0.8596724999999988
15743,linear_development,6,0.9054003154076158,0.9385782380694072,0.95,0.95,0.16809904371116083,0.8854166666666666,0.05333333333333334,0.23958333333333334,0.870044166666666
15743,interaction_development,1,0.6707420910988788,0.4408617581285113,0.5387295763754438,0.5585750722067193,0.5000266083913225,0.6483516483516484,0.17166666666666666,0.43956043956043955,0.7601633333333302
15743,interaction_development,2,0.7755592797367671,0.5959975916942372,0.6843432886334118,0.6810507302849247,0.41425833652715316,0.7608695652173914,0.1225,0.41304347826086957,0.7807049999999973
15743,interaction_development,3,0.8563932008556889,0.734887099121658,0.8069532821422831,0.7907003414118358,0.31270293596054893,0.84375,0.06416666666666666,0.2708333333333333,0.8527624999999978
15743,interaction_development,4,0.889986649386197,0.823922038827257,0.880267701448169,0.860991083284677,0.23946235367763302,0.8850574712643678,0.05333333333333334,0.21839080459770116,0.8900316666666661
15743,interaction_development,5,0.9057000578981151,0.8878798085600096,0.9293023534108882,0.9114840593894817,0.19354901163818378,0.90625,0.05,0.21875,0.8805366666666657
15743,interaction_development,6,0.9121376568376169,0.9250845167634653,0.95,0.9408561974448414,0.1686730244756604,0.9310344827586207,0.035833333333333335,0.22988505747126436,0.888693333333333
15743,feedback_development,1,0.7422342692139607,0.6288722217420224,0.6719910915784477,0.5742298985412311,0.4849697676800077,0.6914893617021277,0.15,0.39361702127659576,0.7796858333333301
15743,feedback_development,2,0.8458005138159208,0.8237767187215175,0.8391710578112552,0.690505073505391,0.388242017114131,0.8205128205128205,0.07833333333333334,0.32051282051282054,0.8551133333333314
15743,feedback_development,3,0.8960799108404245,0.9453653545951408,0.9470492050274325,0.8076120347336122,0.28338407844569313,0.9134615384615384,0.058333333333333334,0.2403846153846154,0.8592108333333319
15743,feedback_development,4,0.906232450071253,0.95,0.95,0.8737519120746139,0.22341939800562577,0.8791208791208791,0.04833333333333333,0.23076923076923078,0.8810616666666654
15743,feedback_development,5,0.9116791365527745,0.95,0.95,0.9191244485937777,0.17926694741654112,0.8817204301075269,0.04,0.20430107526881722,0.8926991666666662
15743,feedback_development,6,0.9150293465642814,0.95,0.95,0.9478777307093377,0.14248277085552627,0.9186046511627907,0.0325,0.1511627906976744,0.9241083333333335
15744,static_quality,1,0.58,0.24,0.34,0.4,0.62,0.6808510638297872,0.1775,0.35106382978723405,0.7936683333333292
15744,static_quality,2,0.58,0.24,0.34,0.4,0.62,0.6477272727272727,0.175,0.4318181818181818,0.7696649999999962
15744,static_quality,3,0.58,0.24,0.34,0.4,0.62,0.7272727272727273,0.17166666666666666,0.4090909090909091,0.7801283333333289
15744,static_quality,4,0.58,0.24,0.34,0.4,0.62,0.6666666666666666,0.17916666666666667,0.43209876543209874,0.7836116666666619
15744,static_quality,5,0.58,0.24,0.34,0.4,0.62,0.6385542168674698,0.19916666666666666,0.4457831325301205,0.7694741666666619
15744,static_quality,6,0.58,0.24,0.34,0.4,0.62,0.6333333333333333,0.18083333333333335,0.4777777777777778,0.7432274999999957
15744,linear_development,1,0.7645316520388337,0.5189626409955399,0.613021513977581,0.6202336639438474,0.423344942356648,0.7961165048543689,0.13083333333333333,0.2621359223300971,0.8337033333333304
15744,linear_development,2,0.8183035008182702,0.6746927125813819,0.7548747930183305,0.7431784573010916,0.32455930197527627,0.7865168539325843,0.09916666666666667,0.2696629213483146,0.8554816666666641
15744,linear_development,3,0.857673664955736,0.7852395448462418,0.8490315766200464,0.8304522722470333,0.24878372746821573,0.8636363636363636,0.07166666666666667,0.2159090909090909,0.8860916666666658
15744,linear_development,4,0.8802607051577601,0.8512271221825954,0.9016463961669129,0.8825477280388917,0.20436691155258857,0.8571428571428571,0.03166666666666667,0.2077922077922078,0.9096275000000001
15744,linear_development,5,0.9020875063694981,0.911866867485341,0.9466204514001462,0.930421211172638,0.14997989796766648,0.912621359223301,0.055,0.1553398058252427,0.9044958333333319
15744,linear_development,6,0.907658932201622,0.9438799516763187,0.95,0.95,0.15189012118468054,0.8811881188118812,0.0325,0.25742574257425743,0.8597608333333325
15744,interaction_development,1,0.7059207639368299,0.48912463323822225,0.5848602339553849,0.5966773420301754,0.45918384599047574,0.8058252427184466,0.145,0.3592233009708738,0.7805299999999963
15744,interaction_development,2,0.8164847777157507,0.6524289755743222,0.7351827691278943,0.7256018228218339,0.35077671104770214,0.7912087912087912,0.11,0.2967032967032967,0.8380208333333309
15744,interaction_development,3,0.8741893568184943,0.7705415332185253,0.8369035958362429,0.8188485788567308,0.26095402233299164,0.8735632183908046,0.07,0.20689655172413793,0.8914216666666649
15744,interaction_development,4,0.897297526077554,0.8494256506671776,0.9002548516016069,0.8811255136846144,0.21668320526849938,0.8617021276595744,0.03916666666666667,0.2553191489361702,0.8680616666666663
15744,interaction_development,5,0.9078370305471148,0.8969392705085022,0.935924141152286,0.9186362661909233,0.18192198037260457,0.8875,0.05333333333333334,0.2125,0.9000933333333324
15744,interaction_development,6,0.9134430980586452,0.9319616558555897,0.95,0.9462855177807291,0.1561799235932439,0.9195402298850575,0.0325,0.20689655172413793,0.8992758333333336
15744,feedback_development,1,0.7516597205728098,0.6388758253718001,0.680495879816893,0.5793238120350839,0.4649730048336962,0.8023255813953488,0.15166666666666667,0.313953488372093,0.8289074999999972
15744,feedback_development,2,0.8745005980219914,0.8817648737639632,0.889879893626341,0.7369211632896069,0.32269486533484176,0.85,0.07916666666666666,0.22,0.8692749999999997
15744,feedback_development,3,0.9035516826411949,0.95,0.95,0.8374463728482447,0.22725928316672359,0.9381443298969072,0.03916666666666667,0.17525773195876287,0.9028474999999988
15744,feedback_development,4,0.9097054080264062,0.95,0.95,0.8907307317241973,0.18636427592337937,0.891566265060241,0.04666666666666667,0.20481927710843373,0.9011708333333326
15744,feedback_development,5,0.9134429015872543,0.95,0.95,0.929578690627303,0.1573282070025221,0.9340659340659341,0.04416666666666667,0.1978021978021978,0.8970049999999992
15744,feedback_development,6,0.9149571609580083,0.95,0.95,0.95,0.14607508033660166,0.8666666666666667,0.04083333333333333,0.22666666666666666,0.902695833333333
15745,static_quality,1,0.58,0.24,0.34,0.4,0.62,0.7261904761904762,0.17333333333333334,0.30952380952380953,0.8300283333333287
15745,static_quality,2,0.58,0.24,0.34,0.4,0.62,0.6842105263157895,0.16083333333333333,0.4298245614035088,0.7172208333333299
15745,static_quality,3,0.58,0.24,0.34,0.4,0.62,0.6559139784946236,0.1725,0.43010752688172044,0.7597108333333287
15745,static_quality,4,0.58,0.24,0.34,0.4,0.62,0.6704545454545454,0.17333333333333334,0.42045454545454547,0.774918333333329
15745,static_quality,5,0.58,0.24,0.34,0.4,0.62,0.7,0.18666666666666668,0.35555555555555557,0.7971016666666623
15745,static_quality,6,0.58,0.24,0.34,0.4,0.62,0.7634408602150538,0.20583333333333334,0.34408602150537637,0.7930999999999948
15745,linear_development,1,0.7511442966043554,0.4860408785092779,0.5819337703478197,0.5942427988231141,0.46084319430539783,0.7272727272727273,0.11083333333333334,0.3434343434343434,0.8031441666666641
15745,linear_development,2,0.8169025004752246,0.6687662059925003,0.7496542471658875,0.7384996363098693,0.32927722779945073,0.8631578947368421,0.08333333333333333,0.23157894736842105,0.8688008333333318
15745,linear_development,3,0.8442183701727004,0.753357749443585,0.8225592337758626,0.8052824337712515,0.29340541534593284,0.8333333333333334,0.0625,0.3717948717948718,0.8381958333333318
15745,linear_development,4,0.8747162136057248,0.8391204781634913,0.8922418697079777,0.8729898511817041,0.2261025456653169,0.9010989010989011,0.05416666666666667,0.21978021978021978,0.8849141666666653
15745,linear_development,5,0.8944549428223361,0.8969392705085022,0.935924141152286,0.9186362661909233,0.18526212716279658,0.9166666666666666,0.04666666666666667,0.22916666666666666,0.8760208333333325
15745,linear_development,6,0.9052550760108229,0.937459245378924,0.95,0.95,0.1683632833710859,0.8545454545454545,0.04,0.24545454545454545,0.8528449999999985
15745,interaction_development,1,0.6993770743053449,0.47667747892453105,0.5730300188808383,0.5868506412562087,0.4565333487938954,0.7528089887640449,0.1675,0.30337078651685395,0.8259899999999959
15745,interaction_development,2,0.8213336551673545,0.6586477914186877,0.7407050936755805,0.7305114142779119,0.3397194873335302,0.8282828282828283,0.09416666666666666,0.2828282828282828,0.8364008333333312
15745,interaction_development,3,0.8785850552058423,0.7813270003022822,0.8458163316999879,0.8273634212912758,0.2487591495932169,0.9347826086956522,0.060833333333333336,0.1956521739130435,0.8930299999999992
15745,interaction_development,4,0.8980833115843727,0.8512271221825954,0.9016463961669129,0.8825477280388917,0.21132165182285162,0.8505747126436781,0.04083333333333333,0.26436781609195403,0.8724941666666659
15745,interaction_development,5,0.9089224699401421,0.9023728364006665,0.9398497173487774,0.922925923474211,0.17708886769770452,0.9010989010989011,0.0425,0.23076923076923078,0.8821641666666655
15745,interaction_development,6,0.9144099447910061,0.9370817357936861,0.95,0.95,0.14590236178449695,0.9325842696629213,0.041666666666666664,0.1797752808988764,0.907195
15745,feedback_development,1,0.7288361815234369,0.603113498366299,0.6500631289722122,0.561223621773479,0.49059091099642194,0.7023809523809523,0.13666666666666666,0.38095238095238093,0.8079016666666633
15745,feedback_development,2,0.8398297723484136,0.8078815886296786,0.8253722401388399,0.6791254831840289,0.3913403897542882,0.8133333333333334,0.0925,0.30666666666666664,0.861649166666665
15745,feedback_development,3,0.8939805332211352,0.937502800613126,0.9398549051791425,0.7969044340250171,0.284537725071729,0.86,0.060833333333333336,0.24,0.8633966666666651
15745,feedback_development,4,0.9061698387028305,0.95,0.95,0.8667254116703038,0.21801476193137312,0.9080459770114943,0.04416666666666667,0.19540229885057472,0.9019283333333327
15745,feedback_development,5,0.911018920607898,0.95,0.95,0.9104122313250547,0.1826352779883266,0.9166666666666666,0.03916666666666667,0.21428571428571427,0.8980208333333326
15745,feedback_development,6,0.9141312781397968,0.95,0.95,0.9419144111352197,0.15558911314832555,0.9222222222222223,0.0425,0.2,0.8973041666666663
15746,static_quality,1,0.58,0.24,0.34,0.4,0.62,0.7802197802197802,0.19,0.31868131868131866,0.8114008333333286
15746,static_quality,2,0.58,0.24,0.34,0.4,0.62,0.6491228070175439,0.18083333333333335,0.40350877192982454,0.727714166666663
15746,static_quality,3,0.58,0.24,0.34,0.4,0.62,0.6470588235294118,0.18916666666666668,0.4235294117647059,0.7764674999999954
15746,static_quality,4,0.58,0.24,0.34,0.4,0.62,0.6625,0.1875,0.3875,0.8022208333333293
15746,static_quality,5,0.58,0.24,0.34,0.4,0.62,0.6666666666666666,0.19333333333333333,0.4666666666666667,0.7457583333333287
15746,static_quality,6,0.58,0.24,0.34,0.4,0.62,0.75,0.19,0.36904761904761907,0.8010549999999951
15746,linear_development,1,0.7627859007672055,0.5160589949653319,0.6102935689603031,0.6179413118147358,0.4320472017669839,0.8095238095238095,0.11333333333333333,0.2857142857142857,0.8221849999999966
15746,linear_development,2,0.8241250130084761,0.688112130963845,0.7666366165377758,0.7537727349714571,0.31209278715425837,0.8421052631578947,0.07916666666666666,0.23157894736842105,0.8696558333333312
15746,linear_development,3,0.8651376779015605,0.8084440619384532,0.8678942135065685,0.8487716278461476,0.23808439946678409,0.8703703703703703,0.058333333333333334,0.25,0.8487399999999979
15746,linear_development,4,0.8831827133722294,0.8648842692726774,0.9121021497070472,0.8933296862679037,0.2114331207502045,0.8395061728395061,0.050833333333333335,0.2839506172839506,0.8706816666666665
15746,linear_development,5,0.9004096161613726,0.911866867485341,0.9466204514001462,0.930421211172638,0.165959804711719,0.8941176470588236,0.03666666666666667,0.16470588235294117,0.9184358333333336
15746,linear_development,6,0.9070441992158387,0.9414653069181661,0.95,0.95,0.15533007629113052,0.8,0.0475,0.24444444444444444,0.8762533333333323
15746,interaction_development,1,0.7124884277798453,0.4952367461261602,0.5906518488314734,0.6015026943101264,0.444620902887105,0.74,0.14833333333333334,0.32,0.8049583333333296
15746,interaction_development,2,0.8224258221670391,0.6647553388667016,0.7461122592953164,0.735333162263186,0.341759070079325,0.8,0.105,0.32,0.8140083333333311
15746,interaction_development,3,0.8727454273663482,0.7719182840192141,0.8380452706653891,0.8199354873835905,0.27618345472223027,0.8571428571428571,0.055,0.2967032967032967,0.8494166666666656
15746,interaction_development,4,0.8953047087529822,0.8457570021400247,0.8974124195950601,0.8782292122158095,0.23157311217353174,0.8539325842696629,0.0475,0.2696629213483146,0.866247499999999
15746,interaction_development,5,0.9067271207299796,0.901783537626425,0.9394256972293831,0.9224606875998098,0.20924566834508077,0.8425925925925926,0.034166666666666665,0.3055555555555556,0.8237358333333327
15746,interaction_development,6,0.9136815568014249,0.9382074829672105,0.95,0.95,0.16068386328837403,0.9230769230769231,0.0425,0.15384615384615385,0.9173266666666662
15746,feedback_development,1,0.7749506361521317,0.6806939676312582,0.7161449990203672,0.6015026943101264,0.44775218249110915,0.78,0.13333333333333333,0.32,0.8078916666666639
15746,feedback_development,2,0.8644660874699481,0.8608832113856053,0.8715003108716679,0.7189162852583739,0.34935613122076487,0.8227848101265823,0.08333333333333333,0.26582278481012656,0.8738808333333318
15746,feedback_development,3,0.8989632629174574,0.95,0.95,0.8177551095138137,0.26613128148076404,0.8842105263157894,0.04416666666666667,0.24210526315789474,0.8714266666666657
15746,feedback_development,4,0.9073851381702014,0.95,0.95,0.8789598369425147,0.21143355511882897,0.9080459770114943,0.04416666666666667,0.21839080459770116,0.8916908333333325
15746,feedback_development,5,0.9108775483711009,0.95,0.95,0.9200920436908018,0.19356710664109197,0.8541666666666666,0.0375,0.28125,0.8534441666666656
15746,feedback_development,6,0.9139678948194682,0.95,0.95,0.9472465888989244,0.16339901479061486,0.9310344827586207,0.03666666666666667,0.20689655172413793,0.898725
15747,static_quality,1,0.58,0.24,0.34,0.4,0.62,0.7444444444444445,0.17583333333333334,0.35555555555555557,0.7996241666666623
15747,static_quality,2,0.58,0.24,0.34,0.4,0.62,0.6923076923076923,0.19083333333333333,0.375,0.7606183333333298
15747,static_quality,3,0.58,0.24,0.34,0.4,0.62,0.7045454545454546,0.1725,0.4318181818181818,0.7701016666666621
15747,static_quality,4,0.58,0.24,0.34,0.4,0.62,0.7222222222222222,0.19416666666666665,0.3888888888888889,0.7804966666666614
15747,static_quality,5,0.58,0.24,0.34,0.4,0.62,0.7368421052631579,0.17416666666666666,0.35526315789473684,0.825083333333329
15747,static_quality,6,0.58,0.24,0.34,0.4,0.62,0.6808510638297872,0.16416666666666666,0.3723404255319149,0.7863658333333302
15747,linear_development,1,0.7428947097569533,0.46392705758997943,0.5608626788181376,0.5767845191499837,0.47876749596806933,0.7634408602150538,0.13666666666666666,0.3763440860215054,0.7921933333333301
15747,linear_development,2,0.7893892282144698,0.5984216061440717,0.6865528856129779,0.6829644259032152,0.40232722037959984,0.717948717948718,0.105,0.38461538461538464,0.824210833333331
15747,linear_development,3,0.8422262419169886,0.7427456164316879,0.8136159842115139,0.7969044340250171,0.2844446830778516,0.9010989010989011,0.07,0.18681318681318682,0.8963216666666654
15747,linear_development,4,0.8752455195394454,0.8361895461399697,0.8899468945518524,0.8706759574789238,0.21352173589031295,0.9130434782608695,0.0575,0.18478260869565216,0.8990591666666656
15747,linear_development,5,0.88958178303789,0.8830556781354927,0.9257390984131055,0.9076755353701262,0.1966438067959624,0.8831168831168831,0.05416666666666667,0.2727272727272727,0.8798916666666654
15747,linear_development,6,0.9037802203465128,0.9237196930346957,0.95,0.9397787050273917,0.15844868047625052,0.9310344827586207,0.05416666666666667,0.1839080459770115,0.9045341666666652
15747,interaction_development,1,0.6866795349391213,0.4606912048188928,0.5577670481552242,0.5742298985412311,0.4745580164479175,0.735632183908046,0.15916666666666668,0.3448275862068966,0.8126924999999964
15747,interaction_development,2,0.798188681155591,0.6263999280785356,0.7118920395809525,0.7050525747988445,0.38088085056681553,0.7878787878787878,0.125,0.3838383838383838,0.7801449999999971
15747,interaction_development,3,0.8704848680940391,0.7663612176589014,0.83343005565329,0.8155483297307119,0.2812681100212958,0.8761904761904762,0.06833333333333333,0.2571428571428571,0.8463924999999983
15747,interaction_development,4,0.8921378559390947,0.834205986563212,0.8883898209438399,0.8691099893920098,0.24030924267414078,0.8860759493670886,0.04833333333333333,0.27848101265822783,0.8762233333333315
15747,interaction_development,5,0.9058223573721098,0.8892212145303976,0.9302886562784529,0.912543064102946,0.19478096174714093,0.9047619047619048,0.043333333333333335,0.20238095238095238,0.9020824999999995
15747,interaction_development,6,0.913401046972553,0.929460004241211,0.95,0.9443105296641144,0.15291983221928512,0.9222222222222223,0.034166666666666665,0.16666666666666666,0.9139949999999997
15747,feedback_development,1,0.7352881206849277,0.6136841831723292,0.6590467734637623,0.5664731423625811,0.4842617466650649,0.7294117647058823,0.145,0.36470588235294116,0.8110266666666636
15747,feedback_development,2,0.8596159041311406,0.8522499049471082,0.8639655774740029,0.7120678588121523,0.36327048858500716,0.8144329896907216,0.08833333333333333,0.29896907216494845,0.8328958333333315
15747,feedback_development,3,0.9012406101315076,0.95,0.95,0.8220897792125332,0.24278710372652107,0.9565217391304348,0.04416666666666667,0.13043478260869565,0.9271124999999999
15747,feedback_development,4,0.9087406859759042,0.95,0.95,0.8811255136846144,0.19285504161957093,0.9156626506024096,0.034166666666666665,0.1927710843373494,0.9092825000000001
15747,feedback_development,5,0.9117531061218948,0.95,0.95,0.9161507951887257,0.1753313538658904,0.8961038961038961,0.0475,0.24675324675324675,0.891728333333332
15747,feedback_development,6,0.9144525841602085,0.95,0.95,0.9419144111352197,0.1494658285964936,0.8783783783783784,0.03666666666666667,0.17567567567567569,0.9234266666666673
15748,static_quality,1,0.58,0.24,0.34,0.4,0.62,0.6966292134831461,0.175,0.3595505617977528,0.7990833333333289
15748,static_quality,2,0.58,0.24,0.34,0.4,0.62,0.6736842105263158,0.17916666666666667,0.4105263157894737,0.7638558333333291
15748,static_quality,3,0.58,0.24,0.34,0.4,0.62,0.6111111111111112,0.16833333333333333,0.4861111111111111,0.78645583333333
15748,static_quality,4,0.58,0.24,0.34,0.4,0.62,0.6626506024096386,0.17666666666666667,0.37349397590361444,0.8041433333333281
15748,static_quality,5,0.58,0.24,0.34,0.4,0.62,0.7142857142857143,0.19583333333333333,0.4065934065934066,0.7698274999999962
15748,static_quality,6,0.58,0.24,0.34,0.4,0.62,0.7051282051282052,0.16,0.38461538461538464,0.8131583333333289
15748,linear_development,1,0.7330277860233501,0.4340912255510035,0.5322033452449562,0.5532299149086869,0.4906884283394072,0.7702702702702703,0.12916666666666668,0.33783783783783783,0.8443974999999966
15748,linear_development,2,0.7940961295885032,0.605606733507875,0.6930893058016506,0.6886368948746389,0.37689360476984834,0.8433734939759037,0.11166666666666666,0.27710843373493976,0.8577791666666639
15748,linear_development,3,0.8403788954680971,0.7427456164316879,0.8136159842115139,0.7969044340250171,0.30203845878158014,0.8380952380952381,0.08333333333333333,0.3238095238095238,0.8083674999999979
15748,linear_development,4,0.8690721659929961,0.8249785065942935,0.8811058275380318,0.861825136784969,0.24341265193637868,0.8823529411764706,0.050833333333333335,0.24705882352941178,0.880903333333332
15748,linear_development,5,0.8886629008007186,0.8851480712022659,0.9272876864653863,0.9093274246333682,0.21068793657988993,0.84375,0.049166666666666664,0.2708333333333333,0.8563183333333317
15748,linear_development,6,0.9027801893147024,0.9250845167634653,0.95,0.9408561974448414,0.17041510168733115,0.896551724137931,0.04416666666666667,0.1839080459770115,0.9065649999999992
15748,interaction_development,1,0.699918989321432,0.4798174140509839,0.5760188087486724,0.5893295374086714,0.4625510580511643,0.6868686868686869,0.15583333333333332,0.36363636363636365,0.7830183333333302
15748,interaction_development,2,0.8224004530640605,0.6627317292421545,0.7443225169137124,0.7337355757174909,0.34396281310500904,0.8316831683168316,0.11166666666666666,0.2871287128712871,0.8275283333333308
15748,interaction_development,3,0.871583927493293,0.7705415332185253,0.8369035958362429,0.8188485788567308,0.2823224075238244,0.8494623655913979,0.055,0.3118279569892473,0.8395908333333322
15748,interaction_development,4,0.8962932947501577,0.8429469755022578,0.8952275640512759,0.8760107701333619,0.21366168171880823,0.9726027397260274,0.05333333333333334,0.136986301369863,0.9349899999999999
15748,interaction_development,5,0.9093922080597113,0.9023728364006665,0.9398497173487774,0.922925923474211,0.16951336395014407,0.9175257731958762,0.04,0.18556701030927836,0.897533333333333
15748,interaction_development,6,0.9143485065790515,0.9347683406162323,0.95,0.9485013215391312,0.1436229187631454,0.891566265060241,0.034166666666666665,0.1927710843373494,0.9091408333333326
15748,feedback_development,1,0.7677596234589648,0.6673786979961482,0.7047673260441873,0.5942427988231141,0.4525086776378402,0.7849462365591398,0.15583333333333332,0.3010752688172043,0.8233166666666633
15748,feedback_development,2,0.8587101267120083,0.8480361236915988,0.8602557204646923,0.7085813257939512,0.3600593676226756,0.8734177215189873,0.08166666666666667,0.3037974683544304,0.8590941666666648
15748,feedback_development,3,0.9000468765923164,0.95,0.95,0.8177551095138137,0.2533814239253443,0.8958333333333334,0.04416666666666667,0.1875,0.8967458333333326
15748,feedback_development,4,0.9069747837493004,0.95,0.95,0.8767547055125617,0.21546134328644442,0.9204545454545454,0.03166666666666667,0.26136363636363635,0.8748999999999991
15748,feedback_development,5,0.9118726712719879,0.95,0.95,0.9171539670750877,0.17417044137136237,0.8625,0.0325,0.175,0.919755833333333
15748,feedback_development,6,0.9133176649189237,0.95,0.95,0.9429536910376756,0.1715537741358272,0.8837209302325582,0.04083333333333333,0.27906976744186046,0.8681291666666658
15749,static_quality,1,0.58,0.24,0.34,0.4,0.62,0.725,0.17416666666666666,0.3625,0.8149949999999951
15749,static_quality,2,0.58,0.24,0.34,0.4,0.62,0.6568627450980392,0.17333333333333334,0.47058823529411764,0.7202874999999958
15749,static_quality,3,0.58,0.24,0.34,0.4,0.62,0.6627906976744186,0.19333333333333333,0.43023255813953487,0.770675833333328
15749,static_quality,4,0.58,0.24,0.34,0.4,0.62,0.7108433734939759,0.19083333333333333,0.3855421686746988,0.7963016666666618
15749,static_quality,5,0.58,0.24,0.34,0.4,0.62,0.7222222222222222,0.15583333333333332,0.35555555555555557,0.8040349999999962
15749,static_quality,6,0.58,0.24,0.34,0.4,0.62,0.6904761904761905,0.18,0.4523809523809524,0.7682083333333296
15749,linear_development,1,0.753662542279719,0.48912463323822225,0.5848602339553849,0.5966773420301754,0.4453046637026498,0.797752808988764,0.12,0.25842696629213485,0.8560266666666636
15749,linear_development,2,0.8110103047938169,0.6503309613423764,0.7333159809948583,0.7239454957966136,0.3360657258117829,0.8795180722891566,0.09333333333333334,0.24096385542168675,0.8768274999999975
15749,linear_development,3,0.8520994824973944,0.7719182840192141,0.8380452706653891,0.8199354873835905,0.26704682780729394,0.8888888888888888,0.07166666666666667,0.2828282828282828,0.8409008333333311
15749,linear_development,4,0.8803484460147468,0.853888998647446,0.9036973976029303,0.8846492094585106,0.21034564366367844,0.9361702127659575,0.05,0.2127659574468085,0.8856200000000003
15749,linear_development,5,0.897303889367804,0.9058351154779237,0.9423322292330654,0.9256593016930983,0.1804562714726194,0.8210526315789474,0.04583333333333333,0.23157894736842105,0.8765008333333323
15749,linear_development,6,0.9074062841125887,0.9385782380694072,0.95,0.95,0.14899457985427572,0.9418604651162791,0.04416666666666667,0.1744186046511628,0.9117683333333332
15749,interaction_development,1,0.7147254252577429,0.49826532564940323,0.593517285889653,0.6038936781442656,0.44227210876221024,0.78,0.16333333333333333,0.31,0.8070274999999966
15749,interaction_development,2,0.832806621799633,0.6766445563058936,0.7565906694672022,0.744719386557285,0.31882380215965567,0.8842105263157894,0.09166666666666666,0.23157894736842105,0.8668741666666644
15749,interaction_development,3,0.8703617472885546,0.7621047443596084,0.8298825378651015,0.8121879560733751,0.27214883075191915,0.7638888888888888,0.051666666666666666,0.2916666666666667,0.8810291666666654
15749,interaction_development,4,0.8974833232407677,0.8466824601271845,0.8981305326578947,0.8789598369425147,0.20809538078602685,0.945054945054945,0.04416666666666667,0.1978021978021978,0.8968816666666659
15749,interaction_development,5,0.905799114507478,0.8931499066791265,0.9331657705933081,0.9156446631677321,0.20383550796421362,0.8068181818181818,0.05416666666666667,0.3181818181818182,0.8448108333333321
15749,interaction_development,6,0.9113102769371659,0.9264249207712777,0.95,0.9419144111352197,0.18500238044265618,0.8333333333333334,0.0275,0.2619047619047619,0.8808508333333331
15749,feedback_development,1,0.7188704484811065,0.5816314123560526,0.6317555617158571,0.5505331135902283,0.49002452583908324,0.7605633802816901,0.16833333333333333,0.323943661971831,0.8458733333333289
15749,feedback_development,2,0.8563253494477051,0.8412070349569942,0.8542936097609182,0.7032722080471273,0.36084671705078125,0.8020833333333334,0.085,0.28125,0.843109999999998
15749,feedback_development,3,0.8951237789132753,0.9385888589694134,0.940822870966249,0.798123007420867,0.27517378089455874,0.8780487804878049,0.060833333333333336,0.21951219512195122,0.8933349999999995
15749,feedback_development,4,0.9071152203082339,0.95,0.95,0.8745094006021662,0.2113961852169985,0.9306930693069307,0.03,0.21782178217821782,0.8799758333333327
15749,feedback_development,5,0.9105653587995146,0.95,0.95,0.91462321531577,0.19387248004985955,0.875,0.0425,0.2727272727272727,0.8678141666666653
15749,feedback_development,6,0.9146509853168832,0.95,0.95,0.9439743759196322,0.14749634861682673,0.9506172839506173,0.0375,0.13580246913580246,0.9336700000000002
15750,static_quality,1,0.58,0.24,0.34,0.4,0.62,0.6395348837209303,0.19666666666666666,0.4418604651162791,0.7650091666666625
15750,static_quality,2,0.58,0.24,0.34,0.4,0.62,0.6764705882352942,0.165,0.38235294117647056,0.7664524999999955
15750,static_quality,3,0.58,0.24,0.34,0.4,0.62,0.7058823529411765,0.19,0.4019607843137255,0.750775833333329
15750,static_quality,4,0.58,0.24,0.34,0.4,0.62,0.7126436781609196,0.17166666666666666,0.42528735632183906,0.7749916666666625
15750,static_quality,5,0.58,0.24,0.34,0.4,0.62,0.7619047619047619,0.18083333333333335,0.36904761904761907,0.8030874999999956
15750,static_quality,6,0.58,0.24,0.34,0.4,0.62,0.7843137254901961,0.185,0.2647058823529412,0.822084166666662
15750,linear_development,1,0.7647716928255197,0.5189626409955399,0.613021513977581,0.6202336639438474,0.4210588396263039,0.8585858585858586,0.125,0.23232323232323232,0.8547733333333307
15750,linear_development,2,0.8208085644603524,0.6785846889680582,0.7582945347809318,0.7462510702379412,0.3182868229359548,0.8260869565217391,0.08583333333333333,0.2717391304347826,0.8530216666666642
15750,linear_development,3,0.861568759356576,0.7965621416284181,0.8582805833426981,0.8393911644434883,0.23657358239324075,0.90625,0.06916666666666667,0.20833333333333334,0.8817541666666654
15750,linear_development,4,0.8832885626166189,0.8624227066228786,0.910230148196326,0.891386347333852,0.20414812961382792,0.8735632183908046,0.0475,0.25287356321839083,0.8767374999999983
15750,linear_development,5,0.8984974114355444,0.9091746072492013,0.9447122833235743,0.9282957425651593,0.17744538137084465,0.8901098901098901,0.045,0.24175824175824176,0.8767041666666656
15750,linear_development,6,0.9070187172780164,0.93967720950097,0.95,0.95,0.1537846639960518,0.8941176470588236,0.03916666666666667,0.2,0.9027558333333322
15750,interaction_development,1,0.6691962011266385,0.4374866781976975,0.5354779218282415,0.5559105354192347,0.49867832598737644,0.6941176470588235,0.15333333333333332,0.4117647058823529,0.7890808333333303
15750,interaction_development,2,0.7935391977622148,0.6126633030208977,0.699489419778137,0.6942078708059725,0.3695687119569035,0.8395061728395061,0.1025,0.2345679012345679,0.8799633333333308
15750,interaction_development,3,0.8691601268823197,0.7606687569010144,0.8286833211128917,0.8110542817639589,0.2731605621698279,0.8703703703703703,0.060833333333333336,0.25925925925925924,0.8431974999999986
15750,interaction_development,4,0.8974196629762963,0.8476023653664214,0.8988436189292894,0.8796860779208596,0.21100541672960382,0.8936170212765957,0.049166666666666664,0.20212765957446807,0.8909533333333326
15750,interaction_development,5,0.9061662620997841,0.8944282611956175,0.9340981749277608,0.9166538904175933,0.19874569958433627,0.8604651162790697,0.0525,0.29069767441860467,0.8601349999999989
15750,interaction_development,6,0.9126745896477363,0.9290342094982003,0.95,0.9439743759196322,0.16546517618972625,0.8902439024390244,0.03666666666666667,0.1951219512195122,0.9086616666666663
15750,feedback_development,1,0.7545769203900146,0.6438755102308723,0.6847355553729971,0.5818478691628733,0.4624047729291863,0.7674418604651163,0.14666666666666667,0.3023255813953488,0.8358608333333303
15750,feedback_development,2,0.8653958683223935,0.8588611247846253,0.8697213862679121,0.7172196028756277,0.33850299596980704,0.8452380952380952,0.0825,0.2261904761904762,0.883947499999998
15750,feedback_development,3,0.8988212644180418,0.95,0.95,0.8144349393669134,0.2647826508698717,0.8842105263157894,0.045,0.2631578947368421,0.8615549999999991
15750,feedback_development,4,0.9078863123018477,0.95,0.95,0.8789598369425147,0.20396843250530902,0.896551724137931,0.05,0.1839080459770115,0.9054808333333327
15750,feedback_development,5,0.9125970341828984,0.95,0.95,0.9200920436908018,0.16408831225809786,0.9397590361445783,0.04083333333333333,0.1686746987951807,0.9178283333333329
15750,feedback_development,6,0.9139062381371073,0.95,0.95,0.9429536910376756,0.16074218649691502,0.868421052631579,0.04833333333333333,0.2631578947368421,0.8864266666666661
15751,static_quality,1,0.58,0.24,0.34,0.4,0.62,0.6666666666666666,0.1925,0.4,0.8058941666666625
15751,static_quality,2,0.58,0.24,0.34,0.4,0.62,0.6666666666666666,0.175,0.40625,0.7647216666666635
15751,static_quality,3,0.58,0.24,0.34,0.4,0.62,0.7058823529411765,0.18333333333333332,0.35294117647058826,0.7777066666666627
15751,static_quality,4,0.58,0.24,0.34,0.4,0.62,0.6847826086956522,0.17083333333333334,0.3804347826086957,0.7856174999999953
15751,static_quality,5,0.58,0.24,0.34,0.4,0.62,0.6521739130434783,0.17083333333333334,0.42391304347826086,0.7656308333333293
15751,static_quality,6,0.58,0.24,0.34,0.4,0.62,0.6794871794871795,0.1925,0.3974358974358974,0.8009849999999948
15751,linear_development,1,0.7587536536084647,0.5012757336955068,0.5963626648884255,0.6062703160754,0.4300643945787159,0.8461538461538461,0.13416666666666666,0.23076923076923078,0.8624383333333302
15751,linear_development,2,0.8074643241458794,0.6396493933358092,0.7237827806410643,0.7155126789493237,0.3411893848702027,0.8108108108108109,0.09083333333333334,0.2702702702702703,0.8775449999999988
15751,linear_development,3,0.8449005543467365,0.7503711903651132,0.8200487336591412,0.8029246239724581,0.2790535542182694,0.9186046511627907,0.0675,0.29069767441860467,0.8570291666666647
15751,linear_development,4,0.8641701499869969,0.8196320109720302,0.8768556967232694,0.8576042191884452,0.27628097462663087,0.7978723404255319,0.060833333333333336,0.425531914893617,0.7833808333333314
15751,linear_development,5,0.8893852205334368,0.8837573440666797,0.9262589247242138,0.9082294821579054,0.20029126967797223,0.9176470588235294,0.06,0.1411764705882353,0.923622499999999
15751,linear_development,6,0.9041913389294822,0.9268663712466501,0.95,0.9422629246684083,0.16016416325332186,0.8936170212765957,0.04416666666666667,0.18085106382978725,0.9014974999999996
15751,interaction_development,1,0.6691401373146804,0.4374866781976975,0.5354779218282415,0.5559105354192347,0.49896728862759193,0.7023809523809523,0.185,0.40476190476190477,0.787198333333329
15751,interaction_development,2,0.7775247703772243,0.5935589453664358,0.6821181154415022,0.6791254831840289,0.3990361230717902,0.7804878048780488,0.12333333333333334,0.34146341463414637,0.8300558333333304
15751,interaction_development,3,0.8505418149521314,0.7184425535060237,0.7929048456650105,0.7777178053994931,0.3107361466061425,0.8554216867469879,0.0725,0.26506024096385544,0.8707466666666649
15751,interaction_development,4,0.8858764337397993,0.8095933975668225,0.8688189540120225,0.8496789980790707,0.24763911724124893,0.8390804597701149,0.04416666666666667,0.25287356321839083,0.8770941666666656
15751,interaction_development,5,0.9033895752425201,0.8765469908486933,0.9208926236377526,0.9025370980384424,0.20056895240007472,0.8936170212765957,0.041666666666666664,0.23404255319148937,0.8771933333333325
15751,interaction_development,6,0.9119230972448565,0.9170143403578691,0.95,0.9344850055456866,0.1575798761719701,0.961038961038961,0.04,0.14285714285714285,0.9329083333333323
15751,feedback_development,1,0.7753388063466111,0.6806789525998092,0.716134338806638,0.6015026943101264,0.44604262801955435,0.7373737373737373,0.15166666666666667,0.31313131313131315,0.8090166666666637
15751,feedback_development,2,0.870280763475491,0.8744420886433476,0.8834337404408283,0.7305114142779119,0.33807103027608815,0.8444444444444444,0.07666666666666666,0.2777777777777778,0.855136666666665
15751,feedback_development,3,0.8971988753375213,0.945530028397734,0.9471767125189156,0.8076120347336122,0.2713779342478709,0.9041095890410958,0.035,0.2328767123287671,0.9038700000000006
15751,feedback_development,4,0.9079812328868073,0.95,0.95,0.8825477280388917,0.20577852958069173,0.8846153846153846,0.04,0.21153846153846154,0.8778841666666656
15751,feedback_development,5,0.912370495406361,0.95,0.95,0.9269894215247961,0.17430492674982048,0.9019607843137255,0.03833333333333333,0.22549019607843138,0.8731666666666655
15751,feedback_development,6,0.9150908986359255,0.95,0.95,0.95,0.1443279761236095,0.9285714285714286,0.030833333333333334,0.1836734693877551,0.8995516666666664
15752,static_quality,1,0.58,0.24,0.34,0.4,0.62,0.6288659793814433,0.19333333333333333,0.44329896907216493,0.7406041666666618
15752,static_quality,2,0.58,0.24,0.34,0.4,0.62,0.7411764705882353,0.19166666666666668,0.32941176470588235,0.816099166666662
15752,static_quality,3,0.58,0.24,0.34,0.4,0.62,0.7157894736842105,0.17583333333333334,0.43157894736842106,0.754343333333329
15752,static_quality,4,0.58,0.24,0.34,0.4,0.62,0.6842105263157895,0.185,0.39473684210526316,0.8076816666666614
15752,static_quality,5,0.58,0.24,0.34,0.4,0.62,0.7045454545454546,0.17833333333333334,0.4431818181818182,0.7640808333333287
15752,static_quality,6,0.58,0.24,0.34,0.4,0.62,0.6981132075471698,0.17833333333333334,0.3584905660377358,0.7687083333333284
15752,linear_development,1,0.7503862391794255,0.482938509566678,0.5789866770874317,0.5917935601842195,0.459564087986658,0.7526881720430108,0.11333333333333333,0.3118279569892473,0.8275499999999972
15752,linear_development,2,0.8102223130387646,0.6524289755743222,0.7351827691278943,0.7256018228218339,0.349191538583435,0.7978723404255319,0.08166666666666667,0.2978723404255319,0.8391233333333311
15752,linear_development,3,0.852861539499636,0.7746470536692083,0.8403047010943363,0.8220897792125332,0.266931633979545,0.8315789473684211,0.0825,0.24210526315789474,0.8638924999999983
15752,linear_development,4,0.8793273488245121,0.853888998647446,0.9036973976029303,0.8846492094585106,0.22007037880877092,0.84375,0.0525,0.25,0.8653249999999991
15752,linear_development,5,0.8970244011380044,0.9064001047850562,0.942735903628434,0.9261053458829397,0.18453277202972104,0.8645833333333334,0.04583333333333333,0.22916666666666666,0.8765908333333323
15752,linear_development,6,0.9086791182341234,0.9448840637028565,0.95,0.95,0.1431781757588238,0.9523809523809523,0.04083333333333333,0.1619047619047619,0.902719999999999
15752,interaction_development,1,0.6670574635917148,0.4340912255510035,0.5322033452449562,0.5532299149086869,0.5003626208088716,0.7469879518072289,0.17416666666666666,0.40963855421686746,0.7900366666666626
15752,interaction_development,2,0.8016821036089934,0.6263999280785356,0.7118920395809525,0.7050525747988445,0.3632552076563728,0.8369565217391305,0.1175,0.25,0.8563983333333302
15752,interaction_development,3,0.8701909801541209,0.7577707258652665,0.8262594669361174,0.8087663625252105,0.263051130551332,0.8666666666666667,0.06416666666666666,0.2,0.8924866666666657
15752,interaction_development,4,0.8982105243373668,0.8476023653664214,0.8988436189292894,0.8796860779208596,0.20131954096156193,0.8865979381443299,0.049166666666666664,0.20618556701030927,0.885793333333332
15752,interaction_development,5,0.9102582605198334,0.9052667157725591,0.9419257091974474,0.9252105650835999,0.1617515197180574,0.9183673469387755,0.035,0.19387755102040816,0.8937974999999998
15752,interaction_development,6,0.914005732370875,0.9367019474785575,0.95,0.95,0.15326775736435228,0.8977272727272727,0.04083333333333333,0.23863636363636365,0.8826708333333323
15752,feedback_development,1,0.7330335152726652,0.6085326155733872,0.6546532972039772,0.563856280042838,0.4835456288444227,0.7283950617283951,0.16083333333333333,0.345679012345679,0.8223033333333296
15752,feedback_development,2,0.8552625616089271,0.8411045750206028,0.8542185286477695,0.7032722080471273,0.3673797484117774,0.8571428571428571,0.08916666666666667,0.2967032967032967,0.8426099999999977
15752,feedback_development,3,0.8957597339077985,0.9429577713286273,0.9448269022104301,0.8041070762286233,0.280178496421952,0.9021739130434783,0.04,0.25,0.8729091666666657
15752,feedback_development,4,0.9070210938112091,0.95,0.95,0.8729898511817041,0.21140180897132682,0.9431818181818182,0.0475,0.18181818181818182,0.9065191666666662
15752,feedback_development,5,0.9125720542518728,0.95,0.95,0.919609701902215,0.16409637259130733,0.9021739130434783,0.03916666666666667,0.17391304347826086,0.9081099999999998
15752,feedback_development,6,0.9144808392351018,0.95,0.95,0.9459612854936913,0.15256327648269524,0.8837209302325582,0.035,0.23255813953488372,0.8889358333333331
15753,static_quality,1,0.58,0.24,0.34,0.4,0.62,0.7246376811594203,0.18,0.36231884057971014,0.8337641666666623
15753,static_quality,2,0.58,0.24,0.34,0.4,0.62,0.7373737373737373,0.1875,0.37373737373737376,0.7714074999999955
15753,static_quality,3,0.58,0.24,0.34,0.4,0.62,0.76,0.19333333333333333,0.32,0.835259166666662
15753,static_quality,4,0.58,0.24,0.34,0.4,0.62,0.6888888888888889,0.17333333333333334,0.4111111111111111,0.7750641666666627
15753,static_quality,5,0.58,0.24,0.34,0.4,0.62,0.6626506024096386,0.1875,0.43373493975903615,0.7768641666666628
15753,static_quality,6,0.58,0.24,0.34,0.4,0.62,0.6966292134831461,0.19916666666666666,0.3707865168539326,0.7895108333333278
15753,linear_development,1,0.734294830172937,0.4374866781976975,0.5354779218282415,0.5559105354192347,0.48797199094101235,0.7662337662337663,0.12916666666666668,0.35064935064935066,0.834331666666664
15753,linear_development,2,0.7861920374199876,0.5911055788394727,0.6798772562351483,0.6771886148732685,0.41300918880515036,0.7608695652173914,0.0975,0.42391304347826086,0.7808766666666639
15753,linear_development,3,0.8396218301760745,0.7396305564085599,0.8109789515647944,0.7944451761120214,0.30103725383704716,0.9081632653061225,0.06833333333333333,0.23469387755102042,0.8665666666666648
15753,linear_development,4,0.8683505163435581,0.8228591939912042,0.879423667117995,0.8601519952562143,0.24481089118866933,0.8390804597701149,0.06833333333333333,0.26436781609195403,0.8669249999999983
15753,linear_development,5,0.8911045345322803,0.8885525297086495,0.929797236937012,0.9120151550331449,0.19603602137137482,0.8712871287128713,0.05,0.2376237623762376,0.8661133333333322
15753,linear_development,6,0.9032092741175368,0.9255340096628845,0.95,0.9412110602601723,0.16713293547032387,0.9176470588235294,0.0425,0.21176470588235294,0.8973391666666659
15753,interaction_development,1,0.6964568492323693,0.4735185904673351,0.5700201600008442,0.5843567819478961,0.46200572837522175,0.7613636363636364,0.14083333333333334,0.3068181818181818,0.8319649999999967
15753,interaction_development,2,0.8228228452684837,0.6606959046701756,0.7425201580198514,0.7321283457922444,0.3365278490477584,0.8282828282828283,0.09833333333333333,0.26262626262626265,0.8454366666666642
15753,interaction_development,3,0.8661840058448611,0.756308577329242,0.8250347099054556,0.8076120347336122,0.29085379493263097,0.8780487804878049,0.06666666666666667,0.32926829268292684,0.8476233333333314
15753,interaction_development,4,0.897105673237819,0.8438892936492443,0.895960971102917,0.8767547055125617,0.2061447811750233,0.8941176470588236,0.043333333333333335,0.12941176470588237,0.9319858333333334
15753,interaction_development,5,0.906901727825594,0.8905465719197558,0.9312611992347122,0.9135893988840184,0.18177336408502887,0.8589743589743589,0.051666666666666666,0.24358974358974358,0.8903566666666658
15753,interaction_development,6,0.9138306235826976,0.9307221210819664,0.95,0.9453069376962897,0.14692446868352704,0.9032258064516129,0.0325,0.1827956989247312,0.904699166666666
15753,feedback_development,1,0.7244090927788613,0.5925577287894875,0.6410568157247367,0.5559105354192347,0.48828905464912536,0.7105263157894737,0.16416666666666666,0.34210526315789475,0.8317049999999973
15753,feedback_development,2,0.8526107128561212,0.831740904531787,0.8460336241218891,0.6960426235811367,0.3640172798213856,0.8072289156626506,0.085,0.24096385542168675,0.8783883333333314
15753,feedback_development,3,0.8968713159812955,0.9430831820740148,0.9449237993375558,0.8041070762286233,0.2682125273473614,0.9032258064516129,0.05,0.21505376344086022,0.885909999999999
15753,feedback_development,4,0.9082288615755094,0.95,0.95,0.8767547055125617,0.19675825624313534,0.9032258064516129,0.04416666666666667,0.17204301075268819,0.9064166666666665
15753,feedback_development,5,0.9111032346349266,0.95,0.95,0.9191244485937777,0.1889827709030149,0.88,0.03166666666666667,0.3,0.8394933333333318
15753,feedback_development,6,0.9133746500310541,0.95,0.95,0.9462855177807291,0.1734418941781567,0.8666666666666667,0.02666666666666667,0.24444444444444444,0.8806091666666667
15754,static_quality,1,0.58,0.24,0.34,0.4,0.62,0.6631578947368421,0.16833333333333333,0.42105263157894735,0.7610116666666625
15754,static_quality,2,0.58,0.24,0.34,0.4,0.62,0.7204301075268817,0.17583333333333334,0.34408602150537637,0.7989983333333286
15754,static_quality,3,0.58,0.24,0.34,0.4,0.62,0.7142857142857143,0.17833333333333334,0.3673469387755102,0.7784974999999963
15754,static_quality,4,0.58,0.24,0.34,0.4,0.62,0.7553191489361702,0.195,0.3404255319148936,0.795109166666662
15754,static_quality,5,0.58,0.24,0.34,0.4,0.62,0.6190476190476191,0.19166666666666668,0.4642857142857143,0.7610674999999955
15754,static_quality,6,0.58,0.24,0.34,0.4,0.62,0.7093023255813954,0.1875,0.3953488372093023,0.7870324999999945
15754,linear_development,1,0.7482738308578032,0.47667747892453105,0.5730300188808383,0.5868506412562087,0.4625216547015475,0.8152173913043478,0.10916666666666666,0.32608695652173914,0.8234949999999973
15754,linear_development,2,0.8083091639658719,0.6439606279939396,0.7276362870683408,0.7189162852583739,0.34471163874092164,0.8690476190476191,0.08833333333333333,0.23809523809523808,0.8777016666666646
15754,linear_development,3,0.8410169848381536,0.7411927730701086,0.8123020989038409,0.7956785050553492,0.2918687595230737,0.8181818181818182,0.08,0.3116883116883117,0.8589949999999984
15754,linear_development,4,0.8749621807420803,0.8371724088631298,0.8907172662899894,0.8714519017340503,0.21874937934354702,0.9166666666666666,0.05583333333333333,0.19791666666666666,0.8893966666666652
15754,linear_development,5,0.895987099871608,0.8993905558096315,0.9376995146557529,0.920571491428657,0.1768320393072988,0.9313725490196079,0.045,0.21568627450980393,0.8765724999999986
15754,linear_development,6,0.9039571292989605,0.9298832442157637,0.95,0.9446446664861298,0.16779334594988754,0.9512195121951219,0.03916666666666667,0.2682926829268293,0.8781233333333325
15754,interaction_development,1,0.6786771548979774,0.4508659803259362,0.548348606735042,0.5664731423625811,0.48734439519238987,0.7111111111111111,0.16166666666666665,0.4,0.7822199999999971
15754,interaction_development,2,0.7991746673436825,0.6286415285100644,0.7139087953038858,0.7068222593500515,0.38149993950844396,0.7843137254901961,0.1,0.3627450980392157,0.7898516666666644
15754,interaction_development,3,0.8651189050839342,0.7548376029469235,0.8238013191394316,0.806450739168624,0.29537158415908754,0.8526315789473684,0.07333333333333333,0.2736842105263158,0.8508441666666644
15754,interaction_development,4,0.8918496586024554,0.834205986563212,0.8883898209438399,0.8691099893920098,0.2433829095197776,0.8555555555555555,0.05416666666666667,0.2777777777777778,0.859726666666665
15754,interaction_development,5,0.9058687839101518,0.8912032924882373,0.9317423708400692,0.9141078624907143,0.19852733377022078,0.8901098901098901,0.03833333333333333,0.23076923076923078,0.882898333333332
15754,interaction_development,6,0.9131605880329153,0.9323698859204561,0.95,0.9466078046740447,0.16201988497815387,0.9090909090909091,0.04083333333333333,0.20202020202020202,0.8878874999999992
15754,feedback_development,1,0.7172768496361024,0.5815677959926121,0.6317108286382345,0.5505331135902283,0.4967500686940385,0.7368421052631579,0.15,0.3684210526315789,0.8249416666666634
15754,feedback_development,2,0.8442569357428986,0.8187365729556452,0.8347745699211064,0.6867574395117091,0.3866976656749724,0.8202247191011236,0.0875,0.3258426966292135,0.8328416666666648
15754,feedback_development,3,0.8959074097760782,0.9420810500977675,0.944026342930443,0.8029246239724581,0.276242206919659,0.9166666666666666,0.041666666666666664,0.19791666666666666,0.8926083333333323
15754,feedback_development,4,0.9055169350603673,0.95,0.95,0.8714519017340503,0.23136527264257675,0.8673469387755102,0.028333333333333332,0.2755102040816326,0.855078333333333
15754,feedback_development,5,0.9114852785806324,0.95,0.95,0.9186362661909233,0.18213305886900705,0.9263157894736842,0.03333333333333333,0.2,0.8945291666666655
15754,feedback_development,6,0.914153013776051,0.95,0.95,0.9462855177807291,0.15908059810202485,0.8314606741573034,0.02666666666666667,0.2247191011235955,0.8906791666666661
15755,static_quality,1,0.58,0.24,0.34,0.4,0.62,0.6931818181818182,0.18833333333333332,0.3977272727272727,0.7815766666666626
15755,static_quality,2,0.58,0.24,0.34,0.4,0.62,0.6285714285714286,0.17416666666666666,0.38571428571428573,0.8251074999999949
15755,static_quality,3,0.58,0.24,0.34,0.4,0.62,0.6907216494845361,0.15333333333333332,0.4329896907216495,0.7544049999999962
15755,static_quality,4,0.58,0.24,0.34,0.4,0.62,0.75,0.18333333333333332,0.37,0.7727491666666625
15755,static_quality,5,0.58,0.24,0.34,0.4,0.62,0.6808510638297872,0.18583333333333332,0.3829787234042553,0.7770849999999958
15755,static_quality,6,0.58,0.24,0.34,0.4,0.62,0.7070707070707071,0.1825,0.46464646464646464,0.7278191666666632
15755,linear_development,1,0.7543536592373314,0.49218988543879294,0.5877662123176972,0.5990972779779944,0.4471137639503756,0.8369565217391305,0.1125,0.2717391304347826,0.8474666666666644
15755,linear_development,2,0.810194999300454,0.6482202830406202,0.7314360332274504,0.7222791708215428,0.33817358899005107,0.8765432098765432,0.07916666666666666,0.24691358024691357,0.8797649999999986
15755,linear_development,3,0.8542836676058437,0.7746470536692083,0.8403047010943363,0.8220897792125332,0.2533875567775659,0.8969072164948454,0.06416666666666666,0.23711340206185566,0.8673999999999986
15755,linear_development,4,0.8825820060248756,0.855637070667628,0.9050409152089719,0.886029266316549,0.1935452900514758,0.9230769230769231,0.05333333333333334,0.18681318681318682,0.8999649999999995
15755,linear_development,5,0.8963463207898961,0.9011906817167255,0.938998688045703,0.9219926434605733,0.1779313390335141,0.8941176470588236,0.0425,0.25882352941176473,0.8771299999999996
15755,linear_development,6,0.9068182720597396,0.9339784588984938,0.95,0.9478777307093377,0.14787264618173904,0.9382716049382716,0.03666666666666667,0.1728395061728395,0.918449166666666
15755,interaction_development,1,0.6998185113647182,0.4798174140509839,0.5760188087486724,0.5893295374086714,0.4630335883839035,0.7473684210526316,0.14416666666666667,0.3368421052631579,0.8058874999999965
15755,interaction_development,2,0.8279093907949114,0.6707536087565452,0.7514066674357263,0.74006863849201,0.325828838506225,0.8854166666666666,0.10083333333333333,0.20833333333333334,0.8754499999999977
15755,interaction_development,3,0.8778494928283751,0.780007042557628,0.8447294377643383,0.8263213493876014,0.25212532389503134,0.8735632183908046,0.06916666666666667,0.22988505747126436,0.8816233333333318
15755,interaction_development,4,0.9011799094587962,0.8640686813608425,0.9114825273988391,0.8926858010743498,0.20171726867718948,0.9339622641509434,0.04666666666666667,0.24528301886792453,0.8564483333333323
15755,interaction_development,5,0.9119723627958691,0.9160094777496661,0.9495374857739927,0.9336916929602631,0.15652397177462044,0.9270833333333334,0.035,0.16666666666666666,0.9086458333333332
15755,interaction_development,6,0.9151571768192255,0.9442166719662608,0.95,0.95,0.13776898324851608,0.9166666666666666,0.034166666666666665,0.19047619047619047,0.9090524999999993
15755,feedback_development,1,0.7332498977611663,0.6085884787617246,0.6546926658549272,0.563856280042838,0.4827115946217123,0.775,0.15416666666666667,0.3375,0.8287074999999967
15755,feedback_development,2,0.8695771266220554,0.8708244860737201,0.8802275861337931,0.727248211884903,0.3350573389768891,0.87,0.08833333333333333,0.22,0.8675441666666645
15755,feedback_development,3,0.9015398157203316,0.95,0.95,0.823157240537258,0.24003495766606817,0.8928571428571429,0.045,0.14285714285714285,0.9269691666666667
15755,feedback_development,4,0.9100556759809734,0.95,0.95,0.8880684553012917,0.1782260681804959,0.9550561797752809,0.04083333333333333,0.14606741573033707,0.9224624999999995
15755,feedback_development,5,0.913620331542705,0.95,0.95,0.9256593016930983,0.15045405844289486,0.927710843373494,0.035,0.18072289156626506,0.9141774999999993
15755,feedback_development,6,0.9152904240199033,0.95,0.95,0.95,0.14036986884927646,0.9175257731958762,0.03333333333333333,0.2268041237113402,0.8792624999999993
15756,static_quality,1,0.58,0.24,0.34,0.4,0.62,0.7032967032967034,0.1875,0.37362637362637363,0.7867699999999954
15756,static_quality,2,0.58,0.24,0.34,0.4,0.62,0.6736842105263158,0.17916666666666667,0.37894736842105264,0.7789808333333288
15756,static_quality,3,0.58,0.24,0.34,0.4,0.62,0.6966292134831461,0.17833333333333334,0.4044943820224719,0.778913333333329
15756,static_quality,4,0.58,0.24,0.34,0.4,0.62,0.7553191489361702,0.18083333333333335,0.35106382978723405,0.7931399999999961
15756,static_quality,5,0.58,0.24,0.34,0.4,0.62,0.7529411764705882,0.1825,0.3411764705882353,0.8128899999999954
15756,static_quality,6,0.58,0.24,0.34,0.4,0.62,0.6176470588235294,0.17833333333333334,0.5294117647058824,0.7791033333333295
15756,linear_development,1,0.7604877982754847,0.5101990159926683,0.604779852685113,0.6133150126257907,0.43793389772752617,0.7570093457943925,0.11083333333333334,0.3177570093457944,0.8026308333333307
15756,linear_development,2,0.8156904315846298,0.6687662059925003,0.7496542471658875,0.7384996363098693,0.34082074104321153,0.8315789473684211,0.09333333333333334,0.3157894736842105,0.8268124999999972
15756,linear_development,3,0.857072294963737,0.7826390383004685,0.846895617378088,0.8283992407635282,0.24772156345411295,0.9285714285714286,0.059166666666666666,0.16666666666666666,0.913554166666666
15756,linear_development,4,0.8824149112454341,0.8582200433816356,0.9070211295750852,0.8880684553012917,0.20173904496816283,0.9021739130434783,0.059166666666666666,0.22826086956521738,0.8786716666666651
15756,linear_development,5,0.899109382116348,0.9075199339314077,0.9435347950369137,0.9269894215247961,0.16747860652789753,0.898876404494382,0.04,0.20224719101123595,0.8976258333333333
15756,linear_development,6,0.9087446390161726,0.94251262229028,0.95,0.95,0.14018272689815997,0.875,0.029166666666666667,0.17708333333333334,0.9046733333333337
15756,interaction_development,1,0.6722149439989984,0.4408617581285113,0.5387295763754438,0.5585750722067193,0.4940153632714053,0.686046511627907,0.17083333333333334,0.4069767441860465,0.78546083333333
15756,interaction_development,2,0.793471094112023,0.6172973992635556,0.7036818428828121,0.6978663678396498,0.381625358284291,0.8,0.1025,0.3368421052631579,0.8146583333333313
15756,interaction_development,3,0.8650862656578393,0.7518689632229225,0.8213083925235273,0.8041070762286233,0.2886188983508515,0.8865979381443299,0.07416666666666667,0.25773195876288657,0.8555408333333312
15756,interaction_development,4,0.894611790697335,0.8400857552945104,0.8929961766200218,0.8737519120746139,0.22650422443884868,0.8958333333333334,0.04416666666666667,0.23958333333333334,0.8716383333333323
15756,interaction_development,5,0.9087692333356335,0.8993905558096315,0.9376995146557529,0.920571491428657,0.17280777251497595,0.9032258064516129,0.045,0.17204301075268819,0.9069091666666662
15756,interaction_development,6,0.9140172187230786,0.937459245378924,0.95,0.95,0.1537350691206782,0.8712871287128713,0.03916666666666667,0.21782178217821782,0.8772141666666661
15756,feedback_development,1,0.7584670996013593,0.6487577955385173,0.6888848749014056,0.5843567819478961,0.45543829385994034,0.8214285714285714,0.14583333333333334,0.27380952380952384,0.8506966666666638
15756,feedback_development,2,0.8718440536419866,0.8782280307535968,0.8867543185456805,0.7337355757174909,0.3348604011948611,0.8461538461538461,0.07166666666666667,0.28846153846153844,0.8310816666666647
15756,feedback_development,3,0.8995569539243724,0.95,0.95,0.8199354873835905,0.2611740158225463,0.9285714285714286,0.04416666666666667,0.2261904761904762,0.892059166666666
15756,feedback_development,4,0.9072751928143337,0.95,0.95,0.8804079614533344,0.21434457979029067,0.9101123595505618,0.041666666666666664,0.23595505617977527,0.8826141666666653
15756,feedback_development,5,0.9121177247322733,0.95,0.95,0.9200920436908018,0.17255529787038693,0.9024390243902439,0.029166666666666667,0.18292682926829268,0.9149375
15756,feedback_development,6,0.9141886297435525,0.95,0.95,0.95,0.16169993157361723,0.9339622641509434,0.034166666666666665,0.24528301886792453,0.8589699999999993
15757,static_quality,1,0.58,0.24,0.34,0.4,0.62,0.6632653061224489,0.16333333333333333,0.45918367346938777,0.7366566666666632
15757,static_quality,2,0.58,0.24,0.34,0.4,0.62,0.7216494845360825,0.18333333333333332,0.3402061855670103,0.7925033333333286
15757,static_quality,3,0.58,0.24,0.34,0.4,0.62,0.7662337662337663,0.16583333333333333,0.36363636363636365,0.8213408333333295
15757,static_quality,4,0.58,0.24,0.34,0.4,0.62,0.7777777777777778,0.17666666666666667,0.32222222222222224,0.8143716666666619
15757,static_quality,5,0.58,0.24,0.34,0.4,0.62,0.7325581395348837,0.18666666666666668,0.36046511627906974,0.8020816666666619
15757,static_quality,6,0.58,0.24,0.34,0.4,0.62,0.75,0.19583333333333333,0.3804347826086957,0.7803066666666612
15757,linear_development,1,0.7443780333464067,0.46714349524443954,0.5639366400664106,0.5793238120350839,0.47347029642777466,0.7526881720430108,0.12833333333333333,0.3655913978494624,0.7991016666666634
15757,linear_development,2,0.8078665464511353,0.646096864225976,0.7295428330588625,0.7206027875468237,0.3546563281541822,0.8297872340425532,0.105,0.2765957446808511,0.8438416666666643
15757,linear_development,3,0.8463671840175495,0.756308577329242,0.8250347099054556,0.8076120347336122,0.28069642656307636,0.8674698795180723,0.075,0.25301204819277107,0.8752899999999982
15757,linear_development,4,0.8733836758593824,0.8332052178704346,0.8876030422395165,0.8683199088450803,0.2235693512466276,0.8734177215189873,0.06,0.20253164556962025,0.9035758333333329
15757,linear_development,5,0.8942827399007387,0.892504936296908,0.9326946330244794,0.9151354760238753,0.17573752248108485,0.8764044943820225,0.050833333333333335,0.1797752808988764,0.9055083333333327
15757,linear_development,6,0.9018386979805513,0.9241773748764875,0.95,0.9401400327972274,0.17775837928751187,0.8214285714285714,0.051666666666666666,0.30952380952380953,0.855456666666665
15757,interaction_development,1,0.6912508267765746,0.46714349524443954,0.5639366400664106,0.5793238120350839,0.46984840320061116,0.7472527472527473,0.175,0.3516483516483517,0.7995099999999963
15757,interaction_development,2,0.8152311762228275,0.646096864225976,0.7295428330588625,0.7206027875468237,0.3416516313983477,0.8636363636363636,0.10416666666666667,0.22727272727272727,0.8744158333333314
15757,interaction_development,3,0.8678258789104063,0.7518689632229225,0.8213083925235273,0.8041070762286233,0.2675515915181764,0.9066666666666666,0.056666666666666664,0.21333333333333335,0.9040574999999992
15757,interaction_development,4,0.8940683832794041,0.8291413687851972,0.8844000723176026,0.8651116069356823,0.20707845686252493,0.9066666666666666,0.06166666666666667,0.17333333333333334,0.9180258333333319
15757,interaction_development,5,0.9083706184816849,0.892504936296908,0.9326946330244794,0.9151354760238753,0.1634112642739461,0.925531914893617,0.04,0.18085106382978725,0.9030391666666663
15757,interaction_development,6,0.9145835786254155,0.9327756666049334,0.95,0.9469281578460005,0.13578688431980973,0.9263157894736842,0.041666666666666664,0.17894736842105263,0.9022341666666661
15757,feedback_development,1,0.8064469673915065,0.7339558556843276,0.7616338055258542,0.631490755981905,0.41059423235731496,0.8207547169811321,0.11333333333333333,0.2358490566037736,0.8471949999999976
15757,feedback_development,2,0.882958555426002,0.9012978134337017,0.9071789715283447,0.7552500985616284,0.2983776562749504,0.9036144578313253,0.07083333333333333,0.18072289156626506,0.9065216666666653
15757,feedback_development,3,0.9042751711298482,0.95,0.95,0.8432112235462492,0.2228690842582233,0.8681318681318682,0.043333333333333335,0.18681318681318682,0.9019858333333336
15757,feedback_development,4,0.9102836423933618,0.95,0.95,0.8964916240844065,0.18222402345476854,0.9418604651162791,0.04083333333333333,0.19767441860465115,0.9026375000000002
15757,feedback_development,5,0.9125786605974621,0.95,0.95,0.9261053458829397,0.16984214487177673,0.8421052631578947,0.04666666666666667,0.2631578947368421,0.8862308333333323
15757,feedback_development,6,0.9150292075737994,0.95,0.95,0.95,0.14554301315829216,0.9418604651162791,0.03166666666666667,0.19767441860465115,0.9046166666666663
15758,static_quality,1,0.58,0.24,0.34,0.4,0.62,0.7037037037037037,0.18416666666666667,0.41975308641975306,0.7874708333333288
15758,static_quality,2,0.58,0.24,0.34,0.4,0.62,0.7157894736842105,0.1975,0.3684210526315789,0.7795583333333285
15758,static_quality,3,0.58,0.24,0.34,0.4,0.62,0.7156862745098039,0.16583333333333333,0.3627450980392157,0.7762399999999962
15758,static_quality,4,0.58,0.24,0.34,0.4,0.62,0.7073170731707317,0.2,0.35365853658536583,0.8096574999999951
15758,static_quality,5,0.58,0.24,0.34,0.4,0.62,0.6875,0.17583333333333334,0.4375,0.7138466666666632
15758,static_quality,6,0.58,0.24,0.34,0.4,0.62,0.6105263157894737,0.18583333333333332,0.45263157894736844,0.7422666666666625
15758,linear_development,1,0.7601830270567447,0.5072424708175737,0.601993809350567,0.6109808980138739,0.43275977764158935,0.8144329896907216,0.10916666666666666,0.25773195876288657,0.8480833333333302
15758,linear_development,2,0.822737027614852,0.6862295080119165,0.7649915574398548,0.7522864536936188,0.3202977323372756,0.8380952380952381,0.08333333333333333,0.2857142857142857,0.8285766666666645
15758,linear_development,3,0.860090131625622,0.7940987389411096,0.856275482600457,0.8374463728482447,0.24886695986007726,0.8478260869565217,0.06833333333333333,0.2391304347826087,0.8715541666666655
15758,linear_development,4,0.883054361957605,0.8615922601839825,0.9095973295028459,0.8907307317241973,0.20425973133859623,0.8823529411764706,0.058333333333333334,0.2235294117647059,0.8888591666666652
15758,linear_development,5,0.9005551247046131,0.911866867485341,0.9466204514001462,0.930421211172638,0.16457400906181058,0.9021739130434783,0.045,0.18478260869565216,0.9019858333333326
15758,linear_development,6,0.9097557521406646,0.9438799516763187,0.95,0.95,0.131920407479512,0.9431818181818182,0.04666666666666667,0.14772727272727273,0.9213741666666662
15758,interaction_development,1,0.6694897320572815,0.4374866781976975,0.5354779218282415,0.5559105354192347,0.4971641720908475,0.7682926829268293,0.16666666666666666,0.3902439024390244,0.8013941666666631
15758,interaction_development,2,0.8008620088267391,0.6263999280785356,0.7118920395809525,0.7050525747988445,0.3674462420574751,0.8085106382978723,0.10583333333333333,0.2765957446808511,0.8438308333333304
15758,interaction_development,3,0.8700772118473916,0.7621047443596084,0.8298825378651015,0.8121879560733751,0.274422003191099,0.8686868686868687,0.0675,0.24242424242424243,0.8618841666666649
15758,interaction_development,4,0.8974354145981451,0.8476023653664214,0.8988436189292894,0.8796860779208596,0.2108149250281033,0.9032258064516129,0.05583333333333333,0.20430107526881722,0.8894991666666653
15758,interaction_development,5,0.9077673956612317,0.896317173549801,0.9354724482903182,0.9181451370130013,0.18159712330697492,0.891566265060241,0.0275,0.2289156626506024,0.895245833333333
15758,interaction_development,6,0.9123200706597221,0.9281748939291689,0.95,0.9432959688914495,0.16868030665319883,0.8902439024390244,0.03166666666666667,0.25609756097560976,0.8843633333333336
15758,feedback_development,1,0.8064567508534296,0.7341529899162975,0.7617749029812686,0.631490755981905,0.41081479144447347,0.875,0.13416666666666666,0.22115384615384615,0.8527291666666639
15758,feedback_development,2,0.8801685828984989,0.8967514801822699,0.9031358395827593,0.7507912008990129,0.31150457777595497,0.7816091954022989,0.06333333333333334,0.25287356321839083,0.8731341666666653
15758,feedback_development,3,0.902748050852389,0.95,0.95,0.8393911644434883,0.2395371960388544,0.9148936170212766,0.041666666666666664,0.22340425531914893,0.8824158333333323
15758,feedback_development,4,0.909735563375245,0.95,0.95,0.8995598352547073,0.19386918097706737,0.8921568627450981,0.045,0.23529411764705882,0.8663108333333319
15758,feedback_development,5,0.9136284576656519,0.95,0.95,0.9386815826595585,0.16208972915312914,0.883495145631068,0.043333333333333335,0.20388349514563106,0.8819733333333322
15758,feedback_development,6,0.9147228522773789,0.95,0.95,0.95,0.1515165827414333,0.9146341463414634,0.035833333333333335,0.23170731707317074,0.8937116666666659
15759,static_quality,1,0.58,0.24,0.34,0.4,0.62,0.6914893617021277,0.18083333333333335,0.39361702127659576,0.7733683333333283
15759,static_quality,2,0.58,0.24,0.34,0.4,0.62,0.7619047619047619,0.19,0.38095238095238093,0.7964949999999953
15759,static_quality,3,0.58,0.24,0.34,0.4,0.62,0.6941176470588235,0.18166666666666667,0.36470588235294116,0.8029908333333283
15759,static_quality,4,0.58,0.24,0.34,0.4,0.62,0.6534653465346535,0.16916666666666666,0.4752475247524752,0.7206174999999966
15759,static_quality,5,0.58,0.24,0.34,0.4,0.62,0.6829268292682927,0.18583333333333332,0.3902439024390244,0.7971824999999951
15759,static_quality,6,0.58,0.24,0.34,0.4,0.62,0.6818181818181818,0.165,0.4090909090909091,0.7816833333333293
15759,linear_development,1,0.7276496505099356,0.4237813978582655,0.5222404617217175,0.5450905772565253,0.5134967176942647,0.7108433734939759,0.15083333333333335,0.4457831325301205,0.7798016666666631
15759,linear_development,2,0.7942206095201652,0.6079730931068277,0.6952376806610391,0.690505073505391,0.38209099470025537,0.8409090909090909,0.10416666666666667,0.2727272727272727,0.8545991666666635
15759,linear_development,3,0.8385127222166215,0.736477776526928,0.8083046091672872,0.7919561393633647,0.30328402775642166,0.8526315789473684,0.07833333333333334,0.30526315789473685,0.8346116666666646
15759,linear_development,4,0.8750185773411763,0.8391204781634913,0.8922418697079777,0.8729898511817041,0.22322289104197038,0.8942307692307693,0.05583333333333333,0.21153846153846154,0.874221666666665
15759,linear_development,5,0.8921829616954238,0.8912032924882373,0.9317423708400692,0.9141078624907143,0.19245389062450832,0.9069767441860465,0.04666666666666667,0.2441860465116279,0.8820199999999992
15759,linear_development,6,0.9036007252509723,0.9290342094982003,0.95,0.9439743759196322,0.16788838637529394,0.8924731182795699,0.04083333333333333,0.23655913978494625,0.8775633333333328
15759,interaction_development,1,0.6472875652220524,0.4061792726914087,0.5051619077973627,0.5311941626511121,0.529361226938879,0.6455696202531646,0.1725,0.4810126582278481,0.7703691666666626
15759,interaction_development,2,0.8098480511693449,0.6396493933358092,0.7237827806410643,0.7155126789493237,0.3542313168584223,0.8611111111111112,0.125,0.23148148148148148,0.8444908333333304
15759,interaction_development,3,0.8648023313700937,0.7503711903651132,0.8200487336591412,0.8029246239724581,0.28718611127752525,0.8045977011494253,0.06583333333333333,0.2988505747126437,0.8523541666666654
15759,interaction_development,4,0.8975474446785889,0.8485167511742229,0.8995517135967844,0.8804079614533344,0.2115778064130709,0.8952380952380953,0.03666666666666667,0.20952380952380953,0.8781883333333328
15759,interaction_development,5,0.9128574008438124,0.9155024927059016,0.9491817580805566,0.9332914416099226,0.13932358534428424,0.9722222222222222,0.034166666666666665,0.10185185185185185,0.9337424999999993
15759,interaction_development,6,0.9161642464100721,0.9484145269014073,0.95,0.95,0.12103927075316882,0.94,0.04083333333333333,0.18,0.8973758333333325
15759,feedback_development,1,0.7954424984241973,0.7143738842039585,0.7449016039964098,0.6202336639438474,0.42304479668659833,0.7884615384615384,0.12833333333333333,0.2692307692307692,0.8293633333333309
15759,feedback_development,2,0.8719356300709675,0.878239452839519,0.8867627987486362,0.7337355757174909,0.3341954450487121,0.8313253012048193,0.060833333333333336,0.2891566265060241,0.8636258333333318
15759,feedback_development,3,0.9008894750963242,0.95,0.95,0.829428845318947,0.2537863454375702,0.90625,0.0375,0.22916666666666666,0.8783841666666654
15759,feedback_development,4,0.9088308418429867,0.95,0.95,0.8939697081502962,0.20545505259524974,0.8846153846153846,0.04416666666666667,0.2403846153846154,0.8619758333333317
15759,feedback_development,5,0.9124988214308638,0.95,0.95,0.9340895428025016,0.1783397282217279,0.9230769230769231,0.04,0.2403846153846154,0.862374999999999
15759,feedback_development,6,0.9127886149349935,0.95,0.95,0.95,0.1870716449563283,0.89,0.034166666666666665,0.32,0.8287291666666661
15760,static_quality,1,0.58,0.24,0.34,0.4,0.62,0.7065217391304348,0.17083333333333334,0.34782608695652173,0.800289166666662
15760,static_quality,2,0.58,0.24,0.34,0.4,0.62,0.7333333333333333,0.17166666666666666,0.3523809523809524,0.7751283333333295
15760,static_quality,3,0.58,0.24,0.34,0.4,0.62,0.625,0.17666666666666667,0.4791666666666667,0.7293374999999963
15760,static_quality,4,0.58,0.24,0.34,0.4,0.62,0.6595744680851063,0.17416666666666666,0.40425531914893614,0.7694208333333296
15760,static_quality,5,0.58,0.24,0.34,0.4,0.62,0.7064220183486238,0.18083333333333335,0.3761467889908257,0.7531458333333291
15760,static_quality,6,0.58,0.24,0.34,0.4,0.62,0.7,0.16583333333333333,0.425,0.7913458333333295
15760,linear_development,1,0.7491478830579692,0.4798174140509839,0.5760188087486724,0.5893295374086714,0.4628049691800499,0.7731958762886598,0.12083333333333333,0.35051546391752575,0.8005958333333305
15760,linear_development,2,0.7983847056734654,0.6218760531787664,0.7078157774927539,0.7014810946148162,0.37989001411047524,0.7590361445783133,0.10833333333333334,0.3614457831325301,0.8235483333333301
15760,linear_development,3,0.8435361139528091,0.7503711903651132,0.8200487336591412,0.8029246239724581,0.2920482246366254,0.8829787234042553,0.06833333333333333,0.26595744680851063,0.8571258333333318
15760,linear_development,4,0.8706726999536958,0.8321984083203567,0.8868107172603389,0.867525059200282,0.24679418522197008,0.8617021276595744,0.058333333333333334,0.2978723404255319,0.8439791666666651
15760,linear_development,5,0.8900517157479068,0.8885525297086495,0.929797236937012,0.9120151550331449,0.20606286693683673,0.9010989010989011,0.0375,0.25274725274725274,0.8730249999999986
15760,linear_development,6,0.8993217740927477,0.9209149987778804,0.95,0.9375644727193797,0.19589114680442463,0.8536585365853658,0.043333333333333335,0.3048780487804878,0.8619758333333326
15760,interaction_development,1,0.6840223349203419,0.45743581973731673,0.5546495953224815,0.5716598576873552,0.47875119173751945,0.7032967032967034,0.17083333333333334,0.38461538461538464,0.7855699999999962
15760,interaction_development,2,0.7978670880314334,0.6218760531787664,0.7078157774927539,0.7014810946148162,0.37121452999444904,0.8235294117647058,0.11416666666666667,0.29411764705882354,0.8472558333333305
15760,interaction_development,3,0.8737890922905366,0.7719182840192141,0.8380452706653891,0.8199354873835905,0.2675965756926235,0.8571428571428571,0.06333333333333334,0.25,0.8424899999999987
15760,interaction_development,4,0.8978440219529029,0.8476023653664214,0.8988436189292894,0.8796860779208596,0.20583927997270338,0.8888888888888888,0.04083333333333333,0.1728395061728395,0.9178274999999997
15760,interaction_development,5,0.9081147835509559,0.8981722890761384,0.9368180634590704,0.919609701902215,0.18038530712359083,0.898876404494382,0.04833333333333333,0.24719101123595505,0.8758899999999988
15760,interaction_development,6,0.9133304873590065,0.9307221210819664,0.95,0.9453069376962897,0.15626310211256716,0.9012345679012346,0.0325,0.20987654320987653,0.904155833333333
15760,feedback_development,1,0.7875913828217418,0.6982039518702281,0.731050161676015,0.6109808980138739,0.4263282029727922,0.8191489361702128,0.135,0.23404255319148937,0.8578141666666642
15760,feedback_development,2,0.8751313048960869,0.8820029931157511,0.8900570741010282,0.7369211632896069,0.31809843270276783,0.9523809523809523,0.05583333333333333,0.2261904761904762,0.8893483333333324
15760,feedback_development,3,0.901038019973049,0.95,0.95,0.8252729873114703,0.2482072606462068,0.8636363636363636,0.035833333333333335,0.22727272727272727,0.8889024999999993
15760,feedback_development,4,0.9076610089382459,0.95,0.95,0.8782292122158095,0.20668460041334588,0.8461538461538461,0.04416666666666667,0.23076923076923078,0.8969524999999997
15760,feedback_development,5,0.9111936021275033,0.95,0.95,0.9135893988840184,0.1825531125099824,0.92,0.04666666666666667,0.24,0.8964424999999993
15760,feedback_development,6,0.9133578843683543,0.95,0.95,0.9426093471203979,0.17052250170498445,0.8478260869565217,0.029166666666666667,0.2608695652173913,0.8700858333333328
15761,static_quality,1,0.58,0.24,0.34,0.4,0.62,0.6808510638297872,0.16666666666666666,0.4148936170212766,0.7664541666666626
15761,static_quality,2,0.58,0.24,0.34,0.4,0.62,0.6176470588235294,0.1875,0.46078431372549017,0.7219099999999964
15761,static_quality,3,0.58,0.24,0.34,0.4,0.62,0.72,0.18916666666666668,0.36,0.776355833333329
15761,static_quality,4,0.58,0.24,0.34,0.4,0.62,0.6493506493506493,0.19666666666666666,0.42857142857142855,0.7900558333333294
15761,static_quality,5,0.58,0.24,0.34,0.4,0.62,0.7319587628865979,0.18,0.35051546391752575,0.7884191666666616
15761,static_quality,6,0.58,0.24,0.34,0.4,0.62,0.7471264367816092,0.16,0.3333333333333333,0.8174716666666628
15761,linear_development,1,0.7438602689839058,0.46714349524443954,0.5639366400664106,0.5793238120350839,0.46675426364377726,0.7674418604651163,0.13333333333333333,0.313953488372093,0.8332666666666639
15761,linear_development,2,0.8017781483198898,0.630869679339004,0.7159114337367587,0.7085813257939512,0.37176102629933494,0.7802197802197802,0.1025,0.32967032967032966,0.824567499999997
15761,linear_development,3,0.8461348951181628,0.7548376029469235,0.8238013191394316,0.806450739168624,0.2790430410820004,0.8850574712643678,0.06916666666666667,0.21839080459770116,0.8865983333333319
15761,linear_development,4,0.8799313701837919,0.8512271221825954,0.9016463961669129,0.8825477280388917,0.20397189504947733,0.883495145631068,0.06416666666666666,0.1941747572815534,0.8824849999999984
15761,linear_development,5,0.8975336802686915,0.9041196026992531,0.9411040518244503,0.9243049494994109,0.17396974432129,0.8617021276595744,0.0425,0.22340425531914893,0.8825666666666656
15761,linear_development,6,0.9041274309113496,0.9290342094982003,0.95,0.9439743759196322,0.16465210054783566,0.8805970149253731,0.04,0.2537313432835821,0.9032825000000001
15761,interaction_development,1,0.6741442138209841,0.4475512880542618,0.54516476005543,0.563856280042838,0.4889695069886288,0.7209302325581395,0.175,0.38372093023255816,0.7945791666666615
15761,interaction_development,2,0.7879294719781778,0.6079730931068277,0.6952376806610391,0.690505073505391,0.3853912232765472,0.7831325301204819,0.10833333333333334,0.3132530120481928,0.8433999999999972
15761,interaction_development,3,0.862549547501166,0.7427456164316879,0.8136159842115139,0.7969044340250171,0.2856635873145449,0.8977272727272727,0.07166666666666667,0.20454545454545456,0.8909099999999991
15761,interaction_development,4,0.8968014337193376,0.8448259578873488,0.8966892443051965,0.8774941772794864,0.211990103781606,0.8691588785046729,0.05,0.21495327102803738,0.8705608333333323
15761,interaction_development,5,0.9098320553512147,0.9046948850830575,0.9415163234616792,0.9247591198024144,0.16755660201823022,0.89,0.035,0.19,0.8933033333333333
15761,interaction_development,6,0.9145231906068778,0.937459245378924,0.95,0.95,0.14405758634417826,0.9186046511627907,0.029166666666666667,0.18604651162790697,0.9103199999999997
15761,feedback_development,1,0.7336485827071807,0.6135152752326326,0.658927685830143,0.5664731423625811,0.4908662803828081,0.7802197802197802,0.12833333333333333,0.4065934065934066,0.7842341666666639
15761,feedback_development,2,0.849215184802963,0.8289039384719158,0.8436163962602847,0.6942078708059725,0.37884723562032935,0.825,0.09166666666666666,0.275,0.866839999999999
15761,feedback_development,3,0.8930109356155902,0.9355889886261717,0.9381137902087651,0.7944451761120214,0.28950048155102126,0.9204545454545454,0.050833333333333335,0.25,0.8757341666666656
15761,feedback_development,4,0.9035187122753203,0.95,0.95,0.8550100272786813,0.24356148833993976,0.9113924050632911,0.051666666666666666,0.26582278481012656,0.8801224999999996
15761,feedback_development,5,0.9092312933122053,0.95,0.95,0.9013569323774057,0.20341643538815887,0.8928571428571429,0.043333333333333335,0.23809523809523808,0.8869191666666658
15761,feedback_development,6,0.9117478389475585,0.95,0.95,0.9291536123011097,0.1869614134000841,0.88,0.04,0.26666666666666666,0.8882699999999994
15762,static_quality,1,0.58,0.24,0.34,0.4,0.62,0.7472527472527473,0.1675,0.3626373626373626,0.7960766666666619
15762,static_quality,2,0.58,0.24,0.34,0.4,0.62,0.7023809523809523,0.1825,0.35714285714285715,0.8079841666666624
15762,static_quality,3,0.58,0.24,0.34,0.4,0.62,0.7083333333333334,0.17833333333333334,0.4166666666666667,0.7590224999999957
15762,static_quality,4,0.58,0.24,0.34,0.4,0.62,0.7252747252747253,0.17666666666666667,0.34065934065934067,0.8044516666666621
15762,static_quality,5,0.58,0.24,0.34,0.4,0.62,0.6708860759493671,0.19583333333333333,0.45569620253164556,0.7750849999999961
15762,static_quality,6,0.58,0.24,0.34,0.4,0.62,0.7261904761904762,0.18083333333333335,0.34523809523809523,0.8133341666666623
15762,linear_development,1,0.7769923544452509,0.5524769393209612,0.6443049649635373,0.6466923205165486,0.395927991989133,0.8596491228070176,0.11833333333333333,0.22807017543859648,0.8406933333333303
15762,linear_development,2,0.829108765705589,0.704555477481342,0.7809335102466721,0.7667543243273758,0.30835030533549407,0.84375,0.08666666666666667,0.28125,0.8431233333333307
15762,linear_development,3,0.8623252756477422,0.801400883158582,0.8622072555993767,0.8432112235462492,0.24883890592397226,0.9213483146067416,0.058333333333333334,0.25842696629213485,0.8691608333333317
15762,linear_development,4,0.8888986804500885,0.8772877089036011,0.9214463752722883,0.9031218754502117,0.1885351934347826,0.94,0.04666666666666667,0.2,0.8861558333333335
15762,linear_development,5,0.9000494356825561,0.914992447390243,0.9488235227397347,0.9328887742554554,0.17718630931346963,0.8452380952380952,0.049166666666666664,0.27380952380952384,0.8711741666666658
15762,linear_development,6,0.9082614752089876,0.9442166719662608,0.95,0.95,0.14648833664256922,0.9058823529411765,0.0425,0.17647058823529413,0.9122158333333332
15762,interaction_development,1,0.7068048204773781,0.4860408785092779,0.5819337703478197,0.5942427988231141,0.4465138611792456,0.8260869565217391,0.17083333333333334,0.29347826086956524,0.8255466666666631
15762,interaction_development,2,0.8178494655437223,0.6482202830406202,0.7314360332274504,0.7222791708215428,0.3326471206137874,0.8888888888888888,0.1075,0.2222222222222222,0.8833858333333308
15762,interaction_development,3,0.8685238635314876,0.7548376029469235,0.8238013191394316,0.806450739168624,0.26926436988268065,0.8536585365853658,0.06166666666666667,0.2682926829268293,0.8732408333333325
15762,interaction_development,4,0.8979903403822111,0.8466824601271845,0.8981305326578947,0.8789598369425147,0.20188503344854872,0.9473684210526315,0.051666666666666666,0.17894736842105263,0.9004216666666661
15762,interaction_development,5,0.9071697602283922,0.8931499066791265,0.9331657705933081,0.9156446631677321,0.18360444656452637,0.8641975308641975,0.034166666666666665,0.25925925925925924,0.8841783333333327
15762,interaction_development,6,0.9125625412686097,0.9273051730191701,0.95,0.9426093471203979,0.16470350667940464,0.9036144578313253,0.043333333333333335,0.2289156626506024,0.8921266666666658
15762,feedback_development,1,0.7362515684255165,0.6136089916809612,0.6589937595394123,0.5664731423625811,0.48010558203104997,0.8072289156626506,0.15833333333333333,0.3493975903614458,0.8179683333333299
15762,feedback_development,2,0.8520658991540335,0.8339604149519463,0.8479962348274687,0.6978663678396498,0.3721429946825991,0.7906976744186046,0.08583333333333333,0.3023255813953488,0.8478708333333316
15762,feedback_development,3,0.8922087580223176,0.931710564293827,0.9345759114465266,0.7894369631909817,0.28745925055857374,0.8961038961038961,0.0575,0.22077922077922077,0.8991849999999993
15762,feedback_development,4,0.9047848821226607,0.95,0.95,0.8626541859642591,0.23356359397319928,0.8947368421052632,0.028333333333333332,0.25263157894736843,0.8701891666666656
15762,feedback_development,5,0.9091461777961412,0.95,0.95,0.9059935516915996,0.20706321800213592,0.8390804597701149,0.03833333333333333,0.27586206896551724,0.8680908333333317
15762,feedback_development,6,0.9145847293760239,0.95,0.95,0.9466078046740447,0.15114649475858247,0.8928571428571429,0.04083333333333333,0.16071428571428573,0.8975699999999991
15763,static_quality,1,0.58,0.24,0.34,0.4,0.62,0.6041666666666666,0.17333333333333334,0.5208333333333334,0.7099774999999962
15763,static_quality,2,0.58,0.24,0.34,0.4,0.62,0.7613636363636364,0.18,0.3409090909090909,0.8084333333333288
15763,static_quality,3,0.58,0.24,0.34,0.4,0.62,0.6914893617021277,0.1775,0.39361702127659576,0.7740549999999957
15763,static_quality,4,0.58,0.24,0.34,0.4,0.62,0.7613636363636364,0.16166666666666665,0.3181818181818182,0.8222424999999951
15763,static_quality,5,0.58,0.24,0.34,0.4,0.62,0.6630434782608695,0.16333333333333333,0.40217391304347827,0.7768474999999955
15763,static_quality,6,0.58,0.24,0.34,0.4,0.62,0.6976744186046512,0.18583333333333332,0.38372093023255816,0.7927291666666618
15763,linear_development,1,0.7390253234145717,0.4541607844439806,0.5515101664878967,0.5690743035084056,0.48878979334912326,0.7717391304347826,0.14333333333333334,0.40217391304347827,0.7806383333333305
15763,linear_development,2,0.8043065353279413,0.6374742387684197,0.7218356300514243,0.7137954516592794,0.36542403164158727,0.8105263157894737,0.09583333333333334,0.28421052631578947,0.8407491666666642
15763,linear_development,3,0.8508103993681275,0.7663612176589014,0.83343005565329,0.8155483297307119,0.26476437096549726,0.9230769230769231,0.07083333333333333,0.1978021978021978,0.8913849999999987
15763,linear_development,4,0.8731567879835033,0.834205986563212,0.8883898209438399,0.8691099893920098,0.228307816103792,0.9102564102564102,0.05,0.2692307692307692,0.8809333333333327
15763,linear_development,5,0.8901498145141956,0.8905465719197558,0.9312611992347122,0.9135893988840184,0.21016084133186108,0.8979591836734694,0.04583333333333333,0.29591836734693877,0.8413241666666655
15763,linear_development,6,0.9033116426005738,0.9268663712466501,0.95,0.9422629246684083,0.16854222352864046,0.9135802469135802,0.0525,0.1728395061728395,0.9151641666666662
15763,interaction_development,1,0.7207094549611208,0.5072424708175737,0.601993809350567,0.6109808980138739,0.4384246699749306,0.8118811881188119,0.15083333333333335,0.2871287128712871,0.8194208333333295
15763,interaction_development,2,0.8273201085824757,0.6687662059925003,0.7496542471658875,0.7384996363098693,0.33119582477257953,0.9,0.1,0.26666666666666666,0.8550533333333309
15763,interaction_development,3,0.8714327270878447,0.76495092319809,0.8322558465793454,0.8144349393669134,0.27032833918828136,0.8701298701298701,0.06583333333333333,0.2597402597402597,0.8822024999999991
15763,interaction_development,4,0.8997824214654939,0.8582200433816356,0.9070211295750852,0.8880684553012917,0.2062795086708685,0.8981481481481481,0.041666666666666664,0.2222222222222222,0.8672558333333321
15763,interaction_development,5,0.909185488962891,0.9035408477859689,0.9406888739420447,0.9238480377257655,0.1754965770733189,0.926829268292683,0.03166666666666667,0.21951219512195122,0.8998258333333339
15763,interaction_development,6,0.9136332343982082,0.9359354795559651,0.95,0.9494227470178676,0.159031754397553,0.9213483146067416,0.03333333333333333,0.23595505617977527,0.8843341666666658
15763,feedback_development,1,0.7705186376616047,0.671707279559397,0.7084887787359192,0.5966773420301754,0.4492780921654157,0.7916666666666666,0.15166666666666667,0.3125,0.8138933333333302
15763,feedback_development,2,0.8695237128803441,0.8688627129228548,0.8785071737449175,0.7256018228218339,0.3311263522062221,0.8641975308641975,0.07,0.20987654320987653,0.8967658333333323
15763,feedback_development,3,0.9001540532802103,0.95,0.95,0.8144349393669134,0.24904558387773829,0.8987341772151899,0.04583333333333333,0.17721518987341772,0.9165408333333327
15763,feedback_development,4,0.9098498600630218,0.95,0.95,0.8920380292498489,0.18522776814535036,0.9099099099099099,0.041666666666666664,0.1891891891891892,0.8823816666666655
15763,feedback_development,5,0.9134362007452234,0.95,0.95,0.9340895428025016,0.16152073553753413,0.8679245283018868,0.0375,0.22641509433962265,0.868014999999999
15763,feedback_development,6,0.9142326845794174,0.95,0.95,0.95,0.16087110775440036,0.8762886597938144,0.045,0.26804123711340205,0.8565783333333324
15764,static_quality,1,0.58,0.24,0.34,0.4,0.62,0.7096774193548387,0.19166666666666668,0.3978494623655914,0.7711183333333284
15764,static_quality,2,0.58,0.24,0.34,0.4,0.62,0.6790123456790124,0.1875,0.4444444444444444,0.7767041666666623
15764,static_quality,3,0.58,0.24,0.34,0.4,0.62,0.7184466019417476,0.17083333333333334,0.39805825242718446,0.7553333333333293
15764,static_quality,4,0.58,0.24,0.34,0.4,0.62,0.7029702970297029,0.17416666666666666,0.33663366336633666,0.7895699999999956
15764,static_quality,5,0.58,0.24,0.34,0.4,0.62,0.7102803738317757,0.15416666666666667,0.3644859813084112,0.768524166666663
15764,static_quality,6,0.58,0.24,0.34,0.4,0.62,0.7678571428571429,0.175,0.3392857142857143,0.7688299999999961
15764,linear_development,1,0.7459030850659306,0.4703406342729729,0.5669890835859458,0.5818478691628733,0.4677196340129285,0.7252747252747253,0.1375,0.34065934065934067,0.8125308333333305
15764,linear_development,2,0.8047989678796875,0.6396493933358092,0.7237827806410643,0.7155126789493237,0.366573730262506,0.7894736842105263,0.10583333333333333,0.3263157894736842,0.8191233333333309
15764,linear_development,3,0.8468685313996435,0.7621047443596084,0.8298825378651015,0.8121879560733751,0.29114160592052785,0.82,0.0775,0.31,0.8248883333333319
15764,linear_development,4,0.8727006837859097,0.8371724088631298,0.8907172662899894,0.8714519017340503,0.23633171727510896,0.891566265060241,0.06666666666666667,0.24096385542168675,0.882394999999999
15764,linear_development,5,0.8936412176794717,0.895691321478673,0.9350175712893436,0.9176510432726371,0.18987214861711313,0.8936170212765957,0.05,0.2127659574468085,0.8857158333333327
15764,linear_development,6,0.9025844776759335,0.9255340096628845,0.95,0.9412110602601723,0.1730833777713084,0.918918918918919,0.03666666666666667,0.24324324324324326,0.8986758333333328
15764,interaction_development,1,0.7053639476099058,0.482938509566678,0.5789866770874317,0.5917935601842195,0.4448487861663716,0.8072289156626506,0.18583333333333332,0.2289156626506024,0.8622291666666625
15764,interaction_development,2,0.8242062576426478,0.6586477914186877,0.7407050936755805,0.7305114142779119,0.3234584989709137,0.875,0.10083333333333333,0.2159090909090909,0.8795683333333316
15764,interaction_development,3,0.87523173938188,0.7719182840192141,0.8380452706653891,0.8199354873835905,0.25541531458494965,0.8651685393258427,0.049166666666666664,0.24719101123595505,0.8757766666666653
15764,interaction_development,4,0.8979522303393964,0.8494256506671776,0.9002548516016069,0.8811255136846144,0.20875704253706956,0.9230769230769231,0.050833333333333335,0.24175824175824176,0.8754483333333322
15764,interaction_development,5,0.9089564318194993,0.9029585993822624,0.940270769327336,0.9233883679333658,0.1778610762136375,0.9032258064516129,0.03916666666666667,0.21505376344086022,0.8879591666666656
15764,interaction_development,6,0.9119543775864319,0.9315509616253417,0.95,0.9459612854936913,0.18206148637796096,0.8837209302325582,0.043333333333333335,0.32558139534883723,0.8470583333333322
15764,feedback_development,1,0.7744460357571821,0.6765377562656789,0.712559540675919,0.5990972779779944,0.4415427606949506,0.8222222222222222,0.16916666666666666,0.25555555555555554,0.8456866666666634
15764,feedback_development,2,0.8802248311564237,0.8966967226564008,0.903094798190885,0.7507912008990129,0.30548686350891885,0.88,0.06416666666666666,0.21,0.877743333333332
15764,feedback_development,3,0.9035255723377644,0.95,0.95,0.8393911644434883,0.2293953785840554,0.9021739130434783,0.04,0.20652173913043478,0.8929449999999991
15764,feedback_development,4,0.9091654179175113,0.95,0.95,0.888740044569484,0.1931464345261771,0.875,0.04,0.2375,0.8929191666666657
15764,feedback_development,5,0.9136155827840591,0.95,0.95,0.9308386839056022,0.15526949833750714,0.9387755102040817,0.04416666666666667,0.19387755102040816,0.8919849999999993
15764,feedback_development,6,0.9140819137289844,0.95,0.95,0.95,0.1636996291158464,0.8709677419354839,0.0325,0.3010752688172043,0.8492283333333325
15765,static_quality,1,0.58,0.24,0.34,0.4,0.62,0.7325581395348837,0.175,0.3488372093023256,0.8096358333333292
15765,static_quality,2,0.58,0.24,0.34,0.4,0.62,0.5865384615384616,0.18666666666666668,0.5096153846153846,0.6918849999999963
15765,static_quality,3,0.58,0.24,0.34,0.4,0.62,0.574468085106383,0.17416666666666666,0.4787234042553192,0.7341749999999965
15765,static_quality,4,0.58,0.24,0.34,0.4,0.62,0.7058823529411765,0.19166666666666668,0.36470588235294116,0.8007374999999953
15765,static_quality,5,0.58,0.24,0.34,0.4,0.62,0.6444444444444445,0.18416666666666667,0.4,0.7775658333333286
15765,static_quality,6,0.58,0.24,0.34,0.4,0.62,0.7176470588235294,0.19083333333333333,0.4235294117647059,0.776235833333329
15765,linear_development,1,0.7571574148571603,0.49826532564940323,0.593517285889653,0.6038936781442656,0.43703424342465236,0.8351648351648352,0.1125,0.24175824175824176,0.8624716666666646
15765,linear_development,2,0.8106685967078674,0.6524289755743222,0.7351827691278943,0.7256018228218339,0.3449412179253129,0.8409090909090909,0.08583333333333333,0.3068181818181818,0.8431549999999979
15765,linear_development,3,0.8522203762402325,0.775999171347193,0.8414225681866759,0.823157240537258,0.2765753968308166,0.8761904761904762,0.060833333333333336,0.3047619047619048,0.8228558333333317
15765,linear_development,4,0.8855117527254076,0.8680979783771774,0.9145375679320715,0.8958668250346142,0.197438059673314,0.9351851851851852,0.05416666666666667,0.18518518518518517,0.8848133333333319
15765,linear_development,5,0.8993953660645395,0.9102612422480718,0.9454836022589271,0.9291536123011097,0.17160925619344666,0.8313253012048193,0.045,0.2289156626506024,0.8919949999999992
15765,linear_development,6,0.9075671856711307,0.9432004012771991,0.95,0.95,0.15208434726643022,0.8979591836734694,0.03333333333333333,0.22448979591836735,0.8791858333333323
15765,interaction_development,1,0.6797309386510545,0.4508659803259362,0.548348606735042,0.5664731423625811,0.4820454188381609,0.75,0.15583333333333332,0.35714285714285715,0.8134491666666634
15765,interaction_development,2,0.8024907678580437,0.630869679339004,0.7159114337367587,0.7085813257939512,0.36258494607703773,0.8541666666666666,0.12583333333333332,0.3125,0.8196524999999973
15765,interaction_development,3,0.8636988521004393,0.7458234078766992,0.8162162276157792,0.7993342693763418,0.2845489181315296,0.8414634146341463,0.07083333333333333,0.24390243902439024,0.881401666666665
15765,interaction_development,4,0.8965262015723778,0.8410452407627433,0.8937452033836817,0.8745094006021662,0.20644137544625737,0.9148936170212766,0.051666666666666666,0.1702127659574468,0.905429166666667
15765,interaction_development,5,0.9092374814678625,0.9046948850830575,0.9415163234616792,0.9247591198024144,0.1772473850816126,0.8839285714285714,0.045,0.24107142857142858,0.8517099999999983
15765,interaction_development,6,0.9144792689740645,0.9407565178983014,0.95,0.95,0.14790506788743632,0.8979591836734694,0.03,0.19387755102040816,0.8946066666666659
15765,feedback_development,1,0.7639587459311652,0.6582318162067673,0.6969561831582637,0.5893295374086714,0.45068358953381915,0.7906976744186046,0.14416666666666667,0.26744186046511625,0.8509366666666636
15765,feedback_development,2,0.869955534823004,0.8690607897733306,0.8786537815689204,0.7256018228218339,0.32822206918933955,0.8588235294117647,0.0725,0.21176470588235294,0.891229999999999
15765,feedback_development,3,0.8964279931367021,0.9431745934650628,0.9449944643154625,0.8041070762286233,0.27322829633257967,0.8205128205128205,0.058333333333333334,0.28205128205128205,0.8741666666666653
15765,feedback_development,4,0.9052849188314047,0.95,0.95,0.8667254116703038,0.2303712396630135,0.8863636363636364,0.043333333333333335,0.2727272727272727,0.8670749999999988
15765,feedback_development,5,0.9113796502077726,0.95,0.95,0.912543064102946,0.1784703542651557,0.9642857142857143,0.030833333333333334,0.16666666666666666,0.9195191666666669
15765,feedback_development,6,0.9133292068075585,0.95,0.95,0.9386815826595585,0.16757354831889992,0.9375,0.05333333333333334,0.2625,0.8800308333333317
15766,static_quality,1,0.58,0.24,0.34,0.4,0.62,0.6263736263736264,0.18416666666666667,0.43956043956043955,0.7576308333333287
15766,static_quality,2,0.58,0.24,0.34,0.4,0.62,0.7959183673469388,0.195,0.3163265306122449,0.7997574999999955
15766,static_quality,3,0.58,0.24,0.34,0.4,0.62,0.6808510638297872,0.15916666666666668,0.4148936170212766,0.7679516666666631
15766,static_quality,4,0.58,0.24,0.34,0.4,0.62,0.7261904761904762,0.1725,0.35714285714285715,0.8100374999999955
15766,static_quality,5,0.58,0.24,0.34,0.4,0.62,0.7195121951219512,0.17916666666666667,0.3902439024390244,0.798759166666662
15766,static_quality,6,0.58,0.24,0.34,0.4,0.62,0.7469879518072289,0.17166666666666666,0.37349397590361444,0.8050766666666622
15766,linear_development,1,0.7629129559806341,0.5131378218967122,0.6075463937163172,0.6156351225500359,0.42286261453797835,0.8282828282828283,0.11666666666666667,0.25252525252525254,0.8468833333333304
15766,linear_development,2,0.8271053304577007,0.6973571590612656,0.7746907845398572,0.7610714413641576,0.308306713939559,0.8301886792452831,0.07833333333333334,0.25471698113207547,0.844612499999998
15766,linear_development,3,0.86244455480429,0.80020209573298,0.8612359069480128,0.8422648124207739,0.24232610267995575,0.8888888888888888,0.0725,0.23333333333333334,0.8762816666666652
15766,linear_development,4,0.8812102198351486,0.8624227066228786,0.910230148196326,0.891386347333852,0.2239418703897369,0.8777777777777778,0.043333333333333335,0.3111111111111111,0.8470866666666657
15766,linear_development,5,0.8999526699308265,0.9139631019418756,0.9480994582822301,0.9320761331120074,0.17554183685205102,0.8865979381443299,0.0475,0.1958762886597938,0.8910208333333323
15766,linear_development,6,0.9078888877662632,0.9432004012771991,0.95,0.95,0.14778559708990732,0.9176470588235294,0.04833333333333333,0.18823529411764706,0.9060666666666651
15766,interaction_development,1,0.6731619922993353,0.44421658757974025,0.5419584693408157,0.561223621773479,0.4969054135123872,0.6451612903225806,0.16583333333333333,0.44086021505376344,0.7560466666666632
15766,interaction_development,2,0.8165513290113783,0.6524289755743222,0.7351827691278943,0.7256018228218339,0.35041720995980763,0.7962962962962963,0.105,0.2777777777777778,0.8240424999999978
15766,interaction_development,3,0.8712337867443739,0.7621047443596084,0.8298825378651015,0.8121879560733751,0.2651016705255389,0.9078947368421053,0.06166666666666667,0.17105263157894737,0.918344999999999
15766,interaction_development,4,0.8991205129566253,0.8530070408928029,0.9030185272939882,0.8839529270206343,0.20258035549481626,0.875,0.0525,0.23076923076923078,0.8650741666666655
15766,interaction_development,5,0.9085884564177894,0.900594247199925,0.9385686687267905,0.9215217741052045,0.17839772236535278,0.8823529411764706,0.04083333333333333,0.23529411764705882,0.8877883333333326
15766,interaction_development,6,0.9136893065028429,0.9351597305725349,0.95,0.9488103136098964,0.15674838559485976,0.8666666666666667,0.03916666666666667,0.2111111111111111,0.8929616666666663
15766,feedback_development,1,0.7804093576464664,0.685232990872737,0.7199956796155754,0.6038936781442656,0.4326384382406106,0.8478260869565217,0.1525,0.25,0.8489833333333302
15766,feedback_development,2,0.8805238444552346,0.8935866505002381,0.9003294015800208,0.7477735638165136,0.30110805890555703,0.9032258064516129,0.08416666666666667,0.1935483870967742,0.8883641666666657
15766,feedback_development,3,0.9046967562895394,0.95,0.95,0.8422648124207739,0.21622759630733226,0.925531914893617,0.049166666666666664,0.1702127659574468,0.905699999999999
15766,feedback_development,4,0.9096793167888073,0.95,0.95,0.8939697081502962,0.18973031385438385,0.875,0.0475,0.25,0.8762949999999989
15766,feedback_development,5,0.9128405917210374,0.95,0.95,0.930421211172638,0.1690363303156705,0.8913043478260869,0.0375,0.2391304347826087,0.8783566666666656
15766,feedback_development,6,0.9151772642346514,0.95,0.95,0.95,0.14262003022564496,0.9042553191489362,0.0375,0.18085106382978725,0.9034333333333323
15767,static_quality,1,0.58,0.24,0.34,0.4,0.62,0.7349397590361446,0.1925,0.3493975903614458,0.8109308333333288
15767,static_quality,2,0.58,0.24,0.34,0.4,0.62,0.7317073170731707,0.17916666666666667,0.3170731707317073,0.8286233333333289
15767,static_quality,3,0.58,0.24,0.34,0.4,0.62,0.7252747252747253,0.19583333333333333,0.38461538461538464,0.7797991666666626
15767,static_quality,4,0.58,0.24,0.34,0.4,0.62,0.7468354430379747,0.195,0.35443037974683544,0.8154933333333286
15767,static_quality,5,0.58,0.24,0.34,0.4,0.62,0.6086956521739131,0.18333333333333332,0.4782608695652174,0.7381241666666634
15767,static_quality,6,0.58,0.24,0.34,0.4,0.62,0.6767676767676768,0.15916666666666668,0.42424242424242425,0.7526233333333302
15767,linear_development,1,0.7406580333062995,0.4541607844439806,0.5515101664878967,0.5690743035084056,0.47324017533266816,0.810126582278481,0.14416666666666667,0.3037974683544304,0.845636666666663
15767,linear_development,2,0.8088555055026412,0.6418114969757943,0.7257163011765768,0.7172196028756277,0.3337425867171306,0.9186046511627907,0.08833333333333333,0.18604651162790697,0.8976141666666649
15767,linear_development,3,0.846270293895212,0.7518689632229225,0.8213083925235273,0.8041070762286233,0.2699482996397198,0.8554216867469879,0.065,0.26506024096385544,0.8727841666666645
15767,linear_development,4,0.8756649931028553,0.8361895461399697,0.8899468945518524,0.8706759574789238,0.2095267495721237,0.9186046511627907,0.060833333333333336,0.19767441860465115,0.8985491666666657
15767,linear_development,5,0.8945242541630739,0.892504936296908,0.9326946330244794,0.9151354760238753,0.1734373866493199,0.8850574712643678,0.04833333333333333,0.19540229885057472,0.9011966666666666
15767,linear_development,6,0.9065513080614054,0.9307221210819664,0.95,0.9453069376962897,0.14458802962201495,0.9325842696629213,0.043333333333333335,0.1797752808988764,0.9070183333333328
15767,interaction_development,1,0.6590381846097904,0.4237813978582655,0.5222404617217175,0.5450905772565253,0.5140258599928818,0.6627906976744186,0.17,0.46511627906976744,0.761059999999996
15767,interaction_development,2,0.7944362630478247,0.6195936148679743,0.7057560699826324,0.6996791696326119,0.38258860959664787,0.81,0.135,0.31,0.8126483333333309
15767,interaction_development,3,0.8642885637695439,0.7503711903651132,0.8200487336591412,0.8029246239724581,0.29101843723808607,0.8723404255319149,0.06333333333333334,0.2553191489361702,0.8625366666666654
15767,interaction_development,4,0.8965083300419898,0.8391204781634913,0.8922418697079777,0.8729898511817041,0.20210945612604478,0.9634146341463414,0.04583333333333333,0.10975609756097561,0.941503333333333
15767,interaction_development,5,0.9072839641510126,0.8918560727333078,0.9322201742441887,0.91462321531577,0.17893259757841407,0.8977272727272727,0.04083333333333333,0.25,0.8777649999999988
15767,interaction_development,6,0.9136780207257633,0.9286058445655938,0.95,0.9436361930781008,0.14635329226069488,0.927710843373494,0.03333333333333333,0.1686746987951807,0.9190183333333333
15767,feedback_development,1,0.7427373715473421,0.6290289618569941,0.6721017667229565,0.5742298985412311,0.4830980372555395,0.7802197802197802,0.13916666666666666,0.37362637362637363,0.7966641666666638
15767,feedback_development,2,0.8793204682696087,0.8949825758230707,0.9015940873290273,0.7492869224336145,0.31462266811300477,0.9150943396226415,0.065,0.16981132075471697,0.8920249999999987
15767,feedback_development,3,0.9045086664465933,0.95,0.95,0.8550100272786813,0.23045751033262327,0.8739495798319328,0.0425,0.23529411764705882,0.8474791666666652
15767,feedback_development,4,0.9098641256306053,0.95,0.95,0.9071182448391613,0.19854580761097881,0.86,0.0425,0.26,0.8569808333333322
15767,feedback_development,5,0.9141009468353767,0.95,0.95,0.9415637938986113,0.1558475468702267,0.8924731182795699,0.045,0.17204301075268819,0.9067866666666661
15767,feedback_development,6,0.9149537061666844,0.95,0.95,0.95,0.1470244766141561,0.8737864077669902,0.0375,0.22330097087378642,0.8732166666666654
15768,static_quality,1,0.58,0.24,0.34,0.4,0.62,0.6981132075471698,0.185,0.41509433962264153,0.7375858333333294
15768,static_quality,2,0.58,0.24,0.34,0.4,0.62,0.6630434782608695,0.175,0.43478260869565216,0.7594641666666624
15768,static_quality,3,0.58,0.24,0.34,0.4,0.62,0.6867469879518072,0.17333333333333334,0.40963855421686746,0.789779166666662
15768,static_quality,4,0.58,0.24,0.34,0.4,0.62,0.6796116504854369,0.18,0.47572815533980584,0.7131591666666622
15768,static_quality,5,0.58,0.24,0.34,0.4,0.62,0.7108433734939759,0.1725,0.3493975903614458,0.8150024999999957
15768,static_quality,6,0.58,0.24,0.34,0.4,0.62,0.6633663366336634,0.19166666666666668,0.45544554455445546,0.7256524999999958
15768,linear_development,1,0.7647193798732704,0.5189626409955399,0.613021513977581,0.6202336639438474,0.42155705821915423,0.8137254901960784,0.1275,0.2549019607843137,0.8392308333333299
15768,linear_development,2,0.8272620819273016,0.6918435574289936,0.7698922691004573,0.7567185979702586,0.2921488823349325,0.9,0.09166666666666666,0.17777777777777778,0.8968483333333317
15768,linear_development,3,0.863111944180571,0.7977827687786476,0.8592726192592992,0.8403548174568274,0.22967740377505008,0.8791208791208791,0.058333333333333334,0.23076923076923078,0.8790633333333322
15768,linear_development,4,0.8812678625892951,0.8573642287541605,0.9063656894008915,0.8873928121743377,0.21047641995515035,0.8072289156626506,0.06333333333333334,0.30120481927710846,0.8578558333333314
15768,linear_development,5,0.899117747199222,0.9091746072492013,0.9447122833235743,0.9282957425651593,0.17153742171677325,0.9368421052631579,0.045,0.21052631578947367,0.8866408333333328
15768,linear_development,6,0.9077310322902148,0.9414653069181661,0.95,0.95,0.14878880891611904,0.8478260869565217,0.034166666666666665,0.20652173913043478,0.894164166666666
15768,interaction_development,1,0.6524260669110497,0.4097421970552602,0.5086257744427811,0.5340069976752054,0.5106976445632204,0.6764705882352942,0.15833333333333333,0.38235294117647056,0.8334216666666625
15768,interaction_development,2,0.7742874996166695,0.5911055788394727,0.6798772562351483,0.6771886148732685,0.4080927846439105,0.8118811881188119,0.12083333333333333,0.39603960396039606,0.7707774999999977
15768,interaction_development,3,0.8502608357987292,0.7234802401551024,0.797223471951996,0.7816949264382395,0.3186741366665205,0.8404255319148937,0.09583333333333334,0.30851063829787234,0.831444999999997
15768,interaction_development,4,0.8835391655881011,0.8061245358857908,0.8660251300965454,0.8469404230677299,0.261869399280274,0.7875,0.04833333333333333,0.2625,0.881292499999999
15768,interaction_development,5,0.9044745806110392,0.8809251654760256,0.9241575293588584,0.9059935516915996,0.19260657168214687,0.9494949494949495,0.04833333333333333,0.18181818181818182,0.8954316666666665
15768,interaction_development,6,0.9136650252474591,0.9264249207712777,0.95,0.9419144111352197,0.14302539577666723,0.9239130434782609,0.0325,0.13043478260869565,0.9294258333333335
15768,feedback_development,1,0.7692762776946193,0.6673414293062061,0.7047408895831521,0.5942427988231141,0.445885447344742,0.7888888888888889,0.15,0.2777777777777778,0.8397458333333305
15768,feedback_development,2,0.8755248929447086,0.8900475212346938,0.8972346430075484,0.744719386557285,0.3279904296147124,0.8053097345132744,0.08083333333333333,0.3185840707964602,0.7988916666666648
15768,feedback_development,3,0.8993625114903715,0.95,0.95,0.8273634212912758,0.27006463503396594,0.9032258064516129,0.05,0.3010752688172043,0.8452458333333317
15768,feedback_development,4,0.9090036767406442,0.95,0.95,0.8952382545619861,0.20152184249193392,0.9047619047619048,0.0375,0.20952380952380953,0.8779749999999988
15768,feedback_development,5,0.9122880573639027,0.95,0.95,0.9291536123011097,0.17766814181993554,0.8488372093023255,0.03916666666666667,0.2441860465116279,0.8832458333333325
15768,feedback_development,6,0.9152719535806533,0.95,0.95,0.95,0.14073811146884377,0.9313725490196079,0.0375,0.17647058823529413,0.8980699999999987
15769,static_quality,1,0.58,0.24,0.34,0.4,0.62,0.7532467532467533,0.1875,0.3116883116883117,0.8367249999999955
15769,static_quality,2,0.58,0.24,0.34,0.4,0.62,0.7142857142857143,0.17083333333333334,0.38095238095238093,0.7601283333333302
15769,static_quality,3,0.58,0.24,0.34,0.4,0.62,0.72,0.16583333333333333,0.39,0.7664508333333296
15769,static_quality,4,0.58,0.24,0.34,0.4,0.62,0.7021276595744681,0.19,0.43617021276595747,0.7511966666666616
15769,static_quality,5,0.58,0.24,0.34,0.4,0.62,0.696969696969697,0.1825,0.35353535353535354,0.7827899999999955
15769,static_quality,6,0.58,0.24,0.34,0.4,0.62,0.7272727272727273,0.17583333333333334,0.375,0.7943224999999959
15769,linear_development,1,0.7411784800792921,0.4541607844439806,0.5515101664878967,0.5690743035084056,0.46828353939940526,0.8266666666666667,0.12583333333333332,0.26666666666666666,0.8697841666666636
15769,linear_development,2,0.8056363192092804,0.6374742387684197,0.7218356300514243,0.7137954516592794,0.3527594232478822,0.7708333333333334,0.1025,0.2916666666666667,0.8346658333333304
15769,linear_development,3,0.8509594251323551,0.7635321158934507,0.8310733601000457,0.8133148283369349,0.25592577926038224,0.9418604651162791,0.06583333333333333,0.1744186046511628,0.9070683333333324
15769,linear_development,4,0.8780376969363398,0.8419989693181669,0.8944889869599959,0.8752623441985532,0.20186747251157455,0.9390243902439024,0.056666666666666664,0.18292682926829268,0.909293333333333
15769,linear_development,5,0.8962989544352197,0.896317173549801,0.9354724482903182,0.9181451370130013,0.16613519280340885,0.9069767441860465,0.04833333333333333,0.18604651162790697,0.9060333333333331
15769,linear_development,6,0.9055542104469465,0.9311377883554746,0.95,0.945635096070112,0.1548280230260959,0.9090909090909091,0.035,0.22727272727272727,0.8884999999999993
15769,interaction_development,1,0.677583188474679,0.4475512880542618,0.54516476005543,0.563856280042838,0.48369135044821693,0.6941176470588235,0.16083333333333333,0.3764705882352941,0.8023991666666633
15769,interaction_development,2,0.7847485756951287,0.603226090048164,0.6909257863057912,0.6867574395117091,0.38885848766766534,0.8072289156626506,0.11666666666666667,0.3373493975903614,0.8320341666666637
15769,interaction_development,3,0.8589677095085462,0.734887099121658,0.8069532821422831,0.7907003414118358,0.292679267567314,0.9195402298850575,0.07916666666666666,0.22988505747126436,0.8795616666666644
15769,interaction_development,4,0.8914210315294471,0.8217899335927608,0.878573682898283,0.8593078423100747,0.2192086869750295,0.9240506329113924,0.059166666666666666,0.16455696202531644,0.9188991666666662
15769,interaction_development,5,0.903907591120471,0.8742979017552448,0.9192078369499581,0.90076150138572,0.1882527477007725,0.92,0.035833333333333335,0.22666666666666666,0.9037416666666664
15769,interaction_development,6,0.9119661011372684,0.9184991377050886,0.95,0.935657213977702,0.16109639855066066,0.8681318681318682,0.035833333333333335,0.2087912087912088,0.893766666666666
15769,feedback_development,1,0.7391453000100586,0.6186420706376089,0.6632955551814554,0.5690743035084056,0.477936590699435,0.7558139534883721,0.14583333333333334,0.36046511627906974,0.81057833333333
15769,feedback_development,2,0.8640165737327195,0.8607431900142603,0.8713970042534908,0.7189162852583739,0.35222847632823967,0.8775510204081632,0.07416666666666667,0.2755102040816326,0.8455258333333318
15769,feedback_development,3,0.9002742313335405,0.95,0.95,0.8252729873114703,0.25747215333215995,0.9313725490196079,0.049166666666666664,0.22549019607843138,0.8709508333333322
15769,feedback_development,4,0.9081799695803612,0.95,0.95,0.8873928121743377,0.207126639772944,0.8526315789473684,0.03833333333333333,0.23157894736842105,0.8783483333333326
15769,feedback_development,5,0.91206735604147,0.95,0.95,0.9278629200856734,0.18035599293134283,0.9292929292929293,0.03916666666666667,0.25252525252525254,0.8628999999999984
15769,feedback_development,6,0.9134715032036227,0.95,0.95,0.95,0.17492507873948812,0.8314606741573034,0.034166666666666665,0.2808988764044944,0.8643916666666661
15770,static_quality,1,0.58,0.24,0.34,0.4,0.62,0.6623376623376623,0.18833333333333332,0.4025974025974026,0.8018449999999944
15770,static_quality,2,0.58,0.24,0.34,0.4,0.62,0.8202247191011236,0.19833333333333333,0.24719101123595505,0.8443158333333284
15770,static_quality,3,0.58,0.24,0.34,0.4,0.62,0.7684210526315789,0.17583333333333334,0.3263157894736842,0.8042016666666622
15770,static_quality,4,0.58,0.24,0.34,0.4,0.62,0.7083333333333334,0.175,0.3958333333333333,0.7695249999999958
15770,static_quality,5,0.58,0.24,0.34,0.4,0.62,0.7142857142857143,0.16166666666666665,0.36607142857142855,0.7571841666666627
15770,static_quality,6,0.58,0.24,0.34,0.4,0.62,0.6179775280898876,0.20416666666666666,0.43820224719101125,0.758282499999995
15770,linear_development,1,0.7505184692306884,0.4798174140509839,0.5760188087486724,0.5893295374086714,0.4497517675351048,0.8095238095238095,0.1175,0.25,0.8664349999999978
15770,linear_development,2,0.8199796509492425,0.6746927125813819,0.7548747930183305,0.7431784573010916,0.31579690624135137,0.8529411764705882,0.09416666666666666,0.23529411764705882,0.8562241666666645
15770,linear_development,3,0.847300286605668,0.7592241015100749,0.8274756506675646,0.8099137643500592,0.27946792980704993,0.8266666666666667,0.06666666666666667,0.3333333333333333,0.857729166666665
15770,linear_development,4,0.8716049744928278,0.834205986563212,0.8883898209438399,0.8691099893920098,0.24308699220546295,0.8409090909090909,0.05,0.29545454545454547,0.8558274999999986
15770,linear_development,5,0.8896904658300717,0.8878798085600096,0.9293023534108882,0.9114840593894817,0.20780464202636223,0.896551724137931,0.050833333333333335,0.25287356321839083,0.8754383333333324
15770,linear_development,6,0.9030864654594682,0.9264249207712777,0.95,0.9419144111352197,0.16808745889019708,0.9069767441860465,0.049166666666666664,0.18604651162790697,0.9060799999999991
15770,interaction_development,1,0.7382106831882379,0.5275694653269172,0.6210913090802272,0.6270285252580927,0.4111067067759377,0.8415841584158416,0.14083333333333334,0.21782178217821782,0.8563616666666637
15770,interaction_development,2,0.8215277189929342,0.6586477914186877,0.7407050936755805,0.7305114142779119,0.3386378397734719,0.7901234567901234,0.1025,0.3333333333333333,0.8397383333333308
15770,interaction_development,3,0.8794090707875994,0.7890820852981112,0.8521797729349577,0.8334858568142985,0.2598597341647705,0.8703703703703703,0.056666666666666664,0.25925925925925924,0.8438616666666658
15770,interaction_development,4,0.8998021049708894,0.8640686813608425,0.9114825273988391,0.8926858010743498,0.21932290192674547,0.89,0.050833333333333335,0.27,0.8503508333333318
15770,interaction_development,5,0.9086254875839799,0.9041196026992531,0.9411040518244503,0.9243049494994109,0.18568367676364866,0.8904109589041096,0.035,0.2054794520547945,0.9141941666666664
15770,interaction_development,6,0.9137435213038481,0.937459245378924,0.95,0.95,0.15886312764595759,0.8764044943820225,0.03333333333333333,0.20224719101123595,0.8992808333333329
15770,feedback_development,1,0.7509005126977807,0.6387825187883566,0.6804299188569736,0.5793238120350839,0.46806211428101574,0.7444444444444445,0.1475,0.34444444444444444,0.8101066666666633
15770,feedback_development,2,0.8670634149023551,0.8648738799027624,0.8750099962626572,0.7222791708215428,0.34004745295658,0.8444444444444444,0.075,0.23333333333333334,0.8755716666666651
15770,feedback_development,3,0.8964813008209185,0.944719845255418,0.9464311495644087,0.806450739168624,0.2770430897471017,0.8072289156626506,0.050833333333333335,0.27710843373493976,0.8706133333333316
15770,feedback_development,4,0.906045698401073,0.95,0.95,0.8683199088450803,0.22120753528357312,0.8888888888888888,0.0525,0.20987654320987653,0.9004816666666661
15770,feedback_development,5,0.9114600658631359,0.95,0.95,0.9104122313250547,0.17517609743391477,0.9342105263157895,0.04,0.15789473684210525,0.927613333333333
15770,feedback_development,6,0.9139976305995346,0.95,0.95,0.9439743759196322,0.15868382560712593,0.8725490196078431,0.03666666666666667,0.23529411764705882,0.8684608333333328
15771,static_quality,1,0.58,0.24,0.34,0.4,0.62,0.7625,0.17666666666666667,0.3375,0.8243899999999956
15771,static_quality,2,0.58,0.24,0.34,0.4,0.62,0.7093023255813954,0.17333333333333334,0.38372093023255816,0.7950766666666624
15771,static_quality,3,0.58,0.24,0.34,0.4,0.62,0.7317073170731707,0.1725,0.36585365853658536,0.8102816666666625
15771,static_quality,4,0.58,0.24,0.34,0.4,0.62,0.6835443037974683,0.19583333333333333,0.4050632911392405,0.7949224999999946
15771,static_quality,5,0.58,0.24,0.34,0.4,0.62,0.6451612903225806,0.18,0.43010752688172044,0.7587699999999955
15771,static_quality,6,0.58,0.24,0.34,0.4,0.62,0.651685393258427,0.17833333333333334,0.4606741573033708,0.7542666666666626
15771,linear_development,1,0.7411293481045931,0.45743581973731673,0.5546495953224815,0.5716598576873552,0.47775148127483824,0.7441860465116279,0.12833333333333333,0.3488372093023256,0.8197033333333298
15771,linear_development,2,0.8069544000442218,0.6439606279939396,0.7276362870683408,0.7189162852583739,0.35761415228044624,0.845360824742268,0.105,0.27835051546391754,0.8391516666666645
15771,linear_development,3,0.8570807803022912,0.7852395448462418,0.8490315766200464,0.8304522722470333,0.2544302479772148,0.8773584905660378,0.085,0.20754716981132076,0.868108333333331
15771,linear_development,4,0.8818576227229946,0.8547656646555614,0.9043715158197099,0.8853413142017595,0.19821542112470075,0.9240506329113924,0.059166666666666666,0.17721518987341772,0.913799166666666
15771,linear_development,5,0.8978874408139645,0.9052667157725591,0.9419257091974474,0.9252105650835999,0.17347498230156197,0.8936170212765957,0.05,0.24468085106382978,0.8705683333333321
15771,linear_development,6,0.9036775373797172,0.9351597305725349,0.95,0.9488103136098964,0.1798982596136942,0.8571428571428571,0.0425,0.3076923076923077,0.8477249999999991
15771,interaction_development,1,0.6905520794281224,0.46714349524443954,0.5639366400664106,0.5793238120350839,0.47326638596607684,0.7204301075268817,0.17333333333333334,0.3655913978494624,0.7898124999999961
15771,interaction_development,2,0.7972355010011297,0.6241447968596938,0.7098610670503046,0.7032722080471273,0.3800392986731754,0.797752808988764,0.10916666666666666,0.34831460674157305,0.8184566666666643
15771,interaction_development,3,0.8606474855068993,0.7427456164316879,0.8136159842115139,0.7969044340250171,0.2994740707284936,0.8488372093023255,0.06916666666666667,0.26744186046511625,0.8663408333333323
15771,interaction_development,4,0.8859937370468487,0.8174479583456778,0.8751134038199616,0.8558799671150091,0.2644702371438712,0.8705882352941177,0.05583333333333333,0.32941176470588235,0.8446516666666649
15771,interaction_development,5,0.9006227971625542,0.8712352498518563,0.916905507124207,0.8983436183040975,0.22499728732812785,0.875,0.03916666666666667,0.275,0.8775416666666662
15771,interaction_development,6,0.9104957683479113,0.9170143403578691,0.95,0.9344850055456866,0.1837740339684045,0.9468085106382979,0.03666666666666667,0.22340425531914893,0.8833774999999997
15771,feedback_development,1,0.7542710689335776,0.6437473179967858,0.6846448972777776,0.5818478691628733,0.4635282262829099,0.8181818181818182,0.11833333333333333,0.3181818181818182,0.8313649999999976
15771,feedback_development,2,0.846186915031212,0.8240394153628098,0.8393625849517679,0.690505073505391,0.3863712802291156,0.7848101265822784,0.07416666666666667,0.3670886075949367,0.8358333333333318
15771,feedback_development,3,0.8917450555660553,0.9327240400783379,0.9354961471403272,0.7907003414118358,0.2946844830395722,0.8333333333333334,0.0475,0.2261904761904762,0.8913816666666664
15771,feedback_development,4,0.9060169570286741,0.95,0.95,0.8642973912833827,0.21799033809596227,0.9310344827586207,0.0425,0.1724137931034483,0.9122574999999995
15771,feedback_development,5,0.910961143568367,0.95,0.95,0.9141078624907143,0.1869012907777614,0.9019607843137255,0.03666666666666667,0.2549019607843137,0.8580549999999993
15771,feedback_development,6,0.9135857224535091,0.95,0.95,0.9439743759196322,0.16757173972538428,0.8854166666666666,0.03666666666666667,0.2604166666666667,0.8634666666666654
15772,static_quality,1,0.58,0.24,0.34,0.4,0.62,0.7096774193548387,0.17333333333333334,0.3978494623655914,0.7749883333333296
15772,static_quality,2,0.58,0.24,0.34,0.4,0.62,0.6880733944954128,0.1675,0.44036697247706424,0.7208674999999967
15772,static_quality,3,0.58,0.24,0.34,0.4,0.62,0.6213592233009708,0.18333333333333332,0.46601941747572817,0.7180091666666625
15772,static_quality,4,0.58,0.24,0.34,0.4,0.62,0.7790697674418605,0.18583333333333332,0.27906976744186046,0.8369849999999953
15772,static_quality,5,0.58,0.24,0.34,0.4,0.62,0.6329113924050633,0.19083333333333333,0.43037974683544306,0.7861499999999956
15772,static_quality,6,0.58,0.24,0.34,0.4,0.62,0.59375,0.1675,0.4583333333333333,0.7414549999999965
15772,linear_development,1,0.7494805852892726,0.4798174140509839,0.5760188087486724,0.5893295374086714,0.459636376500969,0.7978723404255319,0.12666666666666668,0.32978723404255317,0.8145874999999968
15772,linear_development,2,0.8046279759468846,0.6396493933358092,0.7237827806410643,0.7155126789493237,0.36820222486062903,0.7934782608695652,0.0875,0.33695652173913043,0.8224458333333309
15772,linear_development,3,0.8492717694811052,0.767763050352948,0.834596045263717,0.8166550397523277,0.2830925212632293,0.8316831683168316,0.07666666666666666,0.27722772277227725,0.8401524999999976
15772,linear_development,4,0.8769003772079189,0.8466824601271845,0.8981305326578947,0.8789598369425147,0.22472161822360343,0.8681318681318682,0.058333333333333334,0.24175824175824176,0.8738158333333321
15772,linear_development,5,0.8923838687464505,0.8912032924882373,0.9317423708400692,0.9141078624907143,0.19054049013853955,0.863013698630137,0.056666666666666664,0.2191780821917808,0.904623333333332
15772,linear_development,6,0.90381025322698,0.9290342094982003,0.95,0.9439743759196322,0.16767284039897404,0.8913043478260869,0.055,0.22826086956521738,0.8793666666666657
15772,interaction_development,1,0.7098341514615935,0.4952367461261602,0.5906518488314734,0.6015026943101264,0.4571703694341689,0.7358490566037735,0.14416666666666667,0.3584905660377358,0.7753574999999967
15772,interaction_development,2,0.8132328084186083,0.6439606279939396,0.7276362870683408,0.7189162852583739,0.3470633203121187,0.8533333333333334,0.09833333333333333,0.22666666666666666,0.8902783333333318
15772,interaction_development,3,0.8701460181829452,0.7592241015100749,0.8274756506675646,0.8099137643500592,0.2669456921272239,0.8690476190476191,0.058333333333333334,0.2261904761904762,0.8887458333333316
15772,interaction_development,4,0.901700577833717,0.8615922601839825,0.9095973295028459,0.8907307317241973,0.18907500672289815,0.918918918918919,0.0375,0.17117117117117117,0.8929824999999998
15772,interaction_development,5,0.9121486051227539,0.9160094777496661,0.9495374857739927,0.9336916929602631,0.1533869727720613,0.9019607843137255,0.050833333333333335,0.18627450980392157,0.8899841666666667
15772,interaction_development,6,0.9154609621716743,0.9474747334875083,0.95,0.95,0.13465174765439142,0.875,0.03666666666666667,0.1875,0.8984658333333321
15772,feedback_development,1,0.7785734353814897,0.685069475068048,0.7198794947147097,0.6038936781442656,0.4405611073570044,0.8367346938775511,0.1375,0.29591836734693877,0.8218666666666641
15772,feedback_development,2,0.8766116234157928,0.885289000015279,0.8929862687187217,0.74006863849201,0.3140733536840989,0.8837209302325582,0.075,0.18604651162790697,0.900424166666665
15772,feedback_development,3,0.900462003252263,0.95,0.95,0.8242182970940345,0.25426425294514693,0.8409090909090909,0.034166666666666665,0.26136363636363635,0.8738533333333329
15772,feedback_development,4,0.9086209409825239,0.95,0.95,0.8920380292498489,0.20456745887309585,0.8703703703703703,0.049166666666666664,0.25,0.8507766666666654
15772,feedback_development,5,0.9121603749660484,0.95,0.95,0.9261053458829397,0.17718751677488584,0.8902439024390244,0.0275,0.23170731707317074,0.8956333333333326
15772,feedback_development,6,0.9145548042482128,0.95,0.95,0.95,0.15475142460401756,0.8674698795180723,0.03833333333333333,0.20481927710843373,0.9028658333333323
15773,static_quality,1,0.58,0.24,0.34,0.4,0.62,0.7530864197530864,0.1625,0.3333333333333333,0.8273383333333291
15773,static_quality,2,0.58,0.24,0.34,0.4,0.62,0.7582417582417582,0.175,0.3076923076923077,0.8192108333333286
15773,static_quality,3,0.58,0.24,0.34,0.4,0.62,0.7083333333333334,0.19083333333333333,0.3958333333333333,0.7660333333333293
15773,static_quality,4,0.58,0.24,0.34,0.4,0.62,0.6777777777777778,0.18416666666666667,0.4,0.7776458333333289
15773,static_quality,5,0.58,0.24,0.34,0.4,0.62,0.6626506024096386,0.195,0.4819277108433735,0.7554349999999956
15773,static_quality,6,0.58,0.24,0.34,0.4,0.62,0.7474747474747475,0.20833333333333334,0.36363636363636365,0.7723291666666625
15773,linear_development,1,0.7498276626814382,0.4860408785092779,0.5819337703478197,0.5942427988231141,0.46209456097301727,0.7623762376237624,0.13333333333333333,0.3564356435643564,0.7881499999999969
15773,linear_development,2,0.8072226309885583,0.6439606279939396,0.7276362870683408,0.7189162852583739,0.35505957185819437,0.8452380952380952,0.0925,0.27380952380952384,0.8619991666666647
15773,linear_development,3,0.8513671789279141,0.7691564720508303,0.835753872946871,0.8177551095138137,0.2615574233725244,0.9340659340659341,0.07333333333333333,0.2087912087912088,0.8857283333333322
15773,linear_development,4,0.8782906288482869,0.8466824601271845,0.8981305326578947,0.8789598369425147,0.2114811264105756,0.8620689655172413,0.05,0.21839080459770116,0.8907383333333324
15773,linear_development,5,0.895009167445821,0.8975576348854511,0.9363726721642199,0.9191244485937777,0.18153887520705728,0.8505747126436781,0.05,0.22988505747126436,0.8858458333333329
15773,linear_development,6,0.9056487261601249,0.9355487721890997,0.95,0.949117451728237,0.1618212128685277,0.900990099009901,0.034166666666666665,0.2376237623762376,0.8689658333333324
15773,interaction_development,1,0.6975476081008016,0.47667747892453105,0.5730300188808383,0.5868506412562087,0.4653944944699026,0.782608695652174,0.15,0.32608695652173914,0.8145999999999964
15773,interaction_development,2,0.8122922679787807,0.6439606279939396,0.7276362870683408,0.7189162852583739,0.3521040904714695,0.8777777777777778,0.12166666666666667,0.28888888888888886,0.8406316666666637
15773,interaction_development,3,0.8725977162278928,0.7663612176589014,0.83343005565329,0.8155483297307119,0.2641763960336611,0.8888888888888888,0.06416666666666666,0.2222222222222222,0.8826908333333316
15773,interaction_development,4,0.9008870994379725,0.855637070667628,0.9050409152089719,0.886029266316549,0.18592045783281141,0.9247311827956989,0.035833333333333335,0.13978494623655913,0.923370833333333
15773,interaction_development,5,0.910019184901729,0.901783537626425,0.9394256972293831,0.9224606875998098,0.15779606377067124,0.8860759493670886,0.035,0.189873417721519,0.913755833333333
15773,interaction_development,6,0.9132372320265736,0.9335799385296719,0.95,0.9475631093655309,0.16255416723675678,0.8804347826086957,0.03666666666666667,0.29347826086956524,0.8533291666666656
15773,feedback_development,1,0.768439465198382,0.6716405574415923,0.7084414530500177,0.5966773420301754,0.4581217313772149,0.7549019607843137,0.15583333333333332,0.35294117647058826,0.7833524999999968
15773,feedback_development,2,0.8586987255557992,0.8500308558223622,0.8620298133046266,0.7103298378391875,0.36451620366895915,0.7974683544303798,0.08583333333333333,0.3037974683544304,0.8583083333333315
15773,feedback_development,3,0.8943887215876198,0.938507489498339,0.9407602533628413,0.798123007420867,0.28283796910425685,0.8933333333333333,0.04083333333333333,0.2,0.9131191666666664
15773,feedback_development,4,0.9070989850467337,0.95,0.95,0.8714519017340503,0.20886789831913566,0.9222222222222223,0.04083333333333333,0.16666666666666666,0.9126175000000009
15773,feedback_development,5,0.9107319636093696,0.95,0.95,0.91462321531577,0.191145548146518,0.8617021276595744,0.03833333333333333,0.2765957446808511,0.8582741666666656
15773,feedback_development,6,0.9136815569301107,0.95,0.95,0.945635096070112,0.16727637801577883,0.865979381443299,0.0425,0.2268041237113402,0.8773099999999986
15774,static_quality,1,0.58,0.24,0.34,0.4,0.62,0.638095238095238,0.2,0.4095238095238095,0.7390533333333288
15774,static_quality,2,0.58,0.24,0.34,0.4,0.62,0.8125,0.18833333333333332,0.3125,0.8065049999999947
15774,static_quality,3,0.58,0.24,0.34,0.4,0.62,0.6744186046511628,0.1775,0.4186046511627907,0.7789091666666625
15774,static_quality,4,0.58,0.24,0.34,0.4,0.62,0.6407766990291263,0.18083333333333335,0.4563106796116505,0.7230383333333303
15774,static_quality,5,0.58,0.24,0.34,0.4,0.62,0.6630434782608695,0.17416666666666666,0.42391304347826086,0.7648149999999955
15774,static_quality,6,0.58,0.24,0.34,0.4,0.62,0.7549019607843137,0.18333333333333332,0.3333333333333333,0.7876058333333286
15774,linear_development,1,0.7480823616147355,0.4735185904673351,0.5700201600008442,0.5843567819478961,0.45568256465668916,0.7976190476190477,0.125,0.27380952380952384,0.855324999999997
15774,linear_development,2,0.81076375818031,0.6482202830406202,0.7314360332274504,0.7222791708215428,0.33275683775332715,0.8505747126436781,0.08166666666666667,0.22988505747126436,0.8794358333333311
15774,linear_development,3,0.8489167788545304,0.7592241015100749,0.8274756506675646,0.8099137643500592,0.26407276553216996,0.8705882352941177,0.0625,0.25882352941176473,0.8729741666666653
15774,linear_development,4,0.8745957772247974,0.8332052178704346,0.8876030422395165,0.8683199088450803,0.21202552871886488,0.8947368421052632,0.04833333333333333,0.19736842105263158,0.9112158333333327
15774,linear_development,5,0.8940214845871888,0.8898858872432152,0.9307766356845038,0.9130678057183284,0.17162095162520147,0.9411764705882353,0.0475,0.18823529411764706,0.9062933333333322
15774,linear_development,6,0.9046863915540293,0.9281748939291689,0.95,0.9432959688914495,0.15779094325843335,0.8936170212765957,0.034166666666666665,0.24468085106382978,0.8740933333333326
15774,interaction_development,1,0.6848687907448403,0.4606912048188928,0.5577670481552242,0.5742298985412311,0.4834851878658267,0.7096774193548387,0.155,0.3870967741935484,0.7836483333333303
15774,interaction_development,2,0.7993343622082087,0.6263999280785356,0.7118920395809525,0.7050525747988445,0.37516532973959726,0.8181818181818182,0.10833333333333334,0.3068181818181818,0.838580833333331
15774,interaction_development,3,0.8661262431209302,0.756308577329242,0.8250347099054556,0.8076120347336122,0.2912889401576746,0.8673469387755102,0.0575,0.2755102040816326,0.8489908333333316
15774,interaction_development,4,0.8942130763130943,0.8381493744099511,0.8914822454259594,0.872223190323646,0.2265522555927809,0.9186046511627907,0.041666666666666664,0.20930232558139536,0.8975250000000001
15774,interaction_development,5,0.9052276536712678,0.8885525297086495,0.929797236937012,0.9120151550331449,0.20183331376209496,0.8588235294117647,0.04083333333333333,0.27058823529411763,0.8728283333333324
15774,interaction_development,6,0.9128428829606559,0.9307221210819664,0.95,0.9453069376962897,0.1651397316531875,0.91,0.03833333333333333,0.21,0.8828666666666659
15774,feedback_development,1,0.7195678541388212,0.5868079645421701,0.6362088867703394,0.5532299149086869,0.49756716120893824,0.6987951807228916,0.16083333333333333,0.40963855421686746,0.7921874999999968
15774,feedback_development,2,0.861952313900219,0.8563489553111968,0.8675784942073399,0.7155126789493237,0.3568432208991865,0.8380952380952381,0.08166666666666667,0.2857142857142857,0.8285124999999985
15774,feedback_development,3,0.8994937904178587,0.95,0.95,0.8166550397523277,0.2589508301187534,0.8586956521739131,0.041666666666666664,0.20652173913043478,0.8925224999999993
15774,feedback_development,4,0.9083754614651889,0.95,0.95,0.8853413142017595,0.20231796205945426,0.9191919191919192,0.04,0.21212121212121213,0.8825916666666649
15774,feedback_development,5,0.9123189978897146,0.95,0.95,0.9291536123011097,0.17712837164703918,0.8611111111111112,0.04083333333333333,0.25925925925925924,0.8474749999999985
15774,feedback_development,6,0.9134825454034077,0.95,0.95,0.95,0.1747251615816027,0.8674698795180723,0.035833333333333335,0.2891566265060241,0.8686216666666657
15775,static_quality,1,0.58,0.24,0.34,0.4,0.62,0.6831683168316832,0.1775,0.38613861386138615,0.7639224999999954
15775,static_quality,2,0.58,0.24,0.34,0.4,0.62,0.7142857142857143,0.18583333333333332,0.38461538461538464,0.7822916666666618
15775,static_quality,3,0.58,0.24,0.34,0.4,0.62,0.6712328767123288,0.175,0.4383561643835616,0.7997733333333287
15775,static_quality,4,0.58,0.24,0.34,0.4,0.62,0.6904761904761905,0.18666666666666668,0.40476190476190477,0.7869491666666623
15775,static_quality,5,0.58,0.24,0.34,0.4,0.62,0.6382978723404256,0.19083333333333333,0.425531914893617,0.7559349999999966
15775,static_quality,6,0.58,0.24,0.34,0.4,0.62,0.7083333333333334,0.16,0.3541666666666667,0.7927574999999957
15775,linear_development,1,0.7256083001084143,0.4168040414096911,0.5154809362635299,0.5395821379550192,0.5136928288814377,0.7051282051282052,0.13833333333333334,0.4358974358974359,0.7973291666666634
15775,linear_development,2,0.7845827995362076,0.5836562668354461,0.6730594528651374,0.6713075790806159,0.40818711272207836,0.8372093023255814,0.115,0.3488372093023256,0.8220424999999971
15775,linear_development,3,0.8261124161787208,0.7009779780102566,0.7778340734047416,0.7639299826396768,0.3273856894954288,0.8666666666666667,0.08916666666666667,0.26666666666666666,0.8773308333333315
15775,linear_development,4,0.8580928728397224,0.7953341465074629,0.8572815542222538,0.8384216946111552,0.2711052730578023,0.8426966292134831,0.05416666666666667,0.29213483146067415,0.8547149999999991
15775,linear_development,5,0.8818969652954067,0.8632481703831413,0.9108585371589517,0.8920380292498489,0.2195069720737829,0.8522727272727273,0.04416666666666667,0.23863636363636365,0.8819166666666655
15775,linear_development,6,0.8963206071378547,0.9086263654418524,0.9443225411113537,0.9278629200856734,0.19680604437359622,0.8817204301075269,0.04083333333333333,0.27956989247311825,0.8580366666666653
15775,interaction_development,1,0.6969487905762042,0.4735185904673351,0.5700201600008442,0.5843567819478961,0.4596064302073821,0.7582417582417582,0.155,0.32967032967032966,0.81367833333333
15775,interaction_development,2,0.7988290943898128,0.6263999280785356,0.7118920395809525,0.7050525747988445,0.3795605831676786,0.7717391304347826,0.10833333333333334,0.3804347826086957,0.7985441666666644
15775,interaction_development,3,0.8695453491903253,0.7621047443596084,0.8298825378651015,0.8121879560733751,0.27863714539199635,0.8877551020408163,0.06,0.23469387755102042,0.8688216666666649
15775,interaction_development,4,0.8928702214159414,0.8321984083203567,0.8868107172603389,0.867525059200282,0.22404841683938043,0.9166666666666666,0.045,0.19444444444444445,0.9166024999999992
15775,interaction_development,5,0.9060231824301228,0.8872030267203316,0.9288039812798471,0.9109497579371043,0.18730048254913992,0.9529411764705882,0.0425,0.2235294117647059,0.8924291666666653
15775,interaction_development,6,0.9112882914988598,0.9237196930346957,0.95,0.9397787050273917,0.18112942161209922,0.8804347826086957,0.030833333333333334,0.29347826086956524,0.8550266666666655
15775,feedback_development,1,0.7780108433521341,0.6852783049315068,0.7200278986883012,0.6038936781442656,0.4433183197113853,0.8144329896907216,0.14583333333333334,0.28865979381443296,0.8256283333333302
15775,feedback_development,2,0.8668999310013112,0.8650110173589833,0.8751113471605045,0.7222791708215428,0.34138134062207554,0.8607594936708861,0.07333333333333333,0.25316455696202533,0.8804841666666651
15775,feedback_development,3,0.8961873418244889,0.942235928408184,0.9441459300490956,0.8029246239724581,0.27341292068908446,0.92,0.04583333333333333,0.24,0.8964783333333327
15775,feedback_development,4,0.9053025461034345,0.95,0.95,0.8642973912833827,0.22796658755278312,0.8690476190476191,0.04,0.2619047619047619,0.8774824999999987
15775,feedback_development,5,0.9117833360730059,0.95,0.95,0.9156446631677321,0.1743542091336275,0.9278350515463918,0.03666666666666667,0.18556701030927836,0.8982849999999994
15775,feedback_development,6,0.9141041752281551,0.95,0.95,0.945635096070112,0.15942126015210617,0.9368421052631579,0.0425,0.23157894736842105,0.8772308333333325
15776,static_quality,1,0.58,0.24,0.34,0.4,0.62,0.6915887850467289,0.17416666666666666,0.40186915887850466,0.7446591666666628
15776,static_quality,2,0.58,0.24,0.34,0.4,0.62,0.6595744680851063,0.19,0.44680851063829785,0.7463841666666629
15776,static_quality,3,0.58,0.24,0.34,0.4,0.62,0.6666666666666666,0.17166666666666666,0.4482758620689655,0.7652541666666625
15776,static_quality,4,0.58,0.24,0.34,0.4,0.62,0.6979166666666666,0.17333333333333334,0.3854166666666667,0.7745341666666629
15776,static_quality,5,0.58,0.24,0.34,0.4,0.62,0.638095238095238,0.1775,0.4666666666666667,0.7138241666666625
15776,static_quality,6,0.58,0.24,0.34,0.4,0.62,0.6730769230769231,0.2025,0.46153846153846156,0.7132691666666625
15776,linear_development,1,0.7326013865712473,0.4340912255510035,0.5322033452449562,0.5532299149086869,0.4947493755022916,0.7866666666666666,0.12833333333333333,0.3466666666666667,0.83953833333333
15776,linear_development,2,0.7966360697052851,0.6149873232027723,0.70159299383969,0.6960426235811367,0.3779937053351688,0.7978723404255319,0.1125,0.3191489361702128,0.8227324999999966
15776,linear_development,3,0.8480464058038755,0.7592241015100749,0.8274756506675646,0.8099137643500592,0.2723620326812654,0.8431372549019608,0.06833333333333333,0.23529411764705882,0.8616299999999986
15776,linear_development,4,0.874299657529651,0.8352007506438327,0.889171092197233,0.8698953294556577,0.2199847196333802,0.8765432098765432,0.0625,0.2222222222222222,0.8931741666666655
15776,linear_development,5,0.896734096133579,0.9046948850830575,0.9415163234616792,0.9247591198024144,0.18049532233442814,0.9,0.05333333333333334,0.24166666666666667,0.8396733333333322
15776,linear_development,6,0.9058474382153034,0.9389467686409908,0.95,0.95,0.16420926182857634,0.9278350515463918,0.0375,0.23711340206185566,0.8736233333333325
15776,interaction_development,1,0.6704212788778658,0.4408617581285113,0.5387295763754438,0.5585750722067193,0.5016606366711142,0.6630434782608695,0.14333333333333334,0.44565217391304346,0.7606883333333304
15776,interaction_development,2,0.8209238039983283,0.6586477914186877,0.7407050936755805,0.7305114142779119,0.3419959964468676,0.8611111111111112,0.115,0.24074074074074073,0.8416958333333306
15776,interaction_development,3,0.8774575442063652,0.7786791172611952,0.8436348819379036,0.8252729873114703,0.252389700329052,0.9111111111111111,0.06916666666666667,0.2,0.8914341666666653
15776,interaction_development,4,0.9008459616438037,0.8582200433816356,0.9070211295750852,0.8880684553012917,0.19254372814783619,0.9010989010989011,0.050833333333333335,0.18681318681318682,0.9005249999999986
15776,interaction_development,5,0.911098555152583,0.9123956662804289,0.9469941082403451,0.9308386839056022,0.1636173765391045,0.9320388349514563,0.03333333333333333,0.22330097087378642,0.8742083333333329
15776,interaction_development,6,0.9139658769908436,0.9393130880291448,0.95,0.95,0.15637093024141427,0.9135802469135802,0.0375,0.24691358024691357,0.8884141666666665
15776,feedback_development,1,0.7728754821686312,0.6763041126807157,0.7123936851557066,0.5990972779779944,0.44808030523850284,0.7835051546391752,0.1325,0.30927835051546393,0.818409166666664
15776,feedback_development,2,0.8688000579750379,0.8743690987556816,0.8833796302314844,0.7305114142779119,0.34860248204129485,0.7878787878787878,0.0625,0.3333333333333333,0.8180099999999985
15776,feedback_development,3,0.8983945033517056,0.95,0.95,0.8177551095138137,0.27263943568368737,0.8488372093023255,0.051666666666666666,0.2441860465116279,0.8804983333333322
15776,feedback_development,4,0.9067166539934368,0.95,0.95,0.8789598369425147,0.22114918005766931,0.8651685393258427,0.04416666666666667,0.23595505617977527,0.8820274999999991
15776,feedback_development,5,0.911762189740156,0.95,0.95,0.922925923474211,0.18122985604334488,0.8865979381443299,0.03333333333333333,0.2268041237113402,0.8789108333333325
15776,feedback_development,6,0.9141619945732613,0.95,0.95,0.95,0.16220009281982067,0.865979381443299,0.034166666666666665,0.23711340206185566,0.8740441666666654
15777,static_quality,1,0.58,0.24,0.34,0.4,0.62,0.8118811881188119,0.18583333333333332,0.2376237623762376,0.8369333333333284
15777,static_quality,2,0.58,0.24,0.34,0.4,0.62,0.7752808988764045,0.1825,0.33707865168539325,0.8081608333333284
15777,static_quality,3,0.58,0.24,0.34,0.4,0.62,0.6631578947368421,0.1875,0.42105263157894735,0.7566283333333288
15777,static_quality,4,0.58,0.24,0.34,0.4,0.62,0.7634408602150538,0.16583333333333333,0.3225806451612903,0.811329999999996
15777,static_quality,5,0.58,0.24,0.34,0.4,0.62,0.6785714285714286,0.18,0.39285714285714285,0.793391666666662
15777,static_quality,6,0.58,0.24,0.34,0.4,0.62,0.7419354838709677,0.19083333333333333,0.3225806451612903,0.8059966666666623
15777,linear_development,1,0.7368863257863555,0.4475512880542618,0.54516476005543,0.563856280042838,0.490988273044382,0.7471264367816092,0.10916666666666666,0.39080459770114945,0.8034099999999975
15777,linear_development,2,0.805136898172544,0.6374742387684197,0.7218356300514243,0.7137954516592794,0.35751581407394156,0.8315789473684211,0.09,0.2631578947368421,0.8523433333333311
15777,linear_development,3,0.8536263182589447,0.7746470536692083,0.8403047010943363,0.8220897792125332,0.25964802674803245,0.87,0.07916666666666666,0.21,0.8742916666666647
15777,linear_development,4,0.8882606122438508,0.8720078383527452,0.9174871685743375,0.8989535565942729,0.18120463738944223,0.9380530973451328,0.056666666666666664,0.168141592920354,0.8889649999999987
15777,linear_development,5,0.90287977152535,0.914992447390243,0.9488235227397347,0.9328887742554554,0.15023072985828942,0.8902439024390244,0.035833333333333335,0.17073170731707318,0.9189416666666659
15777,linear_development,6,0.9091866246828825,0.9465178187484036,0.95,0.95,0.13997853605428487,0.8811881188118812,0.04666666666666667,0.2376237623762376,0.8663141666666659
15777,interaction_development,1,0.675224091400048,0.4475512880542618,0.54516476005543,0.563856280042838,0.49560485932860604,0.6666666666666666,0.17,0.43010752688172044,0.7602999999999966
15777,interaction_development,2,0.7966796205836361,0.6218760531787664,0.7078157774927539,0.7014810946148162,0.3771622463405337,0.8555555555555555,0.10416666666666667,0.3,0.8392516666666642
15777,interaction_development,3,0.8624821836066989,0.7458234078766992,0.8162162276157792,0.7993342693763418,0.2935252611888657,0.8444444444444444,0.07166666666666667,0.26666666666666666,0.8610049999999984
15777,interaction_development,4,0.8923909026719197,0.834205986563212,0.8883898209438399,0.8691099893920098,0.23758936821647572,0.8958333333333334,0.04416666666666667,0.2604166666666667,0.8617224999999985
15777,interaction_development,5,0.9065535034877049,0.892504936296908,0.9326946330244794,0.9151354760238753,0.19140040414265352,0.9010989010989011,0.03916666666666667,0.2087912087912088,0.8928183333333326
15777,interaction_development,6,0.9114502042657942,0.9246323106272286,0.95,0.940499192600444,0.1798246345496101,0.8765432098765432,0.035,0.2716049382716049,0.8788674999999989
15777,feedback_development,1,0.699785125138576,0.5529896136565449,0.6074153915209726,0.5368029556891541,0.5150793424076833,0.7105263157894737,0.16166666666666665,0.4342105263157895,0.7972824999999966
15777,feedback_development,2,0.841213769578352,0.813157959743503,0.829971209173959,0.6829644259032152,0.39264610381640436,0.8064516129032258,0.10083333333333333,0.3225806451612903,0.8252141666666637
15777,feedback_development,3,0.8938165156029314,0.9401762597317256,0.9423049190030655,0.8005382637600837,0.2892246606071275,0.9029126213592233,0.056666666666666664,0.2524271844660194,0.8536366666666652
15777,feedback_development,4,0.9029290540869115,0.95,0.95,0.8514774385460527,0.248029888331526,0.8333333333333334,0.04666666666666667,0.25757575757575757,0.9013449999999996
15777,feedback_development,5,0.910547316682172,0.95,0.95,0.9054261083416495,0.18598104894755893,0.9444444444444444,0.035,0.16666666666666666,0.9135833333333325
15777,feedback_development,6,0.9137710921647708,0.95,0.95,0.9386815826595585,0.15815960314460323,0.9010989010989011,0.034166666666666665,0.2087912087912088,0.8942866666666667
15778,static_quality,1,0.58,0.24,0.34,0.4,0.62,0.6145833333333334,0.1825,0.4479166666666667,0.7432933333333293
15778,static_quality,2,0.58,0.24,0.34,0.4,0.62,0.5869565217391305,0.16583333333333333,0.4673913043478261,0.7463191666666625
15778,static_quality,3,0.58,0.24,0.34,0.4,0.62,0.6458333333333334,0.17083333333333334,0.40625,0.765236666666663
15778,static_quality,4,0.58,0.24,0.34,0.4,0.62,0.717391304347826,0.18833333333333332,0.358695652173913,0.7917583333333286
15778,static_quality,5,0.58,0.24,0.34,0.4,0.62,0.660377358490566,0.18583333333333332,0.44339622641509435,0.7221866666666624
15778,static_quality,6,0.58,0.24,0.34,0.4,0.62,0.6025641025641025,0.18666666666666668,0.48717948717948717,0.7675283333333284
15778,linear_development,1,0.7481798340151219,0.4798174140509839,0.5760188087486724,0.5893295374086714,0.4720244838738338,0.6981132075471698,0.1175,0.4056603773584906,0.7568233333333304
15778,linear_development,2,0.8160094101784594,0.6647553388667016,0.7461122592953164,0.735333162263186,0.32706352063035304,0.8863636363636364,0.08666666666666667,0.17045454545454544,0.9028108333333315
15778,linear_development,3,0.8608615133404003,0.7928558741862269,0.855262318832283,0.8364651638312322,0.23828322979831024,0.8910891089108911,0.07333333333333333,0.2079207920792079,0.8756116666666649
15778,linear_development,4,0.880967615476477,0.853888998647446,0.9036973976029303,0.8846492094585106,0.2044487916472018,0.8701298701298701,0.06333333333333334,0.24675324675324675,0.8880933333333318
15778,linear_development,5,0.8955949789204963,0.900594247199925,0.9385686687267905,0.9215217741052045,0.18358965269385968,0.896551724137931,0.05,0.26436781609195403,0.8705241666666654
15778,linear_development,6,0.9061216984280209,0.9355487721890997,0.95,0.949117451728237,0.15568081213207047,0.9347826086956522,0.03666666666666667,0.21739130434782608,0.8883249999999995
15778,interaction_development,1,0.6877918350379875,0.4606912048188928,0.5577670481552242,0.5742298985412311,0.47062684257301624,0.7176470588235294,0.1575,0.32941176470588235,0.8231541666666631
15778,interaction_development,2,0.8103210045278277,0.6396493933358092,0.7237827806410643,0.7155126789493237,0.3517252108865331,0.8924731182795699,0.10833333333333334,0.27956989247311825,0.8429366666666637
15778,interaction_development,3,0.8707741964742685,0.7635321158934507,0.8310733601000457,0.8133148283369349,0.2722532562658554,0.8817204301075269,0.06833333333333333,0.24731182795698925,0.8668899999999982
15778,interaction_development,4,0.8967365542611965,0.8476023653664214,0.8988436189292894,0.8796860779208596,0.21917441017199876,0.8541666666666666,0.043333333333333335,0.23958333333333334,0.8720433333333322
15778,interaction_development,5,0.9071694631640297,0.900594247199925,0.9385686687267905,0.9215217741052045,0.20015186791886247,0.8543689320388349,0.03833333333333333,0.3106796116504854,0.8279566666666652
15778,interaction_development,6,0.9119402999941922,0.9355487721890997,0.95,0.949117451728237,0.1885049470542516,0.8235294117647058,0.035833333333333335,0.29411764705882354,0.8384591666666653
15778,feedback_development,1,0.7574188474048906,0.6529748894327365,0.6925560895476045,0.5868506412562087,0.46853103676825414,0.7227722772277227,0.1275,0.38613861386138615,0.7744483333333309
15778,feedback_development,2,0.8688327340421028,0.8667668961360033,0.8766849591652629,0.7239454957966136,0.3316288702508694,0.9240506329113924,0.08,0.1518987341772152,0.9195624999999992
15778,feedback_development,3,0.8993892061609794,0.95,0.95,0.8144349393669134,0.25816355264082647,0.8705882352941177,0.04583333333333333,0.2235294117647059,0.8917633333333326
15778,feedback_development,4,0.9080339331267859,0.95,0.95,0.8804079614533344,0.20305203390980645,0.9139784946236559,0.0475,0.21505376344086022,0.886098333333332
15778,feedback_development,5,0.912828931665634,0.95,0.95,0.9233883679333658,0.16291761224088167,0.9111111111111111,0.03666666666666667,0.17777777777777778,0.9082966666666668
15778,feedback_development,6,0.9157264524400193,0.95,0.95,0.95,0.13156597304932321,0.941747572815534,0.03166666666666667,0.1650485436893204,0.9044358333333329
15779,static_quality,1,0.58,0.24,0.34,0.4,0.62,0.73,0.17583333333333334,0.38,0.7692591666666622
15779,static_quality,2,0.58,0.24,0.34,0.4,0.62,0.6944444444444444,0.17583333333333334,0.375,0.8243699999999956
15779,static_quality,3,0.58,0.24,0.34,0.4,0.62,0.6829268292682927,0.17666666666666667,0.3780487804878049,0.8043499999999952
15779,static_quality,4,0.58,0.24,0.34,0.4,0.62,0.735632183908046,0.17416666666666666,0.3563218390804598,0.8045416666666625
15779,static_quality,5,0.58,0.24,0.34,0.4,0.62,0.7160493827160493,0.17666666666666667,0.4074074074074074,0.7942233333333281
15779,static_quality,6,0.58,0.24,0.34,0.4,0.62,0.7051282051282052,0.1775,0.4230769230769231,0.7940041666666625
15779,linear_development,1,0.751882407982216,0.482938509566678,0.5789866770874317,0.5917935601842195,0.44531486129341585,0.8470588235294118,0.13333333333333333,0.24705882352941178,0.8634708333333297
15779,linear_development,2,0.8116972230597073,0.6524289755743222,0.7351827691278943,0.7256018228218339,0.3351447764792185,0.8863636363636364,0.08916666666666667,0.25,0.8676916666666652
15779,linear_development,3,0.8532112293565779,0.7691564720508303,0.835753872946871,0.8177551095138137,0.24922517492505847,0.8795180722891566,0.07833333333333334,0.18072289156626506,0.9045808333333313
15779,linear_development,4,0.8790128042081098,0.8512271221825954,0.9016463961669129,0.8825477280388917,0.2162516825016395,0.8217821782178217,0.056666666666666664,0.27722772277227725,0.8445624999999986
15779,linear_development,5,0.8970896743982273,0.900594247199925,0.9385686687267905,0.9215217741052045,0.1693544576678494,0.9375,0.049166666666666664,0.1625,0.9212158333333336
15779,linear_development,6,0.9084783001467486,0.9355487721890997,0.95,0.949117451728237,0.13487288918639728,0.9294117647058824,0.0425,0.15294117647058825,0.9221775000000001
15779,interaction_development,1,0.6885347475223095,0.46392705758997943,0.5608626788181376,0.5767845191499837,0.47432550529453094,0.7717391304347826,0.16833333333333333,0.3695652173913043,0.7909549999999964
15779,interaction_development,2,0.7961916960152267,0.6195936148679743,0.7057560699826324,0.6996791696326119,0.37387588341307815,0.7710843373493976,0.10666666666666667,0.3132530120481928,0.843947499999998
15779,interaction_development,3,0.8684345281274102,0.756308577329242,0.8250347099054556,0.8076120347336122,0.27352629501664066,0.8556701030927835,0.07833333333333334,0.23711340206185566,0.8647474999999983
15779,interaction_development,4,0.8904604559315206,0.8249785065942935,0.8811058275380318,0.861825136784969,0.23695043687692266,0.8947368421052632,0.04666666666666667,0.27631578947368424,0.8812691666666659
15779,interaction_development,5,0.9040662896203884,0.8837573440666797,0.9262589247242138,0.9082294821579054,0.2046349773348799,0.8709677419354839,0.03666666666666667,0.26881720430107525,0.863373333333333
15779,interaction_development,6,0.9120280616105407,0.9241773748764875,0.95,0.9401400327972274,0.1691445135710259,0.9318181818181818,0.034166666666666665,0.19318181818181818,0.903894999999999
15779,feedback_development,1,0.7752388358076996,0.6806963006453645,0.7161466601150601,0.6015026943101264,0.4465017920116273,0.7575757575757576,0.15666666666666668,0.31313131313131315,0.808287499999996
15779,feedback_development,2,0.8677394647180237,0.8688444986204963,0.8784937040516886,0.7256018228218339,0.3439209757587663,0.8235294117647058,0.049166666666666664,0.27058823529411763,0.8712566666666658
15779,feedback_development,3,0.8976494618249262,0.95,0.95,0.8144349393669134,0.2780506142418218,0.8888888888888888,0.0575,0.2777777777777778,0.8591933333333318
15779,feedback_development,4,0.9049755202542069,0.95,0.95,0.8683199088450803,0.2359953558392802,0.8717948717948718,0.030833333333333334,0.2692307692307692,0.885005833333333
15779,feedback_development,5,0.9097708167073112,0.95,0.95,0.9048552397803314,0.1980271364540201,0.9117647058823529,0.03666666666666667,0.20588235294117646,0.9183141666666665
15779,feedback_development,6,0.9133879833261449,0.95,0.95,0.9332914416099226,0.16168934017655698,0.9142857142857143,0.03916666666666667,0.15714285714285714,0.9333133333333332
