seed,model,final_ethical_signal_quality,phase_crossing_index,irreversible_recall_final_phase,false_alarm_rate_final_phase,irreversible_core_violation_rate_final_phase,net_vigilance_value_final_phase,developmental_maturity_final,final_TF,final_I,final_A,final_H
15600,static_quality,0.58,99,0.696969696969697,0.16583333333333333,0.3939393939393939,0.6886818181818182,0.34,0.24,0.34,0.4,0.62
15600,linear_development,0.9033809625847415,2,0.898989898989899,0.043333333333333335,0.2222222222222222,0.8869414878220547,0.9128118156779561,0.9323698859204561,0.95,0.9466078046740447,0.1777304278826764
15600,interaction_development,0.9139479872312768,2,0.9222222222222223,0.04,0.2222222222222222,0.8996477536402471,0.9206050189334297,0.937459245378924,0.95,0.95,0.1550391696452055
15600,feedback_development,0.9140089506739311,2,0.9032258064516129,0.030833333333333334,0.1827956989247312,0.9008271490527026,0.9210979246616925,0.95,0.95,0.9453069376962897,0.16091523904951957
15601,static_quality,0.58,99,0.6162790697674418,0.18916666666666668,0.43023255813953487,0.6404457364341085,0.34,0.24,0.34,0.4,0.62
15601,linear_development,0.9099348016826945,2,0.9550561797752809,0.04666666666666667,0.19101123595505617,0.918729920626936,0.9284161944826061,0.9490316955015589,0.95,0.95,0.135366917571134
15601,interaction_development,0.9117406284834386,2,0.8631578947368421,0.04,0.25263157894736843,0.8666558311146211,0.9102808084455589,0.9286058445655938,0.95,0.9436361930781008,0.1811188038614586
15601,feedback_development,0.912880355908702,2,0.9078947368421053,0.029166666666666667,0.18421052631578946,0.9028092463687615,0.9155800377244943,0.95,0.95,0.9324836763133354,0.17016352541535856
15602,static_quality,0.58,99,0.7012987012987013,0.19833333333333333,0.35064935064935066,0.6927878787878787,0.34,0.24,0.34,0.4,0.62
15602,linear_development,0.9020145273302447,2,0.875,0.0425,0.2625,0.8680521790995367,0.9095583984053447,0.9259808056049071,0.95,0.9415637938986113,0.1793110058821394
15602,interaction_development,0.9118167360961653,2,0.8846153846153846,0.02666666666666667,0.19230769230769232,0.891054561696476,0.9103514984163468,0.9237196930346957,0.95,0.9397787050273917,0.1720924043967003
15602,feedback_development,0.9151068247960448,2,0.9010989010989011,0.035833333333333335,0.18681318681318682,0.8982312251846081,0.9267126120303316,0.95,0.95,0.95,0.14314955187867304
15603,static_quality,0.58,99,0.7582417582417582,0.185,0.3626373626373626,0.7186813186813187,0.34,0.24,0.34,0.4,0.62
15603,linear_development,0.9067437101919119,2,0.9072164948453608,0.04,0.20618556701030927,0.8950218658071374,0.9208183575997904,0.9418165150766571,0.95,0.95,0.1585430846774953
15603,interaction_development,0.9102435431559979,2,0.825,0.024166666666666666,0.3,0.8429531981400664,0.903452954127592,0.9180071807898276,0.95,0.935268826939338,0.18946419121879798
15603,feedback_development,0.9143678513391931,2,0.9423076923076923,0.025,0.16346153846153846,0.9235013315470327,0.922801043543964,0.95,0.95,0.945635096070112,0.15443092189425633
15604,static_quality,0.58,99,0.75,0.16833333333333333,0.3194444444444444,0.7269444444444444,0.34,0.24,0.34,0.4,0.62
15604,linear_development,0.9032546685091454,2,0.9294117647058824,0.04583333333333333,0.2,0.9045568277273522,0.9125111154979652,0.9218611717325018,0.95,0.9383114513677651,0.16012816110840633
15604,interaction_development,0.9135019532211409,2,0.9204545454545454,0.028333333333333332,0.23863636363636365,0.8978358990437773,0.9184000895120313,0.9343745881451029,0.95,0.9481904643250817,0.15896469442205902
15604,feedback_development,0.9154183825070057,2,0.9052631578947369,0.03666666666666667,0.2,0.8973478450953492,0.9280479000600366,0.95,0.95,0.95,0.13780839975985343
15605,static_quality,0.58,99,0.68,0.18416666666666667,0.42,0.6721666666666667,0.34,0.24,0.34,0.4,0.62
15605,linear_development,0.9041887196841631,2,0.88,0.041666666666666664,0.26,0.8712949746192912,0.9147350468670552,0.9418165150766571,0.95,0.95,0.18287632760843595
15605,interaction_development,0.9131009252785194,2,0.9120879120879121,0.0325,0.15384615384615385,0.9101354684621075,0.9162561604939874,0.9277413419810552,0.95,0.9429536910376756,0.15567039104278077
15605,feedback_development,0.9139443206268927,2,0.9230769230769231,0.04083333333333333,0.1794871794871795,0.9084121609145468,0.9206369868203347,0.95,0.95,0.9394151962046194,0.15686724892328072
15606,static_quality,0.58,99,0.6923076923076923,0.1975,0.37362637362637363,0.6843131868131868,0.34,0.24,0.34,0.4,0.62
15606,linear_development,0.9093443899512766,3,0.9191919191919192,0.04083333333333333,0.1414141414141414,0.9135885271795602,0.9270104522649445,0.9363198666786293,0.95,0.9497262105357603,0.12800426815461186
15606,interaction_development,0.9130079326070373,2,0.8279569892473119,0.03833333333333333,0.3225806451612903,0.8373490393534213,0.9163803474749825,0.9403989113665004,0.95,0.95,0.17487752146656982
15606,feedback_development,0.9142284535254371,2,0.8554216867469879,0.035,0.3253012048192771,0.8500137861011047,0.9222623018345404,0.95,0.95,0.95,0.16095079266183812
15607,static_quality,0.58,99,0.7115384615384616,0.16916666666666666,0.4230769230769231,0.6887435897435897,0.34,0.24,0.34,0.4,0.62
15607,linear_development,0.9087437890576859,2,0.92,0.028333333333333332,0.22666666666666666,0.899311568358653,0.9255804501373475,0.9438799516763187,0.95,0.95,0.14155815112692866
15607,interaction_development,0.9158446813877228,2,0.9772727272727273,0.023333333333333334,0.1590909090909091,0.9406645809960373,0.9301205250582532,0.9452147593206394,0.95,0.95,0.1247326590876271
15607,feedback_development,0.9133484646260491,2,0.8354430379746836,0.04583333333333333,0.26582278481012656,0.8506204131538231,0.9180411409714694,0.95,0.95,0.9446446664861298,0.17248010260025207
15608,static_quality,0.58,99,0.68,0.18416666666666667,0.38,0.6801666666666667,0.34,0.24,0.34,0.4,0.62
15608,linear_development,0.9038343001822091,2,0.896551724137931,0.0325,0.21839080459770116,0.8888452599698601,0.9132712506052375,0.9323698859204561,0.95,0.9466078046740447,0.1758926881735507
15608,interaction_development,0.9140508859411027,2,0.8961038961038961,0.04,0.22077922077922077,0.8881985419820746,0.9209708337766827,0.9343745881451029,0.95,0.9481904643250817,0.148681717363454
15608,feedback_development,0.9150804133172136,2,0.9620253164556962,0.04,0.13924050632911392,0.9343253531368226,0.9263663050032047,0.95,0.95,0.95,0.144534779987181
15609,static_quality,0.58,99,0.7142857142857143,0.19833333333333333,0.3626373626373626,0.6962344322344323,0.34,0.24,0.34,0.4,0.62
15609,linear_development,0.9006652969463751,3,0.8762886597938144,0.043333333333333335,0.24742268041237114,0.8712784887000318,0.906345945110417,0.9199573687374554,0.95,0.9368084490032547,0.1813820372990424
15609,interaction_development,0.9126001158724106,2,0.9010989010989011,0.03166666666666667,0.2967032967032967,0.8767105302013745,0.9142661488155696,0.9331790126053038,0.95,0.9472465888989244,0.1733610062419498
15609,feedback_development,0.914892641416966,2,0.9010989010989011,0.03166666666666667,0.24175824175824176,0.8880434200220687,0.9254454480333134,0.95,0.95,0.95,0.1482182078667458
15610,static_quality,0.58,99,0.7241379310344828,0.18583333333333332,0.3563218390804598,0.7044310344827586,0.34,0.24,0.34,0.4,0.62
15610,linear_development,0.908609706386891,2,0.8901098901098901,0.035833333333333335,0.1978021978021978,0.8901138002803779,0.9252612056830737,0.9458702099401273,0.95,0.95,0.14482538720783253
15610,interaction_development,0.9105887228663501,3,0.9072164948453608,0.04083333333333333,0.20618556701030927,0.8954319510416364,0.9047855511227552,0.9165134208831681,0.9498907233735747,0.9340895428025016,0.18135148256822414
15610,feedback_development,0.9154547914667468,2,0.9431818181818182,0.04083333333333333,0.13636363636363635,0.9263106429624364,0.9282309419450043,0.95,0.95,0.95,0.13707623221998252
15611,static_quality,0.58,99,0.7157894736842105,0.18333333333333332,0.4105263157894737,0.6903333333333332,0.34,0.24,0.34,0.4,0.62
15611,linear_development,0.9057640062398802,2,0.9555555555555556,0.04083333333333333,0.17777777777777778,0.9221423787137599,0.9184857291425719,0.9331790126053038,0.95,0.9472465888989244,0.15648268493394057
15611,interaction_development,0.9134664194792981,2,0.92,0.030833333333333334,0.22666666666666666,0.8995199629218946,0.9182739124315622,0.9351597305725349,0.95,0.9488103136098964,0.16087439445618226
15611,feedback_development,0.9143320006500157,2,0.8783783783783784,0.0325,0.1891891891891892,0.8880822325299348,0.9224911986497946,0.95,0.95,0.9401400327972274,0.1501752381980488
15612,static_quality,0.58,99,0.7127659574468085,0.18916666666666668,0.3723404255319149,0.6954432624113475,0.34,0.24,0.34,0.4,0.62
15612,linear_development,0.9062146538604565,2,0.9024390243902439,0.04,0.2073170731707317,0.8925663444205321,0.919966347469747,0.9347683406162323,0.95,0.9485013215391312,0.15340427227637518
15612,interaction_development,0.911315104097094,2,0.8979591836734694,0.03333333333333333,0.30612244897959184,0.8728877418050403,0.9084553498736634,0.9281748939291689,0.95,0.9432959688914495,0.18764946332596444
15612,feedback_development,0.9158940659411721,2,0.90625,0.03916666666666667,0.20833333333333334,0.8956966098911758,0.9304690170608654,0.95,0.95,0.95,0.12812393175653827
15613,static_quality,0.58,99,0.7070707070707071,0.18666666666666668,0.37373737373737376,0.6931010101010101,0.34,0.24,0.34,0.4,0.62
15613,linear_development,0.9095806603502805,2,0.9270833333333334,0.0375,0.17708333333333334,0.9107079323858754,0.9275730008340014,0.9448840637028565,0.95,0.95,0.134592060366851
15613,interaction_development,0.9114327631294109,2,0.8823529411764706,0.0325,0.3058823529411765,0.866097267410588,0.9089001022009089,0.9273051730191701,0.95,0.9426093471203979,0.1843141113359323
15613,feedback_development,0.9136976647951167,2,0.9431818181818182,0.03333333333333333,0.26136363636363635,0.9025470739616918,0.9197981052538686,0.95,0.95,0.95,0.17080757898452517
15614,static_quality,0.58,99,0.6976744186046512,0.18333333333333332,0.37209302325581395,0.6898682170542636,0.34,0.24,0.34,0.4,0.62
15614,linear_development,0.903735413326985,2,0.8936170212765957,0.03916666666666667,0.23404255319148937,0.8830461276018846,0.913655746016631,0.9311377883554746,0.95,0.945635096070112,0.17214990035906233
15614,interaction_development,0.9120383801184797,3,0.896551724137931,0.04666666666666667,0.1839080459770115,0.8941390903511054,0.9112087535324029,0.9213895087852131,0.95,0.9379390858830634,0.1644935805386646
15614,feedback_development,0.9134898282092194,2,0.9108910891089109,0.04,0.26732673267326734,0.8854591177957395,0.9187631491406254,0.95,0.95,0.9472465888989244,0.17219399233642302
15615,static_quality,0.58,99,0.6753246753246753,0.19,0.44155844155844154,0.6645844155844156,0.34,0.24,0.34,0.4,0.62
15615,linear_development,0.9015404255237183,2,0.8555555555555555,0.04416666666666667,0.24444444444444444,0.8625088416063356,0.9084295845802819,0.9259808056049071,0.95,0.9415637938986113,0.18382626118239062
15615,interaction_development,0.9150666728748313,2,0.9615384615384616,0.0275,0.15384615384615385,0.9336830778543016,0.9259829005288636,0.9359354795559651,0.95,0.9494227470178676,0.1314266244583787
15615,feedback_development,0.9140105311991502,2,0.9204545454545454,0.041666666666666664,0.2159090909090909,0.8997909736192664,0.9211330236031626,0.95,0.95,0.9462855177807291,0.16175342336807827
15616,static_quality,0.58,99,0.7171717171717171,0.17416666666666666,0.35353535353535354,0.7041868686868686,0.34,0.24,0.34,0.4,0.62
15616,linear_development,0.9051021182947079,2,0.90625,0.050833333333333335,0.20833333333333334,0.891744484410873,0.9169098054635902,0.9303039447504692,0.95,0.9449767984872129,0.157641521383321
15616,interaction_development,0.9128482843119048,3,0.9326923076923077,0.04083333333333333,0.22115384615384615,0.9042413452108883,0.9149900810855883,0.9250845167634653,0.95,0.9408561974448414,0.15598038986595344
15616,feedback_development,0.9154488001213061,2,0.9111111111111111,0.043333333333333335,0.14444444444444443,0.9097617644626403,0.9281669438167012,0.95,0.95,0.9485013215391312,0.13583354627232644
15617,static_quality,0.58,99,0.6,0.1775,0.4666666666666667,0.6281666666666667,0.34,0.24,0.34,0.4,0.62
15617,linear_development,0.9053593399382206,2,0.8651685393258427,0.04833333333333333,0.2696629213483146,0.8615304927510328,0.9175222379481444,0.9355487721890997,0.95,0.949117451728237,0.16457727212475928
15617,interaction_development,0.914131004374146,3,0.8850574712643678,0.04083333333333333,0.16091954022988506,0.8950449380124438,0.9213522679846742,0.9343745881451029,0.95,0.9481904643250817,0.14715598053148776
15617,feedback_development,0.9145265807201032,2,0.8909090909090909,0.03833333333333333,0.22727272727272727,0.8849668658958942,0.9236770381290671,0.95,0.95,0.95,0.1552918474837315
15618,static_quality,0.58,99,0.7870370370370371,0.17916666666666667,0.3425925925925926,0.7368148148148148,0.34,0.24,0.34,0.4,0.62
15618,linear_development,0.9069909585552164,2,0.9056603773584906,0.034166666666666665,0.2358490566037736,0.8895926689405151,0.9214070441790868,0.9414653069181661,0.95,0.95,0.15583713020181875
15618,interaction_development,0.9123935520050792,3,0.875,0.03333333333333333,0.22115384615384615,0.879711596903326,0.913009562344785,0.9264249207712777,0.95,0.9419144111352197,0.16630108252735723
15618,feedback_development,0.9141261378076325,2,0.8928571428571429,0.029166666666666667,0.23809523809523808,0.8854522540044782,0.9220262319426057,0.95,0.95,0.95,0.16189507222957686
15619,static_quality,0.58,99,0.6702127659574468,0.18583333333333332,0.3617021276595745,0.6790886524822695,0.34,0.24,0.34,0.4,0.62
15619,linear_development,0.9034185449428733,2,0.8367346938775511,0.0325,0.23469387755102042,0.8586046184761249,0.912901297483032,0.9281748939291689,0.95,0.9432959688914495,0.16986567288849014
15619,interaction_development,0.913793692127166,2,0.8241758241758241,0.04583333333333333,0.27472527472527475,0.8438364530864743,0.9200172911916891,0.94251262229028,0.95,0.95,0.16244345752352377
15619,feedback_development,0.9157739391814324,2,0.8888888888888888,0.0325,0.2222222222222222,0.8864216464327703,0.929851472189601,0.95,0.95,0.95,0.13059411124159576
15620,static_quality,0.58,99,0.7282608695652174,0.175,0.32608695652173914,0.7145,0.34,0.24,0.34,0.4,0.62
15620,linear_development,0.9046820517781294,3,0.8850574712643678,0.04,0.1839080459770115,0.8891965606402827,0.9159096470907845,0.9259808056049071,0.95,0.9415637938986113,0.15390601114038022
15620,interaction_development,0.9138960191099323,2,0.8782608695652174,0.035,0.25217391304347825,0.874867011562142,0.9204364155455825,0.9403989113665004,0.95,0.95,0.15865324918416993
15620,feedback_development,0.9146757438312842,2,0.87,0.034166666666666665,0.24,0.8738680282413593,0.9243934103632362,0.95,0.95,0.95,0.15242635854705475
15621,static_quality,0.58,99,0.717391304347826,0.19,0.42391304347826086,0.6870434782608695,0.34,0.24,0.34,0.4,0.62
15621,linear_development,0.9031999766518402,2,0.9247311827956989,0.04,0.1935483870967742,0.9048993513364857,0.9123808967900956,0.9213895087852131,0.95,0.9379390858830634,0.1598050075078939
15621,interaction_development,0.9123068137619568,3,0.8452380952380952,0.03333333333333333,0.2261904761904762,0.8652984030166745,0.9124992220295709,0.9237196930346957,0.95,0.9397787050273917,0.1635015099438037
15621,feedback_development,0.9146069179674063,2,0.9230769230769231,0.03666666666666667,0.24358974358974358,0.8965243710284444,0.9242927783561503,0.95,0.95,0.95,0.15282888657539848
15622,static_quality,0.58,99,0.7209302325581395,0.18083333333333335,0.3488372093023256,0.705484496124031,0.34,0.24,0.34,0.4,0.62
15622,linear_development,0.9076453984024431,2,0.9052631578947369,0.03666666666666667,0.21052631578947367,0.89407663432177,0.9232774428857822,0.9442166719662608,0.95,0.95,0.15110690042313207
15622,interaction_development,0.9130898766990247,2,0.8865979381443299,0.030833333333333334,0.23711340206185566,0.8823432065907644,0.9163786368112669,0.9315509616253417,0.95,0.9459612854936913,0.1619976998739655
15622,feedback_development,0.9151612282825566,2,0.9278350515463918,0.0325,0.18556701030927836,0.9111865553764041,0.9267655581644128,0.95,0.95,0.95,0.14293776734234856
15623,static_quality,0.58,99,0.75,0.18083333333333335,0.3645833333333333,0.7154166666666667,0.34,0.24,0.34,0.4,0.62
15623,linear_development,0.9074912193239488,2,0.9156626506024096,0.0375,0.2289156626506024,0.8948887431395561,0.9225981412474973,0.9411119787909116,0.95,0.95,0.15071941380092224
15623,interaction_development,0.913511885644029,3,0.9080459770114943,0.04416666666666667,0.20689655172413793,0.8954348288236158,0.9185883440617872,0.9378344899066504,0.95,0.95,0.16348111365950133
15623,feedback_development,0.9150372531181157,2,0.9090909090909091,0.045,0.2077922077922078,0.8957880555001847,0.9260638447269941,0.95,0.95,0.9462855177807291,0.14203013887275256
15624,static_quality,0.58,99,0.7373737373737373,0.17083333333333334,0.3838383838383838,0.7078838383838383,0.34,0.24,0.34,0.4,0.62
15624,linear_development,0.9112474289267843,2,0.9387755102040817,0.035,0.17346938775510204,0.9174422163798339,0.9315414974447247,0.95,0.95,0.95,0.12383401022110109
15624,interaction_development,0.9142220372434378,2,0.9072164948453608,0.04083333333333333,0.17525773195876287,0.9021625152085089,0.9218363789603696,0.9355487721890997,0.95,0.949117451728237,0.14732070807585815
15624,feedback_development,0.915373183511053,2,0.8556701030927835,0.0425,0.23711340206185566,0.8664348435060394,0.9278211823795953,0.95,0.95,0.95,0.1387152704816185
15625,static_quality,0.58,99,0.723404255319149,0.17416666666666666,0.3617021276595745,0.7053581560283688,0.34,0.24,0.34,0.4,0.62
15625,linear_development,0.9061906591374489,2,0.945054945054945,0.03,0.21978021978021978,0.9112472801892987,0.9195015693748783,0.9311377883554746,0.95,0.945635096070112,0.14876660692607332
15625,interaction_development,0.9135670639600775,2,0.9320388349514563,0.03833333333333333,0.2524271844660194,0.8983004317622965,0.9188922262125627,0.93967720950097,0.95,0.95,0.16410830465071924
15625,feedback_development,0.9155479736117267,2,0.9175257731958762,0.0375,0.1958762886597938,0.9035435362479445,0.9287011003072134,0.95,0.95,0.95,0.13519559877114576
15626,static_quality,0.58,99,0.6329113924050633,0.16333333333333333,0.4177215189873418,0.6555991561181435,0.34,0.24,0.34,0.4,0.62
15626,linear_development,0.9010048232382808,3,0.8902439024390244,0.045,0.23170731707317074,0.880419016168669,0.9071543410435257,0.9199573687374554,0.95,0.9368084490032547,0.17814845356660766
15626,interaction_development,0.9147464156340503,2,0.9583333333333334,0.04,0.14583333333333334,0.931295295678441,0.924454330836913,0.9382074829672105,0.95,0.95,0.14039015961955845
15626,feedback_development,0.915052865156358,2,0.9358974358974359,0.041666666666666664,0.15384615384615385,0.9193092118247359,0.9261710502660193,0.95,0.95,0.9475631093655309,0.1428789083014537
15627,static_quality,0.58,99,0.6551724137931034,0.19666666666666666,0.42528735632183906,0.6574367816091954,0.34,0.24,0.34,0.4,0.62
15627,linear_development,0.9070700362397539,3,0.9150943396226415,0.04,0.16981132075471697,0.9058906941152084,0.9215953243803667,0.9339784588984938,0.95,0.9478777307093377,0.14547489208636444
15627,interaction_development,0.9111312073886352,3,0.9176470588235294,0.03916666666666667,0.24705882352941178,0.8923657595396678,0.9072571348952773,0.9204376245250306,0.95,0.9371875983092351,0.17859668325315683
15627,feedback_development,0.9152787242084652,2,0.9313725490196079,0.04,0.20588235294117646,0.907232985101858,0.927349207482179,0.95,0.95,0.95,0.14060317007128392
15628,static_quality,0.58,99,0.7558139534883721,0.17166666666666666,0.3488372093023256,0.723015503875969,0.34,0.24,0.34,0.4,0.62
15628,linear_development,0.9076117415461273,2,0.9263157894736842,0.04,0.2,0.904983866495077,0.9228850989193508,0.9455434707647156,0.95,0.95,0.15400307508731237
15628,interaction_development,0.9132040757486541,2,0.9058823529411765,0.03666666666666667,0.23529411764705882,0.8902355133230825,0.9168041360255011,0.929460004241211,0.95,0.9443105296641144,0.1565539898033209
15628,feedback_development,0.9136215762037605,2,0.865546218487395,0.04,0.29411764705882354,0.8597155053381271,0.9194504396686094,0.95,0.95,0.95,0.1721982413255621
15629,static_quality,0.58,99,0.74,0.17583333333333334,0.35,0.7148333333333333,0.34,0.24,0.34,0.4,0.62
15629,linear_development,0.9084046313392129,2,0.9072164948453608,0.034166666666666665,0.17525773195876287,0.9026232376562084,0.9247729317600307,0.9385782380694072,0.95,0.95,0.13948651102928405
15629,interaction_development,0.9116415228617447,2,0.8888888888888888,0.034166666666666665,0.2777777777777778,0.8743573395403728,0.9098098838980629,0.9277413419810552,0.95,0.9429536910376756,0.1814554974264787
15629,feedback_development,0.9145691483226466,2,0.9560439560439561,0.030833333333333334,0.10989010989010989,0.9392604638234886,0.9236823016659017,0.95,0.95,0.9422629246684083,0.14753371800480133
15630,static_quality,0.58,99,0.7283950617283951,0.18916666666666668,0.345679012345679,0.7078086419753087,0.34,0.24,0.34,0.4,0.62
15630,linear_development,0.9015909212129534,3,0.875,0.03833333333333333,0.25,0.8713219715152764,0.908549812411794,0.9213895087852131,0.95,0.9379390858830634,0.17512934502110014
15630,interaction_development,0.9133309379411383,2,0.8762886597938144,0.034166666666666665,0.21649484536082475,0.881197235192889,0.9174250298275187,0.9303039447504692,0.95,0.9449767984872129,0.15558062392760685
15630,feedback_development,0.915294086247296,2,0.9,0.03833333333333333,0.175,0.8996274462704278,0.9274193092831412,0.95,0.95,0.9497262105357603,0.14004897340319544
15631,static_quality,0.58,99,0.7160493827160493,0.2075,0.35802469135802467,0.6961172839506172,0.34,0.24,0.34,0.4,0.62
15631,linear_development,0.9085612113333589,2,0.891566265060241,0.03916666666666667,0.20481927710843373,0.8886918122220921,0.9251457412699022,0.9378344899066504,0.95,0.95,0.13725152482704114
15631,interaction_development,0.9148507981093905,2,0.8571428571428571,0.0425,0.22857142857142856,0.8687276197164087,0.9254761575294406,0.9477898850865832,0.95,0.95,0.14588525496882093
15631,feedback_development,0.9156008639742659,2,0.9361702127659575,0.03916666666666667,0.20212765957446807,0.9103578600925937,0.9289690543799723,0.95,0.95,0.95,0.1341237824801102
15632,static_quality,0.58,99,0.775,0.16916666666666666,0.3,0.7419166666666667,0.34,0.24,0.34,0.4,0.62
15632,linear_development,0.907300321451271,2,0.9069767441860465,0.035833333333333335,0.18604651162790697,0.8998586141091633,0.9221436225030264,0.9385782380694072,0.95,0.95,0.1500037480573012
15632,interaction_development,0.9144530946599477,2,0.9230769230769231,0.04,0.24175824175824176,0.8962009312319592,0.9230699657614754,0.9400391462439642,0.95,0.95,0.14775928319806322
15632,feedback_development,0.9131902389168349,2,0.9278350515463918,0.041666666666666664,0.21649484536082475,0.9028720066279032,0.9171474964542552,0.95,0.95,0.9386815826595585,0.17009159684253747
15633,static_quality,0.58,99,0.5824175824175825,0.18166666666666667,0.4725274725274725,0.6182490842490842,0.34,0.24,0.34,0.4,0.62
15633,linear_development,0.9020007412853037,2,0.8902439024390244,0.04833333333333333,0.3048780487804878,0.8652675908675924,0.9095255744888187,0.9250845167634653,0.95,0.9408561974448414,0.17783841625303187
15633,interaction_development,0.9115623583950045,2,0.8354430379746836,0.03666666666666667,0.22784810126582278,0.8597807672613604,0.9092567782306965,0.9237196930346957,0.95,0.9397787050273917,0.17647128513930138
15633,feedback_development,0.9145515276403402,2,0.9509803921568627,0.03166666666666667,0.18627450980392157,0.9215356703225216,0.9237964482455132,0.95,0.95,0.95,0.1548142070179468
15634,static_quality,0.58,99,0.75,0.19333333333333333,0.31521739130434784,0.7227898550724637,0.34,0.24,0.34,0.4,0.62
15634,linear_development,0.9069833205525315,2,0.9157894736842105,0.03166666666666667,0.17894736842105263,0.9060299542232306,0.9213888584584086,0.9319616558555897,0.95,0.9462855177807291,0.1426917398026845
15634,interaction_development,0.9145395661814439,2,0.8818181818181818,0.035833333333333335,0.22727272727272727,0.8813779046241863,0.9235204533532968,0.9414653069181661,0.95,0.95,0.14738349350497876
15634,feedback_development,0.9137572531238118,2,0.8695652173913043,0.03666666666666667,0.21739130434782608,0.8775563415917602,0.9200150873926729,0.95,0.95,0.9481904643250817,0.16813011475438988
15635,static_quality,0.58,99,0.7303370786516854,0.17083333333333334,0.34831460674157305,0.7118220973782772,0.34,0.24,0.34,0.4,0.62
15635,linear_development,0.9065637341377708,2,0.7978723404255319,0.0425,0.2765957446808511,0.8312079643759848,0.9203898431851686,0.9418165150766571,0.95,0.95,0.16025714233598262
15635,interaction_development,0.9148047424233412,2,0.9294117647058824,0.043333333333333335,0.2,0.9067893388144816,0.9247253525003313,0.937459245378924,0.95,0.95,0.1385578353775991
15635,feedback_development,0.9137788307292551,2,0.9325842696629213,0.034166666666666665,0.1797752808988764,0.9139413564445942,0.9198738495424652,0.95,0.95,0.9397787050273917,0.16028330685753064
15636,static_quality,0.58,99,0.7037037037037037,0.1775,0.35802469135802467,0.6965617283950618,0.34,0.24,0.34,0.4,0.62
15636,linear_development,0.9031622240166699,3,0.8571428571428571,0.030833333333333334,0.25274725274725274,0.864472502100669,0.9122910095634997,0.9303039447504692,0.95,0.9449767984872129,0.17611670498368287
15636,interaction_development,0.9128775728060041,2,0.86,0.04583333333333333,0.28,0.8587649692542341,0.9157779019989035,0.93967720950097,0.95,0.95,0.17656560150535594
15636,feedback_development,0.9140116681476717,2,0.8857142857142857,0.041666666666666664,0.18571428571428572,0.8901969883173888,0.9210643784731734,0.95,0.95,0.9436361930781008,0.15937867918540707
15637,static_quality,0.58,99,0.6972477064220184,0.17166666666666666,0.3944954128440367,0.6875290519877676,0.34,0.24,0.34,0.4,0.62
15637,linear_development,0.9037411389204022,3,0.9565217391304348,0.04583333333333333,0.18478260869565216,0.9198727650409589,0.91366937838191,0.9273051730191701,0.95,0.9426093471203979,0.16523700661192814
15637,interaction_development,0.9139162605400598,2,0.9019607843137255,0.03833333333333333,0.2647058823529412,0.8823619488849306,0.9206064078121851,0.9432004012771991,0.95,0.95,0.16077477002845877
15637,feedback_development,0.9142793673848859,2,0.8804347826086957,0.0375,0.2391304347826087,0.8780114703251243,0.9227834040867091,0.95,0.95,0.949117451728237,0.15798383538140023
15638,static_quality,0.58,99,0.7023809523809523,0.17666666666666667,0.39285714285714285,0.6891666666666667,0.34,0.24,0.34,0.4,0.62
15638,linear_development,0.9092506971669638,2,0.9,0.03333333333333333,0.19090909090909092,0.8965391197265598,0.9267873742070567,0.9428575465565383,0.95,0.95,0.13570804972831163
15638,interaction_development,0.9109534490534028,3,0.8505747126436781,0.03666666666666667,0.2988505747126437,0.8522981897718035,0.906536085398709,0.9209149987778804,0.95,0.9375644727193797,0.18233512990242395
15638,feedback_development,0.9147503958416993,2,0.9042553191489362,0.03916666666666667,0.20212765957446807,0.8958685877450493,0.9247541060192355,0.95,0.95,0.95,0.15098357592305767
15639,static_quality,0.58,99,0.7195121951219512,0.17166666666666666,0.4146341463414634,0.693520325203252,0.34,0.24,0.34,0.4,0.62
15639,linear_development,0.9022595524700925,2,0.9506172839506173,0.04083333333333333,0.19753086419753085,0.9154438711421189,0.9106059408458859,0.9237196930346957,0.95,0.9397787050273917,0.17107463467854386
15639,interaction_development,0.9144346697927485,2,0.9176470588235294,0.034166666666666665,0.15294117647058825,0.9126848083120495,0.9229643986455888,0.9393130880291448,0.95,0.95,0.14745549344678943
15639,feedback_development,0.9144972632300319,2,0.8723404255319149,0.045,0.26595744680851063,0.8675362916121644,0.9235369123204726,0.95,0.95,0.95,0.15585235071810896
15640,static_quality,0.58,99,0.7755102040816326,0.18916666666666668,0.3469387755102041,0.7287585034013606,0.34,0.24,0.34,0.4,0.62
15640,linear_development,0.9067288371735467,2,0.9113924050632911,0.03916666666666667,0.20253164556962025,0.8977962454072557,0.9207829456513019,0.9311377883554746,0.95,0.945635096070112,0.14364110182037887
15640,interaction_development,0.9136876744396702,2,0.8791208791208791,0.03333333333333333,0.16483516483516483,0.8930238471366465,0.9194789322412782,0.9303039447504692,0.95,0.9449767984872129,0.14736501427256923
15640,feedback_development,0.91400228320047,2,0.9404761904761905,0.0375,0.2261904761904762,0.907576532956261,0.9209369844620373,0.95,0.95,0.940499192600444,0.15675125475229454
15641,static_quality,0.58,99,0.7010309278350515,0.18583333333333332,0.38144329896907214,0.6890085910652921,0.34,0.24,0.34,0.4,0.62
15641,linear_development,0.9084858793322682,2,0.8865979381443299,0.0325,0.20618556701030927,0.8875048406627267,0.9252665810863681,0.9378344899066504,0.95,0.95,0.136768165561178
15641,interaction_development,0.9119754278875704,3,0.8924731182795699,0.0425,0.23655913978494625,0.8825973894519528,0.9109539243716434,0.9218611717325018,0.95,0.9383114513677651,0.16635692561369392
15641,feedback_development,0.9143804465418595,2,0.8640776699029126,0.04,0.2621359223300971,0.8655648339715702,0.9229807566454342,0.95,0.95,0.95,0.15807697341826277
15642,static_quality,0.58,99,0.7209302325581395,0.175,0.36046511627906974,0.7043255813953488,0.34,0.24,0.34,0.4,0.62
15642,linear_development,0.9099793011047268,2,0.9292035398230089,0.045,0.19469026548672566,0.9067004349887178,0.9285221454874449,0.9487240397399989,0.95,0.95,0.1346354577902188
15642,interaction_development,0.9131968283228185,2,0.8924731182795699,0.041666666666666664,0.24731182795698925,0.880796728549498,0.9171315523646215,0.9370817357936861,0.95,0.95,0.16855552633519988
15642,feedback_development,0.9142112680258558,2,0.9191919191919192,0.03,0.15151515151515152,0.9144650235372117,0.9220134756065905,0.95,0.95,0.9439743759196322,0.1559204734932701
15643,static_quality,0.58,99,0.7191011235955056,0.1575,0.3707865168539326,0.7049382022471911,0.34,0.24,0.34,0.4,0.62
15643,linear_development,0.902906641614198,2,0.9484536082474226,0.03666666666666667,0.16494845360824742,0.921917095898487,0.9116824800338048,0.9209149987778804,0.95,0.9375644727193797,0.16174955136204056
15643,interaction_development,0.9136216508361936,2,0.8785046728971962,0.04,0.2336448598130841,0.8776413784665507,0.9190741613052107,0.9370817357936861,0.95,0.95,0.16078509057284324
15643,feedback_development,0.9146591445499499,2,0.8658536585365854,0.028333333333333332,0.2682926829268293,0.8675078147719234,0.9243134053559173,0.95,0.95,0.95,0.1527463785763304
15644,static_quality,0.58,99,0.7244897959183674,0.17583333333333334,0.3469387755102041,0.7084659863945578,0.34,0.24,0.34,0.4,0.62
15644,linear_development,0.9027720693453058,2,0.9042553191489362,0.045,0.22340425531914893,0.8886498529549874,0.9113620698697759,0.9209149987778804,0.95,0.9375644727193797,0.16303119201815655
15644,interaction_development,0.912041186709314,3,0.9047619047619048,0.03,0.15873015873015872,0.9062030034032227,0.911076173570696,0.9180071807898276,0.95,0.935268826939338,0.15897131344638157
15644,feedback_development,0.9148809443079844,2,0.9357798165137615,0.0425,0.21100917431192662,0.9076312242150051,0.9253501002147249,0.95,0.95,0.9485013215391312,0.14710092068023153
15645,static_quality,0.58,99,0.7191011235955056,0.1775,0.39325842696629215,0.6964438202247191,0.34,0.24,0.34,0.4,0.62
15645,linear_development,0.9089797544935132,2,0.9195402298850575,0.0325,0.14942528735632185,0.9137550091510384,0.926142272603603,0.94251262229028,0.95,0.95,0.13794353187586758
15645,interaction_development,0.9122499420841979,3,0.9175257731958762,0.0325,0.23711340206185566,0.8958014088384029,0.9123538082784384,0.9259808056049071,0.95,0.9415637938986113,0.16812936638976483
15645,feedback_development,0.9156459758991881,2,0.9213483146067416,0.03916666666666667,0.1797752808988764,0.9081652484448033,0.9291982295237678,0.95,0.95,0.95,0.13320708190492836
15646,static_quality,0.58,99,0.6962025316455697,0.16333333333333333,0.4177215189873418,0.6840801687763713,0.34,0.24,0.34,0.4,0.62
15646,linear_development,0.9085603554268453,2,0.9120879120879121,0.03166666666666667,0.17582417582417584,0.9052254452554187,0.9251437033972507,0.9385782380694072,0.95,0.95,0.13800342448040429
15646,interaction_development,0.9132585476348574,2,0.8452380952380952,0.04083333333333333,0.2261904761904762,0.8639411630976095,0.9173029345493373,0.9347683406162323,0.95,0.9485013215391312,0.16405792395801405
15646,feedback_development,0.9143250207790903,2,0.9659090909090909,0.03833333333333333,0.18181818181818182,0.9277775409956515,0.9226059234716799,0.95,0.95,0.9459612854936913,0.1555375916069717
15647,static_quality,0.58,99,0.7659574468085106,0.16333333333333333,0.32978723404255317,0.7330567375886524,0.34,0.24,0.34,0.4,0.62
15647,linear_development,0.9077893202068763,2,0.8876404494382022,0.0375,0.21348314606741572,0.8854099710647394,0.9233079052544675,0.9438799516763187,0.95,0.95,0.15064833065844876
15647,interaction_development,0.9150071976459151,2,0.9252336448598131,0.025,0.21495327102803738,0.9056155656281957,0.9259666726586603,0.9484145269014073,0.95,0.95,0.14454783626676573
15647,feedback_development,0.9130579529841121,2,0.8645833333333334,0.0325,0.3229166666666667,0.8549378596142836,0.916780242739407,0.95,0.95,0.9459612854936913,0.17884031453606342
15648,static_quality,0.58,99,0.6736842105263158,0.175,0.42105263157894735,0.6709473684210526,0.34,0.24,0.34,0.4,0.62
15648,linear_development,0.908272030976601,2,0.898989898989899,0.041666666666666664,0.2222222222222222,0.8880084814141669,0.9244572166109548,0.9435411988695359,0.95,0.95,0.14571233242571696
15648,interaction_development,0.9109529040041724,3,0.8021978021978022,0.041666666666666664,0.2967032967032967,0.8299579539156441,0.9066360402755882,0.9227960246738942,0.95,0.9390494931636011,0.1853013567351426
15648,feedback_development,0.9144076768004166,2,0.9069767441860465,0.034166666666666665,0.2441860465116279,0.8896301437681245,0.9231100873600258,0.95,0.95,0.95,0.15755965055989635
15649,static_quality,0.58,99,0.7613636363636364,0.1825,0.36363636363636365,0.7203863636363637,0.34,0.24,0.34,0.4,0.62
15649,linear_development,0.902599338212561,2,0.8351648351648352,0.0475,0.2857142857142857,0.8445712194132029,0.9109508052680024,0.9319616558555897,0.95,0.9462855177807291,0.18444395256430887
15649,interaction_development,0.9129413802831927,2,0.935064935064935,0.04833333333333333,0.19480519480519481,0.9090927221939942,0.9156661884502413,0.9307221210819664,0.95,0.9453069376962897,0.16336430497729112
15649,feedback_development,0.9146675086131599,2,0.9101123595505618,0.03666666666666667,0.23595505617977527,0.8922263435204384,0.924353709398215,0.95,0.95,0.95,0.15258516240713965
15650,static_quality,0.58,99,0.7586206896551724,0.18,0.3793103448275862,0.7165172413793104,0.34,0.24,0.34,0.4,0.62
15650,linear_development,0.9092042311164776,2,0.9468085106382979,0.04083333333333333,0.1595744680851064,0.9223629041710177,0.9266767407535182,0.9448840637028565,0.95,0.95,0.13817710068878375
15650,interaction_development,0.9123355849762076,2,0.9042553191489362,0.03333333333333333,0.20212765957446807,0.8966730327818921,0.9126685254424165,0.9246323106272286,0.95,0.940499192600444,0.16445740145800625
15650,feedback_development,0.9125958149415557,2,0.8701298701298701,0.030833333333333334,0.23376623376623376,0.8755279003797615,0.9142345151845754,0.95,0.95,0.929578690627303,0.1726406298890014
15651,static_quality,0.58,99,0.7951807228915663,0.1725,0.3132530120481928,0.7476807228915663,0.34,0.24,0.34,0.4,0.62
15651,linear_development,0.9086787720496916,2,0.8686868686868687,0.05,0.20202020202020202,0.8768068663125043,0.9254256477373612,0.9442166719662608,0.95,0.95,0.142514081016816
15651,interaction_development,0.9111173694917063,3,0.84375,0.035833333333333335,0.2708333333333333,0.8550217720904227,0.9075012682429477,0.9259808056049071,0.95,0.9415637938986113,0.187539526531727
15651,feedback_development,0.9143472139729164,2,0.9215686274509803,0.04,0.2647058823529412,0.8909167879782904,0.9228231724424514,0.95,0.95,0.95,0.15870731023019416
15652,static_quality,0.58,99,0.7283950617283951,0.18583333333333332,0.35802469135802467,0.7060061728395062,0.34,0.24,0.34,0.4,0.62
15652,linear_development,0.906447869209118,2,0.9247311827956989,0.05,0.13978494623655913,0.9141392233921205,0.9201139743074241,0.9311377883554746,0.95,0.945635096070112,0.14631698719588995
15652,interaction_development,0.9131104142871501,2,0.8431372549019608,0.04416666666666667,0.2549019607843137,0.8565646013587589,0.916630621163789,0.9347683406162323,0.95,0.9485013215391312,0.16674717750020743
15652,feedback_development,0.9147401231157097,2,0.9240506329113924,0.050833333333333335,0.21518987341772153,0.8998291619272722,0.9248075665597579,0.95,0.95,0.9422629246684083,0.14303265842937646
15653,static_quality,0.58,99,0.7045454545454546,0.1725,0.3977272727272727,0.6900000000000001,0.34,0.24,0.34,0.4,0.62
15653,linear_development,0.9052004179811168,2,0.8118811881188119,0.04666666666666667,0.31683168316831684,0.8284269273836362,0.9171438523359925,0.9445513719344633,0.95,0.95,0.17597596259049259
15653,interaction_development,0.9124961710665922,2,0.9166666666666666,0.04666666666666667,0.27380952380952384,0.8852791875647508,0.9137641526517628,0.9323698859204561,0.95,0.9466078046740447,0.1739210799874497
15653,feedback_development,0.9146024654087637,2,0.9238095238095239,0.03666666666666667,0.23809523809523808,0.8979522745732194,0.9239838293804016,0.95,0.95,0.9478777307093377,0.15194241318773102
15654,static_quality,0.58,99,0.6233766233766234,0.17083333333333334,0.4935064935064935,0.6346515151515151,0.34,0.24,0.34,0.4,0.62
15654,linear_development,0.9052899436762896,3,0.9263157894736842,0.045,0.21052631578947367,0.9015303336567067,0.9173570087530705,0.9298832442157637,0.95,0.9446446664861298,0.1550998756896113
15654,interaction_development,0.9123707326925781,3,0.865979381443299,0.04583333333333333,0.26804123711340205,0.8637714174640242,0.9131469545418716,0.9311377883554746,0.95,0.945635096070112,0.1741850662581001
15654,feedback_development,0.9153224012758511,2,0.87,0.035,0.23,0.8757983601913777,0.927567137033757,0.95,0.95,0.95,0.1397314518649712
15655,static_quality,0.58,99,0.675,0.18666666666666668,0.4125,0.6709166666666667,0.34,0.24,0.34,0.4,0.62
15655,linear_development,0.9075714152047496,2,0.9393939393939394,0.043333333333333335,0.1919191919191919,0.9118124799574803,0.9227890838208326,0.9385782380694072,0.95,0.95,0.14742190278607636
15655,interaction_development,0.9137175912373905,3,0.9381443298969072,0.03833333333333333,0.21649484536082475,0.9082569514003852,0.9193833063276853,0.9339784588984938,0.95,0.9478777307093377,0.15432296429709053
15655,feedback_development,0.9157480233855143,2,0.9607843137254902,0.0325,0.12745098039215685,0.9377249486058664,0.9297187936522553,0.95,0.95,0.95,0.13112482539097875
15656,static_quality,0.58,99,0.6896551724137931,0.17416666666666666,0.40229885057471265,0.682051724137931,0.34,0.24,0.34,0.4,0.62
15656,linear_development,0.9038206387742546,2,0.9148936170212766,0.051666666666666666,0.2127659574468085,0.8943886986530176,0.9138586637482252,0.9327756666049334,0.95,0.9469281578460005,0.1742691694580328
15656,interaction_development,0.9143777768026319,2,0.9,0.03916666666666667,0.26666666666666666,0.8809899998537283,0.9227940989144984,0.9435411988695359,0.95,0.95,0.15236480321154247
15656,feedback_development,0.9143772291111454,2,0.8846153846153846,0.03333333333333333,0.20512820512820512,0.8875411997512871,0.9229654878122241,0.95,0.95,0.95,0.1581380487511033
15657,static_quality,0.58,99,0.7168141592920354,0.175,0.37168141592920356,0.7002300884955752,0.34,0.24,0.34,0.4,0.62
15657,linear_development,0.9079583668037896,2,0.8846153846153846,0.03333333333333333,0.16666666666666666,0.8942706780974915,0.9237103971518801,0.9359354795559651,0.95,0.9494227470178676,0.14051663796631225
15657,interaction_development,0.9159083792981942,2,0.9072164948453608,0.03666666666666667,0.20618556701030927,0.8970632328397463,0.9305171400056044,0.9487240397399989,0.95,0.95,0.12665547971758118
15657,feedback_development,0.9156356939160986,2,0.8764044943820225,0.03333333333333333,0.1797752808988764,0.889105653712883,0.9291459445133007,0.95,0.95,0.95,0.13341622194679695
15658,static_quality,0.58,99,0.5662650602409639,0.18166666666666667,0.5180722891566265,0.6018714859437752,0.34,0.24,0.34,0.4,0.62
15658,linear_development,0.9076496561603496,3,0.865979381443299,0.03833333333333333,0.20618556701030927,0.8769343900048086,0.9229753718103564,0.9389467686409908,0.95,0.95,0.1470452813995655
15658,interaction_development,0.9130907027174187,3,0.8791208791208791,0.04416666666666667,0.1978021978021978,0.8841742281182354,0.916209350517549,0.9277413419810552,0.95,0.9429536910376756,0.15585763094853464
15658,feedback_development,0.9156445273586646,2,0.9166666666666666,0.02666666666666667,0.17708333333333334,0.9090966791037997,0.9291908617102962,0.95,0.95,0.95,0.13323655315881505
15659,static_quality,0.58,99,0.6216216216216216,0.17416666666666666,0.46846846846846846,0.6382027027027026,0.34,0.24,0.34,0.4,0.62
15659,linear_development,0.9043465553309965,2,0.8505747126436781,0.0375,0.3333333333333333,0.844243937322638,0.9151108460261823,0.9411119787909116,0.95,0.95,0.18066859468618185
15659,interaction_development,0.9127439414963717,2,0.8666666666666667,0.041666666666666664,0.25555555555555554,0.8674671467800114,0.9149464319904026,0.9339784588984938,0.95,0.9478777307093377,0.1720704616462208
15659,feedback_development,0.9149654852297249,2,0.9042553191489362,0.035,0.2127659574468085,0.8946065249121183,0.9258015614533378,0.95,0.95,0.95,0.14679375418664853
15660,static_quality,0.58,99,0.5813953488372093,0.18833333333333332,0.5,0.6109612403100775,0.34,0.24,0.34,0.4,0.62
15660,linear_development,0.9059862089315747,2,0.9333333333333333,0.04416666666666667,0.18095238095238095,0.9108741218159268,0.9193506944713936,0.93967720950097,0.95,0.95,0.16227443161539523
15660,interaction_development,0.9133693451326472,2,0.8958333333333334,0.035833333333333335,0.22916666666666666,0.8871304017698971,0.9178091390434406,0.9347683406162323,0.95,0.9485013215391312,0.1620331059816007
15660,feedback_development,0.9135387120681213,2,0.9263157894736842,0.035,0.24210526315789474,0.8984518594417972,0.9193116851917338,0.95,0.95,0.9472465888989244,0.16999984813198918
15661,static_quality,0.58,99,0.6304347826086957,0.1875,0.41304347826086957,0.6505869565217391,0.34,0.24,0.34,0.4,0.62
15661,linear_development,0.9025021034749671,3,0.8901098901098901,0.04666666666666667,0.25274725274725274,0.8760419821879117,0.9111799782240888,0.9255340096628845,0.95,0.9412110602601723,0.17202515702670165
15661,interaction_development,0.911178692290298,2,0.8829787234042553,0.035833333333333335,0.2765957446808511,0.8715314137726227,0.9076811578388908,0.9246323106272286,0.95,0.940499192600444,0.1844068718721091
15661,feedback_development,0.9134992747507218,2,0.8478260869565217,0.04083333333333333,0.30434782608695654,0.8495103984589851,0.9188855369686688,0.95,0.95,0.9497262105357603,0.17418406266108508
15662,static_quality,0.58,99,0.7222222222222222,0.17333333333333334,0.37777777777777777,0.7017777777777777,0.34,0.24,0.34,0.4,0.62
15662,linear_development,0.9049440025227461,2,0.925,0.03916666666666667,0.1875,0.9066582670450786,0.9165333393398718,0.9311377883554746,0.95,0.945635096070112,0.1606395270660992
15662,interaction_development,0.9144473801992543,2,0.9158878504672897,0.025833333333333333,0.205607476635514,0.903028477746399,0.9230256073806783,0.9393130880291448,0.95,0.95,0.1472106585064315
15662,feedback_development,0.9143386109700071,2,0.9146341463414634,0.0275,0.21951219512195122,0.8993337184747694,0.923036336282328,0.95,0.95,0.9481904643250817,0.15604511919576977
15663,static_quality,0.58,99,0.7058823529411765,0.21,0.4117647058823529,0.6802941176470588,0.34,0.24,0.34,0.4,0.62
15663,linear_development,0.9047683777479137,2,0.8571428571428571,0.04583333333333333,0.2597402597402597,0.8603148237617543,0.9161151851140804,0.9335799385296719,0.95,0.9475631093655309,0.16668230743888116
15663,interaction_development,0.9121731389479837,2,0.8865979381443299,0.04083333333333333,0.2268041237113402,0.8822675515982112,0.9120381173581488,0.9264249207712777,0.95,0.9419144111352197,0.1701868624739023
15663,feedback_development,0.9130389083360523,2,0.8888888888888888,0.0325,0.2962962962962963,0.8711965769911485,0.9164999053060332,0.95,0.95,0.9397787050273917,0.17377908380325882
15664,static_quality,0.58,99,0.7790697674418605,0.1725,0.3023255813953488,0.7426162790697675,0.34,0.24,0.34,0.4,0.62
15664,linear_development,0.9008851674905634,3,0.9080459770114943,0.0375,0.20689655172413793,0.8948741544339293,0.9068694464061033,0.9184991377050886,0.95,0.935657213977702,0.17667856605837692
15664,interaction_development,0.9109401582099566,2,0.9069767441860465,0.03666666666666667,0.3023255813953488,0.8769821090028113,0.9066607884319151,0.9241773748764875,0.95,0.9401400327972274,0.18767425394605453
15664,feedback_development,0.9154534354378484,2,0.9479166666666666,0.030833333333333334,0.14583333333333334,0.9285471819823439,0.9282241180097713,0.95,0.95,0.95,0.1371035279609142
15665,static_quality,0.58,99,0.7528089887640449,0.18833333333333332,0.29213483146067415,0.7296704119850186,0.34,0.24,0.34,0.4,0.62
15665,linear_development,0.9076966496172647,2,0.8859649122807017,0.035,0.2543859649122807,0.8769615149864494,0.9230872609934877,0.95,0.95,0.95,0.15765095602604873
15665,interaction_development,0.9130008034864583,2,0.9325842696629213,0.03666666666666667,0.16853932584269662,0.9155718433694107,0.9162671864672043,0.9290342094982003,0.95,0.9439743759196322,0.15793983954901494
15665,feedback_development,0.9149936312937709,2,0.8690476190476191,0.03333333333333333,0.21428571428571427,0.8787966637416846,0.9259395396813861,0.95,0.95,0.95,0.14624184127445553
15666,static_quality,0.58,99,0.7209302325581395,0.19916666666666666,0.3023255813953488,0.7111201550387597,0.34,0.24,0.34,0.4,0.62
15666,linear_development,0.9033003779603486,3,0.9176470588235294,0.04833333333333333,0.23529411764705882,0.8917107429685621,0.9126199475246394,0.9227960246738942,0.95,0.9390494931636011,0.16136572773893795
15666,interaction_development,0.9134556229427206,3,0.8962264150943396,0.04416666666666667,0.1792452830188679,0.895637840296754,0.9179482653950951,0.9290342094982003,0.95,0.9439743759196322,0.1512155238374517
15666,feedback_development,0.9149892231585824,2,0.8823529411764706,0.035,0.25882352941176473,0.8755425011208462,0.9259179160027642,0.95,0.95,0.95,0.1463283359889428
15667,static_quality,0.58,99,0.7294117647058823,0.17583333333333334,0.38823529411764707,0.7024215686274511,0.34,0.24,0.34,0.4,0.62
15667,linear_development,0.9046942769307954,3,0.8850574712643678,0.03833333333333333,0.22988505747126436,0.8803363254476654,0.915938754597132,0.9303039447504692,0.95,0.9449767984872129,0.16152572484915398
15667,interaction_development,0.9107607560759372,3,0.8552631578947368,0.04,0.23684210526315788,0.8661141134113906,0.9055549271442116,0.9175122543157219,0.95,0.9348780955124125,0.1801706412512882
15667,feedback_development,0.9158376554800578,2,0.9523809523809523,0.03166666666666667,0.20238095238095238,0.9191375530839134,0.930178500791788,0.95,0.95,0.95,0.1292859968328478
15668,static_quality,0.58,99,0.7684210526315789,0.185,0.3368421052631579,0.728421052631579,0.34,0.24,0.34,0.4,0.62
15668,linear_development,0.9050468845056617,2,0.8829787234042553,0.04416666666666667,0.26595744680851063,0.8710726355127287,0.9167782964420519,0.9418165150766571,0.95,0.95,0.17470332930844926
15668,interaction_development,0.9146021092963754,2,0.9047619047619048,0.03,0.18095238095238095,0.9021426973468374,0.9238971553401752,0.9445513719344633,0.95,0.95,0.1489627505737619
15668,feedback_development,0.9135884946744968,2,0.8863636363636364,0.028333333333333332,0.20454545454545456,0.8893261529890533,0.9189836130011639,0.95,0.95,0.9394151962046194,0.163480744199964
15669,static_quality,0.58,99,0.6831683168316832,0.1525,0.43564356435643564,0.6767970297029703,0.34,0.24,0.34,0.4,0.62
15669,linear_development,0.9085441164532373,2,0.9081632653061225,0.045,0.14285714285714285,0.9073836582843122,0.9251050391743745,0.9411119787909116,0.95,0.95,0.14069182209341324
15669,interaction_development,0.9125949471611436,2,0.9111111111111111,0.049166666666666664,0.25555555555555554,0.8859447976297271,0.9140513953659546,0.929460004241211,0.95,0.9443105296641144,0.16756495244150704
15669,feedback_development,0.9144929914903768,2,0.9230769230769231,0.03916666666666667,0.1978021978021978,0.905164791214399,0.9234162022567542,0.95,0.95,0.9462855177807291,0.15262070875371175
15670,static_quality,0.58,99,0.7023809523809523,0.1975,0.39285714285714285,0.6849999999999999,0.34,0.24,0.34,0.4,0.62
15670,linear_development,0.907039351583647,2,0.9411764705882353,0.055,0.16470588235294117,0.9156441380316648,0.9215222656753503,0.9319616558555897,0.95,0.9462855177807291,0.14215811093491726
15670,interaction_development,0.9155711574625987,2,0.9772727272727273,0.03333333333333333,0.13636363636363635,0.9431690069527232,0.928671526596976,0.9428575465565383,0.95,0.95,0.12817144016863416
15670,feedback_development,0.9149676129134727,2,0.9038461538461539,0.04083333333333333,0.21153846153846154,0.8935015521934312,0.9257896980593817,0.95,0.95,0.949117451728237,0.14595865949070996
15671,static_quality,0.58,99,0.7272727272727273,0.18583333333333332,0.3409090909090909,0.7089242424242425,0.34,0.24,0.34,0.4,0.62
15671,linear_development,0.9078664529862186,2,0.8850574712643678,0.0375,0.19540229885057472,0.8878753702467834,0.9234915547290918,0.9435411988695359,0.95,0.95,0.14957497995316876
15671,interaction_development,0.91289520260458,3,0.9302325581395349,0.03666666666666667,0.19767441860465115,0.9086707144992142,0.9152035826120218,0.9250845167634653,0.95,0.9408561974448414,0.1551263837602193
15671,feedback_development,0.9146360564981751,2,0.927710843373494,0.04083333333333333,0.18072289156626506,0.9103540430128789,0.9242022449901267,0.95,0.95,0.95,0.15319102003949286
15672,static_quality,0.58,99,0.7127659574468085,0.18333333333333332,0.3723404255319149,0.6966099290780141,0.34,0.24,0.34,0.4,0.62
15672,linear_development,0.9058029651236456,2,0.84,0.034166666666666665,0.29,0.8490371114352135,0.9185784883896324,0.9461949886804865,0.95,0.95,0.17188103512195704
15672,interaction_development,0.9114248276755476,3,0.9069767441860465,0.0375,0.27906976744186046,0.8815393055466809,0.9086463601552177,0.9232592485258508,0.95,0.9394151962046194,0.17808900410959916
15672,feedback_development,0.9145992860804953,2,0.8571428571428571,0.0575,0.18181818181818182,0.8750405422627237,0.9240180263635068,0.95,0.95,0.9497262105357603,0.153654105081733
15673,static_quality,0.58,99,0.7078651685393258,0.1625,0.3707865168539326,0.6988820224719101,0.34,0.24,0.34,0.4,0.62
15673,linear_development,0.9037569562258408,2,0.9139784946236559,0.0525,0.1935483870967742,0.8976441885951664,0.9137070386329545,0.9246323106272286,0.95,0.940499192600444,0.16030334869585433
15673,interaction_development,0.9152194985682267,2,0.8913043478260869,0.035833333333333335,0.18478260869565216,0.8942466929011761,0.9269228517054913,0.9442166719662608,0.95,0.95,0.1365252651442954
15673,feedback_development,0.9132856796717281,2,0.8641975308641975,0.043333333333333335,0.20987654320987653,0.875239765531006,0.9175688324324872,0.95,0.95,0.9383114513677651,0.1680361216378162
15674,static_quality,0.58,99,0.6956521739130435,0.18916666666666668,0.391304347826087,0.6839492753623189,0.34,0.24,0.34,0.4,0.62
15674,linear_development,0.9044250445040347,2,0.8829787234042553,0.045,0.23404255319148937,0.8771956715692222,0.9152977250096066,0.9327756666049334,0.95,0.9469281578460005,0.16851292441250704
15674,interaction_development,0.9129174416671578,2,0.8588235294117647,0.03916666666666667,0.25882352941176473,0.8638101652696817,0.9160499863654631,0.9323698859204561,0.95,0.9466078046740447,0.1647777451326485
15674,feedback_development,0.9142121054297642,2,0.8924731182795699,0.03833333333333333,0.24731182795698925,0.8816156867822066,0.9221773727907394,0.95,0.95,0.9497262105357603,0.16101671937280276
15675,static_quality,0.58,99,0.7731958762886598,0.19333333333333333,0.3402061855670103,0.7282302405498282,0.34,0.24,0.34,0.4,0.62
15675,linear_development,0.9050233900952576,2,0.8395061728395061,0.043333333333333335,0.25925925925925924,0.853012767773548,0.916722357369661,0.9370817357936861,0.95,0.95,0.17019230631504206
15675,interaction_development,0.9128934503920552,2,0.898876404494382,0.028333333333333332,0.21348314606741572,0.8930651037011305,0.9159023131029417,0.9315509616253417,0.95,0.9459612854936913,0.16390299470726608
15675,feedback_development,0.9149585302039606,2,0.8767123287671232,0.0425,0.2191780821917808,0.8794287110374434,0.9256377114054186,0.95,0.95,0.9446446664861298,0.14209382086445488
15676,static_quality,0.58,99,0.7011494252873564,0.195,0.40229885057471265,0.6830574712643678,0.34,0.24,0.34,0.4,0.62
15676,linear_development,0.9016732077400877,2,0.9021739130434783,0.0425,0.22826086956521738,0.887077068117535,0.9087457327144948,0.9227960246738942,0.95,0.9390494931636011,0.17686258697951626
15676,interaction_development,0.91326498285604,2,0.8865979381443299,0.03666666666666667,0.26804123711340205,0.8750172388373407,0.9168374489507038,0.9378344899066504,0.95,0.95,0.17048469410383482
15676,feedback_development,0.91450075901339,2,0.8977272727272727,0.04,0.26136363636363635,0.880879659306554,0.9235536091828006,0.95,0.95,0.95,0.1557855632687973
15677,static_quality,0.58,99,0.6842105263157895,0.17666666666666667,0.3894736842105263,0.6816666666666666,0.34,0.24,0.34,0.4,0.62
15677,linear_development,0.9011830858724046,2,0.8068181818181818,0.034166666666666665,0.2840909090909091,0.8345941295475274,0.9075787758866778,0.9255340096628845,0.95,0.9412110602601723,0.18642996637634554
15677,interaction_development,0.9128470391598069,3,0.898876404494382,0.03916666666666667,0.23595505617977527,0.8863970933271546,0.9151603292663649,0.9290342094982003,0.95,0.9439743759196322,0.16236726835237245
15677,feedback_development,0.9141815353279441,2,0.9213483146067416,0.03916666666666667,0.24719101123595505,0.894462436291701,0.9220159025208207,0.95,0.95,0.949117451728237,0.16105384164495395
15678,static_quality,0.58,99,0.7065217391304348,0.19,0.358695652173913,0.6951956521739131,0.34,0.24,0.34,0.4,0.62
15678,linear_development,0.9074537828766731,2,0.9487179487179487,0.034166666666666665,0.14102564102564102,0.9280026828161163,0.9225090068492218,0.9367019474785575,0.95,0.95,0.14666592008167034
15678,interaction_development,0.9132334449492578,2,0.9468085106382979,0.03166666666666667,0.18085106382978725,0.9205453004303321,0.9170334739752113,0.9315509616253417,0.95,0.9459612854936913,0.1593783512181874
15678,feedback_development,0.9147965587246918,2,0.8877551020408163,0.034166666666666665,0.2653061224489796,0.8768147219039418,0.9249778817467206,0.95,0.95,0.95,0.15008847301311734
15679,static_quality,0.58,99,0.6989247311827957,0.1725,0.41935483870967744,0.6831451612903225,0.34,0.24,0.34,0.4,0.62
15679,linear_development,0.9033210768093923,3,0.8125,0.03916666666666667,0.2767857142857143,0.8379326853309327,0.9126692304985533,0.9311377883554746,0.95,0.945635096070112,0.17609596243137313
15679,interaction_development,0.9122090826758986,3,0.8837209302325582,0.04416666666666667,0.2441860465116279,0.8768352383703771,0.9121523869994609,0.9255340096628845,0.95,0.9412110602601723,0.1681355219252131
15679,feedback_development,0.9145267832295517,2,0.9032258064516129,0.03666666666666667,0.22580645161290322,0.8911360067317446,0.923662090671636,0.95,0.95,0.9494227470178676,0.15477438433132365
15680,static_quality,0.58,99,0.7386363636363636,0.18416666666666667,0.3409090909090909,0.7143712121212121,0.34,0.24,0.34,0.4,0.62
15680,linear_development,0.9029020773417851,3,0.898989898989899,0.03833333333333333,0.23232323232323232,0.8858494530154092,0.911671612718536,0.9246323106272286,0.95,0.940499192600444,0.16844505235352863
15680,interaction_development,0.9122590933409724,3,0.8901098901098901,0.045,0.24175824175824176,0.880036666198948,0.9124591280147436,0.9273051730191701,0.95,0.9426093471203979,0.1700780080805937
15680,feedback_development,0.9147533386377538,2,0.9318181818181818,0.03,0.20454545454545456,0.9096220917047539,0.9247683545901481,0.95,0.95,0.95,0.15092658163940742
15681,static_quality,0.58,99,0.675,0.185,0.425,0.66875,0.34,0.24,0.34,0.4,0.62
15681,linear_development,0.902441716489151,2,0.875,0.034166666666666665,0.25,0.8722829241400393,0.9105755154503594,0.9255340096628845,0.95,0.9412110602601723,0.17444300812161923
15681,interaction_development,0.9140660471337563,2,0.9019607843137255,0.035833333333333335,0.22549019607843138,0.8907275541288869,0.9216481824838876,0.9442166719662608,0.95,0.95,0.15762394203071037
15681,feedback_development,0.9103931976028701,2,0.8395061728395061,0.043333333333333335,0.3333333333333333,0.8390034240848749,0.9054323108971516,0.95,0.95,0.930421211172638,0.20869196758403147
15682,static_quality,0.58,99,0.7727272727272727,0.19333333333333333,0.3409090909090909,0.7278787878787878,0.34,0.24,0.34,0.4,0.62
15682,linear_development,0.9038711441865793,2,0.8850574712643678,0.04833333333333333,0.19540229885057472,0.885109407260171,0.9139789147299509,0.9307221210819664,0.95,0.9453069376962897,0.17011339985845267
15682,interaction_development,0.9141290038705505,2,0.8875,0.03666666666666667,0.1875,0.8916610172472492,0.9213758065013711,0.9351597305725349,0.95,0.9488103136098964,0.14846681817694676
15682,feedback_development,0.9147494492146507,2,0.9142857142857143,0.03916666666666667,0.24761904761904763,0.8912838459536261,0.924749523077953,0.95,0.95,0.95,0.15100190768818766
15683,static_quality,0.58,99,0.693069306930693,0.17166666666666666,0.43564356435643564,0.6774191419141914,0.34,0.24,0.34,0.4,0.62
15683,linear_development,0.9069821882877959,2,0.9368421052631579,0.035833333333333335,0.21052631578947367,0.908354345787029,0.9213861625899903,0.9327756666049334,0.95,0.9469281578460005,0.14415917409097254
15683,interaction_development,0.9106010581181644,3,0.9090909090909091,0.050833333333333335,0.25,0.8855144011419671,0.9047616674039383,0.9155024927059016,0.9491817580805566,0.9332914416099226,0.17892902278062772
15683,feedback_development,0.9141572127283083,2,0.9213483146067416,0.03916666666666667,0.16853932584269662,0.9101891249804073,0.9218209983499286,0.95,0.95,0.9462855177807291,0.15900152438101484
15684,static_quality,0.58,99,0.7692307692307693,0.185,0.3516483516483517,0.7258241758241758,0.34,0.24,0.34,0.4,0.62
15684,linear_development,0.902358666020703,2,0.8811881188118812,0.04416666666666667,0.21782178217821782,0.8794907635994752,0.9103777762397692,0.9264249207712777,0.95,0.9419144111352197,0.17682822694742026
15684,interaction_development,0.9110665510319939,3,0.8936170212765957,0.03666666666666667,0.22340425531914893,0.886773457832104,0.9071611433553322,0.9237196930346957,0.95,0.9397787050273917,0.1848538246407589
15684,feedback_development,0.9152871170887973,2,0.898989898989899,0.0375,0.20202020202020202,0.8939344817047338,0.9273910434146444,0.95,0.95,0.95,0.14043582634142215
15685,static_quality,0.58,99,0.6442307692307693,0.18166666666666667,0.46153846153846156,0.6482628205128205,0.34,0.24,0.34,0.4,0.62
15685,linear_development,0.9042725902223339,2,0.8333333333333334,0.035,0.25555555555555554,0.852529777422239,0.9149347386246045,0.9307221210819664,0.95,0.9453069376962897,0.16629010427983842
15685,interaction_development,0.9114398282103116,3,0.9047619047619048,0.034166666666666665,0.27380952380952384,0.8822635932791658,0.9085447311350385,0.9199573687374554,0.95,0.9368084490032547,0.1725868932005562
15685,feedback_development,0.9134067782396309,2,0.8947368421052632,0.034166666666666665,0.2631578947368421,0.8801776834026114,0.9179260377619523,0.95,0.95,0.9308386839056022,0.15913453285779344
15686,static_quality,0.58,99,0.7674418604651163,0.175,0.3488372093023256,0.7275813953488373,0.34,0.24,0.34,0.4,0.62
15686,linear_development,0.9056162860480358,2,0.85,0.03833333333333333,0.2375,0.8631757762405387,0.9181340144000854,0.9351597305725349,0.95,0.9488103136098964,0.1614339865820895
15686,interaction_development,0.9100734591867752,2,0.88,0.030833333333333334,0.29,0.8683443522113496,0.9031371549430987,0.9241773748764875,0.95,0.9401400327972274,0.20176878790132066
15686,feedback_development,0.9144594720819672,2,0.9065420560747663,0.04,0.21495327102803738,0.8941221918403325,0.923204654013531,0.95,0.95,0.9443105296641144,0.1514919136099902
15687,static_quality,0.58,99,0.6666666666666666,0.18,0.42528735632183906,0.6659425287356322,0.34,0.24,0.34,0.4,0.62
15687,linear_development,0.9047142705275069,2,0.8375,0.04,0.2125,0.862082140579126,0.9159863583988261,0.9298832442157637,0.95,0.9446446664861298,0.16058247710658885
15687,interaction_development,0.9113476752875389,3,0.9120879120879121,0.03916666666666667,0.18681318681318682,0.9019457410367205,0.9088670261299527,0.9250845167634653,0.95,0.9408561974448414,0.1804726096884954
15687,feedback_development,0.9142598236654508,2,0.92,0.035,0.22,0.9001389735498176,0.922410109542499,0.95,0.95,0.95,0.1603595618300035
15688,static_quality,0.58,99,0.6633663366336634,0.1725,0.38613861386138615,0.6737871287128713,0.34,0.24,0.34,0.4,0.62
15688,linear_development,0.905973691860098,3,0.8586956521739131,0.035,0.20652173913043478,0.8740047494311887,0.918984980619281,0.9323698859204561,0.95,0.9466078046740447,0.15303776811737654
15688,interaction_development,0.9135304508205628,2,0.8470588235294118,0.041666666666666664,0.2235294117647059,0.8651668225250452,0.918587759001421,0.9355487721890997,0.95,0.949117451728237,0.1603151879116526
15688,feedback_development,0.9138902375969985,2,0.9195402298850575,0.035833333333333335,0.21839080459770116,0.9000318115016187,0.9205255924898699,0.95,0.95,0.9446446664861298,0.16254229652664992
15689,static_quality,0.58,99,0.7752808988764045,0.1675,0.2808988764044944,0.7461966292134832,0.34,0.24,0.34,0.4,0.62
15689,linear_development,0.9084564188564639,2,0.9117647058823529,0.03666666666666667,0.17647058823529413,0.9039351294951362,0.9248962353725331,0.9403989113665004,0.95,0.95,0.14081396987636788
15689,interaction_development,0.9148464235384399,2,0.9036144578313253,0.0325,0.21686746987951808,0.8939799755789587,0.9250460452569824,0.9428575465565383,0.95,0.95,0.1426733655286086
15689,feedback_development,0.9141539018900552,2,0.8586956521739131,0.0325,0.2717391304347826,0.8626883026748127,0.9219120201710947,0.95,0.95,0.95,0.16235191931562065
15690,static_quality,0.58,99,0.7528089887640449,0.16,0.33707865168539325,0.7263483146067415,0.34,0.24,0.34,0.4,0.62
15690,linear_development,0.9044707149843523,2,0.851063829787234,0.043333333333333335,0.20212765957446807,0.8695571320703479,0.9154064642484581,0.929460004241211,0.95,0.9443105296641144,0.1621446769114932
15690,interaction_development,0.9139364250607023,3,0.9157894736842105,0.0425,0.21052631578947367,0.8985904637591053,0.920394550665973,0.9335799385296719,0.95,0.9475631093655309,0.14956484523131092
15690,feedback_development,0.9154859909852238,2,0.9204545454545454,0.04083333333333333,0.22727272727272727,0.897906231981117,0.9283880895890015,0.95,0.95,0.95,0.13644764164399326
15691,static_quality,0.58,99,0.79,0.18833333333333332,0.33,0.7388333333333333,0.34,0.24,0.34,0.4,0.62
15691,linear_development,0.8984960733489612,3,0.8695652173913043,0.043333333333333335,0.2608695652173913,0.8652381791182862,0.9011811270213362,0.9155024927059016,0.9491817580805566,0.9332914416099226,0.1932511843110358
15691,interaction_development,0.9128992088853155,2,0.8648648648648649,0.0325,0.2702702702702703,0.8655700164679325,0.9154158065885883,0.929460004241211,0.95,0.9443105296641144,0.16210730755097197
15691,feedback_development,0.9139455389210733,2,0.89,0.0325,0.24,0.8830918308381611,0.9208485345135969,0.95,0.95,0.9469281578460005,0.16353401979161272
15692,static_quality,0.58,99,0.7951807228915663,0.20583333333333334,0.3253012048192771,0.7386044176706827,0.34,0.24,0.34,0.4,0.62
15692,linear_development,0.9056457985724138,2,0.8522727272727273,0.03666666666666667,0.26136363636363635,0.8597635364525287,0.9182042823152712,0.937459245378924,0.95,0.95,0.16464211611783933
15692,interaction_development,0.9130289256408353,2,0.868421052631579,0.03916666666666667,0.2236842105263158,0.8751736370917395,0.9161219494875007,0.9319616558555897,0.95,0.9462855177807291,0.16375937568631604
15692,feedback_development,0.9127019197123709,2,0.8604651162790697,0.028333333333333332,0.3372093023255814,0.8510060631506541,0.9153540422332171,0.95,0.95,0.95,0.1885838310671313
15693,static_quality,0.58,99,0.6907216494845361,0.185,0.3917525773195876,0.6824742268041237,0.34,0.24,0.34,0.4,0.62
15693,linear_development,0.9019189280969613,2,0.8941176470588236,0.043333333333333335,0.23529411764705882,0.8819152901949363,0.9093307811832413,0.9218611717325018,0.95,0.9383114513677651,0.17284949836730182
15693,interaction_development,0.9158460753919002,2,0.9777777777777777,0.03,0.07777777777777778,0.9558213557532296,0.9300677278582508,0.9418165150766571,0.95,0.95,0.12154560364365394
15693,feedback_development,0.9136589199255749,2,0.8636363636363636,0.035833333333333335,0.24545454545454545,0.8694276258676241,0.9195637871706723,0.95,0.95,0.9481904643250817,0.16993531564239234
15694,static_quality,0.58,99,0.6179775280898876,0.17666666666666667,0.5168539325842697,0.6263857677902622,0.34,0.24,0.34,0.4,0.62
15694,linear_development,0.8989030764388002,3,0.8191489361702128,0.03833333333333333,0.3617021276595745,0.8234453905438341,0.9021501819971433,0.9184991377050886,0.95,0.935657213977702,0.19555562369421745
15694,interaction_development,0.911875420709209,2,0.8795180722891566,0.04416666666666667,0.2289156626506024,0.877947979773048,0.9105612647187193,0.9227960246738942,0.95,0.9390494931636011,0.16960045896261788
15694,feedback_development,0.9118567846307009,2,0.9012345679012346,0.035833333333333335,0.25925925925925924,0.8833155547316421,0.911351718068366,0.95,0.95,0.9394151962046194,0.19400832393115544
15695,static_quality,0.58,99,0.7567567567567568,0.18083333333333335,0.3108108108108108,0.7292117117117117,0.34,0.24,0.34,0.4,0.62
15695,linear_development,0.9039548269170272,2,0.8875,0.045,0.275,0.870968224037554,0.9141781593262555,0.9286058445655938,0.95,0.9436361930781008,0.1655294003386728
15695,interaction_development,0.9136805517127499,3,0.875,0.04666666666666667,0.23863636363636365,0.8737414766963064,0.919337110672433,0.9367019474785575,0.95,0.95,0.15935350478882557
15695,feedback_development,0.9143393748583862,2,0.8444444444444444,0.0375,0.2777777777777778,0.8540953506732024,0.9227262978703581,0.95,0.95,0.9478777307093377,0.15697253922790522
15696,static_quality,0.58,99,0.7021276595744681,0.1825,0.3829787234042553,0.6898617021276596,0.34,0.24,0.34,0.4,0.62
15696,linear_development,0.9031403144642338,3,0.8952380952380953,0.03916666666666667,0.21904761904761905,0.8866853328839208,0.9122388439624617,0.9281748939291689,0.95,0.9432959688914495,0.17251548697077157
15696,interaction_development,0.910687462329971,3,0.8426966292134831,0.041666666666666664,0.2808988764044944,0.8513034938813309,0.9052756782612379,0.9180071807898276,0.95,0.935268826939338,0.18217329468421434
15696,feedback_development,0.913515720692866,2,0.8653846153846154,0.041666666666666664,0.20192307692307693,0.8777324863090581,0.918760412930909,0.95,0.95,0.9432959688914495,0.1682543171678128
15697,static_quality,0.58,99,0.6464646464646465,0.17666666666666667,0.40404040404040403,0.6617676767676768,0.34,0.24,0.34,0.4,0.62
15697,linear_development,0.9033569576041717,3,0.9183673469387755,0.03666666666666667,0.23469387755102042,0.8944967409195375,0.9127546609623136,0.9268663712466501,0.95,0.9422629246684083,0.16811065206580406
15697,interaction_development,0.9125487002437096,2,0.88,0.04833333333333333,0.24,0.8752156383698898,0.9140828043885529,0.9339784588984938,0.95,0.9478777307093377,0.17552497205361972
15697,feedback_development,0.9133336651097756,2,0.8918918918918919,0.035,0.24324324324324326,0.8827027524691691,0.9177972786159976,0.95,0.95,0.9386815826595585,0.16749246819556785
15698,static_quality,0.58,99,0.6463414634146342,0.17833333333333334,0.4268292682926829,0.6568211382113821,0.34,0.24,0.34,0.4,0.62
15698,linear_development,0.8967299569385576,2,0.9,0.045,0.225,0.8855094935407838,0.8969760879489468,0.9091746072492013,0.9447122833235743,0.9282957425651593,0.19427828134214795
15698,interaction_development,0.9150071729190848,2,0.859375,0.04,0.3125,0.8534698259378626,0.9259057463590166,0.9458702099401273,0.95,0.95,0.1422472245040609
15698,feedback_development,0.9153680255783349,2,0.9210526315789473,0.04416666666666667,0.18421052631578946,0.9061034494507854,0.9277953464160402,0.95,0.95,0.95,0.13881861433583872
15699,static_quality,0.58,99,0.6666666666666666,0.1675,0.39080459770114945,0.6753390804597701,0.34,0.24,0.34,0.4,0.62
15699,linear_development,0.9094934620981074,2,0.9444444444444444,0.03666666666666667,0.17777777777777778,0.9185351304258274,0.927365385947875,0.9465178187484036,0.95,0.95,0.13705627495690403
15699,interaction_development,0.9143668816166344,2,0.8807339449541285,0.03333333333333333,0.2018348623853211,0.8864516683281222,0.922707478105143,0.9421656159861972,0.95,0.95,0.15133570356562479
15699,feedback_development,0.913813596360755,2,0.9270833333333334,0.0375,0.25,0.8967595394541134,0.9201985644904014,0.95,0.95,0.945635096070112,0.16484083810850644
15700,static_quality,0.58,99,0.6666666666666666,0.1725,0.46153846153846156,0.6601923076923077,0.34,0.24,0.34,0.4,0.62
15700,linear_development,0.9017055954030379,3,0.8571428571428571,0.04083333333333333,0.25274725274725274,0.8622540078086242,0.9088228461977093,0.9218611717325018,0.95,0.9383114513677651,0.17488123830943023
15700,interaction_development,0.9128952882685487,3,0.8426966292134831,0.035,0.25842696629213485,0.8574623831279228,0.9152610691164853,0.9264249207712777,0.95,0.9419144111352197,0.15729505544055625
15700,feedback_development,0.9141338324783412,2,0.8877551020408163,0.034166666666666665,0.2653061224489796,0.8767153129669892,0.9218179599590886,0.95,0.95,0.95,0.16272816016364564
15701,static_quality,0.58,99,0.7586206896551724,0.17916666666666667,0.3103448275862069,0.7304770114942529,0.34,0.24,0.34,0.4,0.62
15701,linear_development,0.9093040252172322,2,0.9012345679012346,0.03833333333333333,0.1728395061728395,0.8997165914369059,0.9269143457553147,0.9435411988695359,0.95,0.95,0.135883815848277
15701,interaction_development,0.9132225036543774,3,0.8529411764705882,0.04,0.28431372549019607,0.855944159861882,0.9172583856146739,0.937459245378924,0.95,0.95,0.1684257029202288
15701,feedback_development,0.9149826391215934,2,0.9148936170212766,0.035833333333333335,0.20212765957446807,0.9013573249462532,0.9258856283551222,0.95,0.95,0.95,0.1464574865795107
15702,static_quality,0.58,99,0.6923076923076923,0.1825,0.3956043956043956,0.6829175824175824,0.34,0.24,0.34,0.4,0.62
15702,linear_development,0.9061142656268983,2,0.9302325581395349,0.04666666666666667,0.2441860465116279,0.8963512483711666,0.919319680064044,0.9323698859204561,0.95,0.9466078046740447,0.15169897033832494
15702,interaction_development,0.9148985518326759,2,0.8589743589743589,0.029166666666666667,0.20512820512820512,0.8769142699543886,0.925145695746439,0.9359354795559651,0.95,0.9494227470178676,0.13477544358807703
15702,feedback_development,0.9137304764255403,2,0.883495145631068,0.03166666666666667,0.2621359223300971,0.8758718691984589,0.9198341369144438,0.95,0.95,0.9462855177807291,0.16694897012295384
15703,static_quality,0.58,99,0.803921568627451,0.18,0.3431372549019608,0.7441372549019608,0.34,0.24,0.34,0.4,0.62
15703,linear_development,0.9041420252722345,2,0.9036144578313253,0.04583333333333333,0.24096385542168675,0.8848883720639276,0.9146238696957968,0.9277413419810552,0.95,0.9429536910376756,0.1621995542355435
15703,interaction_development,0.9126510819721894,2,0.9,0.034166666666666665,0.24444444444444444,0.8861754400736062,0.9144703166077567,0.9327756666049334,0.95,0.9469281578460005,0.1718225580199068
15703,feedback_development,0.9143435739954517,2,0.9523809523809523,0.0325,0.16666666666666666,0.9258896313374131,0.9230425102957123,0.95,0.95,0.9475631093655309,0.15539306818268198
15704,static_quality,0.58,99,0.7619047619047619,0.18916666666666668,0.36904761904761907,0.7182142857142857,0.34,0.24,0.34,0.4,0.62
15704,linear_development,0.9023633809481801,2,0.9278350515463918,0.04083333333333333,0.25773195876288657,0.8931672219188593,0.9103890022575718,0.9268663712466501,0.95,0.9422629246684083,0.1775732868847711
15704,interaction_development,0.9125122940171333,3,0.9125,0.041666666666666664,0.2375,0.8916685107692366,0.9135580414942482,0.9268663712466501,0.95,0.9422629246684083,0.16489712993806555
15704,feedback_development,0.9142690107906505,2,0.9029126213592233,0.03333333333333333,0.20388349514563106,0.8960076655344551,0.9222872227115354,0.95,0.95,0.9439743759196322,0.15482548507349045
15705,static_quality,0.58,99,0.7222222222222222,0.18,0.34444444444444444,0.7071111111111111,0.34,0.24,0.34,0.4,0.62
15705,linear_development,0.9011191552866009,2,0.872093023255814,0.04416666666666667,0.27906976744186046,0.862962446936401,0.9074265602061926,0.929460004241211,0.95,0.9443105296641144,0.1940642930805549
15705,interaction_development,0.9139091554454257,2,0.8829787234042553,0.03333333333333333,0.23404255319148937,0.8809516215437642,0.9203871268714419,0.9363198666786293,0.95,0.9497262105357603,0.15449756972862191
15705,feedback_development,0.9149337856700096,2,0.8709677419354839,0.03,0.21505376344086022,0.8801647990332973,0.9255467518973279,0.95,0.95,0.9459612854936913,0.14377427790437944
15706,static_quality,0.58,99,0.7636363636363637,0.18166666666666667,0.34545454545454546,0.7252121212121212,0.34,0.24,0.34,0.4,0.62
15706,linear_development,0.9035376759862073,2,0.8571428571428571,0.051666666666666666,0.24761904761904763,0.8613877942550738,0.9131849428243031,0.9331790126053038,0.95,0.9472465888989244,0.1776858302070157
15706,interaction_development,0.9136756715592045,2,0.9361702127659575,0.04083333333333333,0.20212765957446807,0.9097357478970012,0.9192238004036313,0.9347683406162323,0.95,0.9485013215391312,0.15637446054083856
15706,feedback_development,0.9147071909253723,2,0.896551724137931,0.03833333333333333,0.1839080459770115,0.896206078638806,0.9248245809710217,0.95,0.95,0.9494227470178676,0.15012442313378077
15707,static_quality,0.58,99,0.75,0.1875,0.3977272727272727,0.7074545454545454,0.34,0.24,0.34,0.4,0.62
15707,linear_development,0.9058842654172474,2,0.8817204301075269,0.04583333333333333,0.23655913978494625,0.8761783387373183,0.9187720605172558,0.9385782380694072,0.95,0.95,0.16348999600038344
15707,interaction_development,0.9114223548080104,3,0.8787878787878788,0.04583333333333333,0.2727272727272727,0.8684557774636259,0.908540345062067,0.9213895087852131,0.95,0.9379390858830634,0.1751672144200079
15707,feedback_development,0.9132220622442437,2,0.8478260869565217,0.03166666666666667,0.2826086956521739,0.8556499760033034,0.9176379350123632,0.95,0.95,0.9497262105357603,0.17917447048630736
15708,static_quality,0.58,99,0.7,0.18416666666666667,0.36666666666666664,0.6918333333333333,0.34,0.24,0.34,0.4,0.62
15708,linear_development,0.9065606936364436,2,0.9117647058823529,0.041666666666666664,0.21568627450980393,0.8948076334572312,0.9203826038962946,0.9355487721890997,0.95,0.949117451728237,0.15313580833215848
15708,interaction_development,0.9132024359548223,3,0.935064935064935,0.035,0.18181818181818182,0.9143959498088077,0.9167778827411165,0.9290342094982003,0.95,0.9439743759196322,0.15589705445336607
15708,feedback_development,0.913562620087004,1,0.8314606741573034,0.035,0.34831460674157305,0.8345287750355226,0.9191819987167743,0.95,0.95,0.95,0.17327200513290228
15709,static_quality,0.58,99,0.6851851851851852,0.17916666666666667,0.42592592592592593,0.6743148148148148,0.34,0.24,0.34,0.4,0.62
15709,linear_development,0.9053022545191308,2,0.8777777777777778,0.03833333333333333,0.24444444444444444,0.874239782622314,0.9173863202836449,0.9347683406162323,0.95,0.9485013215391312,0.163724381020784
15709,interaction_development,0.915503075350873,2,0.9259259259259259,0.035833333333333335,0.16666666666666666,0.9134921279692976,0.9286511093579473,0.9455434707647156,0.95,0.95,0.13093903333292617
15709,feedback_development,0.914404145776204,2,0.918918918918919,0.04,0.14864864864864866,0.9129444056502145,0.9229397630100442,0.95,0.95,0.9443105296641144,0.15255147762393745
15710,static_quality,0.58,99,0.7640449438202247,0.17583333333333334,0.3146067415730337,0.7327322097378277,0.34,0.24,0.34,0.4,0.62
15710,linear_development,0.9053096727775334,2,0.8651685393258427,0.04833333333333333,0.24719101123595505,0.8660174246994015,0.9174039828036511,0.9335799385296719,0.95,0.9475631093655309,0.16152711668059827
15710,interaction_development,0.9129626356741531,2,0.8928571428571429,0.0325,0.20238095238095238,0.8917539191606467,0.915842547431932,0.9323698859204561,0.95,0.9466078046740447,0.16560750086677237
15710,feedback_development,0.9154450873918245,2,0.91,0.035833333333333335,0.2,0.899650096442107,0.9281821195447097,0.95,0.95,0.95,0.13727152182116045
15711,static_quality,0.58,99,0.6814159292035398,0.17083333333333334,0.4247787610619469,0.6745147492625369,0.34,0.24,0.34,0.4,0.62
15711,linear_development,0.9081309353323235,2,0.8555555555555555,0.05583333333333333,0.2222222222222222,0.8656085291887374,0.9241212746007704,0.9432004012771991,0.95,0.95,0.1467153028741174
15711,interaction_development,0.9076633918525439,3,0.9090909090909091,0.043333333333333335,0.2857142857142857,0.8794308940592669,0.8921266404833494,0.9023728364006665,0.9398497173487774,0.922925923474211,0.19664191529025696
15711,feedback_development,0.9124557931034404,2,0.8928571428571429,0.03333333333333333,0.21428571428571427,0.8891302737274208,0.9135816051270946,0.95,0.95,0.9282957425651593,0.1739693220567809
15712,static_quality,0.58,99,0.6272727272727273,0.17666666666666667,0.4,0.6539393939393939,0.34,0.24,0.34,0.4,0.62
15712,linear_development,0.9090577230741202,2,0.9438202247191011,0.03333333333333333,0.1797752808988764,0.9184560367382717,0.9263279120812388,0.9418165150766571,0.95,0.95,0.13650486675170204
15712,interaction_development,0.9105520537609071,2,0.9259259259259259,0.034166666666666665,0.19753086419753085,0.9069099685579632,0.9046338014027603,0.9165134208831681,0.9498907233735747,0.9340895428025016,0.18195848144820342
15712,feedback_development,0.9139592635845084,2,0.9090909090909091,0.0325,0.25252525252525254,0.8891797481235348,0.9208845052166841,0.95,0.95,0.9459612854936913,0.16242326462695475
15713,static_quality,0.58,99,0.6666666666666666,0.18,0.3939393939393939,0.6722121212121213,0.34,0.24,0.34,0.4,0.62
15713,linear_development,0.9070701090737905,2,0.8651685393258427,0.04833333333333333,0.25842696629213485,0.8640342991326041,0.9215954977947395,0.9385782380694072,0.95,0.95,0.1521962468904491
15713,interaction_development,0.9135959866918963,2,0.9493670886075949,0.03833333333333333,0.21518987341772153,0.9135499465269912,0.9188905967754976,0.9355487721890997,0.95,0.949117451728237,0.15910383681534637
15713,feedback_development,0.9149387424257687,2,0.9019607843137255,0.041666666666666664,0.20588235294117646,0.893613360383473,0.9256706587536232,0.95,0.95,0.95,0.14731736498550702
15714,static_quality,0.58,99,0.6829268292682927,0.18333333333333332,0.3902439024390244,0.6796016260162602,0.34,0.24,0.34,0.4,0.62
15714,linear_development,0.906118427519215,2,0.8775510204081632,0.043333333333333335,0.21428571428571427,0.8792919137877462,0.9193295893314645,0.9319616558555897,0.95,0.9462855177807291,0.1509288163104609
15714,interaction_development,0.9128175643703743,3,0.8876404494382022,0.043333333333333335,0.19101123595505617,0.8894919230450693,0.914967573310856,0.9277413419810552,0.95,0.9429536910376756,0.1608247397753069
15714,feedback_development,0.9142201998108157,2,0.8977272727272727,0.02666666666666667,0.2159090909090909,0.8925951511837437,0.9221535860169834,0.95,0.95,0.9475631093655309,0.15894876529759716
15715,static_quality,0.58,99,0.6477272727272727,0.18666666666666668,0.4318181818181818,0.654780303030303,0.34,0.24,0.34,0.4,0.62
15715,linear_development,0.9073817590697782,2,0.9156626506024096,0.043333333333333335,0.21686746987951808,0.8961152959889809,0.9223375215947103,0.9411119787909116,0.95,0.95,0.15176189241206997
15715,interaction_development,0.9156141268514293,2,0.9560439560439561,0.0375,0.0989010989010989,0.9402816794672749,0.9289821806677677,0.9474747334875083,0.95,0.95,0.1315460108164372
15715,feedback_development,0.9142838570313967,2,0.8494623655913979,0.03666666666666667,0.22580645161290322,0.8669060194149246,0.9225235152008661,0.95,0.95,0.95,0.15990593919653545
15716,static_quality,0.58,99,0.6947368421052632,0.17583333333333334,0.35789473684210527,0.6928859649122807,0.34,0.24,0.34,0.4,0.62
15716,linear_development,0.904060872720001,2,0.8837209302325582,0.045,0.2441860465116279,0.8754463402103259,0.9144306493333358,0.9264249207712777,0.95,0.9419144111352197,0.16061673457315398
15716,interaction_development,0.9126052530061872,2,0.9021739130434783,0.0325,0.2391304347826087,0.8885429618639715,0.9140347446948378,0.9281748939291689,0.95,0.9432959688914495,0.16533188404126675
15716,feedback_development,0.9146316615242052,2,0.8867924528301887,0.029166666666666667,0.20754716981132076,0.8889085857066181,0.924181100511273,0.95,0.95,0.95,0.1532755979549077
15717,static_quality,0.58,99,0.75,0.16833333333333333,0.3375,0.7233333333333334,0.34,0.24,0.34,0.4,0.62
15717,linear_development,0.9111681721328183,2,0.8987341772151899,0.050833333333333335,0.17721518987341772,0.895495900925408,0.9313527907924247,0.9493375053285495,0.95,0.95,0.1239263421588506
15717,interaction_development,0.9144162930730484,2,0.9,0.02666666666666667,0.21818181818181817,0.8931927469912603,0.9228929394276535,0.9400391462439642,0.95,0.95,0.14846738853335073
15717,feedback_development,0.9143523841388074,2,0.9032258064516129,0.034166666666666665,0.17204301075268819,0.9023625350401759,0.9226406006618137,0.95,0.95,0.9422629246684083,0.1517005220211531
15718,static_quality,0.58,99,0.6818181818181818,0.19,0.42045454545454547,0.6717272727272727,0.34,0.24,0.34,0.4,0.62
15718,linear_development,0.9049227559239263,2,0.9285714285714286,0.0475,0.1836734693877551,0.9073608623681807,0.9164827521998248,0.9303039447504692,0.95,0.9449767984872129,0.15934973443838285
15718,interaction_development,0.9124684831503159,3,0.8421052631578947,0.03,0.2631578947368421,0.8571860619462316,0.9135118758484239,0.9298832442157637,0.95,0.9446446664861298,0.1704804073081978
15718,feedback_development,0.9154660673580927,2,0.946236559139785,0.0325,0.16129032258064516,0.9243682972004881,0.9282877055105713,0.95,0.95,0.95,0.13684917795771462
15719,static_quality,0.58,99,0.7241379310344828,0.19166666666666668,0.45977011494252873,0.6825747126436781,0.34,0.24,0.34,0.4,0.62
15719,linear_development,0.9039863407574829,2,0.8854166666666666,0.0425,0.2604166666666667,0.8734521177802891,0.914253192279721,0.9319616558555897,0.95,0.9462855177807291,0.1712344045174349
15719,interaction_development,0.9114960757420412,2,0.8645833333333334,0.029166666666666667,0.25,0.8699535780279729,0.9090217322831131,0.9246323106272286,0.95,0.940499192600444,0.17904457409521984
15719,feedback_development,0.913461808330957,2,0.8426966292134831,0.04083333333333333,0.2247191011235955,0.8631222675043252,0.9183004186405117,0.95,0.95,0.935657213977702,0.16245553941565466
15720,static_quality,0.58,99,0.6666666666666666,0.19,0.44871794871794873,0.6592564102564102,0.34,0.24,0.34,0.4,0.62
15720,linear_development,0.904337271526835,3,0.9156626506024096,0.03333333333333333,0.1927710843373494,0.902477899965973,0.9150887417305595,0.9268663712466501,0.95,0.9422629246684083,0.1587743289928203
15720,interaction_development,0.9116925133160841,2,0.9102564102564102,0.041666666666666664,0.23076923076923078,0.8918820821256177,0.9098152187124097,0.9237196930346957,0.95,0.9397787050273917,0.17423752321244854
15720,feedback_development,0.9147011018466518,2,0.9651162790697675,0.03,0.1744186046511628,0.9306237699281605,0.9244112768565458,0.95,0.95,0.9459612854936913,0.14831617806750833
15721,static_quality,0.58,99,0.6842105263157895,0.18083333333333335,0.39473684210526316,0.679780701754386,0.34,0.24,0.34,0.4,0.62
15721,linear_development,0.9012729706636794,2,0.8961038961038961,0.04833333333333333,0.22077922077922077,0.8846151880237945,0.9077927872944749,0.9246323106272286,0.95,0.940499192600444,0.18396035404977318
15721,interaction_development,0.9110163820886459,3,0.8837209302325582,0.04083333333333333,0.26744186046511625,0.8726718371582581,0.9067245346474068,0.9194742140215849,0.95,0.9364270110696727,0.1790030865016305
15721,feedback_development,0.9155805854576398,2,0.9620253164556962,0.029166666666666667,0.13924050632911392,0.9365670456245532,0.929057624977116,0.95,0.95,0.9462855177807291,0.13005501787226517
15722,static_quality,0.58,99,0.6629213483146067,0.16666666666666666,0.38202247191011235,0.6755767790262172,0.34,0.24,0.34,0.4,0.62
15722,linear_development,0.9055188884913552,2,0.8962264150943396,0.0425,0.18867924528301888,0.8928938710095524,0.9179021154556078,0.9315509616253417,0.95,0.9459612854936913,0.1559037852966013
15722,interaction_development,0.9103720885565787,2,0.8617021276595744,0.02666666666666667,0.2765957446808511,0.8636692884607917,0.9041129224451925,0.9204376245250306,0.95,0.9371875983092351,0.1911735330534959
15722,feedback_development,0.9159246194967199,2,0.9560439560439561,0.0275,0.13186813186813187,0.9357348467706619,0.9306267574488621,0.95,0.95,0.95,0.12749297020455108
15723,static_quality,0.58,99,0.7525773195876289,0.16333333333333333,0.3402061855670103,0.7249518900343642,0.34,0.24,0.34,0.4,0.62
15723,linear_development,0.905444225942567,2,0.8961038961038961,0.0375,0.19480519480519481,0.8926023481770995,0.9177243474823025,0.9290342094982003,0.95,0.9439743759196322,0.1521111954886224
15723,interaction_development,0.9120439174159087,3,0.8910891089108911,0.024166666666666666,0.22772277227722773,0.8874187988335085,0.9114288133206595,0.9255340096628845,0.95,0.9412110602601723,0.17102981664041883
15723,feedback_development,0.9155798666844785,2,0.9263157894736842,0.03,0.17894736842105263,0.9123896115816191,0.9288625825740839,0.95,0.95,0.95,0.13454966970366408
15724,static_quality,0.58,99,0.7380952380952381,0.1725,0.38095238095238093,0.708452380952381,0.34,0.24,0.34,0.4,0.62
15724,linear_development,0.9037458661877381,2,0.9125,0.04666666666666667,0.225,0.8918535465948274,0.9136806337803289,0.9281748939291689,0.95,0.9432959688914495,0.16674832769930253
15724,interaction_development,0.911864381644639,3,0.935064935064935,0.0325,0.15584415584415584,0.9198900468570853,0.9106032730027447,0.9246323106272286,0.95,0.940499192600444,0.17271841121669373
15724,feedback_development,0.9143809104467875,2,0.9305555555555556,0.03833333333333333,0.19444444444444445,0.9093515810114626,0.9227942345959094,0.95,0.95,0.9429536910376756,0.15177675265403823
15725,static_quality,0.58,99,0.7362637362637363,0.16416666666666666,0.34065934065934067,0.7173534798534799,0.34,0.24,0.34,0.4,0.62
15725,linear_development,0.9020516181053392,2,0.8604651162790697,0.0275,0.3023255813953488,0.8565519287623125,0.9096467097746171,0.9307221210819664,0.95,0.9453069376962897,0.18744221967978764
15725,interaction_development,0.9143240334075697,3,0.9302325581395349,0.04416666666666667,0.16279069767441862,0.9143617833057092,0.9223416326425793,0.9359354795559651,0.95,0.9494227470178676,0.14599169600351555
15725,feedback_development,0.9149701316318539,1,0.9122807017543859,0.03666666666666667,0.21929824561403508,0.8965788530781115,0.9258243245173241,0.95,0.95,0.95,0.14670270193070303
15726,static_quality,0.58,99,0.6868686868686869,0.185,0.42424242424242425,0.6742424242424242,0.34,0.24,0.34,0.4,0.62
15726,linear_development,0.9077480171407808,2,0.9340659340659341,0.04583333333333333,0.16483516483516483,0.9143581732670878,0.9232095646209066,0.93967720950097,0.95,0.95,0.14683895101734323
15726,interaction_development,0.913177564780201,2,0.8764044943820225,0.03666666666666667,0.21348314606741572,0.8813286946421238,0.9165349647606602,0.9259808056049071,0.95,0.9415637938986113,0.15140474046087762
15726,feedback_development,0.9143833038198894,2,0.8222222222222222,0.034166666666666665,0.24444444444444444,0.8514352733507612,0.9229350415441244,0.95,0.95,0.9478777307093377,0.1561375645328395
15727,static_quality,0.58,99,0.6829268292682927,0.17666666666666667,0.35365853658536583,0.6882520325203252,0.34,0.24,0.34,0.4,0.62
15727,linear_development,0.9060987326934222,2,0.9021739130434783,0.03166666666666667,0.22826086956521738,0.8899075635272018,0.9192826968891008,0.9335799385296719,0.95,0.9475631093655309,0.15401226033879967
15727,interaction_development,0.914675327831439,2,0.9166666666666666,0.03333333333333333,0.14285714285714285,0.9144632039366207,0.9244755143045454,0.9414653069181661,0.95,0.95,0.14356324969998416
15727,feedback_development,0.9127942496984376,2,0.8764044943820225,0.030833333333333334,0.34831460674157305,0.8554715719116945,0.9156702187856992,0.95,0.95,0.9475631093655309,0.1848822342227342
15728,static_quality,0.58,99,0.7454545454545455,0.18333333333333332,0.32727272727272727,0.7203333333333333,0.34,0.24,0.34,0.4,0.62
15728,linear_development,0.9072317364898113,2,0.9382716049382716,0.045,0.16049382716049382,0.9172082172635951,0.9219803249757413,0.9339784588984938,0.95,0.9478777307093377,0.14393488970486587
15728,interaction_development,0.9137504482170293,2,0.9342105263157895,0.03666666666666667,0.23684210526315788,0.9027555496886948,0.9193977924889524,0.9307221210819664,0.95,0.9453069376962897,0.1484378888224468
15728,feedback_development,0.9130866060092702,2,0.8556701030927835,0.04,0.24742268041237114,0.8645300012106688,0.916864963371718,0.95,0.95,0.9446446664861298,0.17718481299925778
15729,static_quality,0.58,99,0.7422680412371134,0.18083333333333335,0.38144329896907214,0.70856529209622,0.34,0.24,0.34,0.4,0.62
15729,linear_development,0.9027914596878437,2,0.8539325842696629,0.04083333333333333,0.2808988764044944,0.8553419399269594,0.9114082373520087,0.9327756666049334,0.95,0.9469281578460005,0.18407087504289862
15729,interaction_development,0.9110303608077449,3,0.8395061728395061,0.035833333333333335,0.2962962962962963,0.8480064059730135,0.9069335907578808,0.9223300047021068,0.95,0.9386815826595585,0.18327722433014187
15729,feedback_development,0.915810106142426,2,0.883495145631068,0.03833333333333333,0.21359223300970873,0.8845592181867361,0.9300369572867876,0.95,0.95,0.95,0.12985217085284914
15730,static_quality,0.58,99,0.6444444444444445,0.1725,0.4222222222222222,0.6580555555555555,0.34,0.24,0.34,0.4,0.62
15730,linear_development,0.9079865873456767,2,0.9367088607594937,0.041666666666666664,0.16455696202531644,0.916472249705227,0.9237775889182782,0.9351597305725349,0.95,0.9488103136098964,0.13885968850931782
15730,interaction_development,0.911610393751632,3,0.8679245283018868,0.03916666666666667,0.2169811320754717,0.8760780370501662,0.9093008543869036,0.9204376245250306,0.95,0.9371875983092351,0.1704218052866517
15730,feedback_development,0.9152746889510799,2,0.9186046511627907,0.0325,0.16279069767441862,0.911605156831034,0.9272938707420402,0.95,0.95,0.9485013215391312,0.1393258385709705
15731,static_quality,0.58,99,0.6326530612244898,0.19583333333333333,0.4387755102040816,0.6447721088435374,0.34,0.24,0.34,0.4,0.62
15731,linear_development,0.9023941769476598,2,0.961038961038961,0.04833333333333333,0.18181818181818182,0.9217963559793785,0.9104623260658566,0.9194742140215849,0.95,0.9364270110696727,0.16405192082783077
15731,interaction_development,0.9131835146783807,2,0.8977272727272727,0.0425,0.20454545454545456,0.891545709019939,0.9167477061887908,0.9303039447504692,0.95,0.9449767984872129,0.15828991848251908
15731,feedback_development,0.9149384000219724,2,0.9459459459459459,0.03833333333333333,0.20270270270270271,0.9147092284717644,0.9256079775664257,0.95,0.95,0.9475631093655309,0.14513119909982836
15732,static_quality,0.58,99,0.7215189873417721,0.18083333333333335,0.35443037974683544,0.7046308016877637,0.34,0.24,0.34,0.4,0.62
15732,linear_development,0.9069565560099535,2,0.8924731182795699,0.034166666666666665,0.27956989247311825,0.8749090747993424,0.9213251333570324,0.9432004012771991,0.95,0.95,0.1578998678490694
15732,interaction_development,0.9132708980057629,2,0.9111111111111111,0.050833333333333335,0.2222222222222222,0.8923795235897534,0.9171485641352405,0.9303039447504692,0.95,0.9449767984872129,0.15668648669671986
15732,feedback_development,0.9148867903479289,2,0.9272727272727272,0.030833333333333334,0.15454545454545454,0.917429988249159,0.9254169050865897,0.95,0.95,0.95,0.1483323796536408
15733,static_quality,0.58,99,0.5957446808510638,0.18666666666666668,0.48936170212765956,0.6198794326241135,0.34,0.24,0.34,0.4,0.62
15733,linear_development,0.9067369263670831,2,0.8977272727272727,0.04666666666666667,0.22727272727272727,0.8851999328944564,0.9208022056359123,0.9411119787909116,0.95,0.95,0.15790315624726203
15733,interaction_development,0.9143501019526582,2,0.9325842696629213,0.03333333333333333,0.20224719101123595,0.9096993317722994,0.922506916246363,0.9370817357936861,0.95,0.95,0.14705407080823385
15733,feedback_development,0.9146452121077583,2,0.8409090909090909,0.03666666666666667,0.25,0.8582725393919213,0.9242463092691331,0.95,0.95,0.95,0.153014762923467
15734,static_quality,0.58,99,0.7717391304347826,0.16833333333333333,0.3804347826086957,0.7245289855072463,0.34,0.24,0.34,0.4,0.62
15734,linear_development,0.90721545178829,2,0.9186046511627907,0.0325,0.22093023255813954,0.8987683642798715,0.9219415518768812,0.9407565178983014,0.95,0.95,0.15299031039077632
15734,interaction_development,0.9153225344012043,2,0.8947368421052632,0.041666666666666664,0.15789473684210525,0.9000176784057947,0.9273975580599977,0.9421656159861972,0.95,0.95,0.132575383746206
15734,feedback_development,0.914160894448423,2,0.9186046511627907,0.03166666666666667,0.22093023255813954,0.899976847345558,0.9217573384394807,0.95,0.95,0.9432959688914495,0.15626661513352622
15735,static_quality,0.58,99,0.6666666666666666,0.17416666666666666,0.4222222222222222,0.6677222222222222,0.34,0.24,0.34,0.4,0.62
15735,linear_development,0.9009720754660482,3,0.8588235294117647,0.043333333333333335,0.24705882352941178,0.8635379681826524,0.9070763701572578,0.9204376245250306,0.95,0.9371875983092351,0.1793197422052345
15735,interaction_development,0.9123455117085962,3,0.8913043478260869,0.03,0.20652173913043478,0.8906344354519415,0.9127756761954712,0.9259808056049071,0.95,0.9415637938986113,0.16644189472163354
15735,feedback_development,0.9135578204023026,2,0.8888888888888888,0.04083333333333333,0.2777777777777778,0.8733114508381232,0.919160180710034,0.95,0.95,0.95,0.17335927715986332
15736,static_quality,0.58,99,0.7029702970297029,0.19,0.39603960396039606,0.6861287128712872,0.34,0.24,0.34,0.4,0.62
15736,linear_development,0.9064885592348402,2,0.9111111111111111,0.043333333333333335,0.23333333333333334,0.8906399505518926,0.9202108553210482,0.9382074829672105,0.95,0.95,0.1573640616830177
15736,interaction_development,0.9141395387361575,3,0.9166666666666666,0.03166666666666667,0.17708333333333334,0.9078709308104236,0.9213119775917367,0.9323698859204561,0.95,0.9466078046740447,0.14372978022755437
15736,feedback_development,0.9152379839751543,2,0.9385964912280702,0.034166666666666665,0.17543859649122806,0.9177330660173258,0.9271464055523777,0.95,0.95,0.95,0.1414143777904889
15737,static_quality,0.58,99,0.6777777777777778,0.17833333333333334,0.4,0.6763333333333333,0.34,0.24,0.34,0.4,0.62
15737,linear_development,0.9008608023654354,3,0.8645833333333334,0.0425,0.25,0.8656916203548154,0.9068114342034179,0.9209149987778804,0.95,0.9375644727193797,0.18123373468358836
15737,interaction_development,0.9137829669130553,3,0.8924731182795699,0.035,0.25806451612903225,0.8800674450369583,0.9198422633847747,0.9378344899066504,0.95,0.95,0.15846543636755123
15737,feedback_development,0.9144605167274256,2,0.8842105263157894,0.035833333333333335,0.2631578947368421,0.875265568737184,0.923311616092189,0.95,0.95,0.9481904643250817,0.15494399995632566
15738,static_quality,0.58,99,0.7368421052631579,0.165,0.3263157894736842,0.7203157894736841,0.34,0.24,0.34,0.4,0.62
15738,linear_development,0.9037336594786565,2,0.8865979381443299,0.035,0.29896907216494845,0.8677353066537572,0.9140196607661537,0.9382074829672105,0.95,0.95,0.18212883990259568
15738,interaction_development,0.9141327209144003,3,0.898876404494382,0.043333333333333335,0.21348314606741572,0.8902509942794822,0.921513464006843,0.9389467686409908,0.95,0.95,0.15289291261361887
15738,feedback_development,0.9150705301235721,2,0.9318181818181818,0.03166666666666667,0.1590909090909091,0.9184272461852026,0.926317600224973,0.95,0.95,0.95,0.1447295991001075
15739,static_quality,0.58,99,0.6125,0.1925,0.4875,0.626625,0.34,0.24,0.34,0.4,0.62
15739,linear_development,0.9087608465391457,2,0.9375,0.04083333333333333,0.2,0.9100224603142052,0.9259173368093114,0.9403989113665004,0.95,0.95,0.1367295641292544
15739,interaction_development,0.9145495688662932,2,0.9459459459459459,0.04416666666666667,0.18018018018018017,0.9179887416362503,0.9237955682530149,0.9382074829672105,0.95,0.95,0.1430252099551507
15739,feedback_development,0.9151914959237348,2,0.9146341463414634,0.029166666666666667,0.15853658536585366,0.9113234398357148,0.9268577475303894,0.95,0.95,0.9475631093655309,0.14013211924397337
15740,static_quality,0.58,99,0.6931818181818182,0.1925,0.3977272727272727,0.6808863636363637,0.34,0.24,0.34,0.4,0.62
15740,linear_development,0.9033617492548307,2,0.9204545454545454,0.041666666666666664,0.26136363636363635,0.8891027472367095,0.9127660696543588,0.9268663712466501,0.95,0.9422629246684083,0.1680650172976232
15740,interaction_development,0.91474240605804,2,0.8846153846153846,0.03916666666666667,0.1794871794871795,0.8915575147548598,0.9244191313507727,0.937459245378924,0.95,0.95,0.13978271997583355
15740,feedback_development,0.913381339967003,2,0.8829787234042553,0.034166666666666665,0.26595744680851063,0.87432280383193,0.9182309289697396,0.95,0.95,0.9459612854936913,0.17303756961473313
15741,static_quality,0.58,99,0.7346938775510204,0.18833333333333332,0.3877551020408163,0.7023945578231292,0.34,0.24,0.34,0.4,0.62
15741,linear_development,0.9053174481367199,2,0.8811881188118812,0.04083333333333333,0.2079207920792079,0.8825814456033464,0.9174224955636189,0.9273051730191701,0.95,0.9426093471203979,0.1502245378850927
15741,interaction_development,0.9132928479523049,2,0.9101123595505618,0.0475,0.1797752808988764,0.9010894328108233,0.9171576092149544,0.9281748939291689,0.95,0.9432959688914495,0.15284042596080064
15741,feedback_development,0.914391746608248,2,0.9367088607594937,0.03166666666666667,0.20253164556962025,0.911838086885752,0.9228460643474189,0.95,0.95,0.9429536910376756,0.1515694336479999
15742,static_quality,0.58,99,0.7951807228915663,0.1975,0.30120481927710846,0.7450903614457831,0.34,0.24,0.34,0.4,0.62
15742,linear_development,0.909701478590349,2,0.9279279279279279,0.04,0.1891891891891892,0.908184951518282,0.927860663310355,0.9452147593206394,0.95,0.95,0.13377210607921977
15742,interaction_development,0.9125040591175528,2,0.8737864077669902,0.041666666666666664,0.23300970873786409,0.8751442172818725,0.9137337609417031,0.9311377883554746,0.95,0.945635096070112,0.17183784065877417
15742,feedback_development,0.9152165721386714,2,0.9514563106796117,0.03166666666666667,0.17475728155339806,0.9241530359826131,0.9270400018195929,0.95,0.95,0.95,0.14183999272162812
15743,static_quality,0.58,99,0.6847826086956522,0.1625,0.42391304347826086,0.6778695652173913,0.34,0.24,0.34,0.4,0.62
15743,linear_development,0.9054003154076158,2,0.8854166666666666,0.05333333333333334,0.23958333333333334,0.875664213977809,0.9176197985895616,0.9385782380694072,0.95,0.95,0.16809904371116083
15743,interaction_development,0.9121376568376169,3,0.9310344827586207,0.035833333333333335,0.22988505747126436,0.9026424876061023,0.9118169224331616,0.9250845167634653,0.95,0.9408561974448414,0.1686730244756604
15743,feedback_development,0.9150293465642814,2,0.9186046511627907,0.0325,0.1511627906976744,0.9138939368683632,0.9263487399634528,0.95,0.95,0.9478777307093377,0.14248277085552627
15744,static_quality,0.58,99,0.6333333333333333,0.18083333333333335,0.4777777777777778,0.6402777777777777,0.34,0.24,0.34,0.4,0.62
15744,linear_development,0.907658932201622,2,0.8811881188118812,0.0325,0.25742574257425743,0.8746983447807384,0.9229974576229094,0.9438799516763187,0.95,0.95,0.15189012118468054
15744,interaction_development,0.9134430980586452,2,0.9195402298850575,0.0325,0.20689655172413793,0.902930257812245,0.9180168125107687,0.9319616558555897,0.95,0.9462855177807291,0.1561799235932439
15744,feedback_development,0.9149571609580083,2,0.8666666666666667,0.04083333333333333,0.22666666666666666,0.8737435741437014,0.9259812299158495,0.95,0.95,0.95,0.14607508033660166
15745,static_quality,0.58,99,0.7634408602150538,0.20583333333333334,0.34408602150537637,0.7205645161290323,0.34,0.24,0.34,0.4,0.62
15745,linear_development,0.9052550760108229,2,0.8545454545454545,0.04,0.24545454545454545,0.8632428068561688,0.9172739905019596,0.937459245378924,0.95,0.95,0.1683632833710859
15745,interaction_development,0.9144099447910061,2,0.9325842696629213,0.041666666666666664,0.1797752808988764,0.9125360235538569,0.9227948435022972,0.9370817357936861,0.95,0.95,0.14590236178449695
15745,feedback_development,0.9141312781397968,2,0.9222222222222223,0.0425,0.2,0.9036196917209696,0.9215813244967235,0.95,0.95,0.9419144111352197,0.15558911314832555
15746,static_quality,0.58,99,0.75,0.19,0.36904761904761907,0.7126904761904762,0.34,0.24,0.34,0.4,0.62
15746,linear_development,0.9070441992158387,2,0.8,0.0475,0.24444444444444444,0.8376677409934868,0.9215338076567589,0.9414653069181661,0.95,0.95,0.15533007629113052
15746,interaction_development,0.9136815568014249,2,0.9230769230769231,0.0425,0.15384615384615385,0.9131676181355985,0.919380904919709,0.9382074829672105,0.95,0.95,0.16068386328837403
15746,feedback_development,0.9139678948194682,2,0.9310344827586207,0.03666666666666667,0.20689655172413793,0.9073480577861386,0.9209618935270774,0.95,0.95,0.9472465888989244,0.16339901479061486
15747,static_quality,0.58,99,0.6808510638297872,0.16416666666666666,0.3723404255319149,0.6860815602836879,0.34,0.24,0.34,0.4,0.62
15747,linear_development,0.9037802203465128,3,0.9310344827586207,0.05416666666666667,0.1839080459770115,0.9069176077646206,0.9137624293964592,0.9237196930346957,0.95,0.9397787050273917,0.15844868047625052
15747,interaction_development,0.913401046972553,3,0.9222222222222223,0.034166666666666665,0.16666666666666666,0.9118434903792164,0.9177126754215101,0.929460004241211,0.95,0.9443105296641144,0.15291983221928512
15747,feedback_development,0.9144525841602085,2,0.8783783783783784,0.03666666666666667,0.17567567567567569,0.8899696894258331,0.9231121456346816,0.95,0.95,0.9419144111352197,0.1494658285964936
15748,static_quality,0.58,99,0.7051282051282052,0.16,0.38461538461538464,0.6953846153846154,0.34,0.24,0.34,0.4,0.62
15748,linear_development,0.9027801893147024,3,0.896551724137931,0.04416666666666667,0.1839080459770115,0.8932503617305387,0.9113814031302439,0.9250845167634653,0.95,0.9408561974448414,0.17041510168733115
15748,interaction_development,0.9143485065790515,2,0.891566265060241,0.034166666666666665,0.1927710843373494,0.892969545063163,0.9224116858480546,0.9347683406162323,0.95,0.9485013215391312,0.1436229187631454
15748,feedback_development,0.9133176649189237,2,0.8837209302325582,0.04083333333333333,0.27906976744186046,0.870691448187451,0.9178499792254621,0.95,0.95,0.9429536910376756,0.1715537741358272
15749,static_quality,0.58,99,0.6904761904761905,0.18,0.4523809523809524,0.6712380952380953,0.34,0.24,0.34,0.4,0.62
15749,linear_development,0.9074062841125887,2,0.9418604651162791,0.04416666666666667,0.1744186046511628,0.916231097655648,0.9223959145537828,0.9385782380694072,0.95,0.95,0.14899457985427572
15749,interaction_development,0.9113102769371659,2,0.8333333333333334,0.0275,0.2619047619047619,0.8538155891596225,0.9083342378659602,0.9264249207712777,0.95,0.9419144111352197,0.18500238044265618
15749,feedback_development,0.9146509853168832,2,0.9506172839506173,0.0375,0.13580246913580246,0.9303149317481498,0.9241195068257013,0.95,0.95,0.9439743759196322,0.14749634861682673
15750,static_quality,0.58,99,0.7843137254901961,0.185,0.2647058823529412,0.75,0.34,0.24,0.34,0.4,0.62
15750,linear_development,0.9070187172780164,2,0.8941176470588236,0.03916666666666667,0.2,0.8905724154348398,0.9214731363762295,0.93967720950097,0.95,0.95,0.1537846639960518
15750,interaction_development,0.9126745896477363,3,0.8902439024390244,0.03666666666666667,0.1951219512195122,0.8911532209674857,0.9143858523070265,0.9290342094982003,0.95,0.9439743759196322,0.16546517618972625
15750,feedback_development,0.9139062381371073,2,0.868421052631579,0.04833333333333333,0.2631578947368421,0.8655771637907416,0.9205528761351902,0.95,0.95,0.9429536910376756,0.16074218649691502
15751,static_quality,0.58,99,0.6794871794871795,0.1925,0.3974358974358974,0.6747820512820513,0.34,0.24,0.34,0.4,0.62
15751,linear_development,0.9041913389294822,2,0.8936170212765957,0.04416666666666667,0.18085106382978725,0.8927528143145997,0.9147412831654341,0.9268663712466501,0.95,0.9422629246684083,0.16016416325332186
15751,interaction_development,0.9119230972448565,3,0.961038961038961,0.04,0.14285714285714285,0.9326845684828323,0.9109798674328964,0.9170143403578691,0.95,0.9344850055456866,0.1575798761719701
15751,feedback_development,0.9150908986359255,2,0.9285714285714286,0.030833333333333334,0.1836734693877551,0.912219417108314,0.9264180059690975,0.95,0.95,0.95,0.1443279761236095
15752,static_quality,0.58,99,0.6981132075471698,0.17833333333333334,0.3584905660377358,0.6937861635220126,0.34,0.24,0.34,0.4,0.62
15752,linear_development,0.9086791182341234,2,0.9523809523809523,0.04083333333333333,0.1619047619047619,0.9243256772589281,0.9254264719860082,0.9448840637028565,0.95,0.95,0.1431781757588238
15752,interaction_development,0.914005732370875,2,0.8977272727272727,0.04083333333333333,0.23863636363636365,0.8851841931889647,0.9208585475285513,0.9367019474785575,0.95,0.95,0.15326775736435228
15752,feedback_development,0.9144808392351018,2,0.8837209302325582,0.035,0.23255813953488372,0.8813349165829397,0.923349502252749,0.95,0.95,0.9459612854936913,0.15256327648269524
15753,static_quality,0.58,99,0.6966292134831461,0.19916666666666666,0.3707865168539326,0.6864925093632959,0.34,0.24,0.34,0.4,0.62
15753,linear_development,0.9032092741175368,3,0.9176470588235294,0.0425,0.21176470588235294,0.8975696264117481,0.9124030336131832,0.9255340096628845,0.95,0.9412110602601723,0.16713293547032387
15753,interaction_development,0.9138306235826976,2,0.9032258064516129,0.0325,0.1827956989247312,0.9004670666556842,0.9197761475236823,0.9307221210819664,0.95,0.9453069376962897,0.14692446868352704
15753,feedback_development,0.9133746500310541,2,0.8666666666666667,0.02666666666666667,0.24444444444444444,0.8727839752824359,0.918210905900643,0.95,0.95,0.9462855177807291,0.1734418941781567
15754,static_quality,0.58,99,0.7093023255813954,0.1875,0.3953488372093023,0.6896162790697674,0.34,0.24,0.34,0.4,0.62
15754,linear_development,0.9039571292989605,2,0.9512195121951219,0.03916666666666667,0.2682926829268293,0.9021504799639497,0.9141836411880014,0.9298832442157637,0.95,0.9446446664861298,0.16779334594988754
15754,interaction_development,0.9131605880329153,3,0.9090909090909091,0.04083333333333333,0.20202020202020202,0.8974942902251394,0.9167394514040867,0.9323698859204561,0.95,0.9466078046740447,0.16201988497815387
15754,feedback_development,0.914153013776051,2,0.8314606741573034,0.02666666666666667,0.2247191011235955,0.8610031018791418,0.9218012299196761,0.95,0.95,0.9462855177807291,0.15908059810202485
15755,static_quality,0.58,99,0.7070707070707071,0.1825,0.46464646464646464,0.6757525252525253,0.34,0.24,0.34,0.4,0.62
15755,linear_development,0.9068182720597396,2,0.9382716049382716,0.03666666666666667,0.1728395061728395,0.9163437284632819,0.920995885856523,0.9339784588984938,0.95,0.9478777307093377,0.14787264618173904
15755,interaction_development,0.9151571768192255,2,0.9166666666666666,0.034166666666666665,0.19047619047619047,0.9048450050943124,0.9266119221794362,0.9442166719662608,0.95,0.95,0.13776898324851608
15755,feedback_development,0.9152904240199033,2,0.9175257731958762,0.03333333333333333,0.2268041237113402,0.8981526701321951,0.9274075327876807,0.95,0.95,0.95,0.14036986884927646
15756,static_quality,0.58,99,0.6176470588235294,0.17833333333333334,0.5294117647058824,0.6233921568627451,0.34,0.24,0.34,0.4,0.62
15756,linear_development,0.9087446390161726,2,0.875,0.029166666666666667,0.17708333333333334,0.8888116958524258,0.92558247384803,0.94251262229028,0.95,0.95,0.14018272689815997
15756,interaction_development,0.9140172187230786,3,0.8712871287128713,0.03916666666666667,0.21782178217821782,0.877784100960277,0.9209310440645615,0.937459245378924,0.95,0.95,0.1537350691206782
15756,feedback_development,0.9141886297435525,2,0.9339622641509434,0.034166666666666665,0.24528301886792453,0.9015213762225391,0.9220750171065957,0.95,0.95,0.95,0.16169993157361723
15757,static_quality,0.58,99,0.75,0.19583333333333333,0.3804347826086957,0.7092463768115942,0.34,0.24,0.34,0.4,0.62
15757,linear_development,0.9018386979805513,2,0.8214285714285714,0.051666666666666666,0.30952380952380953,0.8326805666018445,0.9091397570965508,0.9241773748764875,0.95,0.9401400327972274,0.17775837928751187
15757,interaction_development,0.9145835786254155,2,0.9263157894736842,0.041666666666666664,0.17894736842105263,0.9099068350394264,0.923479235032781,0.9327756666049334,0.95,0.9469281578460005,0.13578688431980973
15757,feedback_development,0.9150292075737994,1,0.9418604651162791,0.03166666666666667,0.19767441860465115,0.915223373384132,0.9261142467104269,0.95,0.95,0.95,0.14554301315829216
15758,static_quality,0.58,99,0.6105263157894737,0.18583333333333332,0.45263157894736844,0.6340438596491228,0.34,0.24,0.34,0.4,0.62
15758,linear_development,0.9097557521406646,2,0.9431818181818182,0.04666666666666667,0.14772727272727273,0.92201639312413,0.9279898860492016,0.9438799516763187,0.95,0.95,0.131920407479512
15758,interaction_development,0.9123200706597221,2,0.8902439024390244,0.03166666666666667,0.25609756097560976,0.8799049211680641,0.9131976390418548,0.9281748939291689,0.95,0.9432959688914495,0.16868030665319883
15758,feedback_development,0.9147228522773789,1,0.9146341463414634,0.035833333333333335,0.23170731707317074,0.8952856636139646,0.9246208543146416,0.95,0.95,0.95,0.1515165827414333
15759,static_quality,0.58,99,0.6818181818181818,0.165,0.4090909090909091,0.6789999999999999,0.34,0.24,0.34,0.4,0.62
15759,linear_development,0.9036007252509723,3,0.8924731182795699,0.04083333333333333,0.23655913978494625,0.8816745173897964,0.9137800497606345,0.9290342094982003,0.95,0.9439743759196322,0.16788838637529394
15759,interaction_development,0.9161642464100721,2,0.94,0.04083333333333333,0.18,0.9162579702948441,0.9318438140370595,0.9484145269014073,0.95,0.95,0.12103927075316882
15759,feedback_development,0.9127886149349935,2,0.89,0.034166666666666665,0.32,0.8665849589069157,0.9157320887609178,0.95,0.95,0.95,0.1870716449563283
15760,static_quality,0.58,99,0.7,0.16583333333333333,0.425,0.6838333333333333,0.34,0.24,0.34,0.4,0.62
15760,linear_development,0.8993217740927477,3,0.8536585365853658,0.043333333333333335,0.3048780487804878,0.8494023311545627,0.9031470811732089,0.9209149987778804,0.95,0.9375644727193797,0.19589114680442463
15760,interaction_development,0.9133304873590065,3,0.9012345679012346,0.0325,0.20987654320987653,0.8940798200174311,0.9174414891664222,0.9307221210819664,0.95,0.9453069376962897,0.15626310211256716
15760,feedback_development,0.9133578843683543,2,0.8478260869565217,0.029166666666666667,0.2608695652173913,0.8605181754088764,0.9180217113538534,0.95,0.95,0.9426093471203979,0.17052250170498445
15761,static_quality,0.58,99,0.7471264367816092,0.16,0.3333333333333333,0.7245402298850574,0.34,0.24,0.34,0.4,0.62
15761,linear_development,0.9041274309113496,2,0.8805970149253731,0.04,0.2537313432835821,0.8731415026964039,0.9145891212174991,0.9290342094982003,0.95,0.9439743759196322,0.16465210054783566
15761,interaction_development,0.9145231906068778,3,0.9186046511627907,0.029166666666666667,0.18604651162790697,0.9075079359553728,0.9233504147586865,0.937459245378924,0.95,0.95,0.14405758634417826
15761,feedback_development,0.9117478389475585,2,0.88,0.04,0.26666666666666666,0.8714288425088006,0.9105480497252564,0.95,0.95,0.9291536123011097,0.1869614134000841
15762,static_quality,0.58,99,0.7261904761904762,0.18083333333333335,0.34523809523809523,0.7085714285714285,0.34,0.24,0.34,0.4,0.62
15762,linear_development,0.9082614752089876,2,0.9058823529411765,0.0425,0.17647058823529413,0.9000921624578188,0.9244320838309229,0.9442166719662608,0.95,0.95,0.14648833664256922
15762,interaction_development,0.9125625412686097,2,0.9036144578313253,0.043333333333333335,0.2289156626506024,0.8890610880176006,0.9138027533650408,0.9273051730191701,0.95,0.9426093471203979,0.16470350667940464
15762,feedback_development,0.9145847293760239,2,0.8928571428571429,0.04083333333333333,0.16071428571428573,0.8986638998825942,0.9238653274788655,0.95,0.95,0.9466078046740447,0.15114649475858247
15763,static_quality,0.58,99,0.6976744186046512,0.18583333333333332,0.38372093023255816,0.6870426356589148,0.34,0.24,0.34,0.4,0.62
15763,linear_development,0.9033116426005738,2,0.9135802469135802,0.0525,0.1728395061728395,0.9015399562666293,0.9126467680966045,0.9268663712466501,0.95,0.9422629246684083,0.16854222352864046
15763,interaction_development,0.9136332343982082,2,0.9213483146067416,0.03333333333333333,0.23595505617977527,0.8977940488301432,0.91908161804407,0.9359354795559651,0.95,0.9494227470178676,0.159031754397553
15763,feedback_development,0.9142326845794174,2,0.8762886597938144,0.045,0.26804123711340205,0.8688565521714487,0.9222822230613998,0.95,0.95,0.95,0.16087110775440036
15764,static_quality,0.58,99,0.7678571428571429,0.175,0.3392857142857143,0.7296785714285714,0.34,0.24,0.34,0.4,0.62
15764,linear_development,0.9025844776759335,2,0.918918918918919,0.03666666666666667,0.24324324324324326,0.8929192031829216,0.910915423037937,0.9255340096628845,0.95,0.9412110602601723,0.1730833777713084
15764,interaction_development,0.9119543775864319,2,0.8837209302325582,0.043333333333333335,0.32558139534883723,0.860684629506182,0.9113626901852679,0.9315509616253417,0.95,0.9459612854936913,0.18206148637796096
15764,feedback_development,0.9140819137289844,2,0.8709677419354839,0.0325,0.3010752688172043,0.8623327171668745,0.9215750927210383,0.95,0.95,0.95,0.1636996291158464
15765,static_quality,0.58,99,0.7176470588235294,0.19083333333333333,0.4235294117647059,0.6870686274509803,0.34,0.24,0.34,0.4,0.62
15765,linear_development,0.9075671856711307,2,0.8979591836734694,0.03333333333333333,0.22448979591836735,0.8886520846533906,0.9227790135026922,0.9432004012771991,0.95,0.95,0.15208434726643022
15765,interaction_development,0.9144792689740645,2,0.8979591836734694,0.03,0.19387755102040816,0.8964780127950893,0.9232128625027162,0.9407565178983014,0.95,0.95,0.14790506788743632
15765,feedback_development,0.9133292068075585,2,0.9375,0.05333333333333334,0.2625,0.895707714354467,0.9177770085851645,0.95,0.95,0.9386815826595585,0.16757354831889992
15766,static_quality,0.58,99,0.7469879518072289,0.17166666666666666,0.37349397590361444,0.7141124497991967,0.34,0.24,0.34,0.4,0.62
15766,linear_development,0.9078888877662632,2,0.9176470588235294,0.04833333333333333,0.18823529411764706,0.9018107841453317,0.9238537010468229,0.9432004012771991,0.95,0.95,0.14778559708990732
15766,interaction_development,0.9136893065028429,2,0.8666666666666667,0.03916666666666667,0.2111111111111111,0.8769978404198709,0.9193054146468929,0.9351597305725349,0.95,0.9488103136098964,0.15674838559485976
15766,feedback_development,0.9151772642346514,2,0.9042553191489362,0.0375,0.18085106382978725,0.9005212704862617,0.9268449924435886,0.95,0.95,0.95,0.14262003022564496
15767,static_quality,0.58,99,0.6767676767676768,0.15916666666666668,0.42424242424242425,0.6748636363636363,0.34,0.24,0.34,0.4,0.62
15767,linear_development,0.9065513080614054,2,0.9325842696629213,0.043333333333333335,0.1797752808988764,0.9110238947110834,0.9203602572890603,0.9307221210819664,0.95,0.9453069376962897,0.14458802962201495
15767,interaction_development,0.9136780207257633,3,0.927710843373494,0.03333333333333333,0.1686746987951807,0.914119976201234,0.9189721863457498,0.9286058445655938,0.95,0.9436361930781008,0.14635329226069488
15767,feedback_development,0.9149537061666844,2,0.8737864077669902,0.0375,0.22330097087378642,0.878286745245391,0.9257438808464609,0.95,0.95,0.95,0.1470244766141561
15768,static_quality,0.58,99,0.6633663366336634,0.19166666666666668,0.45544554455445546,0.6560924092409242,0.34,0.24,0.34,0.4,0.62
15768,linear_development,0.9077310322902148,2,0.8478260869565217,0.034166666666666665,0.20652173913043478,0.8695437128145467,0.9231691245005117,0.9414653069181661,0.95,0.95,0.14878880891611904
15768,interaction_development,0.9136650252474591,3,0.9239130434782609,0.0325,0.13043478260869565,0.9202236668305972,0.9188284840324575,0.9264249207712777,0.95,0.9419144111352197,0.14302539577666723
15768,feedback_development,0.9152719535806533,2,0.9313725490196079,0.0375,0.17647058823529413,0.9136143224488626,0.927315472132789,0.95,0.95,0.95,0.14073811146884377
15769,static_quality,0.58,99,0.7272727272727273,0.17583333333333334,0.375,0.7041060606060606,0.34,0.24,0.34,0.4,0.62
15769,linear_development,0.9055542104469465,2,0.9090909090909091,0.035,0.22727272727272727,0.8924694952034056,0.9179862153498727,0.9311377883554746,0.95,0.945635096070112,0.1548280230260959
15769,interaction_development,0.9119661011372684,3,0.8681318681318682,0.035833333333333335,0.2087912087912088,0.8785293474050225,0.9107649882830324,0.9184991377050886,0.95,0.935657213977702,0.16109639855066066
15769,feedback_development,0.9134715032036227,2,0.8314606741573034,0.034166666666666665,0.2808988764044944,0.8481649202370978,0.9187687303151278,0.95,0.95,0.95,0.17492507873948812
15770,static_quality,0.58,99,0.6179775280898876,0.20416666666666666,0.43820224719101125,0.6366161048689138,0.34,0.24,0.34,0.4,0.62
15770,linear_development,0.9030864654594682,2,0.9069767441860465,0.049166666666666664,0.18604651162790697,0.8965598690437264,0.912562968254075,0.9264249207712777,0.95,0.9419144111352197,0.16808745889019708
15770,interaction_development,0.9137435213038481,2,0.8764044943820225,0.03333333333333333,0.20224719101123595,0.8843274457985735,0.9196490294332417,0.937459245378924,0.95,0.95,0.15886312764595759
15770,feedback_development,0.9139976305995346,2,0.8725490196078431,0.03666666666666667,0.23529411764705882,0.8753545465507145,0.9213226375781265,0.95,0.95,0.9439743759196322,0.15868382560712593
15771,static_quality,0.58,99,0.651685393258427,0.17833333333333334,0.4606741573033708,0.6524569288389513,0.34,0.24,0.34,0.4,0.62
15771,linear_development,0.9036775373797172,2,0.8571428571428571,0.0425,0.3076923076923077,0.8512274547827816,0.9135179461421842,0.9351597305725349,0.95,0.9488103136098964,0.1798982596136942
15771,interaction_development,0.9104957683479113,3,0.9468085106382979,0.03666666666666667,0.22340425531914893,0.9106240106422577,0.9044313279837878,0.9170143403578691,0.95,0.9344850055456866,0.1837740339684045
15771,feedback_development,0.9135857224535091,2,0.8854166666666666,0.03666666666666667,0.2604166666666667,0.8760586917013597,0.919100659048562,0.95,0.95,0.9439743759196322,0.16757173972538428
15772,static_quality,0.58,99,0.59375,0.1675,0.4583333333333333,0.6290208333333334,0.34,0.24,0.34,0.4,0.62
15772,linear_development,0.90381025322698,2,0.8913043478260869,0.055,0.22826086956521738,0.8800063205927426,0.9138339362547145,0.9290342094982003,0.95,0.9439743759196322,0.16767284039897404
15772,interaction_development,0.9154609621716743,2,0.875,0.03666666666666667,0.1875,0.8862358109924178,0.9282057464582791,0.9474747334875083,0.95,0.95,0.13465174765439142
15772,feedback_development,0.9145548042482128,2,0.8674698795180723,0.03833333333333333,0.20481927710843373,0.878914144332011,0.9238121438489955,0.95,0.95,0.95,0.15475142460401756
15773,static_quality,0.58,99,0.7474747474747475,0.20833333333333334,0.36363636363636365,0.7089696969696969,0.34,0.24,0.34,0.4,0.62
15773,linear_development,0.9056487261601249,2,0.900990099009901,0.034166666666666665,0.2376237623762376,0.8869347676698934,0.9182112527622022,0.9355487721890997,0.95,0.949117451728237,0.1618212128685277
15773,interaction_development,0.9132372320265736,2,0.8804347826086957,0.03666666666666667,0.29347826086956524,0.8671522514706527,0.9171472201646116,0.9335799385296719,0.95,0.9475631093655309,0.16255416723675678
15773,feedback_development,0.9136815569301107,2,0.865979381443299,0.0425,0.2268041237113402,0.872882130446733,0.9195896795135833,0.95,0.95,0.945635096070112,0.16727637801577883
15774,static_quality,0.58,99,0.7549019607843137,0.18333333333333332,0.3333333333333333,0.7233725490196079,0.34,0.24,0.34,0.4,0.62
15774,linear_development,0.9046863915540293,2,0.8936170212765957,0.034166666666666665,0.24468085106382978,0.8820611147614732,0.9159199798905462,0.9281748939291689,0.95,0.9432959688914495,0.15779094325843335
15774,interaction_development,0.9128428829606559,3,0.91,0.03833333333333333,0.21,0.8967597657774319,0.9152223317812671,0.9307221210819664,0.95,0.9453069376962897,0.1651397316531875
15774,feedback_development,0.9134825454034077,2,0.8674698795180723,0.035833333333333335,0.2891566265060241,0.8623858356257723,0.9188187096045992,0.95,0.95,0.95,0.1747251615816027
15775,static_quality,0.58,99,0.7083333333333334,0.16,0.3541666666666667,0.7029166666666666,0.34,0.24,0.34,0.4,0.62
15775,linear_development,0.8963206071378547,3,0.8817204301075269,0.04083333333333333,0.27956989247311825,0.8671416394577751,0.8960014455663208,0.9086263654418524,0.9443225411113537,0.9278629200856734,0.19680604437359622
15775,interaction_development,0.9112882914988598,3,0.8804347826086957,0.030833333333333334,0.29347826086956524,0.8680265770581623,0.908092244112497,0.9237196930346957,0.95,0.9397787050273917,0.18112942161209922
15775,feedback_development,0.9141041752281551,2,0.9368421052631579,0.0425,0.23157894736842105,0.9038787841789601,0.9215534589795015,0.95,0.95,0.945635096070112,0.15942126015210617
15776,static_quality,0.58,99,0.6730769230769231,0.2025,0.46153846153846156,0.6570769230769231,0.34,0.24,0.34,0.4,0.62
15776,linear_development,0.9058474382153034,3,0.9278350515463918,0.0375,0.23711340206185566,0.8984802085158007,0.9186843767031037,0.9389467686409908,0.95,0.95,0.16420926182857634
15776,interaction_development,0.9139658769908436,2,0.9135802469135802,0.0375,0.24691358024691357,0.8913232766103549,0.9207355394469325,0.9393130880291448,0.95,0.95,0.15637093024141427
15776,feedback_development,0.9141619945732613,2,0.865979381443299,0.034166666666666665,0.23711340206185566,0.8725590070897693,0.9219499767950448,0.95,0.95,0.95,0.16220009281982067
15777,static_quality,0.58,99,0.7419354838709677,0.19083333333333333,0.3225806451612903,0.7181881720430108,0.34,0.24,0.34,0.4,0.62
15777,linear_development,0.9091866246828825,2,0.8811881188118812,0.04666666666666667,0.2376237623762376,0.8760545613591981,0.9266348206735298,0.9465178187484036,0.95,0.95,0.13997853605428487
15777,interaction_development,0.9114502042657942,3,0.8765432098765432,0.035,0.2716049382716049,0.8698409874299926,0.9088267171695156,0.9246323106272286,0.95,0.940499192600444,0.1798246345496101
15777,feedback_development,0.9137710921647708,2,0.9010989010989011,0.034166666666666665,0.2087912087912088,0.8939685942276461,0.9201304948787388,0.95,0.95,0.9386815826595585,0.15815960314460323
15778,static_quality,0.58,99,0.6025641025641025,0.18666666666666668,0.48717948717948717,0.6233846153846153,0.34,0.24,0.34,0.4,0.62
15778,linear_development,0.9061216984280209,2,0.9347826086956522,0.03666666666666667,0.21739130434782608,0.9057588344743481,0.9197463529463166,0.9355487721890997,0.95,0.949117451728237,0.15568081213207047
15778,interaction_development,0.9119402999941922,2,0.8235294117647058,0.035833333333333335,0.29411764705882354,0.8413890842148152,0.9115403192157713,0.9355487721890997,0.95,0.949117451728237,0.1885049470542516
15778,feedback_development,0.9157264524400193,2,0.941747572815534,0.03166666666666667,0.1650485436893204,0.9218023335617959,0.9296085067376691,0.95,0.95,0.95,0.13156597304932321
15779,static_quality,0.58,99,0.7051282051282052,0.1775,0.4230769230769231,0.6841923076923078,0.34,0.24,0.34,0.4,0.62
15779,linear_development,0.9084783001467486,2,0.9294117647058824,0.0425,0.15294117647058825,0.9154188038455418,0.9249483336827349,0.9355487721890997,0.95,0.949117451728237,0.13487288918639728
15779,interaction_development,0.9120280616105407,3,0.9318181818181818,0.034166666666666665,0.19318181818181818,0.910652694090066,0.9112932235256723,0.9241773748764875,0.95,0.9401400327972274,0.1691445135710259
15779,feedback_development,0.9133879833261449,2,0.9142857142857143,0.03916666666666667,0.15714285714285714,0.9091748641655883,0.9179005253583413,0.95,0.95,0.9332914416099226,0.16168934017655698
