seed,model,phase,Q,irreversible_recall,false_alarm_rate,violation_rate,trajectory
15800,static_quality,1,0.58,0.5833333333333334,0.19826224328593997,0.48484848484848486,0.6261295418641375
15800,static_quality,2,0.58,0.631578947368421,0.1895734597156398,0.518796992481203,0.6024075829383877
15800,static_quality,3,0.58,0.6842105263157895,0.17061611374407584,0.42105263157894735,0.6313301737756715
15800,static_quality,4,0.58,0.7387387387387387,0.22511848341232227,0.40540540540540543,0.7152132701421793
15800,static_quality,5,0.58,0.6343283582089553,0.18009478672985782,0.4552238805970149,0.6450110584518144
15800,static_quality,6,0.58,0.6564885496183206,0.2014218009478673,0.44274809160305345,0.6549636650868863
15800,linear_development,1,0.7893677393072065,0.8333333333333334,0.1287519747235387,0.2608695652173913,0.7832859399684052
15800,linear_development,2,0.8509781289204355,0.8625954198473282,0.07661927330173776,0.2748091603053435,0.7954218009478682
15800,linear_development,3,0.8813416768036111,0.8320610687022901,0.05608214849921011,0.31297709923664124,0.7746793048973161
15800,linear_development,4,0.9018489851772867,0.8931297709923665,0.04897314375987362,0.22900763358778625,0.8315924170616118
15800,linear_development,5,0.9053160351378384,0.8757763975155279,0.037914691943127965,0.2857142857142857,0.7533080568720399
15800,linear_development,6,0.9074235205557787,0.8650793650793651,0.044233807266982623,0.25396825396825395,0.8227109004739339
15800,interaction_development,1,0.7470412826563799,0.762962962962963,0.17061611374407584,0.362962962962963,0.707567140600316
15800,interaction_development,2,0.8573673659172723,0.856,0.10110584518167456,0.296,0.7842969984202217
15800,interaction_development,3,0.8963755715404917,0.859504132231405,0.06240126382306477,0.2396694214876033,0.8335197472353875
15800,interaction_development,4,0.9098457589155159,0.8688524590163934,0.03317535545023697,0.23770491803278687,0.8408372827804104
15800,interaction_development,5,0.9146191338561341,0.9019607843137255,0.04344391785150079,0.22875816993464052,0.8075387045813606
15800,interaction_development,6,0.9153427724814163,0.8984375,0.04344391785150079,0.234375,0.8327456556082157
15800,feedback_development,1,0.8265118554785598,0.8206896551724138,0.13744075829383887,0.3448275862068966,0.7096018957345971
15800,feedback_development,2,0.899269402040998,0.8866666666666667,0.04897314375987362,0.2733333333333333,0.7758830963665095
15800,feedback_development,3,0.9073472391948658,0.8296296296296296,0.03475513428120063,0.32592592592592595,0.7641611374407603
15800,feedback_development,4,0.9131999302350879,0.8827586206896552,0.045023696682464455,0.2413793103448276,0.807317535545025
15800,feedback_development,5,0.913794312882831,0.9172932330827067,0.04739336492890995,0.2706766917293233,0.8017630331753578
15800,feedback_development,6,0.9149514343880891,0.8767123287671232,0.04344391785150079,0.23972602739726026,0.807895734597158
15801,static_quality,1,0.58,0.6349206349206349,0.1943127962085308,0.4365079365079365,0.6720663507108992
15801,static_quality,2,0.58,0.6549295774647887,0.18088467614533965,0.43661971830985913,0.6394597156398097
15801,static_quality,3,0.58,0.6165413533834586,0.18878357030015797,0.48872180451127817,0.6225055292259071
15801,static_quality,4,0.58,0.6343283582089553,0.19273301737756715,0.4253731343283582,0.6622116903633476
15801,static_quality,5,0.58,0.7542372881355932,0.19352290679304898,0.3644067796610169,0.7327298578199041
15801,static_quality,6,0.58,0.6416666666666667,0.20695102685624012,0.425,0.6893712480252749
15801,linear_development,1,0.768663542643085,0.7902097902097902,0.13744075829383887,0.40559440559440557,0.6700884676145347
15801,linear_development,2,0.8366158652846638,0.8142857142857143,0.08530805687203792,0.34285714285714286,0.7319810426540294
15801,linear_development,3,0.876448051523434,0.8235294117647058,0.06951026856240126,0.2867647058823529,0.7817630331753564
15801,linear_development,4,0.8968111767946478,0.8518518518518519,0.04344391785150079,0.3037037037037037,0.7773333333333347
15801,linear_development,5,0.904869883849603,0.9015151515151515,0.04107424960505529,0.25757575757575757,0.8132417061611388
15801,linear_development,6,0.9081219105007801,0.920863309352518,0.044233807266982623,0.22302158273381295,0.8274281200631923
15801,interaction_development,1,0.7262417141680938,0.7235772357723578,0.15323854660347552,0.3821138211382114,0.722072669826224
15801,interaction_development,2,0.8401287900468166,0.8260869565217391,0.10505529225908374,0.3217391304347826,0.7838451816745658
15801,interaction_development,3,0.894047757378801,0.9029850746268657,0.05608214849921011,0.23134328358208955,0.8247077409162722
15801,interaction_development,4,0.9081015857884078,0.8976377952755905,0.05292259083728278,0.28346456692913385,0.8005529225908378
15801,interaction_development,5,0.9117796920960779,0.8062015503875969,0.045813586097946286,0.34108527131782945,0.7621864139020551
15801,interaction_development,6,0.9132808382363684,0.9126984126984127,0.045023696682464455,0.2777777777777778,0.8074439178515028
15801,feedback_development,1,0.7882235823227616,0.7073170731707317,0.16429699842022116,0.3902439024390244,0.7143759873617695
15801,feedback_development,2,0.8891241366782388,0.8421052631578947,0.06477093206951026,0.2857142857142857,0.7873617693522921
15801,feedback_development,3,0.9076135870952777,0.9,0.02527646129541864,0.2153846153846154,0.8475924170616121
15801,feedback_development,4,0.9124546035648249,0.8701298701298701,0.04739336492890995,0.2792207792207792,0.7660126382306489
15801,feedback_development,5,0.9130888568598667,0.8759124087591241,0.03317535545023697,0.30656934306569344,0.7751532385466049
15801,feedback_development,6,0.9132840442290739,0.8661971830985915,0.035545023696682464,0.2887323943661972,0.7790426540284371
15802,static_quality,1,0.58,0.6758620689655173,0.19589257503949448,0.43448275862068964,0.630669826224328
15802,static_quality,2,0.58,0.6165413533834586,0.1943127962085308,0.5338345864661654,0.5909952606635054
15802,static_quality,3,0.58,0.6229508196721312,0.21484992101105846,0.45081967213114754,0.6677093206951024
15802,static_quality,4,0.58,0.68,0.16824644549763032,0.42,0.6376903633491302
15802,static_quality,5,0.58,0.6940298507462687,0.19273301737756715,0.4552238805970149,0.6414691943127963
15802,static_quality,6,0.58,0.6587301587301587,0.18167456556082148,0.4444444444444444,0.6704423380726693
15802,linear_development,1,0.7843760214852918,0.8482758620689655,0.11611374407582939,0.32413793103448274,0.730104265402845
15802,linear_development,2,0.8469803511750765,0.8981481481481481,0.07582938388625593,0.18518518518518517,0.8762496050552907
15802,linear_development,3,0.8806895069239665,0.8790322580645161,0.06635071090047394,0.27419354838709675,0.8073522906793063
15802,linear_development,4,0.9011866312122795,0.8467153284671532,0.045813586097946286,0.25547445255474455,0.8071785150079005
15802,linear_development,5,0.9067324820221548,0.8571428571428571,0.05292259083728278,0.2689075630252101,0.8206382306477105
15802,linear_development,6,0.907408562535446,0.8740740740740741,0.035545023696682464,0.26666666666666666,0.8043285939968421
15802,interaction_development,1,0.757568432324184,0.7638888888888888,0.15165876777251186,0.3611111111111111,0.6968688783570298
15802,interaction_development,2,0.8671547382818654,0.7986111111111112,0.07266982622432859,0.3055555555555556,0.7555955766192742
15802,interaction_development,3,0.8995694983201519,0.88,0.05687203791469194,0.256,0.8200726698262242
15802,interaction_development,4,0.9106557957161462,0.8571428571428571,0.04818325434439179,0.24107142857142858,0.8475481832543444
15802,interaction_development,5,0.9136365248760825,0.896551724137931,0.037914691943127965,0.2672413793103448,0.8291342812006328
15802,interaction_development,6,0.9137018659431508,0.8991596638655462,0.038704581358609796,0.29411764705882354,0.8086413902053732
15802,feedback_development,1,0.7883808819426015,0.7377049180327869,0.1484992101105845,0.38524590163934425,0.7226382306477095
15802,feedback_development,2,0.8918151860726649,0.8686131386861314,0.06872037914691943,0.27007299270072993,0.7917472353870467
15802,feedback_development,3,0.906108588595289,0.8561151079136691,0.04897314375987362,0.2949640287769784,0.776028436018959
15802,feedback_development,4,0.9120190044375116,0.8529411764705882,0.03317535545023697,0.25735294117647056,0.8104960505529238
15802,feedback_development,5,0.9141071785636419,0.8796992481203008,0.029225908372827805,0.23308270676691728,0.8311690363349146
15802,feedback_development,6,0.9144551288205429,0.8705035971223022,0.05055292259083728,0.26618705035971224,0.7960410742496069
15803,static_quality,1,0.58,0.7077922077922078,0.21248025276461296,0.42207792207792205,0.6168341232227477
15803,static_quality,2,0.58,0.6859504132231405,0.19589257503949448,0.4132231404958678,0.6970458135860984
15803,static_quality,3,0.58,0.6993006993006993,0.18799368088467613,0.3986013986013986,0.6629573459715641
15803,static_quality,4,0.58,0.6666666666666666,0.16903633491311215,0.5238095238095238,0.5662969984202199
15803,static_quality,5,0.58,0.736,0.20063191153238547,0.352,0.7257883096366504
15803,static_quality,6,0.58,0.6518518518518519,0.1966824644549763,0.4888888888888889,0.6158293838862552
15803,linear_development,1,0.7826681539698567,0.8071428571428572,0.13428120063191154,0.3142857142857143,0.7416461295418654
15803,linear_development,2,0.8433265282985387,0.8333333333333334,0.09399684044233807,0.30158730158730157,0.7806382306477101
15803,linear_development,3,0.8870841197055621,0.896774193548387,0.05845181674565561,0.23870967741935484,0.7937851500789904
15803,linear_development,4,0.9029006599054369,0.8591549295774648,0.04028436018957346,0.2676056338028169,0.7933838862559252
15803,linear_development,5,0.9071658771203889,0.847457627118644,0.0339652448657188,0.2457627118644068,0.8404676145339661
15803,linear_development,6,0.9065326059296153,0.8907563025210085,0.04107424960505529,0.3025210084033613,0.8033491311216445
15803,interaction_development,1,0.7335640539104873,0.7575757575757576,0.174565560821485,0.3939393939393939,0.6913649289099523
15803,interaction_development,2,0.8533992181682832,0.8217054263565892,0.09399684044233807,0.3023255813953488,0.7757567140600319
15803,interaction_development,3,0.8980280814713412,0.8848920863309353,0.05766192733017378,0.2302158273381295,0.8198041074249612
15803,interaction_development,4,0.9109357931195492,0.9212598425196851,0.04976303317535545,0.2440944881889764,0.8261358609794627
15803,interaction_development,5,0.9138476055313031,0.8776978417266187,0.037914691943127965,0.26618705035971224,0.7991058451816773
15803,interaction_development,6,0.9142424834718339,0.8676470588235294,0.03712480252764613,0.2647058823529412,0.804041074249607
15803,feedback_development,1,0.8177370304892023,0.6928104575163399,0.13112164296998421,0.40522875816993464,0.6506982622432856
15803,feedback_development,2,0.8845940345257126,0.8076923076923077,0.06003159557661927,0.3076923076923077,0.8196082148499212
15803,feedback_development,3,0.905020594684667,0.8467741935483871,0.04186413902053712,0.24193548387096775,0.8337472353870463
15803,feedback_development,4,0.9114680724449966,0.8863636363636364,0.03317535545023697,0.25757575757575757,0.8148909952606653
15803,feedback_development,5,0.9130541309338597,0.8296296296296296,0.030015797788309637,0.2962962962962963,0.7857124802527656
15803,feedback_development,6,0.9151539939473661,0.8880597014925373,0.04028436018957346,0.19402985074626866,0.8537630331753558
15804,static_quality,1,0.58,0.624113475177305,0.2014218009478673,0.4326241134751773,0.6399905213270121
15804,static_quality,2,0.58,0.6771653543307087,0.19747235387045814,0.4094488188976378,0.686344391785149
15804,static_quality,3,0.58,0.6466165413533834,0.18088467614533965,0.48872180451127817,0.6245497630331749
15804,static_quality,4,0.58,0.7115384615384616,0.19194312796208532,0.4423076923076923,0.7183601895734592
15804,static_quality,5,0.58,0.6388888888888888,0.1872037914691943,0.4652777777777778,0.6127930489731434
15804,static_quality,6,0.58,0.6560509554140127,0.1911532385466035,0.4394904458598726,0.6015197472353853
15804,linear_development,1,0.7746571105176993,0.746268656716418,0.11453396524486571,0.34328358208955223,0.7354818325434447
15804,linear_development,2,0.8438848359170932,0.8368794326241135,0.07977883096366509,0.2978723404255319,0.7637725118483424
15804,linear_development,3,0.8759860931718635,0.8145161290322581,0.05292259083728278,0.31451612903225806,0.7854976303317545
15804,linear_development,4,0.8963077405857428,0.8389261744966443,0.035545023696682464,0.3288590604026846,0.7390458135861
15804,linear_development,5,0.9073448895146232,0.9066666666666666,0.045023696682464455,0.20666666666666667,0.8271721958925753
15804,linear_development,6,0.9060742752901335,0.8194444444444444,0.04107424960505529,0.3055555555555556,0.7626982622432873
15804,interaction_development,1,0.7269404151611406,0.6846153846153846,0.160347551342812,0.4076923076923077,0.6899778830963659
15804,interaction_development,2,0.8509772972865017,0.825,0.0971563981042654,0.25833333333333336,0.8154028436018962
15804,interaction_development,3,0.8926883319241076,0.8461538461538461,0.05292259083728278,0.3,0.7857851500789905
15804,interaction_development,4,0.9082944228514584,0.8947368421052632,0.04186413902053712,0.3092105263157895,0.7474344391785164
15804,interaction_development,5,0.9129559460341502,0.8571428571428571,0.04186413902053712,0.2619047619047619,0.8178104265402849
15804,interaction_development,6,0.9142309703820055,0.8865248226950354,0.0339652448657188,0.24113475177304963,0.8146635071090067
15804,feedback_development,1,0.7764101985877456,0.6666666666666666,0.16192733017377567,0.4496124031007752,0.6641642969984197
15804,feedback_development,2,0.8791295088287285,0.856,0.07977883096366509,0.336,0.7640094786729871
15804,feedback_development,3,0.9031700780227163,0.8848920863309353,0.04818325434439179,0.2949640287769784,0.7760726698262256
15804,feedback_development,4,0.9115400955878696,0.8461538461538461,0.0315955766192733,0.23076923076923078,0.8207646129541872
15804,feedback_development,5,0.9127838256057443,0.8292682926829268,0.04107424960505529,0.3008130081300813,0.7983096366508701
15804,feedback_development,6,0.9132708777546683,0.8790322580645161,0.03712480252764613,0.28225806451612906,0.8086729857819918
15805,static_quality,1,0.58,0.7007299270072993,0.19984202211690363,0.41605839416058393,0.6604265402843604
15805,static_quality,2,0.58,0.7021276595744681,0.1895734597156398,0.40425531914893614,0.6625845181674558
15805,static_quality,3,0.58,0.6715328467153284,0.1990521327014218,0.4744525547445255,0.620499210110583
15805,static_quality,4,0.58,0.762962962962963,0.19510268562401265,0.3333333333333333,0.7218641390205365
15805,static_quality,5,0.58,0.6571428571428571,0.2093206951026856,0.42142857142857143,0.6484265402843591
15805,static_quality,6,0.58,0.6830985915492958,0.21406003159557663,0.4014084507042254,0.6569889415481824
15805,linear_development,1,0.7857153784512074,0.782051282051282,0.12006319115323855,0.3525641025641026,0.688764612954187
15805,linear_development,2,0.8522940624120237,0.8157894736842105,0.07740916271721959,0.3092105263157895,0.7389984202211701
15805,linear_development,3,0.8791559309577639,0.8359375,0.0631911532385466,0.3515625,0.7526761453396543
15805,linear_development,4,0.9001559401389777,0.8846153846153846,0.05687203791469194,0.24615384615384617,0.8196650868878357
15805,linear_development,5,0.9071500584998939,0.8666666666666667,0.045813586097946286,0.23333333333333334,0.8071184834123244
15805,linear_development,6,0.9071285318733552,0.8671328671328671,0.04107424960505529,0.2727272727272727,0.7885244865718815
15805,interaction_development,1,0.7594125899092593,0.7132867132867133,0.146129541864139,0.34965034965034963,0.7082022116903622
15805,interaction_development,2,0.8703120932882621,0.8108108108108109,0.08451816745655608,0.30405405405405406,0.7474502369668256
15805,interaction_development,3,0.9003513355728148,0.8322147651006712,0.052132701421800945,0.3221476510067114,0.7397377567140614
15805,interaction_development,4,0.911234817339041,0.8790322580645161,0.03949447077409163,0.25,0.8285118483412329
15805,interaction_development,5,0.9136999593028486,0.855072463768116,0.04107424960505529,0.2753623188405797,0.7930679304897326
15805,interaction_development,6,0.9145323132474611,0.9051094890510949,0.038704581358609796,0.25547445255474455,0.8082496050552933
15805,feedback_development,1,0.8171829439826013,0.7142857142857143,0.1429699842022117,0.3877551020408163,0.673510268562401
15805,feedback_development,2,0.8976430370059321,0.8936170212765957,0.05529225908372828,0.2553191489361702,0.7998767772511866
15805,feedback_development,3,0.9080198924097362,0.8898305084745762,0.052132701421800945,0.2457627118644068,0.8362148499210122
15805,feedback_development,4,0.9136435468797985,0.8636363636363636,0.037914691943127965,0.21212121212121213,0.8443096366508696
15805,feedback_development,5,0.9143258417923832,0.8863636363636364,0.0315955766192733,0.25,0.8208246445497653
15805,feedback_development,6,0.9146177453937809,0.8985507246376812,0.03317535545023697,0.2608695652173913,0.8055576619273319
15806,static_quality,1,0.58,0.6834532374100719,0.1911532385466035,0.4460431654676259,0.6371500789889413
15806,static_quality,2,0.58,0.6370967741935484,0.18167456556082148,0.4838709677419355,0.6494723538704573
15806,static_quality,3,0.58,0.631578947368421,0.20774091627172195,0.4407894736842105,0.6074849921011048
15806,static_quality,4,0.58,0.6126126126126126,0.2037914691943128,0.4774774774774775,0.6800189573459702
15806,static_quality,5,0.58,0.7313432835820896,0.18641390205371247,0.3805970149253731,0.6936050552922584
15806,static_quality,6,0.58,0.7058823529411765,0.19194312796208532,0.4117647058823529,0.6675860979462864
15806,linear_development,1,0.7706499782121368,0.7768595041322314,0.1358609794628752,0.30578512396694213,0.776319115323855
15806,linear_development,2,0.8426271497553599,0.8432835820895522,0.08688783570300158,0.27611940298507465,0.7874881516587688
15806,linear_development,3,0.8753060795492091,0.7984496124031008,0.05529225908372828,0.3333333333333333,0.7645402843601903
15806,linear_development,4,0.897678661740124,0.849624060150376,0.04660347551342812,0.2631578947368421,0.8065118483412336
15806,linear_development,5,0.9065016053247235,0.8818897637795275,0.044233807266982623,0.25196850393700787,0.8225402843601901
15806,linear_development,6,0.9068006924307804,0.8307692307692308,0.03238546603475513,0.2846153846153846,0.799886255924172
15806,interaction_development,1,0.7547395884199208,0.7446808510638298,0.13902053712480253,0.3617021276595745,0.7048562401263816
15806,interaction_development,2,0.8580549756581435,0.8548387096774194,0.08451816745655608,0.3064516129032258,0.7834597156398114
15806,interaction_development,3,0.8947347586449321,0.8688524590163934,0.04897314375987362,0.2786885245901639,0.8119620853080582
15806,interaction_development,4,0.908443234589393,0.8412698412698413,0.04344391785150079,0.2698412698412698,0.8133206951026872
15806,interaction_development,5,0.9127741249587775,0.8881118881118881,0.03949447077409163,0.2937062937062937,0.7729921011058468
15806,interaction_development,6,0.9128155243706493,0.8629032258064516,0.044233807266982623,0.31451612903225806,0.7873744075829401
15806,feedback_development,1,0.8253392342595615,0.7876712328767124,0.13428120063191154,0.3561643835616438,0.7005687203791462
15806,feedback_development,2,0.8988511030473227,0.9064748201438849,0.05292259083728278,0.2446043165467626,0.8100789889415494
15806,feedback_development,3,0.9096621685115102,0.8661971830985915,0.037914691943127965,0.23943661971830985,0.814164296998422
15806,feedback_development,4,0.9124740202839947,0.8156028368794326,0.04107424960505529,0.3191489361702128,0.7582022116903644
15806,feedback_development,5,0.9139037233039704,0.8903225806451613,0.03317535545023697,0.25806451612903225,0.7846793048973163
15806,feedback_development,6,0.9142142720642197,0.8613138686131386,0.038704581358609796,0.2773722627737226,0.793592417061612
15807,static_quality,1,0.58,0.7258064516129032,0.19984202211690363,0.3790322580645161,0.711124802527645
15807,static_quality,2,0.58,0.7133757961783439,0.179304897314376,0.4267515923566879,0.6142369668246433
15807,static_quality,3,0.58,0.6742424242424242,0.20695102685624012,0.4015151515151515,0.6791279620853053
15807,static_quality,4,0.58,0.7028985507246377,0.19589257503949448,0.3695652173913043,0.6918767772511847
15807,static_quality,5,0.58,0.6275862068965518,0.18799368088467613,0.4689655172413793,0.6074691943127954
15807,static_quality,6,0.58,0.6343283582089553,0.18325434439178515,0.4253731343283582,0.6642780410742485
15807,linear_development,1,0.7752784424258381,0.7923076923076923,0.13981042654028436,0.3230769230769231,0.7500221169036346
15807,linear_development,2,0.8386842904713947,0.8174603174603174,0.08293838862559241,0.30158730158730157,0.7835576619273312
15807,linear_development,3,0.8733165708269373,0.8412698412698413,0.07582938388625593,0.31746031746031744,0.7748625592417075
15807,linear_development,4,0.8961402515288882,0.8405797101449275,0.061611374407582936,0.2898550724637681,0.7782243285939983
15807,linear_development,5,0.9034704166761878,0.9,0.036334913112164295,0.32857142857142857,0.7536082148499227
15807,linear_development,6,0.9057232444351488,0.9,0.035545023696682464,0.26666666666666666,0.8247835703001587
15807,interaction_development,1,0.722204034625913,0.7209302325581395,0.19273301737756715,0.4186046511627907,0.6773649289099516
15807,interaction_development,2,0.8529678288939306,0.8275862068965517,0.0924170616113744,0.3310344827586207,0.7309889415481847
15807,interaction_development,3,0.8997230943936834,0.8897058823529411,0.05845181674565561,0.19852941176470587,0.8441706161137444
15807,interaction_development,4,0.9119333828923201,0.8646616541353384,0.04028436018957346,0.24060150375939848,0.8236366508688792
15807,interaction_development,5,0.9148264442829812,0.9047619047619048,0.0315955766192733,0.21768707482993196,0.8255829383886271
15807,interaction_development,6,0.9158843149432567,0.921875,0.036334913112164295,0.1875,0.864859399684045
15807,feedback_development,1,0.8330869995640797,0.8115942028985508,0.12243285939968404,0.2898550724637681,0.7639873617693537
15807,feedback_development,2,0.8981857158611828,0.8571428571428571,0.06477093206951026,0.30612244897959184,0.752075829383887
15807,feedback_development,3,0.910083546127329,0.9242424242424242,0.04265402843601896,0.20454545454545456,0.8484707740916277
15807,feedback_development,4,0.9126979871384537,0.8503937007874016,0.03238546603475513,0.2992125984251969,0.7956714060031612
15807,feedback_development,5,0.9132317307853479,0.8623188405797102,0.04028436018957346,0.2898550724637681,0.7829320695102705
15807,feedback_development,6,0.9139446670641764,0.8780487804878049,0.03317535545023697,0.2764227642276423,0.8153838862559252
15808,static_quality,1,0.58,0.7563025210084033,0.20458135860979462,0.40336134453781514,0.7048593996840435
15808,static_quality,2,0.58,0.736,0.18878357030015797,0.4,0.6984391785150065
15808,static_quality,3,0.58,0.6174496644295302,0.1943127962085308,0.44966442953020136,0.6111753554502354
15808,static_quality,4,0.58,0.696,0.2093206951026856,0.4,0.6936303317535533
15808,static_quality,5,0.58,0.6785714285714286,0.1966824644549763,0.4714285714285714,0.6157883096366489
15808,static_quality,6,0.58,0.6641221374045801,0.20458135860979462,0.42748091603053434,0.6641674565560812
15808,linear_development,1,0.7599287164188944,0.7368421052631579,0.15165876777251186,0.43609022556390975,0.6660094786729851
15808,linear_development,2,0.8293302747885059,0.7913669064748201,0.09320695102685624,0.3597122302158273,0.7203475513428133
15808,linear_development,3,0.8752077079122191,0.8888888888888888,0.06477093206951026,0.2518518518518518,0.807936808846762
15808,linear_development,4,0.8979766782593137,0.9098360655737705,0.04739336492890995,0.23770491803278687,0.8372922590837293
15808,linear_development,5,0.9077207910115068,0.8904109589041096,0.04107424960505529,0.23972602739726026,0.8081011058451829
15808,linear_development,6,0.908757013210006,0.9436619718309859,0.044233807266982623,0.24647887323943662,0.8071943127962097
15808,interaction_development,1,0.7240076515620621,0.6503496503496503,0.18246445497630331,0.46153846153846156,0.619153238546601
15808,interaction_development,2,0.8533509045176264,0.8538461538461538,0.09873617693522907,0.27692307692307694,0.7897093206951042
15808,interaction_development,3,0.8948344465083407,0.8283582089552238,0.035545023696682464,0.27611940298507465,0.7997124802527665
15808,interaction_development,4,0.9074983027678813,0.84,0.02843601895734597,0.25,0.8623886255924177
15808,interaction_development,5,0.9119041696838412,0.8548387096774194,0.04344391785150079,0.3064516129032258,0.792530805687205
15808,interaction_development,6,0.9128478230573511,0.8857142857142857,0.04107424960505529,0.3,0.772650868878359
15808,feedback_development,1,0.795368423697194,0.7642276422764228,0.15165876777251186,0.36585365853658536,0.7324612954186411
15808,feedback_development,2,0.8936014457083712,0.8805970149253731,0.0631911532385466,0.2462686567164179,0.8129478672985787
15808,feedback_development,3,0.907167680926102,0.875968992248062,0.04739336492890995,0.26356589147286824,0.8120947867298597
15808,feedback_development,4,0.9141986541904538,0.9236641221374046,0.04818325434439179,0.16030534351145037,0.8769921011058444
15808,feedback_development,5,0.9142298818909296,0.8515625,0.03238546603475513,0.296875,0.7949952606635082
15808,feedback_development,6,0.9145308829143347,0.8805970149253731,0.03475513428120063,0.26865671641791045,0.8052448657188014
15809,static_quality,1,0.58,0.6615384615384615,0.1895734597156398,0.4230769230769231,0.6729383886255912
15809,static_quality,2,0.58,0.6111111111111112,0.20458135860979462,0.48412698412698413,0.639140600315954
15809,static_quality,3,0.58,0.7534246575342466,0.2282780410742496,0.363013698630137,0.6737503949447067
15809,static_quality,4,0.58,0.5813953488372093,0.19747235387045814,0.5193798449612403,0.6105402843601877
15809,static_quality,5,0.58,0.7196969696969697,0.20458135860979462,0.4090909090909091,0.6748120063191155
15809,static_quality,6,0.58,0.5972222222222222,0.19826224328593997,0.5138888888888888,0.574695102685622
15809,linear_development,1,0.7759573898495444,0.781021897810219,0.13428120063191154,0.35036496350364965,0.7209826224328596
15809,linear_development,2,0.8443593864840613,0.8275862068965517,0.10584518167456557,0.31724137931034485,0.7376492890995254
15809,linear_development,3,0.8765083146889292,0.8373983739837398,0.0679304897314376,0.3089430894308943,0.7867582938388638
15809,linear_development,4,0.8969870030559739,0.8125,0.061611374407582936,0.2890625,0.7939399684044253
15809,linear_development,5,0.9028351232896685,0.8432835820895522,0.04186413902053712,0.3358208955223881,0.7575955766192749
15809,linear_development,6,0.904312923867346,0.8823529411764706,0.04265402843601896,0.29411764705882354,0.7823254344391803
15809,interaction_development,1,0.7065745100559917,0.680672268907563,0.15323854660347552,0.42857142857142855,0.7016998420221168
15809,interaction_development,2,0.8496420931844988,0.8,0.08688783570300158,0.3333333333333333,0.7220537124802536
15809,interaction_development,3,0.8960156671833375,0.8739495798319328,0.04818325434439179,0.18487394957983194,0.8722559241706156
15809,interaction_development,4,0.9087268086706211,0.8914728682170543,0.054502369668246446,0.3023255813953488,0.785004739336494
15809,interaction_development,5,0.9136824468975578,0.8818897637795275,0.04660347551342812,0.2440944881889764,0.8273080568720383
15809,interaction_development,6,0.9147060525967345,0.8521739130434782,0.026856240126382307,0.23478260869565218,0.8521011058451824
15809,feedback_development,1,0.752320670303693,0.6608695652173913,0.17140600315955767,0.4608695652173913,0.6880347551342809
15809,feedback_development,2,0.8811628481919229,0.848,0.08609794628751975,0.272,0.8028467614533982
15809,feedback_development,3,0.9043000869328269,0.9230769230769231,0.04186413902053712,0.2692307692307692,0.8081706161137461
15809,feedback_development,4,0.9115948880304046,0.8840579710144928,0.04818325434439179,0.2463768115942029,0.8121516587677731
15809,feedback_development,5,0.9155196883380706,0.9552238805970149,0.03238546603475513,0.15671641791044777,0.8809383886255919
15809,feedback_development,6,0.9148118647854714,0.8682170542635659,0.04186413902053712,0.29457364341085274,0.793102685624014
15810,static_quality,1,0.58,0.6923076923076923,0.19036334913112166,0.38461538461538464,0.698142180094786
15810,static_quality,2,0.58,0.7196969696969697,0.1966824644549763,0.3712121212121212,0.7013396524486569
15810,static_quality,3,0.58,0.6716417910447762,0.2037914691943128,0.43283582089552236,0.6542527646129535
15810,static_quality,4,0.58,0.6962025316455697,0.18325434439178515,0.3860759493670886,0.6438988941548176
15810,static_quality,5,0.58,0.68,0.20695102685624012,0.4,0.6941990521327006
15810,static_quality,6,0.58,0.6956521739130435,0.1966824644549763,0.4057971014492754,0.6664960505529228
15810,linear_development,1,0.7963754510552419,0.8113207547169812,0.10742496050552923,0.29559748427672955,0.7323507109004743
15810,linear_development,2,0.8550596273011548,0.8214285714285714,0.07740916271721959,0.30714285714285716,0.7593238546603485
15810,linear_development,3,0.8861251862531779,0.8396946564885496,0.06477093206951026,0.2824427480916031,0.7930331753554516
15810,linear_development,4,0.9026430119122071,0.8456375838926175,0.04976303317535545,0.28859060402684567,0.7658009478673004
15810,linear_development,5,0.9076544253960726,0.8972602739726028,0.030015797788309637,0.2328767123287671,0.8161832543443938
15810,linear_development,6,0.9075464689243913,0.8837209302325582,0.044233807266982623,0.2713178294573643,0.8080631911532399
15810,interaction_development,1,0.7560545653831489,0.7482014388489209,0.15323854660347552,0.34532374100719426,0.7165876777251186
15810,interaction_development,2,0.8736139189987078,0.8731343283582089,0.07424960505529225,0.208955223880597,0.8362938388625601
15810,interaction_development,3,0.9058580573604211,0.8807947019867549,0.045023696682464455,0.2251655629139073,0.8120916271721978
15810,interaction_development,4,0.9136631375078521,0.8402777777777778,0.04186413902053712,0.25,0.8029036334913124
15810,interaction_development,5,0.9146916925964839,0.8467741935483871,0.037914691943127965,0.25806451612903225,0.8246856240126386
15810,interaction_development,6,0.9145949841567123,0.8525641025641025,0.0339652448657188,0.2564102564102564,0.7841263823064785
15810,feedback_development,1,0.7878884215450039,0.7272727272727273,0.16429699842022116,0.42424242424242425,0.6734976303317521
15810,feedback_development,2,0.8955003925766314,0.8680555555555556,0.07109004739336493,0.22916666666666666,0.8110963665086889
15810,feedback_development,3,0.9079092017734964,0.8507462686567164,0.053712480252764615,0.26865671641791045,0.8000284360189586
15810,feedback_development,4,0.9118753418930479,0.860655737704918,0.04265402843601896,0.29508196721311475,0.8031311216429717
15810,feedback_development,5,0.9139539137736928,0.8896551724137931,0.04028436018957346,0.2482758620689655,0.8031721958925765
15810,feedback_development,6,0.9144980768385047,0.8823529411764706,0.03949447077409163,0.25210084033613445,0.8338736176935237
15811,static_quality,1,0.58,0.6511627906976745,0.18799368088467613,0.40310077519379844,0.688821484992101
15811,static_quality,2,0.58,0.664,0.1872037914691943,0.424,0.6836303317535538
15811,static_quality,3,0.58,0.7183098591549296,0.2037914691943128,0.39436619718309857,0.6646129541864134
15811,static_quality,4,0.58,0.6646341463414634,0.19510268562401265,0.4817073170731707,0.5501737756714051
15811,static_quality,5,0.58,0.7210884353741497,0.18088467614533965,0.40816326530612246,0.6495292259083726
15811,static_quality,6,0.58,0.6044776119402985,0.1911532385466035,0.4925373134328358,0.6173586097946278
15811,linear_development,1,0.7705426673904294,0.7518796992481203,0.11690363349131122,0.3684210526315789,0.7204770932069516
15811,linear_development,2,0.8360272153075745,0.8125,0.07424960505529225,0.3125,0.7754881516587688
15811,linear_development,3,0.8774487628592077,0.8939393939393939,0.060821484992101105,0.25,0.813791469194315
15811,linear_development,4,0.9009057197059109,0.8581081081081081,0.04186413902053712,0.2635135135135135,0.7875892575039513
15811,linear_development,5,0.9069188521873891,0.8787878787878788,0.04660347551342812,0.25,0.8170236966824658
15811,linear_development,6,0.9066199715783518,0.8642857142857143,0.03712480252764613,0.2714285714285714,0.794214849921013
15811,interaction_development,1,0.7116956235090287,0.6259541984732825,0.18167456556082148,0.4580152671755725,0.6493175355450232
15811,interaction_development,2,0.8515722367397123,0.7583892617449665,0.07582938388625593,0.3288590604026846,0.7297883096366518
15811,interaction_development,3,0.8966395604903135,0.8865248226950354,0.04818325434439179,0.2624113475177305,0.7964928909952627
15811,interaction_development,4,0.9120755894660442,0.8807947019867549,0.04344391785150079,0.2251655629139073,0.8127772511848357
15811,interaction_development,5,0.914665721901174,0.8970588235294118,0.03949447077409163,0.23529411764705882,0.8236587677725123
15811,interaction_development,6,0.9138429459930497,0.8455284552845529,0.04028436018957346,0.3008130081300813,0.7984834123222766
15811,feedback_development,1,0.795904817142673,0.6992481203007519,0.17535545023696683,0.40601503759398494,0.6812543443917848
15811,feedback_development,2,0.8926199424777852,0.8540145985401459,0.05529225908372828,0.27007299270072993,0.7946097946287525
15811,feedback_development,3,0.9072673047113853,0.8571428571428571,0.03712480252764613,0.2556390977443609,0.8143601895734617
15811,feedback_development,4,0.9120098294744029,0.8629032258064516,0.04265402843601896,0.2661290322580645,0.8182748815165892
15811,feedback_development,5,0.9134284263356871,0.8623188405797102,0.03475513428120063,0.2826086956521739,0.7893807266982635
15811,feedback_development,6,0.9132311567648675,0.8527131782945736,0.0339652448657188,0.31007751937984496,0.7844802527646144
15812,static_quality,1,0.58,0.7028985507246377,0.2037914691943128,0.427536231884058,0.6489763033175341
15812,static_quality,2,0.58,0.6068965517241379,0.2093206951026856,0.46206896551724136,0.6077851500789863
15812,static_quality,3,0.58,0.6204379562043796,0.1943127962085308,0.4233576642335766,0.6565908372827804
15812,static_quality,4,0.58,0.6635514018691588,0.19352290679304898,0.45794392523364486,0.7028056872037903
15812,static_quality,5,0.58,0.625,0.20063191153238547,0.484375,0.6353775671405991
15812,static_quality,6,0.58,0.6370370370370371,0.19036334913112166,0.4666666666666667,0.6323412322274871
15812,linear_development,1,0.7515037139911818,0.6944444444444444,0.12085308056872038,0.3888888888888889,0.7547614533965255
15812,linear_development,2,0.8208344309628095,0.7698412698412699,0.10426540284360189,0.3492063492063492,0.7482148499210117
15812,linear_development,3,0.8706089144720288,0.851063829787234,0.07424960505529225,0.2695035460992908,0.7850142180094792
15812,linear_development,4,0.8976784754229463,0.8778625954198473,0.05292259083728278,0.22137404580152673,0.8360726698262256
15812,linear_development,5,0.9079338241513083,0.90625,0.038704581358609796,0.21875,0.8443159557661923
15812,linear_development,6,0.9072565487939146,0.8366013071895425,0.03712480252764613,0.2875816993464052,0.7630552922590847
15812,interaction_development,1,0.7600686954809737,0.75177304964539,0.15165876777251186,0.3404255319148936,0.7169857819905205
15812,interaction_development,2,0.8530492014392244,0.775,0.08056872037914692,0.35,0.7644044233807274
15812,interaction_development,3,0.8954366748940676,0.8926174496644296,0.061611374407582936,0.3087248322147651,0.7478830963665097
15812,interaction_development,4,0.9070267565984984,0.8545454545454545,0.04897314375987362,0.3090909090909091,0.8117598736176943
15812,interaction_development,5,0.9124850770777237,0.8768115942028986,0.044233807266982623,0.2753623188405797,0.7923633491311232
15812,interaction_development,6,0.913850058120744,0.8597560975609756,0.03949447077409163,0.27439024390243905,0.757804107424962
15812,feedback_development,1,0.8197402580548616,0.7851851851851852,0.14218009478672985,0.3333333333333333,0.7341105845181678
15812,feedback_development,2,0.8954239160174087,0.8602941176470589,0.061611374407582936,0.2867647058823529,0.7830426540284365
15812,feedback_development,3,0.9100340105927929,0.9113924050632911,0.04265402843601896,0.24050632911392406,0.7921390205371255
15812,feedback_development,4,0.9131905032546292,0.8513513513513513,0.045023696682464455,0.2972972972972973,0.7616303317535559
15812,feedback_development,5,0.9116061341226361,0.8202247191011236,0.02843601895734597,0.3707865168539326,0.6540505529225927
15812,feedback_development,6,0.9126974967337942,0.8851351351351351,0.036334913112164295,0.30405405405405406,0.7585086887835714
15813,static_quality,1,0.58,0.6712328767123288,0.19589257503949448,0.4520547945205479,0.6157788309636636
15813,static_quality,2,0.58,0.6474820143884892,0.19352290679304898,0.4892086330935252,0.6063823064770915
15813,static_quality,3,0.58,0.6640625,0.18088467614533965,0.4375,0.6698104265402837
15813,static_quality,4,0.58,0.6258992805755396,0.20063191153238547,0.4460431654676259,0.635339652448656
15813,static_quality,5,0.58,0.7096774193548387,0.18799368088467613,0.3870967741935484,0.7086003159557659
15813,static_quality,6,0.58,0.680327868852459,0.1966824644549763,0.45081967213114754,0.6710995260663493
15813,linear_development,1,0.7758689888834577,0.7867647058823529,0.10979462875197472,0.34558823529411764,0.7318041074249615
15813,linear_development,2,0.8390104401961468,0.8153846153846154,0.08214849921011058,0.3153846153846154,0.7681611374407598
15813,linear_development,3,0.8847362399740284,0.8767123287671232,0.05687203791469194,0.22602739726027396,0.8148625592417069
15813,linear_development,4,0.9023370678524166,0.8972602739726028,0.03949447077409163,0.2808219178082192,0.7782053712480265
15813,linear_development,5,0.9071431071821503,0.875968992248062,0.04818325434439179,0.2558139534883721,0.8168973143759887
15813,linear_development,6,0.9062205992155639,0.8344370860927153,0.04660347551342812,0.31125827814569534,0.7464075829383898
15813,interaction_development,1,0.7321223988975186,0.7153284671532847,0.15718799368088468,0.40875912408759124,0.6753902053712478
15813,interaction_development,2,0.8328960529197087,0.7699115044247787,0.10821484992101106,0.3805309734513274,0.7529194312796214
15813,interaction_development,3,0.890194947527174,0.872,0.06477093206951026,0.232,0.8331153238546601
15813,interaction_development,4,0.9069531188504463,0.8928571428571429,0.04265402843601896,0.3,0.772641390205373
15813,interaction_development,5,0.9110992877018749,0.808695652173913,0.04344391785150079,0.3217391304347826,0.7978167456556092
15813,interaction_development,6,0.9131071498091189,0.9302325581395349,0.037914691943127965,0.2713178294573643,0.8089952606635091
15813,feedback_development,1,0.8235244443875,0.7890625,0.1429699842022117,0.2890625,0.7742148499210106
15813,feedback_development,2,0.8961970039822083,0.8409090909090909,0.04107424960505529,0.2727272727272727,0.8029668246445513
15813,feedback_development,3,0.9090276811818121,0.8787878787878788,0.054502369668246446,0.22727272727272727,0.8305055292259086
15813,feedback_development,4,0.9136151435317896,0.8974358974358975,0.03712480252764613,0.25,0.7885466034755156
15813,feedback_development,5,0.9146899291757171,0.9333333333333333,0.03317535545023697,0.23333333333333334,0.8452290679304895
15813,feedback_development,6,0.9147164830262708,0.8714285714285714,0.04186413902053712,0.25,0.8076935229067943
15814,static_quality,1,0.58,0.676056338028169,0.18325434439178515,0.43661971830985913,0.6390047393364922
15814,static_quality,2,0.58,0.6717557251908397,0.20063191153238547,0.48091603053435117,0.6298609794628734
15814,static_quality,3,0.58,0.6696428571428571,0.19826224328593997,0.4642857142857143,0.6865497630331747
15814,static_quality,4,0.58,0.6944444444444444,0.1848341232227488,0.4166666666666667,0.7251595576619269
15814,static_quality,5,0.58,0.635036496350365,0.1966824644549763,0.45255474452554745,0.6358199052132691
15814,static_quality,6,0.58,0.65625,0.18404423380726698,0.45625,0.5833586097946275
15814,linear_development,1,0.7886176864275456,0.7532467532467533,0.1240126382306477,0.33116883116883117,0.7082022116903638
15814,linear_development,2,0.851809884087946,0.8367346938775511,0.08056872037914692,0.3197278911564626,0.738271721958927
15814,linear_development,3,0.8838126910967107,0.8928571428571429,0.06240126382306477,0.22321428571428573,0.854211690363349
15814,linear_development,4,0.8998941784562611,0.832,0.04976303317535545,0.304,0.791194312796209
15814,linear_development,5,0.905908037625516,0.87248322147651,0.04739336492890995,0.2751677852348993,0.7762116903633497
15814,linear_development,6,0.9047843316128568,0.8372093023255814,0.03949447077409163,0.3333333333333333,0.7684107424960518
15814,interaction_development,1,0.7279523833470432,0.703125,0.16903633491311215,0.3984375,0.6978767772511831
15814,interaction_development,2,0.8535736431715555,0.8359375,0.08530805687203792,0.28125,0.7933206951026859
15814,interaction_development,3,0.8931426852058311,0.8449612403100775,0.06556082148499211,0.29457364341085274,0.7876966824644562
15814,interaction_development,4,0.9104922398255593,0.9,0.045023696682464455,0.2076923076923077,0.8478009478672996
15814,interaction_development,5,0.9143376379495731,0.8863636363636364,0.037914691943127965,0.25757575757575757,0.8143127962085316
15814,interaction_development,6,0.9148534025007513,0.8759124087591241,0.03475513428120063,0.25547445255474455,0.8103538704581372
15814,feedback_development,1,0.8232697614667841,0.7465753424657534,0.14928909952606634,0.363013698630137,0.6921579778830974
15814,feedback_development,2,0.8968213632257639,0.8582089552238806,0.060821484992101105,0.26119402985074625,0.803532385466037
15814,feedback_development,3,0.9062450749678204,0.8796296296296297,0.036334913112164295,0.2777777777777778,0.8345718799368096
15814,feedback_development,4,0.911644465600026,0.8778625954198473,0.03949447077409163,0.26717557251908397,0.8086856240126401
15814,feedback_development,5,0.9148676892098375,0.9078014184397163,0.03712480252764613,0.19148936170212766,0.8492006319115324
15814,feedback_development,6,0.9151249042240874,0.8571428571428571,0.037914691943127965,0.23809523809523808,0.8347519747235392
15815,static_quality,1,0.58,0.6521739130434783,0.19352290679304898,0.4420289855072464,0.6419146919431262
15815,static_quality,2,0.58,0.624113475177305,0.1895734597156398,0.4397163120567376,0.637586097946286
15815,static_quality,3,0.58,0.6521739130434783,0.17851500789889416,0.427536231884058,0.6559115323854653
15815,static_quality,4,0.58,0.6771653543307087,0.20537124802527645,0.4566929133858268,0.6536682464454965
15815,static_quality,5,0.58,0.6884057971014492,0.18641390205371247,0.43478260869565216,0.6483601895734585
15815,static_quality,6,0.58,0.6866666666666666,0.179304897314376,0.44,0.6191532385466026
15815,linear_development,1,0.7676835041994177,0.7480314960629921,0.1334913112164297,0.36220472440944884,0.731684044233808
15815,linear_development,2,0.8405698538377752,0.8380281690140845,0.09636650868878358,0.3028169014084507,0.7550268562401274
15815,linear_development,3,0.8757223788742479,0.8045112781954887,0.06714060031595577,0.3233082706766917,0.7621232227488162
15815,linear_development,4,0.8977793350095952,0.8581560283687943,0.04818325434439179,0.28368794326241137,0.7812669826224339
15815,linear_development,5,0.9058965163751803,0.8920863309352518,0.04818325434439179,0.26618705035971224,0.7961295418641401
15815,linear_development,6,0.9072987941742912,0.9,0.03238546603475513,0.2642857142857143,0.7999336492891013
15815,interaction_development,1,0.7266363792767943,0.7244094488188977,0.14770932069510267,0.3937007874015748,0.7082843601895739
15815,interaction_development,2,0.8609665854698133,0.8721804511278195,0.09083728278041074,0.24812030075187969,0.8067709320695104
15815,interaction_development,3,0.8963588992705032,0.835820895522388,0.06240126382306477,0.29850746268656714,0.7780347551342818
15815,interaction_development,4,0.909717358596184,0.8968253968253969,0.04186413902053712,0.2619047619047619,0.8182022116903647
15815,interaction_development,5,0.9142188143508314,0.8939393939393939,0.045813586097946286,0.22727272727272727,0.8322685624012646
15815,interaction_development,6,0.9147434725313349,0.9259259259259259,0.029225908372827805,0.25925925925925924,0.810616113744077
15815,feedback_development,1,0.8218837642178769,0.782258064516129,0.14218009478672985,0.27419354838709675,0.789813586097946
15815,feedback_development,2,0.9009067842239038,0.896551724137931,0.05055292259083728,0.21379310344827587,0.8259241706161138
15815,feedback_development,3,0.9081356483878424,0.8439716312056738,0.04739336492890995,0.3262411347517731,0.7510300157977888
15815,feedback_development,4,0.9136065330103417,0.9148936170212766,0.045023696682464455,0.22695035460992907,0.8223064770932087
15815,feedback_development,5,0.9148825409808419,0.8625954198473282,0.04028436018957346,0.22137404580152673,0.8390268562401273
15815,feedback_development,6,0.9153716895553027,0.8898305084745762,0.0339652448657188,0.2288135593220339,0.8502843601895742
15816,static_quality,1,0.58,0.7222222222222222,0.19984202211690363,0.40476190476190477,0.6907424960505529
15816,static_quality,2,0.58,0.6850393700787402,0.19273301737756715,0.4409448818897638,0.6671911532385459
15816,static_quality,3,0.58,0.6762589928057554,0.22195892575039494,0.4460431654676259,0.6296872037914683
15816,static_quality,4,0.58,0.7024793388429752,0.20616113744075829,0.4297520661157025,0.6838894154818315
15816,static_quality,5,0.58,0.6277372262773723,0.18009478672985782,0.45985401459854014,0.6348941548183245
15816,static_quality,6,0.58,0.6013071895424836,0.17614533965244866,0.477124183006536,0.5854723538704575
15816,linear_development,1,0.7644942774086861,0.728,0.13665086887835703,0.376,0.7258736176935234
15816,linear_development,2,0.8353500881267177,0.8503937007874016,0.09873617693522907,0.28346456692913385,0.7899020537124818
15816,linear_development,3,0.8706372925726862,0.8031496062992126,0.06398104265402843,0.33070866141732286,0.7676777251184849
15816,linear_development,4,0.8979889183172599,0.8852459016393442,0.04265402843601896,0.1885245901639344,0.8690963665086887
15816,linear_development,5,0.9084652333226884,0.9111111111111111,0.044233807266982623,0.2074074074074074,0.8426887835703005
15816,linear_development,6,0.9086282168336409,0.8656716417910447,0.03949447077409163,0.2537313432835821,0.8136587677725136
15816,interaction_development,1,0.7178102625103485,0.7398373983739838,0.16666666666666666,0.4065040650406504,0.7040600315955765
15816,interaction_development,2,0.8484483123476796,0.8076923076923077,0.10584518167456557,0.3,0.7728846761453403
15816,interaction_development,3,0.8922227937342719,0.8507462686567164,0.05687203791469194,0.30597014925373134,0.7743696682464465
15816,interaction_development,4,0.9070600732024667,0.8608695652173913,0.035545023696682464,0.26956521739130435,0.8297030015797792
15816,interaction_development,5,0.9139682017276318,0.8840579710144928,0.03475513428120063,0.2318840579710145,0.8249952606635084
15816,interaction_development,6,0.9137388678233931,0.8905109489051095,0.03238546603475513,0.29927007299270075,0.7801358609794654
15816,feedback_development,1,0.8321246553872514,0.7943262411347518,0.13744075829383887,0.3049645390070922,0.7452764612954189
15816,feedback_development,2,0.8998461373371114,0.9047619047619048,0.06714060031595577,0.1984126984126984,0.8529257503949454
15816,feedback_development,3,0.9099287558003348,0.896774193548387,0.04265402843601896,0.2709677419354839,0.7722654028436029
15816,feedback_development,4,0.9131003826546937,0.8790322580645161,0.03949447077409163,0.27419354838709675,0.8137598736176952
15816,feedback_development,5,0.9136213634089192,0.8382352941176471,0.035545023696682464,0.27941176470588236,0.7944423380726712
15816,feedback_development,6,0.9131873653339921,0.8487394957983193,0.04265402843601896,0.31092436974789917,0.7984960505529242
15817,static_quality,1,0.58,0.7357142857142858,0.20221169036334913,0.34285714285714286,0.7053048973143755
15817,static_quality,2,0.58,0.6691729323308271,0.1911532385466035,0.39097744360902253,0.6879747235387034
15817,static_quality,3,0.58,0.6470588235294118,0.1872037914691943,0.45751633986928103,0.5976524486571865
15817,static_quality,4,0.58,0.6742424242424242,0.18799368088467613,0.4621212121212121,0.6429257503949436
15817,static_quality,5,0.58,0.5588235294117647,0.1990521327014218,0.5294117647058824,0.5851216429699826
15817,static_quality,6,0.58,0.7256637168141593,0.19352290679304898,0.3805309734513274,0.732448657187993
15817,linear_development,1,0.7713340478116797,0.7152777777777778,0.13428120063191154,0.4027777777777778,0.6703917851500786
15817,linear_development,2,0.8356374119706924,0.8120300751879699,0.07740916271721959,0.3383458646616541,0.7498736176935243
15817,linear_development,3,0.8660578746824847,0.8461538461538461,0.07661927330173776,0.3269230769230769,0.8056429699842035
15817,linear_development,4,0.8928320676597643,0.896,0.05292259083728278,0.248,0.8262590837282786
15817,linear_development,5,0.9076759740253686,0.9534883720930233,0.045813586097946286,0.18604651162790697,0.8624834123222755
15817,linear_development,6,0.9063023950750616,0.8421052631578947,0.029225908372827805,0.3157894736842105,0.7761390205371264
15817,interaction_development,1,0.7647397421059272,0.7835820895522388,0.15402843601895735,0.29850746268656714,0.756900473933649
15817,interaction_development,2,0.8686421938811049,0.7884615384615384,0.07266982622432859,0.3525641025641026,0.699314375987362
15817,interaction_development,3,0.8975642169862431,0.8484848484848485,0.05055292259083728,0.3181818181818182,0.770966824644551
15817,interaction_development,4,0.9110388700989791,0.849624060150376,0.044233807266982623,0.24060150375939848,0.8223823064770939
15817,interaction_development,5,0.9131146253378046,0.8695652173913043,0.03712480252764613,0.2956521739130435,0.8144707740916284
15817,interaction_development,6,0.9137436742840302,0.8650793650793651,0.0339652448657188,0.2698412698412698,0.8152669826224345
15817,feedback_development,1,0.7995321449475552,0.6875,0.1263823064770932,0.4305555555555556,0.6522274881516582
15817,feedback_development,2,0.8759816260545386,0.776,0.07345971563981042,0.416,0.7148878357030025
15817,feedback_development,3,0.9028320891854394,0.8403361344537815,0.04186413902053712,0.24369747899159663,0.8385750394944717
15817,feedback_development,4,0.9090359302333282,0.8951612903225806,0.029225908372827805,0.29838709677419356,0.8014818325434461
15817,feedback_development,5,0.9127862487670748,0.856,0.03238546603475513,0.264,0.8202464454976313
15817,feedback_development,6,0.9138785795375457,0.8828125,0.044233807266982623,0.25,0.8223380726698276
15818,static_quality,1,0.58,0.6013986013986014,0.18404423380726698,0.45454545454545453,0.6238546603475508
15818,static_quality,2,0.58,0.6984126984126984,0.21248025276461296,0.3888888888888889,0.6982717219589251
15818,static_quality,3,0.58,0.632,0.18562401263823064,0.456,0.663516587677724
15818,static_quality,4,0.58,0.6311475409836066,0.1943127962085308,0.48360655737704916,0.6515829383886249
15818,static_quality,5,0.58,0.7033898305084746,0.20458135860979462,0.3898305084745763,0.7149731437598726
15818,static_quality,6,0.58,0.7076923076923077,0.1848341232227488,0.3769230769230769,0.7047804107424953
15818,linear_development,1,0.7677901712035446,0.8045112781954887,0.13191153238546605,0.38345864661654133,0.7058104265402845
15818,linear_development,2,0.8308241385710586,0.7890625,0.10031595576619273,0.3515625,0.7440442338072674
15818,linear_development,3,0.86749008783565,0.8294573643410853,0.05924170616113744,0.3488372093023256,0.7534407582938395
15818,linear_development,4,0.889389065180918,0.7938931297709924,0.05292259083728278,0.33587786259541985,0.7602527646129553
15818,linear_development,5,0.9022688149290744,0.8682170542635659,0.04186413902053712,0.2713178294573643,0.8082527646129556
15818,linear_development,6,0.9033393077601901,0.8582089552238806,0.04107424960505529,0.3208955223880597,0.7680189573459733
15818,interaction_development,1,0.7062068140892764,0.6747967479674797,0.1674565560821485,0.44715447154471544,0.678183254344391
15818,interaction_development,2,0.8355204903954778,0.831858407079646,0.10505529225908374,0.2831858407079646,0.8087424960505538
15818,interaction_development,3,0.8838171791457299,0.8188976377952756,0.06240126382306477,0.3464566929133858,0.7581516587677727
15818,interaction_development,4,0.9044374394942785,0.8421052631578947,0.04344391785150079,0.2857142857142857,0.7929383886255944
15818,interaction_development,5,0.9129998465387792,0.8698630136986302,0.045813586097946286,0.2465753424657534,0.8016935229067946
15818,interaction_development,6,0.9140370841035842,0.900709219858156,0.03949447077409163,0.2553191489361702,0.8034123222748829
15818,feedback_development,1,0.7691469318620829,0.7153846153846154,0.1500789889415482,0.46923076923076923,0.6521358609794625
15818,feedback_development,2,0.8732465562541221,0.7757009345794392,0.08056872037914692,0.308411214953271,0.8098546603475523
15818,feedback_development,3,0.9019486290069869,0.864,0.04344391785150079,0.28,0.8078925750394949
15818,feedback_development,4,0.9091107838707733,0.8248175182481752,0.036334913112164295,0.31386861313868614,0.7690236966824665
15818,feedback_development,5,0.912875112645962,0.8382352941176471,0.02527646129541864,0.27205882352941174,0.8019052132701434
15818,feedback_development,6,0.9147875606413796,0.8992248062015504,0.04660347551342812,0.20930232558139536,0.8474344391785151
15819,static_quality,1,0.58,0.6139240506329114,0.18167456556082148,0.4810126582278481,0.5683285939968383
15819,static_quality,2,0.58,0.7401574803149606,0.19510268562401265,0.36220472440944884,0.7167424960505524
15819,static_quality,3,0.58,0.6521739130434783,0.2132701421800948,0.42028985507246375,0.6523064770932059
15819,static_quality,4,0.58,0.6444444444444445,0.18641390205371247,0.42962962962962964,0.6579905213270135
15819,static_quality,5,0.58,0.5983606557377049,0.2093206951026856,0.45901639344262296,0.6637819905213246
15819,static_quality,6,0.58,0.6838235294117647,0.1966824644549763,0.47794117647058826,0.6207962085308052
15819,linear_development,1,0.7812329343757414,0.8059701492537313,0.11927330173775672,0.29850746268656714,0.764726698262244
15819,linear_development,2,0.8471099302820377,0.8,0.08846761453396525,0.2814814814814815,0.7821169036334924
15819,linear_development,3,0.8774649466515906,0.8217054263565892,0.06714060031595577,0.3333333333333333,0.7614849921011072
15819,linear_development,4,0.8982402933039402,0.9185185185185185,0.05055292259083728,0.2740740740740741,0.7957345971564
15819,linear_development,5,0.9056041338351719,0.9104477611940298,0.045813586097946286,0.23880597014925373,0.8226445497630344
15819,linear_development,6,0.9052386487229176,0.875968992248062,0.035545023696682464,0.3023255813953488,0.7892322274881531
15819,interaction_development,1,0.752931636109818,0.7596899224806202,0.15086887835703003,0.3178294573643411,0.7526729857819905
15819,interaction_development,2,0.8690533510042142,0.8785714285714286,0.08372827804107424,0.2714285714285714,0.7832669826224337
15819,interaction_development,3,0.8978269298769039,0.8347107438016529,0.052132701421800945,0.2892561983471074,0.805832543443919
15819,interaction_development,4,0.9109350936046795,0.8823529411764706,0.04186413902053712,0.226890756302521,0.8487582938388631
15819,interaction_development,5,0.9146666934770017,0.8739495798319328,0.03949447077409163,0.2184873949579832,0.8545276461295425
15819,interaction_development,6,0.9146394643122275,0.8625954198473282,0.035545023696682464,0.2595419847328244,0.8147772511848352
15819,feedback_development,1,0.817225440978675,0.7734375,0.15402843601895735,0.3125,0.7570837282780412
15819,feedback_development,2,0.8864524375779363,0.8181818181818182,0.0679304897314376,0.35537190082644626,0.7618641390205373
15819,feedback_development,3,0.9085595869911618,0.9020979020979021,0.0339652448657188,0.1888111888111888,0.8503475513428115
15819,feedback_development,4,0.9130813286628374,0.9044117647058824,0.03475513428120063,0.25,0.8147772511848355
15819,feedback_development,5,0.9146708820903473,0.856,0.03238546603475513,0.24,0.8357946287519756
15819,feedback_development,6,0.9145601183658976,0.8931297709923665,0.03949447077409163,0.26717557251908397,0.8082464454976315
15820,static_quality,1,0.58,0.6484375,0.2132701421800948,0.4296875,0.6676587677725111
15820,static_quality,2,0.58,0.6766917293233082,0.18009478672985782,0.46616541353383456,0.6402401263823061
15820,static_quality,3,0.58,0.7053571428571429,0.19984202211690363,0.48214285714285715,0.6758578199052129
15820,static_quality,4,0.58,0.6444444444444445,0.20774091627172195,0.4888888888888889,0.6134154818325416
15820,static_quality,5,0.58,0.6417910447761194,0.19352290679304898,0.48507462686567165,0.6213775671405987
15820,static_quality,6,0.58,0.6739130434782609,0.20458135860979462,0.4420289855072464,0.6391500789889403
15820,linear_development,1,0.760003307612573,0.7301587301587301,0.12164296998420221,0.40476190476190477,0.709601895734597
15820,linear_development,2,0.831491856568174,0.835820895522388,0.09320695102685624,0.3208955223880597,0.7555323854660356
15820,linear_development,3,0.8709168747656941,0.823943661971831,0.06872037914691943,0.3380281690140845,0.7362401263823074
15820,linear_development,4,0.8934056612640183,0.9173553719008265,0.05687203791469194,0.2809917355371901,0.8096745655608224
15820,linear_development,5,0.906462069912392,0.8843537414965986,0.05055292259083728,0.23809523809523808,0.8056714060031609
15820,linear_development,6,0.9064749331210487,0.8857142857142857,0.044233807266982623,0.29285714285714287,0.777241706161139
15820,interaction_development,1,0.735869702266535,0.7153284671532847,0.17298578199052134,0.40145985401459855,0.6765118483412317
15820,interaction_development,2,0.8432731573236251,0.8067226890756303,0.0947867298578199,0.3445378151260504,0.7662527646129553
15820,interaction_development,3,0.894803957263068,0.8661971830985915,0.05845181674565561,0.2676056338028169,0.7893649289099541
15820,interaction_development,4,0.9077423869175041,0.8740740740740741,0.044233807266982623,0.3111111111111111,0.7720758293838877
15820,interaction_development,5,0.9133481644033039,0.8692307692307693,0.030805687203791468,0.24615384615384617,0.8258199052132705
15820,interaction_development,6,0.9141610193573368,0.875,0.038704581358609796,0.25,0.793810426540286
15820,feedback_development,1,0.7926339729835093,0.6690647482014388,0.15639810426540285,0.43884892086330934,0.650072669826223
15820,feedback_development,2,0.8868004298336276,0.8057553956834532,0.06872037914691943,0.34532374100719426,0.7360884676145336
15820,feedback_development,3,0.9023333237182274,0.8114754098360656,0.04028436018957346,0.32786885245901637,0.7835703001579792
15820,feedback_development,4,0.9109013037405719,0.87248322147651,0.044233807266982623,0.26174496644295303,0.7871248025276479
15820,feedback_development,5,0.9137392824823267,0.9022556390977443,0.044233807266982623,0.24812030075187969,0.8183443917851518
15820,feedback_development,6,0.9146321299190725,0.8793103448275862,0.04818325434439179,0.23275862068965517,0.8474755134281197
15821,static_quality,1,0.58,0.6724137931034483,0.2093206951026856,0.4224137931034483,0.6990710900473927
15821,static_quality,2,0.58,0.6830985915492958,0.18641390205371247,0.4084507042253521,0.6583096366508677
15821,static_quality,3,0.58,0.6271186440677966,0.1721958925750395,0.5,0.6567867298578187
15821,static_quality,4,0.58,0.6810344827586207,0.19273301737756715,0.4051724137931034,0.7130015797788303
15821,static_quality,5,0.58,0.6912751677852349,0.20063191153238547,0.4429530201342282,0.6148941548183242
15821,static_quality,6,0.58,0.6058394160583942,0.1966824644549763,0.46715328467153283,0.625974723538704
15821,linear_development,1,0.7805068526795989,0.7769784172661871,0.13665086887835703,0.31654676258992803,0.7407109004739342
15821,linear_development,2,0.8423007564459883,0.7426470588235294,0.08767772511848342,0.3382352941176471,0.7419494470774098
15821,linear_development,3,0.8753888640684551,0.8448275862068966,0.060821484992101105,0.29310344827586204,0.8089889415481842
15821,linear_development,4,0.8961684951007098,0.8861788617886179,0.04818325434439179,0.2845528455284553,0.8066350710900478
15821,linear_development,5,0.9044501960573079,0.8636363636363636,0.04818325434439179,0.2878787878787879,0.7914123222748832
15821,linear_development,6,0.9066324715092391,0.8515625,0.036334913112164295,0.2578125,0.8195829383886271
15821,interaction_development,1,0.7172142292225552,0.6564885496183206,0.16903633491311215,0.44274809160305345,0.6625908372827809
15821,interaction_development,2,0.8367716382172965,0.8598130841121495,0.1018957345971564,0.2803738317757009,0.820218009478673
15821,interaction_development,3,0.8911135040694278,0.8629032258064516,0.06635071090047394,0.22580645161290322,0.83754186413902
15821,interaction_development,4,0.9100369432607454,0.8905109489051095,0.04897314375987362,0.21897810218978103,0.8317977883096374
15821,interaction_development,5,0.915741311018899,0.9285714285714286,0.04107424960505529,0.18571428571428572,0.8539336492891002
15821,interaction_development,6,0.9154528937096447,0.905511811023622,0.04344391785150079,0.2440944881889764,0.8280063191153243
15821,feedback_development,1,0.7636460189600396,0.7207207207207207,0.15876777251184834,0.4144144144144144,0.7261895734597151
15821,feedback_development,2,0.891249800735901,0.8657718120805369,0.06714060031595577,0.2684563758389262,0.7768436018957355
15821,feedback_development,3,0.9066569809670274,0.900709219858156,0.03949447077409163,0.2765957446808511,0.7888151658767794
15821,feedback_development,4,0.9115440917124464,0.823076923076923,0.044233807266982623,0.27692307692307694,0.8028025276461309
15821,feedback_development,5,0.9137174761823157,0.8840579710144928,0.045813586097946286,0.2608695652173913,0.8020252764612968
15821,feedback_development,6,0.9153633007753573,0.9159663865546218,0.04265402843601896,0.19327731092436976,0.8684581358609792
15822,static_quality,1,0.58,0.6412213740458015,0.179304897314376,0.4732824427480916,0.6399273301737742
15822,static_quality,2,0.58,0.7164179104477612,0.18799368088467613,0.3582089552238806,0.7089794628751978
15822,static_quality,3,0.58,0.6742424242424242,0.19826224328593997,0.42424242424242425,0.665819905213269
15822,static_quality,4,0.58,0.697841726618705,0.21011058451816747,0.3669064748201439,0.6881674565560826
15822,static_quality,5,0.58,0.6521739130434783,0.18562401263823064,0.4608695652173913,0.6846224328594002
15822,static_quality,6,0.58,0.6535433070866141,0.19352290679304898,0.4881889763779528,0.6367172195892564
15822,linear_development,1,0.7739997611406877,0.7923076923076923,0.13033175355450238,0.33076923076923076,0.7469921011058458
15822,linear_development,2,0.8413016381358781,0.8208955223880597,0.1018957345971564,0.29850746268656714,0.7693048973143768
15822,linear_development,3,0.8768767886486035,0.8389830508474576,0.05292259083728278,0.2627118644067797,0.8260094786729864
15822,linear_development,4,0.8987241812749845,0.9191176470588235,0.04107424960505529,0.2647058823529412,0.8030774091627194
15822,linear_development,5,0.9043796677810729,0.8796296296296297,0.04107424960505529,0.3055555555555556,0.8180252764612959
15822,linear_development,6,0.9092732027436061,0.8992805755395683,0.04818325434439179,0.18705035971223022,0.8517219589257508
15822,interaction_development,1,0.749009745855482,0.7867647058823529,0.16113744075829384,0.3602941176470588,0.7093680884676139
15822,interaction_development,2,0.8489707552162087,0.7272727272727273,0.08056872037914692,0.38636363636363635,0.7187456556082159
15822,interaction_development,3,0.8959250219623642,0.8581081081081081,0.04660347551342812,0.2905405405405405,0.7664992101105862
15822,interaction_development,4,0.9116091074395707,0.9014084507042254,0.04107424960505529,0.21830985915492956,0.8281611374407579
15822,interaction_development,5,0.914645670152227,0.9083333333333333,0.036334913112164295,0.23333333333333334,0.8452069510268573
15822,interaction_development,6,0.9153037050964089,0.8518518518518519,0.037914691943127965,0.2222222222222222,0.8342717219589265
15822,feedback_development,1,0.8402890454673779,0.7947019867549668,0.11927330173775672,0.31125827814569534,0.7295102685624009
15822,feedback_development,2,0.9004971282118712,0.875,0.052132701421800945,0.2569444444444444,0.7958072669826236
15822,feedback_development,3,0.9082659509831345,0.8266666666666667,0.04028436018957346,0.3333333333333333,0.732331753554503
15822,feedback_development,4,0.9113433178888245,0.8308823529411765,0.0315955766192733,0.3382352941176471,0.7552069510268576
15822,feedback_development,5,0.9131443132430048,0.8532110091743119,0.04028436018957346,0.25688073394495414,0.844025276461296
15822,feedback_development,6,0.9149427972483355,0.9137931034482759,0.026066350710900472,0.19827586206896552,0.8726571879936807
15823,static_quality,1,0.58,0.6893939393939394,0.2014218009478673,0.44696969696969696,0.6500853080568708
15823,static_quality,2,0.58,0.6153846153846154,0.19194312796208532,0.47692307692307695,0.6371500789889403
15823,static_quality,3,0.58,0.6165413533834586,0.18167456556082148,0.5037593984962406,0.6140600315955748
15823,static_quality,4,0.58,0.7153846153846154,0.20695102685624012,0.36923076923076925,0.7045213270142178
15823,static_quality,5,0.58,0.6484375,0.18562401263823064,0.4453125,0.6640789889415476
15823,static_quality,6,0.58,0.7109375,0.20063191153238547,0.390625,0.6956745655608209
15823,linear_development,1,0.7592766133868682,0.7559055118110236,0.12717219589257503,0.41732283464566927,0.6972638230647706
15823,linear_development,2,0.8376285351163428,0.841726618705036,0.09004739336492891,0.2733812949640288,0.7816398104265416
15823,linear_development,3,0.8749150130916883,0.8376068376068376,0.07424960505529225,0.26495726495726496,0.8209889415481834
15823,linear_development,4,0.8988535709044164,0.8333333333333334,0.04897314375987362,0.2866666666666667,0.7664328593996858
15823,linear_development,5,0.9082402900332904,0.8943661971830986,0.04897314375987362,0.20422535211267606,0.8365655608214865
15823,linear_development,6,0.9077719318861328,0.8721804511278195,0.045813586097946286,0.2781954887218045,0.7969415481832559
15823,interaction_development,1,0.7183424846699689,0.6818181818181818,0.17614533965244866,0.4393939393939394,0.6612954186413894
15823,interaction_development,2,0.855792125328486,0.7960526315789473,0.09162717219589257,0.3223684210526316,0.7260821484992114
15823,interaction_development,3,0.9002864857928035,0.9148936170212766,0.05529225908372828,0.2127659574468085,0.8297725118483423
15823,interaction_development,4,0.9090039098281311,0.837037037037037,0.045023696682464455,0.34074074074074073,0.7520979462875212
15823,interaction_development,5,0.9133223559748817,0.8785714285714286,0.03712480252764613,0.25,0.8090552922590843
15823,interaction_development,6,0.9139388632165046,0.8870967741935484,0.036334913112164295,0.25,0.8299020537124813
15823,feedback_development,1,0.8193722777870134,0.7720588235294118,0.1287519747235387,0.3382352941176471,0.7323443917851498
15823,feedback_development,2,0.889259393106425,0.8384615384615385,0.06714060031595577,0.35384615384615387,0.7469510268562413
15823,feedback_development,3,0.9077317099260613,0.8888888888888888,0.04344391785150079,0.21481481481481482,0.8375671406003173
15823,feedback_development,4,0.9117173451459728,0.8518518518518519,0.04028436018957346,0.2962962962962963,0.7832701421800963
15823,feedback_development,5,0.9134286189026504,0.875968992248062,0.04660347551342812,0.2713178294573643,0.8070900473933665
15823,feedback_development,6,0.9150219510989657,0.9090909090909091,0.03712480252764613,0.2066115702479339,0.8601579778830964
15824,static_quality,1,0.58,0.7217391304347827,0.2014218009478673,0.3391304347826087,0.7508783570300163
15824,static_quality,2,0.58,0.7222222222222222,0.20695102685624012,0.4523809523809524,0.6584802527646121
15824,static_quality,3,0.58,0.7121212121212122,0.19352290679304898,0.4166666666666667,0.6716018957345968
15824,static_quality,4,0.58,0.6689655172413793,0.20537124802527645,0.45517241379310347,0.6132259083728262
15824,static_quality,5,0.58,0.7086614173228346,0.20853080568720378,0.3700787401574803,0.70927962085308
15824,static_quality,6,0.58,0.6363636363636364,0.19589257503949448,0.49586776859504134,0.6466445497630325
15824,linear_development,1,0.7375195649442092,0.73,0.13507109004739337,0.46,0.7315576619273297
15824,linear_development,2,0.8111591651576454,0.8425925925925926,0.0995260663507109,0.2777777777777778,0.8199652448657201
15824,linear_development,3,0.8596175297985316,0.8372093023255814,0.07977883096366509,0.31007751937984496,0.7739905213270155
15824,linear_development,4,0.8886614506888505,0.8467153284671532,0.04818325434439179,0.291970802919708,0.7810932069510279
15824,linear_development,5,0.9034318182706618,0.8732394366197183,0.04976303317535545,0.2605633802816901,0.7961484992101122
15824,linear_development,6,0.906006236364403,0.8933333333333333,0.03712480252764613,0.29333333333333333,0.7635007898894168
15824,interaction_development,1,0.7554180613653282,0.7407407407407407,0.1524486571879937,0.3333333333333333,0.7318767772511843
15824,interaction_development,2,0.8657537496487644,0.8175182481751825,0.07819905213270142,0.291970802919708,0.7745939968404433
15824,interaction_development,3,0.8992913300212948,0.8978102189781022,0.04739336492890995,0.2773722627737226,0.7916271721958945
15824,interaction_development,4,0.9130020790040074,0.918918918918919,0.04660347551342812,0.20945945945945946,0.8270110584518187
15824,interaction_development,5,0.9131780755314816,0.8297872340425532,0.05055292259083728,0.3262411347517731,0.7506129541864146
15824,interaction_development,6,0.9132007478090058,0.8660714285714286,0.035545023696682464,0.30357142857142855,0.8148562401263835
15824,feedback_development,1,0.8152127489892886,0.7647058823529411,0.1287519747235387,0.35294117647058826,0.7221642969984204
15824,feedback_development,2,0.8976599552450715,0.8278145695364238,0.060821484992101105,0.2847682119205298,0.763576619273304
15824,feedback_development,3,0.9087999806315838,0.8896551724137931,0.05292259083728278,0.2620689655172414,0.7902906793048986
15824,feedback_development,4,0.9130506658158597,0.8629032258064516,0.03949447077409163,0.25,0.8290300157977895
15824,feedback_development,5,0.9136928244989397,0.8592592592592593,0.04186413902053712,0.2740740740740741,0.798353870458137
15824,feedback_development,6,0.914677797820939,0.8717948717948718,0.037914691943127965,0.23931623931623933,0.8441895734597162
15825,static_quality,1,0.58,0.7051282051282052,0.20774091627172195,0.4423076923076923,0.5971311216429686
15825,static_quality,2,0.58,0.7542372881355932,0.21721958925750395,0.3644067796610169,0.7273364928909946
15825,static_quality,3,0.58,0.6330935251798561,0.20853080568720378,0.43884892086330934,0.6384012638230635
15825,static_quality,4,0.58,0.6747967479674797,0.18009478672985782,0.43902439024390244,0.680432859399684
15825,static_quality,5,0.58,0.6639344262295082,0.21169036334913113,0.4426229508196721,0.6725813586097931
15825,static_quality,6,0.58,0.6666666666666666,0.18641390205371247,0.43703703703703706,0.6538388625592413
15825,linear_development,1,0.777367669506762,0.7248322147651006,0.11927330173775672,0.3825503355704698,0.6791785150078995
15825,linear_development,2,0.8429369716085842,0.7913669064748201,0.1018957345971564,0.31654676258992803,0.7483696682464461
15825,linear_development,3,0.8863443750927025,0.8733333333333333,0.05055292259083728,0.23333333333333334,0.8064044233807279
15825,linear_development,4,0.9039262139975889,0.8863636363636364,0.05766192733017378,0.23484848484848486,0.8247993680884687
15825,linear_development,5,0.9075729229268794,0.8931297709923665,0.04344391785150079,0.2595419847328244,0.8125718799368109
15825,linear_development,6,0.9061894197503431,0.8110236220472441,0.052132701421800945,0.3228346456692913,0.7758578199052146
15825,interaction_development,1,0.770839381259758,0.7708333333333334,0.1406003159557662,0.3194444444444444,0.7296872037914691
15825,interaction_development,2,0.8671971285040885,0.7664233576642335,0.08767772511848342,0.32116788321167883,0.7522780410742501
15825,interaction_development,3,0.8990309148894242,0.8561643835616438,0.05924170616113744,0.3219178082191781,0.7433333333333341
15825,interaction_development,4,0.9114366152550526,0.8776978417266187,0.04739336492890995,0.2517985611510791,0.8071785150079005
15825,interaction_development,5,0.9138618144425101,0.8981481481481481,0.04028436018957346,0.25,0.8493080568720374
15825,interaction_development,6,0.9140319506534703,0.8865248226950354,0.035545023696682464,0.2765957446808511,0.7892511848341248
15825,feedback_development,1,0.7982505256590806,0.7894736842105263,0.1500789889415482,0.3157894736842105,0.7777345971563976
15825,feedback_development,2,0.8898621024604885,0.8267716535433071,0.06951026856240126,0.2755905511811024,0.8020505529225922
15825,feedback_development,3,0.9087385859425346,0.9020979020979021,0.04818325434439179,0.2097902097902098,0.8318451816745673
15825,feedback_development,4,0.9126911001484174,0.8805970149253731,0.03949447077409163,0.26865671641791045,0.8038357030015822
15825,feedback_development,5,0.9147341827942104,0.9158878504672897,0.030015797788309637,0.205607476635514,0.8767266982622439
15825,feedback_development,6,0.914874964263211,0.8962962962962963,0.04186413902053712,0.26666666666666666,0.8033112164297015
15826,static_quality,1,0.58,0.6577181208053692,0.1872037914691943,0.47651006711409394,0.5925213270142163
15826,static_quality,2,0.58,0.6693548387096774,0.20695102685624012,0.4112903225806452,0.6894060031595571
15826,static_quality,3,0.58,0.6598639455782312,0.1943127962085308,0.42857142857142855,0.6314818325434428
15826,static_quality,4,0.58,0.6216216216216216,0.17061611374407584,0.43243243243243246,0.6321074249605046
15826,static_quality,5,0.58,0.6717557251908397,0.2014218009478673,0.46564885496183206,0.6400221169036321
15826,static_quality,6,0.58,0.7058823529411765,0.19273301737756715,0.4338235294117647,0.6514660347551342
15826,linear_development,1,0.7521478180387383,0.6608695652173913,0.1358609794628752,0.41739130434782606,0.720865718799368
15826,linear_development,2,0.8276027015675057,0.8421052631578947,0.10821484992101106,0.3157894736842105,0.7571311216429705
15826,linear_development,3,0.8725462425001096,0.8489208633093526,0.0679304897314376,0.28776978417266186,0.7766003159557662
15826,linear_development,4,0.8976122091018264,0.859375,0.054502369668246446,0.2421875,0.8253649289099532
15826,linear_development,5,0.9059705679960246,0.872,0.04265402843601896,0.272,0.8128688783570311
15826,linear_development,6,0.9081998500927404,0.8646616541353384,0.05924170616113744,0.24060150375939848,0.8192353870458151
15826,interaction_development,1,0.7314724917887132,0.6830985915492958,0.1579778830963665,0.43661971830985913,0.6447551342811993
15826,interaction_development,2,0.844987295596319,0.7480314960629921,0.10268562401263823,0.3543307086614173,0.7435639810426542
15826,interaction_development,3,0.8898546017741448,0.8439716312056738,0.05134281200631911,0.3404255319148936,0.7402938388625602
15826,interaction_development,4,0.9076357243652531,0.8601398601398601,0.035545023696682464,0.2867132867132867,0.7792195892575055
15826,interaction_development,5,0.9134129273800985,0.9083333333333333,0.03949447077409163,0.225,0.8492101105845191
15826,interaction_development,6,0.9129741785223604,0.8015873015873016,0.04028436018957346,0.31746031746031744,0.7834818325434455
15826,feedback_development,1,0.8133860394569619,0.7803030303030303,0.13507109004739337,0.3409090909090909,0.7359020537124805
15826,feedback_development,2,0.8899854611386977,0.8068965517241379,0.061611374407582936,0.36551724137931035,0.7125687203791473
15826,feedback_development,3,0.9043081927703875,0.8091603053435115,0.03949447077409163,0.32061068702290074,0.7733933649289112
15826,feedback_development,4,0.9112434493605515,0.8467741935483871,0.04107424960505529,0.24193548387096775,0.8338135860979458
15826,feedback_development,5,0.9132318937058405,0.8791946308724832,0.036334913112164295,0.2751677852348993,0.7789952606635094
15826,feedback_development,6,0.9144647955454186,0.8721804511278195,0.029225908372827805,0.23308270676691728,0.8312733017377578
15827,static_quality,1,0.58,0.672566371681416,0.19747235387045814,0.4690265486725664,0.6815071090047389
15827,static_quality,2,0.58,0.6060606060606061,0.2037914691943128,0.5151515151515151,0.6041927330173757
15827,static_quality,3,0.58,0.6356589147286822,0.20774091627172195,0.4573643410852713,0.6488404423380709
15827,static_quality,4,0.58,0.6692913385826772,0.20537124802527645,0.4409448818897638,0.6643380726698248
15827,static_quality,5,0.58,0.6412213740458015,0.20537124802527645,0.4351145038167939,0.6596082148499205
15827,static_quality,6,0.58,0.6666666666666666,0.18562401263823064,0.43410852713178294,0.6690616113744073
15827,linear_development,1,0.7754064693158537,0.7,0.1334913112164297,0.4,0.6604139020537113
15827,linear_development,2,0.8413179438149164,0.8571428571428571,0.08056872037914692,0.24369747899159663,0.8298230647709322
15827,linear_development,3,0.8795281916104072,0.8840579710144928,0.05687203791469194,0.2826086956521739,0.7845371248025291
15827,linear_development,4,0.8978322375699832,0.8467153284671532,0.05292259083728278,0.3284671532846715,0.7549794628751986
15827,linear_development,5,0.9052191570168686,0.8636363636363636,0.04344391785150079,0.26515151515151514,0.8076840442338088
15827,linear_development,6,0.9096644030257156,0.9147286821705426,0.029225908372827805,0.18604651162790697,0.866666666666667
15827,interaction_development,1,0.7374402437161471,0.7089552238805971,0.14533965244865718,0.3880597014925373,0.6988467614533961
15827,interaction_development,2,0.8532728463185524,0.8214285714285714,0.08688783570300158,0.35,0.7270774091627179
15827,interaction_development,3,0.8932381291691267,0.8731343283582089,0.06240126382306477,0.30597014925373134,0.7734312796208543
15827,interaction_development,4,0.908008214238982,0.8976377952755905,0.04818325434439179,0.28346456692913385,0.8015545023696701
15827,interaction_development,5,0.9131388814037884,0.8943661971830986,0.03949447077409163,0.2676056338028169,0.7934123222748832
15827,interaction_development,6,0.9137354133649047,0.8833333333333333,0.044233807266982623,0.275,0.8176966824644561
15827,feedback_development,1,0.7808246325511454,0.6595744680851063,0.13744075829383887,0.475177304964539,0.6247582938388624
15827,feedback_development,2,0.8854510055838974,0.8702290076335878,0.05134281200631911,0.29770992366412213,0.7855545023696693
15827,feedback_development,3,0.9052817454530152,0.8705035971223022,0.036334913112164295,0.2805755395683453,0.7887804107424976
15827,feedback_development,4,0.9106373728293995,0.8503937007874016,0.030805687203791468,0.28346456692913385,0.8055766192733032
15827,feedback_development,5,0.9134363742041546,0.8770491803278688,0.03712480252764613,0.2540983606557377,0.8293206951026862
15827,feedback_development,6,0.9143111436775064,0.8835616438356164,0.030015797788309637,0.2602739726027397,0.795178515007901
15828,static_quality,1,0.58,0.6956521739130435,0.17614533965244866,0.4409937888198758,0.5948214849921
15828,static_quality,2,0.58,0.696551724137931,0.1943127962085308,0.4482758620689655,0.6212890995260644
15828,static_quality,3,0.58,0.7092198581560284,0.1966824644549763,0.41843971631205673,0.6508183254344385
15828,static_quality,4,0.58,0.680327868852459,0.20300157977883096,0.4098360655737705,0.6952480252764608
15828,static_quality,5,0.58,0.6788321167883211,0.19510268562401265,0.45255474452554745,0.6362053712480246
15828,static_quality,6,0.58,0.7107438016528925,0.21169036334913113,0.38016528925619836,0.7134154818325428
15828,linear_development,1,0.7927498530007646,0.7935483870967742,0.1066350710900474,0.3096774193548387,0.7273238546603481
15828,linear_development,2,0.853431656824149,0.815068493150685,0.07345971563981042,0.3150684931506849,0.7449794628751985
15828,linear_development,3,0.8845416664906199,0.8617886178861789,0.05529225908372828,0.2682926829268293,0.8148530805687221
15828,linear_development,4,0.9024652151670635,0.8790322580645161,0.04739336492890995,0.22580645161290322,0.8423159557661922
15828,linear_development,5,0.9052620722805891,0.8278145695364238,0.02843601895734597,0.2980132450331126,0.7600221169036353
15828,linear_development,6,0.9074358680279917,0.8843537414965986,0.035545023696682464,0.25170068027210885,0.7993238546603492
15828,interaction_development,1,0.7467024159947857,0.7448275862068966,0.1500789889415482,0.4,0.6666192733017371
15828,interaction_development,2,0.8422822211981119,0.8230088495575221,0.10110584518167456,0.36283185840707965,0.7643191153238561
15828,interaction_development,3,0.8909267306346735,0.8602941176470589,0.05529225908372828,0.29411764705882354,0.7794723538704592
15828,interaction_development,4,0.9080542168284743,0.875,0.052132701421800945,0.23333333333333334,0.8413744075829394
15828,interaction_development,5,0.9138707791771099,0.8863636363636364,0.03475513428120063,0.22727272727272727,0.8350331753554512
15828,interaction_development,6,0.9141467752018659,0.8661417322834646,0.03712480252764613,0.2755905511811024,0.8095955766192746
15828,feedback_development,1,0.8440899356748297,0.7861635220125787,0.12480252764612954,0.3270440251572327,0.7033143759873624
15828,feedback_development,2,0.9025012356441273,0.9,0.05292259083728278,0.21428571428571427,0.8311785150078994
15828,feedback_development,3,0.9099377787074259,0.8478260869565217,0.04344391785150079,0.2753623188405797,0.7922812006319137
15828,feedback_development,4,0.9121484802243591,0.8778625954198473,0.03475513428120063,0.31297709923664124,0.7794818325434456
15828,feedback_development,5,0.9127525792909794,0.85,0.04186413902053712,0.3,0.8031374407582951
15828,feedback_development,6,0.9145754461122785,0.8814814814814815,0.03317535545023697,0.21481481481481482,0.8406666666666673
15829,static_quality,1,0.58,0.7016129032258065,0.20458135860979462,0.3951612903225806,0.699832543443917
15829,static_quality,2,0.58,0.7651515151515151,0.19273301737756715,0.32575757575757575,0.7330047393364932
15829,static_quality,3,0.58,0.6056338028169014,0.19826224328593997,0.5,0.5895671406003142
15829,static_quality,4,0.58,0.6554621848739496,0.1990521327014218,0.47058823529411764,0.6657914691943122
15829,static_quality,5,0.58,0.7479674796747967,0.1943127962085308,0.4065040650406504,0.6970900473933638
15829,static_quality,6,0.58,0.680327868852459,0.2093206951026856,0.4426229508196721,0.6738388625592412
15829,linear_development,1,0.771250812392561,0.7593984962406015,0.14691943127962084,0.3609022556390977,0.7182622432859402
15829,linear_development,2,0.837179545396219,0.8333333333333334,0.09557661927330174,0.32608695652173914,0.7450205371248031
15829,linear_development,3,0.8772885720188884,0.88,0.07819905213270142,0.256,0.8148467614533974
15829,linear_development,4,0.8951960847877135,0.84375,0.04897314375987362,0.3203125,0.7759020537124814
15829,linear_development,5,0.9056538274048589,0.8780487804878049,0.04897314375987362,0.24390243902439024,0.8317914691943133
15829,linear_development,6,0.906801182533102,0.8695652173913043,0.04265402843601896,0.26956521739130435,0.8283665086887839
15829,interaction_development,1,0.732369310473989,0.7230769230769231,0.16666666666666666,0.3923076923076923,0.6983001579778823
15829,interaction_development,2,0.8324247396720731,0.7570093457943925,0.09557661927330174,0.35514018691588783,0.7807519747235393
15829,interaction_development,3,0.8889058977383385,0.8652482269503546,0.06477093206951026,0.2907801418439716,0.7724012638230668
15829,interaction_development,4,0.9073726803556497,0.8633093525179856,0.03475513428120063,0.2733812949640288,0.7945845181674578
15829,interaction_development,5,0.9121308438212932,0.8559322033898306,0.04265402843601896,0.2966101694915254,0.8083570300157991
15829,interaction_development,6,0.9137602759991781,0.863013698630137,0.04265402843601896,0.2671232876712329,0.7879589257503964
15829,feedback_development,1,0.792498983019877,0.72,0.160347551342812,0.384,0.7151058451816744
15829,feedback_development,2,0.8913424242283341,0.8082191780821918,0.0631911532385466,0.3082191780821918,0.7526445497630343
15829,feedback_development,3,0.9083007682689911,0.9178082191780822,0.0339652448657188,0.23972602739726026,0.8099083728278053
15829,feedback_development,4,0.9142102348449275,0.9185185185185185,0.037914691943127965,0.1925925925925926,0.854315955766193
15829,feedback_development,5,0.9144350684135809,0.8848920863309353,0.03475513428120063,0.2733812949640288,0.7948246445497646
15829,feedback_development,6,0.914543884414177,0.859504132231405,0.04739336492890995,0.2727272727272727,0.8167551342812024
15830,static_quality,1,0.58,0.6833333333333333,0.1943127962085308,0.4166666666666667,0.6968341232227477
15830,static_quality,2,0.58,0.6171875,0.2014218009478673,0.4921875,0.6299747235387037
15830,static_quality,3,0.58,0.7013888888888888,0.1895734597156398,0.4375,0.6323538704581348
15830,static_quality,4,0.58,0.6126760563380281,0.18641390205371247,0.4859154929577465,0.602856240126381
15830,static_quality,5,0.58,0.6549295774647887,0.19036334913112166,0.4084507042253521,0.6576240126382301
15830,static_quality,6,0.58,0.6446280991735537,0.18246445497630331,0.4214876033057851,0.6950268562401253
15830,linear_development,1,0.7800368820430077,0.7851851851851852,0.12559241706161137,0.3111111111111111,0.7535576619273311
15830,linear_development,2,0.8495879966761415,0.8636363636363636,0.07187993680884676,0.24242424242424243,0.8165624012638236
15830,linear_development,3,0.8804833984557858,0.847457627118644,0.053712480252764615,0.2796610169491525,0.8157661927330183
15830,linear_development,4,0.9033551944685468,0.8838709677419355,0.04265402843601896,0.23225806451612904,0.8031248025276481
15830,linear_development,5,0.9064653810463272,0.8866666666666667,0.045813586097946286,0.2866666666666667,0.7665781990521339
15830,linear_development,6,0.9067768666514827,0.8467153284671532,0.044233807266982623,0.2773722627737226,0.7929921011058466
15830,interaction_development,1,0.749111702283133,0.7952755905511811,0.17772511848341233,0.31496062992125984,0.7515576619273302
15830,interaction_development,2,0.8610910634003444,0.782312925170068,0.0703001579778831,0.3469387755102041,0.7209194312796219
15830,interaction_development,3,0.9004088297142429,0.8698630136986302,0.05529225908372828,0.2534246575342466,0.794502369668248
15830,interaction_development,4,0.9109286840151243,0.8646616541353384,0.03475513428120063,0.2706766917293233,0.8049731437598748
15830,interaction_development,5,0.9145027671441399,0.9142857142857143,0.03475513428120063,0.22142857142857142,0.8296903633491325
15830,interaction_development,6,0.913505049595494,0.875,0.04028436018957346,0.3203125,0.7780821484992119
15830,feedback_development,1,0.8253965410480485,0.7876712328767124,0.1358609794628752,0.3493150684931507,0.7051026856240123
15830,feedback_development,2,0.8949458867680169,0.912,0.07109004739336493,0.272,0.8062369668246455
15830,feedback_development,3,0.9095359808662424,0.9366197183098591,0.044233807266982623,0.2112676056338028,0.8326793048973157
15830,feedback_development,4,0.9100234180337294,0.8114754098360656,0.037914691943127965,0.39344262295081966,0.7435355450236985
15830,feedback_development,5,0.9130654059267345,0.8991596638655462,0.04186413902053712,0.25210084033613445,0.8339557661927343
15830,feedback_development,6,0.9133901548769371,0.8809523809523809,0.052132701421800945,0.2777777777777778,0.805627172195894
15831,static_quality,1,0.58,0.6962962962962963,0.1848341232227488,0.4074074074074074,0.6740379146919427
15831,static_quality,2,0.58,0.6893939393939394,0.20853080568720378,0.3939393939393939,0.6838230647709317
15831,static_quality,3,0.58,0.6230769230769231,0.21011058451816747,0.4846153846153846,0.6280189573459706
15831,static_quality,4,0.58,0.7050359712230215,0.19036334913112166,0.3669064748201439,0.6928593996840438
15831,static_quality,5,0.58,0.6666666666666666,0.1848341232227488,0.4444444444444444,0.6484707740916252
15831,static_quality,6,0.58,0.7317073170731707,0.1848341232227488,0.4065040650406504,0.6992195892575027
15831,linear_development,1,0.7896315752744707,0.7831325301204819,0.1240126382306477,0.3674698795180723,0.6571690363349141
15831,linear_development,2,0.8461213157838389,0.8114754098360656,0.08214849921011058,0.29508196721311475,0.7940189573459726
15831,linear_development,3,0.8848812943079916,0.8721804511278195,0.054502369668246446,0.23308270676691728,0.8255703001579788
15831,linear_development,4,0.90136008185142,0.8503401360544217,0.04976303317535545,0.30612244897959184,0.7556524486571892
15831,linear_development,5,0.905491338235936,0.875,0.04739336492890995,0.2708333333333333,0.7866255924170631
15831,linear_development,6,0.9072684248080458,0.8484848484848485,0.052132701421800945,0.25757575757575757,0.8109984202211706
15831,interaction_development,1,0.7290667839219437,0.7520661157024794,0.17772511848341233,0.36363636363636365,0.7315260663507105
15831,interaction_development,2,0.8483755048305419,0.8088235294117647,0.09004739336492891,0.35294117647058826,0.7310552922590836
15831,interaction_development,3,0.8902435161070918,0.8306451612903226,0.060821484992101105,0.3064516129032258,0.7882654028436032
15831,interaction_development,4,0.9086190272146601,0.8427672955974843,0.03949447077409163,0.29559748427672955,0.7478925750394965
15831,interaction_development,5,0.9120691426335743,0.8582089552238806,0.04186413902053712,0.31343283582089554,0.7730679304897339
15831,interaction_development,6,0.9141932430793329,0.8852459016393442,0.03238546603475513,0.21311475409836064,0.8561295418641384
15831,feedback_development,1,0.8314965755907409,0.7549668874172185,0.1429699842022117,0.3509933774834437,0.6934565560821484
15831,feedback_development,2,0.8970290234764852,0.9159663865546218,0.061611374407582936,0.23529411764705882,0.8389067930489739
15831,feedback_development,3,0.9056153422607812,0.8205128205128205,0.04818325434439179,0.3247863247863248,0.7919210110584533
15831,feedback_development,4,0.9125988162456458,0.9153846153846154,0.03475513428120063,0.2076923076923077,0.8500631911532383
15831,feedback_development,5,0.9145533487399267,0.8723404255319149,0.04660347551342812,0.23404255319148937,0.8170774091627182
15831,feedback_development,6,0.9144019117945562,0.903448275862069,0.03949447077409163,0.2827586206896552,0.7782464454976314
15832,static_quality,1,0.58,0.696,0.2109004739336493,0.456,0.6578072669826229
15832,static_quality,2,0.58,0.632,0.19826224328593997,0.496,0.6358357030015791
15832,static_quality,3,0.58,0.7364341085271318,0.19194312796208532,0.4186046511627907,0.6781011058451816
15832,static_quality,4,0.58,0.6496350364963503,0.2093206951026856,0.45985401459854014,0.627810426540283
15832,static_quality,5,0.58,0.6985294117647058,0.2109004739336493,0.3602941176470588,0.6980853080568724
15832,static_quality,6,0.58,0.7372262773722628,0.1943127962085308,0.36496350364963503,0.6969383886255914
15832,linear_development,1,0.7807165094808752,0.7302631578947368,0.13033175355450238,0.375,0.6764676145339654
15832,linear_development,2,0.8433700720650376,0.8320610687022901,0.08609794628751975,0.3053435114503817,0.7728309636650873
15832,linear_development,3,0.8760532464854389,0.8615384615384616,0.06477093206951026,0.33076923076923076,0.762426540284361
15832,linear_development,4,0.8934969228442748,0.8256880733944955,0.053712480252764615,0.30275229357798167,0.815570300157979
15832,linear_development,5,0.904121854133068,0.8731343283582089,0.04107424960505529,0.291044776119403,0.7878767772511863
15832,linear_development,6,0.906881393352861,0.8524590163934426,0.03949447077409163,0.2459016393442623,0.8338135860979481
15832,interaction_development,1,0.7622887605603028,0.717948717948718,0.1484992101105845,0.391025641025641,0.6517756714060025
15832,interaction_development,2,0.8681250184735827,0.8503937007874016,0.09083728278041074,0.25196850393700787,0.8122906793048983
15832,interaction_development,3,0.9015461857758613,0.8333333333333334,0.053712480252764615,0.2866666666666667,0.7646034755134298
15832,interaction_development,4,0.9110961806670843,0.881578947368421,0.04265402843601896,0.3092105263157895,0.7470932069510282
15832,interaction_development,5,0.9132314116697636,0.8592592592592593,0.036334913112164295,0.2814814814814815,0.7945781990521342
15832,interaction_development,6,0.9142061477026252,0.8726114649681529,0.04186413902053712,0.267515923566879,0.7727614533965257
15832,feedback_development,1,0.8183812568433788,0.7638888888888888,0.1627172195892575,0.375,0.6835703001579777
15832,feedback_development,2,0.901459151620205,0.8958333333333334,0.05529225908372828,0.19444444444444445,0.8403349131121661
15832,feedback_development,3,0.9092353680377874,0.8300653594771242,0.03475513428120063,0.3006535947712418,0.7543064770932091
15832,feedback_development,4,0.9125181394556146,0.8529411764705882,0.03475513428120063,0.29411764705882354,0.7843001579778844
15832,feedback_development,5,0.9132734136120532,0.864,0.04107424960505529,0.296,0.7981105845181692
15832,feedback_development,6,0.9146293796605869,0.8985507246376812,0.035545023696682464,0.2246376811594203,0.8301990521327024
15833,static_quality,1,0.58,0.7380952380952381,0.21406003159557663,0.40476190476190477,0.6878388625592409
15833,static_quality,2,0.58,0.7564102564102564,0.19352290679304898,0.3525641025641026,0.6716240126382306
15833,static_quality,3,0.58,0.68,0.18562401263823064,0.448,0.669229067930489
15833,static_quality,4,0.58,0.696969696969697,0.1966824644549763,0.3712121212121212,0.7013996840442339
15833,static_quality,5,0.58,0.6991869918699187,0.1895734597156398,0.4634146341463415,0.6632669826224321
15833,static_quality,6,0.58,0.7068965517241379,0.18246445497630331,0.5086206896551724,0.6548214849921006
15833,linear_development,1,0.7717885764120451,0.78125,0.12559241706161137,0.3359375,0.748379146919431
15833,linear_development,2,0.8469356593970351,0.8544303797468354,0.08293838862559241,0.31645569620253167,0.7227930489731442
15833,linear_development,3,0.8809621744477518,0.8208955223880597,0.05055292259083728,0.29850746268656714,0.7808372827804112
15833,linear_development,4,0.896718696749893,0.865546218487395,0.04897314375987362,0.31932773109243695,0.7914786729857833
15833,linear_development,5,0.9030649642225981,0.8309859154929577,0.04107424960505529,0.30985915492957744,0.7628720379146935
15833,linear_development,6,0.9070720961345118,0.8943661971830986,0.03949447077409163,0.22535211267605634,0.8236050552922601
15833,interaction_development,1,0.7507910493188958,0.7299270072992701,0.15323854660347552,0.35766423357664234,0.7118451816745655
15833,interaction_development,2,0.8668044269581938,0.8947368421052632,0.08530805687203792,0.2556390977443609,0.8027867298578204
15833,interaction_development,3,0.8989186599594041,0.8695652173913043,0.052132701421800945,0.30434782608695654,0.7701611374407592
15833,interaction_development,4,0.9124580454464146,0.9025974025974026,0.037914691943127965,0.22727272727272727,0.8084454976303332
15833,interaction_development,5,0.9143136160478463,0.8712121212121212,0.03317535545023697,0.26515151515151514,0.8098799368088476
15833,interaction_development,6,0.9145434563909145,0.8896551724137931,0.0339652448657188,0.2620689655172414,0.7947551342812023
15833,feedback_development,1,0.7820712739628488,0.7565217391304347,0.1674565560821485,0.3739130434782609,0.7389763033175354
15833,feedback_development,2,0.8786722620516502,0.7857142857142857,0.07661927330173776,0.36507936507936506,0.7442306477093211
15833,feedback_development,3,0.9026069788197861,0.8863636363636364,0.04818325434439179,0.3106060606060606,0.7761958925750412
15833,feedback_development,4,0.9104469028685872,0.8636363636363636,0.04265402843601896,0.25,0.8181484992101113
15833,feedback_development,5,0.9123395204877698,0.8461538461538461,0.05529225908372828,0.3076923076923077,0.759222748815167
15833,feedback_development,6,0.9144238367693747,0.8916666666666667,0.03949447077409163,0.20833333333333334,0.8588878357030016
15834,static_quality,1,0.58,0.719626168224299,0.2014218009478673,0.3644859813084112,0.7514755134281192
15834,static_quality,2,0.58,0.6304347826086957,0.21642969984202212,0.45652173913043476,0.6263064770932053
15834,static_quality,3,0.58,0.5801526717557252,0.22037914691943128,0.5114503816793893,0.605415481832541
15834,static_quality,4,0.58,0.6324786324786325,0.1895734597156398,0.46153846153846156,0.6779241706161129
15834,static_quality,5,0.58,0.6619718309859155,0.1848341232227488,0.44366197183098594,0.6336271721958922
15834,static_quality,6,0.58,0.65,0.20695102685624012,0.4714285714285714,0.6134723538704566
15834,linear_development,1,0.7592631461439704,0.7377049180327869,0.1500789889415482,0.4016393442622951,0.7124802527646121
15834,linear_development,2,0.8352467382701696,0.8129496402877698,0.08609794628751975,0.302158273381295,0.7620157977883112
15834,linear_development,3,0.8784625520112146,0.8676470588235294,0.05845181674565561,0.25735294117647056,0.8043886255924185
15834,linear_development,4,0.9030012804881048,0.9344262295081968,0.03949447077409163,0.1721311475409836,0.8795797788309637
15834,linear_development,5,0.9079079576486451,0.8686131386861314,0.0315955766192733,0.27007299270072993,0.8001674565560838
15834,linear_development,6,0.9094733343696226,0.8623853211009175,0.04186413902053712,0.21100917431192662,0.8689067930489724
15834,interaction_development,1,0.7493848367959229,0.7163120567375887,0.15086887835703003,0.375886524822695,0.6926255924170613
15834,interaction_development,2,0.8615068572115987,0.8283582089552238,0.09162717219589257,0.29850746268656714,0.7712606635071099
15834,interaction_development,3,0.8967676600504667,0.8584070796460177,0.04976303317535545,0.23008849557522124,0.8521611374407576
15834,interaction_development,4,0.910461957538586,0.8769230769230769,0.04265402843601896,0.24615384615384617,0.8233112164297006
15834,interaction_development,5,0.9140491020748587,0.8731343283582089,0.0339652448657188,0.23880597014925373,0.824830963665088
15834,interaction_development,6,0.9151190517283423,0.8905109489051095,0.03949447077409163,0.23357664233576642,0.8240126382306489
15834,feedback_development,1,0.7808855127997594,0.7083333333333334,0.15955766192733017,0.4,0.7151153238546601
15834,feedback_development,2,0.8870078290786431,0.8492063492063492,0.07266982622432859,0.2698412698412698,0.8063886255924176
15834,feedback_development,3,0.9080634024496521,0.9586776859504132,0.05055292259083728,0.1652892561983471,0.8819968404423372
15834,feedback_development,4,0.9131895602940292,0.8732394366197183,0.03475513428120063,0.24647887323943662,0.8095450236966842
15834,feedback_development,5,0.9144693120944092,0.8275862068965517,0.03238546603475513,0.25,0.8408246445497637
15834,feedback_development,6,0.913794836381679,0.8527131782945736,0.0315955766192733,0.3023255813953488,0.7903665086887846
15835,static_quality,1,0.58,0.6097560975609756,0.19352290679304898,0.4634146341463415,0.662404423380725
15835,static_quality,2,0.58,0.6204379562043796,0.19273301737756715,0.4744525547445255,0.6218609794628734
15835,static_quality,3,0.58,0.6695652173913044,0.18562401263823064,0.4434782608695652,0.6940789889415473
15835,static_quality,4,0.58,0.7637795275590551,0.18878357030015797,0.3700787401574803,0.713276461295418
15835,static_quality,5,0.58,0.7163120567375887,0.1943127962085308,0.375886524822695,0.6818799368088464
15835,static_quality,6,0.58,0.6934306569343066,0.19273301737756715,0.39416058394160586,0.6771563981042642
15835,linear_development,1,0.7567129300325139,0.6992481203007519,0.13902053712480253,0.45864661654135336,0.6544328593996838
15835,linear_development,2,0.8410312245849152,0.8299319727891157,0.08451816745655608,0.2653061224489796,0.7781263823064778
15835,linear_development,3,0.8766577380086225,0.8467741935483871,0.05687203791469194,0.28225806451612906,0.8050331753554516
15835,linear_development,4,0.8990041658472374,0.9054054054054054,0.038704581358609796,0.27702702702702703,0.7778325434439194
15835,linear_development,5,0.9066821415315219,0.8819444444444444,0.04739336492890995,0.25,0.8017030015797805
15835,linear_development,6,0.9057053315752273,0.8846153846153846,0.036334913112164295,0.3,0.7891342812006336
15835,interaction_development,1,0.7169707970792948,0.7540983606557377,0.17061611374407584,0.4098360655737705,0.702530805687203
15835,interaction_development,2,0.84779609300295,0.7898550724637681,0.08846761453396525,0.3333333333333333,0.7416082148499217
15835,interaction_development,3,0.8895450308354014,0.8248175182481752,0.05529225908372828,0.35036496350364965,0.7392764612954195
15835,interaction_development,4,0.9058583044158922,0.832,0.044233807266982623,0.304,0.7923349131121656
15835,interaction_development,5,0.9126781489385053,0.8939393939393939,0.036334913112164295,0.25,0.8191026856240138
15835,interaction_development,6,0.9130876604504946,0.8580645161290322,0.03949447077409163,0.2903225806451613,0.7575955766192753
15835,feedback_development,1,0.7662627470422985,0.6451612903225806,0.16903633491311215,0.4596774193548387,0.667873617693521
15835,feedback_development,2,0.8883083090738033,0.8581081081081081,0.0679304897314376,0.2972972972972973,0.7563254344391799
15835,feedback_development,3,0.9063345600085566,0.8652482269503546,0.04186413902053712,0.2624113475177305,0.797788309636653
15835,feedback_development,4,0.9120013913536806,0.8712121212121212,0.04897314375987362,0.26515151515151514,0.8065971563981058
15835,feedback_development,5,0.9139609778037503,0.8863636363636364,0.037914691943127965,0.25,0.8190047393364935
15835,feedback_development,6,0.9142347233246615,0.8807947019867549,0.0339652448657188,0.26490066225165565,0.7844770932069536
15836,static_quality,1,0.58,0.6333333333333333,0.18799368088467613,0.4166666666666667,0.6986192733017367
15836,static_quality,2,0.58,0.7076923076923077,0.18009478672985782,0.4153846153846154,0.6801800947867301
15836,static_quality,3,0.58,0.6470588235294118,0.21248025276461296,0.4632352941176471,0.626969984202211
15836,static_quality,4,0.58,0.6818181818181818,0.1911532385466035,0.4015151515151515,0.6826192733017373
15836,static_quality,5,0.58,0.7205882352941176,0.18404423380726698,0.39705882352941174,0.6791026856240129
15836,static_quality,6,0.58,0.6825396825396826,0.1721958925750395,0.4444444444444444,0.6721927330173767
15836,linear_development,1,0.7658216189608069,0.7218045112781954,0.146129541864139,0.39097744360902253,0.6985497630331762
15836,linear_development,2,0.8381407849678426,0.8493150684931506,0.07977883096366509,0.3287671232876712,0.7333112164297012
15836,linear_development,3,0.8753349390672278,0.8099173553719008,0.05766192733017378,0.2727272727272727,0.8147109004739352
15836,linear_development,4,0.89782390613354,0.8962962962962963,0.052132701421800945,0.2740740740740741,0.7951911532385483
15836,linear_development,5,0.9059903652289131,0.8518518518518519,0.05529225908372828,0.25925925925925924,0.8052164296998434
15836,linear_development,6,0.9098985279041764,0.8913043478260869,0.03949447077409163,0.2028985507246377,0.8441169036334916
15836,interaction_development,1,0.7367306707174955,0.7251908396946565,0.1674565560821485,0.3816793893129771,0.703437598736177
15836,interaction_development,2,0.8657495084088617,0.8456375838926175,0.07977883096366509,0.28859060402684567,0.7586856240126383
15836,interaction_development,3,0.9004849155976429,0.8976377952755905,0.04976303317535545,0.2283464566929134,0.8367867298578207
15836,interaction_development,4,0.911021568174303,0.8872180451127819,0.04186413902053712,0.2781954887218045,0.7979336492891015
15836,interaction_development,5,0.9132018472324113,0.8225806451612904,0.03949447077409163,0.2903225806451613,0.8037124802527661
15836,interaction_development,6,0.9145686793007952,0.8897058823529411,0.029225908372827805,0.22794117647058823,0.8314091627172211
15836,feedback_development,1,0.7921368944473917,0.7542372881355932,0.16824644549763032,0.3559322033898305,0.7435671406003154
15836,feedback_development,2,0.8901070442224844,0.8115942028985508,0.06240126382306477,0.2971014492753623,0.7732353870458146
15836,feedback_development,3,0.9061171008997322,0.8560606060606061,0.04028436018957346,0.2727272727272727,0.8031058451816759
15836,feedback_development,4,0.9127552802559384,0.8682170542635659,0.044233807266982623,0.20155038759689922,0.8528846761453396
15836,feedback_development,5,0.9144304590302398,0.8976377952755905,0.035545023696682464,0.2440944881889764,0.8300884676145344
15836,feedback_development,6,0.9156805506541061,0.8731343283582089,0.04186413902053712,0.1865671641791045,0.8590710900473935
15837,static_quality,1,0.58,0.6258992805755396,0.20458135860979462,0.4244604316546763,0.6492922590837265
15837,static_quality,2,0.58,0.674074074074074,0.21169036334913113,0.4444444444444444,0.6422622432859386
15837,static_quality,3,0.58,0.6557377049180327,0.19589257503949448,0.45081967213114754,0.6717914691943115
15837,static_quality,4,0.58,0.7165354330708661,0.18325434439178515,0.4094488188976378,0.689462875197472
15837,static_quality,5,0.58,0.6692913385826772,0.20300157977883096,0.4015748031496063,0.690338072669826
15837,static_quality,6,0.58,0.6793893129770993,0.19194312796208532,0.44274809160305345,0.6573522906793039
15837,linear_development,1,0.7850854905349064,0.8068965517241379,0.1263823064770932,0.31724137931034485,0.7333965244865728
15837,linear_development,2,0.8477103442896714,0.851063829787234,0.09162717219589257,0.3191489361702128,0.7462496050552933
15837,linear_development,3,0.8856184110197352,0.8775510204081632,0.04897314375987362,0.272108843537415,0.7802717219589269
15837,linear_development,4,0.898867060707908,0.8201438848920863,0.044233807266982623,0.34532374100719426,0.742167456556083
15837,linear_development,5,0.905530468621996,0.927007299270073,0.045813586097946286,0.24087591240875914,0.8171342812006334
15837,linear_development,6,0.9082753893892397,0.8857142857142857,0.04186413902053712,0.20714285714285716,0.8383412322274897
15837,interaction_development,1,0.706695281061436,0.7107438016528925,0.16982622432859398,0.4297520661157025,0.6934123222748828
15837,interaction_development,2,0.8447470876702712,0.8015267175572519,0.09636650868878358,0.3053435114503817,0.7706350710900483
15837,interaction_development,3,0.8953766302574259,0.8732394366197183,0.05766192733017378,0.2605633802816901,0.7941990521327019
15837,interaction_development,4,0.9076151162429016,0.8434782608695652,0.04818325434439179,0.28695652173913044,0.8169573459715643
15837,interaction_development,5,0.9133208320831336,0.8661417322834646,0.04818325434439179,0.25984251968503935,0.8172701421800955
15837,interaction_development,6,0.9127503223182925,0.8776978417266187,0.03712480252764613,0.3237410071942446,0.7585813586097959
15837,feedback_development,1,0.8284104270318129,0.7906976744186046,0.13112164296998421,0.2713178294573643,0.7873301737756712
15837,feedback_development,2,0.8927773814154174,0.8666666666666667,0.05924170616113744,0.3,0.7992353870458146
15837,feedback_development,3,0.9068354031408055,0.8761061946902655,0.044233807266982623,0.23008849557522124,0.853276461295419
15837,feedback_development,4,0.9124960921647304,0.8698630136986302,0.03475513428120063,0.2465753424657534,0.8044897314376007
15837,feedback_development,5,0.915434096561858,0.9435483870967742,0.026856240126382307,0.16129032258064516,0.8874881516587677
15837,feedback_development,6,0.9135572608291886,0.8551724137931035,0.04107424960505529,0.33793103448275863,0.7373617693522923
15838,static_quality,1,0.58,0.689922480620155,0.19194312796208532,0.40310077519379844,0.6877440758293828
15838,static_quality,2,0.58,0.6779661016949152,0.20458135860979462,0.4745762711864407,0.6648467614533957
15838,static_quality,3,0.58,0.7096774193548387,0.1943127962085308,0.4064516129032258,0.6311658767772504
15838,static_quality,4,0.58,0.5694444444444444,0.20221169036334913,0.5277777777777778,0.564060031595574
15838,static_quality,5,0.58,0.6115107913669064,0.20221169036334913,0.5035971223021583,0.5941990521326999
15838,static_quality,6,0.58,0.6981132075471698,0.1966824644549763,0.3836477987421384,0.6405308056872032
15838,linear_development,1,0.7643613534111176,0.7807017543859649,0.12322274881516587,0.32456140350877194,0.7796745655608224
15838,linear_development,2,0.8370706671486388,0.7943262411347518,0.09399684044233807,0.3191489361702128,0.7457314375987373
15838,linear_development,3,0.8743637035127073,0.8082191780821918,0.06714060031595577,0.3493150684931507,0.7212827804107435
15838,linear_development,4,0.8961466337859629,0.8467741935483871,0.053712480252764615,0.27419354838709675,0.8107519747235402
15838,linear_development,5,0.9023736523946199,0.849624060150376,0.04265402843601896,0.3308270676691729,0.7622654028436037
15838,linear_development,6,0.9038586004331667,0.8486842105263158,0.036334913112164295,0.3157894736842105,0.744028436018959
15838,interaction_development,1,0.734694329858476,0.6428571428571429,0.17535545023696683,0.42142857142857143,0.6559052132701414
15838,interaction_development,2,0.856041862802331,0.7971014492753623,0.08451816745655608,0.3115942028985507,0.7575860979462882
15838,interaction_development,3,0.8957273803352741,0.8650793650793651,0.054502369668246446,0.2619047619047619,0.8154723538704595
15838,interaction_development,4,0.9113180416936992,0.8897058823529411,0.037914691943127965,0.22058823529411764,0.8347804107424974
15838,interaction_development,5,0.9146344849832178,0.8581560283687943,0.037914691943127965,0.24822695035460993,0.8086540284360202
15838,interaction_development,6,0.9153233291349436,0.9,0.03949447077409163,0.21666666666666667,0.8544328593996842
15838,feedback_development,1,0.7584705348193473,0.6837606837606838,0.1484992101105845,0.4444444444444444,0.6976240126382305
15838,feedback_development,2,0.8846951931449719,0.8405797101449275,0.08451816745655608,0.2971014492753623,0.7676966824644563
15838,feedback_development,3,0.9061924235872971,0.9051724137931034,0.04265402843601896,0.1896551724137931,0.8731879936808843
15838,feedback_development,4,0.9123166200396514,0.8571428571428571,0.04660347551342812,0.24060150375939848,0.8220505529225925
15838,feedback_development,5,0.9142899293868475,0.8823529411764706,0.035545023696682464,0.25,0.8145624012638238
15838,feedback_development,6,0.9134569751975081,0.8194444444444444,0.0339652448657188,0.3333333333333333,0.743977883096367
15839,static_quality,1,0.58,0.6911764705882353,0.1848341232227488,0.4411764705882353,0.649102685624012
15839,static_quality,2,0.58,0.6866666666666666,0.19589257503949448,0.38,0.6611184834123213
15839,static_quality,3,0.58,0.6535947712418301,0.18799368088467613,0.45751633986928103,0.5970394944707733
15839,static_quality,4,0.58,0.7089552238805971,0.19352290679304898,0.3880597014925373,0.6871658767772506
15839,static_quality,5,0.58,0.6982758620689655,0.19273301737756715,0.3706896551724138,0.7331437598736171
15839,static_quality,6,0.58,0.656441717791411,0.18799368088467613,0.4785276073619632,0.5570268562401263
15839,linear_development,1,0.7892585079588157,0.7484662576687117,0.12796208530805686,0.3558282208588957,0.6717030015797786
15839,linear_development,2,0.8442680770565256,0.8294573643410853,0.08530805687203792,0.34108527131782945,0.7525086887835708
15839,linear_development,3,0.8792730032179594,0.8741258741258742,0.05292259083728278,0.32867132867132864,0.7450995260663518
15839,linear_development,4,0.8978157114266063,0.8728813559322034,0.04976303317535545,0.2796610169491525,0.8167614533965254
15839,linear_development,5,0.9038963664611991,0.8775510204081632,0.045813586097946286,0.3129251700680272,0.7519083728278056
15839,linear_development,6,0.9061447750493044,0.8741258741258742,0.036334913112164295,0.2517482517482518,0.8045181674565575
15839,interaction_development,1,0.6947785027918345,0.6268656716417911,0.15955766192733017,0.5149253731343284,0.6091753554502355
15839,interaction_development,2,0.831247722524507,0.8235294117647058,0.11532385466034756,0.3025210084033613,0.7862464454976313
15839,interaction_development,3,0.8846871093627589,0.8188976377952756,0.06398104265402843,0.30708661417322836,0.7831184834123239
15839,interaction_development,4,0.9045415845381327,0.8787878787878788,0.04344391785150079,0.2878787878787879,0.7926540284360202
15839,interaction_development,5,0.9133281145095999,0.9029850746268657,0.04186413902053712,0.22388059701492538,0.833529225908374
15839,interaction_development,6,0.913320366035013,0.8461538461538461,0.04107424960505529,0.3153846153846154,0.777750394944709
15839,feedback_development,1,0.7837071182200185,0.7109375,0.146129541864139,0.421875,0.6882243285939962
15839,feedback_development,2,0.890976229948641,0.8472222222222222,0.06240126382306477,0.2916666666666667,0.7678704581358621
15839,feedback_development,3,0.9077933761334378,0.8503937007874016,0.04660347551342812,0.2125984251968504,0.8476018957345975
15839,feedback_development,4,0.9139466047077698,0.927536231884058,0.037914691943127965,0.2028985507246377,0.8438546603475516
15839,feedback_development,5,0.9133271328022627,0.855072463768116,0.04186413902053712,0.32608695652173914,0.7570616113744087
15839,feedback_development,6,0.9134370346347476,0.8507462686567164,0.04344391785150079,0.30597014925373134,0.7777030015797798
15840,static_quality,1,0.58,0.5454545454545454,0.23222748815165878,0.5950413223140496,0.577699842022115
15840,static_quality,2,0.58,0.5847457627118644,0.2132701421800948,0.5,0.6477030015797774
15840,static_quality,3,0.58,0.6504065040650406,0.20695102685624012,0.4878048780487805,0.643993680884675
15840,static_quality,4,0.58,0.7426470588235294,0.17851500789889416,0.3088235294117647,0.740944707740916
15840,static_quality,5,0.58,0.697841726618705,0.19984202211690363,0.4172661870503597,0.6550047393364914
15840,static_quality,6,0.58,0.7,0.19510268562401265,0.4076923076923077,0.6816966824644547
15840,linear_development,1,0.76552197619204,0.75,0.12006319115323855,0.3629032258064516,0.7396271721958931
15840,linear_development,2,0.8359419274940689,0.8629032258064516,0.08451816745655608,0.2661290322580645,0.8078167456556092
15840,linear_development,3,0.882411450901806,0.8881118881118881,0.06477093206951026,0.22377622377622378,0.818009478672987
15840,linear_development,4,0.9030570876919976,0.8843537414965986,0.04028436018957346,0.24489795918367346,0.8037124802527663
15840,linear_development,5,0.9076432464336148,0.9032258064516129,0.05134281200631911,0.25,0.8262590837282783
15840,linear_development,6,0.9099267365117896,0.8721804511278195,0.038704581358609796,0.20300751879699247,0.8492638230647704
15840,interaction_development,1,0.7392730180257766,0.7352941176470589,0.16113744075829384,0.38235294117647056,0.6945213270142174
15840,interaction_development,2,0.855051045794043,0.7936507936507936,0.10347551342812006,0.30158730158730157,0.7783159557661932
15840,interaction_development,3,0.8937681423694915,0.8372093023255814,0.05687203791469194,0.3023255813953488,0.7845687203791482
15840,interaction_development,4,0.9069163618898599,0.8455882352941176,0.04897314375987362,0.33088235294117646,0.7557314375987381
15840,interaction_development,5,0.9114367059716431,0.8278688524590164,0.04028436018957346,0.3114754098360656,0.7934849921011071
15840,interaction_development,6,0.9136391167033062,0.9097222222222222,0.02527646129541864,0.24305555555555555,0.8117187993680902
15840,feedback_development,1,0.7954379786831738,0.7164179104477612,0.15323854660347552,0.41044776119402987,0.6814470774091617
15840,feedback_development,2,0.8853599713888471,0.8633093525179856,0.07345971563981042,0.3669064748201439,0.7201137440758294
15840,feedback_development,3,0.9068801901183715,0.8776978417266187,0.04344391785150079,0.23741007194244604,0.8180189573459729
15840,feedback_development,4,0.912213226294261,0.9166666666666666,0.045023696682464455,0.24166666666666667,0.8379052132701423
15840,feedback_development,5,0.9133142858121854,0.8880597014925373,0.0339652448657188,0.291044776119403,0.7896998420221192
15840,feedback_development,6,0.9149604089775989,0.859504132231405,0.03238546603475513,0.19834710743801653,0.8665181674565564
15841,static_quality,1,0.58,0.6544117647058824,0.2037914691943128,0.49264705882352944,0.6087740916271691
15841,static_quality,2,0.58,0.7024793388429752,0.19747235387045814,0.4049586776859504,0.7010963665086878
15841,static_quality,3,0.58,0.6551724137931034,0.1895734597156398,0.496551724137931,0.5866603475513403
15841,static_quality,4,0.58,0.6534090909090909,0.1911532385466035,0.4375,0.560988941548181
15841,static_quality,5,0.58,0.6901408450704225,0.22037914691943128,0.45774647887323944,0.6153491311216412
15841,static_quality,6,0.58,0.6538461538461539,0.1990521327014218,0.3769230769230769,0.7013459715639798
15841,linear_development,1,0.7757929489466683,0.7794117647058824,0.1334913112164297,0.34558823529411764,0.7261864139020537
15841,linear_development,2,0.8498741220590211,0.8376623376623377,0.07740916271721959,0.2987012987012987,0.7442812006319118
15841,linear_development,3,0.8792663480079543,0.8872180451127819,0.05766192733017378,0.3458646616541353,0.7487109004739342
15841,linear_development,4,0.8980956338201841,0.8308823529411765,0.04028436018957346,0.3014705882352941,0.7777219589257504
15841,linear_development,5,0.9059522210888802,0.8467153284671532,0.044233807266982623,0.24087591240875914,0.8174628751974738
15841,linear_development,6,0.9064056365655617,0.8367346938775511,0.04107424960505529,0.2925170068027211,0.7680379146919443
15841,interaction_development,1,0.774104082262953,0.7891156462585034,0.1627172195892575,0.3197278911564626,0.7195039494470771
15841,interaction_development,2,0.8776284794388209,0.8424657534246576,0.07977883096366509,0.2534246575342466,0.7890394944707753
15841,interaction_development,3,0.9016392733642946,0.8333333333333334,0.053712480252764615,0.2857142857142857,0.8003349131121655
15841,interaction_development,4,0.9088468945379609,0.8333333333333334,0.037914691943127965,0.34210526315789475,0.788527646129543
15841,interaction_development,5,0.9112926848262397,0.8527131782945736,0.029225908372827805,0.34108527131782945,0.765835703001581
15841,interaction_development,6,0.9126873347373775,0.8548387096774194,0.0339652448657188,0.27419354838709675,0.8155134281200647
15841,feedback_development,1,0.7744766581081965,0.7317073170731707,0.1484992101105845,0.43089430894308944,0.6926255924170612
15841,feedback_development,2,0.8900424509183757,0.8413793103448276,0.07345971563981042,0.2896551724137931,0.765238546603477
15841,feedback_development,3,0.9052261606228349,0.8705035971223022,0.04660347551342812,0.30935251798561153,0.7667424960505543
15841,feedback_development,4,0.911273423399946,0.8787878787878788,0.0339652448657188,0.26515151515151514,0.8098041074249619
15841,feedback_development,5,0.9132899290185911,0.9202898550724637,0.026066350710900472,0.2608695652173913,0.8065181674565585
15841,feedback_development,6,0.9123678065646208,0.8931297709923665,0.04186413902053712,0.366412213740458,0.7420315955766202
15842,static_quality,1,0.58,0.6942148760330579,0.21011058451816747,0.4214876033057851,0.688379146919429
15842,static_quality,2,0.58,0.7164179104477612,0.21484992101105846,0.39552238805970147,0.677187993680884
15842,static_quality,3,0.58,0.6896551724137931,0.19352290679304898,0.41379310344827586,0.6465023696682456
15842,static_quality,4,0.58,0.7768595041322314,0.19352290679304898,0.35537190082644626,0.732556082148499
15842,static_quality,5,0.58,0.6492537313432836,0.18878357030015797,0.4253731343283582,0.6628341232227473
15842,static_quality,6,0.58,0.6511627906976745,0.19510268562401265,0.4263565891472868,0.671759873617693
15842,linear_development,1,0.775442540203219,0.78,0.11848341232227488,0.4,0.6639968404423385
15842,linear_development,2,0.834935012131241,0.7480314960629921,0.09399684044233807,0.3464566929133858,0.7509573459715644
15842,linear_development,3,0.8807143705993343,0.8794326241134752,0.061611374407582936,0.24113475177304963,0.808951026856242
15842,linear_development,4,0.9011516459941584,0.9015151515151515,0.04818325434439179,0.25,0.8167962085308063
15842,linear_development,5,0.9029818944505832,0.8082191780821918,0.054502369668246446,0.3767123287671233,0.7043127962085327
15842,linear_development,6,0.9057591339989105,0.8849557522123894,0.05608214849921011,0.25663716814159293,0.8349826224328596
15842,interaction_development,1,0.7145011478811638,0.7317073170731707,0.1769352290679305,0.42276422764227645,0.6910458135860977
15842,interaction_development,2,0.8430776579957536,0.7698412698412699,0.09320695102685624,0.30952380952380953,0.7762085308056877
15842,interaction_development,3,0.8981552477142543,0.8657718120805369,0.05845181674565561,0.2214765100671141,0.8141105845181692
15842,interaction_development,4,0.9096822286522002,0.8251748251748252,0.04818325434439179,0.3076923076923077,0.7607677725118497
15842,interaction_development,5,0.9145309958507041,0.875,0.037914691943127965,0.1875,0.8645181674565563
15842,interaction_development,6,0.9131879232488124,0.8344827586206897,0.03238546603475513,0.3448275862068966,0.73458767772512
15842,feedback_development,1,0.7843827890889368,0.7478260869565218,0.15165876777251186,0.3652173913043478,0.7475576619273299
15842,feedback_development,2,0.8845447792432504,0.8099173553719008,0.07582938388625593,0.2892561983471074,0.8003791469194316
15842,feedback_development,3,0.9052707223323064,0.851063829787234,0.04107424960505529,0.2765957446808511,0.7881263823064785
15842,feedback_development,4,0.9115584434744893,0.8549618320610687,0.04028436018957346,0.24427480916030533,0.8238672985782002
15842,feedback_development,5,0.9137448515658588,0.8896551724137931,0.045813586097946286,0.25517241379310346,0.7966856240126398
15842,feedback_development,6,0.9137215330194403,0.8848920863309353,0.0315955766192733,0.28776978417266186,0.7851785150079013
15843,static_quality,1,0.58,0.7605633802816901,0.19589257503949448,0.31690140845070425,0.7214849921011056
15843,static_quality,2,0.58,0.5746268656716418,0.19826224328593997,0.5522388059701493,0.5755513428120046
15843,static_quality,3,0.58,0.636986301369863,0.18246445497630331,0.4931506849315068,0.5885244865718787
15843,static_quality,4,0.58,0.6934306569343066,0.18325434439178515,0.4306569343065693,0.6536840442338061
15843,static_quality,5,0.58,0.6,0.20537124802527645,0.5142857142857142,0.6748372827804103
15843,static_quality,6,0.58,0.6567164179104478,0.1872037914691943,0.5149253731343284,0.6030521327014207
15843,linear_development,1,0.781074050358795,0.8014705882352942,0.13902053712480253,0.3088235294117647,0.7498862559241712
15843,linear_development,2,0.8468595753983796,0.8432835820895522,0.08688783570300158,0.27611940298507465,0.7877251184834135
15843,linear_development,3,0.8819155550641891,0.8368794326241135,0.06477093206951026,0.2978723404255319,0.7678167456556101
15843,linear_development,4,0.9035551448446102,0.9,0.04897314375987362,0.22857142857142856,0.8216556082148505
15843,linear_development,5,0.9063313837382787,0.88,0.02527646129541864,0.288,0.8067519747235405
15843,linear_development,6,0.9079935549844935,0.8740157480314961,0.04660347551342812,0.25196850393700787,0.8224612954186423
15843,interaction_development,1,0.6892367510634005,0.6428571428571429,0.1895734597156398,0.4642857142857143,0.6884707740916265
15843,interaction_development,2,0.8274941578464443,0.8015267175572519,0.10821484992101106,0.35877862595419846,0.7319620853080572
15843,interaction_development,3,0.8876423802975208,0.8692307692307693,0.05845181674565561,0.26153846153846155,0.8093807266982629
15843,interaction_development,4,0.9072588310987441,0.8592592592592593,0.038704581358609796,0.2518518518518518,0.8139178515007912
15843,interaction_development,5,0.9132474814029677,0.8778625954198473,0.03949447077409163,0.25190839694656486,0.818868878357032
15843,interaction_development,6,0.9130566260025538,0.7916666666666666,0.04028436018957346,0.3263888888888889,0.7479715639810443
15843,feedback_development,1,0.823288932950481,0.7777777777777778,0.13112164296998421,0.3541666666666667,0.7067361769352287
15843,feedback_development,2,0.8934851576224467,0.8642857142857143,0.05687203791469194,0.32857142857142857,0.7488341232227493
15843,feedback_development,3,0.9074669954509638,0.8652482269503546,0.038704581358609796,0.2624113475177305,0.798518167456558
15843,feedback_development,4,0.9124566888063285,0.8968253968253969,0.04107424960505529,0.24603174603174602,0.8287614533965254
15843,feedback_development,5,0.914783962525595,0.8689655172413793,0.0339652448657188,0.21379310344827587,0.830255924170618
15843,feedback_development,6,0.914814296398983,0.8633093525179856,0.023696682464454975,0.2733812949640288,0.7972164296998439
15844,static_quality,1,0.58,0.6060606060606061,0.18562401263823064,0.5,0.6180568720379135
15844,static_quality,2,0.58,0.676056338028169,0.20616113744075829,0.44366197183098594,0.6286319115323842
15844,static_quality,3,0.58,0.6788990825688074,0.18641390205371247,0.43119266055045874,0.715061611374408
15844,static_quality,4,0.58,0.6948051948051948,0.174565560821485,0.38961038961038963,0.6513459715639817
15844,static_quality,5,0.58,0.7132867132867133,0.19194312796208532,0.3986013986013986,0.6621737756714058
15844,static_quality,6,0.58,0.7050359712230215,0.20221169036334913,0.4028776978417266,0.6651058451816737
15844,linear_development,1,0.7843799878256454,0.7638888888888888,0.12322274881516587,0.3194444444444444,0.733892575039494
15844,linear_development,2,0.8461728207362633,0.8473282442748091,0.06872037914691943,0.29770992366412213,0.7818830963665098
15844,linear_development,3,0.8810535830489032,0.8872180451127819,0.061611374407582936,0.2857142857142857,0.7882906793048983
15844,linear_development,4,0.8980044882007843,0.8048780487804879,0.05529225908372828,0.3008130081300813,0.7951721958925762
15844,linear_development,5,0.9063154637697732,0.8832116788321168,0.04739336492890995,0.24087591240875914,0.8171184834123233
15844,linear_development,6,0.9083392674070776,0.9069767441860465,0.045023696682464455,0.24031007751937986,0.8275229067930502
15844,interaction_development,1,0.7132577959457376,0.648,0.16350710900473933,0.432,0.6841927330173776
15844,interaction_development,2,0.8326858993950819,0.753968253968254,0.0947867298578199,0.373015873015873,0.7358483412322278
15844,interaction_development,3,0.892014882295247,0.8758620689655172,0.060821484992101105,0.2689655172413793,0.7831216429699858
15844,interaction_development,4,0.9082057093877574,0.8650793650793651,0.04186413902053712,0.25396825396825395,0.8234660347551347
15844,interaction_development,5,0.9138893644932795,0.9565217391304348,0.0339652448657188,0.2246376811594203,0.830142180094788
15844,interaction_development,6,0.9156117645432507,0.903448275862069,0.037914691943127965,0.19310344827586207,0.8444802527646145
15844,feedback_development,1,0.8190029722573049,0.8074074074074075,0.13665086887835703,0.3333333333333333,0.7356903633491316
15844,feedback_development,2,0.8994904945533898,0.8732394366197183,0.06635071090047394,0.2323943661971831,0.81194944707741
15844,feedback_development,3,0.9091782283493519,0.9083333333333333,0.04344391785150079,0.23333333333333334,0.8433396524486576
15844,feedback_development,4,0.9107658001286554,0.7903225806451613,0.02764612954186414,0.3629032258064516,0.7610047393364936
15844,feedback_development,5,0.9141544426786642,0.9142857142857143,0.03949447077409163,0.22857142857142856,0.8238988941548196
15844,feedback_development,6,0.9149002583214992,0.8661417322834646,0.04107424960505529,0.2283464566929134,0.8389352290679313
15845,static_quality,1,0.58,0.6434108527131783,0.18878357030015797,0.46511627906976744,0.6481453396524479
15845,static_quality,2,0.58,0.6870748299319728,0.19352290679304898,0.4013605442176871,0.6518072669826221
15845,static_quality,3,0.58,0.6033057851239669,0.19589257503949448,0.47107438016528924,0.6616303317535533
15845,static_quality,4,0.58,0.6713286713286714,0.20616113744075829,0.45454545454545453,0.6186034755134254
15845,static_quality,5,0.58,0.6620689655172414,0.2132701421800948,0.38620689655172413,0.6619083728278037
15845,static_quality,6,0.58,0.6808510638297872,0.18878357030015797,0.41134751773049644,0.6575513428120046
15845,linear_development,1,0.7694124133405773,0.75,0.15560821484992102,0.3712121212121212,0.711121642969984
15845,linear_development,2,0.8428145901862216,0.8695652173913043,0.09083728278041074,0.26811594202898553,0.7865718799368093
15845,linear_development,3,0.882784690180852,0.8037974683544303,0.06635071090047394,0.3037974683544304,0.7367930489731446
15845,linear_development,4,0.9033308843281606,0.8827160493827161,0.04660347551342812,0.2716049382716049,0.7610647709320713
15845,linear_development,5,0.9091017722886243,0.89171974522293,0.04265402843601896,0.21019108280254778,0.8175639810426552
15845,linear_development,6,0.9074599908822383,0.8445945945945946,0.04739336492890995,0.30405405405405406,0.7562717219589263
15845,interaction_development,1,0.732962055623348,0.7131782945736435,0.1769352290679305,0.3875968992248062,0.7013048973143745
15845,interaction_development,2,0.8634180275716813,0.8258064516129032,0.08609794628751975,0.3096774193548387,0.7319810426540296
15845,interaction_development,3,0.8962924010520938,0.8115942028985508,0.06477093206951026,0.32608695652173914,0.7521137440758308
15845,interaction_development,4,0.9108683237933222,0.8591549295774648,0.05055292259083728,0.2535211267605634,0.8009952606635088
15845,interaction_development,5,0.9141175585348906,0.916083916083916,0.03317535545023697,0.2517482517482518,0.8048688783570325
15845,interaction_development,6,0.9146735053730166,0.8676470588235294,0.04660347551342812,0.2426470588235294,0.816944707740917
15845,feedback_development,1,0.7907604931569445,0.7054263565891473,0.1627172195892575,0.40310077519379844,0.6944044233807265
15845,feedback_development,2,0.8868218966942888,0.8203125,0.06477093206951026,0.3046875,0.7827709320695115
15845,feedback_development,3,0.9055022686488584,0.8880597014925373,0.04344391785150079,0.26865671641791045,0.8028815165876804
15845,feedback_development,4,0.9110452983998102,0.8955223880597015,0.04344391785150079,0.27611940298507465,0.797345971563983
15845,feedback_development,5,0.9145491930587869,0.9285714285714286,0.03317535545023697,0.20714285714285716,0.84081832543444
15845,feedback_development,6,0.9142964002133142,0.8740740740740741,0.03317535545023697,0.2962962962962963,0.7847772511848359
15846,static_quality,1,0.58,0.7063492063492064,0.2014218009478673,0.4126984126984127,0.6851785150078986
15846,static_quality,2,0.58,0.6774193548387096,0.20774091627172195,0.45161290322580644,0.6634218009478655
15846,static_quality,3,0.58,0.7401574803149606,0.19510268562401265,0.3543307086614173,0.722151658767772
15846,static_quality,4,0.58,0.6766917293233082,0.20537124802527645,0.41353383458646614,0.6692195892575028
15846,static_quality,5,0.58,0.7142857142857143,0.22037914691943128,0.3609022556390977,0.7010805687203776
15846,static_quality,6,0.58,0.6328125,0.20774091627172195,0.484375,0.6335134281200625
15846,linear_development,1,0.7627134231454206,0.7419354838709677,0.13665086887835703,0.3870967741935484,0.7207330173775668
15846,linear_development,2,0.8344552738749,0.8217054263565892,0.09162717219589257,0.2868217054263566,0.7864265402843617
15846,linear_development,3,0.8719139672963866,0.8041958041958042,0.05924170616113744,0.34965034965034963,0.7287519747235397
15846,linear_development,4,0.8957727784640755,0.8524590163934426,0.04739336492890995,0.2540983606557377,0.8268973143759883
15846,linear_development,5,0.9036741008260801,0.900709219858156,0.04344391785150079,0.3191489361702128,0.7568783570300167
15846,linear_development,6,0.9097066773977915,0.9136690647482014,0.05134281200631911,0.17985611510791366,0.8564296998420227
15846,interaction_development,1,0.7176435405066417,0.6976744186046512,0.17772511848341233,0.43410852713178294,0.6706666666666659
15846,interaction_development,2,0.8555341018352308,0.8625954198473282,0.10347551342812006,0.25190839694656486,0.8038546603475526
15846,interaction_development,3,0.8986588218937873,0.8835616438356164,0.054502369668246446,0.2602739726027397,0.7894218009478685
15846,interaction_development,4,0.9112545799682055,0.8642857142857143,0.03949447077409163,0.2571428571428571,0.8035734597156412
15846,interaction_development,5,0.9150109814710703,0.9407407407407408,0.04344391785150079,0.2,0.8476966824644555
15846,interaction_development,6,0.9147022024737496,0.8985507246376812,0.035545023696682464,0.2753623188405797,0.7943507109004752
15846,feedback_development,1,0.828319852585657,0.7671232876712328,0.14139020537124802,0.3424657534246575,0.7092164296998416
15846,feedback_development,2,0.9013878880799044,0.8701298701298701,0.05134281200631911,0.22727272727272727,0.8057598736176961
15846,feedback_development,3,0.9071512143757583,0.8613138686131386,0.04344391785150079,0.35036496350364965,0.7418704581358626
15846,feedback_development,4,0.9117982902379274,0.8846153846153846,0.04897314375987362,0.27692307692307694,0.8008815165876793
15846,feedback_development,5,0.9135376950704839,0.8454545454545455,0.035545023696682464,0.24545454545454545,0.8503823064770929
15846,feedback_development,6,0.9155906253572017,0.9312977099236641,0.035545023696682464,0.183206106870229,0.8649447077409159
15847,static_quality,1,0.58,0.6842105263157895,0.20853080568720378,0.43609022556390975,0.653162717219588
15847,static_quality,2,0.58,0.6953125,0.1966824644549763,0.3984375,0.691251184834123
15847,static_quality,3,0.58,0.7,0.1943127962085308,0.42,0.6312543443917835
15847,static_quality,4,0.58,0.6046511627906976,0.19273301737756715,0.4883720930232558,0.6316556082148486
15847,static_quality,5,0.58,0.6692307692307692,0.18009478672985782,0.4230769230769231,0.6756587677725124
15847,static_quality,6,0.58,0.7364341085271318,0.1966824644549763,0.3875968992248062,0.6964960505529221
15847,linear_development,1,0.7703126634512287,0.7950819672131147,0.12717219589257503,0.319672131147541,0.7680663507109003
15847,linear_development,2,0.8481432355241145,0.8421052631578947,0.07345971563981042,0.27631578947368424,0.7652922590837297
15847,linear_development,3,0.8810745712143726,0.88,0.060821484992101105,0.272,0.8088120063191166
15847,linear_development,4,0.8965012661575336,0.8618421052631579,0.045023696682464455,0.3684210526315789,0.7011058451816756
15847,linear_development,5,0.9049103250934101,0.8846153846153846,0.04818325434439179,0.23846153846153847,0.8275102685624025
15847,linear_development,6,0.9065126092006988,0.8805970149253731,0.044233807266982623,0.26865671641791045,0.8026350710900492
15847,interaction_development,1,0.730796122807731,0.6764705882352942,0.174565560821485,0.41911764705882354,0.6662875197472338
15847,interaction_development,2,0.8351240766687442,0.784,0.09794628751974724,0.4,0.7191184834123237
15847,interaction_development,3,0.8921406836168685,0.8702290076335878,0.05766192733017378,0.2366412213740458,0.8248183254344407
15847,interaction_development,4,0.9066785026516782,0.8805970149253731,0.052132701421800945,0.3208955223880597,0.7650110584518178
15847,interaction_development,5,0.9128963151350864,0.8731343283582089,0.030805687203791468,0.27611940298507465,0.8005244865718819
15847,interaction_development,6,0.9132539879957196,0.8551724137931035,0.035545023696682464,0.30344827586206896,0.7642969984202224
15847,feedback_development,1,0.8217017750827075,0.753731343283582,0.13507109004739337,0.3208955223880597,0.7464454976303317
15847,feedback_development,2,0.8959851228452398,0.85,0.054502369668246446,0.29285714285714287,0.7743538704581371
15847,feedback_development,3,0.9069730814289619,0.873015873015873,0.04344391785150079,0.2777777777777778,0.807842022116905
15847,feedback_development,4,0.9125775433935805,0.8581560283687943,0.04660347551342812,0.2553191489361702,0.8018262243285958
15847,feedback_development,5,0.9134431790934106,0.8307692307692308,0.04344391785150079,0.2923076923076923,0.7927235387045829
15847,feedback_development,6,0.9134087833816112,0.8321167883211679,0.037914691943127965,0.2846715328467153,0.7890300157977905
15848,static_quality,1,0.58,0.6212121212121212,0.1943127962085308,0.49242424242424243,0.6217661927330145
15848,static_quality,2,0.58,0.6417910447761194,0.20695102685624012,0.4701492537313433,0.6286793048973133
15848,static_quality,3,0.58,0.6239316239316239,0.18799368088467613,0.48717948717948717,0.663595576619272
15848,static_quality,4,0.58,0.6875,0.19510268562401265,0.3984375,0.6922116903633486
15848,static_quality,5,0.58,0.6690140845070423,0.19510268562401265,0.45774647887323944,0.6210616113744062
15848,static_quality,6,0.58,0.689922480620155,0.19589257503949448,0.4108527131782946,0.6816429699842012
15848,linear_development,1,0.7711893176139184,0.792,0.12954186413902052,0.328,0.7576556082148502
15848,linear_development,2,0.8441766193757871,0.8359375,0.10505529225908374,0.234375,0.8184612954186418
15848,linear_development,3,0.8857557836517282,0.8920863309352518,0.061611374407582936,0.22302158273381295,0.8233586097946289
15848,linear_development,4,0.9015714690826273,0.8482758620689655,0.0339652448657188,0.296551724137931,0.7697061611374421
15848,linear_development,5,0.9061027742023661,0.8263888888888888,0.04344391785150079,0.2708333333333333,0.7880537124802545
15848,linear_development,6,0.9055673343990249,0.8357142857142857,0.044233807266982623,0.3,0.772113744075831
15848,interaction_development,1,0.7346399670146264,0.76,0.165086887835703,0.36,0.7295766192733019
15848,interaction_development,2,0.8624618885440272,0.8533333333333334,0.08688783570300158,0.30666666666666664,0.7417093206951032
15848,interaction_development,3,0.9004969908480089,0.8768115942028986,0.04186413902053712,0.2536231884057971,0.8078894154818337
15848,interaction_development,4,0.9094377783487119,0.7844827586206896,0.04660347551342812,0.31896551724137934,0.796988941548184
15848,interaction_development,5,0.9137439078895637,0.8888888888888888,0.035545023696682464,0.23703703703703705,0.8250900473933659
15848,interaction_development,6,0.9141366088769125,0.8951612903225806,0.038704581358609796,0.2661290322580645,0.8188151658767788
15848,feedback_development,1,0.8061107579177138,0.7304964539007093,0.15718799368088468,0.40425531914893614,0.6701769352290673
15848,feedback_development,2,0.8842146674680358,0.7983193277310925,0.060821484992101105,0.3277310924369748,0.7843633491311228
15848,feedback_development,3,0.9065950261012321,0.9037037037037037,0.05134281200631911,0.23703703703703705,0.820663507109006
15848,feedback_development,4,0.9101531435834505,0.8333333333333334,0.04186413902053712,0.3148148148148148,0.813301737756715
15848,feedback_development,5,0.9118452236645371,0.8320610687022901,0.04186413902053712,0.33587786259541985,0.7622654028436037
15848,feedback_development,6,0.9137496919327541,0.8661971830985915,0.030805687203791468,0.23943661971830985,0.8156714060031612
15849,static_quality,1,0.58,0.675,0.20616113744075829,0.43333333333333335,0.6845529225908359
15849,static_quality,2,0.58,0.6618705035971223,0.17851500789889416,0.45323741007194246,0.6349921011058439
15849,static_quality,3,0.58,0.6617647058823529,0.174565560821485,0.4485294117647059,0.6462464454976296
15849,static_quality,4,0.58,0.6590909090909091,0.21011058451816747,0.4318181818181818,0.6580410742496043
15849,static_quality,5,0.58,0.6744186046511628,0.17377567140600317,0.4496124031007752,0.6617630331753552
15849,static_quality,6,0.58,0.6408450704225352,0.19194312796208532,0.4295774647887324,0.6419494470774088
15849,linear_development,1,0.7657681465060995,0.7669172932330827,0.11216429699842022,0.39849624060150374,0.701001579778832
15849,linear_development,2,0.8413556677049112,0.85,0.08688783570300158,0.2785714285714286,0.7775797788309644
15849,linear_development,3,0.8766851079978217,0.8217054263565892,0.0679304897314376,0.3023255813953488,0.7816398104265406
15849,linear_development,4,0.8949572957284501,0.8761061946902655,0.05687203791469194,0.2920353982300885,0.8147361769352297
15849,linear_development,5,0.9032123607868325,0.8671875,0.05055292259083728,0.3203125,0.7755829383886269
15849,linear_development,6,0.9068297951992466,0.9041095890410958,0.05055292259083728,0.2465753424657534,0.8009857819905222
15849,interaction_development,1,0.7185431768292777,0.6893939393939394,0.179304897314376,0.4393939393939394,0.6601042654028424
15849,interaction_development,2,0.853232874048503,0.8211920529801324,0.08372827804107424,0.33774834437086093,0.716922590837284
15849,interaction_development,3,0.889554894179857,0.8487394957983193,0.053712480252764615,0.3277310924369748,0.7856303317535561
15849,interaction_development,4,0.9067203176435519,0.8680555555555556,0.03949447077409163,0.3125,0.7582527646129557
15849,interaction_development,5,0.9133184997527516,0.8857142857142857,0.0315955766192733,0.22857142857142856,0.8253491311216438
15849,interaction_development,6,0.91379433943228,0.8615384615384616,0.05292259083728278,0.27692307692307694,0.8005781990521337
15849,feedback_development,1,0.8067241762748347,0.6971830985915493,0.15165876777251186,0.4014084507042254,0.6714818325434445
15849,feedback_development,2,0.8872688809284326,0.8571428571428571,0.07187993680884676,0.3253968253968254,0.7706729857819917
15849,feedback_development,3,0.9073044165813933,0.9224806201550387,0.04265402843601896,0.1937984496124031,0.858312796208531
15849,feedback_development,4,0.9119634592809649,0.8592592592592593,0.04818325434439179,0.28888888888888886,0.7861358609794636
15849,feedback_development,5,0.9144405196980134,0.905511811023622,0.02843601895734597,0.2283464566929134,0.8412796208530805
15849,feedback_development,6,0.9149085002138662,0.86875,0.04265402843601896,0.25625,0.7770552922590849
15850,static_quality,1,0.58,0.6099290780141844,0.19194312796208532,0.5035460992907801,0.5917219589257485
15850,static_quality,2,0.58,0.624,0.20616113744075829,0.496,0.6338925750394923
15850,static_quality,3,0.58,0.5645161290322581,0.19273301737756715,0.5080645161290323,0.6322369668246429
15850,static_quality,4,0.58,0.71875,0.20695102685624012,0.3671875,0.7093870458135852
15850,static_quality,5,0.58,0.6830985915492958,0.19273301737756715,0.4084507042253521,0.6570647709320678
15850,static_quality,6,0.58,0.6544117647058824,0.20063191153238547,0.47058823529411764,0.6251216429699841
15850,linear_development,1,0.776094672888477,0.8175182481751825,0.13270142180094788,0.34306569343065696,0.726192733017378
15850,linear_development,2,0.8463380043308824,0.8571428571428571,0.07898894154818326,0.24812030075187969,0.8099052132701438
15850,linear_development,3,0.8761429998075445,0.856,0.053712480252764615,0.344,0.7647014218009488
15850,linear_development,4,0.9005838152310155,0.8695652173913043,0.04897314375987362,0.2318840579710145,0.82134281200632
15850,linear_development,5,0.9086626389220924,0.8874172185430463,0.037914691943127965,0.2251655629139073,0.8137472353870471
15850,linear_development,6,0.9074053934989683,0.8214285714285714,0.04344391785150079,0.3142857142857143,0.7622622432859408
15850,interaction_development,1,0.7239295037543328,0.743801652892562,0.165086887835703,0.38016528925619836,0.7242875197472354
15850,interaction_development,2,0.8396691701762886,0.8099173553719008,0.07977883096366509,0.33884297520661155,0.7690205371248033
15850,interaction_development,3,0.8920317955601585,0.8666666666666667,0.06556082148499211,0.26666666666666666,0.7971374407582953
15850,interaction_development,4,0.9093776223076621,0.8601398601398601,0.037914691943127965,0.26573426573426573,0.7940505529225925
15850,interaction_development,5,0.9139186031654021,0.8979591836734694,0.04028436018957346,0.2585034013605442,0.7931816745655622
15850,interaction_development,6,0.9148264016069132,0.9296875,0.044233807266982623,0.234375,0.8326287519747242
15850,feedback_development,1,0.8107327599633445,0.8120300751879699,0.12717219589257503,0.3533834586466165,0.7279747235387048
15850,feedback_development,2,0.8955941744721577,0.8116883116883117,0.05924170616113744,0.3116883116883117,0.738660347551345
15850,feedback_development,3,0.9076897042449821,0.8428571428571429,0.045023696682464455,0.2714285714285714,0.7926761453396541
15850,feedback_development,4,0.914543958414525,0.9444444444444444,0.04107424960505529,0.18055555555555555,0.8539304897314384
15850,feedback_development,5,0.913567198283799,0.8333333333333334,0.038704581358609796,0.32,0.7429921011058471
15850,feedback_development,6,0.9133738627917682,0.8409090909090909,0.04897314375987362,0.3106060606060606,0.7759778830963677
15851,static_quality,1,0.58,0.6972477064220184,0.2132701421800948,0.41284403669724773,0.7187393364928902
15851,static_quality,2,0.58,0.7019867549668874,0.1943127962085308,0.3841059602649007,0.6565497630331742
15851,static_quality,3,0.58,0.6992481203007519,0.1848341232227488,0.42857142857142855,0.6638925750394931
15851,static_quality,4,0.58,0.7284768211920529,0.19984202211690363,0.3841059602649007,0.6550142180094786
15851,static_quality,5,0.58,0.7058823529411765,0.17614533965244866,0.40441176470588236,0.6756050552922587
15851,static_quality,6,0.58,0.6417910447761194,0.19352290679304898,0.44029850746268656,0.6520126382306479
15851,linear_development,1,0.7653432483401764,0.776,0.1382306477093207,0.368,0.7301042654028442
15851,linear_development,2,0.8348261237964956,0.8195488721804511,0.08609794628751975,0.3157894736842105,0.76266982622433
15851,linear_development,3,0.876291715463045,0.8602941176470589,0.060821484992101105,0.27205882352941174,0.7936050552922604
15851,linear_development,4,0.8979982388926748,0.8620689655172413,0.05055292259083728,0.23275862068965517,0.8467298578199057
15851,linear_development,5,0.9047457978264896,0.8471337579617835,0.03317535545023697,0.29936305732484075,0.7490710900473952
15851,linear_development,6,0.9054214332132942,0.8633093525179856,0.03949447077409163,0.302158273381295,0.7727962085308068
15851,interaction_development,1,0.7429403833183478,0.7424242424242424,0.1769352290679305,0.3560606060606061,0.7159715639810419
15851,interaction_development,2,0.873417719993915,0.8873239436619719,0.07582938388625593,0.21830985915492956,0.8198388625592424
15851,interaction_development,3,0.9027934798103692,0.8914728682170543,0.038704581358609796,0.23255813953488372,0.8338767772511846
15851,interaction_development,4,0.9115886737006422,0.8429752066115702,0.04028436018957346,0.2727272727272727,0.8188783570300171
15851,interaction_development,5,0.913319861141129,0.8533333333333334,0.045023696682464455,0.29333333333333333,0.7617440758293856
15851,interaction_development,6,0.9142225404337825,0.8359375,0.04028436018957346,0.25,0.8238135860979474
15851,feedback_development,1,0.7951108837326313,0.725925925925926,0.14533965244865718,0.4148148148148148,0.6782906793048977
15851,feedback_development,2,0.8828017528242438,0.8333333333333334,0.06635071090047394,0.3492063492063492,0.7571595576619289
15851,feedback_development,3,0.906764672008003,0.8592592592592593,0.04028436018957346,0.2074074074074074,0.8440347551342816
15851,feedback_development,4,0.9105110426958345,0.8309859154929577,0.036334913112164295,0.33098591549295775,0.7487235387045834
15851,feedback_development,5,0.9127972015287908,0.855072463768116,0.038704581358609796,0.2826086956521739,0.7889415481832558
15851,feedback_development,6,0.9137644118998813,0.8827586206896552,0.037914691943127965,0.2620689655172414,0.7938199052132717
15852,static_quality,1,0.58,0.6486486486486487,0.2037914691943128,0.44594594594594594,0.6141737756714055
15852,static_quality,2,0.58,0.7293233082706767,0.21484992101105846,0.37593984962406013,0.6920916271721945
15852,static_quality,3,0.58,0.6615384615384615,0.18562401263823064,0.4461538461538462,0.6588246445497625
15852,static_quality,4,0.58,0.676923076923077,0.21721958925750395,0.4076923076923077,0.6771121642969974
15852,static_quality,5,0.58,0.7083333333333334,0.1943127962085308,0.45,0.6772195892575039
15852,static_quality,6,0.58,0.6993464052287581,0.2014218009478673,0.39869281045751637,0.639579778830963
15852,linear_development,1,0.7734900658280935,0.7698412698412699,0.1334913112164297,0.31746031746031744,0.761968404423381
15852,linear_development,2,0.8465483312984705,0.8382352941176471,0.07977883096366509,0.25,0.8039873617693534
15852,linear_development,3,0.8803308068257042,0.85,0.06477093206951026,0.32142857142857145,0.7524391785150091
15852,linear_development,4,0.8977242317225675,0.8396946564885496,0.05608214849921011,0.31297709923664124,0.7746698262243299
15852,linear_development,5,0.903183825393169,0.863013698630137,0.04344391785150079,0.3287671232876712,0.7419652448657192
15852,linear_development,6,0.9058474674889594,0.9166666666666666,0.04976303317535545,0.25757575757575757,0.8112890995260675
15852,interaction_development,1,0.7136438995872256,0.6612903225806451,0.174565560821485,0.4274193548387097,0.6867077409162707
15852,interaction_development,2,0.8245965141207505,0.7787610619469026,0.10821484992101106,0.37168141592920356,0.7573775671406009
15852,interaction_development,3,0.8874932863793045,0.8299319727891157,0.05766192733017378,0.30612244897959184,0.7545023696682474
15852,interaction_development,4,0.9082763453610404,0.8741721854304636,0.04739336492890995,0.271523178807947,0.7763633491311229
15852,interaction_development,5,0.9140886769917435,0.8627450980392157,0.03475513428120063,0.24183006535947713,0.7994913112164316
15852,interaction_development,6,0.9140125351469449,0.8809523809523809,0.037914691943127965,0.29365079365079366,0.7990078988941565
15852,feedback_development,1,0.7882174042644083,0.688,0.160347551342812,0.4,0.7049289099526063
15852,feedback_development,2,0.889611126807159,0.8283582089552238,0.06240126382306477,0.2835820895522388,0.7880252764612968
15852,feedback_development,3,0.907414381391835,0.8478260869565217,0.045023696682464455,0.2463768115942029,0.8123696682464464
15852,feedback_development,4,0.9123422680427282,0.916083916083916,0.044233807266982623,0.27972027972027974,0.781902053712482
15852,feedback_development,5,0.9135904913589944,0.8709677419354839,0.038704581358609796,0.28225806451612906,0.8092069510268576
15852,feedback_development,6,0.914254969055557,0.8559322033898306,0.04186413902053712,0.2627118644067797,0.8285845181674577
15853,static_quality,1,0.58,0.7014925373134329,0.19194312796208532,0.44776119402985076,0.6473996840442331
15853,static_quality,2,0.58,0.6715328467153284,0.179304897314376,0.4744525547445255,0.6247203791469189
15853,static_quality,3,0.58,0.6589147286821705,0.19826224328593997,0.43410852713178294,0.6662527646129539
15853,static_quality,4,0.58,0.6446280991735537,0.19826224328593997,0.4628099173553719,0.6659273301737743
15853,static_quality,5,0.58,0.6802325581395349,0.19510268562401265,0.4883720930232558,0.5249257503949427
15853,static_quality,6,0.58,0.7153846153846154,0.21642969984202212,0.3923076923076923,0.6870742496050544
15853,linear_development,1,0.748570488573169,0.6521739130434783,0.14139020537124802,0.4434782608695652,0.7048183254344386
15853,linear_development,2,0.8275033573888335,0.7923076923076923,0.10268562401263823,0.2846153846153846,0.7838199052132705
15853,linear_development,3,0.8755563263018429,0.8732394366197183,0.052132701421800945,0.2535211267605634,0.800552922590838
15853,linear_development,4,0.8981234087094587,0.8769230769230769,0.05055292259083728,0.2692307692307692,0.8064676145339662
15853,linear_development,5,0.9076067635928537,0.8897058823529411,0.04897314375987362,0.22794117647058823,0.8267266982622442
15853,linear_development,6,0.907868936423364,0.8582089552238806,0.04344391785150079,0.2835820895522388,0.792628751974725
15853,interaction_development,1,0.7425316165766764,0.75,0.15955766192733017,0.33064516129032256,0.750682464454976
15853,interaction_development,2,0.8599541527762179,0.8360655737704918,0.08056872037914692,0.2459016393442623,0.8242685624012639
15853,interaction_development,3,0.8989044174151861,0.8493150684931506,0.05687203791469194,0.273972602739726,0.7789036334913134
15853,interaction_development,4,0.9106590328613385,0.8285714285714286,0.037914691943127965,0.2857142857142857,0.7838515007898917
15853,interaction_development,5,0.9131681840025674,0.8780487804878049,0.03317535545023697,0.2926829268292683,0.804922590837285
15853,interaction_development,6,0.9138917315255326,0.8507462686567164,0.04660347551342812,0.26865671641791045,0.802018957345974
15853,feedback_development,1,0.8430465610196001,0.7935483870967742,0.1287519747235387,0.3161290322580645,0.7169415481832542
15853,feedback_development,2,0.8997365845451998,0.8689655172413793,0.052132701421800945,0.2896551724137931,0.770360189573461
15853,feedback_development,3,0.9091059594253137,0.9193548387096774,0.045813586097946286,0.24193548387096775,0.8325845181674577
15853,feedback_development,4,0.9127026446533228,0.8629032258064516,0.044233807266982623,0.2661290322580645,0.8175924170616127
15853,feedback_development,5,0.9145399358263487,0.8958333333333334,0.03475513428120063,0.22916666666666666,0.8197409162717232
15853,feedback_development,6,0.9134945769739432,0.872,0.04186413902053712,0.32,0.7828593996840453
15854,static_quality,1,0.58,0.6598639455782312,0.174565560821485,0.47619047619047616,0.6005939968404411
15854,static_quality,2,0.58,0.6884057971014492,0.20458135860979462,0.38405797101449274,0.6799873617693512
15854,static_quality,3,0.58,0.6985294117647058,0.18325434439178515,0.39705882352941174,0.6792322274881504
15854,static_quality,4,0.58,0.6870748299319728,0.19273301737756715,0.4557823129251701,0.6111342812006298
15854,static_quality,5,0.58,0.5785123966942148,0.20537124802527645,0.5537190082644629,0.6093459715639796
15854,static_quality,6,0.58,0.712,0.20221169036334913,0.432,0.6749636650868865
15854,linear_development,1,0.7757070505189662,0.746268656716418,0.12954186413902052,0.3358208955223881,0.7372385466034757
15854,linear_development,2,0.8382907082510969,0.848,0.08372827804107424,0.304,0.7833175355450245
15854,linear_development,3,0.8712090075550163,0.7815126050420168,0.06872037914691943,0.3277310924369748,0.7821484992101122
15854,linear_development,4,0.8944345434946823,0.9008264462809917,0.06003159557661927,0.2644628099173554,0.8188973143759883
15854,linear_development,5,0.9013109714934575,0.8043478260869565,0.04818325434439179,0.3695652173913043,0.7260663507109011
15854,linear_development,6,0.9026960703851128,0.8166666666666667,0.03712480252764613,0.3333333333333333,0.7843981042654037
15854,interaction_development,1,0.7171629972001303,0.7586206896551724,0.1674565560821485,0.3793103448275862,0.7337851500789887
15854,interaction_development,2,0.8510700721342257,0.781021897810219,0.07819905213270142,0.30656934306569344,0.7645434439178522
15854,interaction_development,3,0.8952139165154274,0.8776978417266187,0.06398104265402843,0.2805755395683453,0.7829194312796224
15854,interaction_development,4,0.9105086162896271,0.9185185185185185,0.038704581358609796,0.24444444444444444,0.8187962085308071
15854,interaction_development,5,0.9137100969944723,0.8461538461538461,0.038704581358609796,0.27692307692307694,0.8038767772511861
15854,interaction_development,6,0.9137861254682396,0.84,0.04186413902053712,0.28,0.8084834123222762
15854,feedback_development,1,0.7843967664621727,0.7264957264957265,0.15718799368088468,0.36752136752136755,0.7411058451816749
15854,feedback_development,2,0.8912880082349017,0.835820895522388,0.05766192733017378,0.26119402985074625,0.804619273301739
15854,feedback_development,3,0.9074617478582978,0.8723404255319149,0.04186413902053712,0.2624113475177305,0.7977725118483431
15854,feedback_development,4,0.9123791669612284,0.8382352941176471,0.037914691943127965,0.2647058823529412,0.8045908372827818
15854,feedback_development,5,0.9136090075186449,0.8527131782945736,0.03475513428120063,0.26356589147286824,0.8146635071090066
15854,feedback_development,6,0.9135152894889444,0.8625954198473282,0.037914691943127965,0.29770992366412213,0.7889731437598755
15855,static_quality,1,0.58,0.6293706293706294,0.16587677725118483,0.5034965034965035,0.5925434439178501
15855,static_quality,2,0.58,0.664,0.19826224328593997,0.496,0.6353775671405987
15855,static_quality,3,0.58,0.7166666666666667,0.2156398104265403,0.4083333333333333,0.6969036334913107
15855,static_quality,4,0.58,0.6713286713286714,0.20616113744075829,0.46853146853146854,0.608458135860978
15855,static_quality,5,0.58,0.6642857142857143,0.19510268562401265,0.38571428571428573,0.6766919431279613
15855,static_quality,6,0.58,0.6335877862595419,0.19984202211690363,0.4580152671755725,0.6453270142180082
15855,linear_development,1,0.787296544698121,0.7718120805369127,0.13507109004739337,0.3221476510067114,0.7211974723538714
15855,linear_development,2,0.8479609282528198,0.8253968253968254,0.07187993680884676,0.2698412698412698,0.806458135860981
15855,linear_development,3,0.8810450325607364,0.8809523809523809,0.05608214849921011,0.2857142857142857,0.799699842022118
15855,linear_development,4,0.9021213066943258,0.8768115942028986,0.038704581358609796,0.2463768115942029,0.8139810426540295
15855,linear_development,5,0.9050995557164039,0.8732394366197183,0.05134281200631911,0.31690140845070425,0.7555608214849934
15855,linear_development,6,0.9076668905887643,0.8561151079136691,0.04660347551342812,0.2446043165467626,0.8121263823064786
15855,interaction_development,1,0.6811165499009444,0.6213592233009708,0.21011058451816747,0.44660194174757284,0.7139431279620844
15855,interaction_development,2,0.8159439795680181,0.7586206896551724,0.11611374407582939,0.35344827586206895,0.7611279620853096
15855,interaction_development,3,0.8823860626657932,0.8461538461538461,0.06240126382306477,0.32867132867132864,0.7421548183254355
15855,interaction_development,4,0.905573009785537,0.90625,0.04897314375987362,0.234375,0.8315513428120069
15855,interaction_development,5,0.9135701597194195,0.8840579710144928,0.03317535545023697,0.2463768115942029,0.8150868878357047
15855,interaction_development,6,0.9140239403946131,0.8405797101449275,0.029225908372827805,0.2898550724637681,0.785567140600318
15855,feedback_development,1,0.825188911173282,0.8270676691729323,0.1484992101105845,0.3007518796992481,0.7581769352290684
15855,feedback_development,2,0.8959049836519206,0.8661417322834646,0.06556082148499211,0.25984251968503935,0.8129478672985802
15855,feedback_development,3,0.9089068108824936,0.8992248062015504,0.04186413902053712,0.21705426356589147,0.843633491311218
15855,feedback_development,4,0.9122450161964336,0.8467153284671532,0.036334913112164295,0.30656934306569344,0.7740000000000009
15855,feedback_development,5,0.9142111564659816,0.9097744360902256,0.03238546603475513,0.23308270676691728,0.830619273301738
15855,feedback_development,6,0.9150421550084471,0.9103448275862069,0.05766192733017378,0.23448275862068965,0.8090363349131138
15856,static_quality,1,0.58,0.6290322580645161,0.19826224328593997,0.5,0.6354691943127942
15856,static_quality,2,0.58,0.6890756302521008,0.20300157977883096,0.3865546218487395,0.7155134281200628
15856,static_quality,3,0.58,0.6456692913385826,0.20458135860979462,0.4566929133858268,0.6547898894154809
15856,static_quality,4,0.58,0.5815602836879432,0.1966824644549763,0.49645390070921985,0.5949857819905194
15856,static_quality,5,0.58,0.6597222222222222,0.20063191153238547,0.4444444444444444,0.6248246445497619
15856,static_quality,6,0.58,0.6615384615384615,0.2093206951026856,0.4230769230769231,0.667778830963664
15856,linear_development,1,0.7708037740694711,0.7181208053691275,0.12243285939968404,0.4228187919463087,0.6480126382306473
15856,linear_development,2,0.839059927435412,0.8273381294964028,0.09873617693522907,0.3237410071942446,0.7441895734597161
15856,linear_development,3,0.878094689006047,0.8529411764705882,0.061611374407582936,0.2867647058823529,0.7831563981042661
15856,linear_development,4,0.8962234436359096,0.8345864661654135,0.04739336492890995,0.3233082706766917,0.7666477093206968
15856,linear_development,5,0.9043977246874774,0.8633093525179856,0.04028436018957346,0.2805755395683453,0.7881642969984215
15856,linear_development,6,0.9046640804124038,0.8549618320610687,0.04028436018957346,0.31297709923664124,0.7782717219589274
15856,interaction_development,1,0.7485416629641551,0.6986301369863014,0.15402843601895735,0.3972602739726027,0.6659747235387046
15856,interaction_development,2,0.8477948242459195,0.8292682926829268,0.09557661927330174,0.34959349593495936,0.7554881516587688
15856,interaction_development,3,0.8918923079185762,0.8571428571428571,0.053712480252764615,0.2857142857142857,0.800827804107426
15856,interaction_development,4,0.9092860817162266,0.8896103896103896,0.04265402843601896,0.2792207792207792,0.7671595576619292
15856,interaction_development,5,0.9129763806213738,0.8652482269503546,0.035545023696682464,0.2907801418439716,0.7791469194312802
15856,interaction_development,6,0.9143174113903492,0.8582677165354331,0.0339652448657188,0.23622047244094488,0.8347614533965255
15856,feedback_development,1,0.8124819546355463,0.753731343283582,0.14375987361769352,0.35074626865671643,0.7237788309636658
15856,feedback_development,2,0.8930928058111535,0.8161764705882353,0.06003159557661927,0.2867647058823529,0.7835639810426547
15856,feedback_development,3,0.9077090834298265,0.8661417322834646,0.04660347551342812,0.2440944881889764,0.8273175355450241
15856,feedback_development,4,0.912272614900647,0.905982905982906,0.030805687203791468,0.2564102564102564,0.8362938388625596
15856,feedback_development,5,0.9142476918597872,0.8633093525179856,0.045023696682464455,0.2446043165467626,0.8123570300157991
15856,feedback_development,6,0.9149410536160312,0.875968992248062,0.04344391785150079,0.23255813953488372,0.8330142180094794
15857,static_quality,1,0.58,0.6891891891891891,0.1848341232227488,0.4391891891891892,0.6230489731437583
15857,static_quality,2,0.58,0.5912408759124088,0.1895734597156398,0.5036496350364964,0.6022622432859369
15857,static_quality,3,0.58,0.6190476190476191,0.20300157977883096,0.5306122448979592,0.5533586097946271
15857,static_quality,4,0.58,0.6282051282051282,0.2132701421800948,0.46153846153846156,0.5810458135860959
15857,static_quality,5,0.58,0.7248322147651006,0.17614533965244866,0.3959731543624161,0.6554723538704561
15857,static_quality,6,0.58,0.5967741935483871,0.21248025276461296,0.45161290322580644,0.6632290679304884
15857,linear_development,1,0.7794187820186498,0.7552447552447552,0.12559241706161137,0.34965034965034963,0.7128372827804107
15857,linear_development,2,0.8458238704182163,0.8029197080291971,0.06951026856240126,0.291970802919708,0.7762148499210116
15857,linear_development,3,0.8803257403960919,0.8421052631578947,0.06635071090047394,0.3007518796992481,0.7770489731437614
15857,linear_development,4,0.8990089044862399,0.8604651162790697,0.04897314375987362,0.27906976744186046,0.8015734597156411
15857,linear_development,5,0.904558886435507,0.8596491228070176,0.038704581358609796,0.2982456140350877,0.8138483412322286
15857,linear_development,6,0.9047832131175979,0.8278145695364238,0.04186413902053712,0.31125827814569534,0.7477977883096377
15857,interaction_development,1,0.7157883752516763,0.6976744186046512,0.18009478672985782,0.4418604651162791,0.6648278041074245
15857,interaction_development,2,0.8529682339681868,0.8313253012048193,0.08451816745655608,0.3795180722891566,0.6563601895734604
15857,interaction_development,3,0.8923186104811319,0.875,0.05766192733017378,0.2916666666666667,0.8045750394944723
15857,interaction_development,4,0.909776539792204,0.8176100628930818,0.0339652448657188,0.27672955974842767,0.7644549763033192
15857,interaction_development,5,0.9133652710738115,0.8416666666666667,0.02843601895734597,0.25833333333333336,0.8315260663507124
15857,interaction_development,6,0.9130184000126333,0.8264462809917356,0.04344391785150079,0.32231404958677684,0.7876714060031608
15857,feedback_development,1,0.7780530426743267,0.7431192660550459,0.15086887835703003,0.3577981651376147,0.7635545023696687
15857,feedback_development,2,0.8921894880297061,0.8413793103448276,0.06951026856240126,0.2689655172413793,0.7813902053712491
15857,feedback_development,3,0.9081650782059003,0.9,0.038704581358609796,0.2076923076923077,0.8488973143759878
15857,feedback_development,4,0.9127550966367399,0.869281045751634,0.04107424960505529,0.28104575163398693,0.7676018957345988
15857,feedback_development,5,0.9153490116474393,0.9147286821705426,0.04186413902053712,0.17054263565891473,0.874085308056871
15857,feedback_development,6,0.9152663588686809,0.8920863309352518,0.036334913112164295,0.2517985611510791,0.8095671406003176
15858,static_quality,1,0.58,0.65625,0.19510268562401265,0.40625,0.6868751974723534
15858,static_quality,2,0.58,0.6324786324786325,0.21248025276461296,0.48717948717948717,0.6581706161137442
15858,static_quality,3,0.58,0.656934306569343,0.19510268562401265,0.41605839416058393,0.6617851500789881
15858,static_quality,4,0.58,0.6267605633802817,0.20063191153238547,0.5,0.589254344391783
15858,static_quality,5,0.58,0.7241379310344828,0.20063191153238547,0.42758620689655175,0.6347804107424954
15858,static_quality,6,0.58,0.5966386554621849,0.1966824644549763,0.5294117647058824,0.6313617693522889
15858,linear_development,1,0.7851322781668157,0.8053691275167785,0.12796208530805686,0.33557046979865773,0.7121358609794626
15858,linear_development,2,0.8521481112947444,0.8493150684931506,0.08056872037914692,0.2876712328767123,0.763545023696683
15858,linear_development,3,0.8796200889403589,0.8174603174603174,0.05766192733017378,0.3412698412698413,0.7643886255924188
15858,linear_development,4,0.8994875711617907,0.9124087591240876,0.04976303317535545,0.27007299270072993,0.7956872037914707
15858,linear_development,5,0.903794792371284,0.8692307692307693,0.038704581358609796,0.3230769230769231,0.7732764612954204
15858,linear_development,6,0.9070729300310152,0.8758169934640523,0.035545023696682464,0.24836601307189543,0.7944360189573476
15858,interaction_development,1,0.7553250916263807,0.8161764705882353,0.165086887835703,0.3382352941176471,0.723860979462875
15858,interaction_development,2,0.8730803156277964,0.8344370860927153,0.07977883096366509,0.271523178807947,0.7684044233807282
15858,interaction_development,3,0.9017344273464194,0.875968992248062,0.04344391785150079,0.26356589147286824,0.8130458135860987
15858,interaction_development,4,0.9114556453026328,0.8907563025210085,0.04186413902053712,0.24369747899159663,0.8382559241706168
15858,interaction_development,5,0.9136587374123666,0.8873239436619719,0.03949447077409163,0.28169014084507044,0.7832290679304916
15858,interaction_development,6,0.9132391233824204,0.8354430379746836,0.038704581358609796,0.310126582278481,0.7381706161137462
15858,feedback_development,1,0.7727591607739868,0.6528925619834711,0.15876777251184834,0.4297520661157025,0.6958830963665082
15858,feedback_development,2,0.8910125922066137,0.8297872340425532,0.06556082148499211,0.2553191489361702,0.797766192733019
15858,feedback_development,3,0.9066020805539048,0.8409090909090909,0.04818325434439179,0.26515151515151514,0.8070426540284374
15858,feedback_development,4,0.9118676602886315,0.8451612903225807,0.03475513428120063,0.27741935483870966,0.7691532385466052
15858,feedback_development,5,0.9150625794076358,0.916030534351145,0.030015797788309637,0.183206106870229,0.8665371248025266
15858,feedback_development,6,0.9149060685267596,0.9025974025974026,0.036334913112164295,0.2662337662337662,0.7786666666666681
15859,static_quality,1,0.58,0.7007299270072993,0.2037914691943128,0.44525547445255476,0.6393428120063179
15859,static_quality,2,0.58,0.6869565217391305,0.20221169036334913,0.43478260869565216,0.6953649289099516
15859,static_quality,3,0.58,0.7401574803149606,0.179304897314376,0.4251968503937008,0.6802085308056869
15859,static_quality,4,0.58,0.6458333333333334,0.20458135860979462,0.4375,0.6286856240126376
15859,static_quality,5,0.58,0.6564885496183206,0.18878357030015797,0.4732824427480916,0.6378420221169031
15859,static_quality,6,0.58,0.6982758620689655,0.19984202211690363,0.4224137931034483,0.7011026856240122
15859,linear_development,1,0.7998354980454367,0.8343949044585988,0.11374407582938388,0.267515923566879,0.7556556082148503
15859,linear_development,2,0.8601064240090963,0.8518518518518519,0.08293838862559241,0.2518518518518518,0.8036050552922599
15859,linear_development,3,0.8867417573168321,0.865546218487395,0.052132701421800945,0.2773109243697479,0.8157914691943137
15859,linear_development,4,0.9053383677104376,0.8939393939393939,0.05529225908372828,0.2196969696969697,0.8353396524486584
15859,linear_development,5,0.9075667052540429,0.8859649122807017,0.04344391785150079,0.2631578947368421,0.8336145339652452
15859,linear_development,6,0.9104294882969344,0.9236641221374046,0.04818325434439179,0.19083969465648856,0.8571374407582935
15859,interaction_development,1,0.7671096150744866,0.6928104575163399,0.17535545023696683,0.3660130718954248,0.6710742496050545
15859,interaction_development,2,0.8647681488710922,0.889763779527559,0.08135860979462875,0.29133858267716534,0.7890995260663519
15859,interaction_development,3,0.8942165649312417,0.8660714285714286,0.0339652448657188,0.30357142857142855,0.8153775671406014
15859,interaction_development,4,0.9090059604610949,0.8380281690140845,0.03949447077409163,0.29577464788732394,0.7735007898894167
15859,interaction_development,5,0.9135085187429606,0.8759124087591241,0.04186413902053712,0.25547445255474455,0.8078957345971581
15859,interaction_development,6,0.9139404592410785,0.8741258741258742,0.037914691943127965,0.2867132867132867,0.7786350710900485
15859,feedback_development,1,0.8317490679922456,0.7801418439716312,0.1406003159557662,0.3120567375886525,0.7397124802527638
15859,feedback_development,2,0.8939481906556255,0.868421052631579,0.061611374407582936,0.2719298245614035,0.8240853080568723
15859,feedback_development,3,0.9071153076519524,0.855072463768116,0.04976303317535545,0.2826086956521739,0.7859178515007921
15859,feedback_development,4,0.912807190338491,0.8809523809523809,0.04265402843601896,0.2222222222222222,0.8432701421800952
15859,feedback_development,5,0.9140321795129122,0.8968253968253969,0.0339652448657188,0.2619047619047619,0.8197914691943151
15859,feedback_development,6,0.9135491121024931,0.8699186991869918,0.03317535545023697,0.2926829268292683,0.8049162717219605
15860,static_quality,1,0.58,0.627906976744186,0.1966824644549763,0.4883720930232558,0.6313744075829373
15860,static_quality,2,0.58,0.6815286624203821,0.1848341232227488,0.3885350318471338,0.6435450236966818
15860,static_quality,3,0.58,0.6532258064516129,0.18325434439178515,0.46774193548387094,0.6592859399684037
15860,static_quality,4,0.58,0.6413793103448275,0.18562401263823064,0.43448275862068964,0.633456556082148
15860,static_quality,5,0.58,0.6214285714285714,0.18878357030015797,0.4714285714285714,0.6173996840442325
15860,static_quality,6,0.58,0.632,0.2132701421800948,0.48,0.6421390205371236
15860,linear_development,1,0.7608843076278483,0.7589285714285714,0.1382306477093207,0.3392857142857143,0.7709510268562404
15860,linear_development,2,0.8317830171442213,0.7573529411764706,0.08767772511848342,0.33088235294117646,0.7475513428120071
15860,linear_development,3,0.8790683010225196,0.8705035971223022,0.0631911532385466,0.2302158273381295,0.8179968404423389
15860,linear_development,4,0.8977506468973899,0.8809523809523809,0.04897314375987362,0.2857142857142857,0.8016587677725138
15860,linear_development,5,0.908003529375615,0.8962962962962963,0.036334913112164295,0.21481481481481482,0.8402717219589265
15860,linear_development,6,0.9076561023563103,0.8518518518518519,0.03949447077409163,0.2814814814814815,0.7931753554502388
15860,interaction_development,1,0.7557351344023769,0.7304964539007093,0.15086887835703003,0.3546099290780142,0.7073364928909954
15860,interaction_development,2,0.8668097910271351,0.8623188405797102,0.08451816745655608,0.2826086956521739,0.778101105845183
15860,interaction_development,3,0.9010776920020772,0.8461538461538461,0.053712480252764615,0.2727272727272727,0.7850900473933655
15860,interaction_development,4,0.9105350992042684,0.8382352941176471,0.04660347551342812,0.3088235294117647,0.771715639810428
15860,interaction_development,5,0.9134026414390835,0.86,0.036334913112164295,0.26,0.7891342812006341
15860,interaction_development,6,0.9134753338009798,0.8837209302325582,0.04186413902053712,0.2868217054263566,0.7979368088467628
15860,feedback_development,1,0.8391586660475165,0.7866666666666666,0.13270142180094788,0.31333333333333335,0.7261642969984208
15860,feedback_development,2,0.8970252124402418,0.8650793650793651,0.0679304897314376,0.2857142857142857,0.7970110584518183
15860,feedback_development,3,0.9098816947150072,0.9197080291970803,0.04107424960505529,0.20437956204379562,0.8433933649289103
15860,feedback_development,4,0.9138530249668193,0.8636363636363636,0.037914691943127965,0.25,0.8194502369668257
15860,feedback_development,5,0.914357979140636,0.8412698412698413,0.030805687203791468,0.24603174603174602,0.8313933649289117
15860,feedback_development,6,0.9146096605269958,0.8814814814814815,0.045023696682464455,0.26666666666666666,0.8021579778830972
15861,static_quality,1,0.58,0.625,0.21169036334913113,0.45588235294117646,0.6324486571879917
15861,static_quality,2,0.58,0.7207207207207207,0.20695102685624012,0.3783783783783784,0.7348278041074252
15861,static_quality,3,0.58,0.6842105263157895,0.1769352290679305,0.47368421052631576,0.6359620853080559
15861,static_quality,4,0.58,0.6851851851851852,0.19273301737756715,0.41358024691358025,0.6112922590837275
15861,static_quality,5,0.58,0.6129032258064516,0.2282780410742496,0.4435483870967742,0.6640442338072652
15861,static_quality,6,0.58,0.671875,0.1943127962085308,0.4375,0.667282780410742
15861,linear_development,1,0.7593036209928214,0.7478260869565218,0.11611374407582939,0.3652173913043478,0.7561327014218012
15861,linear_development,2,0.8337729069329762,0.8206896551724138,0.09162717219589257,0.3310344827586207,0.7306508688783574
15861,linear_development,3,0.8715049561538382,0.84375,0.05687203791469194,0.3046875,0.784480252764613
15861,linear_development,4,0.899039367535962,0.8978102189781022,0.05134281200631911,0.21897810218978103,0.8306919431279626
15861,linear_development,5,0.9063154051799558,0.8518518518518519,0.0339652448657188,0.26666666666666666,0.8050205371248037
15861,linear_development,6,0.9065669618603804,0.8680555555555556,0.038704581358609796,0.2847222222222222,0.7787109004739349
15861,interaction_development,1,0.748135907629063,0.7428571428571429,0.15718799368088468,0.37857142857142856,0.6901295418641382
15861,interaction_development,2,0.8604026056039584,0.8625954198473282,0.08530805687203792,0.2900763358778626,0.7827203791469198
15861,interaction_development,3,0.8976998509482813,0.952,0.03712480252764613,0.24,0.8346477093206957
15861,interaction_development,4,0.910445158842926,0.8591549295774648,0.04344391785150079,0.2676056338028169,0.7926540284360207
15861,interaction_development,5,0.9133223512121099,0.8392857142857143,0.03712480252764613,0.26785714285714285,0.835248025276462
15861,interaction_development,6,0.913932600458722,0.8590604026845637,0.02843601895734597,0.2751677852348993,0.7808341232227503
15861,feedback_development,1,0.8266516705718746,0.7588652482269503,0.13191153238546605,0.3333333333333333,0.726682464454976
15861,feedback_development,2,0.8887589220694836,0.7796610169491526,0.06398104265402843,0.3389830508474576,0.77783570300158
15861,feedback_development,3,0.9035274147116626,0.8760330578512396,0.04897314375987362,0.30578512396694213,0.7960821484992119
15861,feedback_development,4,0.9099029686125828,0.88,0.037914691943127965,0.28,0.8091721958925767
15861,feedback_development,5,0.9120662489307271,0.8592592592592593,0.045813586097946286,0.3037037037037037,0.7768688783570319
15861,feedback_development,6,0.9128664387952203,0.8571428571428571,0.04028436018957346,0.2857142857142857,0.7832448657188009
15862,static_quality,1,0.58,0.5734265734265734,0.19194312796208532,0.5314685314685315,0.5665371248025263
15862,static_quality,2,0.58,0.7,0.1911532385466035,0.4076923076923077,0.6827519747235373
15862,static_quality,3,0.58,0.689922480620155,0.19352290679304898,0.3798449612403101,0.7027582938388621
15862,static_quality,4,0.58,0.7021276595744681,0.19352290679304898,0.3829787234042553,0.6771058451816727
15862,static_quality,5,0.58,0.7410071942446043,0.19194312796208532,0.38848920863309355,0.6771816745655596
15862,static_quality,6,0.58,0.5912408759124088,0.20458135860979462,0.5182481751824818,0.5884296998420204
15862,linear_development,1,0.7856081511045854,0.7697368421052632,0.12006319115323855,0.34210526315789475,0.7038925750394952
15862,linear_development,2,0.84412046663962,0.816793893129771,0.08135860979462875,0.32061068702290074,0.7638357030015809
15862,linear_development,3,0.8832229113449217,0.8740740740740741,0.06635071090047394,0.2518518518518518,0.8070331753554509
15862,linear_development,4,0.9033061592373682,0.896551724137931,0.045023696682464455,0.25517241379310346,0.79684992101106
15862,linear_development,5,0.905518450606738,0.8561151079136691,0.04028436018957346,0.302158273381295,0.7729383886255944
15862,linear_development,6,0.9084588107938134,0.8402777777777778,0.04897314375987362,0.22916666666666666,0.8166413902053723
15862,interaction_development,1,0.7205541426044979,0.7142857142857143,0.16666666666666666,0.43609022556390975,0.6633522906793053
15862,interaction_development,2,0.8625202897151725,0.8389261744966443,0.10821484992101106,0.2751677852348993,0.7622938388625603
15862,interaction_development,3,0.9005859981978732,0.9051094890510949,0.05845181674565561,0.24087591240875914,0.8143886255924179
15862,interaction_development,4,0.9099341382398369,0.8529411764705882,0.04739336492890995,0.3088235294117647,0.771835703001581
15862,interaction_development,5,0.9142186685985828,0.8692307692307693,0.04028436018957346,0.2230769230769231,0.8389352290679307
15862,interaction_development,6,0.9149194176154227,0.8951612903225806,0.03238546603475513,0.23387096774193547,0.8403475513428122
15862,feedback_development,1,0.8164034607059941,0.7785714285714286,0.1484992101105845,0.36428571428571427,0.7022464454976299
15862,feedback_development,2,0.8990954434797523,0.8931297709923665,0.0631911532385466,0.1984732824427481,0.8485845181674561
15862,feedback_development,3,0.9074581366391874,0.872,0.045813586097946286,0.296,0.7970584518167467
15862,feedback_development,4,0.912353095832233,0.8455882352941176,0.04265402843601896,0.27205882352941174,0.7981484992101116
15862,feedback_development,5,0.9136853109249916,0.891156462585034,0.038704581358609796,0.2653061224489796,0.788369668246448
15862,feedback_development,6,0.9132914677090183,0.8549618320610687,0.03712480252764613,0.31297709923664124,0.7790205371248036
15863,static_quality,1,0.58,0.6620689655172414,0.18167456556082148,0.42758620689655175,0.6397124802527642
15863,static_quality,2,0.58,0.635036496350365,0.20853080568720378,0.4233576642335766,0.6533744075829379
15863,static_quality,3,0.58,0.75,0.17535545023696683,0.3333333333333333,0.731914691943128
15863,static_quality,4,0.58,0.6614173228346457,0.17851500789889416,0.4251968503937008,0.6808246445497617
15863,static_quality,5,0.58,0.7301587301587301,0.1911532385466035,0.4126984126984127,0.6875387045813577
15863,static_quality,6,0.58,0.6423357664233577,0.21011058451816747,0.45255474452554745,0.6328657187993659
15863,linear_development,1,0.7685641092989544,0.75,0.1358609794628752,0.359375,0.7308404423380729
15863,linear_development,2,0.8372996483761601,0.8524590163934426,0.10110584518167456,0.26229508196721313,0.809526066350711
15863,linear_development,3,0.876866328796494,0.8540145985401459,0.07898894154818326,0.29927007299270075,0.768947867298579
15863,linear_development,4,0.8945281688683142,0.8571428571428571,0.04107424960505529,0.31932773109243695,0.7935576619273316
15863,linear_development,5,0.9035189689207559,0.8545454545454545,0.05687203791469194,0.2818181818181818,0.8250837282780417
15863,linear_development,6,0.9088744557658974,0.8943661971830986,0.0315955766192733,0.19718309859154928,0.8459431279620858
15863,interaction_development,1,0.7523549657053936,0.8076923076923077,0.1674565560821485,0.3153846153846154,0.7487772511848346
15863,interaction_development,2,0.8636879685873424,0.7966101694915254,0.08293838862559241,0.2288135593220339,0.8395860979462877
15863,interaction_development,3,0.8954401017937696,0.84375,0.04976303317535545,0.3203125,0.7761358609794646
15863,interaction_development,4,0.9087019001392261,0.8823529411764706,0.045813586097946286,0.3014705882352941,0.7764770932069521
15863,interaction_development,5,0.913401412948846,0.8758620689655172,0.0315955766192733,0.2827586206896552,0.7802243285939987
15863,interaction_development,6,0.915392302409417,0.8972602739726028,0.03712480252764613,0.1917808219178082,0.8444992101105845
15863,feedback_development,1,0.8055907667847315,0.7253521126760564,0.15323854660347552,0.4084507042253521,0.6662685624012631
15863,feedback_development,2,0.8906783698142454,0.8807339449541285,0.05608214849921011,0.21100917431192662,0.8660537124802522
15863,feedback_development,3,0.9070727313067879,0.9090909090909091,0.03712480252764613,0.2727272727272727,0.788821484992103
15863,feedback_development,4,0.9109061641967069,0.8235294117647058,0.04265402843601896,0.3235294117647059,0.7625213270142194
15863,feedback_development,5,0.914521931399301,0.8940397350993378,0.045813586097946286,0.2052980132450331,0.827453396524487
15863,feedback_development,6,0.9139525302044624,0.8828828828828829,0.037914691943127965,0.3153153153153153,0.8092132701421815
15864,static_quality,1,0.58,0.6453900709219859,0.21169036334913113,0.46099290780141844,0.6176176935229051
15864,static_quality,2,0.58,0.7202797202797203,0.19273301737756715,0.40559440559440557,0.6568562401263823
15864,static_quality,3,0.58,0.6482758620689655,0.1943127962085308,0.4413793103448276,0.6265687203791455
15864,static_quality,4,0.58,0.6923076923076923,0.20221169036334913,0.4230769230769231,0.6696556082148492
15864,static_quality,5,0.58,0.6771653543307087,0.18562401263823064,0.4409448818897638,0.6692069510268551
15864,static_quality,6,0.58,0.6778523489932886,0.20537124802527645,0.3959731543624161,0.6493459715639806
15864,linear_development,1,0.7703190135644119,0.792,0.1382306477093207,0.328,0.7557187993680894
15864,linear_development,2,0.8347941250546649,0.7923076923076923,0.10110584518167456,0.3384615384615385,0.7489605055292269
15864,linear_development,3,0.875954158998268,0.8976377952755905,0.06556082148499211,0.25196850393700787,0.8180126382306483
15864,linear_development,4,0.8949026318231892,0.8613138686131386,0.04897314375987362,0.3357664233576642,0.750859399684045
15864,linear_development,5,0.9059989079587916,0.9150943396226415,0.052132701421800945,0.18867924528301888,0.8822243285939965
15864,linear_development,6,0.9085315760102626,0.8794326241134752,0.02843601895734597,0.22695035460992907,0.8259810426540298
15864,interaction_development,1,0.7255897360737159,0.6870229007633588,0.1627172195892575,0.4122137404580153,0.6844486571879941
15864,interaction_development,2,0.8417540426929786,0.796875,0.08451816745655608,0.359375,0.7426413902053719
15864,interaction_development,3,0.897321136407621,0.9044117647058824,0.05529225908372828,0.19117647058823528,0.8501200631911529
15864,interaction_development,4,0.9104151892680701,0.8705035971223022,0.038704581358609796,0.2805755395683453,0.7885181674565572
15864,interaction_development,5,0.9139158497787494,0.8943661971830986,0.02843601895734597,0.2605633802816901,0.8013491311216447
15864,interaction_development,6,0.914220428745219,0.8636363636363636,0.03949447077409163,0.26515151515151514,0.8087266982622447
15864,feedback_development,1,0.8251376019984279,0.7375,0.14533965244865718,0.4,0.6373080568720384
15864,feedback_development,2,0.8907395625674273,0.8278688524590164,0.05924170616113744,0.319672131147541,0.7837345971563988
15864,feedback_development,3,0.9057148788268204,0.8372093023255814,0.04265402843601896,0.2868217054263566,0.7980726698262255
15864,feedback_development,4,0.9112958236694821,0.8432835820895522,0.0315955766192733,0.27611940298507465,0.8004328593996859
15864,feedback_development,5,0.9134628885242432,0.8778625954198473,0.038704581358609796,0.25190839694656486,0.8190300157977898
15864,feedback_development,6,0.9135676839273845,0.8636363636363636,0.03475513428120063,0.2878787878787879,0.794391785150081
15865,static_quality,1,0.58,0.6938775510204082,0.19273301737756715,0.3877551020408163,0.6625150078988935
15865,static_quality,2,0.58,0.6838235294117647,0.20774091627172195,0.41911764705882354,0.6586540284360183
15865,static_quality,3,0.58,0.6545454545454545,0.2156398104265403,0.4090909090909091,0.7179557661927318
15865,static_quality,4,0.58,0.6030534351145038,0.20300157977883096,0.5190839694656488,0.6041200631911514
15865,static_quality,5,0.58,0.696551724137931,0.2109004739336493,0.45517241379310347,0.6122590837282772
15865,static_quality,6,0.58,0.6695652173913044,0.1911532385466035,0.43478260869565216,0.6979936808846757
15865,linear_development,1,0.7636913399273169,0.7727272727272727,0.1287519747235387,0.3090909090909091,0.7928278041074244
15865,linear_development,2,0.8270719150145553,0.8064516129032258,0.0995260663507109,0.3467741935483871,0.7543665086887843
15865,linear_development,3,0.8747596223165679,0.9133858267716536,0.06398104265402843,0.2125984251968504,0.8433965244865722
15865,linear_development,4,0.8969750119415092,0.8630952380952381,0.05134281200631911,0.3392857142857143,0.6942590837282792
15865,linear_development,5,0.9038256023328544,0.8098591549295775,0.036334913112164295,0.30985915492957744,0.7638609794628763
15865,linear_development,6,0.9070682175822267,0.87248322147651,0.03712480252764613,0.2483221476510067,0.7990932069510279
15865,interaction_development,1,0.7413461024213079,0.7464788732394366,0.15402843601895735,0.4014084507042254,0.670906793048972
15865,interaction_development,2,0.8539267581550694,0.8102189781021898,0.08767772511848342,0.34306569343065696,0.7369541864139031
15865,interaction_development,3,0.8965620172746598,0.8888888888888888,0.05292259083728278,0.23015873015873015,0.8355955766192747
15865,interaction_development,4,0.9084271539576074,0.8531468531468531,0.04976303317535545,0.32167832167832167,0.7506982622432872
15865,interaction_development,5,0.9148494139113671,0.9083969465648855,0.03949447077409163,0.1450381679389313,0.889289099526065
15865,interaction_development,6,0.9150338145635053,0.8666666666666667,0.03949447077409163,0.24666666666666667,0.7978736176935242
15865,feedback_development,1,0.8203618302462159,0.7872340425531915,0.12796208530805686,0.3546099290780142,0.7122748815165872
15865,feedback_development,2,0.8973420018676276,0.8633093525179856,0.06872037914691943,0.26618705035971224,0.7919178515007913
15865,feedback_development,3,0.9081235613521323,0.8923076923076924,0.04265402843601896,0.26153846153846155,0.8130616113744096
15865,feedback_development,4,0.9115471178171635,0.8253968253968254,0.045023696682464455,0.30952380952380953,0.7866824644549779
15865,feedback_development,5,0.9138485229895121,0.8918918918918919,0.03475513428120063,0.25,0.7994628751974738
15865,feedback_development,6,0.9146575036787736,0.8677685950413223,0.04186413902053712,0.2396694214876033,0.8386793048973148
15866,static_quality,1,0.58,0.6753246753246753,0.17772511848341233,0.44805194805194803,0.6047266982622433
15866,static_quality,2,0.58,0.6428571428571429,0.19036334913112166,0.4155844155844156,0.6271090047393348
15866,static_quality,3,0.58,0.751937984496124,0.1872037914691943,0.3875968992248062,0.6986129541864138
15866,static_quality,4,0.58,0.6788321167883211,0.17772511848341233,0.44525547445255476,0.6459241706161141
15866,static_quality,5,0.58,0.6944444444444444,0.18878357030015797,0.4166666666666667,0.6477535545023694
15866,static_quality,6,0.58,0.6592592592592592,0.20616113744075829,0.4148148148148148,0.6641516587677713
15866,linear_development,1,0.76578072125645,0.706766917293233,0.1287519747235387,0.39849624060150374,0.6973238546603477
15866,linear_development,2,0.8372796010423234,0.8604651162790697,0.10268562401263823,0.2713178294573643,0.7943064770932075
15866,linear_development,3,0.8834678409146622,0.8686131386861314,0.0631911532385466,0.20437956204379562,0.8385339652448659
15866,linear_development,4,0.9024008926950959,0.8581081081081081,0.04107424960505529,0.2702702702702703,0.7829541864139039
15866,linear_development,5,0.9087576505081272,0.8794326241134752,0.04107424960505529,0.2198581560283688,0.8286034755134289
15866,linear_development,6,0.9070267697613894,0.8372093023255814,0.04976303317535545,0.32558139534883723,0.77126066350711
15866,interaction_development,1,0.6867738875619738,0.6578947368421053,0.18641390205371247,0.4824561403508772,0.6740157977883088
15866,interaction_development,2,0.8344263112198806,0.7718120805369127,0.10426540284360189,0.37583892617449666,0.6873396524486577
15866,interaction_development,3,0.8945083951181735,0.9020979020979021,0.05292259083728278,0.22377622377622378,0.8202527646129555
15866,interaction_development,4,0.9098291780966026,0.9105691056910569,0.038704581358609796,0.21951219512195122,0.8490300157977878
15866,interaction_development,5,0.9114091112849847,0.8248175182481752,0.030805687203791468,0.3722627737226277,0.729402843601897
15866,interaction_development,6,0.9122641559294187,0.924812030075188,0.04660347551342812,0.3007518796992481,0.7813996840442354
15866,feedback_development,1,0.8200793675199913,0.8102189781021898,0.10900473933649289,0.3357664233576642,0.7368783570300163
15866,feedback_development,2,0.8876730480543464,0.8495575221238938,0.0703001579778831,0.3185840707964602,0.7964518167456572
15866,feedback_development,3,0.9060488832584943,0.8666666666666667,0.03949447077409163,0.29333333333333333,0.7631595576619291
15866,feedback_development,4,0.9110828365891578,0.8345323741007195,0.036334913112164295,0.30935251798561153,0.7689889415481845
15866,feedback_development,5,0.9140670618927321,0.8689655172413793,0.04028436018957346,0.22758620689655173,0.8186508688783587
15866,feedback_development,6,0.9155479489023743,0.8759124087591241,0.03475513428120063,0.19708029197080293,0.8498072669826227
15867,static_quality,1,0.58,0.6131386861313869,0.20458135860979462,0.4744525547445255,0.6190868878357023
15867,static_quality,2,0.58,0.6434108527131783,0.1895734597156398,0.4418604651162791,0.66324802527646
15867,static_quality,3,0.58,0.7404580152671756,0.21484992101105846,0.3511450381679389,0.7124581358609793
15867,static_quality,4,0.58,0.6390977443609023,0.21011058451816747,0.47368421052631576,0.6281327014217998
15867,static_quality,5,0.58,0.6666666666666666,0.19273301737756715,0.4666666666666667,0.6316998420221155
15867,static_quality,6,0.58,0.7631578947368421,0.1943127962085308,0.3508771929824561,0.7479020537124795
15867,linear_development,1,0.7759675074090071,0.7883211678832117,0.14533965244865718,0.34306569343065696,0.7235924170616111
15867,linear_development,2,0.8530370799454701,0.8591549295774648,0.08056872037914692,0.22535211267605634,0.8141358609794637
15867,linear_development,3,0.8869306509246779,0.8561151079136691,0.054502369668246446,0.2733812949640288,0.7904770932069531
15867,linear_development,4,0.8988468867117709,0.7720588235294118,0.044233807266982623,0.36764705882352944,0.7316935229067938
15867,linear_development,5,0.9050207109524737,0.88,0.04265402843601896,0.28,0.8078515007898913
15867,linear_development,6,0.9045035736074052,0.8297872340425532,0.04897314375987362,0.3120567375886525,0.7607646129541887
15867,interaction_development,1,0.7331570216723748,0.6737588652482269,0.16666666666666666,0.425531914893617,0.6529605055292258
15867,interaction_development,2,0.8519569611225138,0.75,0.09557661927330174,0.3382352941176471,0.7400031595576626
15867,interaction_development,3,0.8918486498909861,0.8793103448275862,0.04897314375987362,0.27586206896551724,0.8218293838862564
15867,interaction_development,4,0.9076034461936093,0.8805970149253731,0.04107424960505529,0.2835820895522388,0.7933175355450248
15867,interaction_development,5,0.9133181926863304,0.8740740740740741,0.04897314375987362,0.24444444444444444,0.8164676145339668
15867,interaction_development,6,0.9142306845397749,0.8709677419354839,0.04344391785150079,0.25806451612903225,0.8227835703001587
15867,feedback_development,1,0.8093611672114029,0.7089552238805971,0.14454976303317535,0.3656716417910448,0.7136650868878356
15867,feedback_development,2,0.8938839384868789,0.8796992481203008,0.06398104265402843,0.2706766917293233,0.7978293838862571
15867,feedback_development,3,0.9079592911682738,0.8888888888888888,0.04344391785150079,0.24444444444444444,0.8176082148499225
15867,feedback_development,4,0.9123462796608459,0.8785714285714286,0.04265402843601896,0.2857142857142857,0.782846761453398
15867,feedback_development,5,0.9140458304429993,0.8484848484848485,0.038704581358609796,0.25757575757575757,0.8140094786729867
15867,feedback_development,6,0.9142872955719932,0.85,0.04028436018957346,0.275,0.7625276461295429
15868,static_quality,1,0.58,0.6744186046511628,0.18878357030015797,0.3953488372093023,0.6932006319115313
15868,static_quality,2,0.58,0.7165354330708661,0.20300157977883096,0.3937007874015748,0.6953491311216421
15868,static_quality,3,0.58,0.6141732283464567,0.20695102685624012,0.5118110236220472,0.618761453396522
15868,static_quality,4,0.58,0.7086614173228346,0.1990521327014218,0.4330708661417323,0.670619273301737
15868,static_quality,5,0.58,0.71875,0.20695102685624012,0.3984375,0.6892448657187983
15868,static_quality,6,0.58,0.6434108527131783,0.19194312796208532,0.5038759689922481,0.6217819905213257
15868,linear_development,1,0.7775737948955705,0.7887323943661971,0.11927330173775672,0.352112676056338,0.7141769352290688
15868,linear_development,2,0.8356978506609439,0.7727272727272727,0.07898894154818326,0.3712121212121212,0.7284328593996848
15868,linear_development,3,0.8706272353767467,0.8345864661654135,0.05924170616113744,0.3533834586466165,0.7436334913112173
15868,linear_development,4,0.8969783725162637,0.8461538461538461,0.04976303317535545,0.23846153846153847,0.8268688783570312
15868,linear_development,5,0.9046447696938031,0.859504132231405,0.04897314375987362,0.2892561983471074,0.8069636650868894
15868,linear_development,6,0.9075126279026962,0.9054054054054054,0.036334913112164295,0.24324324324324326,0.8040821484992121
15868,interaction_development,1,0.7111531833415792,0.7433628318584071,0.15481832543443919,0.3893805309734513,0.7369257503949436
15868,interaction_development,2,0.8312015528688803,0.8016528925619835,0.10900473933649289,0.35537190082644626,0.7524897314375989
15868,interaction_development,3,0.8924521985609182,0.8482758620689655,0.060821484992101105,0.25517241379310346,0.7934281200631932
15868,interaction_development,4,0.9087223700041034,0.8677685950413223,0.03949447077409163,0.23140495867768596,0.8444549763033178
15868,interaction_development,5,0.9136169069338775,0.8837209302325582,0.035545023696682464,0.2558139534883721,0.8196334913112179
15868,interaction_development,6,0.9146948456952212,0.8978102189781022,0.03317535545023697,0.24817518248175183,0.8146635071090053
15868,feedback_development,1,0.8119075980938337,0.7058823529411765,0.1484992101105845,0.41830065359477125,0.6368120063191157
15868,feedback_development,2,0.8876964797124438,0.8225806451612904,0.07977883096366509,0.33064516129032256,0.7688973143759887
15868,feedback_development,3,0.9061615622093327,0.8951048951048951,0.04186413902053712,0.26573426573426573,0.7926571879936828
15868,feedback_development,4,0.9101365970937743,0.8444444444444444,0.04028436018957346,0.34074074074074073,0.7526508688783585
15868,feedback_development,5,0.9126309604279219,0.9,0.0339652448657188,0.2923076923076923,0.7945624012638245
15868,feedback_development,6,0.9130937543410531,0.8881987577639752,0.04028436018957346,0.30434782608695654,0.7374123222748832
15869,static_quality,1,0.58,0.6690647482014388,0.19194312796208532,0.48201438848920863,0.611617693522905
15869,static_quality,2,0.58,0.68,0.21406003159557663,0.4666666666666667,0.5911627172195864
15869,static_quality,3,0.58,0.688,0.20695102685624012,0.432,0.6737567140600306
15869,static_quality,4,0.58,0.6666666666666666,0.20616113744075829,0.46,0.5985402843601877
15869,static_quality,5,0.58,0.7327586206896551,0.1990521327014218,0.31896551724137934,0.7621611374407579
15869,static_quality,6,0.58,0.706766917293233,0.1872037914691943,0.38345864661654133,0.6936018957345962
15869,linear_development,1,0.7814005281136375,0.7241379310344828,0.13428120063191154,0.3448275862068966,0.7107203791469194
15869,linear_development,2,0.8482581410624417,0.8592592592592593,0.09083728278041074,0.2740740740740741,0.786770932069511
15869,linear_development,3,0.8769849586439261,0.7846153846153846,0.06477093206951026,0.35384615384615387,0.7475039494470787
15869,linear_development,4,0.8990948093043021,0.8333333333333334,0.05608214849921011,0.2847222222222222,0.774546603475515
15869,linear_development,5,0.9039949466673743,0.8518518518518519,0.04265402843601896,0.32592592592592595,0.7620853080568735
15869,linear_development,6,0.9068602289698459,0.8802816901408451,0.04265402843601896,0.23943661971830985,0.8132195892575058
15869,interaction_development,1,0.7454127239440804,0.7142857142857143,0.16113744075829384,0.37857142857142856,0.689617693522906
15869,interaction_development,2,0.8599419444400299,0.8129496402877698,0.09162717219589257,0.3237410071942446,0.7458325434439197
15869,interaction_development,3,0.8974000337432952,0.851063829787234,0.04739336492890995,0.2907801418439716,0.7769605055292274
15869,interaction_development,4,0.9106270390176608,0.8709677419354839,0.036334913112164295,0.23387096774193547,0.8396745655608228
15869,interaction_development,5,0.9147805646081443,0.926829268292683,0.038704581358609796,0.1951219512195122,0.8649099526066355
15869,interaction_development,6,0.9153151053094093,0.8986486486486487,0.03238546603475513,0.23648648648648649,0.81006319115324
15869,feedback_development,1,0.819707669534943,0.7214285714285714,0.13665086887835703,0.35,0.7154849921011056
15869,feedback_development,2,0.8972492384147058,0.8333333333333334,0.06003159557661927,0.3076923076923077,0.7380347551342823
15869,feedback_development,3,0.9079143526286915,0.8571428571428571,0.03949447077409163,0.2706766917293233,0.8035165876777266
15869,feedback_development,4,0.9124189859791538,0.8478260869565217,0.05134281200631911,0.2753623188405797,0.7908436018957355
15869,feedback_development,5,0.9137539025050083,0.8425925925925926,0.030015797788309637,0.25,0.8515007898894154
15869,feedback_development,6,0.9146847182933915,0.8602941176470589,0.04265402843601896,0.2426470588235294,0.8183443917851511
15870,static_quality,1,0.58,0.5733333333333334,0.1895734597156398,0.5066666666666667,0.5665434439178487
15870,static_quality,2,0.58,0.6521739130434783,0.20695102685624012,0.4782608695652174,0.668963665086886
15870,static_quality,3,0.58,0.6595744680851063,0.17535545023696683,0.41134751773049644,0.66106793048973
15870,static_quality,4,0.58,0.6870229007633588,0.179304897314376,0.37404580152671757,0.7054628751974704
15870,static_quality,5,0.58,0.6690140845070423,0.1990521327014218,0.43661971830985913,0.6353396524486564
15870,static_quality,6,0.58,0.6268656716417911,0.1943127962085308,0.43283582089552236,0.6572164296998408
15870,linear_development,1,0.7814253519132036,0.762962962962963,0.11374407582938388,0.3037037037037037,0.7614944707740919
15870,linear_development,2,0.8502686597932485,0.851063829787234,0.08056872037914692,0.2695035460992908,0.7844360189573473
15870,linear_development,3,0.8831127956256839,0.8778625954198473,0.060821484992101105,0.2824427480916031,0.7940442338072694
15870,linear_development,4,0.900549842699957,0.8582677165354331,0.04265402843601896,0.2677165354330709,0.8127804107424964
15870,linear_development,5,0.90788591844394,0.8705035971223022,0.0339652448657188,0.2158273381294964,0.8355955766192742
15870,linear_development,6,0.9092119538602124,0.8732394366197183,0.04660347551342812,0.21830985915492956,0.8273712480252768
15870,interaction_development,1,0.7521385602028252,0.7450980392156863,0.15639810426540285,0.39869281045751637,0.6503380726698259
15870,interaction_development,2,0.8516084219851424,0.7674418604651163,0.10584518167456557,0.3798449612403101,0.7229921011058443
15870,interaction_development,3,0.891604223944593,0.9098360655737705,0.06003159557661927,0.29508196721311475,0.7988657187993696
15870,interaction_development,4,0.9082923676743946,0.8714285714285714,0.03712480252764613,0.2785714285714286,0.7892417061611385
15870,interaction_development,5,0.9131599474055443,0.8671875,0.038704581358609796,0.2734375,0.80872037914692
15870,interaction_development,6,0.9151251020809781,0.9264705882352942,0.04107424960505529,0.19117647058823528,0.8532638230647714
15870,feedback_development,1,0.8277145956656253,0.8283582089552238,0.1382306477093207,0.29850746268656714,0.7600758293838862
15870,feedback_development,2,0.8999838652515365,0.9076923076923077,0.06398104265402843,0.2076923076923077,0.8437314375987361
15870,feedback_development,3,0.9087529019090108,0.824,0.03949447077409163,0.264,0.8191532385466046
15870,feedback_development,4,0.9135796339574973,0.9126984126984127,0.045813586097946286,0.23809523809523808,0.83232543443918
15870,feedback_development,5,0.9144303154028361,0.8796992481203008,0.03475513428120063,0.2556390977443609,0.8143412322274893
15870,feedback_development,6,0.9150417341853929,0.8931297709923665,0.03317535545023697,0.22900763358778625,0.8353554502369688
15871,static_quality,1,0.58,0.673469387755102,0.19352290679304898,0.47619047619047616,0.5961011058451788
15871,static_quality,2,0.58,0.75,0.21169036334913113,0.3951612903225806,0.697781990521327
15871,static_quality,3,0.58,0.7333333333333333,0.1848341232227488,0.42962962962962964,0.6584612954186401
15871,static_quality,4,0.58,0.6818181818181818,0.19194312796208532,0.4166666666666667,0.6720442338072659
15871,static_quality,5,0.58,0.752,0.1990521327014218,0.384,0.7058546603475502
15871,static_quality,6,0.58,0.7086614173228346,0.20300157977883096,0.4251968503937008,0.6747582938388627
15871,linear_development,1,0.767195648275169,0.7307692307692307,0.12796208530805686,0.3769230769230769,0.7178483412322275
15871,linear_development,2,0.8341823501376731,0.8091603053435115,0.10268562401263823,0.32061068702290074,0.7586508688783579
15871,linear_development,3,0.869012014974195,0.7615384615384615,0.07266982622432859,0.36153846153846153,0.7404707740916279
15871,linear_development,4,0.8961211096187695,0.8928571428571429,0.04739336492890995,0.2571428571428571,0.801557661927332
15871,linear_development,5,0.907014426256027,0.8943661971830986,0.0315955766192733,0.22535211267605634,0.8253428120063199
15871,linear_development,6,0.9097807499565925,0.912,0.044233807266982623,0.2,0.8579810426540276
15871,interaction_development,1,0.7168500890803122,0.7443609022556391,0.17061611374407584,0.45112781954887216,0.652331753554501
15871,interaction_development,2,0.8357913350759931,0.7936507936507936,0.11216429699842022,0.36507936507936506,0.7362843601895739
15871,interaction_development,3,0.8930024030418011,0.8904109589041096,0.0679304897314376,0.2671232876712329,0.7818009478673004
15871,interaction_development,4,0.9099475299999522,0.8734177215189873,0.04265402843601896,0.2721518987341772,0.76721011058452
15871,interaction_development,5,0.9137262554786723,0.8553459119496856,0.04028436018957346,0.27044025157232704,0.7679462875197485
15871,interaction_development,6,0.9124840882421543,0.8,0.044233807266982623,0.35454545454545455,0.787696682464456
15871,feedback_development,1,0.8211551183365751,0.8088235294117647,0.14139020537124802,0.3235294117647059,0.7391500789889413
15871,feedback_development,2,0.8938153040750276,0.8442622950819673,0.07187993680884676,0.27049180327868855,0.8115039494470784
15871,feedback_development,3,0.9090631821025741,0.8940397350993378,0.045813586097946286,0.24503311258278146,0.7966066350710916
15871,feedback_development,4,0.9147156121643814,0.8947368421052632,0.03475513428120063,0.18045112781954886,0.8657124802527653
15871,feedback_development,5,0.914073140532725,0.872,0.04265402843601896,0.312,0.7882622432859413
15871,feedback_development,6,0.9143118854767391,0.8913043478260869,0.04186413902053712,0.2608695652173913,0.8027172195892597
15872,static_quality,1,0.58,0.6054421768707483,0.2014218009478673,0.4965986394557823,0.5790900473933631
15872,static_quality,2,0.58,0.6833333333333333,0.19826224328593997,0.44166666666666665,0.6810142180094775
15872,static_quality,3,0.58,0.639344262295082,0.18799368088467613,0.47540983606557374,0.658644549763033
15872,static_quality,4,0.58,0.6736111111111112,0.16982622432859398,0.4375,0.6370110584518158
15872,static_quality,5,0.58,0.7218045112781954,0.1990521327014218,0.3684210526315789,0.7012890995260652
15872,static_quality,6,0.58,0.75,0.1911532385466035,0.36428571428571427,0.6927835703001571
15872,linear_development,1,0.7798073602260152,0.8503937007874016,0.13665086887835703,0.2755905511811024,0.786205371248026
15872,linear_development,2,0.8383996932753369,0.7459016393442623,0.08372827804107424,0.319672131147541,0.778218009478674
15872,linear_development,3,0.8741179235439176,0.8699186991869918,0.07266982622432859,0.3008130081300813,0.7911627172195905
15872,linear_development,4,0.8945328874460213,0.8495575221238938,0.05055292259083728,0.2743362831858407,0.8263823064770943
15872,linear_development,5,0.903510087102995,0.8639455782312925,0.04186413902053712,0.32653061224489793,0.7422053712480261
15872,linear_development,6,0.9056723305185123,0.9186991869918699,0.038704581358609796,0.25203252032520324,0.8286793048973158
15872,interaction_development,1,0.700724471581569,0.7428571428571429,0.16192733017377567,0.3904761904761905,0.7509162717219581
15872,interaction_development,2,0.8472300935559909,0.8266666666666667,0.0947867298578199,0.3333333333333333,0.7198451816745661
15872,interaction_development,3,0.8955731140506915,0.8513513513513513,0.05687203791469194,0.28378378378378377,0.7690900473933658
15872,interaction_development,4,0.9092860338751801,0.8226950354609929,0.04265402843601896,0.2978723404255319,0.772183254344393
15872,interaction_development,5,0.9136613329479527,0.863013698630137,0.052132701421800945,0.2602739726027397,0.7904644549763047
15872,interaction_development,6,0.9125838605550829,0.8091603053435115,0.04818325434439179,0.3511450381679389,0.7511406003159571
15872,feedback_development,1,0.7658406601775963,0.6518518518518519,0.16587677725118483,0.4888888888888889,0.6226540284360192
15872,feedback_development,2,0.89182772430715,0.8561643835616438,0.07187993680884676,0.2602739726027397,0.7858641390205382
15872,feedback_development,3,0.9080687452679487,0.9060402684563759,0.04186413902053712,0.2483221476510067,0.7976682464454998
15872,feedback_development,4,0.9125379177755912,0.8482758620689655,0.045813586097946286,0.2827586206896552,0.7766635071090061
15872,feedback_development,5,0.9129719179850013,0.8391608391608392,0.045023696682464455,0.3006993006993007,0.7667772511848364
15872,feedback_development,6,0.9145689949419789,0.8712121212121212,0.03712480252764613,0.22727272727272727,0.8345023696682473
15873,static_quality,1,0.58,0.6582278481012658,0.2156398104265403,0.45569620253164556,0.5809225908372809
15873,static_quality,2,0.58,0.644927536231884,0.18404423380726698,0.4927536231884058,0.608401263823064
15873,static_quality,3,0.58,0.6690140845070423,0.18878357030015797,0.4295774647887324,0.6425308056872027
15873,static_quality,4,0.58,0.6611570247933884,0.18562401263823064,0.4462809917355372,0.6789826224328589
15873,static_quality,5,0.58,0.7050359712230215,0.19589257503949448,0.381294964028777,0.6816176935229064
15873,static_quality,6,0.58,0.6614173228346457,0.18246445497630331,0.4645669291338583,0.6548909952606634
15873,linear_development,1,0.7826992497364935,0.782608695652174,0.12559241706161137,0.30434782608695654,0.7533206951026866
15873,linear_development,2,0.8405046031812589,0.8333333333333334,0.08451816745655608,0.2807017543859649,0.8137946287519766
15873,linear_development,3,0.8802164370614138,0.8857142857142857,0.05924170616113744,0.2785714285714286,0.783917851500791
15873,linear_development,4,0.9026001906658707,0.8896551724137931,0.04186413902053712,0.23448275862068965,0.8131121642970006
15873,linear_development,5,0.9075537794902018,0.8768115942028986,0.03949447077409163,0.2391304347826087,0.8192733017377581
15873,linear_development,6,0.9069694249627713,0.8620689655172413,0.035545023696682464,0.296551724137931,0.7690363349131137
15873,interaction_development,1,0.7099228175620905,0.6466165413533834,0.17772511848341233,0.47368421052631576,0.6353838862559235
15873,interaction_development,2,0.8544071741438932,0.8188405797101449,0.10110584518167456,0.26811594202898553,0.7841579778830974
15873,interaction_development,3,0.8955365194207441,0.9137931034482759,0.04818325434439179,0.21551724137931033,0.8573491311216431
15873,interaction_development,4,0.910246406261455,0.9,0.04265402843601896,0.24615384615384617,0.8232764612954194
15873,interaction_development,5,0.912454893199671,0.8405797101449275,0.03317535545023697,0.34782608695652173,0.7447677725118497
15873,interaction_development,6,0.9139616466544258,0.9022556390977443,0.035545023696682464,0.24812030075187969,0.8194502369668261
15873,feedback_development,1,0.832979109123951,0.8244274809160306,0.12243285939968404,0.2595419847328244,0.7943633491311216
15873,feedback_development,2,0.895486227291046,0.8333333333333334,0.05055292259083728,0.3106060606060606,0.7758451816745662
15873,feedback_development,3,0.9087472346235821,0.9076923076923077,0.05687203791469194,0.2153846153846154,0.8398072669826229
15873,feedback_development,4,0.9137234204597684,0.8758169934640523,0.03712480252764613,0.24836601307189543,0.7939715639810438
15873,feedback_development,5,0.9140304448740304,0.8785714285714286,0.035545023696682464,0.29285714285714287,0.7792448657188009
15873,feedback_development,6,0.9146598981076538,0.9090909090909091,0.03949447077409163,0.24242424242424243,0.8242116903633507
15874,static_quality,1,0.58,0.6642335766423357,0.18641390205371247,0.44525547445255476,0.6434976303317531
15874,static_quality,2,0.58,0.6850393700787402,0.2156398104265403,0.3700787401574803,0.7073586097946282
15874,static_quality,3,0.58,0.6666666666666666,0.20616113744075829,0.4666666666666667,0.6288278041074232
15874,static_quality,4,0.58,0.7152777777777778,0.20063191153238547,0.3888888888888889,0.6655418641390207
15874,static_quality,5,0.58,0.6846153846153846,0.18878357030015797,0.4461538461538462,0.6581927330173771
15874,static_quality,6,0.58,0.6083333333333333,0.19826224328593997,0.475,0.660600315955765
15874,linear_development,1,0.7861624770895261,0.8053691275167785,0.11374407582938388,0.3288590604026846,0.7206729857819909
15874,linear_development,2,0.8551698541158842,0.8721804511278195,0.07345971563981042,0.21804511278195488,0.8316619273301752
15874,linear_development,3,0.8885486915597387,0.8787878787878788,0.04818325434439179,0.24242424242424243,0.8220189573459739
15874,linear_development,4,0.9015114859645617,0.8492063492063492,0.044233807266982623,0.30952380952380953,0.7875102685624022
15874,linear_development,5,0.9052553838054994,0.8344370860927153,0.03317535545023697,0.304635761589404,0.754331753554504
15874,linear_development,6,0.9062295661631128,0.8541666666666666,0.045813586097946286,0.2777777777777778,0.7818325434439198
15874,interaction_development,1,0.7335753544069579,0.7013888888888888,0.15560821484992102,0.4375,0.6405687203791464
15874,interaction_development,2,0.8623710099003127,0.8518518518518519,0.08293838862559241,0.2518518518518518,0.8034913112164305
15874,interaction_development,3,0.89315791401318,0.8429752066115702,0.05766192733017378,0.33884297520661155,0.7740631911532393
15874,interaction_development,4,0.9045360053000231,0.8434782608695652,0.045023696682464455,0.34782608695652173,0.7822875197472369
15874,interaction_development,5,0.9131108258324789,0.8978102189781022,0.0339652448657188,0.21897810218978103,0.8354976303317546
15874,interaction_development,6,0.9153822777391957,0.9,0.04107424960505529,0.19285714285714287,0.8484770932069511
15874,feedback_development,1,0.7946185300125177,0.746268656716418,0.1287519747235387,0.41044776119402987,0.6870868878357027
15874,feedback_development,2,0.8861286048874248,0.8416666666666667,0.0703001579778831,0.2833333333333333,0.8065560821485004
15874,feedback_development,3,0.9058503307243606,0.8257575757575758,0.053712480252764615,0.25,0.8157251184834128
15874,feedback_development,4,0.912348990113121,0.9044117647058824,0.035545023696682464,0.23529411764705882,0.8244075829383907
15874,feedback_development,5,0.9135889830164623,0.8823529411764706,0.030015797788309637,0.27205882352941174,0.8003285939968414
15874,feedback_development,6,0.9141485073260698,0.8633093525179856,0.037914691943127965,0.2733812949640288,0.793886255924173
15875,static_quality,1,0.58,0.6928571428571428,0.21958925750394945,0.40714285714285714,0.6559083728278029
15875,static_quality,2,0.58,0.6589147286821705,0.19273301737756715,0.5193798449612403,0.6113206951026838
15875,static_quality,3,0.58,0.7,0.20063191153238547,0.43333333333333335,0.6196271721958921
15875,static_quality,4,0.58,0.625,0.19194312796208532,0.5078125,0.6221958925750385
15875,static_quality,5,0.58,0.6203703703703703,0.1966824644549763,0.46296296296296297,0.6970015797788299
15875,static_quality,6,0.58,0.6985294117647058,0.1895734597156398,0.4264705882352941,0.6576208530805674
15875,linear_development,1,0.7543724390610553,0.7586206896551724,0.11848341232227488,0.4051724137931034,0.7303096366508693
15875,linear_development,2,0.8277294232575362,0.8134328358208955,0.08688783570300158,0.3283582089552239,0.7521327014218026
15875,linear_development,3,0.8670107482573393,0.848,0.07582938388625593,0.312,0.7803443917851509
15875,linear_development,4,0.8940213364495512,0.8832116788321168,0.05292259083728278,0.27007299270072993,0.7954091627172207
15875,linear_development,5,0.9058550681497755,0.8983050847457628,0.04028436018957346,0.22033898305084745,0.8543285939968409
15875,linear_development,6,0.9085655010197413,0.84375,0.045813586097946286,0.21875,0.8429257503949447
15875,interaction_development,1,0.716734862998141,0.703125,0.18246445497630331,0.4296875,0.6744233807266973
15875,interaction_development,2,0.8373296142685533,0.8267716535433071,0.08846761453396525,0.3543307086614173,0.7472511848341233
15875,interaction_development,3,0.8930235450429529,0.82,0.052132701421800945,0.29333333333333333,0.7598483412322282
15875,interaction_development,4,0.9100158076338377,0.8962962962962963,0.045813586097946286,0.2222222222222222,0.8326382306477105
15875,interaction_development,5,0.9131831695909642,0.916030534351145,0.04344391785150079,0.2900763358778626,0.7927140600315975
15875,interaction_development,6,0.9130002840347129,0.831858407079646,0.0315955766192733,0.3185840707964602,0.8057030015797801
15875,feedback_development,1,0.8311315293050522,0.7583892617449665,0.14218009478672985,0.3422818791946309,0.704085308056871
15875,feedback_development,2,0.8960411143953746,0.8709677419354839,0.07266982622432859,0.2661290322580645,0.8108436018957351
15875,feedback_development,3,0.908308611692419,0.8872180451127819,0.04660347551342812,0.24812030075187969,0.816676145339653
15875,feedback_development,4,0.913290764134356,0.9285714285714286,0.04186413902053712,0.2222222222222222,0.8432827804107424
15875,feedback_development,5,0.9130074428872033,0.9022556390977443,0.03238546603475513,0.3383458646616541,0.7600189573459732
15875,feedback_development,6,0.914478957013389,0.9236641221374046,0.04265402843601896,0.22900763358778625,0.8333617693522929
15876,static_quality,1,0.58,0.7931034482758621,0.1990521327014218,0.3017241379310345,0.7721105845181676
15876,static_quality,2,0.58,0.6916666666666667,0.20300157977883096,0.425,0.6895165876777233
15876,static_quality,3,0.58,0.6861313868613139,0.19510268562401265,0.4306569343065693,0.6514407582938374
15876,static_quality,4,0.58,0.6307692307692307,0.19510268562401265,0.5538461538461539,0.5853902053712471
15876,static_quality,5,0.58,0.6521739130434783,0.1895734597156398,0.42028985507246375,0.6576082148499206
15876,static_quality,6,0.58,0.6619718309859155,0.1990521327014218,0.45774647887323944,0.6203570300157971
15876,linear_development,1,0.7870483920781718,0.777027027027027,0.1240126382306477,0.31756756756756754,0.7286856240126393
15876,linear_development,2,0.8446870699107533,0.8189655172413793,0.08372827804107424,0.2672413793103448,0.8184960505529234
15876,linear_development,3,0.8756343689117037,0.8688524590163934,0.06714060031595577,0.319672131147541,0.782085308056873
15876,linear_development,4,0.8994559311661436,0.9044117647058824,0.04976303317535545,0.25,0.8114154818325441
15876,linear_development,5,0.9064626660386987,0.8345323741007195,0.03238546603475513,0.26618705035971224,0.8003096366508702
15876,linear_development,6,0.9081851721215142,0.8842975206611571,0.04344391785150079,0.24793388429752067,0.8332322274881515
15876,interaction_development,1,0.7577862190716016,0.7246376811594203,0.15086887835703003,0.3333333333333333,0.726932069510268
15876,interaction_development,2,0.8573467604808022,0.825,0.07345971563981042,0.31666666666666665,0.7859431279620854
15876,interaction_development,3,0.8988325371878312,0.907563025210084,0.060821484992101105,0.17647058823529413,0.8745497630331747
15876,interaction_development,4,0.9093585670884301,0.8608695652173913,0.04739336492890995,0.2782608695652174,0.8218988941548195
15876,interaction_development,5,0.913066151212896,0.8925619834710744,0.04739336492890995,0.2892561983471074,0.8068846761453409
15876,interaction_development,6,0.9149837966258427,0.9316239316239316,0.0339652448657188,0.19658119658119658,0.8707582938388612
15876,feedback_development,1,0.7828221773177172,0.72,0.16587677725118483,0.416,0.6939494470774087
15876,feedback_development,2,0.8894851818348032,0.8333333333333334,0.06714060031595577,0.23809523809523808,0.8273364928909963
15876,feedback_development,3,0.9053536697643618,0.875,0.038704581358609796,0.275,0.818755134281202
15876,feedback_development,4,0.9108201858160494,0.8661971830985915,0.044233807266982623,0.2887323943661972,0.7773364928909968
15876,feedback_development,5,0.913979079357358,0.88,0.04344391785150079,0.224,0.8432511848341242
15876,feedback_development,6,0.9139823451354143,0.8740157480314961,0.04739336492890995,0.2755905511811024,0.8073996840442356
15877,static_quality,1,0.58,0.6015037593984962,0.22274881516587677,0.518796992481203,0.5947646129541847
15877,static_quality,2,0.58,0.6641221374045801,0.1848341232227488,0.45038167938931295,0.6539526066350706
15877,static_quality,3,0.58,0.647887323943662,0.19747235387045814,0.5211267605633803,0.5747424960505512
15877,static_quality,4,0.58,0.6324786324786325,0.18799368088467613,0.46153846153846156,0.6788151658767765
15877,static_quality,5,0.58,0.762962962962963,0.18562401263823064,0.362962962962963,0.7039462875197464
15877,static_quality,6,0.58,0.5983606557377049,0.18799368088467613,0.5245901639344263,0.6279494470774089
15877,linear_development,1,0.7804117688049395,0.7346938775510204,0.11927330173775672,0.36054421768707484,0.6992796208530806
15877,linear_development,2,0.8501324562578412,0.8206896551724138,0.08372827804107424,0.2827586206896552,0.7677030015797799
15877,linear_development,3,0.882129902026935,0.8591549295774648,0.06477093206951026,0.323943661971831,0.7473080568720394
15877,linear_development,4,0.9022053414608181,0.8535031847133758,0.045023696682464455,0.2802547770700637,0.7621927330173789
15877,linear_development,5,0.9045550516041272,0.8321167883211679,0.03949447077409163,0.30656934306569344,0.7731627172195906
15877,linear_development,6,0.9061148224068651,0.8916666666666667,0.045813586097946286,0.26666666666666666,0.8224423380726705
15877,interaction_development,1,0.7423459255542667,0.6830985915492958,0.17298578199052134,0.4014084507042254,0.6669857819905208
15877,interaction_development,2,0.8563106010867954,0.8272727272727273,0.09794628751974724,0.21818181818181817,0.850587677725118
15877,interaction_development,3,0.8947130390506963,0.8571428571428571,0.05134281200631911,0.2857142857142857,0.8007424960505539
15877,interaction_development,4,0.9088645693284589,0.8333333333333334,0.045023696682464455,0.2619047619047619,0.817870458135862
15877,interaction_development,5,0.912470597546928,0.8523489932885906,0.03949447077409163,0.3221476510067114,0.742755134281201
15877,interaction_development,6,0.9134297730485983,0.8732394366197183,0.029225908372827805,0.28169014084507044,0.7858325434439194
15877,feedback_development,1,0.7972921852276147,0.782608695652174,0.15481832543443919,0.3217391304347826,0.771832543443917
15877,feedback_development,2,0.8866670161842224,0.8455882352941176,0.05924170616113744,0.34558823529411764,0.7434533965244877
15877,feedback_development,3,0.9032816470455813,0.8625954198473282,0.04739336492890995,0.3282442748091603,0.7666698262243301
15877,feedback_development,4,0.9106918294313983,0.9224806201550387,0.052132701421800945,0.2558139534883721,0.8159304897314386
15877,feedback_development,5,0.9132626246653057,0.8939393939393939,0.03949447077409163,0.2727272727272727,0.803854660347553
15877,feedback_development,6,0.9136480409262258,0.8888888888888888,0.0315955766192733,0.28888888888888886,0.7904676145339665
15878,static_quality,1,0.58,0.6050420168067226,0.19194312796208532,0.5378151260504201,0.6272037914691931
15878,static_quality,2,0.58,0.7185185185185186,0.1769352290679305,0.35555555555555557,0.7111248025276458
15878,static_quality,3,0.58,0.6212121212121212,0.21879936808846762,0.4772727272727273,0.6261074249605039
15878,static_quality,4,0.58,0.6024844720496895,0.18799368088467613,0.4720496894409938,0.5669921011058439
15878,static_quality,5,0.58,0.625,0.2037914691943128,0.45535714285714285,0.6901642969984193
15878,static_quality,6,0.58,0.6870748299319728,0.19984202211690363,0.4421768707482993,0.6199778830963634
15878,linear_development,1,0.7465464850216527,0.6982758620689655,0.1334913112164297,0.4482758620689655,0.7012733017377569
15878,linear_development,2,0.8294455975437478,0.8092105263157895,0.08846761453396525,0.34210526315789475,0.7112448657188006
15878,linear_development,3,0.8752033376028194,0.8676470588235294,0.06003159557661927,0.25735294117647056,0.8035071090047403
15878,linear_development,4,0.8933450261761278,0.8173913043478261,0.054502369668246446,0.3130434782608696,0.800157977883097
15878,linear_development,5,0.9045378934477957,0.8705035971223022,0.04818325434439179,0.2589928057553957,0.8013775671406014
15878,linear_development,6,0.9084428209984513,0.900709219858156,0.038704581358609796,0.2127659574468085,0.8340379146919447
15878,interaction_development,1,0.7230188865141429,0.6716417910447762,0.15481832543443919,0.43283582089552236,0.6656872037914686
15878,interaction_development,2,0.8521100074120689,0.8091603053435115,0.10110584518167456,0.2824427480916031,0.7844834123222761
15878,interaction_development,3,0.9028171270375925,0.9056603773584906,0.04739336492890995,0.20754716981132076,0.8165181674565574
15878,interaction_development,4,0.9093725575162795,0.8389830508474576,0.04344391785150079,0.3474576271186441,0.7774533965244885
15878,interaction_development,5,0.9127747063566996,0.8333333333333334,0.04107424960505529,0.28,0.7726034755134296
15878,interaction_development,6,0.912457621288981,0.84,0.04344391785150079,0.336,0.7727140600315977
15878,feedback_development,1,0.8117810133002159,0.753731343283582,0.15165876777251186,0.3582089552238806,0.7170805687203785
15878,feedback_development,2,0.8910881507513152,0.8503937007874016,0.06635071090047394,0.29133858267716534,0.7922748815165881
15878,feedback_development,3,0.9066569273987514,0.8639455782312925,0.04107424960505529,0.272108843537415,0.7826192733017386
15878,feedback_development,4,0.9101049723075736,0.8235294117647058,0.037914691943127965,0.34558823529411764,0.7482906793048981
15878,feedback_development,5,0.913270366079612,0.889763779527559,0.045023696682464455,0.2440944881889764,0.8276587677725125
15878,feedback_development,6,0.9137944712758377,0.8507462686567164,0.04028436018957346,0.27611940298507465,0.7979747235387068
15879,static_quality,1,0.58,0.6621621621621622,0.20695102685624012,0.4527027027027027,0.6085750394944706
15879,static_quality,2,0.58,0.7266187050359713,0.19273301737756715,0.38848920863309355,0.6775987361769348
15879,static_quality,3,0.58,0.68,0.20458135860979462,0.448,0.665004739336492
15879,static_quality,4,0.58,0.6911764705882353,0.18562401263823064,0.4485294117647059,0.6436113744075829
15879,static_quality,5,0.58,0.6611570247933884,0.2132701421800948,0.47107438016528924,0.6574470774091618
15879,static_quality,6,0.58,0.6343283582089553,0.19984202211690363,0.48507462686567165,0.6196840442338062
15879,linear_development,1,0.7833993134435076,0.7793103448275862,0.14770932069510267,0.3310344827586207,0.7177788309636647
15879,linear_development,2,0.8328157531537915,0.8048780487804879,0.0971563981042654,0.4065040650406504,0.7198262243285948
15879,linear_development,3,0.8848122280686173,0.8930817610062893,0.06240126382306477,0.2138364779874214,0.8075513428120085
15879,linear_development,4,0.8968663423618102,0.7758620689655172,0.045023696682464455,0.3620689655172414,0.7720663507109012
15879,linear_development,5,0.9047926481493364,0.8529411764705882,0.035545023696682464,0.2823529411764706,0.7433649289099546
15879,linear_development,6,0.9043037668641551,0.8394160583941606,0.045023696682464455,0.30656934306569344,0.7717977883096383
15879,interaction_development,1,0.7532178980941577,0.7428571428571429,0.1500789889415482,0.36428571428571427,0.7024170616113735
15879,interaction_development,2,0.8707100538664154,0.8120805369127517,0.08609794628751975,0.28859060402684567,0.7574060031595579
15879,interaction_development,3,0.9000461227654908,0.8613138686131386,0.05134281200631911,0.29927007299270075,0.7757409162717233
15879,interaction_development,4,0.9099952861045861,0.8608695652173913,0.03712480252764613,0.2782608695652174,0.8245529225908383
15879,interaction_development,5,0.9125314186626454,0.8429752066115702,0.04107424960505529,0.3140495867768595,0.7928815165876799
15879,interaction_development,6,0.9130192274500697,0.8617886178861789,0.04028436018957346,0.2926829268292683,0.8030236966824669
15879,feedback_development,1,0.7887770954863897,0.6946564885496184,0.15876777251184834,0.4198473282442748,0.6802116903633484
15879,feedback_development,2,0.8846859966326304,0.8174603174603174,0.0750394944707741,0.31746031746031744,0.775301737756715
15879,feedback_development,3,0.9073119003236847,0.9102564102564102,0.04739336492890995,0.24358974358974358,0.7910900473933669
15879,feedback_development,4,0.9130050594824768,0.8823529411764706,0.04107424960505529,0.2549019607843137,0.7880252764612966
15879,feedback_development,5,0.9152167475879603,0.875968992248062,0.036334913112164295,0.20155038759689922,0.8549320695102685
15879,feedback_development,6,0.9160806289259067,0.9191176470588235,0.037914691943127965,0.18382352941176472,0.8594913112164302
15880,static_quality,1,0.58,0.7024793388429752,0.19510268562401265,0.39669421487603307,0.7071753554502368
15880,static_quality,2,0.58,0.7105263157894737,0.19273301737756715,0.40789473684210525,0.6365624012638222
15880,static_quality,3,0.58,0.6875,0.21011058451816747,0.453125,0.6532259083728257
15880,static_quality,4,0.58,0.7280701754385965,0.1943127962085308,0.38596491228070173,0.7274502369668236
15880,static_quality,5,0.58,0.7770700636942676,0.1769352290679305,0.3503184713375796,0.6755671406003149
15880,static_quality,6,0.58,0.6171875,0.19036334913112166,0.4765625,0.6429352290679289
15880,linear_development,1,0.746876466125903,0.6896551724137931,0.14533965244865718,0.45689655172413796,0.6937251184834119
15880,linear_development,2,0.8308533711456021,0.8467153284671532,0.08767772511848342,0.27007299270072993,0.7873270142180105
15880,linear_development,3,0.8762351796223422,0.905511811023622,0.061611374407582936,0.2204724409448819,0.8390426540284371
15880,linear_development,4,0.8996507267469462,0.8633093525179856,0.05292259083728278,0.2589928057553957,0.8008467614533984
15880,linear_development,5,0.9085862934436086,0.896551724137931,0.045813586097946286,0.21379310344827587,0.8272417061611389
15880,linear_development,6,0.9089990118642276,0.8639455782312925,0.03475513428120063,0.25170068027210885,0.799608214849923
15880,interaction_development,1,0.7428291934136602,0.6901408450704225,0.1579778830963665,0.4014084507042254,0.670347551342811
15880,interaction_development,2,0.8631661785629843,0.8435374149659864,0.08293838862559241,0.3129251700680272,0.7423443917851513
15880,interaction_development,3,0.896019134263724,0.8134328358208955,0.05529225908372828,0.3283582089552239,0.7598357030015802
15880,interaction_development,4,0.9108955615331669,0.8767123287671232,0.044233807266982623,0.2671232876712329,0.787279620853082
15880,interaction_development,5,0.9135189798001563,0.8489208633093526,0.045023696682464455,0.2733812949640288,0.7917156398104285
15880,interaction_development,6,0.9132893158642061,0.8716216216216216,0.029225908372827805,0.2972972972972973,0.7651437598736189
15880,feedback_development,1,0.8151039117683694,0.7846153846153846,0.14533965244865718,0.33076923076923076,0.7438230647709321
15880,feedback_development,2,0.892065769148215,0.84375,0.07424960505529225,0.296875,0.7853206951026868
15880,feedback_development,3,0.9055694200828773,0.8320610687022901,0.045813586097946286,0.29770992366412213,0.7869921011058474
15880,feedback_development,4,0.9105940017323457,0.8529411764705882,0.03317535545023697,0.29411764705882354,0.7845971563981063
15880,feedback_development,5,0.9141244460155393,0.8740740740740741,0.0315955766192733,0.2074074074074074,0.8458230647709322
15880,feedback_development,6,0.9146918420321313,0.9159663865546218,0.0315955766192733,0.24369747899159663,0.8410015797788317
15881,static_quality,1,0.58,0.6971830985915493,0.19589257503949448,0.4014084507042254,0.6614881516587666
15881,static_quality,2,0.58,0.7478260869565218,0.18009478672985782,0.391304347826087,0.7259589257503944
15881,static_quality,3,0.58,0.6666666666666666,0.20853080568720378,0.4666666666666667,0.6277693522906765
15881,static_quality,4,0.58,0.7205882352941176,0.1769352290679305,0.38235294117647056,0.6909636650868873
15881,static_quality,5,0.58,0.6742424242424242,0.20221169036334913,0.4166666666666667,0.6704328593996833
15881,static_quality,6,0.58,0.7333333333333333,0.18878357030015797,0.45185185185185184,0.6423601895734586
15881,linear_development,1,0.7633074095056158,0.7481481481481481,0.11690363349131122,0.4222222222222222,0.679731437598736
15881,linear_development,2,0.8345995757768028,0.8435374149659864,0.1018957345971564,0.35374149659863946,0.707898894154819
15881,linear_development,3,0.87267668200062,0.8617886178861789,0.05766192733017378,0.2845528455284553,0.8048941548183267
15881,linear_development,4,0.8918060317056701,0.8548387096774194,0.05687203791469194,0.33064516129032256,0.7737883096366521
15881,linear_development,5,0.9043201316554388,0.8888888888888888,0.045813586097946286,0.24603174603174602,0.8273996840442355
15881,linear_development,6,0.9056014048882712,0.8985507246376812,0.04818325434439179,0.2826086956521739,0.7866571879936826
15881,interaction_development,1,0.7458699502763697,0.7557251908396947,0.17772511848341233,0.3435114503816794,0.7262812006319114
15881,interaction_development,2,0.8550980224359832,0.75177304964539,0.09320695102685624,0.36879432624113473,0.7106319115323863
15881,interaction_development,3,0.8973975934604232,0.8805970149253731,0.052132701421800945,0.23880597014925373,0.820761453396526
15881,interaction_development,4,0.9109209821110269,0.9389312977099237,0.052132701421800945,0.2366412213740458,0.8261832543443925
15881,interaction_development,5,0.9142044612656297,0.9076923076923077,0.03712480252764613,0.25384615384615383,0.8194755134281212
15881,interaction_development,6,0.9147868406702526,0.88,0.044233807266982623,0.24,0.833096366508689
15881,feedback_development,1,0.8215325852226589,0.7906976744186046,0.17614533965244866,0.3023255813953488,0.7570078988941542
15881,feedback_development,2,0.8973257239902377,0.8671328671328671,0.05134281200631911,0.2867132867132867,0.7749289099526081
15881,feedback_development,3,0.908178100102066,0.907563025210084,0.03949447077409163,0.23529411764705882,0.8441769352290672
15881,feedback_development,4,0.9127888172884068,0.875968992248062,0.045813586097946286,0.24031007751937986,0.8276113744075837
15881,feedback_development,5,0.9135821003537794,0.8857142857142857,0.030015797788309637,0.2785714285714286,0.7904707740916289
15881,feedback_development,6,0.9123791944570642,0.8148148148148148,0.038704581358609796,0.34074074074074073,0.7533017377567156
15882,static_quality,1,0.58,0.6371681415929203,0.2156398104265403,0.4247787610619469,0.7022938388625586
15882,static_quality,2,0.58,0.7153846153846154,0.18088467614533965,0.35384615384615387,0.7207203791469189
15882,static_quality,3,0.58,0.6033057851239669,0.18799368088467613,0.5206611570247934,0.6332543443917842
15882,static_quality,4,0.58,0.6204379562043796,0.21879936808846762,0.46715328467153283,0.6205371248025261
15882,static_quality,5,0.58,0.7006802721088435,0.20695102685624012,0.4013605442176871,0.648063191153237
15882,static_quality,6,0.58,0.6470588235294118,0.1966824644549763,0.47794117647058826,0.6212132701421783
15882,linear_development,1,0.7677905600791486,0.831858407079646,0.14454976303317535,0.2920353982300885,0.7947519747235395
15882,linear_development,2,0.8367830809246631,0.8738738738738738,0.10347551342812006,0.2072072072072072,0.8546382306477084
15882,linear_development,3,0.8704707652785122,0.864406779661017,0.07424960505529225,0.3220338983050847,0.7852417061611384
15882,linear_development,4,0.8928592705213722,0.8321167883211679,0.05687203791469194,0.31386861313868614,0.7645118483412338
15882,linear_development,5,0.9014640922300661,0.8272727272727273,0.05845181674565561,0.3090909090909091,0.8096145339652454
15882,linear_development,6,0.9071116663421975,0.8896551724137931,0.04186413902053712,0.22758620689655173,0.8182748815165894
15882,interaction_development,1,0.7503045771176586,0.75177304964539,0.16429699842022116,0.375886524822695,0.6885150078988928
15882,interaction_development,2,0.8616757930479231,0.8285714285714286,0.08214849921011058,0.32142857142857145,0.748464454976304
15882,interaction_development,3,0.9003822768261123,0.8832116788321168,0.053712480252764615,0.24087591240875914,0.815545023696683
15882,interaction_development,4,0.9100928953390183,0.816793893129771,0.04739336492890995,0.31297709923664124,0.7764328593996856
15882,interaction_development,5,0.9144408831734743,0.8814814814814815,0.037914691943127965,0.2222222222222222,0.8344170616113749
15882,interaction_development,6,0.9142760661335123,0.8832116788321168,0.03712480252764613,0.2773722627737226,0.7939304897314393
15882,feedback_development,1,0.7878826427605623,0.6992481203007519,0.17851500789889416,0.42857142857142855,0.6655671406003166
15882,feedback_development,2,0.8723642064057839,0.808695652173913,0.06556082148499211,0.391304347826087,0.7519715639810436
15882,feedback_development,3,0.9001826229454986,0.8346456692913385,0.044233807266982623,0.31496062992125984,0.7823507109004756
15882,feedback_development,4,0.9074837167225083,0.8583333333333333,0.03949447077409163,0.3,0.8040473933649309
15882,feedback_development,5,0.913015430875199,0.8951612903225806,0.04107424960505529,0.20967741935483872,0.853848341232228
15882,feedback_development,6,0.9130803442110493,0.8266666666666667,0.036334913112164295,0.31333333333333335,0.7488467614533976
15883,static_quality,1,0.58,0.6447368421052632,0.19194312796208532,0.4342105263157895,0.6166635071090026
15883,static_quality,2,0.58,0.6896551724137931,0.1848341232227488,0.38620689655172413,0.6688120063191153
15883,static_quality,3,0.58,0.6335877862595419,0.19510268562401265,0.46564885496183206,0.6414375987361757
15883,static_quality,4,0.58,0.6402877697841727,0.19036334913112166,0.45323741007194246,0.6329131121642961
15883,static_quality,5,0.58,0.696969696969697,0.18799368088467613,0.45454545454545453,0.6480126382306463
15883,static_quality,6,0.58,0.6238532110091743,0.19984202211690363,0.5229357798165137,0.6607614533965233
15883,linear_development,1,0.7831865961796245,0.7801418439716312,0.1358609794628752,0.3120567375886525,0.7405750394944712
15883,linear_development,2,0.8557600117585142,0.8866666666666667,0.08293838862559241,0.25333333333333335,0.7828530805687219
15883,linear_development,3,0.8836641827430611,0.853448275862069,0.05529225908372828,0.27586206896551724,0.8206698262243294
15883,linear_development,4,0.9020956969364025,0.8790322580645161,0.04107424960505529,0.24193548387096775,0.8334755134281218
15883,linear_development,5,0.9049908213204932,0.8251748251748252,0.03475513428120063,0.32167832167832167,0.7544549763033186
15883,linear_development,6,0.9069855836496973,0.8677685950413223,0.04028436018957346,0.24793388429752067,0.8339083728278056
15883,interaction_development,1,0.7409758599324233,0.7162162162162162,0.17298578199052134,0.42567567567567566,0.6357946287519736
15883,interaction_development,2,0.8591569413818414,0.8156028368794326,0.07977883096366509,0.3191489361702128,0.7487045813586106
15883,interaction_development,3,0.8972697530819501,0.8445945945945946,0.04660347551342812,0.3108108108108108,0.7515450236966839
15883,interaction_development,4,0.9108593461054135,0.8712121212121212,0.04344391785150079,0.24242424242424243,0.8225213270142175
15883,interaction_development,5,0.9144257468244386,0.940677966101695,0.0339652448657188,0.22033898305084745,0.8557187993680884
15883,interaction_development,6,0.915434002256483,0.8931297709923665,0.044233807266982623,0.21374045801526717,0.8433870458135874
15883,feedback_development,1,0.7830632964918227,0.7435897435897436,0.1524486571879937,0.37606837606837606,0.7370236966824644
15883,feedback_development,2,0.8890386786234081,0.8320610687022901,0.0631911532385466,0.26717557251908397,0.8036998420221183
15883,feedback_development,3,0.9041668538989278,0.8309859154929577,0.04739336492890995,0.34507042253521125,0.7357914691943139
15883,feedback_development,4,0.9103293214645324,0.8761061946902655,0.04739336492890995,0.25663716814159293,0.8370868878357026
15883,feedback_development,5,0.9129926108671595,0.8943089430894309,0.04186413902053712,0.2682926829268293,0.8186224328594007
15883,feedback_development,6,0.9136721434897395,0.8692307692307693,0.035545023696682464,0.2846153846153846,0.7999842022116918
15884,static_quality,1,0.58,0.6290322580645161,0.1966824644549763,0.47580645161290325,0.6511974723538697
15884,static_quality,2,0.58,0.6993006993006993,0.1943127962085308,0.34965034965034963,0.6969225908372824
15884,static_quality,3,0.58,0.6642857142857143,0.16587677725118483,0.4785714285714286,0.6173649289099515
15884,static_quality,4,0.58,0.6532258064516129,0.19194312796208532,0.47580645161290325,0.6526382306477081
15884,static_quality,5,0.58,0.6444444444444445,0.17772511848341233,0.43703703703703706,0.656044233807266
15884,static_quality,6,0.58,0.671875,0.19036334913112166,0.40625,0.6880505529225902
15884,linear_development,1,0.7642837490680647,0.7165354330708661,0.13981042654028436,0.3858267716535433,0.715058451816746
15884,linear_development,2,0.8269454520031893,0.7950819672131147,0.0971563981042654,0.3360655737704918,0.7648846761453403
15884,linear_development,3,0.8679030353752493,0.8085106382978723,0.07266982622432859,0.3475177304964539,0.7300726698262255
15884,linear_development,4,0.8923448618172104,0.8625954198473282,0.05292259083728278,0.2900763358778626,0.7905718799368103
15884,linear_development,5,0.9032243726604565,0.8257575757575758,0.04897314375987362,0.2878787878787879,0.7915071090047412
15884,linear_development,6,0.9043129510328074,0.8333333333333334,0.04660347551342812,0.3157894736842105,0.8019842022116915
15884,interaction_development,1,0.7016820471058378,0.6611570247933884,0.16666666666666666,0.45454545454545453,0.6782938388625587
15884,interaction_development,2,0.8402282865592703,0.8125,0.09636650868878358,0.3046875,0.7757883096366521
15884,interaction_development,3,0.888568566939655,0.8175182481751825,0.05055292259083728,0.32116788321167883,0.760214849921012
15884,interaction_development,4,0.9086404859671828,0.8642857142857143,0.04186413902053712,0.25,0.8082116903633507
15884,interaction_development,5,0.9129157682152342,0.859504132231405,0.036334913112164295,0.2809917355371901,0.8140157977883106
15884,interaction_development,6,0.9139230276392054,0.8874172185430463,0.03475513428120063,0.26490066225165565,0.7848941548183268
15884,feedback_development,1,0.7987937032666985,0.7307692307692307,0.14375987361769352,0.38461538461538464,0.709023696682464
15884,feedback_development,2,0.89353295230942,0.8778625954198473,0.05055292259083728,0.2366412213740458,0.8257756714060028
15884,feedback_development,3,0.9094906467947506,0.9565217391304348,0.044233807266982623,0.1956521739130435,0.848050552922592
15884,feedback_development,4,0.9140816048471545,0.8931297709923665,0.030015797788309637,0.22137404580152673,0.8410394944707745
15884,feedback_development,5,0.9147055886752634,0.8562091503267973,0.04028436018957346,0.2549019607843137,0.7880758293838875
15884,feedback_development,6,0.914836229010733,0.8934426229508197,0.044233807266982623,0.26229508196721313,0.8227772511848354
15885,static_quality,1,0.58,0.6742424242424242,0.20063191153238547,0.4318181818181818,0.6605118483412322
15885,static_quality,2,0.58,0.753968253968254,0.1848341232227488,0.4444444444444444,0.6696113744075813
15885,static_quality,3,0.58,0.6259541984732825,0.2014218009478673,0.45038167938931295,0.6502243285939961
15885,static_quality,4,0.58,0.6946564885496184,0.21406003159557663,0.45038167938931295,0.6471753554502357
15885,static_quality,5,0.58,0.6739130434782609,0.19036334913112166,0.4420289855072464,0.6424581358609788
15885,static_quality,6,0.58,0.7364341085271318,0.21011058451816747,0.43410852713178294,0.6628846761453384
15885,linear_development,1,0.7708101516289494,0.7751937984496124,0.15402843601895735,0.34108527131782945,0.7369067930489739
15885,linear_development,2,0.837929394890131,0.823943661971831,0.09557661927330174,0.34507042253521125,0.7249510268562397
15885,linear_development,3,0.8791751865698836,0.8581081081081081,0.045813586097946286,0.30405405405405406,0.7566824644549776
15885,linear_development,4,0.8984832774100882,0.8832116788321168,0.04818325434439179,0.29927007299270075,0.776309636650871
15885,linear_development,5,0.9075851225147036,0.8992805755395683,0.04265402843601896,0.20863309352517986,0.8379462875197479
15885,linear_development,6,0.902807678369468,0.7575757575757576,0.05292259083728278,0.4166666666666667,0.7045213270142187
15885,interaction_development,1,0.7387367410615577,0.7121212121212122,0.18641390205371247,0.3787878787878788,0.6987709320695094
15885,interaction_development,2,0.866045368591902,0.8243243243243243,0.0750394944707741,0.28378378378378377,0.7645276461295432
15885,interaction_development,3,0.9013287489665371,0.8978102189781022,0.05292259083728278,0.24087591240875914,0.8155513428120076
15885,interaction_development,4,0.9094140295610403,0.8584070796460177,0.037914691943127965,0.3274336283185841,0.7984012638230659
15885,interaction_development,5,0.9128323270417125,0.8661417322834646,0.04107424960505529,0.28346456692913385,0.8033902053712495
15885,interaction_development,6,0.9143367354065388,0.8962962962962963,0.038704581358609796,0.24444444444444444,0.8188088467614545
15885,feedback_development,1,0.7451078235865146,0.6349206349206349,0.15165876777251186,0.5238095238095238,0.6260821484992086
15885,feedback_development,2,0.8763246738895861,0.8608695652173913,0.08056872037914692,0.2608695652173913,0.8245339652448663
15885,feedback_development,3,0.9046975222092752,0.9015151515151515,0.05055292259083728,0.24242424242424243,0.8215513428120078
15885,feedback_development,4,0.9111833043796627,0.8695652173913043,0.035545023696682464,0.26811594202898553,0.7992069510268581
15885,feedback_development,5,0.9136605418548445,0.9124087591240876,0.03317535545023697,0.27007299270072993,0.7999336492891012
15885,feedback_development,6,0.9148765609670104,0.8846153846153846,0.0339652448657188,0.2230769230769231,0.8402906793048979
15886,static_quality,1,0.58,0.6666666666666666,0.1872037914691943,0.45528455284552843,0.6682211690363344
15886,static_quality,2,0.58,0.582089552238806,0.1990521327014218,0.48507462686567165,0.6204012638230643
15886,static_quality,3,0.58,0.6557377049180327,0.18325434439178515,0.48360655737704916,0.6540663507108998
15886,static_quality,4,0.58,0.6466165413533834,0.19826224328593997,0.48120300751879697,0.6253238546603465
15886,static_quality,5,0.58,0.7054263565891473,0.19826224328593997,0.4108527131782946,0.6812227488151653
15886,static_quality,6,0.58,0.635593220338983,0.1895734597156398,0.5084745762711864,0.6477661927330166
15886,linear_development,1,0.7696750773966121,0.7338129496402878,0.13112164296998421,0.39568345323741005,0.686723538704582
15886,linear_development,2,0.8405760865394267,0.7986111111111112,0.09557661927330174,0.3194444444444444,0.7397472353870463
15886,linear_development,3,0.8815475763626432,0.8775510204081632,0.060821484992101105,0.2789115646258503,0.7735229067930502
15886,linear_development,4,0.8956693991968261,0.8161764705882353,0.054502369668246446,0.375,0.72414533965245
15886,linear_development,5,0.9070130529569695,0.9,0.04660347551342812,0.20666666666666667,0.8269320695102697
15886,linear_development,6,0.9105443514804084,0.9076923076923077,0.04660347551342812,0.18461538461538463,0.8624360189573457
15886,interaction_development,1,0.7645819612287539,0.7329192546583851,0.1579778830963665,0.39751552795031053,0.6343380726698267
15886,interaction_development,2,0.8684647243924191,0.7985611510791367,0.08767772511848342,0.2949640287769784,0.76750710900474
15886,interaction_development,3,0.8978175557665395,0.8617886178861789,0.05529225908372828,0.2926829268292683,0.800126382306478
15886,interaction_development,4,0.9099445001310668,0.8671328671328671,0.04186413902053712,0.2937062937062937,0.7727266982622453
15886,interaction_development,5,0.912947218339107,0.8206896551724138,0.04265402843601896,0.30344827586206896,0.7626887835703013
15886,interaction_development,6,0.9142210899436609,0.8529411764705882,0.045813586097946286,0.2426470588235294,0.81750710900474
15886,feedback_development,1,0.805871699043744,0.6870748299319728,0.13744075829383887,0.4217687074829932,0.6494375987361766
15886,feedback_development,2,0.8902308187111853,0.8547008547008547,0.05529225908372828,0.24786324786324787,0.8356461295418639
15886,feedback_development,3,0.9067970957484687,0.8805970149253731,0.04660347551342812,0.2537313432835821,0.8118767772511867
15886,feedback_development,4,0.9114883375968947,0.8559322033898306,0.045813586097946286,0.2711864406779661,0.8221832543443927
15886,feedback_development,5,0.9131026085986547,0.8880597014925373,0.04818325434439179,0.29850746268656714,0.7809889415481844
15886,feedback_development,6,0.9139729224244129,0.8714285714285714,0.02448657187993681,0.2642857142857143,0.8019494470774111
15887,static_quality,1,0.58,0.6074074074074074,0.2109004739336493,0.45185185185185184,0.6376840442338054
15887,static_quality,2,0.58,0.7419354838709677,0.1990521327014218,0.38064516129032255,0.6500947867298571
15887,static_quality,3,0.58,0.6277372262773723,0.18878357030015797,0.49635036496350365,0.6075671406003142
15887,static_quality,4,0.58,0.6838235294117647,0.1990521327014218,0.4485294117647059,0.6401800947867301
15887,static_quality,5,0.58,0.6428571428571429,0.20300157977883096,0.5,0.6299210110584503
15887,static_quality,6,0.58,0.6783216783216783,0.19273301737756715,0.3986013986013986,0.6624012638230643
15887,linear_development,1,0.7677222673217443,0.8091603053435115,0.13112164296998421,0.37404580152671757,0.7161453396524492
15887,linear_development,2,0.8327899467635198,0.860655737704918,0.08846761453396525,0.30327868852459017,0.7871563981042663
15887,linear_development,3,0.8752499309734205,0.8601398601398601,0.06635071090047394,0.3006993006993007,0.7620916271721961
15887,linear_development,4,0.8932594513410101,0.7886178861788617,0.04818325434439179,0.3252032520325203,0.7814660347551357
15887,linear_development,5,0.906841627423164,0.8671328671328671,0.045023696682464455,0.1958041958041958,0.8424012638230662
15887,linear_development,6,0.907136315787787,0.8896551724137931,0.04028436018957346,0.2896551724137931,0.7725276461295429
15887,interaction_development,1,0.7280233390732167,0.6861313868613139,0.1484992101105845,0.4306569343065693,0.6617567140600306
15887,interaction_development,2,0.8542559433411596,0.823943661971831,0.10426540284360189,0.33098591549295775,0.7329162717219587
15887,interaction_development,3,0.8938379332936202,0.873015873015873,0.04976303317535545,0.2777777777777778,0.8061421800947884
15887,interaction_development,4,0.9105219014134296,0.8854961832061069,0.054502369668246446,0.22137404580152673,0.8354628751974735
15887,interaction_development,5,0.9155010395799754,0.9043478260869565,0.04028436018957346,0.16521739130434782,0.8896429699842013
15887,interaction_development,6,0.9146678166355865,0.8303571428571429,0.037914691943127965,0.30357142857142855,0.8143159557661945
15887,feedback_development,1,0.7977716464971458,0.7637795275590551,0.1429699842022117,0.3779527559055118,0.7187109004739335
15887,feedback_development,2,0.8959199948246874,0.903448275862069,0.06477093206951026,0.25517241379310346,0.7925402843601905
15887,feedback_development,3,0.9068192614241621,0.8195488721804511,0.04818325434439179,0.3007518796992481,0.7814028436018959
15887,feedback_development,4,0.9119629113409231,0.903448275862069,0.04265402843601896,0.27586206896551724,0.7822654028436035
15887,feedback_development,5,0.9132242361477857,0.864,0.03317535545023697,0.288,0.8054565560821497
15887,feedback_development,6,0.9153453426095486,0.9015151515151515,0.04739336492890995,0.17424242424242425,0.8675892575039498
15888,static_quality,1,0.58,0.7272727272727273,0.19036334913112166,0.3787878787878788,0.6978672985781995
15888,static_quality,2,0.58,0.7,0.20537124802527645,0.38333333333333336,0.7147172195892567
15888,static_quality,3,0.58,0.625,0.19352290679304898,0.49107142857142855,0.6725813586097942
15888,static_quality,4,0.58,0.6764705882352942,0.20616113744075829,0.41911764705882354,0.6589794628751966
15888,static_quality,5,0.58,0.7272727272727273,0.18562401263823064,0.36363636363636365,0.7089984202211675
15888,static_quality,6,0.58,0.6527777777777778,0.19036334913112166,0.4166666666666667,0.6474091627172187
15888,linear_development,1,0.7708333300824899,0.7637795275590551,0.13191153238546605,0.33858267716535434,0.7469921011058457
15888,linear_development,2,0.828739990524223,0.819047619047619,0.09399684044233807,0.29523809523809524,0.8164581358609807
15888,linear_development,3,0.8712175748667637,0.8102189781021898,0.07266982622432859,0.29927007299270075,0.770050552922592
15888,linear_development,4,0.8952756998537119,0.8045112781954887,0.0631911532385466,0.2781954887218045,0.7933270142180108
15888,linear_development,5,0.9057423632162998,0.875,0.04265402843601896,0.2569444444444444,0.7979810426540297
15888,linear_development,6,0.9051179729363732,0.84375,0.036334913112164295,0.3203125,0.7793933649289113
15888,interaction_development,1,0.7429803566880124,0.6733333333333333,0.15955766192733017,0.4266666666666667,0.6343349131121624
15888,interaction_development,2,0.86303251158737,0.7676056338028169,0.07661927330173776,0.3028169014084507,0.7590742496050559
15888,interaction_development,3,0.8993681945628598,0.8571428571428571,0.054502369668246446,0.2556390977443609,0.8099715639810433
15888,interaction_development,4,0.9096377755365619,0.8571428571428571,0.04976303317535545,0.30158730158730157,0.7910489731437619
15888,interaction_development,5,0.9135037886037827,0.9090909090909091,0.05134281200631911,0.24793388429752067,0.8308688783570305
15888,interaction_development,6,0.9161892967248841,0.9153846153846154,0.04028436018957346,0.14615384615384616,0.8896777251184833
15888,feedback_development,1,0.8208225215618146,0.7482014388489209,0.1287519747235387,0.34532374100719426,0.7224075829383885
15888,feedback_development,2,0.902236124583636,0.9038461538461539,0.05529225908372828,0.20512820512820512,0.8201358609794646
15888,feedback_development,3,0.9073814070455337,0.859375,0.0339652448657188,0.359375,0.7545402843601907
15888,feedback_development,4,0.9134358511550573,0.8992805755395683,0.038704581358609796,0.22302158273381295,0.8289225908372836
15888,feedback_development,5,0.9136464522059533,0.8716216216216216,0.04028436018957346,0.2905405405405405,0.7679431279620865
15888,feedback_development,6,0.9148764209308369,0.9328358208955224,0.035545023696682464,0.21641791044776118,0.8394786729857813
15889,static_quality,1,0.58,0.7121212121212122,0.20853080568720378,0.3712121212121212,0.6986034755134272
15889,static_quality,2,0.58,0.6587301587301587,0.2093206951026856,0.3968253968253968,0.6940916271721954
15889,static_quality,3,0.58,0.58,0.19352290679304898,0.5133333333333333,0.5606129541864119
15889,static_quality,4,0.58,0.6507936507936508,0.21721958925750395,0.4523809523809524,0.6566919431279609
15889,static_quality,5,0.58,0.6557377049180327,0.174565560821485,0.4180327868852459,0.6969699842022118
15889,static_quality,6,0.58,0.6776859504132231,0.19510268562401265,0.39669421487603307,0.7067740916271713
15889,linear_development,1,0.7659002130820058,0.768,0.11927330173775672,0.36,0.7394849921011062
15889,linear_development,2,0.8341168350058796,0.8444444444444444,0.08293838862559241,0.32592592592592595,0.7535355450236986
15889,linear_development,3,0.8759954344284419,0.8346456692913385,0.060821484992101105,0.25196850393700787,0.8188625592417078
15889,linear_development,4,0.8995850581148679,0.851063829787234,0.05134281200631911,0.2553191489361702,0.8009826224328606
15889,linear_development,5,0.9041162177443165,0.85,0.04107424960505529,0.32857142857142857,0.7524233807266987
15889,linear_development,6,0.9058428459687131,0.8222222222222222,0.053712480252764615,0.26666666666666666,0.8006382306477116
15889,interaction_development,1,0.7114861174188116,0.6641221374045801,0.15481832543443919,0.4580152671755725,0.6558293838862559
15889,interaction_development,2,0.8329300083122075,0.7591240875912408,0.10742496050552923,0.40145985401459855,0.6922274881516594
15889,interaction_development,3,0.8884010007445033,0.875,0.06003159557661927,0.265625,0.8092543443917873
15889,interaction_development,4,0.9108090816849632,0.9225352112676056,0.04897314375987362,0.16901408450704225,0.8619494470774077
15889,interaction_development,5,0.9142396122175079,0.8928571428571429,0.03949447077409163,0.2571428571428571,0.8031342812006333
15889,interaction_development,6,0.9147232604322999,0.852112676056338,0.02527646129541864,0.24647887323943662,0.8116145339652464
15889,feedback_development,1,0.7715025161895912,0.7288135593220338,0.17061611374407584,0.423728813559322,0.7025308056872027
15889,feedback_development,2,0.8794251101850044,0.782608695652174,0.07109004739336493,0.28695652173913044,0.8115892575039502
15889,feedback_development,3,0.9064290285695844,0.8775510204081632,0.044233807266982623,0.23129251700680273,0.8126666666666681
15889,feedback_development,4,0.9109255400801015,0.8671328671328671,0.044233807266982623,0.3076923076923077,0.7614913112164303
15889,feedback_development,5,0.9128239435811256,0.8360655737704918,0.03949447077409163,0.2786885245901639,0.8135987361769367
15889,feedback_development,6,0.9138726175510388,0.8881118881118881,0.036334913112164295,0.2727272727272727,0.7891058451816776
15890,static_quality,1,0.58,0.6811594202898551,0.1872037914691943,0.41304347826086957,0.663105845181673
15890,static_quality,2,0.58,0.6982758620689655,0.20695102685624012,0.4482758620689655,0.6841232227488144
15890,static_quality,3,0.58,0.6811594202898551,0.18325434439178515,0.43478260869565216,0.6492669826224324
15890,static_quality,4,0.58,0.675,0.20616113744075829,0.4666666666666667,0.6645908372827802
15890,static_quality,5,0.58,0.6717557251908397,0.21406003159557663,0.4732824427480916,0.6321105845181662
15890,static_quality,6,0.58,0.7155172413793104,0.1966824644549763,0.41379310344827586,0.706808846761453
15890,linear_development,1,0.7780575068282967,0.7692307692307693,0.12954186413902052,0.35664335664335667,0.7073491311216442
15890,linear_development,2,0.8406763506295465,0.7910447761194029,0.08214849921011058,0.3283582089552239,0.7532701421800954
15890,linear_development,3,0.8820209451791129,0.8345323741007195,0.04660347551342812,0.2446043165467626,0.8119652448657209
15890,linear_development,4,0.9003999436491291,0.8639455782312925,0.04739336492890995,0.2925170068027211,0.7662338072669843
15890,linear_development,5,0.9063891974209047,0.8705035971223022,0.045813586097946286,0.2517985611510791,0.8071658767772524
15890,linear_development,6,0.9070803290860048,0.8613138686131386,0.04107424960505529,0.27007299270072993,0.7983349131121664
15890,interaction_development,1,0.7397605477964608,0.684931506849315,0.16429699842022116,0.4246575342465753,0.6434154818325426
15890,interaction_development,2,0.8590950865478533,0.851063829787234,0.08925750394944708,0.3191489361702128,0.7465624012638239
15890,interaction_development,3,0.8979756385273179,0.8540145985401459,0.04265402843601896,0.27007299270072993,0.7981074249605067
15890,interaction_development,4,0.9115550701081419,0.9214285714285714,0.05687203791469194,0.2357142857142857,0.8143538704581372
15890,interaction_development,5,0.9143890271358798,0.859375,0.037914691943127965,0.25,0.8240031595576629
15890,interaction_development,6,0.9136969623031742,0.8169014084507042,0.036334913112164295,0.30985915492957744,0.7639842022116917
15890,feedback_development,1,0.7686874290583251,0.7079646017699115,0.1627172195892575,0.40707964601769914,0.7246729857819894
15890,feedback_development,2,0.8924322014667463,0.8506493506493507,0.06003159557661927,0.2727272727272727,0.7684296998420239
15890,feedback_development,3,0.9095989139787068,0.9197080291970803,0.04344391785150079,0.18248175182481752,0.858085308056873
15890,feedback_development,4,0.9139013009517132,0.8650793650793651,0.03949447077409163,0.2222222222222222,0.8444612954186417
15890,feedback_development,5,0.913743270716645,0.8652482269503546,0.0339652448657188,0.2978723404255319,0.77465402843602
15890,feedback_development,6,0.914578918294939,0.896551724137931,0.03238546603475513,0.2482758620689655,0.8051026856240144
15891,static_quality,1,0.58,0.6689655172413793,0.20537124802527645,0.41379310344827586,0.6438325434439167
15891,static_quality,2,0.58,0.6511627906976745,0.1943127962085308,0.4573643410852713,0.6519146919431269
15891,static_quality,3,0.58,0.6071428571428571,0.1895734597156398,0.4857142857142857,0.6074470774091612
15891,static_quality,4,0.58,0.6715328467153284,0.1848341232227488,0.40875912408759124,0.6686097946287515
15891,static_quality,5,0.58,0.7066666666666667,0.17535545023696683,0.4,0.6508562401263813
15891,static_quality,6,0.58,0.6666666666666666,0.1872037914691943,0.4583333333333333,0.6738799368088465
15891,linear_development,1,0.7721161991502504,0.7941176470588235,0.12085308056872038,0.36764705882352944,0.7140726698262247
15891,linear_development,2,0.8416594479742654,0.8682170542635659,0.0750394944707741,0.26356589147286824,0.8058041074249614
15891,linear_development,3,0.8761488143777185,0.8346456692913385,0.06872037914691943,0.30708661417322836,0.7818767772511857
15891,linear_development,4,0.8972580139941819,0.828125,0.045023696682464455,0.2734375,0.8076872037914715
15891,linear_development,5,0.9045847264135883,0.8805970149253731,0.04265402843601896,0.29850746268656714,0.7822211690363353
15891,linear_development,6,0.9071884595705514,0.8870967741935484,0.054502369668246446,0.24193548387096775,0.8306761453396535
15891,interaction_development,1,0.7232611045795886,0.6904761904761905,0.165086887835703,0.40476190476190477,0.6992385466034753
15891,interaction_development,2,0.8533409192672501,0.7832167832167832,0.08688783570300158,0.32867132867132864,0.7372353870458142
15891,interaction_development,3,0.8965171932591294,0.8787878787878788,0.05292259083728278,0.25,0.8159462875197487
15891,interaction_development,4,0.9098505243236625,0.8181818181818182,0.04186413902053712,0.2727272727272727,0.8033870458135877
15891,interaction_development,5,0.9135497113710054,0.8560606060606061,0.03712480252764613,0.26515151515151514,0.8093965244865727
15891,interaction_development,6,0.914832148545697,0.8846153846153846,0.038704581358609796,0.24358974358974358,0.7933902053712492
15891,feedback_development,1,0.7700881747520616,0.7007874015748031,0.1721958925750395,0.4566929133858268,0.6618862559241698
15891,feedback_development,2,0.8827188457320005,0.8384615384615385,0.06635071090047394,0.3076923076923077,0.7772890995260666
15891,feedback_development,3,0.9070493388369439,0.9172413793103448,0.03949447077409163,0.22758620689655173,0.8181706161137465
15891,feedback_development,4,0.9122382673800613,0.8214285714285714,0.03712480252764613,0.2642857142857143,0.7991090047393373
15891,feedback_development,5,0.914089067436729,0.8775510204081632,0.04344391785150079,0.25170068027210885,0.797712480252766
15891,feedback_development,6,0.9135043307049722,0.8549618320610687,0.03475513428120063,0.32061068702290074,0.7744391785150094
15892,static_quality,1,0.58,0.6198347107438017,0.20774091627172195,0.45454545454545453,0.6688973143759857
15892,static_quality,2,0.58,0.6567164179104478,0.20300157977883096,0.4253731343283582,0.6590205371248008
15892,static_quality,3,0.58,0.6850393700787402,0.21248025276461296,0.4251968503937008,0.673036334913112
15892,static_quality,4,0.58,0.6333333333333333,0.20853080568720378,0.45,0.6739557661927319
15892,static_quality,5,0.58,0.7142857142857143,0.1895734597156398,0.40816326530612246,0.6471627172195886
15892,static_quality,6,0.58,0.6206896551724138,0.2014218009478673,0.45689655172413796,0.6802085308056863
15892,linear_development,1,0.7774313019593388,0.782608695652174,0.1263823064770932,0.34057971014492755,0.7279178515007902
15892,linear_development,2,0.8458095977936687,0.9111111111111111,0.0924170616113744,0.2814814814814815,0.7810078988941561
15892,linear_development,3,0.8816942390649437,0.8405797101449275,0.053712480252764615,0.2898550724637681,0.780338072669827
15892,linear_development,4,0.8988152303310226,0.8125,0.04976303317535545,0.3333333333333333,0.7404897314375996
15892,linear_development,5,0.9030551383699219,0.896,0.052132701421800945,0.328,0.7756271721958934
15892,linear_development,6,0.9030459546381193,0.8712121212121212,0.04818325434439179,0.32575757575757575,0.7663064770932086
15892,interaction_development,1,0.7433605057129926,0.7142857142857143,0.15876777251184834,0.3684210526315789,0.7102401263823057
15892,interaction_development,2,0.846832595821391,0.7711864406779662,0.10268562401263823,0.3389830508474576,0.7688783570300161
15892,interaction_development,3,0.8919937786147711,0.875,0.0679304897314376,0.28125,0.7971974723538718
15892,interaction_development,4,0.9094153262646025,0.9014084507042254,0.04660347551342812,0.24647887323943662,0.8067330173775692
15892,interaction_development,5,0.9146471452705895,0.9296875,0.0339652448657188,0.203125,0.8556176935229081
15892,interaction_development,6,0.9137861289480282,0.8561151079136691,0.03238546603475513,0.3237410071942446,0.75937440758294
15892,feedback_development,1,0.8249533961356124,0.7785714285714286,0.1429699842022117,0.3357142857142857,0.7242432859399677
15892,feedback_development,2,0.892888151517687,0.8712121212121212,0.05766192733017378,0.32575757575757575,0.7642590837282786
15892,feedback_development,3,0.9049793875050943,0.8852459016393442,0.044233807266982623,0.3114754098360656,0.7922938388625604
15892,feedback_development,4,0.9114110993129103,0.890625,0.03949447077409163,0.25,0.8241390205371258
15892,feedback_development,5,0.9137828629286191,0.8396946564885496,0.04107424960505529,0.25190839694656486,0.8188720379146932
15892,feedback_development,6,0.9128914960015533,0.8702290076335878,0.03475513428120063,0.33587786259541985,0.764344391785152
15893,static_quality,1,0.58,0.6938775510204082,0.18641390205371247,0.42857142857142855,0.6323443917851491
15893,static_quality,2,0.58,0.7337662337662337,0.18878357030015797,0.42207792207792205,0.6220600315955753
15893,static_quality,3,0.58,0.6124031007751938,0.19589257503949448,0.4728682170542636,0.6411627172195873
15893,static_quality,4,0.58,0.6601307189542484,0.20221169036334913,0.46405228758169936,0.58877409162717
15893,static_quality,5,0.58,0.7109375,0.19984202211690363,0.40625,0.6863191153238535
15893,static_quality,6,0.58,0.6688741721854304,0.18641390205371247,0.44370860927152317,0.6132132701421793
15893,linear_development,1,0.7738712341583343,0.825,0.12717219589257503,0.2833333333333333,0.7931437598736177
15893,linear_development,2,0.8475574078567996,0.8712121212121212,0.09162717219589257,0.22727272727272727,0.8218799368088473
15893,linear_development,3,0.8843795045001884,0.8656716417910447,0.045813586097946286,0.2537313432835821,0.8125276461295423
15893,linear_development,4,0.9019106698806607,0.8359375,0.045813586097946286,0.2578125,0.8170047393364938
15893,linear_development,5,0.9072360989428825,0.8796992481203008,0.04107424960505529,0.2556390977443609,0.81332701421801
15893,linear_development,6,0.9069850006635733,0.8145161290322581,0.045023696682464455,0.29838709677419356,0.797412322274883
15893,interaction_development,1,0.7443259275263236,0.7205882352941176,0.1627172195892575,0.375,0.6989320695102682
15893,interaction_development,2,0.8669048246256903,0.8424657534246576,0.07819905213270142,0.2876712328767123,0.764120063191154
15893,interaction_development,3,0.8991501327299853,0.8814814814814815,0.04265402843601896,0.2740740740740741,0.7974881516587699
15893,interaction_development,4,0.9092303803077173,0.8507462686567164,0.052132701421800945,0.3208955223880597,0.7652764612954204
15893,interaction_development,5,0.9127996564385821,0.8721804511278195,0.03949447077409163,0.2857142857142857,0.7930647709320701
15893,interaction_development,6,0.9137345164558213,0.8702290076335878,0.04107424960505529,0.26717557251908397,0.8083033175355462
15893,feedback_development,1,0.7871725928827598,0.7192982456140351,0.15402843601895735,0.3508771929824561,0.7570236966824642
15893,feedback_development,2,0.8885454898319408,0.8571428571428571,0.07819905213270142,0.2698412698412698,0.8050995260663507
15893,feedback_development,3,0.9057394949391842,0.863013698630137,0.04739336492890995,0.2876712328767123,0.7716082148499229
15893,feedback_development,4,0.91021386076842,0.8728813559322034,0.038704581358609796,0.3050847457627119,0.8042085308056883
15893,feedback_development,5,0.9117194639226855,0.84375,0.053712480252764615,0.3359375,0.7653396524486584
15893,feedback_development,6,0.9130274283837263,0.8923076923076924,0.04107424960505529,0.2846153846153846,0.7982306477093222
15894,static_quality,1,0.58,0.6538461538461539,0.21248025276461296,0.4807692307692308,0.6932890995260655
15894,static_quality,2,0.58,0.6594202898550725,0.2109004739336493,0.4492753623188406,0.6326445497630312
15894,static_quality,3,0.58,0.6544117647058824,0.2109004739336493,0.47058823529411764,0.6225118483412304
15894,static_quality,4,0.58,0.6384615384615384,0.20537124802527645,0.46153846153846156,0.6442401263823051
15894,static_quality,5,0.58,0.6666666666666666,0.19984202211690363,0.40310077519379844,0.6856429699842016
15894,static_quality,6,0.58,0.6992481203007519,0.2014218009478673,0.41353383458646614,0.6703854660347537
15894,linear_development,1,0.75687644805757,0.8076923076923077,0.15165876777251186,0.3269230769230769,0.7877661927330175
15894,linear_development,2,0.8344065522187265,0.8296296296296296,0.08767772511848342,0.2814814814814815,0.7825560821484996
15894,linear_development,3,0.8733165154173785,0.837037037037037,0.0631911532385466,0.3111111111111111,0.7680031595576631
15894,linear_development,4,0.8948583506315441,0.8444444444444444,0.054502369668246446,0.3111111111111111,0.7699620853080577
15894,linear_development,5,0.9034921490239476,0.8650793650793651,0.045023696682464455,0.29365079365079366,0.7976240126382319
15894,linear_development,6,0.9051272386403626,0.8727272727272727,0.044233807266982623,0.2909090909090909,0.8230774091627191
15894,interaction_development,1,0.7445752088684228,0.7214285714285714,0.1484992101105845,0.39285714285714285,0.6825687203791466
15894,interaction_development,2,0.8491673795366272,0.808695652173913,0.09320695102685624,0.3130434782608696,0.7910963665086898
15894,interaction_development,3,0.8883970976895104,0.768,0.061611374407582936,0.344,0.7632101105845182
15894,interaction_development,4,0.9043909774952016,0.8625954198473282,0.03949447077409163,0.33587786259541985,0.7631721958925756
15894,interaction_development,5,0.912753817046198,0.9064748201438849,0.03949447077409163,0.23741007194244604,0.8186666666666692
15894,interaction_development,6,0.9139701557173936,0.8632478632478633,0.04186413902053712,0.24786324786324787,0.8384202211690366
15894,feedback_development,1,0.7722188168521826,0.7272727272727273,0.16350710900473933,0.4214876033057851,0.6994913112164298
15894,feedback_development,2,0.8836795940422801,0.8521739130434782,0.0703001579778831,0.25217391304347825,0.8318262243285944
15894,feedback_development,3,0.9053811700047614,0.8702290076335878,0.04660347551342812,0.24427480916030533,0.8225023696682475
15894,feedback_development,4,0.9111449453173014,0.8620689655172413,0.045813586097946286,0.25,0.8377093206951028
15894,feedback_development,5,0.9130119387459723,0.8455882352941176,0.037914691943127965,0.29411764705882354,0.783819905213271
15894,feedback_development,6,0.9129468694807834,0.8839285714285714,0.044233807266982623,0.32142857142857145,0.8025244865718811
15895,static_quality,1,0.58,0.6612903225806451,0.19036334913112166,0.4435483870967742,0.6729099526066328
15895,static_quality,2,0.58,0.6766917293233082,0.1895734597156398,0.43609022556390975,0.6581548183254343
15895,static_quality,3,0.58,0.6666666666666666,0.21958925750394945,0.43089430894308944,0.6763917851500777
15895,static_quality,4,0.58,0.631578947368421,0.21406003159557663,0.48120300751879697,0.6220315955766174
15895,static_quality,5,0.58,0.6756756756756757,0.21800947867298578,0.44594594594594594,0.6109320695102671
15895,static_quality,6,0.58,0.6412213740458015,0.17851500789889416,0.48091603053435117,0.6352385466034759
15895,linear_development,1,0.7728223441627243,0.8761061946902655,0.12085308056872038,0.25663716814159293,0.8201579778830963
15895,linear_development,2,0.84954746173421,0.8389261744966443,0.08925750394944708,0.26174496644295303,0.7764328593996849
15895,linear_development,3,0.883974027352765,0.8518518518518519,0.06240126382306477,0.2814814814814815,0.7879968404423393
15895,linear_development,4,0.9043536341974927,0.8984375,0.03949447077409163,0.1953125,0.8592733017377565
15895,linear_development,5,0.9059675250367358,0.8333333333333334,0.04660347551342812,0.30952380952380953,0.7871184834123236
15895,linear_development,6,0.9068670728229709,0.9197080291970803,0.04186413902053712,0.27007299270072993,0.7974439178515025
15895,interaction_development,1,0.7300791909368182,0.7089552238805971,0.16350710900473933,0.41044776119402987,0.6792638230647696
15895,interaction_development,2,0.8456253949432482,0.7894736842105263,0.08767772511848342,0.3609022556390977,0.7318988941548192
15895,interaction_development,3,0.8905704044131908,0.8360655737704918,0.06951026856240126,0.27049180327868855,0.8119462875197488
15895,interaction_development,4,0.9061523121951574,0.8731343283582089,0.03712480252764613,0.31343283582089554,0.7736714060031612
15895,interaction_development,5,0.9132092390520297,0.8809523809523809,0.044233807266982623,0.2222222222222222,0.8434470774091629
15895,interaction_development,6,0.9145271960811152,0.9136690647482014,0.045813586097946286,0.23741007194244604,0.8171658767772522
15895,feedback_development,1,0.775738134908788,0.6716417910447762,0.13191153238546605,0.4626865671641791,0.6510363349131107
15895,feedback_development,2,0.8900258790330635,0.8376623376623377,0.05845181674565561,0.3116883116883117,0.7382969984202221
15895,feedback_development,3,0.9070012252135241,0.8832116788321168,0.03712480252764613,0.24817518248175183,0.8144391785150095
15895,feedback_development,4,0.911499884249039,0.8442622950819673,0.0339652448657188,0.2786885245901639,0.8153554502369681
15895,feedback_development,5,0.9141309946255497,0.8571428571428571,0.037914691943127965,0.2357142857142857,0.8194249605055305
15895,feedback_development,6,0.9148427180740565,0.8540145985401459,0.04107424960505529,0.24087591240875914,0.8186034755134293
15896,static_quality,1,0.58,0.6302521008403361,0.19589257503949448,0.4369747899159664,0.6867930489731426
15896,static_quality,2,0.58,0.7218045112781954,0.1966824644549763,0.38345864661654133,0.6912101105845173
15896,static_quality,3,0.58,0.6859504132231405,0.19036334913112166,0.4049586776859504,0.7029921011058446
15896,static_quality,4,0.58,0.6546762589928058,0.20221169036334913,0.4676258992805755,0.6193996840442326
15896,static_quality,5,0.58,0.656,0.20853080568720378,0.424,0.6790110584518151
15896,static_quality,6,0.58,0.5983606557377049,0.1911532385466035,0.4672131147540984,0.6626192733017361
15896,linear_development,1,0.7788454827088056,0.8057553956834532,0.15323854660347552,0.3381294964028777,0.721870458135861
15896,linear_development,2,0.8460066484020421,0.8888888888888888,0.08214849921011058,0.2814814814814815,0.783500789889417
15896,linear_development,3,0.8820806332726018,0.8181818181818182,0.06240126382306477,0.33116883116883117,0.7228214849921023
15896,linear_development,4,0.9042868098499884,0.9076923076923077,0.036334913112164295,0.19230769230769232,0.8599462875197472
15896,linear_development,5,0.9057750029541632,0.872,0.037914691943127965,0.312,0.7893238546603488
15896,linear_development,6,0.9070893099011264,0.8907563025210085,0.03949447077409163,0.25210084033613445,0.8338357030015799
15896,interaction_development,1,0.7272162512344513,0.75,0.1674565560821485,0.4090909090909091,0.683004739336493
15896,interaction_development,2,0.8427341234418573,0.8064516129032258,0.10031595576619273,0.3387096774193548,0.7593112164297003
15896,interaction_development,3,0.8887293743094571,0.8482142857142857,0.05924170616113744,0.25892857142857145,0.8346919431279619
15896,interaction_development,4,0.9060777721414528,0.8974358974358975,0.04976303317535545,0.26495726495726496,0.8268751974723552
15896,interaction_development,5,0.9133819405042134,0.8712121212121212,0.038704581358609796,0.25757575757575757,0.8137567140600334
15896,interaction_development,6,0.913352811501289,0.8561151079136691,0.04344391785150079,0.302158273381295,0.7724581358609812
15896,feedback_development,1,0.7871171333604656,0.6592592592592592,0.15165876777251186,0.43703703703703706,0.6612417061611369
15896,feedback_development,2,0.8919513673645352,0.8333333333333334,0.05766192733017378,0.2777777777777778,0.7794091627172213
15896,feedback_development,3,0.9086826115738209,0.924812030075188,0.03475513428120063,0.19548872180451127,0.8556524486571879
15896,feedback_development,4,0.9131859674184304,0.9064748201438849,0.038704581358609796,0.2517985611510791,0.8090363349131143
15896,feedback_development,5,0.9143182846853413,0.8553459119496856,0.026856240126382307,0.2578616352201258,0.7811595576619296
15896,feedback_development,6,0.9126990317556841,0.8396946564885496,0.0339652448657188,0.3511450381679389,0.7546287519747247
15897,static_quality,1,0.58,0.6390977443609023,0.19194312796208532,0.45864661654135336,0.6421263823064778
15897,static_quality,2,0.58,0.6220472440944882,0.19589257503949448,0.47244094488188976,0.6461611374407572
15897,static_quality,3,0.58,0.7543859649122807,0.20221169036334913,0.3157894736842105,0.7663317535545027
15897,static_quality,4,0.58,0.7068965517241379,0.19747235387045814,0.4482758620689655,0.6866540284360184
15897,static_quality,5,0.58,0.6615384615384615,0.2156398104265403,0.45384615384615384,0.6464107424960502
15897,static_quality,6,0.58,0.5971223021582733,0.18641390205371247,0.539568345323741,0.5727014218009457
15897,linear_development,1,0.7592590739524672,0.728,0.1287519747235387,0.408,0.7073870458135867
15897,linear_development,2,0.828166835499738,0.796875,0.09004739336492891,0.328125,0.7618483412322278
15897,linear_development,3,0.872150958338983,0.8308823529411765,0.07109004739336493,0.2867647058823529,0.7811153238546618
15897,linear_development,4,0.8972445941581266,0.9111111111111111,0.05687203791469194,0.2518518518518518,0.8095545023696702
15897,linear_development,5,0.9042279251252753,0.8650793650793651,0.05134281200631911,0.30158730158730157,0.79091627172196
15897,linear_development,6,0.9057119904921801,0.8870967741935484,0.03949447077409163,0.2903225806451613,0.8038104265402858
15897,interaction_development,1,0.7591574067537767,0.7414965986394558,0.16350710900473933,0.3673469387755102,0.6835924170616111
15897,interaction_development,2,0.8727169018786384,0.863013698630137,0.07740916271721959,0.273972602739726,0.7741990521327022
15897,interaction_development,3,0.9013826573137516,0.9173553719008265,0.04107424960505529,0.2396694214876033,0.8384486571879947
15897,interaction_development,4,0.9116184064924466,0.8527131782945736,0.030015797788309637,0.2558139534883721,0.8207456556082163
15897,interaction_development,5,0.9136303751527759,0.8623188405797102,0.030805687203791468,0.2898550724637681,0.7855197472353888
15897,interaction_development,6,0.9150410187002189,0.8916666666666667,0.035545023696682464,0.21666666666666667,0.855074249605056
15897,feedback_development,1,0.8188706392762398,0.8015267175572519,0.1263823064770932,0.32061068702290074,0.7532575039494475
15897,feedback_development,2,0.897845313354005,0.8832116788321168,0.05529225908372828,0.24817518248175183,0.8098894154818347
15897,feedback_development,3,0.9090988595130856,0.8993288590604027,0.04028436018957346,0.26174496644295303,0.7882180094786749
15897,feedback_development,4,0.9118174164663312,0.8455882352941176,0.038704581358609796,0.3014705882352941,0.7786477093206976
15897,feedback_development,5,0.9144601990226842,0.9366197183098591,0.03712480252764613,0.2112676056338028,0.8340568720379159
15897,feedback_development,6,0.9144821271961787,0.8717948717948718,0.036334913112164295,0.28205128205128205,0.8196176935229077
15898,static_quality,1,0.58,0.6223776223776224,0.21169036334913113,0.48951048951048953,0.5915355450236947
15898,static_quality,2,0.58,0.6666666666666666,0.20300157977883096,0.45528455284552843,0.6651090047393353
15898,static_quality,3,0.58,0.7196969696969697,0.20063191153238547,0.3787878787878788,0.695709320695102
15898,static_quality,4,0.58,0.6434108527131783,0.21406003159557663,0.4728682170542636,0.6372069510268555
15898,static_quality,5,0.58,0.6111111111111112,0.19589257503949448,0.4583333333333333,0.6159873617693506
15898,static_quality,6,0.58,0.5972222222222222,0.19510268562401265,0.4791666666666667,0.600625592417059
15898,linear_development,1,0.7789543440504678,0.7835820895522388,0.1382306477093207,0.31343283582089554,0.7502243285939975
15898,linear_development,2,0.8412351864145067,0.84251968503937,0.08846761453396525,0.2992125984251969,0.7817851500789897
15898,linear_development,3,0.8819454366252781,0.8439716312056738,0.06003159557661927,0.2624113475177305,0.7938325434439194
15898,linear_development,4,0.9002202631794335,0.8364779874213837,0.04660347551342812,0.31446540880503143,0.730903633491313
15898,linear_development,5,0.9050926691350321,0.8931297709923665,0.044233807266982623,0.2748091603053435,0.8024960505529244
15898,linear_development,6,0.908664876045574,0.8947368421052632,0.03712480252764613,0.21804511278195488,0.8394312796208535
15898,interaction_development,1,0.7454742499762748,0.7214285714285714,0.16192733017377567,0.38571428571428573,0.6842717219589256
15898,interaction_development,2,0.8604636529372267,0.8307692307692308,0.08609794628751975,0.2846153846153846,0.7879715639810434
15898,interaction_development,3,0.8983026920099856,0.8947368421052632,0.05608214849921011,0.2556390977443609,0.8097187993680907
15898,interaction_development,4,0.9111413083658824,0.8828125,0.038704581358609796,0.2421875,0.8291026856240139
15898,interaction_development,5,0.9121509533062123,0.85,0.04186413902053712,0.35,0.7728404423380736
15898,interaction_development,6,0.9135551377571809,0.8706896551724138,0.030015797788309637,0.2413793103448276,0.846227488151659
15898,feedback_development,1,0.7937515524734342,0.7608695652173914,0.13902053712480253,0.427536231884058,0.664091627172195
15898,feedback_development,2,0.8896387882677865,0.8833333333333333,0.06872037914691943,0.24166666666666667,0.8326856240126382
15898,feedback_development,3,0.9044121891657465,0.875,0.0315955766192733,0.3333333333333333,0.7442843601895752
15898,feedback_development,4,0.9108149435972261,0.8620689655172413,0.04028436018957346,0.2413793103448276,0.8439589257503957
15898,feedback_development,5,0.913863744826563,0.8661417322834646,0.0339652448657188,0.23622047244094488,0.8359241706161145
15898,feedback_development,6,0.9142866107407379,0.888,0.035545023696682464,0.256,0.8249004739336503
15899,static_quality,1,0.58,0.7333333333333333,0.16824644549763032,0.4,0.6522116903633481
15899,static_quality,2,0.58,0.6423357664233577,0.1895734597156398,0.48905109489051096,0.6123886255924158
15899,static_quality,3,0.58,0.7293233082706767,0.21169036334913113,0.3233082706766917,0.7285086887835694
15899,static_quality,4,0.58,0.5984848484848485,0.19194312796208532,0.4772727272727273,0.6317219589257491
15899,static_quality,5,0.58,0.7142857142857143,0.2014218009478673,0.3609022556390977,0.7058451816745653
15899,static_quality,6,0.58,0.6888888888888889,0.20458135860979462,0.3925925925925926,0.6797630331753537
15899,linear_development,1,0.7756279791368457,0.7302631578947368,0.13902053712480253,0.40131578947368424,0.6542116903633483
15899,linear_development,2,0.8314968281356045,0.7933884297520661,0.08135860979462875,0.36363636363636365,0.7535955766192739
15899,linear_development,3,0.8805091989021395,0.8421052631578947,0.05687203791469194,0.25,0.7891721958925765
15899,linear_development,4,0.899089021805222,0.8650793650793651,0.05055292259083728,0.2857142857142857,0.8009320695102704
15899,linear_development,5,0.9080506402238442,0.924812030075188,0.04028436018957346,0.19548872180451127,0.8536018957345967
15899,linear_development,6,0.9096213622105506,0.9057971014492754,0.04028436018957346,0.21739130434782608,0.8339557661927339
15899,interaction_development,1,0.7288477218761825,0.7194244604316546,0.15876777251184834,0.4316546762589928,0.6547930489731426
15899,interaction_development,2,0.8438593445531095,0.7835820895522388,0.0924170616113744,0.373134328358209,0.72052448657188
15899,interaction_development,3,0.8931983464632209,0.8811188811188811,0.052132701421800945,0.2867132867132867,0.7750236966824662
15899,interaction_development,4,0.9079711029312557,0.8717948717948718,0.054502369668246446,0.2564102564102564,0.8304928909952621
15899,interaction_development,5,0.9133212659071865,0.8913043478260869,0.036334913112164295,0.2753623188405797,0.7941895734597172
15899,interaction_development,6,0.9139587188989263,0.9047619047619048,0.044233807266982623,0.2619047619047619,0.8177503949447084
15899,feedback_development,1,0.8252586804033254,0.8027210884353742,0.12006319115323855,0.35374149659863946,0.7039747235387046
15899,feedback_development,2,0.8954290091844808,0.8148148148148148,0.05292259083728278,0.35802469135802467,0.6889289099526072
15899,feedback_development,3,0.9056326549973637,0.828125,0.04028436018957346,0.3046875,0.7881358609794646
15899,feedback_development,4,0.9138023803891302,0.9324324324324325,0.03949447077409163,0.19594594594594594,0.8387646129541869
15899,feedback_development,5,0.9139884124918407,0.8926174496644296,0.03712480252764613,0.2684563758389262,0.7836777251184848
15899,feedback_development,6,0.9138679192816572,0.8372093023255814,0.05292259083728278,0.3023255813953488,0.7855355450236979
15900,static_quality,1,0.58,0.6870229007633588,0.19747235387045814,0.4198473282442748,0.6711627172195891
15900,static_quality,2,0.58,0.6282051282051282,0.18325434439178515,0.4423076923076923,0.6038262243285928
15900,static_quality,3,0.58,0.6148148148148148,0.2014218009478673,0.4962962962962963,0.6101074249605043
15900,static_quality,4,0.58,0.6992481203007519,0.23380726698262244,0.37593984962406013,0.6877630331753531
15900,static_quality,5,0.58,0.7083333333333334,0.1721958925750395,0.4236111111111111,0.6466571879936795
15900,static_quality,6,0.58,0.6541353383458647,0.17772511848341233,0.42105263157894735,0.67072353870458
15900,linear_development,1,0.7666186910047748,0.8173913043478261,0.1240126382306477,0.3130434782608696,0.7840789889415483
15900,linear_development,2,0.8371422401460269,0.8787878787878788,0.09004739336492891,0.29545454545454547,0.7770616113744089
15900,linear_development,3,0.880200792333506,0.8951048951048951,0.06003159557661927,0.26573426573426573,0.7887646129541873
15900,linear_development,4,0.9022419161861264,0.921875,0.05608214849921011,0.2109375,0.8452448657187999
15900,linear_development,5,0.908360371007604,0.8783783783783784,0.037914691943127965,0.22972972972972974,0.8135260663507123
15900,linear_development,6,0.9076341418947282,0.832,0.03712480252764613,0.296,0.7991058451816759
15900,interaction_development,1,0.7408282245971025,0.8135593220338984,0.18641390205371247,0.3050847457627119,0.7696303317535542
15900,interaction_development,2,0.8512097240580643,0.824,0.08688783570300158,0.32,0.7727235387045825
15900,interaction_development,3,0.8959849224384768,0.8976377952755905,0.04660347551342812,0.2283464566929134,0.8375007898894168
15900,interaction_development,4,0.9104637822319679,0.92,0.03475513428120063,0.216,0.850404423380728
15900,interaction_development,5,0.9141353478174388,0.8970588235294118,0.04028436018957346,0.2647058823529412,0.8033744075829405
15900,interaction_development,6,0.9146223441287541,0.8709677419354839,0.04186413902053712,0.24193548387096775,0.8336113744075836
15900,feedback_development,1,0.7835639768777922,0.7226890756302521,0.146129541864139,0.3865546218487395,0.7289921011058452
15900,feedback_development,2,0.8865493991940745,0.859375,0.07740916271721959,0.2890625,0.7896113744075844
15900,feedback_development,3,0.9061130269732938,0.8582677165354331,0.03712480252764613,0.2440944881889764,0.8293744075829391
15900,feedback_development,4,0.911053420933104,0.8780487804878049,0.05134281200631911,0.2682926829268293,0.8164139020537137
15900,feedback_development,5,0.9124827151108206,0.864,0.036334913112164295,0.32,0.7840726698262261
15900,feedback_development,6,0.913962243014427,0.8581081081081081,0.03238546603475513,0.25,0.7999620853080576
15901,static_quality,1,0.58,0.6793893129770993,0.21169036334913113,0.4351145038167939,0.6575039494470764
15901,static_quality,2,0.58,0.6779661016949152,0.20221169036334913,0.4322033898305085,0.6903222748815159
15901,static_quality,3,0.58,0.7121212121212122,0.2037914691943128,0.4166666666666667,0.6696334913112152
15901,static_quality,4,0.58,0.6194690265486725,0.19826224328593997,0.45132743362831856,0.6918988941548175
15901,static_quality,5,0.58,0.589041095890411,0.19194312796208532,0.5273972602739726,0.5614407582938363
15901,static_quality,6,0.58,0.6690647482014388,0.17614533965244866,0.460431654676259,0.6307140600315944
15901,linear_development,1,0.7853274899209224,0.851063829787234,0.11927330173775672,0.3049645390070922,0.749715639810427
15901,linear_development,2,0.8424455243855766,0.8582089552238806,0.07661927330173776,0.35074626865671643,0.7394976303317539
15901,linear_development,3,0.8831743015413602,0.8671328671328671,0.061611374407582936,0.2517482517482518,0.7982496050552926
15901,linear_development,4,0.8968740848392494,0.8888888888888888,0.06398104265402843,0.3504273504273504,0.7728973143759876
15901,linear_development,5,0.9058664721815427,0.8723404255319149,0.045023696682464455,0.2553191489361702,0.8028120063191172
15901,linear_development,6,0.9049994410092189,0.8794326241134752,0.03238546603475513,0.3262411347517731,0.7545213270142194
15901,interaction_development,1,0.7492951133712293,0.7407407407407407,0.179304897314376,0.35555555555555557,0.7107835703001588
15901,interaction_development,2,0.8484572471672005,0.8571428571428571,0.08688783570300158,0.3445378151260504,0.7674818325434447
15901,interaction_development,3,0.8911319579319199,0.8852459016393442,0.05766192733017378,0.2786885245901639,0.8098641390205389
15901,interaction_development,4,0.9072219868696125,0.8384615384615385,0.053712480252764615,0.2846153846153846,0.7953775671406017
15901,interaction_development,5,0.9127713772383967,0.9090909090909091,0.044233807266982623,0.2644628099173554,0.8227235387045824
15901,interaction_development,6,0.914663096387351,0.8865248226950354,0.04265402843601896,0.23404255319148937,0.8181832543443927
15901,feedback_development,1,0.7988755481366278,0.7421875,0.14454976303317535,0.375,0.7185434439178512
15901,feedback_development,2,0.895544223261795,0.8661971830985915,0.05845181674565561,0.2535211267605634,0.7990805687203805
15901,feedback_development,3,0.9064972898785548,0.8524590163934426,0.036334913112164295,0.29508196721311475,0.804322274881518
15901,feedback_development,4,0.9124462838666525,0.8639455782312925,0.04028436018957346,0.2585034013605442,0.7928499210110594
15901,feedback_development,5,0.9144486801694903,0.8805970149253731,0.038704581358609796,0.23134328358208955,0.8289605055292266
15901,feedback_development,6,0.9143908178039197,0.8872180451127819,0.035545023696682464,0.2781954887218045,0.7991753554502375
15902,static_quality,1,0.58,0.7024793388429752,0.1990521327014218,0.4132231404958678,0.6961611374407577
15902,static_quality,2,0.58,0.6583333333333333,0.1943127962085308,0.475,0.6618104265402837
15902,static_quality,3,0.58,0.6644295302013423,0.2037914691943128,0.4429530201342282,0.613639810426538
15902,static_quality,4,0.58,0.6507936507936508,0.2037914691943128,0.42063492063492064,0.6799999999999985
15902,static_quality,5,0.58,0.7851239669421488,0.1848341232227488,0.32231404958677684,0.7550995260663506
15902,static_quality,6,0.58,0.680327868852459,0.20774091627172195,0.4016393442622951,0.6989699842022113
15902,linear_development,1,0.7681659843838302,0.8062015503875969,0.14770932069510267,0.3643410852713178,0.7230078988941548
15902,linear_development,2,0.8415291299987092,0.8478260869565217,0.08609794628751975,0.2826086956521739,0.7776018957345981
15902,linear_development,3,0.8791820300793491,0.8787878787878788,0.06635071090047394,0.2803030303030303,0.7924960505529238
15902,linear_development,4,0.8984662658707514,0.8203125,0.053712480252764615,0.2890625,0.7951658767772516
15902,linear_development,5,0.9050939752645799,0.8503401360544217,0.045023696682464455,0.2925170068027211,0.7672259083728293
15902,linear_development,6,0.9067350869325185,0.8931297709923665,0.037914691943127965,0.2595419847328244,0.8141548183254356
15902,interaction_development,1,0.7421708930547031,0.6896551724137931,0.14928909952606634,0.41379310344827586,0.6572638230647704
15902,interaction_development,2,0.8590659042016993,0.7931034482758621,0.06872037914691943,0.33793103448275863,0.731232227488153
15902,interaction_development,3,0.8958570279212796,0.8769230769230769,0.04739336492890995,0.2846153846153846,0.7964676145339665
15902,interaction_development,4,0.9087608360531123,0.8071428571428572,0.045023696682464455,0.32142857142857145,0.756969984202213
15902,interaction_development,5,0.9131844977801125,0.8473282442748091,0.03317535545023697,0.26717557251908397,0.8104044233807283
15902,interaction_development,6,0.9126398423479821,0.8671328671328671,0.038704581358609796,0.32867132867132864,0.7481295418641405
15902,feedback_development,1,0.839362511984854,0.7972027972027972,0.12717219589257503,0.2867132867132867,0.7579620853080569
15902,feedback_development,2,0.895723071691007,0.873015873015873,0.06556082148499211,0.31746031746031744,0.7773080568720391
15902,feedback_development,3,0.9081750493852518,0.856,0.0315955766192733,0.232,0.8411090047393361
15902,feedback_development,4,0.9123021137892724,0.8682170542635659,0.04186413902053712,0.27906976744186046,0.8029289099526083
15902,feedback_development,5,0.9140270088206472,0.9180327868852459,0.045023696682464455,0.22950819672131148,0.842707740916271
15902,feedback_development,6,0.9137395813612201,0.9193548387096774,0.04265402843601896,0.29838709677419356,0.7980126382306488
15903,static_quality,1,0.58,0.6976744186046512,0.1895734597156398,0.4418604651162791,0.6627962085308059
15903,static_quality,2,0.58,0.6428571428571429,0.19273301737756715,0.44285714285714284,0.6368467614533957
15903,static_quality,3,0.58,0.6376811594202898,0.19747235387045814,0.4782608695652174,0.6153554502369653
15903,static_quality,4,0.58,0.6993006993006993,0.2093206951026856,0.4405594405594406,0.6278041074249594
15903,static_quality,5,0.58,0.7107438016528925,0.20774091627172195,0.4049586776859504,0.699143759873617
15903,static_quality,6,0.58,0.69375,0.1848341232227488,0.3875,0.6382780410742488
15903,linear_development,1,0.7920267601813653,0.7852760736196319,0.14375987361769352,0.3374233128834356,0.6826856240126389
15903,linear_development,2,0.8494842957034475,0.7857142857142857,0.07266982622432859,0.32857142857142857,0.7456745655608225
15903,linear_development,3,0.8835546828784666,0.88,0.05529225908372828,0.256,0.8207582938388632
15903,linear_development,4,0.8993957560643442,0.9083969465648855,0.04344391785150079,0.31297709923664124,0.7772701421800956
15903,linear_development,5,0.9071048183005752,0.8859060402684564,0.035545023696682464,0.2348993288590604,0.8095323854660367
15903,linear_development,6,0.9079811471771522,0.8656716417910447,0.045023696682464455,0.26119402985074625,0.8068467614533976
15903,interaction_development,1,0.7266281916867376,0.7384615384615385,0.14691943127962084,0.4076923076923077,0.6926666666666661
15903,interaction_development,2,0.8501870904543031,0.8169014084507042,0.09083728278041074,0.352112676056338,0.7209415481832548
15903,interaction_development,3,0.893071423900544,0.8571428571428571,0.05608214849921011,0.2777777777777778,0.8044518167456568
15903,interaction_development,4,0.9076190108293898,0.8650793650793651,0.04186413902053712,0.29365079365079366,0.7979747235387064
15903,interaction_development,5,0.912682225054798,0.8263888888888888,0.045023696682464455,0.2986111111111111,0.7665939968404435
15903,interaction_development,6,0.9127087840457502,0.855072463768116,0.03712480252764613,0.3115942028985507,0.7689826224328604
15903,feedback_development,1,0.7971528520932267,0.7142857142857143,0.146129541864139,0.39849624060150374,0.6930900473933653
15903,feedback_development,2,0.8890874309847052,0.8833333333333333,0.05055292259083728,0.25,0.8315860979462871
15903,feedback_development,3,0.9020546045111273,0.8248175182481752,0.04976303317535545,0.3795620437956204,0.7199178515007917
15903,feedback_development,4,0.9096050440827793,0.8770491803278688,0.04976303317535545,0.27049180327868855,0.8165908372827816
15903,feedback_development,5,0.9142798690343059,0.8905109489051095,0.04028436018957346,0.20437956204379562,0.8437314375987365
15903,feedback_development,6,0.9149935860310525,0.8896103896103896,0.03238546603475513,0.24025974025974026,0.8002717219589272
15904,static_quality,1,0.58,0.6910569105691057,0.1990521327014218,0.3983739837398374,0.701709320695102
15904,static_quality,2,0.58,0.6691729323308271,0.19826224328593997,0.43609022556390975,0.6563380726698259
15904,static_quality,3,0.58,0.6444444444444445,0.20221169036334913,0.4666666666666667,0.6292227488151654
15904,static_quality,4,0.58,0.6825396825396826,0.17614533965244866,0.40476190476190477,0.6963001579778827
15904,static_quality,5,0.58,0.6638655462184874,0.20616113744075829,0.4789915966386555,0.6589510268562389
15904,static_quality,6,0.58,0.6528925619834711,0.1966824644549763,0.4214876033057851,0.691712480252763
15904,linear_development,1,0.7909171245905082,0.7421383647798742,0.12480252764612954,0.3333333333333333,0.6978009478672988
15904,linear_development,2,0.8579426305541638,0.81875,0.07266982622432859,0.3,0.7350110584518186
15904,linear_development,3,0.8905636400481577,0.9007633587786259,0.05608214849921011,0.2366412213740458,0.8251216429699851
15904,linear_development,4,0.9051450244194175,0.8778625954198473,0.03238546603475513,0.2595419847328244,0.8150552922590849
15904,linear_development,5,0.9082410490221849,0.8296296296296296,0.035545023696682464,0.24444444444444444,0.8199368088467627
15904,linear_development,6,0.90962727284976,0.9,0.04028436018957346,0.21428571428571427,0.8335481832543452
15904,interaction_development,1,0.739629200209133,0.6928571428571428,0.15955766192733017,0.40714285714285714,0.6692985781990513
15904,interaction_development,2,0.86162054626805,0.8582677165354331,0.07661927330173776,0.2440944881889764,0.8205876777251192
15904,interaction_development,3,0.8964091641176234,0.8235294117647058,0.05055292259083728,0.3014705882352941,0.7758925750394962
15904,interaction_development,4,0.9095090870612139,0.8916666666666667,0.04739336492890995,0.25833333333333336,0.827011058451817
15904,interaction_development,5,0.913044854398297,0.8741721854304636,0.04107424960505529,0.2980132450331126,0.7576176935229082
15904,interaction_development,6,0.9136929876711615,0.8974358974358975,0.04107424960505529,0.27350427350427353,0.8234533965244875
15904,feedback_development,1,0.8110337852637073,0.7669172932330827,0.1429699842022117,0.3533834586466165,0.7238451816745655
15904,feedback_development,2,0.8861901154705629,0.8130081300813008,0.05766192733017378,0.34959349593495936,0.763819905213271
15904,feedback_development,3,0.9048081235796175,0.8688524590163934,0.05529225908372828,0.2540983606557377,0.8253048973143771
15904,feedback_development,4,0.9129329404616269,0.9037037037037037,0.045813586097946286,0.2,0.8475829383886266
15904,feedback_development,5,0.9145285370757705,0.8766233766233766,0.0315955766192733,0.2532467532467532,0.7904960505529239
15904,feedback_development,6,0.9155185848459086,0.8992805755395683,0.03475513428120063,0.2158273381294964,0.8348720379146932
15905,static_quality,1,0.58,0.7194244604316546,0.20537124802527645,0.37410071942446044,0.6843127962085297
15905,static_quality,2,0.58,0.7352941176470589,0.2211690363349131,0.29411764705882354,0.7411785150078983
15905,static_quality,3,0.58,0.7039473684210527,0.21011058451816747,0.42105263157894735,0.6221453396524477
15905,static_quality,4,0.58,0.6666666666666666,0.20063191153238547,0.47058823529411764,0.5843380726698257
15905,static_quality,5,0.58,0.6946564885496184,0.19984202211690363,0.40458015267175573,0.6804202211690346
15905,static_quality,6,0.58,0.6470588235294118,0.21800947867298578,0.4789915966386555,0.656729857819904
15905,linear_development,1,0.7717236627095039,0.7633587786259542,0.1429699842022117,0.3511450381679389,0.7296113744075831
15905,linear_development,2,0.8338970938441433,0.7241379310344828,0.10979462875197472,0.4,0.6763001579778828
15905,linear_development,3,0.8759801517384491,0.8531468531468531,0.06714060031595577,0.2937062937062937,0.7672764612954196
15905,linear_development,4,0.8958363029640632,0.8837209302325582,0.04739336492890995,0.31007751937984496,0.7813112164297008
15905,linear_development,5,0.9047710393249879,0.849624060150376,0.044233807266982623,0.2781954887218045,0.7977156398104276
15905,linear_development,6,0.9088669587195861,0.9148936170212766,0.04107424960505529,0.20567375886524822,0.8385402843601906
15905,interaction_development,1,0.7462180564856096,0.6688311688311688,0.1627172195892575,0.42857142857142855,0.6236714060031592
15905,interaction_development,2,0.8602077352050097,0.8571428571428571,0.08214849921011058,0.2698412698412698,0.8040189573459722
15905,interaction_development,3,0.8945909912568475,0.8264462809917356,0.05687203791469194,0.2975206611570248,0.7995418641390216
15905,interaction_development,4,0.9077144993227342,0.8523489932885906,0.04028436018957346,0.33557046979865773,0.7327045813586108
15905,interaction_development,5,0.9132683051325041,0.8407643312101911,0.036334913112164295,0.25477707006369427,0.7840379146919448
15905,interaction_development,6,0.913274765494638,0.8712121212121212,0.029225908372827805,0.30303030303030304,0.7862748815165889
15905,feedback_development,1,0.823980202439066,0.7894736842105263,0.11532385466034756,0.3082706766917293,0.761248025276461
15905,feedback_development,2,0.8963963697141302,0.8444444444444444,0.05055292259083728,0.2814814814814815,0.7911721958925761
15905,feedback_development,3,0.9084758071662192,0.872,0.04107424960505529,0.216,0.8487172195892579
15905,feedback_development,4,0.9132196192572779,0.8486842105263158,0.036334913112164295,0.2631578947368421,0.7840663507109021
15905,feedback_development,5,0.9135008797469821,0.8181818181818182,0.03238546603475513,0.2975206611570248,0.8057187993680901
15905,feedback_development,6,0.9137772509649619,0.859504132231405,0.045813586097946286,0.2727272727272727,0.8177124802527658
15906,static_quality,1,0.58,0.631578947368421,0.1943127962085308,0.45112781954887216,0.6470995260663505
15906,static_quality,2,0.58,0.6259541984732825,0.20774091627172195,0.5038167938931297,0.6133649289099525
15906,static_quality,3,0.58,0.648854961832061,0.18799368088467613,0.45038167938931295,0.652748815165876
15906,static_quality,4,0.58,0.6946564885496184,0.2037914691943128,0.4351145038167939,0.659579778830963
15906,static_quality,5,0.58,0.6190476190476191,0.1966824644549763,0.5102040816326531,0.5701548183254322
15906,static_quality,6,0.58,0.6967213114754098,0.19984202211690363,0.4098360655737705,0.6952259083728273
15906,linear_development,1,0.7879289375622298,0.8243243243243243,0.12559241706161137,0.3108108108108108,0.7325813586097941
15906,linear_development,2,0.8510549195650292,0.8188405797101449,0.08925750394944708,0.2826086956521739,0.7774502369668256
15906,linear_development,3,0.8803031472221579,0.84,0.05766192733017378,0.32,0.779652448657189
15906,linear_development,4,0.8977320694938995,0.8359375,0.05292259083728278,0.3046875,0.7852638230647716
15906,linear_development,5,0.9057994785134614,0.8359375,0.035545023696682464,0.25,0.8249447077409165
15906,linear_development,6,0.9056575475330788,0.8367346938775511,0.04344391785150079,0.3129251700680272,0.7519589257503965
15906,interaction_development,1,0.6956790124758707,0.5859375,0.17061611374407584,0.5,0.6318672985781979
15906,interaction_development,2,0.8440079838034822,0.8082191780821918,0.10584518167456557,0.3356164383561644,0.7224928909952611
15906,interaction_development,3,0.8930251750163469,0.864,0.06635071090047394,0.24,0.8279399684044232
15906,interaction_development,4,0.9086339487447423,0.8432835820895522,0.04265402843601896,0.26865671641791045,0.8029131121642985
15906,interaction_development,5,0.9115460102560895,0.8347107438016529,0.04265402843601896,0.34710743801652894,0.7726856240126397
15906,interaction_development,6,0.9131842619709281,0.8429752066115702,0.038704581358609796,0.2644628099173554,0.8238041074249616
15906,feedback_development,1,0.8097745807405139,0.7611940298507462,0.13665086887835703,0.3656716417910448,0.7155039494470776
15906,feedback_development,2,0.8946414722516483,0.8839285714285714,0.05924170616113744,0.16964285714285715,0.8853364928909941
15906,feedback_development,3,0.9091694983918411,0.9281045751633987,0.04265402843601896,0.24836601307189543,0.7927614533965259
15906,feedback_development,4,0.9130634837788142,0.9051094890510949,0.04660347551342812,0.2773722627737226,0.7919368088467622
15906,feedback_development,5,0.9128265090330518,0.8507462686567164,0.035545023696682464,0.3208955223880597,0.7696334913112179
15906,feedback_development,6,0.9136132170950769,0.8449612403100775,0.029225908372827805,0.26356589147286824,0.816180094786731
15907,static_quality,1,0.58,0.5984848484848485,0.19036334913112166,0.5227272727272727,0.6021232227488137
15907,static_quality,2,0.58,0.6991150442477876,0.20063191153238547,0.415929203539823,0.7107740916271716
15907,static_quality,3,0.58,0.6838235294117647,0.19194312796208532,0.4117647058823529,0.6672132701421798
15907,static_quality,4,0.58,0.717391304347826,0.1911532385466035,0.42028985507246375,0.6572922590837271
15907,static_quality,5,0.58,0.6594202898550725,0.20221169036334913,0.5,0.5995545023696673
15907,static_quality,6,0.58,0.620253164556962,0.21169036334913113,0.4936708860759494,0.5511753554502343
15907,linear_development,1,0.7696071079221334,0.75,0.1358609794628752,0.3515625,0.7357725118483419
15907,linear_development,2,0.83728523347014,0.8461538461538461,0.0971563981042654,0.3076923076923077,0.7698767772511859
15907,linear_development,3,0.8768047976568747,0.8661417322834646,0.05292259083728278,0.25984251968503935,0.8156240126382318
15907,linear_development,4,0.8974408583286564,0.8677685950413223,0.044233807266982623,0.2644628099173554,0.8233206951026864
15907,linear_development,5,0.9069739316173236,0.859375,0.0339652448657188,0.2578125,0.8199210110584527
15907,linear_development,6,0.9068183022930033,0.8623188405797102,0.0315955766192733,0.2898550724637681,0.7853554502369683
15907,interaction_development,1,0.734148802493428,0.7,0.15323854660347552,0.42142857142857143,0.6609131121642965
15907,interaction_development,2,0.8537111618886454,0.8068965517241379,0.09873617693522907,0.3586206896551724,0.708688783570301
15907,interaction_development,3,0.8920105577767301,0.8403361344537815,0.05924170616113744,0.2857142857142857,0.8094281200631925
15907,interaction_development,4,0.9099185528256566,0.9044117647058824,0.03712480252764613,0.22794117647058823,0.8293270142180101
15907,interaction_development,5,0.9135175291252396,0.875,0.04107424960505529,0.2734375,0.8081579778830977
15907,interaction_development,6,0.9134427531945479,0.9312977099236641,0.04660347551342812,0.2900763358778626,0.7920157977883117
15907,feedback_development,1,0.8067806098220512,0.7559055118110236,0.15165876777251186,0.3464566929133858,0.7373080568720374
15907,feedback_development,2,0.8933037915133167,0.8071428571428572,0.061611374407582936,0.3,0.7682085308056884
15907,feedback_development,3,0.9061584239584433,0.849624060150376,0.044233807266982623,0.2932330827067669,0.7870363349131136
15907,feedback_development,4,0.9126583979999734,0.8923076923076924,0.04660347551342812,0.2153846153846154,0.8421958925750397
15907,feedback_development,5,0.9150863019491018,0.9259259259259259,0.04265402843601896,0.2074074074074074,0.8429731437598743
15907,feedback_development,6,0.9146438983479246,0.8591549295774648,0.03317535545023697,0.2746478873239437,0.7900284360189596
15908,static_quality,1,0.58,0.6888888888888889,0.18246445497630331,0.4148148148148148,0.670050552922591
15908,static_quality,2,0.58,0.6597222222222222,0.1911532385466035,0.4513888888888889,0.6221295418641367
15908,static_quality,3,0.58,0.6148148148148148,0.19747235387045814,0.4222222222222222,0.6609921011058437
15908,static_quality,4,0.58,0.6951219512195121,0.18167456556082148,0.3780487804878049,0.6392164296998417
15908,static_quality,5,0.58,0.6260162601626016,0.18167456556082148,0.4146341463414634,0.6951311216429696
15908,static_quality,6,0.58,0.6716417910447762,0.19984202211690363,0.4552238805970149,0.6402685624012631
15908,linear_development,1,0.7680804167290074,0.776,0.1334913112164297,0.352,0.7417914691943123
15908,linear_development,2,0.8366424321289372,0.7941176470588235,0.08530805687203792,0.3235294117647059,0.7526192733017383
15908,linear_development,3,0.8726262653092614,0.8392857142857143,0.061611374407582936,0.26785714285714285,0.8288372827804117
15908,linear_development,4,0.8928044886801567,0.8062015503875969,0.052132701421800945,0.32558139534883723,0.7705055292259095
15908,linear_development,5,0.90353418699121,0.8717948717948718,0.04107424960505529,0.27350427350427353,0.8240000000000007
15908,linear_development,6,0.9048527250096348,0.7936507936507936,0.05292259083728278,0.30158730158730157,0.7904549763033182
15908,interaction_development,1,0.7093576311071246,0.5970149253731343,0.16429699842022116,0.4701492537313433,0.6385118483412314
15908,interaction_development,2,0.8509347934012853,0.8356164383561644,0.09083728278041074,0.3219178082191781,0.7357598736176943
15908,interaction_development,3,0.8902761951402393,0.782258064516129,0.06240126382306477,0.3225806451612903,0.778205371248026
15908,interaction_development,4,0.9104618694364426,0.9461538461538461,0.044233807266982623,0.16923076923076924,0.8732353870458144
15908,interaction_development,5,0.9140184569979541,0.8940397350993378,0.03712480252764613,0.25165562913907286,0.7942211690363364
15908,interaction_development,6,0.9153754842301747,0.8984375,0.03238546603475513,0.2109375,0.851055292259084
15908,feedback_development,1,0.7758515927694207,0.6942148760330579,0.16587677725118483,0.4214876033057851,0.6984644549763016
15908,feedback_development,2,0.8889828223272853,0.841726618705036,0.053712480252764615,0.2733812949640288,0.7901232227488169
15908,feedback_development,3,0.9061624824173461,0.8721804511278195,0.04107424960505529,0.2706766917293233,0.8038293838862582
15908,feedback_development,4,0.9129389341054934,0.8931297709923665,0.03712480252764613,0.21374045801526717,0.8441737756714063
15908,feedback_development,5,0.9150884127090442,0.9323308270676691,0.038704581358609796,0.21804511278195488,0.8390742496050564
15908,feedback_development,6,0.9137572772772461,0.8617886178861789,0.03712480252764613,0.3333333333333333,0.7792827804107438
15909,static_quality,1,0.58,0.6690140845070423,0.1966824644549763,0.4295774647887324,0.6405434439178505
15909,static_quality,2,0.58,0.6050955414012739,0.19510268562401265,0.4968152866242038,0.555443917851499
15909,static_quality,3,0.58,0.6356589147286822,0.2014218009478673,0.46511627906976744,0.6454344391785137
15909,static_quality,4,0.58,0.6946564885496184,0.20300157977883096,0.4198473282442748,0.6695766192733003
15909,static_quality,5,0.58,0.668918918918919,0.19747235387045814,0.4797297297297297,0.5898609794628726
15909,static_quality,6,0.58,0.7387387387387387,0.19589257503949448,0.3963963963963964,0.7276271721958911
15909,linear_development,1,0.7634333546962583,0.7230769230769231,0.1406003159557662,0.4,0.6992796208530798
15909,linear_development,2,0.8341397200149676,0.7862595419847328,0.10031595576619273,0.3053435114503817,0.7697977883096373
15909,linear_development,3,0.86764689454886,0.825,0.06556082148499211,0.3416666666666667,0.7723665086887848
15909,linear_development,4,0.8909098490485092,0.860655737704918,0.052132701421800945,0.29508196721311475,0.8010584518167476
15909,linear_development,5,0.9023325198143531,0.8632478632478633,0.04107424960505529,0.27350427350427353,0.8238325434439193
15909,linear_development,6,0.904227054916336,0.8448275862068966,0.035545023696682464,0.3103448275862069,0.8049194312796226
15909,interaction_development,1,0.7416077895341184,0.7465753424657534,0.16982622432859398,0.4178082191780822,0.6471058451816739
15909,interaction_development,2,0.8697017385636192,0.7804878048780488,0.09162717219589257,0.31097560975609756,0.7155955766192736
15909,interaction_development,3,0.8984334075188618,0.888,0.05766192733017378,0.296,0.7944549763033185
15909,interaction_development,4,0.9096906107688468,0.8623188405797102,0.037914691943127965,0.3115942028985507,0.7687582938388635
15909,interaction_development,5,0.913869258222501,0.8897058823529411,0.029225908372827805,0.23529411764705882,0.8261200631911545
15909,interaction_development,6,0.9148740106382414,0.9076923076923077,0.036334913112164295,0.23846153846153847,0.8295576619273307
15909,feedback_development,1,0.7963372891085119,0.6834532374100719,0.13507109004739337,0.4244604316546763,0.665304897314376
15909,feedback_development,2,0.8892409410849919,0.8333333333333334,0.06556082148499211,0.3115942028985507,0.7620758293838873
15909,feedback_development,3,0.9065188224886604,0.9111111111111111,0.045023696682464455,0.24444444444444444,0.8173017377567149
15909,feedback_development,4,0.9124589379753277,0.8759124087591241,0.03949447077409163,0.24087591240875914,0.8189447077409178
15909,feedback_development,5,0.9128373843016233,0.856,0.03949447077409163,0.304,0.7934186413902068
15909,feedback_development,6,0.9127018734584447,0.8421052631578947,0.037914691943127965,0.3233082706766917,0.7690236966824656
15910,static_quality,1,0.58,0.8273381294964028,0.21484992101105846,0.33093525179856115,0.7120979462875195
15910,static_quality,2,0.58,0.751937984496124,0.2014218009478673,0.37209302325581395,0.7052575039494462
15910,static_quality,3,0.58,0.631578947368421,0.20616113744075829,0.43609022556390975,0.6538009478672981
15910,static_quality,4,0.58,0.640625,0.20458135860979462,0.453125,0.6543538704581341
15910,static_quality,5,0.58,0.6859504132231405,0.18246445497630331,0.3884297520661157,0.7155734597156397
15910,static_quality,6,0.58,0.6433566433566433,0.1990521327014218,0.4755244755244755,0.6051058451816727
15910,linear_development,1,0.7613074419346453,0.7457627118644068,0.1287519747235387,0.3644067796610169,0.7477535545023701
15910,linear_development,2,0.8392209220165027,0.8732394366197183,0.08688783570300158,0.28169014084507044,0.7720695102685633
15910,linear_development,3,0.8759059950039669,0.8934426229508197,0.061611374407582936,0.2786885245901639,0.8085402843601914
15910,linear_development,4,0.8974715598921732,0.859375,0.04976303317535545,0.265625,0.8112764612954194
15910,linear_development,5,0.9031026070252322,0.8571428571428571,0.054502369668246446,0.3412698412698413,0.7647519747235402
15910,linear_development,6,0.9079012106828783,0.9130434782608695,0.045813586097946286,0.2,0.8681674565560814
15910,interaction_development,1,0.6964158861144761,0.6212121212121212,0.15639810426540285,0.5075757575757576,0.6202211690363338
15910,interaction_development,2,0.8308164285292304,0.8043478260869565,0.10505529225908374,0.38405797101449274,0.702821484992102
15910,interaction_development,3,0.8868849080409359,0.8571428571428571,0.06635071090047394,0.2698412698412698,0.8076398104265413
15910,interaction_development,4,0.9041704750017119,0.8345864661654135,0.045023696682464455,0.3308270676691729,0.7619273301737769
15910,interaction_development,5,0.9114113235451262,0.8740157480314961,0.044233807266982623,0.28346456692913385,0.8025055292259105
15910,interaction_development,6,0.913073783447123,0.8778625954198473,0.026856240126382307,0.2748091603053435,0.8063917851500805
15910,feedback_development,1,0.8109974817615893,0.7481481481481481,0.14375987361769352,0.362962962962963,0.7137567140600304
15910,feedback_development,2,0.8882690958601387,0.8253968253968254,0.06556082148499211,0.3253968253968254,0.7724802527646143
15910,feedback_development,3,0.906172519117088,0.8397435897435898,0.045023696682464455,0.2948717948717949,0.7516303317535555
15910,feedback_development,4,0.9114012190342807,0.859375,0.044233807266982623,0.2734375,0.8074123222748825
15910,feedback_development,5,0.9144765052557837,0.8978102189781022,0.05055292259083728,0.21897810218978103,0.831630331753555
15910,feedback_development,6,0.9144026987979931,0.8676470588235294,0.03238546603475513,0.27205882352941174,0.800417061611376
15911,static_quality,1,0.58,0.7154471544715447,0.19984202211690363,0.3902439024390244,0.7062243285939966
15911,static_quality,2,0.58,0.6805555555555556,0.22037914691943128,0.4375,0.624764612954185
15911,static_quality,3,0.58,0.7024793388429752,0.19747235387045814,0.36363636363636365,0.7264486571879939
15911,static_quality,4,0.58,0.6532258064516129,0.20695102685624012,0.41935483870967744,0.6842401263823056
15911,static_quality,5,0.58,0.6946564885496184,0.20774091627172195,0.42748091603053434,0.6640442338072664
15911,static_quality,6,0.58,0.6888888888888889,0.20695102685624012,0.4074074074074074,0.6689131121642955
15911,linear_development,1,0.7810596287301167,0.7481481481481481,0.10900473933649289,0.3037037037037037,0.7626192733017375
15911,linear_development,2,0.8409818964812426,0.7894736842105263,0.07977883096366509,0.3383458646616541,0.7486034755134288
15911,linear_development,3,0.884713500011461,0.8246753246753247,0.06003159557661927,0.2532467532467532,0.7834344391785163
15911,linear_development,4,0.9047461585022241,0.8590604026845637,0.044233807266982623,0.24161073825503357,0.80222748815166
15911,linear_development,5,0.9068210222457891,0.8359375,0.044233807266982623,0.28125,0.8023443917851518
15911,linear_development,6,0.9077888173015161,0.9193548387096774,0.04265402843601896,0.25806451612903225,0.8234849921011065
15911,interaction_development,1,0.7326613963622914,0.6736111111111112,0.18562401263823064,0.4375,0.6335039494470768
15911,interaction_development,2,0.8663456677212218,0.8865248226950354,0.09162717219589257,0.24113475177304963,0.8009067930489742
15911,interaction_development,3,0.9010710731997389,0.8682170542635659,0.052132701421800945,0.2248062015503876,0.8364612954186421
15911,interaction_development,4,0.9101340842333302,0.8699186991869918,0.04107424960505529,0.3008130081300813,0.7988593996840461
15911,interaction_development,5,0.9126474741480584,0.8476190476190476,0.044233807266982623,0.3047619047619048,0.8233428120063201
15911,interaction_development,6,0.9132816127419074,0.8571428571428571,0.037914691943127965,0.2925170068027211,0.768666666666668
15911,feedback_development,1,0.8213820669546965,0.7361111111111112,0.12480252764612954,0.3611111111111111,0.7030963665086879
15911,feedback_development,2,0.8938368813871851,0.8346456692913385,0.05134281200631911,0.28346456692913385,0.8012890995260679
15911,feedback_development,3,0.9076280529077182,0.889763779527559,0.04660347551342812,0.25196850393700787,0.8223159557661939
15911,feedback_development,4,0.9123982124481267,0.8428571428571429,0.038704581358609796,0.2857142857142857,0.7832385466034764
15911,feedback_development,5,0.9153808501165102,0.896,0.04028436018957346,0.176,0.8741864139020529
15911,feedback_development,6,0.9150262742223807,0.8632478632478633,0.038704581358609796,0.26495726495726496,0.8294691943127965
15912,static_quality,1,0.58,0.6791044776119403,0.20537124802527645,0.40298507462686567,0.6739526066350707
15912,static_quality,2,0.58,0.6293706293706294,0.21800947867298578,0.46853146853146854,0.6055924170616095
15912,static_quality,3,0.58,0.7058823529411765,0.1872037914691943,0.47794117647058826,0.6229004739336486
15912,static_quality,4,0.58,0.676056338028169,0.19747235387045814,0.43661971830985913,0.6356050552922581
15912,static_quality,5,0.58,0.7054263565891473,0.19352290679304898,0.40310077519379844,0.6870331753554492
15912,static_quality,6,0.58,0.6453900709219859,0.20221169036334913,0.4397163120567376,0.6346761453396522
15912,linear_development,1,0.7832292268848318,0.7651006711409396,0.13665086887835703,0.3422818791946309,0.7049699842022118
15912,linear_development,2,0.840466967674655,0.8015267175572519,0.08688783570300158,0.3511450381679389,0.7423759873617695
15912,linear_development,3,0.8793952307126454,0.9064748201438849,0.0631911532385466,0.2805755395683453,0.782616113744078
15912,linear_development,4,0.9013833632321311,0.8675496688741722,0.053712480252764615,0.271523178807947,0.7749541864139032
15912,linear_development,5,0.9096904183187839,0.9202898550724637,0.03949447077409163,0.17391304347826086,0.864157977883097
15912,linear_development,6,0.9095720822360759,0.8712121212121212,0.04028436018957346,0.25,0.8184012638230657
15912,interaction_development,1,0.7064490505229751,0.640625,0.16350710900473933,0.46875,0.6540221169036322
15912,interaction_development,2,0.8389075906683624,0.7608695652173914,0.12243285939968404,0.36231884057971014,0.7133080568720382
15912,interaction_development,3,0.8916570152946058,0.8794326241134752,0.060821484992101105,0.2907801418439716,0.7732733017377577
15912,interaction_development,4,0.9064077443415408,0.8294573643410853,0.05292259083728278,0.31007751937984496,0.7803033175355465
15912,interaction_development,5,0.9127768493906301,0.8698630136986302,0.04186413902053712,0.2671232876712329,0.7875007898894173
15912,interaction_development,6,0.9131928521565967,0.8676470588235294,0.03949447077409163,0.29411764705882354,0.7832575039494492
15912,feedback_development,1,0.8092773990932924,0.7559055118110236,0.15165876777251186,0.33070866141732286,0.7475734597156396
15912,feedback_development,2,0.8927360508006252,0.847457627118644,0.0631911532385466,0.23728813559322035,0.838840442338073
15912,feedback_development,3,0.9094161659996948,0.8923076923076924,0.04739336492890995,0.18461538461538463,0.8622906793048973
15912,feedback_development,4,0.912993558445732,0.9307692307692308,0.04344391785150079,0.27692307692307694,0.8030552922590851
15912,feedback_development,5,0.9137351773203933,0.9007633587786259,0.03712480252764613,0.2824427480916031,0.7990647709320712
15912,feedback_development,6,0.913915696387331,0.863013698630137,0.030805687203791468,0.2671232876712329,0.7901169036334933
15913,static_quality,1,0.58,0.6879432624113475,0.2014218009478673,0.41134751773049644,0.655055292259083
15913,static_quality,2,0.58,0.640625,0.1872037914691943,0.5078125,0.623090047393364
15913,static_quality,3,0.58,0.6692307692307692,0.1966824644549763,0.43846153846153846,0.6613333333333326
15913,static_quality,4,0.58,0.7007299270072993,0.19747235387045814,0.44525547445255476,0.6410679304897289
15913,static_quality,5,0.58,0.717391304347826,0.1895734597156398,0.36231884057971014,0.6985845181674563
15913,static_quality,6,0.58,0.5985401459854015,0.179304897314376,0.5109489051094891,0.5999115323854649
15913,linear_development,1,0.758530275917947,0.6893939393939394,0.14454976303317535,0.4393939393939394,0.6685466034755138
15913,linear_development,2,0.8291981330880441,0.8347107438016529,0.08451816745655608,0.2809917355371901,0.8034091627172205
15913,linear_development,3,0.8672572117745936,0.7950819672131147,0.07424960505529225,0.319672131147541,0.7805624012638244
15913,linear_development,4,0.8936263557848447,0.852112676056338,0.05608214849921011,0.2887323943661972,0.7746129541864142
15913,linear_development,5,0.9054881643885511,0.8807947019867549,0.04897314375987362,0.271523178807947,0.7760410742496066
15913,linear_development,6,0.9069545618139315,0.8802816901408451,0.0339652448657188,0.2676056338028169,0.794982622432861
15913,interaction_development,1,0.7572041586081661,0.7222222222222222,0.1524486571879937,0.3611111111111111,0.6967646129541862
15913,interaction_development,2,0.8540892527972224,0.7777777777777778,0.09162717219589257,0.3162393162393162,0.7868530805687206
15913,interaction_development,3,0.8936022816682508,0.8712121212121212,0.045023696682464455,0.3106060606060606,0.7771690363349147
15913,interaction_development,4,0.9064536229362401,0.816793893129771,0.04818325434439179,0.33587786259541985,0.7613522906793064
15913,interaction_development,5,0.9121571604456613,0.8193548387096774,0.04186413902053712,0.2967741935483871,0.7524233807266992
15913,interaction_development,6,0.9142836711957698,0.92,0.04028436018957346,0.224,0.8436145339652458
15913,feedback_development,1,0.8240831380816824,0.8161764705882353,0.12954186413902052,0.3235294117647059,0.7424202211690359
15913,feedback_development,2,0.8879432308186492,0.8173076923076923,0.061611374407582936,0.2980769230769231,0.8236966824644547
15913,feedback_development,3,0.9052194762753414,0.8455882352941176,0.03238546603475513,0.3088235294117647,0.7752543443917863
15913,feedback_development,4,0.9108612764816711,0.8503937007874016,0.04028436018957346,0.2755905511811024,0.8086003159557676
15913,feedback_development,5,0.9135068539300393,0.8639455782312925,0.038704581358609796,0.2653061224489796,0.7883665086887857
15913,feedback_development,6,0.9143336073388408,0.9,0.04107424960505529,0.24545454545454545,0.8490331753554501
15914,static_quality,1,0.58,0.6904761904761905,0.1872037914691943,0.36507936507936506,0.7192101105845183
15914,static_quality,2,0.58,0.6896551724137931,0.18167456556082148,0.47586206896551725,0.6035387045813578
15914,static_quality,3,0.58,0.6612903225806451,0.21169036334913113,0.4838709677419355,0.6423349131121624
15914,static_quality,4,0.58,0.664179104477612,0.20537124802527645,0.3880597014925373,0.6844549763033174
15914,static_quality,5,0.58,0.6433566433566433,0.19826224328593997,0.40559440559440557,0.6553301737756697
15914,static_quality,6,0.58,0.6148148148148148,0.20853080568720378,0.4444444444444444,0.6433744075829373
15914,linear_development,1,0.7732078010328294,0.7795275590551181,0.13191153238546605,0.3228346456692913,0.75704897314376
15914,linear_development,2,0.8256921627188649,0.7266187050359713,0.08609794628751975,0.45323741007194246,0.656755134281201
15914,linear_development,3,0.8668832636938999,0.8731343283582089,0.07109004739336493,0.3358208955223881,0.7507582938388637
15914,linear_development,4,0.8928159881154691,0.8872180451127819,0.04186413902053712,0.2781954887218045,0.7978862559241722
15914,linear_development,5,0.9056590148875632,0.9333333333333333,0.04976303317535545,0.24444444444444444,0.8162148499210125
15914,linear_development,6,0.907711903582166,0.9084507042253521,0.03317535545023697,0.2535211267605634,0.8047804107424975
15914,interaction_development,1,0.7075588493094183,0.6779661016949152,0.17772511848341233,0.423728813559322,0.7013649289099525
15914,interaction_development,2,0.8374968391663864,0.7697841726618705,0.0995260663507109,0.37410071942446044,0.7088341232227492
15914,interaction_development,3,0.8948435255457845,0.8518518518518519,0.060821484992101105,0.2074074074074074,0.8389668246445502
15914,interaction_development,4,0.9074994156305646,0.7971014492753623,0.05055292259083728,0.34057971014492755,0.7457598736176949
15914,interaction_development,5,0.9125059389081384,0.8604651162790697,0.04739336492890995,0.27906976744186046,0.8015071090047408
15914,interaction_development,6,0.9132947282411368,0.8857142857142857,0.03238546603475513,0.2857142857142857,0.7853396524486592
15914,feedback_development,1,0.8199729722401842,0.7533333333333333,0.14218009478672985,0.38666666666666666,0.668691943127962
15914,feedback_development,2,0.8971635157830046,0.8666666666666667,0.05924170616113744,0.25925925925925924,0.8038515007898898
15914,feedback_development,3,0.9102954938257244,0.9104477611940298,0.0339652448657188,0.19402985074626866,0.855105845181675
15914,feedback_development,4,0.9137393071740241,0.86,0.030805687203791468,0.2733333333333333,0.7801864139020556
15914,feedback_development,5,0.9144152240051134,0.875,0.03238546603475513,0.25,0.8050142180094807
15914,feedback_development,6,0.9157569239645458,0.927007299270073,0.03712480252764613,0.19708029197080293,0.8496082148499216
15915,static_quality,1,0.58,0.6911764705882353,0.1911532385466035,0.4485294117647059,0.6425402843601894
15915,static_quality,2,0.58,0.6453900709219859,0.20221169036334913,0.48226950354609927,0.6040473933649272
15915,static_quality,3,0.58,0.7,0.18404423380726698,0.4357142857142857,0.6438135860979451
15915,static_quality,4,0.58,0.7153284671532847,0.1990521327014218,0.41605839416058393,0.6607330173775663
15915,static_quality,5,0.58,0.6592592592592592,0.17298578199052134,0.45185185185185184,0.646331753554502
15915,static_quality,6,0.58,0.7049180327868853,0.19273301737756715,0.45081967213114754,0.6719684044233805
15915,linear_development,1,0.7694069046033882,0.7536231884057971,0.13112164296998421,0.391304347826087,0.6913270142180099
15915,linear_development,2,0.8397042934730392,0.8129496402877698,0.09636650868878358,0.30935251798561153,0.7547772511848347
15915,linear_development,3,0.8822020854883241,0.8661971830985915,0.06714060031595577,0.24647887323943662,0.802015797788311
15915,linear_development,4,0.8991393053081236,0.8354430379746836,0.03949447077409163,0.34177215189873417,0.7128878357030031
15915,linear_development,5,0.9053741028214359,0.8321167883211679,0.0315955766192733,0.25547445255474455,0.8103981042654044
15915,linear_development,6,0.9064075338376429,0.9015151515151515,0.04818325434439179,0.2803030303030303,0.7965529225908392
15915,interaction_development,1,0.7560872736023455,0.7967479674796748,0.15481832543443919,0.2764227642276423,0.7869731437598739
15915,interaction_development,2,0.8531138435827184,0.776,0.07582938388625593,0.344,0.7601958925750403
15915,interaction_development,3,0.8943551759036219,0.8225806451612904,0.06398104265402843,0.2661290322580645,0.8135829383886266
15915,interaction_development,4,0.9091983001114493,0.8581560283687943,0.037914691943127965,0.2907801418439716,0.7788499210110598
15915,interaction_development,5,0.9139810036308895,0.9054054054054054,0.038704581358609796,0.23648648648648649,0.8087235387045822
15915,interaction_development,6,0.9139957449662369,0.8880597014925373,0.04186413902053712,0.26865671641791045,0.8026856240126398
15915,feedback_development,1,0.8212395634543777,0.7638888888888888,0.12322274881516587,0.3611111111111111,0.7031279620853083
15915,feedback_development,2,0.887790317946172,0.8582677165354331,0.05924170616113744,0.36220472440944884,0.7484802527646136
15915,feedback_development,3,0.9043278573136075,0.8842975206611571,0.045023696682464455,0.2727272727272727,0.8174881516587696
15915,feedback_development,4,0.9117692917546412,0.9090909090909091,0.04265402843601896,0.2597402597402597,0.7824012638230662
15915,feedback_development,5,0.9127166618221206,0.8321678321678322,0.04107424960505529,0.32867132867132864,0.7476935229067937
15915,feedback_development,6,0.9128216957803851,0.847682119205298,0.03712480252764613,0.31125827814569534,0.7482401263823085
15916,static_quality,1,0.58,0.7022900763358778,0.20695102685624012,0.4961832061068702,0.618451816745654
15916,static_quality,2,0.58,0.7153284671532847,0.20616113744075829,0.44525547445255476,0.6388372827804089
15916,static_quality,3,0.58,0.7107438016528925,0.20616113744075829,0.3884297520661157,0.7096650868878357
15916,static_quality,4,0.58,0.6962962962962963,0.20774091627172195,0.4074074074074074,0.6687867298578191
15916,static_quality,5,0.58,0.6946564885496184,0.21169036334913113,0.4732824427480916,0.6329952606635053
15916,static_quality,6,0.58,0.7661290322580645,0.20853080568720378,0.3387096774193548,0.7343633491311211
15916,linear_development,1,0.7608126632577081,0.7142857142857143,0.13981042654028436,0.42857142857142855,0.6741453396524493
15916,linear_development,2,0.8289752088411546,0.832,0.0947867298578199,0.32,0.7702464454976315
15916,linear_development,3,0.8615436191149949,0.845360824742268,0.07819905213270142,0.30927835051546393,0.8252195892575044
15916,linear_development,4,0.8870221541598045,0.8449612403100775,0.04344391785150079,0.3178294573643411,0.7778135860979483
15916,linear_development,5,0.9030158477921173,0.8258064516129032,0.044233807266982623,0.2903225806451613,0.756862559241707
15916,linear_development,6,0.906607132508959,0.8962962962962963,0.044233807266982623,0.24444444444444444,0.8179526066350724
15916,interaction_development,1,0.7224531831870562,0.7522123893805309,0.16113744075829384,0.34513274336283184,0.7605845181674568
15916,interaction_development,2,0.8573911687300848,0.8013245033112583,0.07661927330173776,0.31125827814569534,0.7396745655608232
15916,interaction_development,3,0.8977800113707814,0.8484848484848485,0.05766192733017378,0.25,0.8142211690363365
15916,interaction_development,4,0.9094045737157688,0.8620689655172413,0.038704581358609796,0.31724137931034485,0.7531816745655626
15916,interaction_development,5,0.9116516020325104,0.8372093023255814,0.04107424960505529,0.34108527131782945,0.7629289099526074
15916,interaction_development,6,0.9125981506638288,0.8416666666666667,0.04107424960505529,0.2833333333333333,0.8132890995260678
15916,feedback_development,1,0.81437181716224,0.7448275862068966,0.13981042654028436,0.38620689655172413,0.6790268562401269
15916,feedback_development,2,0.8928011263357285,0.8410596026490066,0.061611374407582936,0.3509933774834437,0.7125876777251197
15916,feedback_development,3,0.9055968283208872,0.8391608391608392,0.04818325434439179,0.32167832167832167,0.7507551342812018
15916,feedback_development,4,0.9132405565561197,0.9357142857142857,0.03238546603475513,0.2,0.8456271721958939
15916,feedback_development,5,0.9131788746792999,0.94,0.04186413902053712,0.3,0.7572227488151673
15916,feedback_development,6,0.9146006409166305,0.9057971014492754,0.04265402843601896,0.2318840579710145,0.8231216429699856
15917,static_quality,1,0.58,0.676056338028169,0.19036334913112166,0.4154929577464789,0.6522527646129535
15917,static_quality,2,0.58,0.624,0.17535545023696683,0.504,0.636044233807266
15917,static_quality,3,0.58,0.6434108527131783,0.1627172195892575,0.4806201550387597,0.6445497630331742
15917,static_quality,4,0.58,0.6577181208053692,0.19194312796208532,0.4563758389261745,0.6068625592417047
15917,static_quality,5,0.58,0.6666666666666666,0.19747235387045814,0.42424242424242425,0.6660663507108997
15917,static_quality,6,0.58,0.7037037037037037,0.19510268562401265,0.39814814814814814,0.7325592417061606
15917,linear_development,1,0.7706669110233522,0.8114754098360656,0.1382306477093207,0.319672131147541,0.7659115323854653
15917,linear_development,2,0.8401553525409499,0.7985611510791367,0.09636650868878358,0.30935251798561153,0.7547898894154826
15917,linear_development,3,0.879674500784607,0.8211920529801324,0.06556082148499211,0.304635761589404,0.746770932069512
15917,linear_development,4,0.9025050308542715,0.896551724137931,0.04660347551342812,0.23448275862068965,0.8117093206951042
15917,linear_development,5,0.9084456838610434,0.8984375,0.04897314375987362,0.2265625,0.8372922590837292
15917,linear_development,6,0.9072942139573977,0.8657718120805369,0.04186413902053712,0.30201342281879195,0.7570394944707756
15917,interaction_development,1,0.7708483217696238,0.7098765432098766,0.16666666666666666,0.3765432098765432,0.6476240126382297
15917,interaction_development,2,0.8649442239058545,0.7753623188405797,0.08372827804107424,0.35507246376811596,0.7277030015797796
15917,interaction_development,3,0.8987104983567828,0.8258064516129032,0.04818325434439179,0.32903225806451614,0.7259526066350726
15917,interaction_development,4,0.909082729141245,0.855072463768116,0.04186413902053712,0.32608695652173914,0.7574439178515011
15917,interaction_development,5,0.9120098129770352,0.8376068376068376,0.04186413902053712,0.29914529914529914,0.808085308056874
15917,interaction_development,6,0.9141363913338759,0.9047619047619048,0.04028436018957346,0.2222222222222222,0.8442464454976314
15917,feedback_development,1,0.7880805480445984,0.7557251908396947,0.15323854660347552,0.4122137404580153,0.6863981042654015
15917,feedback_development,2,0.8954434695008453,0.8280254777070064,0.053712480252764615,0.2802547770700637,0.7593902053712495
15917,feedback_development,3,0.907342363386164,0.8819444444444444,0.04344391785150079,0.2847222222222222,0.7769352290679318
15917,feedback_development,4,0.9113274563488806,0.88,0.04344391785150079,0.31333333333333335,0.7469194312796223
15917,feedback_development,5,0.9137905267720737,0.8978102189781022,0.044233807266982623,0.23357664233576642,0.822518167456556
15917,feedback_development,6,0.9149863370104192,0.9322033898305084,0.04028436018957346,0.2033898305084746,0.8645560821484981
15918,static_quality,1,0.58,0.7647058823529411,0.18641390205371247,0.35294117647058826,0.7092954186413897
15918,static_quality,2,0.58,0.6901408450704225,0.18878357030015797,0.44366197183098594,0.6328751974723534
15918,static_quality,3,0.58,0.6764705882352942,0.19194312796208532,0.4485294117647059,0.6419684044233798
15918,static_quality,4,0.58,0.7555555555555555,0.19352290679304898,0.34814814814814815,0.7119747235387034
15918,static_quality,5,0.58,0.6642857142857143,0.1943127962085308,0.40714285714285714,0.6617535545023693
15918,static_quality,6,0.58,0.7323943661971831,0.21169036334913113,0.3873239436619718,0.6676966824644536
15918,linear_development,1,0.7702088556240658,0.7266187050359713,0.12006319115323855,0.38848920863309355,0.693775671406003
15918,linear_development,2,0.8444300032055934,0.8809523809523809,0.08451816745655608,0.21428571428571427,0.8387709320695093
15918,linear_development,3,0.8840065996961989,0.8776978417266187,0.0679304897314376,0.2446043165467626,0.8072480252764624
15918,linear_development,4,0.9021913410364476,0.8811188811188811,0.05608214849921011,0.26573426573426573,0.7895703001579802
15918,linear_development,5,0.9060746026997457,0.8951612903225806,0.05608214849921011,0.27419354838709675,0.8101200631911544
15918,linear_development,6,0.9064635005196529,0.8676470588235294,0.037914691943127965,0.27941176470588236,0.7938451816745667
15918,interaction_development,1,0.6969050119232922,0.6842105263157895,0.19826224328593997,0.4473684210526316,0.6911816745655605
15918,interaction_development,2,0.8237119923385503,0.6744186046511628,0.12480252764612954,0.3953488372093023,0.7080442338072671
15918,interaction_development,3,0.885923928842236,0.8345323741007195,0.0703001579778831,0.2949640287769784,0.7707867298578214
15918,interaction_development,4,0.9079486237545316,0.873015873015873,0.05134281200631911,0.1984126984126984,0.8566066350710906
15918,interaction_development,5,0.9135592140830238,0.8407643312101911,0.045813586097946286,0.27388535031847133,0.7663570300157991
15918,interaction_development,6,0.9146623387852516,0.9006622516556292,0.035545023696682464,0.23841059602649006,0.8046255924170644
15918,feedback_development,1,0.8508419667630216,0.7777777777777778,0.12559241706161137,0.30864197530864196,0.7128783570300166
15918,feedback_development,2,0.9000251068418725,0.8333333333333334,0.04660347551342812,0.2986111111111111,0.7665181674565572
15918,feedback_development,3,0.9092513462027962,0.8985507246376812,0.04186413902053712,0.26811594202898553,0.7979210110584535
15918,feedback_development,4,0.9130550193360382,0.859504132231405,0.04897314375987362,0.256198347107438,0.8268467614533968
15918,feedback_development,5,0.9132793485598605,0.837037037037037,0.030015797788309637,0.2962962962962963,0.785345971563982
15918,feedback_development,6,0.9138993412481801,0.8823529411764706,0.03475513428120063,0.2605042016806723,0.8304518167456564
15919,static_quality,1,0.58,0.5735294117647058,0.1872037914691943,0.5220588235294118,0.5931943127962077
15919,static_quality,2,0.58,0.6712328767123288,0.1895734597156398,0.4520547945205479,0.6169067930489719
15919,static_quality,3,0.58,0.6220472440944882,0.20300157977883096,0.47244094488188976,0.644834123222747
15919,static_quality,4,0.58,0.7404580152671756,0.20221169036334913,0.3435114503816794,0.7207551342812006
15919,static_quality,5,0.58,0.6814814814814815,0.1895734597156398,0.4222222222222222,0.6631532385466029
15919,static_quality,6,0.58,0.6015625,0.1966824644549763,0.4765625,0.6409889415481822
15919,linear_development,1,0.7840992596232897,0.7816901408450704,0.11769352290679305,0.31690140845070425,0.7397725118483417
15919,linear_development,2,0.850416917966389,0.8759124087591241,0.0971563981042654,0.27007299270072993,0.7852101105845196
15919,linear_development,3,0.8822378307224809,0.875,0.05687203791469194,0.296875,0.7897788309636654
15919,linear_development,4,0.899805384047404,0.84375,0.054502369668246446,0.2734375,0.8045529225908384
15919,linear_development,5,0.9059341797337219,0.8633093525179856,0.04739336492890995,0.2805755395683453,0.7862748815165884
15919,linear_development,6,0.906864690572891,0.896774193548387,0.045023696682464455,0.2709677419354839,0.771532385466037
15919,interaction_development,1,0.7637457890225585,0.7928571428571428,0.12322274881516587,0.32142857142857145,0.7389257503949455
15919,interaction_development,2,0.8653601903964468,0.8394160583941606,0.08135860979462875,0.31386861313868614,0.7583633491311234
15919,interaction_development,3,0.8952846134793406,0.8373983739837398,0.04739336492890995,0.3170731707317073,0.7866887835703018
15919,interaction_development,4,0.9103226675200491,0.8951612903225806,0.052132701421800945,0.22580645161290322,0.8411469194312804
15919,interaction_development,5,0.9131079025884998,0.8666666666666667,0.04344391785150079,0.3,0.803020537124804
15919,interaction_development,6,0.9140319665040966,0.8461538461538461,0.045813586097946286,0.27972027972027974,0.7822906793048992
15919,feedback_development,1,0.8110421749139334,0.7734375,0.15323854660347552,0.3359375,0.7420947867298578
15919,feedback_development,2,0.890131914956824,0.8088235294117647,0.052132701421800945,0.3382352941176471,0.750622432859401
15919,feedback_development,3,0.9045235598875208,0.8832116788321168,0.045813586097946286,0.32116788321167883,0.7617883096366527
15919,feedback_development,4,0.9101755164983782,0.9074074074074074,0.03238546603475513,0.26851851851851855,0.8407045813586104
15919,feedback_development,5,0.9138924721183721,0.9312977099236641,0.0315955766192733,0.20610687022900764,0.8511311216429703
15919,feedback_development,6,0.9138900004458925,0.8602941176470589,0.04344391785150079,0.29411764705882354,0.7824928909952611
15920,static_quality,1,0.58,0.6343283582089553,0.18167456556082148,0.4626865671641791,0.6394913112164279
15920,static_quality,2,0.58,0.7448275862068966,0.19510268562401265,0.3586206896551724,0.6867140600315957
15920,static_quality,3,0.58,0.6859504132231405,0.20695102685624012,0.39669421487603307,0.7043001579778817
15920,static_quality,4,0.58,0.6742424242424242,0.18167456556082148,0.4090909090909091,0.6795450236966817
15920,static_quality,5,0.58,0.6356589147286822,0.2109004739336493,0.46511627906976744,0.6426919431279615
15920,static_quality,6,0.58,0.6933333333333334,0.18799368088467613,0.41333333333333333,0.6372290679304887
15920,linear_development,1,0.7804447925142668,0.795774647887324,0.13981042654028436,0.3380281690140845,0.719794628751975
15920,linear_development,2,0.8440426462903319,0.7943262411347518,0.09399684044233807,0.3333333333333333,0.7353933649289105
15920,linear_development,3,0.8778331758705524,0.8541666666666666,0.06398104265402843,0.3402777777777778,0.7321611374407601
15920,linear_development,4,0.9018175552443255,0.8823529411764706,0.04818325434439179,0.21323529411764705,0.836919431279621
15920,linear_development,5,0.9057755190876549,0.8740157480314961,0.04739336492890995,0.28346456692913385,0.8019052132701439
15920,linear_development,6,0.9055100017520887,0.8429752066115702,0.0339652448657188,0.3140495867768595,0.7948467614533974
15920,interaction_development,1,0.7421751545413421,0.6838709677419355,0.16113744075829384,0.44516129032258067,0.6085244865718784
15920,interaction_development,2,0.8479117388457735,0.813953488372093,0.08214849921011058,0.3643410852713178,0.7379715639810431
15920,interaction_development,3,0.8891325035882911,0.8803418803418803,0.06714060031595577,0.29914529914529914,0.8029131121642991
15920,interaction_development,4,0.9079886766293395,0.8931297709923665,0.038704581358609796,0.25190839694656486,0.8184676145339659
15920,interaction_development,5,0.9124180702068169,0.8787878787878788,0.03949447077409163,0.30303030303030304,0.7831437598736198
15920,interaction_development,6,0.9141965742063642,0.9344262295081968,0.03949447077409163,0.22950819672131148,0.8440189573459721
15920,feedback_development,1,0.7968682605769246,0.7553956834532374,0.13665086887835703,0.4244604316546763,0.6645529225908371
15920,feedback_development,2,0.8934839283018218,0.8226950354609929,0.06477093206951026,0.2765957446808511,0.7824486571879947
15920,feedback_development,3,0.9082136184367711,0.8246753246753247,0.037914691943127965,0.2662337662337662,0.7788593996840463
15920,feedback_development,4,0.9127666825476715,0.855072463768116,0.03712480252764613,0.26811594202898553,0.7988562401263842
15920,feedback_development,5,0.9146552547965829,0.9185185185185185,0.035545023696682464,0.2222222222222222,0.8351627172195898
15920,feedback_development,6,0.9142980254926991,0.8442622950819673,0.04265402843601896,0.29508196721311475,0.8029510268562413
15921,static_quality,1,0.58,0.5968992248062015,0.20853080568720378,0.5038759689922481,0.618252764612952
15921,static_quality,2,0.58,0.7397260273972602,0.17772511848341233,0.4041095890410959,0.6553617693522906
15921,static_quality,3,0.58,0.6304347826086957,0.20616113744075829,0.47101449275362317,0.6182875197472345
15921,static_quality,4,0.58,0.6950354609929078,0.2132701421800948,0.475177304964539,0.6065118483412296
15921,static_quality,5,0.58,0.6808510638297872,0.179304897314376,0.425531914893617,0.6498230647709308
15921,static_quality,6,0.58,0.7441860465116279,0.1872037914691943,0.3875968992248062,0.6986224328593995
15921,linear_development,1,0.7637866838114491,0.703125,0.13507109004739337,0.390625,0.7107361769352292
15921,linear_development,2,0.8376162247713423,0.8428571428571429,0.08214849921011058,0.3,0.763146919431281
15921,linear_development,3,0.8742372112261353,0.8260869565217391,0.0679304897314376,0.3333333333333333,0.7466445497630344
15921,linear_development,4,0.8938757724797017,0.8524590163934426,0.044233807266982623,0.3114754098360656,0.7921074249605069
15921,linear_development,5,0.9043336408469758,0.8818897637795275,0.03712480252764613,0.2677165354330709,0.8145466034755142
15921,linear_development,6,0.9054096953493473,0.8666666666666667,0.02764612954186414,0.2866666666666667,0.7709573459715664
15921,interaction_development,1,0.7060956881701648,0.6296296296296297,0.1627172195892575,0.4888888888888889,0.6237977883096363
15921,interaction_development,2,0.8504673128495548,0.8538461538461538,0.10821484992101106,0.25384615384615383,0.8028815165876785
15921,interaction_development,3,0.8914367844443207,0.8620689655172413,0.05292259083728278,0.2672413793103448,0.8262496050552928
15921,interaction_development,4,0.9079310443719344,0.8661417322834646,0.05766192733017378,0.25984251968503935,0.8147930489731451
15921,interaction_development,5,0.9129680395124091,0.8492063492063492,0.04265402843601896,0.2777777777777778,0.8079368088467623
15921,interaction_development,6,0.9140732915371401,0.8823529411764706,0.038704581358609796,0.2647058823529412,0.8037788309636659
15921,feedback_development,1,0.7941255623094239,0.671875,0.13270142180094788,0.390625,0.711715639810426
15921,feedback_development,2,0.8842227720724138,0.8211382113821138,0.06556082148499211,0.3170731707317073,0.7828973143759892
15921,feedback_development,3,0.9067725878541736,0.9051094890510949,0.052132701421800945,0.23357664233576642,0.8212069510268576
15921,feedback_development,4,0.9107396841021502,0.8409090909090909,0.045023696682464455,0.30303030303030304,0.7823191153238567
15921,feedback_development,5,0.9136326603463982,0.9117647058823529,0.03475513428120063,0.25,0.8148625592417081
15921,feedback_development,6,0.9138977382177713,0.8807947019867549,0.029225908372827805,0.2913907284768212,0.7652385466034763
15922,static_quality,1,0.58,0.6076923076923076,0.1990521327014218,0.5,0.6204770932069504
15922,static_quality,2,0.58,0.5952380952380952,0.19036334913112166,0.49206349206349204,0.637823064770931
15922,static_quality,3,0.58,0.5955882352941176,0.2037914691943128,0.5220588235294118,0.5889099526066337
15922,static_quality,4,0.58,0.6616541353383458,0.1872037914691943,0.46616541353383456,0.6381642969984191
15922,static_quality,5,0.58,0.7024793388429752,0.2156398104265403,0.4297520661157025,0.6821516587677724
15922,static_quality,6,0.58,0.6573426573426573,0.1895734597156398,0.4405594405594406,0.6328562401263811
15922,linear_development,1,0.7579303677818741,0.7111111111111111,0.1382306477093207,0.45185185185185184,0.6545402843601892
15922,linear_development,2,0.8295949003557519,0.8320610687022901,0.09399684044233807,0.32061068702290074,0.7604865718799374
15922,linear_development,3,0.8730379591724422,0.88,0.07740916271721959,0.248,0.820240126382307
15922,linear_development,4,0.8911668372159747,0.8571428571428571,0.04976303317535545,0.3047619047619048,0.8214439178515011
15922,linear_development,5,0.9039155361018409,0.8521739130434782,0.04976303317535545,0.24347826086956523,0.8417409162717227
15922,linear_development,6,0.9032506989815328,0.8492063492063492,0.04028436018957346,0.35714285714285715,0.7581958925750407
15922,interaction_development,1,0.7281786071773414,0.6643356643356644,0.17061611374407584,0.44755244755244755,0.63214849921011
15922,interaction_development,2,0.855966733902864,0.8079470198675497,0.0995260663507109,0.3443708609271523,0.7085244865718808
15922,interaction_development,3,0.8895893441304432,0.8288288288288288,0.06714060031595577,0.32432432432432434,0.7975797788309655
15922,interaction_development,4,0.9075461506237791,0.8943089430894309,0.04344391785150079,0.24390243902439024,0.8333206951026867
15922,interaction_development,5,0.9135633162361749,0.9029850746268657,0.035545023696682464,0.23880597014925373,0.8248372827804122
15922,interaction_development,6,0.9138678523139678,0.8435374149659864,0.035545023696682464,0.2789115646258503,0.7789605055292275
15922,feedback_development,1,0.8347798307228331,0.785234899328859,0.1240126382306477,0.3288590604026846,0.7179526066350722
15922,feedback_development,2,0.899063324047882,0.875,0.044233807266982623,0.2777777777777778,0.7821200631911548
15922,feedback_development,3,0.9085090734396726,0.8515625,0.04660347551342812,0.265625,0.8123475513428138
15922,feedback_development,4,0.9121973314125036,0.8880597014925373,0.04265402843601896,0.291044776119403,0.7876240126382316
15922,feedback_development,5,0.9142858325636467,0.8699186991869918,0.03949447077409163,0.23577235772357724,0.8389889415481833
15922,feedback_development,6,0.9128196798223895,0.8716216216216216,0.036334913112164295,0.3581081081081081,0.7183759873617716
15923,static_quality,1,0.58,0.6470588235294118,0.2014218009478673,0.42857142857142855,0.6906793048973131
15923,static_quality,2,0.58,0.7028985507246377,0.20063191153238547,0.41304347826086957,0.6604644549763021
15923,static_quality,3,0.58,0.7603305785123967,0.21011058451816747,0.35537190082644626,0.7286350710900455
15923,static_quality,4,0.58,0.6165413533834586,0.20063191153238547,0.46616541353383456,0.6349541864139006
15923,static_quality,5,0.58,0.6992481203007519,0.20221169036334913,0.40601503759398494,0.6753238546603455
15923,static_quality,6,0.58,0.6642335766423357,0.20774091627172195,0.40145985401459855,0.6685781990521319
15923,linear_development,1,0.765002464596537,0.7218045112781954,0.12480252764612954,0.40601503759398494,0.693216429699842
15923,linear_development,2,0.838171638906487,0.8560606060606061,0.07582938388625593,0.2727272727272727,0.7956650868878372
15923,linear_development,3,0.8775190629470095,0.8592592592592593,0.05766192733017378,0.2814814814814815,0.789225908372829
15923,linear_development,4,0.9000394823353113,0.9111111111111111,0.060821484992101105,0.2518518518518518,0.808881516587679
15923,linear_development,5,0.9056417383693092,0.824,0.037914691943127965,0.28,0.8092764612954197
15923,linear_development,6,0.905858596473898,0.8676470588235294,0.045813586097946286,0.29411764705882354,0.7820853080568737
15923,interaction_development,1,0.7206835038369354,0.6783216783216783,0.15876777251184834,0.46153846153846156,0.6246729857819897
15923,interaction_development,2,0.8318649869404671,0.7333333333333333,0.09794628751974724,0.38333333333333336,0.7400789889415487
15923,interaction_development,3,0.8847385036671341,0.8560606060606061,0.061611374407582936,0.3181818181818182,0.7681042654028447
15923,interaction_development,4,0.9049023494200306,0.8870967741935484,0.045813586097946286,0.27419354838709675,0.8124802527646146
15923,interaction_development,5,0.9122352159807543,0.8396946564885496,0.04344391785150079,0.2824427480916031,0.7978135860979476
15923,interaction_development,6,0.91368953044962,0.8854961832061069,0.03475513428120063,0.2595419847328244,0.8148846761453413
15923,feedback_development,1,0.8227738766278221,0.7375886524822695,0.160347551342812,0.3475177304964539,0.7098704581358609
15923,feedback_development,2,0.8963176968057399,0.8169934640522876,0.05292259083728278,0.3202614379084967,0.7346540284360211
15923,feedback_development,3,0.9054095362278829,0.8074074074074075,0.045813586097946286,0.34074074074074073,0.7515576619273315
15923,feedback_development,4,0.9106110143975759,0.8832116788321168,0.03475513428120063,0.29927007299270075,0.7791911532385483
15923,feedback_development,5,0.9128027101895997,0.9178082191780822,0.044233807266982623,0.2671232876712329,0.7869383886255942
15923,feedback_development,6,0.9136973279501067,0.8790322580645161,0.03238546603475513,0.2661290322580645,0.8200695102685636
15924,static_quality,1,0.58,0.6363636363636364,0.20853080568720378,0.4380165289256198,0.6785181674565561
15924,static_quality,2,0.58,0.7181818181818181,0.20853080568720378,0.39090909090909093,0.729327014218009
15924,static_quality,3,0.58,0.6567164179104478,0.18641390205371247,0.4253731343283582,0.6638104265402834
15924,static_quality,4,0.58,0.6783216783216783,0.18799368088467613,0.3986013986013986,0.6626287519747236
15924,static_quality,5,0.58,0.6131386861313869,0.1943127962085308,0.5182481751824818,0.5910932069510257
15924,static_quality,6,0.58,0.6917293233082706,0.17772511848341233,0.45112781954887216,0.6506793048973143
15924,linear_development,1,0.771377933405535,0.762962962962963,0.1263823064770932,0.37037037037037035,0.7125781990521325
15924,linear_development,2,0.851133892528861,0.8896103896103896,0.07345971563981042,0.2532467532467532,0.7804454976303332
15924,linear_development,3,0.8833687125481711,0.8686131386861314,0.07345971563981042,0.30656934306569344,0.7650552922590851
15924,linear_development,4,0.8994607540955183,0.8283582089552238,0.054502369668246446,0.30597014925373134,0.7750489731437611
15924,linear_development,5,0.9074735168012467,0.8676470588235294,0.04107424960505529,0.21323529411764705,0.838695102685625
15924,linear_development,6,0.9071755675464153,0.8571428571428571,0.045813586097946286,0.2706766917293233,0.8020758293838876
15924,interaction_development,1,0.7350297550005241,0.7194244604316546,0.16350710900473933,0.41007194244604317,0.668420221169037
15924,interaction_development,2,0.8515408858859534,0.825,0.08925750394944708,0.2833333333333333,0.8022243285939975
15924,interaction_development,3,0.892887110749248,0.8692307692307693,0.05529225908372828,0.3,0.7849194312796217
15924,interaction_development,4,0.9069244018720469,0.8320610687022901,0.04265402843601896,0.32061068702290074,0.7726382306477104
15924,interaction_development,5,0.9135324626880164,0.8842975206611571,0.04344391785150079,0.2231404958677686,0.8479968404423385
15924,interaction_development,6,0.9154688890475959,0.9098360655737705,0.035545023696682464,0.1885245901639344,0.8703538704581364
15924,feedback_development,1,0.7932222387442609,0.712,0.15481832543443919,0.384,0.7164296998420215
15924,feedback_development,2,0.8945052642753605,0.9044117647058824,0.0631911532385466,0.23529411764705882,0.8187614533965255
15924,feedback_development,3,0.9084454421874468,0.8758620689655172,0.04976303317535545,0.25517241379310346,0.7959968404423392
15924,feedback_development,4,0.9132614552774769,0.8992248062015504,0.03317535545023697,0.23255813953488372,0.834992101105846
15924,feedback_development,5,0.9132765770752226,0.8656716417910447,0.045023696682464455,0.30597014925373134,0.7771563981042665
15924,feedback_development,6,0.9148130468069762,0.8913043478260869,0.03238546603475513,0.2246376811594203,0.8306287519747241
15925,static_quality,1,0.58,0.6917293233082706,0.19589257503949448,0.45112781954887216,0.6460473933649271
15925,static_quality,2,0.58,0.6982758620689655,0.18088467614533965,0.43103448275862066,0.700571879936808
15925,static_quality,3,0.58,0.7089552238805971,0.18878357030015797,0.44776119402985076,0.6476998420221174
15925,static_quality,4,0.58,0.7033898305084746,0.2014218009478673,0.4661016949152542,0.6699652448657176
15925,static_quality,5,0.58,0.7244094488188977,0.1911532385466035,0.33858267716535434,0.7331690363349118
15925,static_quality,6,0.58,0.64,0.17772511848341233,0.44666666666666666,0.6150963665086876
15925,linear_development,1,0.7632666879837784,0.746031746031746,0.13665086887835703,0.3888888888888889,0.7152448657187994
15925,linear_development,2,0.8152844795369332,0.7256637168141593,0.10426540284360189,0.415929203539823,0.7330078988941555
15925,linear_development,3,0.8640587042363164,0.8403361344537815,0.06872037914691943,0.24369747899159663,0.8324075829383893
15925,linear_development,4,0.8941183096396264,0.8905109489051095,0.053712480252764615,0.24817518248175183,0.8102717219589265
15925,linear_development,5,0.9043126027318398,0.8661417322834646,0.05134281200631911,0.28346456692913385,0.8010300157977894
15925,linear_development,6,0.9060063671850525,0.8181818181818182,0.038704581358609796,0.2878787878787879,0.7937851500789904
15925,interaction_development,1,0.7388072774420253,0.7028985507246377,0.16982622432859398,0.39855072463768115,0.6777187993680872
15925,interaction_development,2,0.856834804101125,0.8549618320610687,0.08214849921011058,0.2900763358778626,0.7836998420221184
15925,interaction_development,3,0.8973743166174888,0.8671328671328671,0.054502369668246446,0.2867132867132867,0.7746255924170634
15925,interaction_development,4,0.9120361148316999,0.9097744360902256,0.03949447077409163,0.19548872180451127,0.854243285939968
15925,interaction_development,5,0.9142811820019764,0.8424657534246576,0.037914691943127965,0.273972602739726,0.783551342812008
15925,interaction_development,6,0.9149861852433432,0.8869565217391304,0.04739336492890995,0.24347826086956523,0.8420663507109011
15925,feedback_development,1,0.825482245945858,0.7692307692307693,0.1382306477093207,0.34265734265734266,0.7149763033175356
15925,feedback_development,2,0.8974916098940651,0.8676470588235294,0.04660347551342812,0.27205882352941174,0.7971974723538718
15925,feedback_development,3,0.9080773722922415,0.8991596638655462,0.045813586097946286,0.24369747899159663,0.8377472353870474
15925,feedback_development,4,0.912592696979407,0.8536585365853658,0.03712480252764613,0.2601626016260163,0.8243475513428135
15925,feedback_development,5,0.9137364911151327,0.8938053097345132,0.035545023696682464,0.2831858407079646,0.8251121642969992
15925,feedback_development,6,0.913983165144947,0.9243697478991597,0.03712480252764613,0.2689075630252101,0.824726698262244
15926,static_quality,1,0.58,0.644927536231884,0.179304897314376,0.4420289855072464,0.645004739336492
15926,static_quality,2,0.58,0.6829268292682927,0.21011058451816747,0.3821138211382114,0.7084865718799356
15926,static_quality,3,0.58,0.7083333333333334,0.2093206951026856,0.4083333333333333,0.6990015797788307
15926,static_quality,4,0.58,0.6524822695035462,0.1911532385466035,0.475177304964539,0.612110584518165
15926,static_quality,5,0.58,0.7022900763358778,0.18562401263823064,0.3969465648854962,0.6887519747235378
15926,static_quality,6,0.58,0.6935483870967742,0.21011058451816747,0.4274193548387097,0.678417061611373
15926,linear_development,1,0.7587768812997409,0.7899159663865546,0.11927330173775672,0.3865546218487395,0.7351374407582948
15926,linear_development,2,0.8387402598615945,0.7986577181208053,0.11216429699842022,0.2953020134228188,0.7461642969984211
15926,linear_development,3,0.8753390011125772,0.8294573643410853,0.06003159557661927,0.31007751937984496,0.7784770932069521
15926,linear_development,4,0.9006067443041741,0.8865248226950354,0.04344391785150079,0.23404255319148937,0.8179115323854674
15926,linear_development,5,0.9072121439507096,0.8515625,0.03712480252764613,0.2421875,0.8295671406003161
15926,linear_development,6,0.90771632749964,0.903448275862069,0.04186413902053712,0.2689655172413793,0.7875892575039508
15926,interaction_development,1,0.7427967297861915,0.7194244604316546,0.14770932069510267,0.38848920863309355,0.6878167456556079
15926,interaction_development,2,0.8535281963171559,0.8307692307692308,0.0924170616113744,0.33076923076923076,0.7558925750394954
15926,interaction_development,3,0.8995743092066463,0.8807947019867549,0.061611374407582936,0.25165562913907286,0.7884107424960519
15926,interaction_development,4,0.9130351070862682,0.8940397350993378,0.04186413902053712,0.2251655629139073,0.8128657187993699
15926,interaction_development,5,0.9130431150032188,0.8759124087591241,0.04265402843601896,0.32116788321167883,0.7621169036334928
15926,interaction_development,6,0.9137464624751079,0.8803418803418803,0.030805687203791468,0.2564102564102564,0.8362780410742493
15926,feedback_development,1,0.7775903666738944,0.7256637168141593,0.17614533965244866,0.3805309734513274,0.7366255924170614
15926,feedback_development,2,0.8729228030375926,0.7652173913043478,0.08293838862559241,0.3739130434782609,0.7582559241706164
15926,feedback_development,3,0.9034332967431291,0.8642857142857143,0.04739336492890995,0.2714285714285714,0.791368088467616
15926,feedback_development,4,0.9119010599615385,0.8846153846153846,0.05134281200631911,0.2153846153846154,0.8412575039494478
15926,feedback_development,5,0.9134314796659353,0.8914728682170543,0.035545023696682464,0.2868217054263566,0.7994755134281214
15926,feedback_development,6,0.9130650559979008,0.868421052631579,0.037914691943127965,0.3223684210526316,0.738454976303319
15927,static_quality,1,0.58,0.5912408759124088,0.2014218009478673,0.5036496350364964,0.5992037914691928
15927,static_quality,2,0.58,0.7615384615384615,0.18799368088467613,0.35384615384615387,0.7183475513428115
15927,static_quality,3,0.58,0.6928571428571428,0.18404423380726698,0.42857142857142855,0.6483633491311217
15927,static_quality,4,0.58,0.6456692913385826,0.20300157977883096,0.44881889763779526,0.6596903633491296
15927,static_quality,5,0.58,0.7328767123287672,0.20063191153238547,0.3904109589041096,0.6599431279620845
15927,static_quality,6,0.58,0.6928571428571428,0.19510268562401265,0.4,0.666783570300157
15927,linear_development,1,0.7662849149512898,0.808695652173913,0.1429699842022117,0.3130434782608696,0.7793554502369673
15927,linear_development,2,0.840814192231393,0.8914728682170543,0.08451816745655608,0.24031007751937986,0.8182527646129552
15927,linear_development,3,0.8799873064307391,0.8513513513513513,0.06477093206951026,0.2972972972972973,0.7571437598736189
15927,linear_development,4,0.900872190204669,0.8629032258064516,0.04818325434439179,0.23387096774193547,0.837033175355451
15927,linear_development,5,0.9059858605369253,0.8840579710144928,0.045023696682464455,0.2898550724637681,0.7815955766192747
15927,linear_development,6,0.9081950204580274,0.8962962962962963,0.04028436018957346,0.22962962962962963,0.8286097946287531
15927,interaction_development,1,0.7376772142675534,0.7183098591549296,0.17377567140600317,0.4154929577464789,0.6561864139020536
15927,interaction_development,2,0.8373998067025411,0.7380952380952381,0.08767772511848342,0.4126984126984127,0.7115481832543448
15927,interaction_development,3,0.8953909693803646,0.8116883116883117,0.05055292259083728,0.2597402597402597,0.7809826224328605
15927,interaction_development,4,0.9092139684479805,0.8770491803278688,0.04028436018957346,0.2459016393442623,0.8336492890995262
15927,interaction_development,5,0.9136927709354832,0.8560606060606061,0.045813586097946286,0.25,0.8169383886255932
15927,interaction_development,6,0.9145208573219701,0.8888888888888888,0.044233807266982623,0.2518518518518518,0.8124423380726705
15927,feedback_development,1,0.7874442741470764,0.75,0.15481832543443919,0.4140625,0.690729857819904
15927,feedback_development,2,0.8917180384921308,0.821917808219178,0.06951026856240126,0.3013698630136986,0.7558830963665097
15927,feedback_development,3,0.9049500994567574,0.8174603174603174,0.04028436018957346,0.30952380952380953,0.7880916271721968
15927,feedback_development,4,0.9097557524976667,0.821917808219178,0.029225908372827805,0.3356164383561644,0.7402780410742511
15927,feedback_development,5,0.9122659194355158,0.8590604026845637,0.03712480252764613,0.28859060402684567,0.7687709320695114
15927,feedback_development,6,0.9135235135462927,0.888,0.02764612954186414,0.272,0.8164960505529238
15928,static_quality,1,0.58,0.6861313868613139,0.1966824644549763,0.44525547445255476,0.6411848341232218
15928,static_quality,2,0.58,0.7413793103448276,0.1872037914691943,0.31896551724137934,0.7647835703001578
15928,static_quality,3,0.58,0.6911764705882353,0.18009478672985782,0.4117647058823529,0.6703191153238545
15928,static_quality,4,0.58,0.6482758620689655,0.2093206951026856,0.4068965517241379,0.6474723538704563
15928,static_quality,5,0.58,0.6338028169014085,0.18404423380726698,0.45774647887323944,0.6235987361769343
15928,static_quality,6,0.58,0.6746031746031746,0.2093206951026856,0.4444444444444444,0.6635576619273292
15928,linear_development,1,0.7779504401347258,0.7793103448275862,0.11927330173775672,0.36551724137931035,0.6992322274881523
15928,linear_development,2,0.8452640102245876,0.7714285714285715,0.0924170616113744,0.3,0.7610521327014212
15928,linear_development,3,0.8844448196428252,0.8591549295774648,0.05845181674565561,0.2535211267605634,0.7995071090047409
15928,linear_development,4,0.8988333016442628,0.8846153846153846,0.05292259083728278,0.27884615384615385,0.8358704581358619
15928,linear_development,5,0.9047651799674759,0.8761061946902655,0.04739336492890995,0.2920353982300885,0.8172575039494483
15928,linear_development,6,0.906768193383009,0.9107142857142857,0.04976303317535545,0.25,0.8416903633491323
15928,interaction_development,1,0.7364726263555121,0.7583333333333333,0.17535545023696683,0.3333333333333333,0.7520726698262251
15928,interaction_development,2,0.8493532930875818,0.8346456692913385,0.08530805687203792,0.33070866141732286,0.7630426540284365
15928,interaction_development,3,0.89584290215897,0.8571428571428571,0.05924170616113744,0.24060150375939848,0.8189447077409163
15928,interaction_development,4,0.9075934515866537,0.8524590163934426,0.03712480252764613,0.3114754098360656,0.7935987361769363
15928,interaction_development,5,0.9128346181318088,0.8805970149253731,0.04818325434439179,0.27611940298507465,0.7966413902053733
15928,interaction_development,6,0.9137941542188264,0.8538461538461538,0.04265402843601896,0.27692307692307694,0.8030774091627183
15928,feedback_development,1,0.7857054097895644,0.7338709677419355,0.160347551342812,0.4032258064516129,0.7048499210110583
15928,feedback_development,2,0.8886736021371232,0.873015873015873,0.08293838862559241,0.25396825396825395,0.8139241706161154
15928,feedback_development,3,0.9057587872719991,0.8770491803278688,0.04818325434439179,0.2540983606557377,0.8272037914691958
15928,feedback_development,4,0.9112419655176258,0.860655737704918,0.03475513428120063,0.26229508196721313,0.8250047393364941
15928,feedback_development,5,0.9137214141034316,0.8380281690140845,0.044233807266982623,0.28169014084507044,0.7819652448657199
15928,feedback_development,6,0.9149907868541831,0.9007633587786259,0.037914691943127965,0.22137404580152673,0.8392922590837298
15929,static_quality,1,0.58,0.6917808219178082,0.17614533965244866,0.4315068493150685,0.6357914691943121
15929,static_quality,2,0.58,0.7111111111111111,0.20695102685624012,0.37037037037037035,0.6939052132701417
15929,static_quality,3,0.58,0.6944444444444444,0.2037914691943128,0.4236111111111111,0.6391816745655606
15929,static_quality,4,0.58,0.726027397260274,0.1990521327014218,0.3835616438356164,0.6655165876777238
15929,static_quality,5,0.58,0.7291666666666666,0.19194312796208532,0.3680555555555556,0.6823759873617681
15929,static_quality,6,0.58,0.6171875,0.20616113744075829,0.46875,0.6439020537124782
15929,linear_development,1,0.7766295950445754,0.7557251908396947,0.12243285939968404,0.32061068702290074,0.7546097946287523
15929,linear_development,2,0.8466186719582203,0.875,0.08767772511848342,0.2647058823529412,0.7918988941548201
15929,linear_development,3,0.8834722909073074,0.8045112781954887,0.06477093206951026,0.2556390977443609,0.80824328593997
15929,linear_development,4,0.9040358505664423,0.8924050632911392,0.037914691943127965,0.25949367088607594,0.7788372827804132
15929,linear_development,5,0.9055797766931283,0.8387096774193549,0.04818325434439179,0.31451612903225806,0.7864739336492905
15929,linear_development,6,0.9069762996353483,0.8444444444444444,0.04028436018957346,0.2740740740740741,0.7985276461295432
15929,interaction_development,1,0.7502165557904807,0.7397260273972602,0.15402843601895735,0.3972602739726027,0.6658672985781989
15929,interaction_development,2,0.8569872001367767,0.8559322033898306,0.08293838862559241,0.2711864406779661,0.8138925750394947
15929,interaction_development,3,0.8975154660587277,0.8705035971223022,0.04107424960505529,0.26618705035971224,0.7981642969984217
15929,interaction_development,4,0.9106667241559996,0.9253731343283582,0.05766192733017378,0.26119402985074625,0.8043096366508701
15929,interaction_development,5,0.9140476175730524,0.8604651162790697,0.037914691943127965,0.2558139534883721,0.8189636650868892
15929,interaction_development,6,0.9155003360827729,0.930379746835443,0.045023696682464455,0.21518987341772153,0.8120252764612971
15929,feedback_development,1,0.805667514563846,0.8174603174603174,0.13744075829383887,0.3412698412698413,0.7455545023696682
15929,feedback_development,2,0.8891865297091581,0.8813559322033898,0.07424960505529225,0.2627118644067797,0.8212638230647711
15929,feedback_development,3,0.9084535890263372,0.9166666666666666,0.036334913112164295,0.19696969696969696,0.8551943127962083
15929,feedback_development,4,0.9117796948421366,0.8688524590163934,0.045813586097946286,0.30327868852459017,0.7975039494470788
15929,feedback_development,5,0.9137619388431113,0.8852459016393442,0.044233807266982623,0.26229508196721313,0.8228878357030022
15929,feedback_development,6,0.9137641073256979,0.8571428571428571,0.04028436018957346,0.2857142857142857,0.8037946287519762
15930,static_quality,1,0.58,0.675,0.16903633491311215,0.43125,0.6071500789889404
15930,static_quality,2,0.58,0.6293706293706294,0.19984202211690363,0.5244755244755245,0.5698357030015782
15930,static_quality,3,0.58,0.6771653543307087,0.2093206951026856,0.4251968503937008,0.6736082148499194
15930,static_quality,4,0.58,0.6338028169014085,0.2093206951026856,0.45774647887323944,0.6178830963665071
15930,static_quality,5,0.58,0.5939849624060151,0.19589257503949448,0.46616541353383456,0.6361263823064762
15930,static_quality,6,0.58,0.717741935483871,0.2037914691943128,0.4032258064516129,0.6951690363349133
15930,linear_development,1,0.7882095462998147,0.7615894039735099,0.12243285939968404,0.32450331125827814,0.7186856240126386
15930,linear_development,2,0.8396118042242458,0.7716535433070866,0.09162717219589257,0.3700787401574803,0.7357156398104265
15930,linear_development,3,0.8742068935468108,0.8549618320610687,0.06872037914691943,0.3282442748091603,0.7613459715639826
15930,linear_development,4,0.8968797617524031,0.8604651162790697,0.04186413902053712,0.26356589147286824,0.8133807266982631
15930,linear_development,5,0.9047555929213218,0.8562091503267973,0.03949447077409163,0.2875816993464052,0.7630742496050579
15930,linear_development,6,0.9055387785136696,0.8709677419354839,0.045023696682464455,0.29838709677419356,0.7968973143759889
15930,interaction_development,1,0.7650573246760115,0.73125,0.1500789889415482,0.39375,0.6413870458135857
15930,interaction_development,2,0.8583955009932753,0.8211382113821138,0.0947867298578199,0.3252032520325203,0.7701832543443928
15930,interaction_development,3,0.897320663262526,0.8671875,0.045023696682464455,0.25,0.8221990521327028
15930,interaction_development,4,0.9112918709213802,0.8461538461538461,0.04107424960505529,0.2517482517482518,0.8035165876777265
15930,interaction_development,5,0.914785453391638,0.8794326241134752,0.04028436018957346,0.2198581560283688,0.8290900473933661
15930,interaction_development,6,0.9134201652530571,0.8384615384615385,0.036334913112164295,0.34615384615384615,0.7594913112164319
15930,feedback_development,1,0.8179142673857382,0.7132867132867133,0.1287519747235387,0.3706293706293706,0.6974502369668242
15930,feedback_development,2,0.8957637578743602,0.8079470198675497,0.05924170616113744,0.31788079470198677,0.7382654028436028
15930,feedback_development,3,0.907805001808456,0.9180327868852459,0.03949447077409163,0.23770491803278687,0.8395134281200635
15930,feedback_development,4,0.9111238825288239,0.8345323741007195,0.044233807266982623,0.3237410071942446,0.7568120063191175
15930,feedback_development,5,0.913244184641639,0.9259259259259259,0.03712480252764613,0.26666666666666666,0.8036682464454988
15930,feedback_development,6,0.9134177747298027,0.9126984126984127,0.04186413902053712,0.29365079365079366,0.7981895734597174
15931,static_quality,1,0.58,0.6333333333333333,0.18641390205371247,0.5083333333333333,0.6435292259083721
15931,static_quality,2,0.58,0.6062992125984252,0.20853080568720378,0.5118110236220472,0.6178799368088451
15931,static_quality,3,0.58,0.6940298507462687,0.1911532385466035,0.417910447761194,0.6677819905213269
15931,static_quality,4,0.58,0.6850393700787402,0.19194312796208532,0.4566929133858268,0.6568846761453394
15931,static_quality,5,0.58,0.608,0.19510268562401265,0.536,0.6115797788309622
15931,static_quality,6,0.58,0.697986577181208,0.20458135860979462,0.40268456375838924,0.6440252764612945
15931,linear_development,1,0.7820005417074842,0.7730496453900709,0.14218009478672985,0.3262411347517731,0.7292575039494473
15931,linear_development,2,0.8425652474197742,0.8384615384615385,0.07424960505529225,0.3153846153846154,0.7703254344391792
15931,linear_development,3,0.879100139241369,0.8421052631578947,0.060821484992101105,0.2857142857142857,0.7885781990521346
15931,linear_development,4,0.8972865500731437,0.8571428571428571,0.05055292259083728,0.30158730158730157,0.7909257503949463
15931,linear_development,5,0.9082836947370105,0.910828025477707,0.036334913112164295,0.20382165605095542,0.8242906793048995
15931,linear_development,6,0.9079588961406649,0.8682170542635659,0.04186413902053712,0.27906976744186046,0.803213270142181
15931,interaction_development,1,0.7426034657284737,0.7727272727272727,0.16429699842022116,0.36363636363636365,0.7142496050552924
15931,interaction_development,2,0.8517796295752964,0.7954545454545454,0.09320695102685624,0.3484848484848485,0.7405939968404427
15931,interaction_development,3,0.8916031750780115,0.8396946564885496,0.06556082148499211,0.32061068702290074,0.7676745655608228
15931,interaction_development,4,0.9105662591685281,0.9057971014492754,0.04186413902053712,0.21014492753623187,0.8384233807266991
15931,interaction_development,5,0.913635455565508,0.889763779527559,0.045023696682464455,0.2755905511811024,0.8075671406003169
15931,interaction_development,6,0.913018431139664,0.8601398601398601,0.029225908372827805,0.3146853146853147,0.7603791469194324
15931,feedback_development,1,0.7705156574983669,0.6324786324786325,0.16982622432859398,0.4188034188034188,0.7083759873617682
15931,feedback_development,2,0.8844212620460008,0.8561643835616438,0.07187993680884676,0.3424657534246575,0.7254123222748826
15931,feedback_development,3,0.9046461241988681,0.85,0.045813586097946286,0.2857142857142857,0.782041074249606
15931,feedback_development,4,0.910010149056534,0.8053097345132744,0.045813586097946286,0.2920353982300885,0.8174028436018967
15931,feedback_development,5,0.9136462448878047,0.8837209302325582,0.044233807266982623,0.23255813953488372,0.8325244865718806
15931,feedback_development,6,0.9139097547338773,0.8707482993197279,0.03238546603475513,0.272108843537415,0.7851311216429714
15932,static_quality,1,0.58,0.6014492753623188,0.17140600315955767,0.45652173913043476,0.6368278041074235
15932,static_quality,2,0.58,0.7288135593220338,0.19273301737756715,0.3644067796610169,0.7332164296998416
15932,static_quality,3,0.58,0.6229508196721312,0.18799368088467613,0.45081967213114754,0.6733017377567138
15932,static_quality,4,0.58,0.7310344827586207,0.18799368088467613,0.4482758620689655,0.6231658767772505
15932,static_quality,5,0.58,0.6083916083916084,0.2211690363349131,0.48951048951048953,0.589507109004737
15932,static_quality,6,0.58,0.7101449275362319,0.21248025276461296,0.38405797101449274,0.67749131121643
15932,linear_development,1,0.7747217573518774,0.7518248175182481,0.13744075829383887,0.35766423357664234,0.7152575039494474
15932,linear_development,2,0.8440519074081578,0.8421052631578947,0.10031595576619273,0.2706766917293233,0.7897472353870466
15932,linear_development,3,0.8833878716551944,0.8832116788321168,0.05055292259083728,0.24817518248175183,0.8111121642969994
15932,linear_development,4,0.9003562766017844,0.8598130841121495,0.04660347551342812,0.2523364485981308,0.8481327014218014
15932,linear_development,5,0.907340403303281,0.9172932330827067,0.05055292259083728,0.24060150375939848,0.8209731437598741
15932,linear_development,6,0.9100416018323298,0.927536231884058,0.04818325434439179,0.2028985507246377,0.8420789889415486
15932,interaction_development,1,0.7277486443667801,0.7637795275590551,0.14770932069510267,0.3937007874015748,0.7081169036334909
15932,interaction_development,2,0.8490437679901559,0.7552447552447552,0.08293838862559241,0.36363636363636365,0.7123412322274884
15932,interaction_development,3,0.888035707385737,0.8174603174603174,0.0703001579778831,0.3412698412698413,0.7613491311216442
15932,interaction_development,4,0.9091168303350647,0.9037037037037037,0.04976303317535545,0.21481481481481482,0.8366919431279619
15932,interaction_development,5,0.9141922110673515,0.8916666666666667,0.04265402843601896,0.23333333333333334,0.8436050552922596
15932,interaction_development,6,0.9146098234766685,0.853448275862069,0.038704581358609796,0.25,0.8395576619273317
15932,feedback_development,1,0.7927727541996238,0.7258064516129032,0.15086887835703003,0.3790322580645161,0.7224960505529222
15932,feedback_development,2,0.8920494412628664,0.8541666666666666,0.06240126382306477,0.2916666666666667,0.7676492890995269
15932,feedback_development,3,0.9065271075302106,0.8467741935483871,0.044233807266982623,0.2661290322580645,0.8180000000000011
15932,feedback_development,4,0.9119723785202043,0.8549618320610687,0.04028436018957346,0.25190839694656486,0.8188341232227503
15932,feedback_development,5,0.9124260304438214,0.813953488372093,0.05134281200631911,0.3333333333333333,0.7655608214849935
15932,feedback_development,6,0.9126052392574402,0.8467153284671532,0.029225908372827805,0.30656934306569344,0.7757819905213288
15933,static_quality,1,0.58,0.6597222222222222,0.19589257503949448,0.4583333333333333,0.615810426540283
15933,static_quality,2,0.58,0.6410256410256411,0.1966824644549763,0.48717948717948717,0.6612859399684033
15933,static_quality,3,0.58,0.7266666666666667,0.18088467614533965,0.38666666666666666,0.6589699842022108
15933,static_quality,4,0.58,0.626984126984127,0.1943127962085308,0.5,0.6314218009478663
15933,static_quality,5,0.58,0.7007874015748031,0.20537124802527645,0.44881889763779526,0.6593175355450228
15933,static_quality,6,0.58,0.71900826446281,0.22037914691943128,0.4380165289256198,0.6760031595576607
15933,linear_development,1,0.780113828213625,0.7703703703703704,0.12954186413902052,0.3111111111111111,0.7525055292259085
15933,linear_development,2,0.8506700464010701,0.8435374149659864,0.06635071090047394,0.2857142857142857,0.7668214849921018
15933,linear_development,3,0.8813839671345228,0.8813559322033898,0.05924170616113744,0.2711864406779661,0.8192353870458151
15933,linear_development,4,0.8989944050509573,0.8424657534246576,0.038704581358609796,0.3150684931506849,0.7536808846761472
15933,linear_development,5,0.9048216418429826,0.8866666666666667,0.03712480252764613,0.28,0.7739557661927347
15933,linear_development,6,0.9049185450153758,0.8141592920353983,0.04818325434439179,0.30973451327433627,0.8066824644549777
15933,interaction_development,1,0.7304830048134349,0.6985294117647058,0.15402843601895735,0.41911764705882354,0.6712069510268562
15933,interaction_development,2,0.8500437286296467,0.8071428571428572,0.07740916271721959,0.35714285714285715,0.7238230647709328
15933,interaction_development,3,0.8896179361871002,0.8672566371681416,0.06872037914691943,0.2831858407079646,0.8172733017377575
15933,interaction_development,4,0.9070090552303054,0.8074074074074075,0.05608214849921011,0.28888888888888886,0.7847109004739354
15933,interaction_development,5,0.9134081695040404,0.9067796610169492,0.030805687203791468,0.22033898305084745,0.8563886255924168
15933,interaction_development,6,0.9148563012461988,0.889763779527559,0.03712480252764613,0.2204724409448819,0.8448593996840447
15933,feedback_development,1,0.7951976128329058,0.708029197080292,0.1500789889415482,0.4233576642335766,0.6668941548183246
15933,feedback_development,2,0.8886859115321044,0.832,0.06003159557661927,0.272,0.8090742496050564
15933,feedback_development,3,0.9087782923541252,0.9047619047619048,0.04186413902053712,0.20408163265306123,0.8331785150079004
15933,feedback_development,4,0.9132621702800201,0.8796992481203008,0.04265402843601896,0.24812030075187969,0.8180063191153251
15933,feedback_development,5,0.914192391604731,0.888,0.037914691943127965,0.256,0.824707740916273
15933,feedback_development,6,0.9147215640616606,0.8405797101449275,0.035545023696682464,0.2463768115942029,0.8145402843601909
15934,static_quality,1,0.58,0.6532258064516129,0.18799368088467613,0.41935483870967744,0.6885560821484986
15934,static_quality,2,0.58,0.7448275862068966,0.1990521327014218,0.3931034482758621,0.6605750394944682
15934,static_quality,3,0.58,0.672,0.19589257503949448,0.44,0.6717251184834115
15934,static_quality,4,0.58,0.6259541984732825,0.19194312796208532,0.4580152671755725,0.6474060031595567
15934,static_quality,5,0.58,0.6585365853658537,0.19194312796208532,0.4634146341463415,0.6623191153238533
15934,static_quality,6,0.58,0.6228070175438597,0.19589257503949448,0.45614035087719296,0.6866919431279613
15934,linear_development,1,0.7815618114878817,0.7631578947368421,0.1263823064770932,0.3684210526315789,0.6826224328593994
15934,linear_development,2,0.8505916968241903,0.8478260869565217,0.07109004739336493,0.2608695652173913,0.796142180094788
15934,linear_development,3,0.8833298229575968,0.8984375,0.06003159557661927,0.265625,0.8091690363349147
15934,linear_development,4,0.9023869189592,0.8783783783783784,0.04344391785150079,0.2635135135135135,0.7872890995260678
15934,linear_development,5,0.9064868193883555,0.8823529411764706,0.05055292259083728,0.2605042016806723,0.826360189573461
15934,linear_development,6,0.9080730851605336,0.8716216216216216,0.045023696682464455,0.25675675675675674,0.792233807266984
15934,interaction_development,1,0.7248707589148184,0.7692307692307693,0.165086887835703,0.4153846153846154,0.6832796208530806
15934,interaction_development,2,0.8649058667958914,0.8333333333333334,0.1018957345971564,0.26666666666666666,0.7691058451816751
15934,interaction_development,3,0.8979899562476905,0.8439716312056738,0.04818325434439179,0.3191489361702128,0.7561327014218019
15934,interaction_development,4,0.9118247154258132,0.8201438848920863,0.045023696682464455,0.22302158273381295,0.8274597156398114
15934,interaction_development,5,0.9138660874605875,0.9047619047619048,0.04028436018957346,0.2789115646258503,0.7777598736176947
15934,interaction_development,6,0.9136891763742467,0.8429752066115702,0.03475513428120063,0.2975206611570248,0.804805687203793
15934,feedback_development,1,0.8139084021900681,0.7375886524822695,0.12954186413902052,0.375886524822695,0.6965971563981044
15934,feedback_development,2,0.8976138409361295,0.8705035971223022,0.05608214849921011,0.2446043165467626,0.8098135860979478
15934,feedback_development,3,0.9074219512911128,0.875,0.037914691943127965,0.275,0.8191058451816753
15934,feedback_development,4,0.9111531210481345,0.8888888888888888,0.04028436018957346,0.28703703703703703,0.8287235387045817
15934,feedback_development,5,0.9138513975216564,0.9133858267716536,0.04186413902053712,0.23622047244094488,0.8335766192733028
15934,feedback_development,6,0.9143079557224834,0.8547008547008547,0.04028436018957346,0.26495726495726496,0.8292290679304903
15935,static_quality,1,0.58,0.6887417218543046,0.1966824644549763,0.45695364238410596,0.6005939968404406
15935,static_quality,2,0.58,0.6541353383458647,0.2156398104265403,0.48872180451127817,0.6167962085308044
15935,static_quality,3,0.58,0.6307692307692307,0.19747235387045814,0.47692307692307695,0.6360726698262231
15935,static_quality,4,0.58,0.6377952755905512,0.19194312796208532,0.47244094488188976,0.6474976303317526
15935,static_quality,5,0.58,0.6567164179104478,0.20458135860979462,0.47761194029850745,0.6242053712480243
15935,static_quality,6,0.58,0.6788321167883211,0.20300157977883096,0.40145985401459855,0.6696524486571868
15935,linear_development,1,0.7834780257847735,0.8142857142857143,0.13902053712480253,0.30714285714285716,0.74503317535545
15935,linear_development,2,0.8440823548445884,0.8208955223880597,0.07424960505529225,0.3283582089552239,0.7551406003159565
15935,linear_development,3,0.8821860312231816,0.8208955223880597,0.053712480252764615,0.2537313432835821,0.8106477093206962
15935,linear_development,4,0.9050145745565699,0.9391891891891891,0.04976303317535545,0.20945945945945946,0.826546603475515
15935,linear_development,5,0.9077552508407465,0.8778625954198473,0.045023696682464455,0.2595419847328244,0.812650868878359
15935,linear_development,6,0.9098773548425885,0.8787878787878788,0.03949447077409163,0.2196969696969697,0.8390015797788316
15935,interaction_development,1,0.7728703421895728,0.7770700636942676,0.14454976303317535,0.35668789808917195,0.6779399684044237
15935,interaction_development,2,0.8585021824605534,0.825,0.06872037914691943,0.3416666666666667,0.7717187993680893
15935,interaction_development,3,0.8915838780972922,0.8378378378378378,0.04739336492890995,0.3063063063063063,0.812334913112165
15935,interaction_development,4,0.9125542301953999,0.9281045751633987,0.04660347551342812,0.16339869281045752,0.8573080568720381
15935,interaction_development,5,0.9148522774031047,0.8943089430894309,0.03238546603475513,0.22764227642276422,0.846142180094787
15935,interaction_development,6,0.9153035233000861,0.9015151515151515,0.035545023696682464,0.2196969696969697,0.8398388625592416
15935,feedback_development,1,0.8137613255407146,0.684931506849315,0.15481832543443919,0.3972602739726027,0.6653491311216423
15935,feedback_development,2,0.891847397894121,0.8559322033898306,0.054502369668246446,0.2542372881355932,0.8303096366508688
15935,feedback_development,3,0.9024850618024138,0.8706896551724138,0.05134281200631911,0.3706896551724138,0.7648562401263841
15935,feedback_development,4,0.9081510468554701,0.8468468468468469,0.04265402843601896,0.3153153153153153,0.808284360189575
15935,feedback_development,5,0.9118173716620696,0.8787878787878788,0.03317535545023697,0.29545454545454547,0.7899083728278053
15935,feedback_development,6,0.913121182071487,0.8360655737704918,0.03238546603475513,0.2786885245901639,0.8154281200631918
15936,static_quality,1,0.58,0.6,0.1872037914691943,0.5416666666666666,0.6231943127962076
15936,static_quality,2,0.58,0.6917808219178082,0.2156398104265403,0.4041095890410959,0.6463665086887829
15936,static_quality,3,0.58,0.7083333333333334,0.19352290679304898,0.3680555555555556,0.6819273301737749
15936,static_quality,4,0.58,0.6821705426356589,0.22669826224328593,0.43410852713178294,0.6592827804107414
15936,static_quality,5,0.58,0.696969696969697,0.21169036334913113,0.45454545454545453,0.6426698262243271
15936,static_quality,6,0.58,0.6791044776119403,0.1895734597156398,0.44029850746268656,0.653036334913112
15936,linear_development,1,0.7759084093229685,0.78125,0.1429699842022117,0.3046875,0.764733017377567
15936,linear_development,2,0.8335262625077573,0.7867647058823529,0.09557661927330174,0.39705882352941174,0.6996745655608223
15936,linear_development,3,0.8753742852145625,0.8583333333333333,0.06635071090047394,0.225,0.8427424960505527
15936,linear_development,4,0.8999336994903643,0.8549618320610687,0.05608214849921011,0.22137404580152673,0.8348214849921021
15936,linear_development,5,0.9084953531003906,0.8561151079136691,0.03475513428120063,0.2302158273381295,0.8252575039494484
15936,linear_development,6,0.9069855079953151,0.8439716312056738,0.037914691943127965,0.3049645390070922,0.7685434439178525
15936,interaction_development,1,0.7144117874313405,0.6335877862595419,0.174565560821485,0.45038167938931295,0.6564992101105835
15936,interaction_development,2,0.8482276483777347,0.808,0.08925750394944708,0.272,0.8024960505529237
15936,interaction_development,3,0.8928753099907349,0.9310344827586207,0.05055292259083728,0.23275862068965517,0.846780410742497
15936,interaction_development,4,0.9093292699491349,0.8435374149659864,0.04344391785150079,0.2789115646258503,0.7776840442338088
15936,interaction_development,5,0.9131755866789599,0.8455882352941176,0.045023696682464455,0.2867647058823529,0.787263823064772
15936,interaction_development,6,0.9130515133858121,0.8450704225352113,0.037914691943127965,0.30985915492957744,0.7637819905213282
15936,feedback_development,1,0.8135012743959557,0.7605633802816901,0.13744075829383887,0.38028169014084506,0.6900189573459717
15936,feedback_development,2,0.8921604087120336,0.8091603053435115,0.05608214849921011,0.29770992366412213,0.7843696682464465
15936,feedback_development,3,0.9074837242563245,0.8705035971223022,0.035545023696682464,0.2446043165467626,0.8144391785150091
15936,feedback_development,4,0.9128942689003781,0.8666666666666667,0.04186413902053712,0.25925925925925924,0.8080379146919452
15936,feedback_development,5,0.9134768276221279,0.9015151515151515,0.04818325434439179,0.29545454545454547,0.7865592417061626
15936,feedback_development,6,0.9142666303176674,0.8923076923076924,0.0315955766192733,0.24615384615384617,0.8258199052132722
15937,static_quality,1,0.58,0.7394366197183099,0.18562401263823064,0.352112676056338,0.6991690363349125
15937,static_quality,2,0.58,0.6923076923076923,0.2109004739336493,0.4195804195804196,0.6427456556082135
15937,static_quality,3,0.58,0.6575342465753424,0.20300157977883096,0.4246575342465753,0.634815165876777
15937,static_quality,4,0.58,0.7132352941176471,0.20695102685624012,0.3897058823529412,0.6788404423380714
15937,static_quality,5,0.58,0.7368421052631579,0.20300157977883096,0.38345864661654133,0.6897409162717215
15937,static_quality,6,0.58,0.7265625,0.16824644549763032,0.40625,0.6932669826224332
15937,linear_development,1,0.7722444765393426,0.8,0.13191153238546605,0.34615384615384615,0.736925750394945
15937,linear_development,2,0.827271645296124,0.7927927927927928,0.10031595576619273,0.34234234234234234,0.7796840442338084
15937,linear_development,3,0.869499485391917,0.852112676056338,0.05766192733017378,0.33098591549295775,0.7438988941548191
15937,linear_development,4,0.8952504105837964,0.8527131782945736,0.04028436018957346,0.2558139534883721,0.8185592417061621
15937,linear_development,5,0.9062206464483111,0.9242424242424242,0.04818325434439179,0.25,0.8164265402843611
15937,linear_development,6,0.9070603138855832,0.8657718120805369,0.036334913112164295,0.28859060402684567,0.7688214849921023
15937,interaction_development,1,0.720743732990175,0.6746031746031746,0.17061611374407584,0.4126984126984127,0.6927646129541863
15937,interaction_development,2,0.8477199644237108,0.832,0.1018957345971564,0.288,0.7891911532385468
15937,interaction_development,3,0.8919513271680348,0.8632478632478633,0.06951026856240126,0.2564102564102564,0.8270110584518172
15937,interaction_development,4,0.9093473326771904,0.8863636363636364,0.05055292259083728,0.23484848484848486,0.8265560821485
15937,interaction_development,5,0.9140765688505437,0.9191176470588235,0.030805687203791468,0.25,0.8151121642969993
15937,interaction_development,6,0.9143390086800638,0.8175675675675675,0.0339652448657188,0.28378378378378377,0.7746129541864151
15937,feedback_development,1,0.7996981566586321,0.6950354609929078,0.14691943127962084,0.41843971631205673,0.6626034755134278
15937,feedback_development,2,0.8980927255214853,0.8768115942028986,0.06240126382306477,0.2028985507246377,0.8388183254344388
15937,feedback_development,3,0.9091326974204823,0.8322147651006712,0.04107424960505529,0.26174496644295303,0.7884170616113769
15937,feedback_development,4,0.9137006013364919,0.9069767441860465,0.04028436018957346,0.23255813953488372,0.833819905213271
15937,feedback_development,5,0.9140515904227758,0.8863636363636364,0.037914691943127965,0.25757575757575757,0.8139589257503965
15937,feedback_development,6,0.9142534967459429,0.8811881188118812,0.038704581358609796,0.25742574257425743,0.8547456556082157
15938,static_quality,1,0.58,0.7089552238805971,0.2014218009478673,0.41044776119402987,0.6704233807266969
15938,static_quality,2,0.58,0.7299270072992701,0.19036334913112166,0.36496350364963503,0.6982053712480245
15938,static_quality,3,0.58,0.6736111111111112,0.21169036334913113,0.4305555555555556,0.6320568720379139
15938,static_quality,4,0.58,0.6554054054054054,0.1911532385466035,0.44594594594594594,0.6170868878357019
15938,static_quality,5,0.58,0.672,0.1911532385466035,0.448,0.6677535545023694
15938,static_quality,6,0.58,0.717391304347826,0.19194312796208532,0.39855072463768115,0.6723254344391774
15938,linear_development,1,0.7688157557425394,0.792,0.1334913112164297,0.344,0.7466982622432865
15938,linear_development,2,0.8379819623532092,0.795774647887324,0.0924170616113744,0.33098591549295775,0.7357030015797797
15938,linear_development,3,0.8779049764849471,0.8541666666666666,0.06872037914691943,0.2986111111111111,0.7612890995260664
15938,linear_development,4,0.8979115094150243,0.8613138686131386,0.04897314375987362,0.291970802919708,0.7815829383886274
15938,linear_development,5,0.9087850567015288,0.9166666666666666,0.037914691943127965,0.17424242424242425,0.8697282780410744
15938,linear_development,6,0.9103060028422005,0.9083969465648855,0.05687203791469194,0.20610687022900764,0.8449763033175357
15938,interaction_development,1,0.7623197664183822,0.7019867549668874,0.17061611374407584,0.3708609271523179,0.6722843601895728
15938,interaction_development,2,0.8661433066472212,0.8169014084507042,0.08214849921011058,0.323943661971831,0.7427551342812009
15938,interaction_development,3,0.9026381747978846,0.9006622516556292,0.05687203791469194,0.2582781456953642,0.7845213270142197
15938,interaction_development,4,0.9112551970993404,0.8633093525179856,0.04028436018957346,0.28776978417266186,0.7831879936808861
15938,interaction_development,5,0.9131920094135004,0.8538461538461538,0.036334913112164295,0.2846153846153846,0.7995355450236983
15938,interaction_development,6,0.9130143567196731,0.8686131386861314,0.035545023696682464,0.31386861313868614,0.7693048973143778
15938,feedback_development,1,0.8175920526091297,0.78125,0.1406003159557662,0.3125,0.7599715639810427
15938,feedback_development,2,0.8882216900008865,0.8547008547008547,0.06398104265402843,0.3162393162393162,0.7928309636650879
15938,feedback_development,3,0.9095526382937745,0.9161290322580645,0.030805687203791468,0.2129032258064516,0.8203096366508698
15938,feedback_development,4,0.913727898660097,0.8740740740740741,0.03949447077409163,0.23703703703703705,0.8239241706161159
15938,feedback_development,5,0.9144518822277536,0.8776978417266187,0.038704581358609796,0.2733812949640288,0.793962085308058
15938,feedback_development,6,0.9153952200616595,0.8818897637795275,0.036334913112164295,0.2047244094488189,0.8552069510268558
15939,static_quality,1,0.58,0.6950354609929078,0.17772511848341233,0.41843971631205673,0.6557693522906778
15939,static_quality,2,0.58,0.6754385964912281,0.2156398104265403,0.43859649122807015,0.6926192733017363
15939,static_quality,3,0.58,0.6754966887417219,0.17772511848341233,0.4105960264900662,0.6404612954186407
15939,static_quality,4,0.58,0.704,0.22432859399684044,0.392,0.6952701421800943
15939,static_quality,5,0.58,0.7037037037037037,0.1721958925750395,0.4222222222222222,0.6665592417061617
15939,static_quality,6,0.58,0.6546762589928058,0.1990521327014218,0.4748201438848921,0.6146698262243273
15939,linear_development,1,0.7631570536368726,0.7424242424242424,0.13112164296998421,0.4090909090909091,0.6915797788309632
15939,linear_development,2,0.8246963857186334,0.7704918032786885,0.08214849921011058,0.36065573770491804,0.7539052132701434
15939,linear_development,3,0.8714063469632674,0.8682170542635659,0.06714060031595577,0.24806201550387597,0.8172164296998436
15939,linear_development,4,0.8925527601730603,0.7755102040816326,0.05134281200631911,0.35374149659863946,0.7202274881516596
15939,linear_development,5,0.9011860901439055,0.8110236220472441,0.03712480252764613,0.33858267716535434,0.7685624012638245
15939,linear_development,6,0.9060723833043154,0.905511811023622,0.05924170616113744,0.25196850393700787,0.8195165876777266
15939,interaction_development,1,0.7245282490951309,0.6788321167883211,0.15955766192733017,0.4306569343065693,0.659551342812006
15939,interaction_development,2,0.8611187888271189,0.8666666666666667,0.08451816745655608,0.24444444444444444,0.8082085308056884
15939,interaction_development,3,0.8912937374777277,0.8195488721804511,0.05292259083728278,0.38345864661654133,0.7249857819905229
15939,interaction_development,4,0.9076954604583333,0.8604651162790697,0.05292259083728278,0.27906976744186046,0.8004992101105852
15939,interaction_development,5,0.9131595366650032,0.8714285714285714,0.03949447077409163,0.2571428571428571,0.803323854660349
15939,interaction_development,6,0.9152308944264937,0.912751677852349,0.04186413902053712,0.20134228187919462,0.8329257503949463
15939,feedback_development,1,0.7819435627229063,0.717741935483871,0.15402843601895735,0.4112903225806452,0.7016556082148503
15939,feedback_development,2,0.8893281694326397,0.8308823529411765,0.07187993680884676,0.27941176470588236,0.7860410742496059
15939,feedback_development,3,0.9041542959053664,0.8440366972477065,0.04976303317535545,0.28440366972477066,0.8266571879936814
15939,feedback_development,4,0.911078700565277,0.8535031847133758,0.038704581358609796,0.2802547770700637,0.7633112164297009
15939,feedback_development,5,0.9139178387015185,0.8803418803418803,0.029225908372827805,0.2222222222222222,0.8568593996840447
15939,feedback_development,6,0.9139550167531176,0.8549618320610687,0.030015797788309637,0.2824427480916031,0.8009036334913122
15940,static_quality,1,0.58,0.6590909090909091,0.20300157977883096,0.45454545454545453,0.644897314375986
15940,static_quality,2,0.58,0.6754966887417219,0.2014218009478673,0.4304635761589404,0.6190521327014211
15940,static_quality,3,0.58,0.6511627906976745,0.20695102685624012,0.40310077519379844,0.6840821484992096
15940,static_quality,4,0.58,0.656934306569343,0.19826224328593997,0.39416058394160586,0.6756903633491311
15940,static_quality,5,0.58,0.6388888888888888,0.2037914691943128,0.4166666666666667,0.6442527646129522
15940,static_quality,6,0.58,0.6466165413533834,0.17298578199052134,0.42857142857142855,0.6662243285939958
15940,linear_development,1,0.7637664521942122,0.775,0.1334913112164297,0.35833333333333334,0.7465813586097936
15940,linear_development,2,0.8381832706955062,0.8421052631578947,0.0971563981042654,0.2706766917293233,0.7904360189573464
15940,linear_development,3,0.8713820560589473,0.824,0.0631911532385466,0.344,0.7633301737756727
15940,linear_development,4,0.8901276325449285,0.8739495798319328,0.05845181674565561,0.33613445378151263,0.7790142180094796
15940,linear_development,5,0.9014371815235298,0.8181818181818182,0.04660347551342812,0.3106060606060606,0.7765687203791485
15940,linear_development,6,0.9050621152925277,0.8741258741258742,0.04186413902053712,0.2727272727272727,0.7876429699842037
15940,interaction_development,1,0.7155618969510573,0.6304347826086957,0.18562401263823064,0.47101449275362317,0.6230837282780398
15940,interaction_development,2,0.8505210253093687,0.8134328358208955,0.09557661927330174,0.291044776119403,0.7749131121642974
15940,interaction_development,3,0.8961937342365762,0.9318181818181818,0.04976303317535545,0.23484848484848486,0.8265529225908376
15940,interaction_development,4,0.9086208385299561,0.8571428571428571,0.04818325434439179,0.3082706766917293,0.7764739336492907
15940,interaction_development,5,0.9138276596155672,0.916030534351145,0.03949447077409163,0.21374045801526717,0.8438515007898901
15940,interaction_development,6,0.9142312561784189,0.8809523809523809,0.02843601895734597,0.2619047619047619,0.8218736176935242
15940,feedback_development,1,0.7824936518774157,0.717948717948718,0.15323854660347552,0.37606837606837606,0.7373807266982625
15940,feedback_development,2,0.8875375273567168,0.8449612403100775,0.06635071090047394,0.27906976744186046,0.7974218009478693
15940,feedback_development,3,0.9048073439699293,0.8442622950819673,0.03949447077409163,0.2786885245901639,0.8138799368088474
15940,feedback_development,4,0.9107538622089612,0.825,0.05292259083728278,0.275,0.8160473933649302
15940,feedback_development,5,0.9122949864731986,0.8345864661654135,0.038704581358609796,0.3308270676691729,0.7633522906793054
15940,feedback_development,6,0.9152512694124447,0.8931297709923665,0.036334913112164295,0.16793893129770993,0.875014218009478
15941,static_quality,1,0.58,0.7154471544715447,0.20695102685624012,0.44715447154471544,0.6689636650868861
15941,static_quality,2,0.58,0.7063492063492064,0.2014218009478673,0.42857142857142855,0.6755955766192726
15941,static_quality,3,0.58,0.648854961832061,0.18325434439178515,0.45038167938931295,0.6542654028436009
15941,static_quality,4,0.58,0.7552447552447552,0.19826224328593997,0.35664335664335667,0.6909067930489728
15941,static_quality,5,0.58,0.6938775510204082,0.1848341232227488,0.3877551020408163,0.6638609794628748
15941,static_quality,6,0.58,0.6557377049180327,0.1966824644549763,0.4672131147540984,0.661892575039494
15941,linear_development,1,0.7796059390556628,0.781021897810219,0.11532385466034756,0.32116788321167883,0.7454976303317539
15941,linear_development,2,0.8408405054222476,0.8088235294117647,0.08609794628751975,0.3382352941176471,0.7421516587677731
15941,linear_development,3,0.8796898435453391,0.8656716417910447,0.054502369668246446,0.26865671641791045,0.800132701421802
15941,linear_development,4,0.9004925885028985,0.8768115942028986,0.04897314375987362,0.26811594202898553,0.7964581358609812
15941,linear_development,5,0.9073642298124204,0.864,0.05608214849921011,0.224,0.8401832543443929
15941,linear_development,6,0.9105241288775192,0.872,0.0339652448657188,0.184,0.8702938388625583
15941,interaction_development,1,0.7201397262736986,0.6594202898550725,0.19194312796208532,0.45652173913043476,0.6317756714060018
15941,interaction_development,2,0.8479114365181901,0.8549618320610687,0.09399684044233807,0.3053435114503817,0.7707519747235388
15941,interaction_development,3,0.8916502831456555,0.8296296296296296,0.06872037914691943,0.31851851851851853,0.7612669826224339
15941,interaction_development,4,0.9079627297638657,0.859375,0.037914691943127965,0.2734375,0.8090426540284371
15941,interaction_development,5,0.9124665545352769,0.87248322147651,0.04107424960505529,0.31543624161073824,0.7476145339652455
15941,interaction_development,6,0.9139891894495087,0.868421052631579,0.036334913112164295,0.2565789473684211,0.7893112164297013
15941,feedback_development,1,0.8042734091919592,0.8434782608695652,0.15165876777251186,0.2956521739130435,0.7879842022116909
15941,feedback_development,2,0.900609368082017,0.8873239436619719,0.061611374407582936,0.18309859154929578,0.848859399684044
15941,feedback_development,3,0.9093945979246045,0.8636363636363636,0.04186413902053712,0.2727272727272727,0.8029731437598747
15941,feedback_development,4,0.9138467311591743,0.8648648648648649,0.036334913112164295,0.25,0.79955450236967
15941,feedback_development,5,0.9128961253450776,0.8657718120805369,0.03949447077409163,0.348993288590604,0.7226793048973159
15941,feedback_development,6,0.9141882299041644,0.864406779661017,0.04107424960505529,0.23728813559322035,0.8441263823064782
15942,static_quality,1,0.58,0.6434108527131783,0.1990521327014218,0.46511627906976744,0.6458199052132694
15942,static_quality,2,0.58,0.6033057851239669,0.19510268562401265,0.512396694214876,0.6365560821484978
15942,static_quality,3,0.58,0.5886524822695035,0.19984202211690363,0.5319148936170213,0.5697819905213246
15942,static_quality,4,0.58,0.6351351351351351,0.1872037914691943,0.4797297297297297,0.5925213270142158
15942,static_quality,5,0.58,0.7068965517241379,0.2109004739336493,0.39655172413793105,0.7136429699842013
15942,static_quality,6,0.58,0.6808510638297872,0.1990521327014218,0.3829787234042553,0.675763033175354
15942,linear_development,1,0.762678700691291,0.8205128205128205,0.1382306477093207,0.3504273504273504,0.7561800947867299
15942,linear_development,2,0.8281424051106412,0.864406779661017,0.08925750394944708,0.3050847457627119,0.792518167456557
15942,linear_development,3,0.8701143048880029,0.8333333333333334,0.07266982622432859,0.3188405797101449,0.7554439178515017
15942,linear_development,4,0.8943540635286003,0.8376068376068376,0.05055292259083728,0.24786324786324787,0.8364960505529229
15942,linear_development,5,0.9024215405761384,0.8432835820895522,0.04344391785150079,0.3358208955223881,0.757112164297
15942,linear_development,6,0.9069740355162779,0.9133858267716536,0.03949447077409163,0.2283464566929134,0.838824644549763
15942,interaction_development,1,0.6885873339448584,0.7094017094017094,0.15955766192733017,0.47863247863247865,0.674995260663507
15942,interaction_development,2,0.830843480262871,0.8015873015873016,0.0924170616113744,0.31746031746031744,0.7715039494470777
15942,interaction_development,3,0.8837522791693945,0.856,0.052132701421800945,0.312,0.7857946287519759
15942,interaction_development,4,0.9058655767176584,0.8656716417910447,0.05055292259083728,0.2537313432835821,0.811235387045814
15942,interaction_development,5,0.9127984725978442,0.8918918918918919,0.03475513428120063,0.23423423423423423,0.8554186413902056
15942,interaction_development,6,0.9131342967978369,0.8672566371681416,0.03949447077409163,0.3008849557522124,0.8135797788309638
15942,feedback_development,1,0.8312722209422081,0.75,0.13507109004739337,0.35526315789473684,0.69014849921011
15942,feedback_development,2,0.8977194299977715,0.8518518518518519,0.061611374407582936,0.2814814814814815,0.7885339652448667
15942,feedback_development,3,0.9089480611453633,0.8872180451127819,0.045813586097946286,0.24060150375939848,0.8220600315955772
15942,feedback_development,4,0.9144731127902122,0.9050632911392406,0.03475513428120063,0.22151898734177214,0.8096303317535563
15942,feedback_development,5,0.9147846491288325,0.8695652173913043,0.03712480252764613,0.2608695652173913,0.8352132701421805
15942,feedback_development,6,0.9152689546364572,0.8951612903225806,0.04028436018957346,0.23387096774193547,0.8385402843601902
15943,static_quality,1,0.58,0.6808510638297872,0.18167456556082148,0.4326241134751773,0.6446761453396502
15943,static_quality,2,0.58,0.6484375,0.1911532385466035,0.4765625,0.6421232227488144
15943,static_quality,3,0.58,0.6641221374045801,0.20853080568720378,0.48091603053435117,0.6283854660347546
15943,static_quality,4,0.58,0.676923076923077,0.18878357030015797,0.4461538461538462,0.6583317535545008
15943,static_quality,5,0.58,0.6291390728476821,0.21011058451816747,0.46357615894039733,0.5919115323854651
15943,static_quality,6,0.58,0.6722689075630253,0.1911532385466035,0.42016806722689076,0.6984139020537125
15943,linear_development,1,0.7705169999384371,0.7633587786259542,0.12954186413902052,0.35877862595419846,0.727140600315956
15943,linear_development,2,0.8374574269723778,0.853448275862069,0.09399684044233807,0.2413793103448276,0.8313238546603471
15943,linear_development,3,0.8752192151028859,0.8596491228070176,0.06635071090047394,0.23684210526315788,0.843001579778831
15943,linear_development,4,0.8989091776518313,0.916030534351145,0.05292259083728278,0.25190839694656486,0.8155608214849929
15943,linear_development,5,0.9046683453826754,0.8584070796460177,0.037914691943127965,0.30973451327433627,0.8089731437598747
15943,linear_development,6,0.9051349380031576,0.8771929824561403,0.037914691943127965,0.30701754385964913,0.809317535545025
15943,interaction_development,1,0.6936845235528599,0.6410256410256411,0.1966824644549763,0.4700854700854701,0.6715545023696672
15943,interaction_development,2,0.8475161827491993,0.8507462686567164,0.08688783570300158,0.26119402985074625,0.7977630331753572
15943,interaction_development,3,0.887499801188768,0.8389830508474576,0.05292259083728278,0.3220338983050847,0.7905402843601902
15943,interaction_development,4,0.9059455847987579,0.8582677165354331,0.044233807266982623,0.2755905511811024,0.8077409162717233
15943,interaction_development,5,0.9118443303077335,0.8442622950819673,0.04186413902053712,0.29508196721311475,0.8033048973143774
15943,interaction_development,6,0.9137283183102671,0.925,0.03712480252764613,0.25833333333333336,0.8296650868878369
15943,feedback_development,1,0.789387034446849,0.7054263565891473,0.14691943127962084,0.40310077519379844,0.6983728278041069
15943,feedback_development,2,0.8915992186469524,0.8873239436619719,0.05766192733017378,0.28169014084507044,0.7789952606635084
15943,feedback_development,3,0.9064840477144105,0.8562091503267973,0.04028436018957346,0.30718954248366015,0.7477314375987371
15943,feedback_development,4,0.9110431335539086,0.8421052631578947,0.04344391785150079,0.3082706766917293,0.7773270142180105
15943,feedback_development,5,0.91367578360481,0.9193548387096774,0.036334913112164295,0.23387096774193547,0.8398167456556088
15943,feedback_development,6,0.9144794349386217,0.8818897637795275,0.04028436018957346,0.25196850393700787,0.8237914691943143
15944,static_quality,1,0.58,0.6622516556291391,0.19747235387045814,0.423841059602649,0.6253870458135846
15944,static_quality,2,0.58,0.7272727272727273,0.1911532385466035,0.3712121212121212,0.7031437598736168
15944,static_quality,3,0.58,0.6916666666666667,0.2132701421800948,0.43333333333333335,0.6826540284360182
15944,static_quality,4,0.58,0.6870229007633588,0.20616113744075829,0.4351145038167939,0.6592417061611369
15944,static_quality,5,0.58,0.635036496350365,0.20221169036334913,0.48175182481751827,0.6141611374407572
15944,static_quality,6,0.58,0.6541353383458647,0.17614533965244866,0.43609022556390975,0.6612985781990516
15944,linear_development,1,0.7637360223596537,0.75,0.1382306477093207,0.35833333333333334,0.7458293838862561
15944,linear_development,2,0.837635669862514,0.8266666666666667,0.09636650868878358,0.3333333333333333,0.7194186413902063
15944,linear_development,3,0.8760667500674992,0.8333333333333334,0.061611374407582936,0.2878787878787879,0.7886698262243297
15944,linear_development,4,0.8968382570586843,0.8489208633093526,0.03712480252764613,0.2949640287769784,0.7789194312796233
15944,linear_development,5,0.9034495117337853,0.8699186991869918,0.044233807266982623,0.3089430894308943,0.7919052132701436
15944,linear_development,6,0.909357579695611,0.9398496240601504,0.03712480252764613,0.17293233082706766,0.8698672985781998
15944,interaction_development,1,0.7722824560888399,0.7597402597402597,0.1358609794628752,0.35064935064935066,0.6900726698262246
15944,interaction_development,2,0.8585380263168689,0.8198198198198198,0.07424960505529225,0.3063063063063063,0.8060189573459725
15944,interaction_development,3,0.896032135603354,0.8870967741935484,0.04818325434439179,0.25806451612903225,0.8214344391785159
15944,interaction_development,4,0.9100401179333174,0.8506493506493507,0.04028436018957346,0.3051948051948052,0.7476208530805705
15944,interaction_development,5,0.9134341168147928,0.8675496688741722,0.04344391785150079,0.2781456953642384,0.7723096366508708
15944,interaction_development,6,0.9146442231892109,0.9126984126984127,0.035545023696682464,0.23015873015873015,0.8401327014218019
15944,feedback_development,1,0.7995073597526734,0.732824427480916,0.16429699842022116,0.3816793893129771,0.7037756714060033
15944,feedback_development,2,0.8918520903198199,0.8527131782945736,0.06872037914691943,0.2558139534883721,0.8119526066350722
15944,feedback_development,3,0.9062752146617817,0.8947368421052632,0.045813586097946286,0.24561403508771928,0.8428593996840443
15944,feedback_development,4,0.9105173958762836,0.8899082568807339,0.04265402843601896,0.29357798165137616,0.823194312796209
15944,feedback_development,5,0.912839886020222,0.8416666666666667,0.038704581358609796,0.3,0.8038862559241714
15944,feedback_development,6,0.9138464052054618,0.9097222222222222,0.04818325434439179,0.2777777777777778,0.7810268562401275
15945,static_quality,1,0.58,0.6346153846153846,0.20063191153238547,0.46153846153846156,0.5846382306477081
15945,static_quality,2,0.58,0.6829268292682927,0.18167456556082148,0.37398373983739835,0.7199557661927328
15945,static_quality,3,0.58,0.7213114754098361,0.18088467614533965,0.4016393442622951,0.7061674565560816
15945,static_quality,4,0.58,0.6666666666666666,0.20063191153238547,0.4358974358974359,0.604492890995259
15945,static_quality,5,0.58,0.7217391304347827,0.1943127962085308,0.3391304347826087,0.7525339652448662
15945,static_quality,6,0.58,0.609375,0.19747235387045814,0.46875,0.6457061611374397
15945,linear_development,1,0.7697403007174561,0.7596899224806202,0.1263823064770932,0.35658914728682173,0.733045813586098
15945,linear_development,2,0.8367115049119639,0.8251748251748252,0.0924170616113744,0.35664335664335667,0.7154849921011065
15945,linear_development,3,0.8732886608010613,0.8455284552845529,0.061611374407582936,0.2926829268292683,0.7982243285939977
15945,linear_development,4,0.8937328404354431,0.8461538461538461,0.03949447077409163,0.3153846153846154,0.7786224328594009
15945,linear_development,5,0.9039038241288514,0.875968992248062,0.045023696682464455,0.27906976744186046,0.8023033175355457
15945,linear_development,6,0.9065526740237811,0.9166666666666666,0.044233807266982623,0.25833333333333336,0.8274218009478679
15945,interaction_development,1,0.7320700008592508,0.708029197080292,0.18009478672985782,0.40875912408759124,0.6696271721958906
15945,interaction_development,2,0.8565108613271188,0.8461538461538461,0.07977883096366509,0.2846153846153846,0.7892606635071099
15945,interaction_development,3,0.8997242029382216,0.8601398601398601,0.052132701421800945,0.24475524475524477,0.805794628751976
15945,interaction_development,4,0.9103325731561398,0.8345864661654135,0.02448657187993681,0.2857142857142857,0.7969952606635088
15945,interaction_development,5,0.9116853265562903,0.828125,0.037914691943127965,0.359375,0.7537219589257519
15945,interaction_development,6,0.9147104980344036,0.9219858156028369,0.038704581358609796,0.18439716312056736,0.8544518167456552
15945,feedback_development,1,0.8005575698545497,0.75,0.15086887835703003,0.3548387096774194,0.7376872037914692
15945,feedback_development,2,0.8895208554545695,0.8518518518518519,0.05845181674565561,0.3111111111111111,0.7687361769352298
15945,feedback_development,3,0.904654343197751,0.8455284552845529,0.04660347551342812,0.2926829268292683,0.802265402843603
15945,feedback_development,4,0.9110214350880722,0.8541666666666666,0.035545023696682464,0.2708333333333333,0.7892796208530818
15945,feedback_development,5,0.9139309706213716,0.8813559322033898,0.04344391785150079,0.2288135593220339,0.8482401263823065
15945,feedback_development,6,0.9135517952479888,0.8368794326241135,0.037914691943127965,0.2978723404255319,0.7738451816745674
15946,static_quality,1,0.58,0.6220472440944882,0.18641390205371247,0.48031496062992124,0.6434628751974709
15946,static_quality,2,0.58,0.6814814814814815,0.22669826224328593,0.4222222222222222,0.6540126382306463
15946,static_quality,3,0.58,0.6928571428571428,0.20063191153238547,0.4,0.6652417061611364
15946,static_quality,4,0.58,0.6689655172413793,0.18246445497630331,0.3931034482758621,0.664701421800947
15946,static_quality,5,0.58,0.6388888888888888,0.19273301737756715,0.5,0.586454976303315
15946,static_quality,6,0.58,0.6747967479674797,0.20695102685624012,0.4634146341463415,0.658780410742495
15946,linear_development,1,0.7791962781671332,0.8091603053435115,0.12085308056872038,0.29770992366412213,0.7700315955766193
15946,linear_development,2,0.8433463745681538,0.8625954198473282,0.08451816745655608,0.29770992366412213,0.7784676145339665
15946,linear_development,3,0.8786834299630235,0.8275862068965517,0.07424960505529225,0.25,0.8311563981042659
15946,linear_development,4,0.899248191881475,0.8591549295774648,0.052132701421800945,0.28169014084507044,0.7802053712480268
15946,linear_development,5,0.904558049296091,0.8307692307692308,0.04107424960505529,0.3076923076923077,0.7834312796208551
15946,linear_development,6,0.9060409927950075,0.8529411764705882,0.045813586097946286,0.2867647058823529,0.786928909952608
15946,interaction_development,1,0.7666510343903138,0.7608695652173914,0.1627172195892575,0.3115942028985507,0.7398483412322274
15946,interaction_development,2,0.8603919504442086,0.8508771929824561,0.08609794628751975,0.2807017543859649,0.8136113744075836
15946,interaction_development,3,0.9010934183573953,0.9264705882352942,0.05608214849921011,0.21323529411764705,0.8350584518167462
15946,interaction_development,4,0.9097274674975238,0.8230088495575221,0.04265402843601896,0.30973451327433627,0.8082780410742514
15946,interaction_development,5,0.9127446366309862,0.819672131147541,0.029225908372827805,0.29508196721311475,0.8060631911532407
15946,interaction_development,6,0.9139496601368717,0.872,0.04660347551342812,0.248,0.8278957345971562
15946,feedback_development,1,0.8181276242354034,0.8029197080291971,0.12717219589257503,0.34306569343065696,0.7278483412322281
15946,feedback_development,2,0.8855144494833656,0.8157894736842105,0.06556082148499211,0.34210526315789475,0.7826287519747238
15946,feedback_development,3,0.9026823789730894,0.8660714285714286,0.04344391785150079,0.30357142857142855,0.8128372827804118
15946,feedback_development,4,0.9097343578773083,0.8372093023255814,0.035545023696682464,0.27906976744186046,0.8049763033175374
15946,feedback_development,5,0.9124324423864218,0.875,0.04107424960505529,0.3088235294117647,0.7727740916271737
15946,feedback_development,6,0.9132833003385903,0.8409090909090909,0.03475513428120063,0.2878787878787879,0.794818325434441
15947,static_quality,1,0.58,0.6511627906976745,0.20221169036334913,0.43410852713178294,0.6651153238546601
15947,static_quality,2,0.58,0.6554621848739496,0.20063191153238547,0.46218487394957986,0.6706887835702987
15947,static_quality,3,0.58,0.6991869918699187,0.1990521327014218,0.4065040650406504,0.6965150078988933
15947,static_quality,4,0.58,0.625,0.21484992101105846,0.4583333333333333,0.6112859399684021
15947,static_quality,5,0.58,0.6124031007751938,0.1943127962085308,0.5116279069767442,0.6166919431279603
15947,static_quality,6,0.58,0.6266666666666667,0.18562401263823064,0.4533333333333333,0.6079873617693514
15947,linear_development,1,0.7829861313775563,0.8273381294964028,0.10979462875197472,0.30935251798561153,0.7516461295418645
15947,linear_development,2,0.8436124255126378,0.7916666666666666,0.08846761453396525,0.3611111111111111,0.7113301737756724
15947,linear_development,3,0.8836038611610006,0.8633093525179856,0.06398104265402843,0.2517985611510791,0.8028467614533973
15947,linear_development,4,0.8988643398463758,0.8257575757575758,0.03475513428120063,0.3181818181818182,0.774628751974725
15947,linear_development,5,0.9036497256586336,0.8598726114649682,0.04107424960505529,0.2929936305732484,0.7524202211690381
15947,linear_development,6,0.9056360045300859,0.8759124087591241,0.045023696682464455,0.27007299270072993,0.7970363349131138
15947,interaction_development,1,0.7088950018247451,0.6716417910447762,0.16824644549763032,0.47761194029850745,0.6327140600315952
15947,interaction_development,2,0.8374907907897471,0.7317073170731707,0.08372827804107424,0.3252032520325203,0.7739526066350715
15947,interaction_development,3,0.8871134300784547,0.7862595419847328,0.06556082148499211,0.31297709923664124,0.7718515007898902
15947,interaction_development,4,0.9078129746746425,0.8837209302325582,0.04660347551342812,0.21705426356589147,0.8423854660347557
15947,interaction_development,5,0.9137141563309715,0.8888888888888888,0.0339652448657188,0.2569444444444444,0.7994344391785161
15947,interaction_development,6,0.9146172262242169,0.9083333333333333,0.04107424960505529,0.24166666666666667,0.8386287519747248
15947,feedback_development,1,0.8307732062961336,0.8134328358208955,0.1263823064770932,0.2835820895522388,0.773740916271722
15947,feedback_development,2,0.8975216635253769,0.8432835820895522,0.05845181674565561,0.2835820895522388,0.789383886255925
15947,feedback_development,3,0.9077422176164492,0.8705035971223022,0.04660347551342812,0.28776978417266186,0.7819968404423399
15947,feedback_development,4,0.9120343429462371,0.8611111111111112,0.036334913112164295,0.2777777777777778,0.7837345971563994
15947,feedback_development,5,0.9141987645187064,0.9083333333333333,0.04186413902053712,0.23333333333333334,0.8431753554502371
15947,feedback_development,6,0.9149658003615906,0.8791946308724832,0.04107424960505529,0.2348993288590604,0.8078009478673005
15948,static_quality,1,0.58,0.6737588652482269,0.20221169036334913,0.41843971631205673,0.6497567140600305
15948,static_quality,2,0.58,0.751937984496124,0.1872037914691943,0.35658914728682173,0.7187677725118483
15948,static_quality,3,0.58,0.7183098591549296,0.19826224328593997,0.39436619718309857,0.6661737756714066
15948,static_quality,4,0.58,0.6730769230769231,0.19194312796208532,0.4358974358974359,0.6064865718799352
15948,static_quality,5,0.58,0.672,0.22669826224328593,0.448,0.6592227488151646
15948,static_quality,6,0.58,0.6567164179104478,0.1895734597156398,0.43283582089552236,0.6581295418641384
15948,linear_development,1,0.7780380396875127,0.7956204379562044,0.11137440758293839,0.3284671532846715,0.7419715639810428
15948,linear_development,2,0.8407577092106067,0.8125,0.07977883096366509,0.3125,0.7744518167456561
15948,linear_development,3,0.8791872430224286,0.8984375,0.05845181674565561,0.2578125,0.8140094786729869
15948,linear_development,4,0.9014283364352875,0.9185185185185185,0.054502369668246446,0.22962962962962963,0.8251500789889429
15948,linear_development,5,0.9081944144914559,0.9130434782608695,0.04107424960505529,0.2318840579710145,0.8232575039494479
15948,linear_development,6,0.9084408655372052,0.8854961832061069,0.036334913112164295,0.24427480916030533,0.8242906793048994
15948,interaction_development,1,0.7436891903549918,0.7246376811594203,0.15955766192733017,0.37681159420289856,0.695052132701422
15948,interaction_development,2,0.8417181218271275,0.7739130434782608,0.09399684044233807,0.3652173913043478,0.7610426540284361
15948,interaction_development,3,0.8915668251579412,0.9212598425196851,0.05845181674565561,0.25984251968503935,0.8143696682464465
15948,interaction_development,4,0.9098508126883362,0.8819875776397516,0.03238546603475513,0.2608695652173913,0.7747109004739352
15948,interaction_development,5,0.9145056870538986,0.9393939393939394,0.03317535545023697,0.20454545454545456,0.8501579778830969
15948,interaction_development,6,0.9134581230981624,0.851063829787234,0.044233807266982623,0.3333333333333333,0.7471026856240135
15948,feedback_development,1,0.8229054761309739,0.7692307692307693,0.13428120063191154,0.3974358974358974,0.6499241706161136
15948,feedback_development,2,0.8962301550202387,0.8541666666666666,0.05687203791469194,0.2916666666666667,0.769466034755136
15948,feedback_development,3,0.9074941925095759,0.84375,0.045023696682464455,0.265625,0.8126097946287529
15948,feedback_development,4,0.9107626846784928,0.873015873015873,0.04344391785150079,0.30952380952380953,0.7874312796208542
15948,feedback_development,5,0.9129033549063452,0.8467153284671532,0.036334913112164295,0.2773722627737226,0.7945150078988956
15948,feedback_development,6,0.9155066526600113,0.9020979020979021,0.044233807266982623,0.18181818181818182,0.8531121642969982
15949,static_quality,1,0.58,0.6068376068376068,0.20221169036334913,0.49572649572649574,0.6552195892575023
15949,static_quality,2,0.58,0.7089552238805971,0.18009478672985782,0.3656716417910448,0.7055197472353871
15949,static_quality,3,0.58,0.6338028169014085,0.19984202211690363,0.44366197183098594,0.6301011058451799
15949,static_quality,4,0.58,0.6394557823129252,0.2037914691943128,0.43537414965986393,0.6242116903633488
15949,static_quality,5,0.58,0.6742424242424242,0.20221169036334913,0.4393939393939394,0.6548183254344379
15949,static_quality,6,0.58,0.6349206349206349,0.19352290679304898,0.46825396825396826,0.6516271721958912
15949,linear_development,1,0.7728800805707529,0.7714285714285715,0.13191153238546605,0.37857142857142856,0.6961832543443909
15949,linear_development,2,0.8404486110774416,0.8828125,0.09083728278041074,0.28125,0.7917598736176942
15949,linear_development,3,0.8812393055228667,0.8805970149253731,0.053712480252764615,0.2462686567164179,0.814894154818327
15949,linear_development,4,0.8955232734978886,0.8306451612903226,0.04660347551342812,0.3467741935483871,0.7669731437598754
15949,linear_development,5,0.9055078572147495,0.8920863309352518,0.04265402843601896,0.2517985611510791,0.8077503949447097
15949,linear_development,6,0.9067994206640636,0.8947368421052632,0.036334913112164295,0.2781954887218045,0.7992733017377589
15949,interaction_development,1,0.7296852608834579,0.6690647482014388,0.1872037914691943,0.4316546762589928,0.6483001579778812
15949,interaction_development,2,0.8670945547980677,0.8571428571428571,0.09162717219589257,0.25170068027210885,0.7863412322274894
15949,interaction_development,3,0.8982575447663131,0.8646616541353384,0.05055292259083728,0.3007518796992481,0.7803854660347562
15949,interaction_development,4,0.908021478613351,0.8166666666666667,0.04107424960505529,0.3333333333333333,0.7833428120063208
15949,interaction_development,5,0.9122013066915332,0.8828828828828829,0.038704581358609796,0.27927927927927926,0.8294407582938399
15949,interaction_development,6,0.9131832161908212,0.8461538461538461,0.029225908372827805,0.27350427350427353,0.8267172195892584
15949,feedback_development,1,0.8039737739836779,0.6711409395973155,0.12954186413902052,0.436241610738255,0.6360726698262239
15949,feedback_development,2,0.8956993519214701,0.8968253968253969,0.06872037914691943,0.20634920634920634,0.8474091627172199
15949,feedback_development,3,0.9055321964600668,0.847457627118644,0.03475513428120063,0.3220338983050847,0.7945845181674586
15949,feedback_development,4,0.9097435022856336,0.8292682926829268,0.037914691943127965,0.3252032520325203,0.784101105845183
15949,feedback_development,5,0.9138561083394188,0.86875,0.0339652448657188,0.23125,0.7996240126382327
15949,feedback_development,6,0.9144409554038406,0.85,0.04107424960505529,0.2571428571428571,0.8034375987361784
15950,static_quality,1,0.58,0.7021276595744681,0.20063191153238547,0.3971631205673759,0.6650995260663489
15950,static_quality,2,0.58,0.5973154362416108,0.20300157977883096,0.4966442953020134,0.5736998420221141
15950,static_quality,3,0.58,0.6338028169014085,0.18641390205371247,0.4154929577464789,0.6533333333333315
15950,static_quality,4,0.58,0.6818181818181818,0.1872037914691943,0.3939393939393939,0.6888530805687199
15950,static_quality,5,0.58,0.6830985915492958,0.18246445497630331,0.44366197183098594,0.6340284360189566
15950,static_quality,6,0.58,0.5857142857142857,0.17535545023696683,0.5214285714285715,0.5854218009478663
15950,linear_development,1,0.7675417111066984,0.7076923076923077,0.14454976303317535,0.3769230769230769,0.7140000000000003
15950,linear_development,2,0.830840424336627,0.782258064516129,0.08056872037914692,0.3225806451612903,0.77391785150079
15950,linear_development,3,0.8769273973419143,0.8424657534246576,0.06951026856240126,0.2808219178082192,0.7713270142180105
15950,linear_development,4,0.8964978221105236,0.8297872340425532,0.04739336492890995,0.3191489361702128,0.7561295418641414
15950,linear_development,5,0.9030623470365569,0.8413793103448276,0.03238546603475513,0.31724137931034485,0.7546477093206969
15950,linear_development,6,0.9030501698641485,0.865546218487395,0.05292259083728278,0.3277310924369748,0.7854439178515022
15950,interaction_development,1,0.7339654909691516,0.6513157894736842,0.174565560821485,0.4605263157894737,0.6005876777251167
15950,interaction_development,2,0.8467093435285051,0.8495575221238938,0.10584518167456557,0.2831858407079646,0.8088720379146928
15950,interaction_development,3,0.8951766299643162,0.8529411764705882,0.05055292259083728,0.25,0.8107772511848351
15950,interaction_development,4,0.909831618705395,0.8865248226950354,0.045023696682464455,0.2695035460992908,0.7920789889415497
15950,interaction_development,5,0.914657562027565,0.900709219858156,0.03475513428120063,0.19858156028368795,0.8454123222748827
15950,interaction_development,6,0.9158524434918491,0.8926174496644296,0.03949447077409163,0.20134228187919462,0.8338609794628764
15950,feedback_development,1,0.7367235091149842,0.6115702479338843,0.17614533965244866,0.5289256198347108,0.6304391785150053
15950,feedback_development,2,0.8779632539775735,0.8045112781954887,0.08372827804107424,0.3007518796992481,0.7732638230647716
15950,feedback_development,3,0.9034110349002503,0.8529411764705882,0.04818325434439179,0.2867647058823529,0.7862938388625608
15950,feedback_development,4,0.9131494377442839,0.9142857142857143,0.04660347551342812,0.16428571428571428,0.8675355450236959
15950,feedback_development,5,0.9151221119096643,0.8881118881118881,0.044233807266982623,0.21678321678321677,0.8279968404423389
15950,feedback_development,6,0.9149254029994257,0.9069767441860465,0.04186413902053712,0.2558139534883721,0.8182401263823069
15951,static_quality,1,0.58,0.6041666666666666,0.20695102685624012,0.5208333333333334,0.5678230647709309
15951,static_quality,2,0.58,0.6597222222222222,0.19352290679304898,0.4236111111111111,0.6415387045813574
15951,static_quality,3,0.58,0.6737588652482269,0.18009478672985782,0.425531914893617,0.6496018957345971
15951,static_quality,4,0.58,0.6644295302013423,0.1990521327014218,0.40939597315436244,0.6404739336492875
15951,static_quality,5,0.58,0.6302521008403361,0.1966824644549763,0.453781512605042,0.6768025276461291
15951,static_quality,6,0.58,0.5869565217391305,0.19747235387045814,0.5434782608695652,0.5703285939968382
15951,linear_development,1,0.7712683760126331,0.808,0.1358609794628752,0.328,0.7563064770932073
15951,linear_development,2,0.8445491851987972,0.8714285714285714,0.09320695102685624,0.2714285714285714,0.7808625592417073
15951,linear_development,3,0.8880092899041145,0.9047619047619048,0.060821484992101105,0.2108843537414966,0.8237819905213273
15951,linear_development,4,0.9046004629165062,0.8943089430894309,0.05134281200631911,0.22764227642276422,0.8412290679304896
15951,linear_development,5,0.9087899555534803,0.8803418803418803,0.04107424960505529,0.23931623931623933,0.84401579778831
15951,linear_development,6,0.9078972338721221,0.8695652173913043,0.04186413902053712,0.2898550724637681,0.7826824644549779
15951,interaction_development,1,0.7215543414468555,0.7121212121212122,0.17298578199052134,0.4318181818181818,0.666796208530804
15951,interaction_development,2,0.8453389272336551,0.7857142857142857,0.10268562401263823,0.36428571428571427,0.7132417061611377
15951,interaction_development,3,0.8936057665733186,0.855072463768116,0.05134281200631911,0.2753623188405797,0.7907709320695117
15951,interaction_development,4,0.9080685886305853,0.8863636363636364,0.038704581358609796,0.29545454545454547,0.7885276461295438
15951,interaction_development,5,0.9125075995490124,0.8840579710144928,0.04265402843601896,0.2898550724637681,0.7822527646129563
15951,interaction_development,6,0.9141007845640823,0.907563025210084,0.03317535545023697,0.226890756302521,0.8508815165876779
15951,feedback_development,1,0.7878777751226901,0.75,0.15402843601895735,0.3392857142857143,0.7675481832543446
15951,feedback_development,2,0.8871371510986149,0.8861788617886179,0.05529225908372828,0.2764227642276423,0.8103443917851506
15951,feedback_development,3,0.9054973932306214,0.849624060150376,0.044233807266982623,0.2781954887218045,0.7972985781990539
15951,feedback_development,4,0.9109310520468361,0.8604651162790697,0.045023696682464455,0.2868217054263566,0.7974660347551352
15951,feedback_development,5,0.9138854806509864,0.8428571428571429,0.04028436018957346,0.25,0.8085687203791485
15951,feedback_development,6,0.9138911627670805,0.9150326797385621,0.03475513428120063,0.2875816993464052,0.7642780410742513
15952,static_quality,1,0.58,0.6242038216560509,0.17614533965244866,0.49044585987261147,0.5648120063191131
15952,static_quality,2,0.58,0.7443609022556391,0.19352290679304898,0.39849624060150374,0.6819336492890993
15952,static_quality,3,0.58,0.631578947368421,0.19826224328593997,0.48872180451127817,0.6205086887835696
15952,static_quality,4,0.58,0.6752136752136753,0.19826224328593997,0.4358974358974359,0.6915355450236964
15952,static_quality,5,0.58,0.7007874015748031,0.20063191153238547,0.41732283464566927,0.6801737756714048
15952,static_quality,6,0.58,0.6923076923076923,0.19747235387045814,0.43356643356643354,0.6356366508688764
15952,linear_development,1,0.787056759936505,0.821917808219178,0.11690363349131122,0.3082191780821918,0.7402906793048984
15952,linear_development,2,0.8504126778169938,0.849624060150376,0.08688783570300158,0.2706766917293233,0.7929036334913118
15952,linear_development,3,0.8831902105218397,0.8333333333333334,0.052132701421800945,0.3125,0.7551090047393377
15952,linear_development,4,0.8997376311179957,0.8933333333333333,0.04897314375987362,0.31333333333333335,0.7454028436018983
15952,linear_development,5,0.9053719244640985,0.9015151515151515,0.03712480252764613,0.26515151515151514,0.8096682464454997
15952,linear_development,6,0.9068323356565335,0.8611111111111112,0.03949447077409163,0.2777777777777778,0.7831721958925767
15952,interaction_development,1,0.7309325923813431,0.6956521739130435,0.15876777251184834,0.42028985507246375,0.664890995260663
15952,interaction_development,2,0.8542857578868451,0.8074074074074075,0.08293838862559241,0.3111111111111111,0.7633175355450242
15952,interaction_development,3,0.8972141651295695,0.8823529411764706,0.04976303317535545,0.25,0.811443917851502
15952,interaction_development,4,0.9119035855838182,0.903448275862069,0.037914691943127965,0.2206896551724138,0.8241327014218023
15952,interaction_development,5,0.914849175229637,0.869281045751634,0.04028436018957346,0.22875816993464052,0.8081864139020563
15952,interaction_development,6,0.913594745234855,0.8235294117647058,0.04265402843601896,0.3235294117647059,0.7624423380726713
15952,feedback_development,1,0.8094057305292786,0.7218045112781954,0.14770932069510267,0.3609022556390977,0.7182274881516578
15952,feedback_development,2,0.8973164656542088,0.8657718120805369,0.05924170616113744,0.2751677852348993,0.7734407582938401
15952,feedback_development,3,0.909571456648137,0.9253731343283582,0.04818325434439179,0.22388059701492538,0.8321769352290687
15952,feedback_development,4,0.9135802147060414,0.8848920863309353,0.03712480252764613,0.2589928057553957,0.8042211690363364
15952,feedback_development,5,0.9151971911166217,0.9097744360902256,0.04344391785150079,0.21052631578947367,0.8428878357030016
15952,feedback_development,6,0.9154247126226491,0.8731343283582089,0.04186413902053712,0.2462686567164179,0.8183507109004752
15953,static_quality,1,0.58,0.704,0.20221169036334913,0.384,0.7057661927330171
15953,static_quality,2,0.58,0.6416666666666667,0.20221169036334913,0.4666666666666667,0.66470774091627
15953,static_quality,3,0.58,0.6268656716417911,0.1990521327014218,0.44776119402985076,0.6454881516587657
15953,static_quality,4,0.58,0.6488095238095238,0.17851500789889416,0.47023809523809523,0.5541990521326988
15953,static_quality,5,0.58,0.7105263157894737,0.19589257503949448,0.35526315789473684,0.676382306477093
15953,static_quality,6,0.58,0.6567164179104478,0.19747235387045814,0.43283582089552236,0.6558483412322266
15953,linear_development,1,0.7737985184761528,0.7801418439716312,0.1500789889415482,0.375886524822695,0.6921169036334918
15953,linear_development,2,0.8494390788029673,0.8811188811188811,0.08609794628751975,0.23776223776223776,0.8029763033175361
15953,linear_development,3,0.8890777921027068,0.9020979020979021,0.06556082148499211,0.22377622377622378,0.8181390205371267
15953,linear_development,4,0.9035412759838111,0.8461538461538461,0.054502369668246446,0.3076923076923077,0.73919431279621
15953,linear_development,5,0.9063916698456306,0.8928571428571429,0.045023696682464455,0.2642857142857143,0.7973522906793064
15953,linear_development,6,0.9059963488036069,0.822429906542056,0.04344391785150079,0.29906542056074764,0.8235418641390211
15953,interaction_development,1,0.7260877528334717,0.7560975609756098,0.16666666666666666,0.3821138211382114,0.7189826224328589
15953,interaction_development,2,0.856332220681598,0.825503355704698,0.08293838862559241,0.3288590604026846,0.7278104265402852
15953,interaction_development,3,0.8948479626024978,0.8357142857142857,0.05134281200631911,0.32142857142857145,0.7551406003159566
15953,interaction_development,4,0.9087668593942168,0.8833333333333333,0.05055292259083728,0.26666666666666666,0.8208720379146927
15953,interaction_development,5,0.9130152264990918,0.8970588235294118,0.04107424960505529,0.2867647058823529,0.7876966824644562
15953,interaction_development,6,0.9139757522922807,0.8888888888888888,0.037914691943127965,0.25925925925925924,0.8090679304897334
15953,feedback_development,1,0.8013319204232321,0.7674418604651163,0.14375987361769352,0.3643410852713178,0.7238641390205374
15953,feedback_development,2,0.8935138111241379,0.8731343283582089,0.06635071090047394,0.26119402985074625,0.8023570300157987
15953,feedback_development,3,0.9085893291750913,0.8723404255319149,0.03475513428120063,0.23404255319148937,0.8198862559241723
15953,feedback_development,4,0.9143107879964298,0.9078947368421053,0.04344391785150079,0.21052631578947367,0.822417061611375
15953,feedback_development,5,0.9138673638065966,0.8657718120805369,0.0315955766192733,0.30201342281879195,0.7594723538704596
15953,feedback_development,6,0.9145173260936124,0.8676470588235294,0.037914691943127965,0.25,0.8138072669826233
15954,static_quality,1,0.58,0.5864661654135338,0.19273301737756715,0.5112781954887218,0.6062969984202198
15954,static_quality,2,0.58,0.6992481203007519,0.19273301737756715,0.38345864661654133,0.6922812006319111
15954,static_quality,3,0.58,0.7241379310344828,0.19826224328593997,0.4051724137931034,0.7117187993680882
15954,static_quality,4,0.58,0.717391304347826,0.19352290679304898,0.39855072463768115,0.6717851500789879
15954,static_quality,5,0.58,0.6587301587301587,0.20616113744075829,0.4523809523809524,0.6588120063191144
15954,static_quality,6,0.58,0.6231884057971014,0.20853080568720378,0.5,0.5975387045813573
15954,linear_development,1,0.7882748861436422,0.7848101265822784,0.11295418641390205,0.34810126582278483,0.6905213270142188
15954,linear_development,2,0.8404746007512934,0.8333333333333334,0.08135860979462875,0.2962962962962963,0.8144233807266984
15954,linear_development,3,0.8753832687889862,0.8660714285714286,0.07898894154818326,0.25892857142857145,0.8300537124802531
15954,linear_development,4,0.8973289005889975,0.8382352941176471,0.045023696682464455,0.27941176470588236,0.7924075829383902
15954,linear_development,5,0.9055917251916199,0.8380281690140845,0.03712480252764613,0.2746478873239437,0.7890805687203811
15954,linear_development,6,0.9057690871830022,0.8680555555555556,0.0315955766192733,0.2777777777777778,0.7850932069510282
15954,interaction_development,1,0.7189866363249058,0.676923076923077,0.14375987361769352,0.4307692307692308,0.6787456556082142
15954,interaction_development,2,0.8300679882415636,0.7777777777777778,0.10268562401263823,0.3968253968253968,0.7181484992101108
15954,interaction_development,3,0.8932570935399107,0.8832116788321168,0.04739336492890995,0.2116788321167883,0.8371785150078997
15954,interaction_development,4,0.9084859240886114,0.8629032258064516,0.036334913112164295,0.25806451612903225,0.8246951026856252
15954,interaction_development,5,0.9141057210780357,0.9103448275862069,0.04265402843601896,0.23448275862068965,0.8129984202211707
15954,interaction_development,6,0.9153961916669986,0.9206349206349206,0.037914691943127965,0.19047619047619047,0.8647993680884671
15954,feedback_development,1,0.767596709646649,0.7033898305084746,0.1721958925750395,0.4322033898305085,0.6969889415481826
15954,feedback_development,2,0.8871142969553556,0.875,0.07345971563981042,0.25,0.8158830963665097
15954,feedback_development,3,0.9032162958518015,0.7796610169491526,0.044233807266982623,0.3050847457627119,0.8029415481832552
15954,feedback_development,4,0.9104937545248536,0.8428571428571429,0.037914691943127965,0.2785714285714286,0.7890331753554513
15954,feedback_development,5,0.9131196782866725,0.8571428571428571,0.03238546603475513,0.2698412698412698,0.8155007898894163
15954,feedback_development,6,0.9147222963905272,0.8602941176470589,0.04344391785150079,0.22794117647058823,0.8281074249605066
15955,static_quality,1,0.58,0.6854838709677419,0.2014218009478673,0.3790322580645161,0.7104612954186402
15955,static_quality,2,0.58,0.6428571428571429,0.2109004739336493,0.4714285714285714,0.6127109004739317
15955,static_quality,3,0.58,0.7096774193548387,0.1848341232227488,0.41935483870967744,0.6893396524486565
15955,static_quality,4,0.58,0.6717557251908397,0.20063191153238547,0.4351145038167939,0.6604676145339635
15955,static_quality,5,0.58,0.672,0.18878357030015797,0.48,0.6481263823064768
15955,static_quality,6,0.58,0.6716417910447762,0.20458135860979462,0.44776119402985076,0.6442464454976286
15955,linear_development,1,0.7899885020500933,0.8163265306122449,0.13902053712480253,0.2925170068027211,0.7449605055292254
15955,linear_development,2,0.8498877738629618,0.8307692307692308,0.08451816745655608,0.2846153846153846,0.788454976303318
15955,linear_development,3,0.8894288377727408,0.8794326241134752,0.06635071090047394,0.20567375886524822,0.8327993680884686
15955,linear_development,4,0.9013332157940145,0.8688524590163934,0.053712480252764615,0.3114754098360656,0.7902780410742508
15955,linear_development,5,0.9059714968811892,0.8656716417910447,0.04976303317535545,0.26865671641791045,0.8010584518167474
15955,linear_development,6,0.9060026933575229,0.888,0.04660347551342812,0.296,0.7966540284360206
15955,interaction_development,1,0.7093102574645314,0.675,0.16587677725118483,0.425,0.6989731437598747
15955,interaction_development,2,0.8349572178326683,0.7890625,0.1066350710900474,0.359375,0.7375481832543448
15955,interaction_development,3,0.8888333908048477,0.821917808219178,0.06477093206951026,0.3287671232876712,0.7372922590837292
15955,interaction_development,4,0.9047950609548082,0.8270676691729323,0.04344391785150079,0.3308270676691729,0.7621263823064786
15955,interaction_development,5,0.912676092127401,0.8731343283582089,0.04265402843601896,0.2462686567164179,0.8181169036334924
15955,interaction_development,6,0.9136836509406683,0.8421052631578947,0.04186413902053712,0.2894736842105263,0.7626161137440767
15955,feedback_development,1,0.7725368380631703,0.6639344262295082,0.15955766192733017,0.4344262295081967,0.6900473933649288
15955,feedback_development,2,0.8854985133576236,0.8503401360544217,0.061611374407582936,0.3333333333333333,0.7326571879936825
15955,feedback_development,3,0.9041696927136581,0.8489208633093526,0.05766192733017378,0.302158273381295,0.769146919431281
15955,feedback_development,4,0.9123033690712199,0.9,0.03475513428120063,0.21428571428571427,0.8349004739336503
15955,feedback_development,5,0.9133559593028006,0.8682170542635659,0.05292259083728278,0.27906976744186046,0.8008372827804129
15955,feedback_development,6,0.9142494554015942,0.8991596638655462,0.02843601895734597,0.25210084033613445,0.8364423380726695
15956,static_quality,1,0.58,0.6691176470588235,0.17772511848341233,0.4632352941176471,0.6351184834123204
15956,static_quality,2,0.58,0.7142857142857143,0.19589257503949448,0.3968253968253968,0.6968341232227476
15956,static_quality,3,0.58,0.738255033557047,0.18167456556082148,0.3825503355704698,0.6640631911532368
15956,static_quality,4,0.58,0.6571428571428571,0.2014218009478673,0.4642857142857143,0.6198262243285929
15956,static_quality,5,0.58,0.6690647482014388,0.21721958925750395,0.4460431654676259,0.6311121642969982
15956,static_quality,6,0.58,0.6818181818181818,0.18325434439178515,0.43636363636363634,0.709873617693522
15956,linear_development,1,0.752385091292304,0.696,0.13507109004739337,0.456,0.6757156398104259
15956,linear_development,2,0.8285044228286684,0.8661417322834646,0.11453396524486571,0.28346456692913385,0.7867772511848347
15956,linear_development,3,0.869460163842481,0.8384615384615385,0.0631911532385466,0.3,0.7827993680884678
15956,linear_development,4,0.8905395521635664,0.8717948717948718,0.036334913112164295,0.3076923076923077,0.8046824644549779
15956,linear_development,5,0.9045302800263764,0.8582089552238806,0.03712480252764613,0.2537313432835821,0.8140410742496058
15956,linear_development,6,0.9101039047747806,0.9214285714285714,0.045813586097946286,0.17857142857142858,0.857785150078989
15956,interaction_development,1,0.7386539808336766,0.7089552238805971,0.18799368088467613,0.3805970149253731,0.6936492890995256
15956,interaction_development,2,0.8564280236476077,0.8473282442748091,0.08609794628751975,0.3053435114503817,0.772612954186415
15956,interaction_development,3,0.8985439852006047,0.8636363636363636,0.045023696682464455,0.2857142857142857,0.7617345971563994
15956,interaction_development,4,0.9130208064901301,0.8811188811188811,0.04265402843601896,0.1888111888111888,0.8485118483412322
15956,interaction_development,5,0.9143105198125921,0.8873239436619719,0.03712480252764613,0.2676056338028169,0.7938957345971586
15956,interaction_development,6,0.9144065672311744,0.9029850746268657,0.023696682464454975,0.26865671641791045,0.8077883096366526
15956,feedback_development,1,0.7663517746514245,0.6222222222222222,0.15481832543443919,0.4962962962962963,0.6206540284360179
15956,feedback_development,2,0.8831467587886525,0.8387096774193549,0.0750394944707741,0.27419354838709675,0.8057030015797791
15956,feedback_development,3,0.9043856454879549,0.8692307692307693,0.05292259083728278,0.27692307692307694,0.800357030015799
15956,feedback_development,4,0.9089705457612736,0.8421052631578947,0.04186413902053712,0.3383458646616541,0.7575229067930502
15956,feedback_development,5,0.9126276509711411,0.9236641221374046,0.035545023696682464,0.2748091603053435,0.8043064770932081
15956,feedback_development,6,0.9142152315365717,0.8916666666666667,0.045813586097946286,0.23333333333333334,0.8423633491311214
15957,static_quality,1,0.58,0.6527777777777778,0.2037914691943128,0.4236111111111111,0.6395545023696668
15957,static_quality,2,0.58,0.7058823529411765,0.17298578199052134,0.3627450980392157,0.7681453396524491
15957,static_quality,3,0.58,0.6865671641791045,0.1943127962085308,0.43283582089552236,0.6569794628751969
15957,static_quality,4,0.58,0.6444444444444445,0.20063191153238547,0.42962962962962964,0.6557851500789881
15957,static_quality,5,0.58,0.6283185840707964,0.20774091627172195,0.4690265486725664,0.6790868878357019
15957,static_quality,6,0.58,0.6911764705882353,0.21248025276461296,0.45588235294117646,0.6317251184834115
15957,linear_development,1,0.777418023040769,0.7379310344827587,0.1524486571879937,0.3724137931034483,0.6860789889415466
15957,linear_development,2,0.8468457364558999,0.8450704225352113,0.09162717219589257,0.2887323943661972,0.76632543443918
15957,linear_development,3,0.883016817606173,0.8561151079136691,0.061611374407582936,0.2805755395683453,0.7834913112164313
15957,linear_development,4,0.8993380261903646,0.8283582089552238,0.036334913112164295,0.29850746268656714,0.7840821484992108
15957,linear_development,5,0.9040281012185802,0.8728813559322034,0.035545023696682464,0.3050847457627119,0.8049099526066363
15957,linear_development,6,0.9066754510714655,0.8769230769230769,0.03949447077409163,0.24615384615384617,0.8238009478672998
15957,interaction_development,1,0.6993020494522255,0.6590909090909091,0.17535545023696683,0.5,0.6206224328593982
15957,interaction_development,2,0.841206454478352,0.8153846153846154,0.09873617693522907,0.2923076923076923,0.7802116903633506
15957,interaction_development,3,0.886006216746238,0.7786885245901639,0.06240126382306477,0.32786885245901637,0.7782148499210118
15957,interaction_development,4,0.9081339289927153,0.8970588235294118,0.035545023696682464,0.22058823529411764,0.8343285939968419
15957,interaction_development,5,0.9132466839671154,0.8851351351351351,0.03475513428120063,0.2702702702702703,0.7843380726698282
15957,interaction_development,6,0.9143508376788553,0.8360655737704918,0.03949447077409163,0.23770491803278687,0.839241706161138
15957,feedback_development,1,0.8295116396296692,0.7241379310344828,0.12480252764612954,0.33793103448275863,0.7182969984202205
15957,feedback_development,2,0.8931668506170991,0.8320610687022901,0.05292259083728278,0.3282442748091603,0.7650805687203807
15957,feedback_development,3,0.9051600518723103,0.8333333333333334,0.044233807266982623,0.3253968253968254,0.777548183254345
15957,feedback_development,4,0.9104254726047774,0.8222222222222222,0.045023696682464455,0.3111111111111111,0.7719399684044249
15957,feedback_development,5,0.9133763585483592,0.8888888888888888,0.03949447077409163,0.2518518518518518,0.8138736176935241
15957,feedback_development,6,0.9128493751167339,0.8402777777777778,0.04186413902053712,0.3333333333333333,0.7424012638230661
15958,static_quality,1,0.58,0.6335877862595419,0.1911532385466035,0.42748091603053434,0.667898894154817
15958,static_quality,2,0.58,0.6774193548387096,0.2037914691943128,0.3951612903225806,0.6999462875197477
15958,static_quality,3,0.58,0.6133333333333333,0.18641390205371247,0.4666666666666667,0.5980094786729834
15958,static_quality,4,0.58,0.64,0.17851500789889416,0.48,0.5896619273301726
15958,static_quality,5,0.58,0.6976744186046512,0.20063191153238547,0.3875968992248062,0.6959620853080559
15958,static_quality,6,0.58,0.6308724832214765,0.19194312796208532,0.4228187919463087,0.6322432859399671
15958,linear_development,1,0.769944852027747,0.725925925925926,0.11690363349131122,0.37777777777777777,0.7100758293838865
15958,linear_development,2,0.8332283362591374,0.7575757575757576,0.09083728278041074,0.3560606060606061,0.7362622432859401
15958,linear_development,3,0.8764264015033796,0.8208955223880597,0.07266982622432859,0.26119402985074625,0.8008657187993692
15958,linear_development,4,0.8988612475791631,0.8357142857142857,0.05608214849921011,0.2714285714285714,0.7894407582938404
15958,linear_development,5,0.9050368707113867,0.8880597014925373,0.04660347551342812,0.27611940298507465,0.7969541864139039
15958,linear_development,6,0.9051783581463421,0.8962962962962963,0.052132701421800945,0.3111111111111111,0.7702306477093223
15958,interaction_development,1,0.7139171227150051,0.7096774193548387,0.17298578199052134,0.4274193548387097,0.6868593996840439
15958,interaction_development,2,0.8388337557971881,0.8130081300813008,0.11295418641390205,0.3252032520325203,0.7664139020537133
15958,interaction_development,3,0.8924114379978495,0.8662420382165605,0.04344391785150079,0.3057324840764331,0.7416714060031613
15958,interaction_development,4,0.9073430986303375,0.8368794326241135,0.04186413902053712,0.3191489361702128,0.7578609794628768
15958,interaction_development,5,0.9143228652492793,0.8951048951048951,0.045023696682464455,0.20279720279720279,0.8377661927330183
15958,interaction_development,6,0.9145026202985593,0.9130434782608695,0.029225908372827805,0.2536231884057971,0.8110394944707754
15958,feedback_development,1,0.8352877631315976,0.7435897435897436,0.13033175355450238,0.3525641025641026,0.6865560821484991
15958,feedback_development,2,0.89292485202495,0.7777777777777778,0.05924170616113744,0.3412698412698413,0.7636714060031597
15958,feedback_development,3,0.907497459618192,0.9044117647058824,0.045023696682464455,0.25,0.8123633491311228
15958,feedback_development,4,0.9133935378960936,0.8698630136986302,0.04107424960505529,0.2191780821917808,0.8229541864139043
15958,feedback_development,5,0.9133870856258444,0.84251968503937,0.038704581358609796,0.31496062992125984,0.7832448657188005
15958,feedback_development,6,0.9144032936160198,0.9007633587786259,0.03712480252764613,0.24427480916030533,0.8243096366508696
15959,static_quality,1,0.58,0.680327868852459,0.18404423380726698,0.4344262295081967,0.6842085308056863
15959,static_quality,2,0.58,0.6618705035971223,0.2156398104265403,0.41007194244604317,0.6568720379146915
15959,static_quality,3,0.58,0.7388059701492538,0.2014218009478673,0.3880597014925373,0.6849131121642962
15959,static_quality,4,0.58,0.7164179104477612,0.18088467614533965,0.3880597014925373,0.6901390205371245
15959,static_quality,5,0.58,0.6511627906976745,0.20063191153238547,0.43410852713178294,0.6655260663507108
15959,static_quality,6,0.58,0.6524822695035462,0.1990521327014218,0.44680851063829785,0.630028436018955
15959,linear_development,1,0.774148663969513,0.7445255474452555,0.13507109004739337,0.35766423357664234,0.7157661927330168
15959,linear_development,2,0.8386195987287379,0.7972027972027972,0.08530805687203792,0.35664335664335667,0.717390205371249
15959,linear_development,3,0.8757493719552694,0.856,0.060821484992101105,0.28,0.8036935229067943
15959,linear_development,4,0.8981591965296072,0.8984375,0.05134281200631911,0.2578125,0.8161864139020546
15959,linear_development,5,0.906164352090997,0.8778625954198473,0.05055292259083728,0.2595419847328244,0.8115481832543459
15959,linear_development,6,0.9067294725827215,0.8346456692913385,0.03949447077409163,0.28346456692913385,0.803908372827806
15959,interaction_development,1,0.7347343751584332,0.7076923076923077,0.17772511848341233,0.38461538461538464,0.7011563981042658
15959,interaction_development,2,0.8653581814489864,0.8299319727891157,0.10031595576619273,0.2789115646258503,0.7641327014218016
15959,interaction_development,3,0.902051340746513,0.8880597014925373,0.04265402843601896,0.21641791044776118,0.8381548183254356
15959,interaction_development,4,0.9104717683825907,0.8285714285714286,0.04186413902053712,0.32857142857142857,0.7527172195892594
15959,interaction_development,5,0.9141377042122245,0.8732394366197183,0.030015797788309637,0.22535211267605634,0.8260884676145357
15959,interaction_development,6,0.9157212947075406,0.9152542372881356,0.03712480252764613,0.1864406779661017,0.8747614533965243
15959,feedback_development,1,0.8063501673979858,0.7674418604651163,0.15165876777251186,0.35658914728682173,0.7272669826224328
15959,feedback_development,2,0.8947164633855248,0.9022556390977443,0.060821484992101105,0.2556390977443609,0.8085339652448664
15959,feedback_development,3,0.9094562595318259,0.8561643835616438,0.04739336492890995,0.22602739726027396,0.8166477093206972
15959,feedback_development,4,0.9126921888771149,0.8828125,0.038704581358609796,0.28125,0.8033933649289117
15959,feedback_development,5,0.913648258809508,0.88,0.037914691943127965,0.28,0.8091911532385482
15959,feedback_development,6,0.9121700556112016,0.8699186991869918,0.03317535545023697,0.37398373983739835,0.7541611374407597
15960,static_quality,1,0.58,0.680327868852459,0.19194312796208532,0.4344262295081967,0.6822780410742487
15960,static_quality,2,0.58,0.7142857142857143,0.18167456556082148,0.42016806722689076,0.7000252764612946
15960,static_quality,3,0.58,0.68,0.2282780410742496,0.448,0.6595102685623999
15960,static_quality,4,0.58,0.6887417218543046,0.18404423380726698,0.4105960264900662,0.6386982622432851
15960,static_quality,5,0.58,0.7073170731707317,0.19589257503949448,0.3821138211382114,0.7123570300157974
15960,static_quality,6,0.58,0.6101694915254238,0.19984202211690363,0.4406779661016949,0.6862780410742487
15960,linear_development,1,0.7715666095486626,0.7583892617449665,0.13270142180094788,0.4161073825503356,0.6500853080568715
15960,linear_development,2,0.8339133155971452,0.8173913043478261,0.08846761453396525,0.28695652173913044,0.8079936808846767
15960,linear_development,3,0.872366662101081,0.8195488721804511,0.06398104265402843,0.3082706766917293,0.7724992101105859
15960,linear_development,4,0.8963378351700193,0.875968992248062,0.04739336492890995,0.2558139534883721,0.8169194312796217
15960,linear_development,5,0.9058894947374634,0.8818181818181818,0.04344391785150079,0.23636363636363636,0.8537187993680886
15960,linear_development,6,0.9060967380313563,0.8768115942028986,0.036334913112164295,0.2971014492753623,0.7792733017377586
15960,interaction_development,1,0.7014870823477494,0.6666666666666666,0.18799368088467613,0.45,0.6780789889415479
15960,interaction_development,2,0.8313767384636251,0.7846153846153846,0.09004739336492891,0.36153846153846153,0.7368088467614538
15960,interaction_development,3,0.8869070402829083,0.8382352941176471,0.05845181674565561,0.3088235294117647,0.768644549763035
15960,interaction_development,4,0.9048973601513818,0.8267716535433071,0.04660347551342812,0.2992125984251969,0.7919052132701441
15960,interaction_development,5,0.9118310899715154,0.8484848484848485,0.045813586097946286,0.2803030303030303,0.7971374407582957
15960,interaction_development,6,0.9134959974238458,0.8852459016393442,0.03238546603475513,0.27049180327868855,0.820426540284361
15960,feedback_development,1,0.8340346863783588,0.815068493150685,0.13033175355450238,0.3219178082191781,0.7269889415481827
15960,feedback_development,2,0.8977859567048576,0.8571428571428571,0.04818325434439179,0.29285714285714287,0.7763159557661943
15960,feedback_development,3,0.9064153024468385,0.8222222222222222,0.04028436018957346,0.32592592592592595,0.7627709320695115
15960,feedback_development,4,0.9126566105196765,0.926829268292683,0.037914691943127965,0.21138211382113822,0.8543096366508689
15960,feedback_development,5,0.9152063131350232,0.9357142857142857,0.037914691943127965,0.20714285714285716,0.8387330173775677
15960,feedback_development,6,0.9149045597414485,0.8993288590604027,0.03317535545023697,0.2550335570469799,0.794992101105847
15961,static_quality,1,0.58,0.652542372881356,0.19036334913112166,0.4745762711864407,0.6681737756714053
15961,static_quality,2,0.58,0.6985294117647058,0.18246445497630331,0.38235294117647056,0.689851500789888
15961,static_quality,3,0.58,0.589041095890411,0.1895734597156398,0.5136986301369864,0.5719557661927318
15961,static_quality,4,0.58,0.6410256410256411,0.20537124802527645,0.46153846153846156,0.6744044233807243
15961,static_quality,5,0.58,0.6739130434782609,0.1895734597156398,0.39855072463768115,0.6725971563981029
15961,static_quality,6,0.58,0.6953125,0.18404423380726698,0.40625,0.6891563981042655
15961,linear_development,1,0.7797227439198625,0.8217054263565892,0.13665086887835703,0.2868217054263566,0.776151658767773
15961,linear_development,2,0.8482736954223891,0.8503401360544217,0.08609794628751975,0.30612244897959184,0.7471658767772511
15961,linear_development,3,0.88522441559357,0.8809523809523809,0.06240126382306477,0.21428571428571427,0.8440537124802532
15961,linear_development,4,0.9047643683504512,0.8723404255319149,0.045813586097946286,0.23404255319148937,0.8173048973143764
15961,linear_development,5,0.907957942906242,0.8918918918918919,0.04660347551342812,0.25675675675675674,0.7917345971563995
15961,linear_development,6,0.9097320394180667,0.904,0.04344391785150079,0.216,0.848312796208531
15961,interaction_development,1,0.7466188875172418,0.7443609022556391,0.15086887835703003,0.3533834586466165,0.7221674565560822
15961,interaction_development,2,0.8418781775898083,0.7798165137614679,0.08925750394944708,0.3486238532110092,0.7822748815165886
15961,interaction_development,3,0.8950328210243439,0.8591549295774648,0.05845181674565561,0.2535211267605634,0.7991658767772526
15961,interaction_development,4,0.9095920008949137,0.8861788617886179,0.044233807266982623,0.24390243902439024,0.833140600315956
15961,interaction_development,5,0.9146886937487844,0.8931297709923665,0.035545023696682464,0.22137404580152673,0.839718799368088
15961,interaction_development,6,0.9144669665001071,0.8740157480314961,0.04265402843601896,0.2677165354330709,0.8133649289099537
15961,feedback_development,1,0.7949146740326922,0.7518248175182481,0.1406003159557662,0.41605839416058393,0.6744075829383879
15961,feedback_development,2,0.8875406627451974,0.8507462686567164,0.07661927330173776,0.3283582089552239,0.7546540284360199
15961,feedback_development,3,0.9073061775644005,0.8931297709923665,0.04107424960505529,0.20610687022900764,0.8488246445497641
15961,feedback_development,4,0.9115744574850295,0.8775510204081632,0.045813586097946286,0.3197278911564626,0.7459715639810435
15961,feedback_development,5,0.9132023416543456,0.8540145985401459,0.04107424960505529,0.27007299270072993,0.798717219589259
15961,feedback_development,6,0.914014316405747,0.8503937007874016,0.04186413902053712,0.2677165354330709,0.8135576619273314
15962,static_quality,1,0.58,0.6333333333333333,0.20616113744075829,0.475,0.6594913112164283
15962,static_quality,2,0.58,0.6330935251798561,0.18009478672985782,0.4316546762589928,0.6499494470774075
15962,static_quality,3,0.58,0.6060606060606061,0.20774091627172195,0.4621212121212121,0.6385845181674553
15962,static_quality,4,0.58,0.6911764705882353,0.1895734597156398,0.4338235294117647,0.6527393364928907
15962,static_quality,5,0.58,0.6335877862595419,0.1895734597156398,0.4580152671755725,0.647933649289099
15962,static_quality,6,0.58,0.6587301587301587,0.1943127962085308,0.42857142857142855,0.6773238546603468
15962,linear_development,1,0.7785220743243944,0.762962962962963,0.11216429699842022,0.31851851851851853,0.7514154818325443
15962,linear_development,2,0.84223731280141,0.813953488372093,0.08688783570300158,0.29457364341085274,0.7825876777251185
15962,linear_development,3,0.8746692665918936,0.8384615384615385,0.06872037914691943,0.33076923076923076,0.7616872037914698
15962,linear_development,4,0.893617153411749,0.856,0.05529225908372828,0.328,0.7745624012638243
15962,linear_development,5,0.9027272394172481,0.8571428571428571,0.04818325434439179,0.30158730158730157,0.7916145339652463
15962,linear_development,6,0.9051900709353433,0.8396946564885496,0.04028436018957346,0.2748091603053435,0.8036840442338089
15962,interaction_development,1,0.7439011121104963,0.7622950819672131,0.16903633491311215,0.319672131147541,0.7585560821484992
15962,interaction_development,2,0.8653503568716705,0.837037037037037,0.07266982622432859,0.2518518518518518,0.8061074249605065
15962,interaction_development,3,0.8957550129490173,0.7983870967741935,0.053712480252764615,0.31451612903225806,0.7851248025276469
15962,interaction_development,4,0.9075981440838113,0.8273381294964028,0.044233807266982623,0.3381294964028777,0.7473238546603486
15962,interaction_development,5,0.9120059540556666,0.8515625,0.04976303317535545,0.3046875,0.7862022116903642
15962,interaction_development,6,0.9128498920895974,0.8768115942028986,0.035545023696682464,0.2898550724637681,0.7842243285939987
15962,feedback_development,1,0.8042298646695182,0.751937984496124,0.14533965244865718,0.3643410852713178,0.7234628751974731
15962,feedback_development,2,0.8931316447512145,0.8571428571428571,0.05529225908372828,0.2706766917293233,0.7998609794628766
15962,feedback_development,3,0.9098471001916828,0.910828025477707,0.04265402843601896,0.21656050955414013,0.8128657187993696
15962,feedback_development,4,0.9132993267625378,0.8611111111111112,0.04265402843601896,0.2708333333333333,0.7877345971563997
15962,feedback_development,5,0.9131135199852194,0.8421052631578947,0.044233807266982623,0.3157894736842105,0.7722022116903648
15962,feedback_development,6,0.9147187536734948,0.920863309352518,0.03317535545023697,0.2158273381294964,0.8352669826224338
15963,static_quality,1,0.58,0.6506024096385542,0.20063191153238547,0.42771084337349397,0.5895102685623993
15963,static_quality,2,0.58,0.656,0.22037914691943128,0.416,0.6813270142180075
15963,static_quality,3,0.58,0.6038961038961039,0.19510268562401265,0.474025974025974,0.5806477093206927
15963,static_quality,4,0.58,0.6413793103448275,0.1943127962085308,0.4827586206896552,0.5959715639810408
15963,static_quality,5,0.58,0.725,0.2037914691943128,0.38333333333333336,0.7151469194312793
15963,static_quality,6,0.58,0.7521367521367521,0.19352290679304898,0.37606837606837606,0.7278894154818317
15963,linear_development,1,0.7776198355560227,0.7428571428571429,0.14691943127962084,0.35,0.7127488151658761
15963,linear_development,2,0.8430028531654691,0.8227848101265823,0.09320695102685624,0.379746835443038,0.669579778830964
15963,linear_development,3,0.8841122926390366,0.8933333333333333,0.05292259083728278,0.26666666666666666,0.7803191153238568
15963,linear_development,4,0.8995651831102741,0.8106060606060606,0.04344391785150079,0.30303030303030304,0.7826224328594013
15963,linear_development,5,0.9040544064012059,0.8225806451612904,0.03475513428120063,0.29838709677419356,0.7996872037914704
15963,linear_development,6,0.907222276523477,0.8571428571428571,0.04028436018957346,0.226890756302521,0.8488720379146925
15963,interaction_development,1,0.7615083699799872,0.7328767123287672,0.15955766192733017,0.3561643835616438,0.6947235387045804
15963,interaction_development,2,0.8549612650751303,0.7647058823529411,0.08688783570300158,0.39705882352941174,0.7014786729857828
15963,interaction_development,3,0.8901650148276081,0.8064516129032258,0.05529225908372828,0.3467741935483871,0.7647456556082167
15963,interaction_development,4,0.9056504716752355,0.8661417322834646,0.038704581358609796,0.30708661417322836,0.7885876777251196
15963,interaction_development,5,0.9109094086057326,0.8466666666666667,0.04265402843601896,0.32666666666666666,0.7370995260663529
15963,interaction_development,6,0.9125333127817015,0.9166666666666666,0.04344391785150079,0.2833333333333333,0.8126793048973161
15963,feedback_development,1,0.7934540240171019,0.7868852459016393,0.1500789889415482,0.36885245901639346,0.7324676145339656
15963,feedback_development,2,0.8894875354953025,0.7985611510791367,0.0631911532385466,0.31654676258992803,0.757661927330175
15963,feedback_development,3,0.9057294732574734,0.8188405797101449,0.035545023696682464,0.2898550724637681,0.7843349131121662
15963,feedback_development,4,0.9123884191693874,0.9090909090909091,0.03475513428120063,0.24475524475524477,0.8098167456556099
15963,feedback_development,5,0.913440388273619,0.8636363636363636,0.053712480252764615,0.29545454545454547,0.784695102685625
15963,feedback_development,6,0.9146881311537655,0.8767123287671232,0.045813586097946286,0.22602739726027396,0.8172195892575049
15964,static_quality,1,0.58,0.6984126984126984,0.19589257503949448,0.38095238095238093,0.7073459715639813
15964,static_quality,2,0.58,0.6742424242424242,0.1990521327014218,0.4090909090909091,0.6761642969984197
15964,static_quality,3,0.58,0.6159420289855072,0.19984202211690363,0.45652173913043476,0.6302338072669813
15964,static_quality,4,0.58,0.6690140845070423,0.20616113744075829,0.43661971830985913,0.6333712480252759
15964,static_quality,5,0.58,0.5847457627118644,0.1990521327014218,0.4745762711864407,0.6656524486571879
15964,static_quality,6,0.58,0.6158940397350994,0.18799368088467613,0.48344370860927155,0.582496050552922
15964,linear_development,1,0.7671810019602268,0.7304964539007093,0.1240126382306477,0.41134751773049644,0.673080568720379
15964,linear_development,2,0.8257865786437016,0.8411214953271028,0.08846761453396525,0.3177570093457944,0.8023791469194318
15964,linear_development,3,0.870319454628802,0.8682170542635659,0.061611374407582936,0.26356589147286824,0.8080789889415491
15964,linear_development,4,0.8942086765519545,0.8345864661654135,0.05292259083728278,0.2857142857142857,0.7907930489731454
15964,linear_development,5,0.9045802870452531,0.875968992248062,0.03949447077409163,0.2713178294573643,0.8086856240126398
15964,linear_development,6,0.9072796470059896,0.8613138686131386,0.03475513428120063,0.25547445255474455,0.8099526066350723
15964,interaction_development,1,0.748667234384115,0.7573529411764706,0.15560821484992102,0.3602941176470588,0.7112890995260661
15964,interaction_development,2,0.8559319695172471,0.8389830508474576,0.0971563981042654,0.2796610169491525,0.8051911532385465
15964,interaction_development,3,0.8946969832352403,0.8161764705882353,0.07266982622432859,0.3014705882352941,0.7708309636650885
15964,interaction_development,4,0.9104458042886323,0.8529411764705882,0.04186413902053712,0.25,0.8134375987361772
15964,interaction_development,5,0.9140503156958243,0.8907563025210085,0.03949447077409163,0.24369747899159663,0.8394218009478677
15964,interaction_development,6,0.9146938285549495,0.8857142857142857,0.04897314375987362,0.25,0.8068878357030028
15964,feedback_development,1,0.7849331797008072,0.7037037037037037,0.16429699842022116,0.4444444444444444,0.6537282780410733
15964,feedback_development,2,0.8913667222295844,0.8231292517006803,0.06556082148499211,0.2925170068027211,0.76221169036335
15964,feedback_development,3,0.9061072071906782,0.8046875,0.06477093206951026,0.2734375,0.8030995260663516
15964,feedback_development,4,0.9131324922027224,0.8823529411764706,0.04265402843601896,0.20588235294117646,0.8431943127962094
15964,feedback_development,5,0.9143070646609133,0.8870967741935484,0.035545023696682464,0.25806451612903225,0.8246951026856252
15964,feedback_development,6,0.9143049842539295,0.8444444444444444,0.035545023696682464,0.2740740740740741,0.7994976303317557
15965,static_quality,1,0.58,0.6776859504132231,0.2109004739336493,0.45454545454545453,0.6679810426540266
15965,static_quality,2,0.58,0.6428571428571429,0.21169036334913113,0.46825396825396826,0.6479778830963655
15965,static_quality,3,0.58,0.7241379310344828,0.17851500789889416,0.36551724137931035,0.6853206951026842
15965,static_quality,4,0.58,0.6594202898550725,0.20063191153238547,0.4782608695652174,0.614483412322273
15965,static_quality,5,0.58,0.5882352941176471,0.19273301737756715,0.4852941176470588,0.6164802527646123
15965,static_quality,6,0.58,0.674074074074074,0.19984202211690363,0.4222222222222222,0.6605592417061596
15965,linear_development,1,0.7729393866247344,0.8363636363636363,0.11927330173775672,0.23636363636363636,0.8358262243285941
15965,linear_development,2,0.8349077550542463,0.7553956834532374,0.08925750394944708,0.37410071942446044,0.7109004739336493
15965,linear_development,3,0.8759841343291175,0.8427672955974843,0.06872037914691943,0.33962264150943394,0.7059115323854668
15965,linear_development,4,0.8966646038091874,0.8776978417266187,0.05134281200631911,0.31654676258992803,0.760224328593997
15965,linear_development,5,0.9058155602909767,0.9,0.05134281200631911,0.23076923076923078,0.8309763033175361
15965,linear_development,6,0.9069953992970481,0.8582677165354331,0.04186413902053712,0.2677165354330709,0.8131563981042668
15965,interaction_development,1,0.70166655383248,0.674074074074074,0.1500789889415482,0.5037037037037037,0.6160758293838855
15965,interaction_development,2,0.8558293865687919,0.8133333333333334,0.10268562401263823,0.2866666666666667,0.7533206951026863
15965,interaction_development,3,0.8919449053913246,0.8695652173913043,0.05292259083728278,0.2782608695652174,0.8211943127962092
15965,interaction_development,4,0.9079888331221406,0.8888888888888888,0.03238546603475513,0.2698412698412698,0.815131121642971
15965,interaction_development,5,0.9125926701689737,0.8880597014925373,0.04897314375987362,0.291044776119403,0.7862559241706182
15965,interaction_development,6,0.9137431280205318,0.8705035971223022,0.03712480252764613,0.26618705035971224,0.7995671406003181
15965,feedback_development,1,0.7817708876372653,0.6796875,0.15402843601895735,0.4296875,0.6813712480252753
15965,feedback_development,2,0.8704365935383944,0.8095238095238095,0.08688783570300158,0.3619047619047619,0.7825718799368089
15965,feedback_development,3,0.9021846560426601,0.8560606060606061,0.045813586097946286,0.2727272727272727,0.8023317535545029
15965,feedback_development,4,0.9077624143086007,0.8110236220472441,0.044233807266982623,0.33858267716535434,0.7673459715639828
15965,feedback_development,5,0.9133789159434065,0.927536231884058,0.045813586097946286,0.2246376811594203,0.8273775671406008
15965,feedback_development,6,0.9147036456483348,0.8840579710144928,0.04107424960505529,0.2318840579710145,0.8235165876777261
15966,static_quality,1,0.58,0.6290322580645161,0.18641390205371247,0.4596774193548387,0.6636050552922574
15966,static_quality,2,0.58,0.6474820143884892,0.18799368088467613,0.41007194244604317,0.6633554502369652
15966,static_quality,3,0.58,0.6390977443609023,0.2014218009478673,0.49624060150375937,0.6147804107424939
15966,static_quality,4,0.58,0.6521739130434783,0.1943127962085308,0.427536231884058,0.6513428120063179
15966,static_quality,5,0.58,0.6148148148148148,0.19510268562401265,0.48148148148148145,0.6215007898894133
15966,static_quality,6,0.58,0.7278911564625851,0.19510268562401265,0.35374149659863946,0.6866161137440752
15966,linear_development,1,0.769910637561178,0.8225806451612904,0.13665086887835703,0.33064516129032256,0.7559526066350712
15966,linear_development,2,0.8396637083961997,0.8396946564885496,0.08056872037914692,0.2824427480916031,0.7889131121642987
15966,linear_development,3,0.8777052298736808,0.905511811023622,0.06003159557661927,0.2677165354330709,0.8090110584518175
15966,linear_development,4,0.8975520371847429,0.8396946564885496,0.06556082148499211,0.2900763358778626,0.7873238546603489
15966,linear_development,5,0.9079237024663458,0.8979591836734694,0.05055292259083728,0.2108843537414966,0.826338072669829
15966,linear_development,6,0.9090399837049677,0.9349593495934959,0.05529225908372828,0.23577235772357724,0.8353396524486575
15966,interaction_development,1,0.7275707798167819,0.744,0.17061611374407584,0.384,0.7126982622432853
15966,interaction_development,2,0.8431457018529256,0.7622377622377622,0.0971563981042654,0.40559440559440557,0.6789036334913113
15966,interaction_development,3,0.8888709308520459,0.8382352941176471,0.060821484992101105,0.34558823529411764,0.7432259083728276
15966,interaction_development,4,0.9023730997548123,0.8245614035087719,0.044233807266982623,0.35964912280701755,0.7774786729857834
15966,interaction_development,5,0.9136161530964116,0.9148936170212766,0.04107424960505529,0.18439716312056736,0.8535481832543448
15966,interaction_development,6,0.9141105706063534,0.8639455782312925,0.036334913112164295,0.2653061224489796,0.7886350710900485
15966,feedback_development,1,0.8479652944681453,0.7771084337349398,0.10584518167456557,0.3313253012048193,0.6919620853080577
15966,feedback_development,2,0.8993413177801637,0.8833333333333333,0.054502369668246446,0.23333333333333334,0.8405718799368096
15966,feedback_development,3,0.9089835955400258,0.889763779527559,0.04897314375987362,0.25196850393700787,0.8217251184834135
15966,feedback_development,4,0.9122414986887597,0.8294573643410853,0.04265402843601896,0.29457364341085274,0.7926761453396535
15966,feedback_development,5,0.9141034420447771,0.8518518518518519,0.045023696682464455,0.24444444444444444,0.8173680884676154
15966,feedback_development,6,0.914558899836299,0.9206349206349206,0.04028436018957346,0.25396825396825395,0.82396524486572
15967,static_quality,1,0.58,0.6923076923076923,0.20695102685624012,0.4700854700854701,0.6695229067930479
15967,static_quality,2,0.58,0.6204379562043796,0.21406003159557663,0.48175182481751827,0.6116872037914676
15967,static_quality,3,0.58,0.635593220338983,0.19273301737756715,0.4661016949152542,0.6726698262243284
15967,static_quality,4,0.58,0.6356589147286822,0.22748815165876776,0.4418604651162791,0.6536082148499202
15967,static_quality,5,0.58,0.6846153846153846,0.21169036334913113,0.36923076923076925,0.7026982622432846
15967,static_quality,6,0.58,0.65625,0.19984202211690363,0.4296875,0.6709289099526049
15967,linear_development,1,0.7706139067168527,0.7846153846153846,0.1484992101105845,0.35384615384615387,0.7276935229067932
15967,linear_development,2,0.8426021022904001,0.8380281690140845,0.09557661927330174,0.3028169014084507,0.754960505529227
15967,linear_development,3,0.882488377750855,0.8571428571428571,0.06003159557661927,0.2642857142857143,0.7933870458135879
15967,linear_development,4,0.8974962430649487,0.848,0.045813586097946286,0.328,0.7769984202211704
15967,linear_development,5,0.9066535478795708,0.8846153846153846,0.036334913112164295,0.2230769230769231,0.839576619273303
15967,linear_development,6,0.9078691216547058,0.8513513513513513,0.044233807266982623,0.25,0.7972385466034768
15967,interaction_development,1,0.7413698298991747,0.813953488372093,0.165086887835703,0.3488372093023256,0.7283981042654019
15967,interaction_development,2,0.8630573438038047,0.8424657534246576,0.09399684044233807,0.3150684931506849,0.7402938388625598
15967,interaction_development,3,0.8969927386397676,0.8283582089552238,0.06240126382306477,0.29850746268656714,0.7782780410742509
15967,interaction_development,4,0.9111612541422459,0.9006622516556292,0.04265402843601896,0.2582781456953642,0.787860979462877
15967,interaction_development,5,0.9132970617729037,0.8582089552238806,0.04028436018957346,0.29850746268656714,0.782745655608217
15967,interaction_development,6,0.9132589140160052,0.8613138686131386,0.03238546603475513,0.30656934306569344,0.7748467614533979
15967,feedback_development,1,0.7977321670023673,0.712,0.15876777251184834,0.36,0.730793048973144
15967,feedback_development,2,0.8870537732551675,0.819672131147541,0.06872037914691943,0.30327868852459017,0.7920853080568728
15967,feedback_development,3,0.905760132121063,0.9083969465648855,0.05134281200631911,0.26717557251908397,0.8056808846761465
15967,feedback_development,4,0.9093954017769805,0.8549618320610687,0.03712480252764613,0.3435114503816794,0.7587014218009491
15967,feedback_development,5,0.9135278902502709,0.875,0.03949447077409163,0.23529411764705882,0.8239936808846774
15967,feedback_development,6,0.914249305279546,0.8740740740740741,0.03949447077409163,0.25925925925925924,0.8085339652448665
15968,static_quality,1,0.58,0.6730769230769231,0.2093206951026856,0.4230769230769231,0.6127804107424947
15968,static_quality,2,0.58,0.5492957746478874,0.20063191153238547,0.5211267605633803,0.5745781990521307
15968,static_quality,3,0.58,0.631578947368421,0.20774091627172195,0.45864661654135336,0.6382812006319102
15968,static_quality,4,0.58,0.6623376623376623,0.20853080568720378,0.42857142857142855,0.6130837282780389
15968,static_quality,5,0.58,0.6159420289855072,0.20063191153238547,0.4927536231884058,0.6045876777251166
15968,static_quality,6,0.58,0.6291390728476821,0.2109004739336493,0.44370860927152317,0.6070995260663488
15968,linear_development,1,0.7602102925179205,0.7288135593220338,0.1406003159557662,0.3728813559322034,0.7399210110584518
15968,linear_development,2,0.8338386577130683,0.8461538461538461,0.10505529225908374,0.2846153846153846,0.7840189573459724
15968,linear_development,3,0.8704136655194007,0.8346456692913385,0.06951026856240126,0.3228346456692913,0.7723254344391799
15968,linear_development,4,0.8976591057054295,0.8611111111111112,0.044233807266982623,0.25,0.802672985781992
15968,linear_development,5,0.9045387309742651,0.8838709677419355,0.038704581358609796,0.2967741935483871,0.7530837282780433
15968,linear_development,6,0.9058658957896835,0.8283582089552238,0.04186413902053712,0.26865671641791045,0.8028467614533981
15968,interaction_development,1,0.7188546944693681,0.6666666666666666,0.16192733017377567,0.39166666666666666,0.7200884676145327
15968,interaction_development,2,0.8516595838375185,0.78,0.09083728278041074,0.34,0.7158388625592423
15968,interaction_development,3,0.8980616213420021,0.8791946308724832,0.05608214849921011,0.26174496644295303,0.7842432859399695
15968,interaction_development,4,0.9132117070682306,0.9271523178807947,0.04107424960505529,0.18543046357615894,0.8438609794628764
15968,interaction_development,5,0.9130232254240485,0.8045112781954887,0.04028436018957346,0.3308270676691729,0.762837282780412
15968,interaction_development,6,0.9137616895684095,0.8787878787878788,0.037914691943127965,0.26515151515151514,0.8089099526066368
15968,feedback_development,1,0.8011095141774995,0.746268656716418,0.1500789889415482,0.39552238805970147,0.692252764612954
15968,feedback_development,2,0.8943480260620567,0.8970588235294118,0.06398104265402843,0.25735294117647056,0.8027551342812015
15968,feedback_development,3,0.9095757878507893,0.9224806201550387,0.04186413902053712,0.17829457364341086,0.8688372827804108
15968,feedback_development,4,0.9124826953575225,0.8904109589041096,0.037914691943127965,0.3082191780821918,0.7583222748815185
15968,feedback_development,5,0.9133278995757879,0.856,0.036334913112164295,0.288,0.8043222748815179
15968,feedback_development,6,0.9139809405597834,0.8362068965517241,0.035545023696682464,0.2672413793103448,0.8302243285939978
15969,static_quality,1,0.58,0.6046511627906976,0.19747235387045814,0.4806201550387597,0.6355829383886237
15969,static_quality,2,0.58,0.6524822695035462,0.1990521327014218,0.425531914893617,0.6447804107424947
15969,static_quality,3,0.58,0.5909090909090909,0.19747235387045814,0.5303030303030303,0.5951879936808835
15969,static_quality,4,0.58,0.5782312925170068,0.2014218009478673,0.4897959183673469,0.5841169036334899
15969,static_quality,5,0.58,0.7209302325581395,0.2037914691943128,0.3643410852713178,0.7101453396524489
15969,static_quality,6,0.58,0.6618705035971223,0.2037914691943128,0.43884892086330934,0.6392733017377561
15969,linear_development,1,0.7816926979101926,0.781021897810219,0.13428120063191154,0.30656934306569344,0.7516050552922596
15969,linear_development,2,0.8508925851222019,0.8283582089552238,0.09162717219589257,0.2462686567164179,0.8066951026856253
15969,linear_development,3,0.8743458341424286,0.784,0.06240126382306477,0.4,0.7278641390205381
15969,linear_development,4,0.8945928052961838,0.8646616541353384,0.05292259083728278,0.3233082706766917,0.7652037914691955
15969,linear_development,5,0.9072357829373917,0.9020979020979021,0.045813586097946286,0.1888111888111888,0.8476145339652442
15969,linear_development,6,0.907205648437765,0.84,0.045023696682464455,0.288,0.8027614533965258
15969,interaction_development,1,0.7260015229105758,0.6737588652482269,0.17377567140600317,0.44680851063829785,0.6362053712480241
15969,interaction_development,2,0.8552389245351051,0.8014184397163121,0.09636650868878358,0.3191489361702128,0.7452764612954186
15969,interaction_development,3,0.8883272761612615,0.8275862068965517,0.05766192733017378,0.35344827586206895,0.774698262243287
15969,interaction_development,4,0.9078762007841391,0.8769230769230769,0.04976303317535545,0.23076923076923078,0.831462875197473
15969,interaction_development,5,0.9139976488427433,0.8740740740740741,0.045813586097946286,0.22962962962962963,0.8273617693522918
15969,interaction_development,6,0.9140951517322827,0.8346456692913385,0.030805687203791468,0.29133858267716534,0.8007993680884689
15969,feedback_development,1,0.8069391635558942,0.8484848484848485,0.13981042654028436,0.36363636363636365,0.7199715639810426
15969,feedback_development,2,0.8931608600044375,0.8503937007874016,0.053712480252764615,0.25196850393700787,0.8207266982622438
15969,feedback_development,3,0.9053251218841023,0.8676470588235294,0.04344391785150079,0.3161764705882353,0.7673586097946303
15969,feedback_development,4,0.9104893556355038,0.8270676691729323,0.04186413902053712,0.2932330827067669,0.7879526066350724
15969,feedback_development,5,0.9127590615498187,0.8705035971223022,0.04107424960505529,0.2805755395683453,0.7877977883096384
15969,feedback_development,6,0.9120289239923596,0.8571428571428571,0.036334913112164295,0.34285714285714286,0.7430900473933659
15970,static_quality,1,0.58,0.6453900709219859,0.18404423380726698,0.49645390070921985,0.5982180094786721
15970,static_quality,2,0.58,0.6879432624113475,0.18009478672985782,0.41843971631205673,0.6550205371248017
15970,static_quality,3,0.58,0.6046511627906976,0.19194312796208532,0.4728682170542636,0.6421548183254349
15970,static_quality,4,0.58,0.6428571428571429,0.20774091627172195,0.45714285714285713,0.6227172195892563
15970,static_quality,5,0.58,0.6967213114754098,0.1911532385466035,0.4262295081967213,0.6878894154818316
15970,static_quality,6,0.58,0.6496350364963503,0.1943127962085308,0.45255474452554745,0.6368088467614518
15970,linear_development,1,0.7541243070950923,0.7,0.12322274881516587,0.46153846153846156,0.6629415481832546
15970,linear_development,2,0.8336447652978034,0.8294573643410853,0.09162717219589257,0.24806201550387597,0.8116018957345974
15970,linear_development,3,0.8788289701797699,0.8299319727891157,0.0679304897314376,0.2653061224489796,0.7813080568720383
15970,linear_development,4,0.8982860764703421,0.823943661971831,0.04344391785150079,0.30985915492957744,0.7622148499210121
15970,linear_development,5,0.9069881381846645,0.8846153846153846,0.0339652448657188,0.2153846153846154,0.8450995260663511
15970,linear_development,6,0.9064830444079035,0.8456375838926175,0.045813586097946286,0.28187919463087246,0.7720600315955787
15970,interaction_development,1,0.6760019162798181,0.5984251968503937,0.17535545023696683,0.5590551181102362,0.5958451816745638
15970,interaction_development,2,0.836794624440339,0.8306451612903226,0.11216429699842022,0.24193548387096775,0.8168657187993689
15970,interaction_development,3,0.8923644661459271,0.8776978417266187,0.06635071090047394,0.2589928057553957,0.7976113744075846
15970,interaction_development,4,0.908738635863377,0.8445945945945946,0.04028436018957346,0.2905405405405405,0.7678862559241718
15970,interaction_development,5,0.914410699379993,0.8992805755395683,0.04028436018957346,0.2158273381294964,0.8338578199052147
15970,interaction_development,6,0.9144849103796295,0.8770491803278688,0.03475513428120063,0.2786885245901639,0.8148783570300172
15970,feedback_development,1,0.7915936678488117,0.7567567567567568,0.14928909952606634,0.32432432432432434,0.7783317535545018
15970,feedback_development,2,0.8947686610488368,0.8656716417910447,0.061611374407582936,0.21641791044776118,0.8337661927330184
15970,feedback_development,3,0.9077343960155415,0.8636363636363636,0.045023696682464455,0.25757575757575757,0.8124707740916286
15970,feedback_development,4,0.913300223666712,0.927536231884058,0.045813586097946286,0.2318840579710145,0.8223633491311233
15970,feedback_development,5,0.9137839589464251,0.873015873015873,0.04028436018957346,0.2777777777777778,0.8089289099526079
15970,feedback_development,6,0.9150422678844257,0.9083333333333333,0.0315955766192733,0.21666666666666667,0.8556113744075838
15971,static_quality,1,0.58,0.6666666666666666,0.18246445497630331,0.43333333333333335,0.6901327014217996
15971,static_quality,2,0.58,0.7518248175182481,0.179304897314376,0.3284671532846715,0.7259589257503941
15971,static_quality,3,0.58,0.6666666666666666,0.1990521327014218,0.42276422764227645,0.6862401263823051
15971,static_quality,4,0.58,0.6890756302521008,0.22195892575039494,0.40336134453781514,0.7009257503949439
15971,static_quality,5,0.58,0.7398373983739838,0.19352290679304898,0.3902439024390244,0.7074218009478661
15971,static_quality,6,0.58,0.743421052631579,0.1943127962085308,0.34868421052631576,0.682009478672985
15971,linear_development,1,0.774651655028694,0.8257575757575758,0.13191153238546605,0.3333333333333333,0.7420789889415487
15971,linear_development,2,0.8337780473016537,0.8235294117647058,0.09320695102685624,0.31932773109243695,0.7810078988941555
15971,linear_development,3,0.8773646922712635,0.8163265306122449,0.06398104265402843,0.2925170068027211,0.7616935229067944
15971,linear_development,4,0.901999501424325,0.8954248366013072,0.04660347551342812,0.24836601307189543,0.7918262243285956
15971,linear_development,5,0.9050482490534786,0.8848920863309353,0.03949447077409163,0.30935251798561153,0.7682717219589277
15971,linear_development,6,0.9067830688414298,0.8992248062015504,0.04028436018957346,0.26356589147286824,0.8137503949447092
15971,interaction_development,1,0.7701529393892829,0.7741935483870968,0.16903633491311215,0.36129032258064514,0.6721832543443913
15971,interaction_development,2,0.86506579199889,0.8706896551724138,0.08372827804107424,0.25,0.8289447077409151
15971,interaction_development,3,0.8981827227551529,0.88,0.061611374407582936,0.272,0.8086508688783582
15971,interaction_development,4,0.9110463554336842,0.9136690647482014,0.03949447077409163,0.2589928057553957,0.8035513428120079
15971,interaction_development,5,0.9134758038803716,0.8582089552238806,0.037914691943127965,0.2835820895522388,0.7941864139020548
15971,interaction_development,6,0.9137891500937327,0.8790322580645161,0.035545023696682464,0.28225806451612906,0.809285939968406
15971,feedback_development,1,0.795697810013331,0.7419354838709677,0.15402843601895735,0.3709677419354839,0.7263886255924165
15971,feedback_development,2,0.8909299806814976,0.832,0.07345971563981042,0.24,0.826218009478673
15971,feedback_development,3,0.9076399430181576,0.8698630136986302,0.038704581358609796,0.2602739726027397,0.7936492890995278
15971,feedback_development,4,0.9135001184989613,0.9013157894736842,0.05608214849921011,0.24342105263157895,0.7945781990521334
15971,feedback_development,5,0.9150086166442628,0.9037037037037037,0.038704581358609796,0.21481481481481482,0.8392353870458145
15971,feedback_development,6,0.9135524004675921,0.8633093525179856,0.03949447077409163,0.3381294964028777,0.7481864139020551
15972,static_quality,1,0.58,0.6538461538461539,0.2037914691943128,0.47692307692307695,0.6344328593996842
15972,static_quality,2,0.58,0.7380952380952381,0.19984202211690363,0.38095238095238093,0.7058988941548174
15972,static_quality,3,0.58,0.625,0.20300157977883096,0.4732142857142857,0.6801358609794617
15972,static_quality,4,0.58,0.6838235294117647,0.18641390205371247,0.4117647058823529,0.6686477093206956
15972,static_quality,5,0.58,0.689922480620155,0.1848341232227488,0.3953488372093023,0.6943823064770925
15972,static_quality,6,0.58,0.5923076923076923,0.20695102685624012,0.46923076923076923,0.6386161137440747
15972,linear_development,1,0.771308376976872,0.7698412698412699,0.13270142180094788,0.3333333333333333,0.7516429699842027
15972,linear_development,2,0.834965865122405,0.762589928057554,0.0995260663507109,0.3669064748201439,0.7143127962085319
15972,linear_development,3,0.8715311559950073,0.7950819672131147,0.06398104265402843,0.30327868852459017,0.7930679304897326
15972,linear_development,4,0.8967322573022712,0.8790322580645161,0.053712480252764615,0.23387096774193547,0.8354976303317546
15972,linear_development,5,0.9084612479432357,0.891156462585034,0.035545023696682464,0.21768707482993196,0.8248530805687218
15972,linear_development,6,0.905261809793256,0.8169014084507042,0.045023696682464455,0.3380281690140845,0.7415355450236979
15972,interaction_development,1,0.765700511607745,0.7215189873417721,0.15876777251184834,0.379746835443038,0.6544644549763028
15972,interaction_development,2,0.8677838636402357,0.860655737704918,0.08925750394944708,0.2540983606557377,0.8168973143759878
15972,interaction_development,3,0.9024476744603221,0.8857142857142857,0.04897314375987362,0.2357142857142857,0.8164454976303329
15972,interaction_development,4,0.9101220110896375,0.8507462686567164,0.05924170616113744,0.3283582089552239,0.758502369668247
15972,interaction_development,5,0.9138016326926597,0.8925619834710744,0.035545023696682464,0.2396694214876033,0.8401200631911535
15972,interaction_development,6,0.9143467952025399,0.8731343283582089,0.037914691943127965,0.2537313432835821,0.8140031595576639
15972,feedback_development,1,0.8056739560398516,0.7062937062937062,0.14928909952606634,0.4125874125874126,0.6620884676145343
15972,feedback_development,2,0.8977471321385575,0.8913043478260869,0.05608214849921011,0.21014492753623187,0.8349478672985783
15972,feedback_development,3,0.9088729382899242,0.8467153284671532,0.04344391785150079,0.25547445255474455,0.8081137440758307
15972,feedback_development,4,0.9136048534260206,0.8854961832061069,0.04660347551342812,0.2366412213740458,0.8275387045813591
15972,feedback_development,5,0.9122803251021936,0.8014705882352942,0.04344391785150079,0.36764705882352944,0.7319526066350721
15972,feedback_development,6,0.913076505130558,0.8636363636363636,0.037914691943127965,0.2818181818181818,0.8294091627172204
15973,static_quality,1,0.58,0.6296296296296297,0.18404423380726698,0.4962962962962963,0.6136303317535532
15973,static_quality,2,0.58,0.6458333333333334,0.18799368088467613,0.4652777777777778,0.6124928909952596
15973,static_quality,3,0.58,0.6532258064516129,0.20853080568720378,0.4596774193548387,0.6583917851500768
15973,static_quality,4,0.58,0.7050359712230215,0.20774091627172195,0.3597122302158273,0.6937345971563976
15973,static_quality,5,0.58,0.7175572519083969,0.20063191153238547,0.4198473282442748,0.670028436018957
15973,static_quality,6,0.58,0.6834532374100719,0.20616113744075829,0.4172661870503597,0.6534344391785138
15973,linear_development,1,0.7808907875390589,0.859375,0.13902053712480253,0.2734375,0.7858293838862569
15973,linear_development,2,0.8400188023489518,0.8292682926829268,0.1018957345971564,0.3089430894308943,0.7791848341232228
15973,linear_development,3,0.8756073339209991,0.8253968253968254,0.07582938388625593,0.29365079365079366,0.790085308056873
15973,linear_development,4,0.9027921760412665,0.9006622516556292,0.053712480252764615,0.2119205298013245,0.8200853080568732
15973,linear_development,5,0.9084132265950532,0.8432835820895522,0.038704581358609796,0.2462686567164179,0.8188625592417073
15973,linear_development,6,0.9087624309423799,0.8657718120805369,0.037914691943127965,0.2483221476510067,0.7987551342812025
15973,interaction_development,1,0.7455685912112945,0.7368421052631579,0.1524486571879937,0.3609022556390977,0.7166129541864138
15973,interaction_development,2,0.8700428933049396,0.782608695652174,0.0995260663507109,0.3167701863354037,0.7137883096366509
15973,interaction_development,3,0.9012150802658896,0.8666666666666667,0.05845181674565561,0.25925925925925924,0.8042906793048992
15973,interaction_development,4,0.9111370113027174,0.8923076923076924,0.05292259083728278,0.27692307692307694,0.8004676145339665
15973,interaction_development,5,0.9140432282679121,0.8832116788321168,0.044233807266982623,0.25547445255474455,0.807112164297
15973,interaction_development,6,0.914113509120607,0.8380281690140845,0.04028436018957346,0.2676056338028169,0.793876777251187
15973,feedback_development,1,0.7952752766497304,0.712,0.15086887835703003,0.376,0.7225055292259085
15973,feedback_development,2,0.8877936676022505,0.8867924528301887,0.06872037914691943,0.20754716981132076,0.8680537124802532
15973,feedback_development,3,0.9036849066102387,0.8790322580645161,0.04344391785150079,0.3225806451612903,0.7826919431279633
15973,feedback_development,4,0.9106353784038649,0.8294573643410853,0.04976303317535545,0.2558139534883721,0.8164044233807282
15973,feedback_development,5,0.9128965516327319,0.8531468531468531,0.045023696682464455,0.2937062937062937,0.7716998420221183
15973,feedback_development,6,0.9138216613820964,0.8662420382165605,0.04186413902053712,0.2802547770700637,0.762454976303319
15974,static_quality,1,0.58,0.7109375,0.18246445497630331,0.4140625,0.684745655608215
15974,static_quality,2,0.58,0.6197183098591549,0.1769352290679305,0.4647887323943662,0.6206413902053696
15974,static_quality,3,0.58,0.673469387755102,0.19826224328593997,0.43537414965986393,0.6252859399684018
15974,static_quality,4,0.58,0.6901408450704225,0.1872037914691943,0.4225352112676056,0.6478925750394922
15974,static_quality,5,0.58,0.6510067114093959,0.1911532385466035,0.4563758389261745,0.6067077409162694
15974,static_quality,6,0.58,0.7222222222222222,0.19194312796208532,0.40476190476190477,0.6925497630331748
15974,linear_development,1,0.7842495736292431,0.8226950354609929,0.1358609794628752,0.3120567375886525,0.7409383886255926
15974,linear_development,2,0.8400338224999115,0.8248175182481752,0.08135860979462875,0.3795620437956204,0.7127361769352296
15974,linear_development,3,0.8860822635395379,0.8831168831168831,0.05529225908372828,0.22727272727272727,0.8043949447077426
15974,linear_development,4,0.9011894376529936,0.9098360655737705,0.04739336492890995,0.2786885245901639,0.811797788309638
15974,linear_development,5,0.9053704853144398,0.8403361344537815,0.054502369668246446,0.29411764705882354,0.8048151658767785
15974,linear_development,6,0.9075044950498803,0.8809523809523809,0.045023696682464455,0.23809523809523808,0.8326319115323856
15974,interaction_development,1,0.7399328774080244,0.697841726618705,0.1579778830963665,0.4028776978417266,0.6749415481832531
15974,interaction_development,2,0.8631227267277684,0.8026315789473685,0.08214849921011058,0.3223684210526316,0.7278167456556092
15974,interaction_development,3,0.8955802479337507,0.8581560283687943,0.045023696682464455,0.3475177304964539,0.7366097946287526
15974,interaction_development,4,0.909322453486148,0.8920863309352518,0.038704581358609796,0.28776978417266186,0.7833586097946303
15974,interaction_development,5,0.9134486097661895,0.8515625,0.035545023696682464,0.2578125,0.8198736176935238
15974,interaction_development,6,0.9134729486950806,0.8602941176470589,0.045023696682464455,0.3014705882352941,0.7771879936808859
15974,feedback_development,1,0.842169040014906,0.7707006369426752,0.14928909952606634,0.33121019108280253,0.6970394944707735
15974,feedback_development,2,0.8997949342441409,0.8540145985401459,0.04976303317535545,0.25547445255474455,0.8062243285939981
15974,feedback_development,3,0.9116634167219713,0.9305555555555556,0.029225908372827805,0.19444444444444445,0.8463475513428125
15974,feedback_development,4,0.9139346102991456,0.8632478632478633,0.035545023696682464,0.26495726495726496,0.8301390205371253
15974,feedback_development,5,0.9134468773728139,0.864,0.037914691943127965,0.32,0.783898894154819
15974,feedback_development,6,0.9147628185134563,0.912751677852349,0.04186413902053712,0.2348993288590604,0.8076998420221193
15975,static_quality,1,0.58,0.6838235294117647,0.18088467614533965,0.4264705882352941,0.6598957345971556
15975,static_quality,2,0.58,0.6865671641791045,0.20063191153238547,0.4701492537313433,0.6297440758293831
15975,static_quality,3,0.58,0.6506849315068494,0.19036334913112166,0.4246575342465753,0.6373364928909938
15975,static_quality,4,0.58,0.6159420289855072,0.20616113744075829,0.463768115942029,0.6239810426540279
15975,static_quality,5,0.58,0.6518518518518519,0.20221169036334913,0.43703703703703706,0.6503475513428126
15975,static_quality,6,0.58,0.6214285714285714,0.20300157977883096,0.4714285714285714,0.6139810426540276
15975,linear_development,1,0.7723776291644193,0.7967479674796748,0.1429699842022117,0.3089430894308943,0.7699052132701434
15975,linear_development,2,0.8341905027485751,0.8695652173913043,0.08056872037914692,0.28695652173913044,0.8090679304897325
15975,linear_development,3,0.8730417310427376,0.8650793650793651,0.08214849921011058,0.2857142857142857,0.7934913112164309
15975,linear_development,4,0.8973644659267657,0.8609271523178808,0.04344391785150079,0.2847682119205298,0.7671785150079007
15975,linear_development,5,0.9066732709148034,0.8432835820895522,0.04897314375987362,0.23880597014925373,0.8214976303317545
15975,linear_development,6,0.9065273890516938,0.8794326241134752,0.0315955766192733,0.2907801418439716,0.7801042654028442
15975,interaction_development,1,0.7470437037813519,0.8387096774193549,0.1579778830963665,0.31451612903225806,0.7612733017377569
15975,interaction_development,2,0.8583737192594845,0.848,0.07898894154818326,0.28,0.7992575039494475
15975,interaction_development,3,0.8954809291527628,0.8740740740740741,0.04976303317535545,0.3037037037037037,0.7757440758293846
15975,interaction_development,4,0.9099488465690815,0.89171974522293,0.045023696682464455,0.29936305732484075,0.7458546603475525
15975,interaction_development,5,0.9145038583425813,0.8992805755395683,0.04265402843601896,0.22302158273381295,0.8281484992101116
15975,interaction_development,6,0.9139201342866241,0.8434782608695652,0.035545023696682464,0.30434782608695654,0.8099905213270155
15975,feedback_development,1,0.8080826699465619,0.7923076923076923,0.1429699842022117,0.35384615384615387,0.7293996840442343
15975,feedback_development,2,0.8852670994076361,0.7903225806451613,0.07266982622432859,0.3548387096774194,0.7556303317535557
15975,feedback_development,3,0.9041221456381481,0.8617886178861789,0.045023696682464455,0.2845528455284553,0.8073838862559256
15975,feedback_development,4,0.9103855309535975,0.8923076923076924,0.05529225908372828,0.2846153846153846,0.7948593996840455
15975,feedback_development,5,0.912860701257936,0.8680555555555556,0.035545023696682464,0.2916666666666667,0.7739431279620868
15975,feedback_development,6,0.9135843050885981,0.8652482269503546,0.035545023696682464,0.28368794326241137,0.7840947867298587
15976,static_quality,1,0.58,0.6821705426356589,0.19352290679304898,0.4186046511627907,0.6770047393364914
15976,static_quality,2,0.58,0.6060606060606061,0.18009478672985782,0.4621212121212121,0.6450774091627169
15976,static_quality,3,0.58,0.7380952380952381,0.1943127962085308,0.3888888888888889,0.702464454976303
15976,static_quality,4,0.58,0.626984126984127,0.19194312796208532,0.49206349206349204,0.6370268562401245
15976,static_quality,5,0.58,0.6106870229007634,0.20063191153238547,0.5114503816793893,0.6099842022116876
15976,static_quality,6,0.58,0.6299212598425197,0.19194312796208532,0.48031496062992124,0.6424454976303309
15976,linear_development,1,0.7719654005238594,0.7153284671532847,0.12480252764612954,0.3722627737226277,0.7081169036334916
15976,linear_development,2,0.8430944851319828,0.7847222222222222,0.08688783570300158,0.3055555555555556,0.7523033175355456
15976,linear_development,3,0.8756966576091951,0.8253968253968254,0.06003159557661927,0.3253968253968254,0.7731090047393374
15976,linear_development,4,0.9026660100578532,0.9019607843137255,0.044233807266982623,0.21568627450980393,0.8174818325434458
15976,linear_development,5,0.9076087857189195,0.8666666666666667,0.044233807266982623,0.23809523809523808,0.8583696682464446
15976,linear_development,6,0.9058537291631612,0.823076923076923,0.037914691943127965,0.3230769230769231,0.7742211690363366
15976,interaction_development,1,0.7300051586935046,0.7313432835820896,0.17061611374407584,0.41044776119402987,0.6776492890995254
15976,interaction_development,2,0.8554507734382633,0.8412698412698413,0.08846761453396525,0.2698412698412698,0.8025845181674577
15976,interaction_development,3,0.8962309725168915,0.8278145695364238,0.05766192733017378,0.31788079470198677,0.738543443917852
15976,interaction_development,4,0.9114163712137566,0.9057971014492754,0.04186413902053712,0.21739130434782608,0.8328499210110589
15976,interaction_development,5,0.9130195553295221,0.82,0.03238546603475513,0.30666666666666664,0.7545466034755146
15976,interaction_development,6,0.9133973034109972,0.8181818181818182,0.02448657187993681,0.2878787878787879,0.7964518167456563
15976,feedback_development,1,0.7831086529550784,0.7368421052631579,0.15560821484992102,0.44360902255639095,0.6599842022116885
15976,feedback_development,2,0.8954914060564487,0.8506493506493507,0.06398104265402843,0.2662337662337662,0.7724960505529234
15976,feedback_development,3,0.9055412557649962,0.7874015748031497,0.04660347551342812,0.33070866141732286,0.7717187993680898
15976,feedback_development,4,0.9097931574992275,0.8740157480314961,0.035545023696682464,0.2992125984251969,0.7940000000000021
15976,feedback_development,5,0.9119026801886336,0.89171974522293,0.03317535545023697,0.29936305732484075,0.749229067930491
15976,feedback_development,6,0.9148411871469995,0.9197080291970803,0.044233807266982623,0.18248175182481752,0.8584328593996849
15977,static_quality,1,0.58,0.6666666666666666,0.18246445497630331,0.4166666666666667,0.700423380726698
15977,static_quality,2,0.58,0.6474820143884892,0.19194312796208532,0.4172661870503597,0.6573554502369655
15977,static_quality,3,0.58,0.6617647058823529,0.19984202211690363,0.41911764705882354,0.6605497630331746
15977,static_quality,4,0.58,0.6959459459459459,0.19826224328593997,0.41216216216216217,0.6404928909952597
15977,static_quality,5,0.58,0.7578125,0.1895734597156398,0.3671875,0.7135860979462866
15977,static_quality,6,0.58,0.5714285714285714,0.1966824644549763,0.5338345864661654,0.5905624012638215
15977,linear_development,1,0.7564850354962325,0.7131782945736435,0.13191153238546605,0.4418604651162791,0.6764518167456554
15977,linear_development,2,0.8316899926962478,0.7902097902097902,0.09873617693522907,0.3356643356643357,0.7290110584518179
15977,linear_development,3,0.8762628790631268,0.8714285714285714,0.05845181674565561,0.2642857142857143,0.7942559241706183
15977,linear_development,4,0.8969360371556653,0.8503937007874016,0.05055292259083728,0.28346456692913385,0.8010932069510278
15977,linear_development,5,0.9055083872119731,0.8767123287671232,0.04265402843601896,0.273972602739726,0.7823001579778852
15977,linear_development,6,0.907086100046765,0.8646616541353384,0.05055292259083728,0.2706766917293233,0.800928909952608
15977,interaction_development,1,0.6860372268989812,0.6416666666666667,0.16113744075829384,0.5,0.6543349131121634
15977,interaction_development,2,0.8415101824860727,0.8258064516129032,0.11453396524486571,0.34838709677419355,0.6950963665086898
15977,interaction_development,3,0.8973796970412536,0.8944099378881988,0.053712480252764615,0.2608695652173913,0.7690584518167468
15977,interaction_development,4,0.9110474385515102,0.8758620689655172,0.044233807266982623,0.25517241379310346,0.7975292259083739
15977,interaction_development,5,0.9137480998880326,0.8633093525179856,0.03949447077409163,0.2517985611510791,0.8083064770932089
15977,interaction_development,6,0.9135675242436263,0.8740740740740741,0.035545023696682464,0.3037037037037037,0.7791090047393374
15977,feedback_development,1,0.8074019845352067,0.7903225806451613,0.15876777251184834,0.33064516129032256,0.7510142180094788
15977,feedback_development,2,0.8859652263038247,0.781021897810219,0.07109004739336493,0.38686131386861317,0.7103538704581362
15977,feedback_development,3,0.9062147973684336,0.8592592592592593,0.04186413902053712,0.24444444444444444,0.8183538704581371
15977,feedback_development,4,0.9123837373961337,0.8962962962962963,0.04660347551342812,0.24444444444444444,0.8172006319115338
15977,feedback_development,5,0.9134734649816547,0.8852459016393442,0.037914691943127965,0.2786885245901639,0.814044233807268
15977,feedback_development,6,0.9141475498695192,0.8695652173913043,0.03317535545023697,0.25217391304347825,0.84070458135861
15978,static_quality,1,0.58,0.6326530612244898,0.17614533965244866,0.46258503401360546,0.6100789889415469
15978,static_quality,2,0.58,0.6470588235294118,0.1943127962085308,0.47058823529411764,0.5855260663507083
15978,static_quality,3,0.58,0.6907894736842105,0.19510268562401265,0.4276315789473684,0.6207172195892557
15978,static_quality,4,0.58,0.6587301587301587,0.18167456556082148,0.47619047619047616,0.6498641390205364
15978,static_quality,5,0.58,0.6571428571428571,0.20300157977883096,0.42142857142857143,0.6496492890995251
15978,static_quality,6,0.58,0.6614173228346457,0.19589257503949448,0.48031496062992124,0.6410552922590825
15978,linear_development,1,0.7826381836397557,0.7419354838709677,0.14139020537124802,0.36129032258064514,0.6789636650868883
15978,linear_development,2,0.8389671943161601,0.7307692307692307,0.07898894154818326,0.36923076923076925,0.7339368088467623
15978,linear_development,3,0.8762362002577376,0.8270676691729323,0.05529225908372828,0.3007518796992481,0.7795576619273318
15978,linear_development,4,0.89497101260841,0.8642857142857143,0.045023696682464455,0.3357142857142857,0.7463886255924183
15978,linear_development,5,0.9035359699256227,0.8571428571428571,0.03949447077409163,0.2857142857142857,0.7736745655608233
15978,linear_development,6,0.9036167574151284,0.8,0.04028436018957346,0.31666666666666665,0.7934502369668266
15978,interaction_development,1,0.7541787949262293,0.7686567164179104,0.15955766192733017,0.3358208955223881,0.7304549763033165
15978,interaction_development,2,0.854380159745374,0.796875,0.08767772511848342,0.3515625,0.7472259083728289
15978,interaction_development,3,0.8922969095516502,0.7947019867549668,0.06398104265402843,0.3708609271523179,0.6973238546603491
15978,interaction_development,4,0.9072564681700548,0.875968992248062,0.054502369668246446,0.31007751937984496,0.7798293838862574
15978,interaction_development,5,0.9126557296094248,0.8524590163934426,0.045813586097946286,0.27049180327868855,0.8171911532385481
15978,interaction_development,6,0.9135578999754435,0.8851351351351351,0.04107424960505529,0.2702702702702703,0.7829541864139039
15978,feedback_development,1,0.7860471709870447,0.7054263565891473,0.14691943127962084,0.4186046511627907,0.6878199052132693
15978,feedback_development,2,0.8862171084770836,0.8613138686131386,0.0703001579778831,0.3284671532846715,0.7511974723538716
15978,feedback_development,3,0.9051126631891442,0.8676470588235294,0.03949447077409163,0.27941176470588236,0.7930015797788326
15978,feedback_development,4,0.9104838624743565,0.8432835820895522,0.03712480252764613,0.30597014925373134,0.7789225908372838
15978,feedback_development,5,0.9144608687288214,0.9076923076923077,0.04739336492890995,0.19230769230769232,0.8575639810426536
15978,feedback_development,6,0.913989985344132,0.8794326241134752,0.03949447077409163,0.2978723404255319,0.7729668246445514
15979,static_quality,1,0.58,0.7037037037037037,0.18641390205371247,0.4,0.6791753554502362
15979,static_quality,2,0.58,0.65,0.2014218009478673,0.45,0.72159241706161
15979,static_quality,3,0.58,0.6258992805755396,0.1990521327014218,0.460431654676259,0.6252385466034738
15979,static_quality,4,0.58,0.6423357664233577,0.19747235387045814,0.49635036496350365,0.6056145339652432
15979,static_quality,5,0.58,0.5833333333333334,0.22669826224328593,0.5833333333333334,0.5534976303317506
15979,static_quality,6,0.58,0.6846153846153846,0.1769352290679305,0.46923076923076923,0.6454818325434429
15979,linear_development,1,0.7751275540994038,0.7482517482517482,0.12480252764612954,0.3776223776223776,0.6929857819905219
15979,linear_development,2,0.8374703949788007,0.7870967741935484,0.09083728278041074,0.4064516129032258,0.6553680884676144
15979,linear_development,3,0.8776633028232672,0.8120300751879699,0.06398104265402843,0.2781954887218045,0.7930173775671411
15979,linear_development,4,0.8964211543696549,0.8222222222222222,0.05766192733017378,0.32592592592592595,0.7587582938388633
15979,linear_development,5,0.9057034572087959,0.8819444444444444,0.045023696682464455,0.2569444444444444,0.796824644549764
15979,linear_development,6,0.904519082335429,0.7804878048780488,0.04344391785150079,0.34146341463414637,0.7730426540284375
15979,interaction_development,1,0.7684661924008562,0.795774647887324,0.146129541864139,0.31690140845070425,0.7329636650868877
15979,interaction_development,2,0.8662194837038912,0.8194444444444444,0.09004739336492891,0.3402777777777778,0.7264360189573472
15979,interaction_development,3,0.9018614231382128,0.8627450980392157,0.04107424960505529,0.27450980392156865,0.7724802527646146
15979,interaction_development,4,0.9123290768017562,0.8740740740740741,0.035545023696682464,0.23703703703703705,0.8248846761453413
15979,interaction_development,5,0.9130628885512215,0.8602941176470589,0.030805687203791468,0.3161764705882353,0.7702906793048987
15979,interaction_development,6,0.9138961059979012,0.841726618705036,0.04107424960505529,0.2517985611510791,0.8085466034755151
15979,feedback_development,1,0.8110651340055641,0.7619047619047619,0.146129541864139,0.3253968253968254,0.7537914691943132
15979,feedback_development,2,0.8924524823604231,0.8306451612903226,0.06635071090047394,0.2661290322580645,0.8127835703001594
15979,feedback_development,3,0.9076716419273994,0.8308823529411765,0.05845181674565561,0.2426470588235294,0.8141516587677746
15979,feedback_development,4,0.910729859292747,0.8503401360544217,0.04344391785150079,0.3401360544217687,0.7311500789889426
15979,feedback_development,5,0.9122581843825415,0.8727272727272727,0.037914691943127965,0.2909090909090909,0.8247867298578198
15979,feedback_development,6,0.9135386541475801,0.88,0.045813586097946286,0.248,0.8276334913112176
15980,static_quality,1,0.58,0.7196969696969697,0.20695102685624012,0.4318181818181818,0.6588246445497616
15980,static_quality,2,0.58,0.6666666666666666,0.21406003159557663,0.4318181818181818,0.657004739336492
15980,static_quality,3,0.58,0.7033898305084746,0.20695102685624012,0.4576271186440678,0.6740379146919422
15980,static_quality,4,0.58,0.6307692307692307,0.19273301737756715,0.45384615384615384,0.6519810426540265
15980,static_quality,5,0.58,0.6985294117647058,0.2093206951026856,0.40441176470588236,0.6686003159557659
15980,static_quality,6,0.58,0.7121212121212122,0.21248025276461296,0.4090909090909091,0.6727330173775664
15980,linear_development,1,0.7741254651206646,0.7835820895522388,0.13270142180094788,0.35074626865671643,0.7264802527646116
15980,linear_development,2,0.8336778807138019,0.8490566037735849,0.10505529225908374,0.2641509433962264,0.8290963665086882
15980,linear_development,3,0.8657140928097662,0.7933884297520661,0.053712480252764615,0.371900826446281,0.7545529225908381
15980,linear_development,4,0.8906458977941991,0.832,0.05529225908372828,0.288,0.7998894154818337
15980,linear_development,5,0.9024656601690081,0.7804878048780488,0.05766192733017378,0.3008130081300813,0.794622432859401
15980,linear_development,6,0.906479439371614,0.8775510204081632,0.0339652448657188,0.2585034013605442,0.7950268562401285
15980,interaction_development,1,0.7212540935570338,0.7109375,0.17061611374407584,0.421875,0.6822843601895721
15980,interaction_development,2,0.8542812649868585,0.8270676691729323,0.0924170616113744,0.2781954887218045,0.786388625592417
15980,interaction_development,3,0.898141348398003,0.8814814814814815,0.05055292259083728,0.23703703703703705,0.8213238546603491
15980,interaction_development,4,0.9100497748472826,0.8931297709923665,0.045023696682464455,0.2824427480916031,0.7970584518167476
15980,interaction_development,5,0.9136743966985152,0.8936170212765957,0.030805687203791468,0.2553191489361702,0.8053902053712493
15980,interaction_development,6,0.9126250812903685,0.8417721518987342,0.036334913112164295,0.34177215189873417,0.7133522906793061
15980,feedback_development,1,0.8100994975608499,0.7872340425531915,0.15086887835703003,0.3900709219858156,0.6818420221169038
15980,feedback_development,2,0.8917611560019267,0.8739495798319328,0.07187993680884676,0.25210084033613445,0.8266635071090057
15980,feedback_development,3,0.9044364077324962,0.8148148148148148,0.03949447077409163,0.2962962962962963,0.8241358609794641
15980,feedback_development,4,0.9099963952694563,0.8391608391608392,0.044233807266982623,0.3146853146853147,0.7571090047393382
15980,feedback_development,5,0.9117312893194689,0.816,0.03317535545023697,0.336,0.7747551342812019
15980,feedback_development,6,0.9138984425820622,0.8947368421052632,0.045813586097946286,0.22556390977443608,0.831807266982623
15981,static_quality,1,0.58,0.6384615384615384,0.18641390205371247,0.4153846153846154,0.6791406003159552
15981,static_quality,2,0.58,0.7903225806451613,0.19510268562401265,0.3629032258064516,0.7221263823064774
15981,static_quality,3,0.58,0.7054794520547946,0.19036334913112166,0.3904109589041096,0.6621800947867296
15981,static_quality,4,0.58,0.6991869918699187,0.1895734597156398,0.43902439024390244,0.6779684044233801
15981,static_quality,5,0.58,0.7,0.1911532385466035,0.36666666666666664,0.7284107424960499
15981,static_quality,6,0.58,0.6190476190476191,0.18325434439178515,0.48299319727891155,0.5937282780410726
15981,linear_development,1,0.7821921991713434,0.8296296296296296,0.12954186413902052,0.28888888888888886,0.767428120063192
15981,linear_development,2,0.8498623840698871,0.8355263157894737,0.08135860979462875,0.3223684210526316,0.7281042654028448
15981,linear_development,3,0.8795611249999306,0.8387096774193549,0.06477093206951026,0.31451612903225806,0.7829289099526076
15981,linear_development,4,0.9009657724842742,0.8811188811188811,0.04897314375987362,0.26573426573426573,0.7908815165876789
15981,linear_development,5,0.9071447108950422,0.8852459016393442,0.04344391785150079,0.2459016393442623,0.8331374407582945
15981,linear_development,6,0.9063051073094435,0.8309859154929577,0.04186413902053712,0.30985915492957744,0.7622875197472363
15981,interaction_development,1,0.7510004829667691,0.75,0.15876777251184834,0.35294117647058826,0.7152417061611374
15981,interaction_development,2,0.8567975670166462,0.7573529411764706,0.08530805687203792,0.34558823529411764,0.7372417061611383
15981,interaction_development,3,0.899780136859152,0.9015151515151515,0.03949447077409163,0.21212121212121213,0.843974723538705
15981,interaction_development,4,0.910745234443046,0.8617886178861789,0.03475513428120063,0.2682926829268293,0.8203791469194325
15981,interaction_development,5,0.9150402956708,0.8583333333333333,0.038704581358609796,0.19166666666666668,0.8697093206951019
15981,interaction_development,6,0.9149026012682016,0.8926174496644296,0.03712480252764613,0.2550335570469799,0.7939778830963685
15981,feedback_development,1,0.7944527117816593,0.7542372881355932,0.15086887835703003,0.3474576271186441,0.7528751974723531
15981,feedback_development,2,0.8948123773315511,0.8823529411764706,0.05608214849921011,0.23529411764705882,0.8196366508688797
15981,feedback_development,3,0.9085503472346357,0.88,0.04818325434439179,0.26666666666666666,0.7805845181674579
15981,feedback_development,4,0.9138801405360321,0.8881578947368421,0.04186413902053712,0.2236842105263158,0.8128404423380745
15981,feedback_development,5,0.9124740450219097,0.815068493150685,0.0339652448657188,0.363013698630137,0.7191943127962098
15981,feedback_development,6,0.9139139121379158,0.8702290076335878,0.030015797788309637,0.25190839694656486,0.821124802527647
15982,static_quality,1,0.58,0.675,0.17772511848341233,0.425,0.6100157977883098
15982,static_quality,2,0.58,0.71900826446281,0.21248025276461296,0.4214876033057851,0.6876492890995255
15982,static_quality,3,0.58,0.6976744186046512,0.1769352290679305,0.40310077519379844,0.691090047393364
15982,static_quality,4,0.58,0.6101694915254238,0.19747235387045814,0.5169491525423728,0.6414249605055277
15982,static_quality,5,0.58,0.6532258064516129,0.20853080568720378,0.3951612903225806,0.6991121642969981
15982,static_quality,6,0.58,0.672566371681416,0.18562401263823064,0.45132743362831856,0.6946034755134275
15982,linear_development,1,0.7737494422639141,0.7552447552447552,0.13428120063191154,0.38461538461538464,0.6854249605055287
15982,linear_development,2,0.8335074335281096,0.7202797202797203,0.08688783570300158,0.40559440559440557,0.6813680884676144
15982,linear_development,3,0.8708450733740121,0.8666666666666667,0.06398104265402843,0.3333333333333333,0.7527109004739342
15982,linear_development,4,0.8979009665334561,0.8549618320610687,0.04897314375987362,0.22137404580152673,0.8367424960505533
15982,linear_development,5,0.9064184182139794,0.891156462585034,0.045023696682464455,0.2585034013605442,0.791984202211692
15982,linear_development,6,0.9063473869336081,0.875,0.04107424960505529,0.2833333333333333,0.8136998420221178
15982,interaction_development,1,0.738582207979512,0.7142857142857143,0.15402843601895735,0.38345864661654133,0.7012385466034755
15982,interaction_development,2,0.8466450120854305,0.7933884297520661,0.10584518167456557,0.3305785123966942,0.7682053712480257
15982,interaction_development,3,0.8929999133547695,0.8473282442748091,0.052132701421800945,0.2748091603053435,0.8005213270142191
15982,interaction_development,4,0.9072725336935346,0.8442622950819673,0.04186413902053712,0.28688524590163933,0.8087646129541879
15982,interaction_development,5,0.9118623163565893,0.8602941176470589,0.04976303317535545,0.3161764705882353,0.7664960505529238
15982,interaction_development,6,0.9132012053755475,0.8548387096774194,0.03475513428120063,0.2661290322580645,0.8199557661927349
15982,feedback_development,1,0.8081914607505841,0.6923076923076923,0.1500789889415482,0.40559440559440557,0.6667772511848334
15982,feedback_development,2,0.8935094996499512,0.8731343283582089,0.06872037914691943,0.27611940298507465,0.791778830963666
15982,feedback_development,3,0.9086368191449579,0.8590604026845637,0.04976303317535545,0.24161073825503357,0.800985781990523
15982,feedback_development,4,0.9123374526980093,0.8682170542635659,0.045813586097946286,0.27906976744186046,0.8017472353870466
15982,feedback_development,5,0.9130914381528664,0.9304347826086956,0.044233807266982623,0.2956521739130435,0.8126097946287528
15982,feedback_development,6,0.9148020242441905,0.8666666666666667,0.030805687203791468,0.21666666666666667,0.856388625592418
15983,static_quality,1,0.58,0.6666666666666666,0.20458135860979462,0.425531914893617,0.64403475513428
15983,static_quality,2,0.58,0.6148148148148148,0.1943127962085308,0.4962962962962963,0.6117409162717208
15983,static_quality,3,0.58,0.6779661016949152,0.20063191153238547,0.4152542372881356,0.7013112164296987
15983,static_quality,4,0.58,0.6428571428571429,0.20063191153238547,0.4357142857142857,0.6400758293838856
15983,static_quality,5,0.58,0.6590909090909091,0.1769352290679305,0.48484848484848486,0.630669826224328
15983,static_quality,6,0.58,0.7481481481481481,0.19747235387045814,0.3851851851851852,0.6865276461295418
15983,linear_development,1,0.7856499534795691,0.8533333333333334,0.14218009478672985,0.3333333333333333,0.7088562401263833
15983,linear_development,2,0.8514480061219383,0.8529411764705882,0.07898894154818326,0.2647058823529412,0.7946824644549775
15983,linear_development,3,0.8806903420978385,0.8134328358208955,0.06398104265402843,0.3358208955223881,0.7520979462875194
15983,linear_development,4,0.898143827761904,0.8709677419354839,0.04186413902053712,0.3064516129032258,0.7930458135860994
15983,linear_development,5,0.9030137570660108,0.841726618705036,0.030805687203791468,0.3237410071942446,0.7600726698262253
15983,linear_development,6,0.905870343736574,0.881578947368421,0.03475513428120063,0.27631578947368424,0.7740853080568739
15983,interaction_development,1,0.704866833776581,0.6846153846153846,0.15955766192733017,0.47692307692307695,0.644796208530806
15983,interaction_development,2,0.8337655883470241,0.7578125,0.10742496050552923,0.3515625,0.7427930489731447
15983,interaction_development,3,0.8851033225691711,0.8333333333333334,0.07424960505529225,0.3333333333333333,0.7552796208530814
15983,interaction_development,4,0.9074069259122906,0.8456375838926175,0.04028436018957346,0.26174496644295303,0.7880821484992119
15983,interaction_development,5,0.9110797983595984,0.8120300751879699,0.054502369668246446,0.3383458646616541,0.7551026856240136
15983,interaction_development,6,0.911436775729852,0.8130081300813008,0.04186413902053712,0.3333333333333333,0.7778736176935237
15983,feedback_development,1,0.8086697902917479,0.6962962962962963,0.13270142180094788,0.37037037037037035,0.711263823064771
15983,feedback_development,2,0.883348758101389,0.7807017543859649,0.05766192733017378,0.34210526315789475,0.7842401263823076
15983,feedback_development,3,0.9034378610979095,0.8717948717948718,0.04660347551342812,0.26495726495726496,0.8270331753554507
15983,feedback_development,4,0.9111097319779136,0.8611111111111112,0.04660347551342812,0.2569444444444444,0.7965971563981051
15983,feedback_development,5,0.9139275566102703,0.8582677165354331,0.03317535545023697,0.2283464566929134,0.8402969984202219
15983,feedback_development,6,0.9146941319250301,0.8741258741258742,0.044233807266982623,0.24475524475524477,0.8075165876777267
15984,static_quality,1,0.58,0.7142857142857143,0.20537124802527645,0.41496598639455784,0.6383917851500781
15984,static_quality,2,0.58,0.6408450704225352,0.1872037914691943,0.4788732394366197,0.6077819905213266
15984,static_quality,3,0.58,0.589041095890411,0.21879936808846762,0.4520547945205479,0.6105529225908349
15984,static_quality,4,0.58,0.6834532374100719,0.18088467614533965,0.4316546762589928,0.6495039494470766
15984,static_quality,5,0.58,0.6451612903225806,0.18562401263823064,0.46774193548387094,0.6588088467614532
15984,static_quality,6,0.58,0.6590909090909091,0.2037914691943128,0.42424242424242425,0.6645181674565546
15984,linear_development,1,0.7779191306433567,0.7664233576642335,0.12954186413902052,0.3357664233576642,0.7325213270142177
15984,linear_development,2,0.8368394004420777,0.7555555555555555,0.08846761453396525,0.37037037037037035,0.7210963665086892
15984,linear_development,3,0.8755781697901563,0.9152542372881356,0.07661927330173776,0.2457627118644068,0.8304454976303328
15984,linear_development,4,0.8951656742368569,0.8444444444444444,0.05766192733017378,0.32592592592592595,0.7588720379146935
15984,linear_development,5,0.9037356790936103,0.8205128205128205,0.04660347551342812,0.28205128205128205,0.8172543443917857
15984,linear_development,6,0.9074815651955439,0.8823529411764706,0.045813586097946286,0.22794117647058823,0.8275418641390221
15984,interaction_development,1,0.7407723220467521,0.7122302158273381,0.16192733017377567,0.39568345323741005,0.6790363349131111
15984,interaction_development,2,0.8692610669086438,0.8176100628930818,0.07661927330173776,0.3018867924528302,0.73401579778831
15984,interaction_development,3,0.8979304492508866,0.8015267175572519,0.05292259083728278,0.32061068702290074,0.7703917851500802
15984,interaction_development,4,0.909669697386148,0.8424657534246576,0.045813586097946286,0.3013698630136986,0.7613996840442356
15984,interaction_development,5,0.9108746532448897,0.8507462686567164,0.03949447077409163,0.3656716417910448,0.7380094786729882
15984,interaction_development,6,0.9128087082242186,0.8962962962962963,0.036334913112164295,0.2740740740740741,0.7992511848341245
15984,feedback_development,1,0.8126331161887925,0.7142857142857143,0.16429699842022116,0.37857142857142856,0.6885687203791464
15984,feedback_development,2,0.8945980339902022,0.8813559322033898,0.06003159557661927,0.211864406779661,0.8548783570300155
15984,feedback_development,3,0.9059799706962248,0.7727272727272727,0.04265402843601896,0.3106060606060606,0.7776682464454988
15984,feedback_development,4,0.9114186040224299,0.8175675675675675,0.03317535545023697,0.2905405405405405,0.769715639810428
15984,feedback_development,5,0.9130538642437083,0.8473282442748091,0.04186413902053712,0.2900763358778626,0.7928751974723548
15984,feedback_development,6,0.9141340059859738,0.8740740740740741,0.0339652448657188,0.25925925925925924,0.8102148499210128
15985,static_quality,1,0.58,0.6129032258064516,0.2037914691943128,0.532258064516129,0.614233807266981
15985,static_quality,2,0.58,0.6459627329192547,0.2037914691943128,0.4409937888198758,0.5885086887835685
15985,static_quality,3,0.58,0.6776315789473685,0.19036334913112166,0.4144736842105263,0.6323064770932061
15985,static_quality,4,0.58,0.6875,0.19194312796208532,0.4375,0.667127962085307
15985,static_quality,5,0.58,0.6617647058823529,0.17772511848341233,0.47794117647058826,0.6253554502369657
15985,static_quality,6,0.58,0.6917808219178082,0.1943127962085308,0.3767123287671233,0.6718578199052122
15985,linear_development,1,0.777528536331578,0.7536231884057971,0.1263823064770932,0.34057971014492755,0.7282843601895745
15985,linear_development,2,0.8507539468710006,0.8076923076923077,0.09162717219589257,0.3076923076923077,0.7305781990521325
15985,linear_development,3,0.8862700709364595,0.8731343283582089,0.07187993680884676,0.2537313432835821,0.806575039494472
15985,linear_development,4,0.9012977276886782,0.8461538461538461,0.04265402843601896,0.2846153846153846,0.7980631911532401
15985,linear_development,5,0.906294970847771,0.8721804511278195,0.04265402843601896,0.2631578947368421,0.8083191153238558
15985,linear_development,6,0.9052683023163843,0.8372093023255814,0.04739336492890995,0.3333333333333333,0.7661674565560833
15985,interaction_development,1,0.7619413851016593,0.7464788732394366,0.16982622432859398,0.3380281690140845,0.7130142180094793
15985,interaction_development,2,0.8695745760170128,0.8125,0.07661927330173776,0.2986111111111111,0.7593680884676152
15985,interaction_development,3,0.899296605443028,0.8859649122807017,0.04739336492890995,0.23684210526315788,0.8476840442338072
15985,interaction_development,4,0.9106786192839451,0.8914728682170543,0.036334913112164295,0.26356589147286824,0.8144707740916289
15985,interaction_development,5,0.9142300419812512,0.8842975206611571,0.04660347551342812,0.23140495867768596,0.8425655608214847
15985,interaction_development,6,0.9151289371910263,0.8807947019867549,0.04107424960505529,0.23178807947019867,0.8084107424960526
15985,feedback_development,1,0.7815338634499407,0.7063492063492064,0.15165876777251186,0.42063492063492064,0.6923001579778822
15985,feedback_development,2,0.87990437163649,0.76,0.07266982622432859,0.344,0.761001579778832
15985,feedback_development,3,0.9056168784450302,0.927007299270073,0.04028436018957346,0.22627737226277372,0.8285781990521338
15985,feedback_development,4,0.9094754192587071,0.831081081081081,0.037914691943127965,0.34459459459459457,0.7278672985782005
15985,feedback_development,5,0.9121637781079701,0.9136690647482014,0.035545023696682464,0.2949640287769784,0.779545023696684
15985,feedback_development,6,0.9129912295111318,0.8560606060606061,0.04265402843601896,0.29545454545454547,0.7876240126382321
15986,static_quality,1,0.58,0.6046511627906976,0.18167456556082148,0.4573643410852713,0.6543728278041056
15986,static_quality,2,0.58,0.5474452554744526,0.16587677725118483,0.48905109489051096,0.6178451816745634
15986,static_quality,3,0.58,0.6461538461538462,0.19352290679304898,0.4153846153846154,0.6769573459715629
15986,static_quality,4,0.58,0.7238805970149254,0.174565560821485,0.41044776119402987,0.676856240126382
15986,static_quality,5,0.58,0.6583333333333333,0.2109004739336493,0.49166666666666664,0.647661927330173
15986,static_quality,6,0.58,0.6357142857142857,0.20221169036334913,0.5142857142857142,0.5838135860979444
15986,linear_development,1,0.7959445944029571,0.8689655172413793,0.12006319115323855,0.2482758620689655,0.7846571879936813
15986,linear_development,2,0.8556383181288714,0.7931034482758621,0.07740916271721959,0.3103448275862069,0.7493238546603481
15986,linear_development,3,0.8841589895155878,0.8527131782945736,0.05924170616113744,0.31007751937984496,0.7787930489731442
15986,linear_development,4,0.9067341619320135,0.9183673469387755,0.03712480252764613,0.19047619047619047,0.8446161137440764
15986,linear_development,5,0.9069632703025838,0.8266666666666667,0.04107424960505529,0.30666666666666664,0.7527014218009489
15986,linear_development,6,0.9085438232898477,0.9083969465648855,0.04739336492890995,0.22900763358778625,0.8323033175355464
15986,interaction_development,1,0.7276378497331117,0.7412587412587412,0.15086887835703003,0.44755244755244755,0.6361800947867291
15986,interaction_development,2,0.8426935975963272,0.7681159420289855,0.08925750394944708,0.391304347826087,0.7017061611374418
15986,interaction_development,3,0.8947830737869594,0.85,0.05055292259083728,0.25,0.8060600315955783
15986,interaction_development,4,0.9084853065784437,0.8523489932885906,0.03712480252764613,0.3087248322147651,0.7536366508688799
15986,interaction_development,5,0.9132069394350792,0.8740157480314961,0.04107424960505529,0.23622047244094488,0.8338578199052141
15986,interaction_development,6,0.9119842080096014,0.8014705882352942,0.037914691943127965,0.36764705882352944,0.7332195892575053
15986,feedback_development,1,0.816804102478589,0.7828947368421053,0.12796208530805686,0.40131578947368424,0.6567393364928913
15986,feedback_development,2,0.8875527640775366,0.8264462809917356,0.053712480252764615,0.3305785123966942,0.7801769352290684
15986,feedback_development,3,0.9061933822273525,0.8705035971223022,0.04107424960505529,0.2589928057553957,0.8031311216429713
15986,feedback_development,4,0.9117406463150728,0.852112676056338,0.054502369668246446,0.2746478873239437,0.7849225908372844
15986,feedback_development,5,0.9146845955285767,0.9029850746268657,0.044233807266982623,0.208955223880597,0.8430900473933666
15986,feedback_development,6,0.9154868570577823,0.8984375,0.04265402843601896,0.2109375,0.848265402843603
15987,static_quality,1,0.58,0.704225352112676,0.19036334913112166,0.3732394366197183,0.6831911532385467
15987,static_quality,2,0.58,0.6545454545454545,0.19984202211690363,0.41818181818181815,0.7158894154818322
15987,static_quality,3,0.58,0.6412213740458015,0.1911532385466035,0.44274809160305345,0.6577061611374396
15987,static_quality,4,0.58,0.6062992125984252,0.1966824644549763,0.4645669291338583,0.6519146919431279
15987,static_quality,5,0.58,0.704,0.18009478672985782,0.384,0.7105339652448649
15987,static_quality,6,0.58,0.6691176470588235,0.2037914691943128,0.4338235294117647,0.6494060031595574
15987,linear_development,1,0.7695315856218027,0.7804878048780488,0.13428120063191154,0.3333333333333333,0.7562053712480254
15987,linear_development,2,0.8477111238465531,0.8533333333333334,0.0947867298578199,0.2733333333333333,0.7653965244865725
15987,linear_development,3,0.8791689759641771,0.8484848484848485,0.06951026856240126,0.32575757575757575,0.7612259083728287
15987,linear_development,4,0.9026603866794976,0.8529411764705882,0.04660347551342812,0.21323529411764705,0.8372985781990517
15987,linear_development,5,0.9062736116612324,0.8604651162790697,0.053712480252764615,0.29457364341085274,0.7903317535545028
15987,linear_development,6,0.9070934547536466,0.8633540372670807,0.04028436018957346,0.2670807453416149,0.7682590837282798
15987,interaction_development,1,0.695507689502803,0.6967213114754098,0.19273301737756715,0.47540983606557374,0.657200631911531
15987,interaction_development,2,0.829787206592496,0.8046875,0.11374407582938388,0.3515625,0.7406982622432866
15987,interaction_development,3,0.8947302487638753,0.8666666666666667,0.06477093206951026,0.23333333333333334,0.8026951026856255
15987,interaction_development,4,0.9106733812626929,0.912,0.045023696682464455,0.208,0.8530489731437597
15987,interaction_development,5,0.914674576150038,0.8976377952755905,0.026856240126382307,0.2283464566929134,0.8420284360189583
15987,interaction_development,6,0.9138593817232217,0.8646616541353384,0.05055292259083728,0.3157894736842105,0.7709067930489744
15987,feedback_development,1,0.8328771702175208,0.7986111111111112,0.13428120063191154,0.3194444444444444,0.7310552922590843
15987,feedback_development,2,0.8940916666670966,0.8270676691729323,0.06556082148499211,0.3383458646616541,0.7526698262243301
15987,feedback_development,3,0.9047665358254318,0.8571428571428571,0.04186413902053712,0.31092436974789917,0.7982053712480264
15987,feedback_development,4,0.911177727815113,0.8938053097345132,0.04739336492890995,0.23893805309734514,0.8476587677725127
15987,feedback_development,5,0.9153468776383948,0.8859060402684564,0.02843601895734597,0.174496644295302,0.8563728278041075
15987,feedback_development,6,0.9153266377613356,0.8881118881118881,0.03949447077409163,0.24475524475524477,0.8080758293838886
15988,static_quality,1,0.58,0.7076923076923077,0.174565560821485,0.4076923076923077,0.6869383886255921
15988,static_quality,2,0.58,0.697841726618705,0.1990521327014218,0.4244604316546763,0.6503854660347549
15988,static_quality,3,0.58,0.6219512195121951,0.19510268562401265,0.49390243902439024,0.5397819905213247
15988,static_quality,4,0.58,0.6875,0.19273301737756715,0.4296875,0.6723064770932067
15988,static_quality,5,0.58,0.5761589403973509,0.2132701421800948,0.5099337748344371,0.5563728278041045
15988,static_quality,6,0.58,0.7323943661971831,0.19984202211690363,0.4295774647887324,0.6400505529225896
15988,linear_development,1,0.7723379639773039,0.7380952380952381,0.11532385466034756,0.3253968253968254,0.7610394944707749
15988,linear_development,2,0.8331714644733068,0.8050847457627118,0.08530805687203792,0.3050847457627119,0.7932669826224339
15988,linear_development,3,0.8713429293989177,0.7583892617449665,0.05924170616113744,0.3624161073825503,0.7080789889415486
15988,linear_development,4,0.9000190302272502,0.8353658536585366,0.04265402843601896,0.25609756097560976,0.7724233807267
15988,linear_development,5,0.905301098675928,0.823943661971831,0.0339652448657188,0.3028169014084507,0.7692669826224338
15988,linear_development,6,0.9063977271349857,0.8759124087591241,0.045813586097946286,0.27007299270072993,0.7973775671406023
15988,interaction_development,1,0.7243227051395011,0.6639344262295082,0.19194312796208532,0.38524590163934425,0.7128088467614532
15988,interaction_development,2,0.8459855242848464,0.8015267175572519,0.08925750394944708,0.3282442748091603,0.756173775671406
15988,interaction_development,3,0.8896251036754792,0.8283582089552238,0.05292259083728278,0.3283582089552239,0.7601232227488166
15988,interaction_development,4,0.9103542089584098,0.8774193548387097,0.052132701421800945,0.23870967741935484,0.7955734597156414
15988,interaction_development,5,0.9128403677128242,0.8402777777777778,0.026066350710900472,0.3055555555555556,0.7661611374407593
15988,interaction_development,6,0.9144059853482522,0.8794326241134752,0.04107424960505529,0.22695035460992907,0.8233617693522921
15988,feedback_development,1,0.8409738577567969,0.8194444444444444,0.12796208530805686,0.2847222222222222,0.757469194312796
15988,feedback_development,2,0.8946917905443115,0.8728813559322034,0.05134281200631911,0.2966101694915254,0.8065466034755149
15988,feedback_development,3,0.9088126842776906,0.8874172185430463,0.04660347551342812,0.2582781456953642,0.7866445497630349
15988,feedback_development,4,0.9134470609552297,0.9015151515151515,0.04818325434439179,0.23484848484848486,0.8270742496050564
15988,feedback_development,5,0.9144073183220094,0.8705035971223022,0.03949447077409163,0.2517985611510791,0.8089194312796227
15988,feedback_development,6,0.9139044993586448,0.8695652173913043,0.02843601895734597,0.2971014492753623,0.7808751974723553
15989,static_quality,1,0.58,0.6491228070175439,0.20774091627172195,0.45614035087719296,0.6842464454976285
15989,static_quality,2,0.58,0.6936936936936937,0.20458135860979462,0.3783783783783784,0.7355766192733015
15989,static_quality,3,0.58,0.6054421768707483,0.1769352290679305,0.4557823129251701,0.6154091627172191
15989,static_quality,4,0.58,0.7355371900826446,0.1627172195892575,0.4049586776859504,0.7096556082148496
15989,static_quality,5,0.58,0.6758620689655173,0.21879936808846762,0.4413793103448276,0.620448657187992
15989,static_quality,6,0.58,0.6853146853146853,0.18325434439178515,0.42657342657342656,0.6442685624012631
15989,linear_development,1,0.777173413946241,0.7681159420289855,0.14139020537124802,0.34057971014492755,0.7242116903633494
15989,linear_development,2,0.8378393123479938,0.8062015503875969,0.09083728278041074,0.3333333333333333,0.7564391785150082
15989,linear_development,3,0.8729287587597787,0.8034188034188035,0.07345971563981042,0.28205128205128205,0.8113017377567157
15989,linear_development,4,0.8956392576724265,0.823076923076923,0.044233807266982623,0.27692307692307694,0.8028183254344415
15989,linear_development,5,0.9045636679185054,0.864,0.045813586097946286,0.272,0.812353870458137
15989,linear_development,6,0.9053220481553887,0.841726618705036,0.045813586097946286,0.2949640287769784,0.7768372827804121
15989,interaction_development,1,0.7586306898298135,0.7375886524822695,0.1358609794628752,0.3475177304964539,0.7154628751974725
15989,interaction_development,2,0.8574947803544788,0.8045112781954887,0.08056872037914692,0.3533834586466165,0.7385687203791478
15989,interaction_development,3,0.8936750621534197,0.8135593220338984,0.05608214849921011,0.2796610169491525,0.8148088467614545
15989,interaction_development,4,0.9065857800649468,0.8203125,0.04976303317535545,0.328125,0.7712606635071106
15989,interaction_development,5,0.9135590401528524,0.8701298701298701,0.038704581358609796,0.23376623376623376,0.8035671406003172
15989,interaction_development,6,0.9144648963411909,0.9027777777777778,0.044233807266982623,0.2569444444444444,0.7972954186413921
15989,feedback_development,1,0.8094138087663169,0.7723577235772358,0.13112164296998421,0.3170731707317073,0.7675955766192735
15989,feedback_development,2,0.879362497922978,0.8130841121495327,0.07582938388625593,0.37383177570093457,0.7749510268562413
15989,feedback_development,3,0.9009154459886286,0.822429906542056,0.04265402843601896,0.2897196261682243,0.8284328593996845
15989,feedback_development,4,0.9100458112423558,0.8648648648648649,0.04660347551342812,0.2635135135135135,0.7868278041074263
15989,feedback_development,5,0.9133208187922021,0.8827586206896552,0.03238546603475513,0.25517241379310346,0.7997282780410759
15989,feedback_development,6,0.914036468252833,0.8961038961038961,0.03238546603475513,0.24025974025974026,0.8003507109004762
15990,static_quality,1,0.58,0.6744186046511628,0.19589257503949448,0.4806201550387597,0.635996840442337
15990,static_quality,2,0.58,0.7155172413793104,0.20221169036334913,0.4224137931034483,0.7003349131121649
15990,static_quality,3,0.58,0.6641221374045801,0.1872037914691943,0.4732824427480916,0.6382906793048956
15990,static_quality,4,0.58,0.5984251968503937,0.20695102685624012,0.47244094488188976,0.6437030015797781
15990,static_quality,5,0.58,0.6643835616438356,0.19273301737756715,0.4383561643835616,0.6265971563981027
15990,static_quality,6,0.58,0.6551724137931034,0.17851500789889416,0.4482758620689655,0.6251406003159542
15990,linear_development,1,0.7897374281436341,0.7610062893081762,0.13270142180094788,0.33962264150943394,0.6909289099526073
15990,linear_development,2,0.8550623708267954,0.8776978417266187,0.08135860979462875,0.2517985611510791,0.7987993680884694
15990,linear_development,3,0.8829446533850709,0.8532110091743119,0.05608214849921011,0.26605504587155965,0.8351816745655612
15990,linear_development,4,0.8992786436481568,0.8263888888888888,0.045813586097946286,0.3263888888888889,0.7464107424960527
15990,linear_development,5,0.9046984661479405,0.8666666666666667,0.045023696682464455,0.28888888888888886,0.7863191153238558
15990,linear_development,6,0.9045411332523109,0.8507462686567164,0.03238546603475513,0.31343283582089554,0.7747709320695121
15990,interaction_development,1,0.7245574709493816,0.6940298507462687,0.18088467614533965,0.43283582089552236,0.6599968404423384
15990,interaction_development,2,0.85381983903925,0.837037037037037,0.08767772511848342,0.2962962962962963,0.7725687203791481
15990,interaction_development,3,0.8942601261005463,0.8297872340425532,0.04818325434439179,0.3120567375886525,0.7613744075829401
15990,interaction_development,4,0.9078117854958747,0.8333333333333334,0.04265402843601896,0.2719298245614035,0.8286571879936819
15990,interaction_development,5,0.9132090321694744,0.9009009009009009,0.045023696682464455,0.24324324324324326,0.847759873617694
15990,interaction_development,6,0.9145491566091858,0.8666666666666667,0.037914691943127965,0.25333333333333335,0.7936113744075844
15990,feedback_development,1,0.8069842568463695,0.7384615384615385,0.13902053712480253,0.36153846153846153,0.7250489731437598
15990,feedback_development,2,0.8958127578188155,0.8082191780821918,0.05845181674565561,0.2808219178082192,0.7741327014218029
15990,feedback_development,3,0.908808979377922,0.8560606060606061,0.037914691943127965,0.22727272727272727,0.8345624012638239
15990,feedback_development,4,0.9132954143955678,0.8872180451127819,0.04028436018957346,0.24812030075187969,0.818600315955768
15990,feedback_development,5,0.9150595946613993,0.8391608391608392,0.04265402843601896,0.22377622377622378,0.8229889415481852
15990,feedback_development,6,0.9157724944039618,0.9097744360902256,0.04976303317535545,0.21804511278195488,0.8368088467614545
15991,static_quality,1,0.58,0.6510067114093959,0.20458135860979462,0.46308724832214765,0.5984296998420209
15991,static_quality,2,0.58,0.6783216783216783,0.19036334913112166,0.4125874125874126,0.6521516587677709
15991,static_quality,3,0.58,0.7189542483660131,0.19194312796208532,0.40522875816993464,0.6367551342811995
15991,static_quality,4,0.58,0.6349206349206349,0.2037914691943128,0.48412698412698413,0.6397598736176922
15991,static_quality,5,0.58,0.65,0.19273301737756715,0.42142857142857143,0.6521864139020525
15991,static_quality,6,0.58,0.6818181818181818,0.18246445497630331,0.4166666666666667,0.6748783570300154
15991,linear_development,1,0.7882580188426711,0.8482758620689655,0.1263823064770932,0.296551724137931,0.7479715639810423
15991,linear_development,2,0.8469176422033746,0.8907563025210085,0.08530805687203792,0.2605042016806723,0.8180284360189586
15991,linear_development,3,0.8840299058933705,0.8428571428571429,0.06635071090047394,0.2642857142857143,0.7927077409162734
15991,linear_development,4,0.8976082451677014,0.8636363636363636,0.04739336492890995,0.3409090909090909,0.7562748815165897
15991,linear_development,5,0.9070590304029744,0.912,0.045813586097946286,0.2,0.8581706161137448
15991,linear_development,6,0.9079080488168942,0.8682170542635659,0.04818325434439179,0.26356589147286824,0.8114881516587689
15991,interaction_development,1,0.7286490299504083,0.7398373983739838,0.19510268562401265,0.37398373983739835,0.7173617693522902
15991,interaction_development,2,0.8520900278563441,0.8129496402877698,0.07977883096366509,0.33093525179856115,0.7436777251184847
15991,interaction_development,3,0.8940781084812673,0.8625954198473282,0.04739336492890995,0.2824427480916031,0.7967109004739356
15991,interaction_development,4,0.9102811499361763,0.9136690647482014,0.04344391785150079,0.2517985611510791,0.8073744075829401
15991,interaction_development,5,0.9134313527982209,0.8432835820895522,0.038704581358609796,0.29850746268656714,0.784170616113745
15991,interaction_development,6,0.9141011133039447,0.8512396694214877,0.03949447077409163,0.2727272727272727,0.8187393364928922
15991,feedback_development,1,0.7775291290105353,0.6929824561403509,0.16982622432859398,0.38596491228070173,0.7335545023696679
15991,feedback_development,2,0.8830205039020884,0.8394160583941606,0.0703001579778831,0.34306569343065696,0.741048973143761
15991,feedback_development,3,0.9033882637198483,0.8188405797101449,0.05134281200631911,0.3188405797101449,0.7605118483412338
15991,feedback_development,4,0.9111793573332245,0.8846153846153846,0.04186413902053712,0.23846153846153847,0.8287172195892581
15991,feedback_development,5,0.9137619316878498,0.8943089430894309,0.03238546603475513,0.2601626016260163,0.8256398104265419
15991,feedback_development,6,0.9144961384112492,0.9024390243902439,0.035545023696682464,0.24390243902439024,0.8348214849921016
15992,static_quality,1,0.58,0.6739130434782609,0.19273301737756715,0.4927536231884058,0.6061579778830952
15992,static_quality,2,0.58,0.6666666666666666,0.18167456556082148,0.4533333333333333,0.6090900473933637
15992,static_quality,3,0.58,0.7293233082706767,0.18088467614533965,0.40601503759398494,0.6803064770932066
15992,static_quality,4,0.58,0.7183098591549296,0.19984202211690363,0.4225352112676056,0.6450805687203771
15992,static_quality,5,0.58,0.7039473684210527,0.21642969984202212,0.4407894736842105,0.6056176935229046
15992,static_quality,6,0.58,0.7217391304347827,0.20853080568720378,0.3652173913043478,0.7346729857819899
15992,linear_development,1,0.7837857055732453,0.8733333333333333,0.10505529225908374,0.3466666666666667,0.7073301737756721
15992,linear_development,2,0.8384588818560174,0.8,0.09636650868878358,0.3130434782608696,0.7908278041074248
15992,linear_development,3,0.8775107446632322,0.8536585365853658,0.05766192733017378,0.24390243902439024,0.8301832543443928
15992,linear_development,4,0.8999855377521998,0.8872180451127819,0.04976303317535545,0.24812030075187969,0.8165876777251198
15992,linear_development,5,0.9049298862055342,0.8321167883211679,0.045023696682464455,0.31386861313868614,0.7668120063191165
15992,linear_development,6,0.9048502548332249,0.8222222222222222,0.0339652448657188,0.3037037037037037,0.7800221169036351
15992,interaction_development,1,0.7098430243522404,0.7049180327868853,0.19273301737756715,0.4344262295081967,0.6822527646129536
15992,interaction_development,2,0.8516604943334132,0.7894736842105263,0.10742496050552923,0.2706766917293233,0.7878988941548193
15992,interaction_development,3,0.8931626135632573,0.8604651162790697,0.052132701421800945,0.2868217054263566,0.7957377567140613
15992,interaction_development,4,0.9098352122259872,0.8201438848920863,0.044233807266982623,0.2517985611510791,0.8076271721958937
15992,interaction_development,5,0.9137727731781051,0.8768115942028986,0.03712480252764613,0.2826086956521739,0.7890521327014232
15992,interaction_development,6,0.9141896510607331,0.9032258064516129,0.04344391785150079,0.2661290322580645,0.8175829383886272
15992,feedback_development,1,0.8084166540628662,0.6971830985915493,0.15639810426540285,0.39436619718309857,0.6756113744075836
15992,feedback_development,2,0.8920237856927411,0.8391608391608392,0.05924170616113744,0.32867132867132864,0.7433807266982634
15992,feedback_development,3,0.903098123624676,0.8059701492537313,0.045023696682464455,0.3656716417910448,0.736745655608216
15992,feedback_development,4,0.9110863703883845,0.8679245283018868,0.04897314375987362,0.2578616352201258,0.7760063191153257
15992,feedback_development,5,0.9129723411247781,0.8863636363636364,0.04107424960505529,0.2803030303030303,0.7981548183254359
15992,feedback_development,6,0.9143725806334804,0.8536585365853658,0.03949447077409163,0.23577235772357724,0.839156398104266
15993,static_quality,1,0.58,0.7058823529411765,0.1674565560821485,0.40441176470588236,0.6778009478672982
15993,static_quality,2,0.58,0.5882352941176471,0.18641390205371247,0.5367647058823529,0.5823570300157959
15993,static_quality,3,0.58,0.6230769230769231,0.18562401263823064,0.47692307692307695,0.6391785150078985
15993,static_quality,4,0.58,0.608,0.20458135860979462,0.472,0.6495608214849913
15993,static_quality,5,0.58,0.6578947368421053,0.20221169036334913,0.40350877192982454,0.7158672985781986
15993,static_quality,6,0.58,0.6838235294117647,0.18799368088467613,0.4485294117647059,0.6430710900473918
15993,linear_development,1,0.769388113372169,0.7388059701492538,0.1240126382306477,0.3805970149253731,0.7082559241706162
15993,linear_development,2,0.8357894670386821,0.7913669064748201,0.0995260663507109,0.34532374100719426,0.7292227488151668
15993,linear_development,3,0.8758661241529229,0.8536585365853658,0.06477093206951026,0.25203252032520324,0.8233396524486584
15993,linear_development,4,0.895667979433322,0.8321167883211679,0.053712480252764615,0.32116788321167883,0.7599241706161145
15993,linear_development,5,0.9065204523057506,0.8732394366197183,0.04028436018957346,0.2323943661971831,0.8187393364928923
15993,linear_development,6,0.9064618996817234,0.8769230769230769,0.037914691943127965,0.3,0.78875197472354
15993,interaction_development,1,0.7404233725423822,0.7686567164179104,0.1484992101105845,0.3805970149253731,0.7028562401263813
15993,interaction_development,2,0.8648812276366001,0.8592592592592593,0.08214849921011058,0.2518518518518518,0.8035292259083741
15993,interaction_development,3,0.9009135146104834,0.8852459016393442,0.04818325434439179,0.19672131147540983,0.8621579778830966
15993,interaction_development,4,0.9118982127219065,0.905511811023622,0.04818325434439179,0.2440944881889764,0.8269857819905213
15993,interaction_development,5,0.9156160145769432,0.9066666666666666,0.03317535545023697,0.18666666666666668,0.8453238546603472
15993,interaction_development,6,0.9153396445598196,0.8636363636363636,0.03317535545023697,0.2545454545454545,0.8455039494470777
15993,feedback_development,1,0.7946646930095721,0.7948717948717948,0.1358609794628752,0.3418803418803419,0.7614249605055294
15993,feedback_development,2,0.8784286170362212,0.819047619047619,0.08372827804107424,0.3142857142857143,0.8087867298578207
15993,feedback_development,3,0.9031432176843291,0.8536585365853658,0.04897314375987362,0.2764227642276423,0.8118104265402859
15993,feedback_development,4,0.9084930185827462,0.8098591549295775,0.04028436018957346,0.3380281690140845,0.7425466034755157
15993,feedback_development,5,0.913339605962642,0.8914728682170543,0.04344391785150079,0.2248062015503876,0.838609794628753
15993,feedback_development,6,0.91499501839495,0.916083916083916,0.030015797788309637,0.20279720279720279,0.8409352290679322
15994,static_quality,1,0.58,0.7033898305084746,0.20063191153238547,0.3983050847457627,0.7112259083728266
15994,static_quality,2,0.58,0.6220472440944882,0.19747235387045814,0.4409448818897638,0.6664423380726686
15994,static_quality,3,0.58,0.624,0.1895734597156398,0.488,0.643045813586097
15994,static_quality,4,0.58,0.7258064516129032,0.1966824644549763,0.4274193548387097,0.6813933649289096
15994,static_quality,5,0.58,0.656934306569343,0.19984202211690363,0.45985401459854014,0.6302559241706149
15994,static_quality,6,0.58,0.6363636363636364,0.1895734597156398,0.48484848484848486,0.6274913112164288
15994,linear_development,1,0.7763456171997489,0.7664233576642335,0.12480252764612954,0.34306569343065696,0.7278578199052125
15994,linear_development,2,0.839779580131476,0.7941176470588235,0.09636650868878358,0.3382352941176471,0.7400473933649293
15994,linear_development,3,0.8727196215105981,0.8416666666666667,0.06556082148499211,0.31666666666666665,0.7878072669826233
15994,linear_development,4,0.8954752105907675,0.8984375,0.06003159557661927,0.28125,0.7989921011058464
15994,linear_development,5,0.9069009582872425,0.896551724137931,0.054502369668246446,0.20689655172413793,0.860584518167457
15994,linear_development,6,0.9049887360900353,0.8181818181818182,0.045023696682464455,0.33884297520661155,0.777418641390207
15994,interaction_development,1,0.7126196326332702,0.7364341085271318,0.17772511848341233,0.4496124031007752,0.660603475513427
15994,interaction_development,2,0.8515146138608403,0.8421052631578947,0.11058451816745656,0.2781954887218045,0.7821074249605063
15994,interaction_development,3,0.896736216758773,0.8759124087591241,0.052132701421800945,0.24087591240875914,0.8154881516587688
15994,interaction_development,4,0.9088032779767145,0.8717948717948718,0.044233807266982623,0.28205128205128205,0.8175703001579793
15994,interaction_development,5,0.9144493392508481,0.9084507042253521,0.045813586097946286,0.21830985915492956,0.8274375987361777
15994,interaction_development,6,0.9157733416716498,0.9115646258503401,0.0315955766192733,0.19727891156462585,0.8409889415481835
15994,feedback_development,1,0.8213740653793506,0.7761194029850746,0.15086887835703003,0.3208955223880597,0.7424676145339649
15994,feedback_development,2,0.893032809967821,0.8515625,0.07661927330173776,0.3046875,0.7802654028436029
15994,feedback_development,3,0.9049078323627768,0.8923076923076924,0.04107424960505529,0.3230769230769231,0.7731721958925768
15994,feedback_development,4,0.9107051760982241,0.8571428571428571,0.04818325434439179,0.29285714285714287,0.7762338072669837
15994,feedback_development,5,0.913619618646814,0.890625,0.04897314375987362,0.234375,0.8316208530805693
15994,feedback_development,6,0.9147120116401244,0.9044117647058824,0.04265402843601896,0.22794117647058823,0.8282938388625604
15995,static_quality,1,0.58,0.6541353383458647,0.19194312796208532,0.46616541353383456,0.6369099526066335
15995,static_quality,2,0.58,0.6190476190476191,0.20853080568720378,0.4603174603174603,0.6537788309636636
15995,static_quality,3,0.58,0.6503496503496503,0.2156398104265403,0.44755244755244755,0.6212511848341218
15995,static_quality,4,0.58,0.6016949152542372,0.19589257503949448,0.5169491525423728,0.6414249605055277
15995,static_quality,5,0.58,0.6415094339622641,0.2014218009478673,0.44339622641509435,0.7112827804107422
15995,static_quality,6,0.58,0.6842105263157895,0.19826224328593997,0.39849624060150374,0.6810521327014211
15995,linear_development,1,0.7746594150934615,0.7795275590551181,0.11216429699842022,0.31496062992125984,0.7670394944707741
15995,linear_development,2,0.8358148192318215,0.8620689655172413,0.11216429699842022,0.28448275862068967,0.8021990521327027
15995,linear_development,3,0.8798559111102813,0.8506493506493507,0.060821484992101105,0.2922077922077922,0.7526382306477102
15995,linear_development,4,0.896276131887515,0.8548387096774194,0.04265402843601896,0.31451612903225806,0.7875892575039514
15995,linear_development,5,0.9063928220527624,0.8731343283582089,0.05055292259083728,0.23134328358208955,0.8261358609794641
15995,linear_development,6,0.9063008279304952,0.8559322033898306,0.04107424960505529,0.2966101694915254,0.8083759873617705
15995,interaction_development,1,0.7492707624122512,0.75,0.160347551342812,0.3409090909090909,0.730391785150078
15995,interaction_development,2,0.8576501679592907,0.8357142857142857,0.08609794628751975,0.34285714285714286,0.7320000000000016
15995,interaction_development,3,0.8989424521849243,0.8378378378378378,0.06477093206951026,0.28378378378378377,0.7674470774091642
15995,interaction_development,4,0.9110544891688339,0.9153846153846154,0.04186413902053712,0.24615384615384617,0.8232195892575052
15995,interaction_development,5,0.914290855896027,0.8580246913580247,0.04265402843601896,0.24691358024691357,0.7821137440758305
15995,interaction_development,6,0.9139651960657258,0.851063829787234,0.030805687203791468,0.2765957446808511,0.7905497630331773
15995,feedback_development,1,0.8226244333971291,0.7571428571428571,0.1334913112164297,0.34285714285714286,0.7212448657187989
15995,feedback_development,2,0.8953014034445554,0.8125,0.053712480252764615,0.3263888888888889,0.7447456556082148
15995,feedback_development,3,0.9082195484860508,0.8582089552238806,0.04739336492890995,0.2462686567164179,0.8168815165876792
15995,feedback_development,4,0.9131173788224312,0.8904109589041096,0.035545023696682464,0.2465753424657534,0.8043791469194342
15995,feedback_development,5,0.9149191168124581,0.9236641221374046,0.03317535545023697,0.21374045801526717,0.8451943127962084
15995,feedback_development,6,0.9152133700570075,0.9191176470588235,0.037914691943127965,0.23529411764705882,0.8236082148499222
15996,static_quality,1,0.58,0.6574074074074074,0.21721958925750395,0.4444444444444444,0.702085308056872
15996,static_quality,2,0.58,0.5570469798657718,0.1943127962085308,0.5033557046979866,0.5706571879936783
15996,static_quality,3,0.58,0.6384615384615384,0.20300157977883096,0.47692307692307695,0.6340947867298559
15996,static_quality,4,0.58,0.7304964539007093,0.1943127962085308,0.3900709219858156,0.6716113744075827
15996,static_quality,5,0.58,0.684931506849315,0.2037914691943128,0.4041095890410959,0.6493902053712476
15996,static_quality,6,0.58,0.6715328467153284,0.18562401263823064,0.46715328467153283,0.6282432859399669
15996,linear_development,1,0.7727311820732901,0.8099173553719008,0.12164296998420221,0.2975206611570248,0.7848404423380727
15996,linear_development,2,0.841427571669693,0.8201438848920863,0.0947867298578199,0.30935251798561153,0.7555734597156402
15996,linear_development,3,0.8845134235728778,0.8794326241134752,0.05845181674565561,0.2198581560283688,0.8243159557661937
15996,linear_development,4,0.9015477038387276,0.8376068376068376,0.05529225908372828,0.23931623931623933,0.8406919431279619
15996,linear_development,5,0.9071052377232018,0.9191176470588235,0.045023696682464455,0.27205882352941174,0.7966761453396539
15996,linear_development,6,0.9100051415743622,0.907563025210084,0.04344391785150079,0.19327731092436976,0.868477093206951
15996,interaction_development,1,0.7638365735539577,0.7341772151898734,0.16350710900473933,0.3924050632911392,0.6431721958925746
15996,interaction_development,2,0.8720581247470255,0.8880597014925373,0.08293838862559241,0.2462686567164179,0.808619273301738
15996,interaction_development,3,0.9000071351655947,0.8633093525179856,0.05687203791469194,0.30935251798561153,0.7646413902053721
15996,interaction_development,4,0.9104183511766737,0.9024390243902439,0.045813586097946286,0.2764227642276423,0.8120884676145352
15996,interaction_development,5,0.9129062618168405,0.8246753246753247,0.04344391785150079,0.3051948051948052,0.7470647709320708
15996,interaction_development,6,0.914414345609199,0.9583333333333334,0.045813586097946286,0.225,0.8478799368088469
15996,feedback_development,1,0.7900967424199024,0.7863247863247863,0.16192733017377567,0.358974358974359,0.7454344391785153
15996,feedback_development,2,0.8862437787196997,0.8473282442748091,0.06556082148499211,0.32061068702290074,0.7674123222748825
15996,feedback_development,3,0.9058368619862236,0.875,0.04265402843601896,0.2708333333333333,0.7873649289099545
15996,feedback_development,4,0.9116774999118804,0.8846153846153846,0.04265402843601896,0.25384615384615383,0.818255924170617
15996,feedback_development,5,0.9146155976656263,0.8962962962962963,0.02764612954186414,0.21481481481481482,0.8416556082148505
15996,feedback_development,6,0.9147272983559113,0.8357142857142857,0.03317535545023697,0.2714285714285714,0.7945434439178529
15997,static_quality,1,0.58,0.6693548387096774,0.19194312796208532,0.5241935483870968,0.6218388625592401
15997,static_quality,2,0.58,0.6541353383458647,0.19589257503949448,0.43609022556390975,0.6568372827804099
15997,static_quality,3,0.58,0.7068965517241379,0.20853080568720378,0.3620689655172414,0.7343854660347547
15997,static_quality,4,0.58,0.725,0.1895734597156398,0.375,0.7236650868878357
15997,static_quality,5,0.58,0.648,0.19352290679304898,0.464,0.6571753554502363
15997,static_quality,6,0.58,0.6929133858267716,0.1872037914691943,0.4645669291338583,0.6534818325434424
15997,linear_development,1,0.7721295524862372,0.7357142857142858,0.1382306477093207,0.38571428571428573,0.6898483412322268
15997,linear_development,2,0.8419514640307554,0.8814814814814815,0.08214849921011058,0.2814814814814815,0.7836113744075841
15997,linear_development,3,0.8825473399622954,0.841726618705036,0.05608214849921011,0.2517985611510791,0.8047614533965256
15997,linear_development,4,0.9012038821810128,0.8992248062015504,0.05687203791469194,0.26356589147286824,0.8094123222748821
15997,linear_development,5,0.9070820701858606,0.8840579710144928,0.045023696682464455,0.2536231884057971,0.8072859399684054
15997,linear_development,6,0.9045069001049495,0.8384615384615385,0.04028436018957346,0.34615384615384615,0.7583949447077423
15997,interaction_development,1,0.7241979406124436,0.7310924369747899,0.16350710900473933,0.3697478991596639,0.734963665086888
15997,interaction_development,2,0.8666380648236197,0.863013698630137,0.08767772511848342,0.23972602739726026,0.7971974723538713
15997,interaction_development,3,0.8985693070184098,0.8682170542635659,0.04660347551342812,0.27906976744186046,0.8020094786729868
15997,interaction_development,4,0.9092833544239685,0.8088235294117647,0.04739336492890995,0.3235294117647059,0.7616745655608226
15997,interaction_development,5,0.9131176163605064,0.8832116788321168,0.035545023696682464,0.27007299270072993,0.7993870458135874
15997,interaction_development,6,0.91303162580385,0.8152866242038217,0.04107424960505529,0.29936305732484075,0.7472638230647725
15997,feedback_development,1,0.816524488219863,0.7753623188405797,0.13507109004739337,0.35507246376811596,0.715529225908372
15997,feedback_development,2,0.8905719825548452,0.848,0.06003159557661927,0.312,0.7838199052132712
15997,feedback_development,3,0.9076599423904221,0.8918918918918919,0.03712480252764613,0.25,0.7990047393364949
15997,feedback_development,4,0.9128499002776709,0.8880597014925373,0.035545023696682464,0.2462686567164179,0.8195639810426555
15997,feedback_development,5,0.9134732890449351,0.8181818181818182,0.035545023696682464,0.3076923076923077,0.7642843601895746
15997,feedback_development,6,0.9142329585520274,0.9185185185185185,0.04028436018957346,0.25925925925925924,0.8084423380726713
15998,static_quality,1,0.58,0.6423357664233577,0.19589257503949448,0.45255474452554745,0.63644549763033
15998,static_quality,2,0.58,0.6853146853146853,0.1848341232227488,0.4195804195804196,0.6485971563981043
15998,static_quality,3,0.58,0.7246376811594203,0.18878357030015797,0.34782608695652173,0.7086919431279617
15998,static_quality,4,0.58,0.640625,0.18246445497630331,0.4765625,0.6441042654028423
15998,static_quality,5,0.58,0.6118421052631579,0.18878357030015797,0.5,0.5667962085308036
15998,static_quality,6,0.58,0.6148148148148148,0.18799368088467613,0.4740740740740741,0.6280726698262232
15998,linear_development,1,0.7663155023905801,0.7164179104477612,0.13428120063191154,0.39552238805970147,0.6957977883096371
15998,linear_development,2,0.843909910234106,0.8211920529801324,0.08530805687203792,0.2980132450331126,0.7476461295418647
15998,linear_development,3,0.8794027756007823,0.8380281690140845,0.0631911532385466,0.31690140845070425,0.7521706161137454
15998,linear_development,4,0.8996903750630809,0.8134328358208955,0.045023696682464455,0.26865671641791045,0.8028309636650881
15998,linear_development,5,0.9053557511703574,0.8832116788321168,0.045023696682464455,0.27007299270072993,0.7972448657188015
15998,linear_development,6,0.9058854181400198,0.8455284552845529,0.04660347551342812,0.3008130081300813,0.7969067930489734
15998,interaction_development,1,0.7321059509109613,0.7109375,0.146129541864139,0.3828125,0.7134660347551343
15998,interaction_development,2,0.8480951243814546,0.8088235294117647,0.09162717219589257,0.3602941176470588,0.7258104265402852
15998,interaction_development,3,0.8924415035062137,0.8432835820895522,0.06240126382306477,0.291044776119403,0.783150078988943
15998,interaction_development,4,0.9089426443470663,0.8656716417910447,0.0339652448657188,0.26119402985074625,0.8097725118483418
15998,interaction_development,5,0.9137562835852698,0.910958904109589,0.036334913112164295,0.2465753424657534,0.8045687203791488
15998,interaction_development,6,0.9132896789753581,0.8633093525179856,0.03712480252764613,0.33093525179856115,0.7532922590837299
15998,feedback_development,1,0.8124770249633079,0.7412587412587412,0.13665086887835703,0.38461538461538464,0.6851595576619275
15998,feedback_development,2,0.8823761379105515,0.8203125,0.05292259083728278,0.3984375,0.724515007898895
15998,feedback_development,3,0.9048695977062864,0.8768115942028986,0.045023696682464455,0.26811594202898553,0.7971816745655631
15998,feedback_development,4,0.9112314973728771,0.8547008547008547,0.04028436018957346,0.23931623931623933,0.8437030015797784
15998,feedback_development,5,0.9123816983927326,0.8740740740740741,0.04265402843601896,0.31851851851851853,0.7674218009478689
15998,feedback_development,6,0.9143507588553046,0.9133858267716536,0.038704581358609796,0.2125984251968504,0.8497377567140608
15999,static_quality,1,0.58,0.696551724137931,0.20063191153238547,0.4206896551724138,0.6399336492890971
15999,static_quality,2,0.58,0.625,0.19589257503949448,0.49264705882352944,0.6110774091627155
15999,static_quality,3,0.58,0.7338709677419355,0.19747235387045814,0.4032258064516129,0.6962527646129537
15999,static_quality,4,0.58,0.656934306569343,0.19510268562401265,0.4744525547445255,0.6210363349131104
15999,static_quality,5,0.58,0.7131782945736435,0.2014218009478673,0.4186046511627907,0.6755766192733006
15999,static_quality,6,0.58,0.7238095238095238,0.1895734597156398,0.37142857142857144,0.7542116903633489
15999,linear_development,1,0.7846155705656328,0.7972972972972973,0.12085308056872038,0.3310810810810811,0.7191153238546608
15999,linear_development,2,0.8379748959194486,0.7936507936507936,0.07582938388625593,0.36507936507936506,0.7449984202211696
15999,linear_development,3,0.8716069277453593,0.8429752066115702,0.07424960505529225,0.32231404958677684,0.7805750394944717
15999,linear_development,4,0.8940730320048085,0.7933333333333333,0.04897314375987362,0.3333333333333333,0.7307835703001596
15999,linear_development,5,0.9054439251756093,0.8814814814814815,0.04265402843601896,0.23703703703703705,0.8227614533965254
15999,linear_development,6,0.9074784922089385,0.905511811023622,0.04660347551342812,0.23622047244094488,0.8323254344391797
15999,interaction_development,1,0.7386509470679145,0.7205882352941176,0.16903633491311215,0.39705882352941174,0.6830679304897305
15999,interaction_development,2,0.8337431500651988,0.7142857142857143,0.09873617693522907,0.4365079365079365,0.694268562401265
15999,interaction_development,3,0.8892716938185127,0.8880597014925373,0.05845181674565561,0.27611940298507465,0.7940063191153264
15999,interaction_development,4,0.9051051532889522,0.872,0.03475513428120063,0.312,0.7895955766192746
15999,interaction_development,5,0.9115422920344844,0.8981481481481481,0.05134281200631911,0.2777777777777778,0.831620853080569
15999,interaction_development,6,0.9134518253595634,0.8533333333333334,0.04344391785150079,0.28,0.7721137440758317
15999,feedback_development,1,0.8115806071309785,0.7669172932330827,0.1382306477093207,0.3533834586466165,0.7250205371248022
15999,feedback_development,2,0.8898896856362608,0.8181818181818182,0.06635071090047394,0.2892561983471074,0.80266982622433
15999,feedback_development,3,0.9054420631761637,0.8208955223880597,0.0315955766192733,0.291044776119403,0.7904233807266992
15999,feedback_development,4,0.9096818421304524,0.8027210884353742,0.037914691943127965,0.3401360544217687,0.7333996840442346
15999,feedback_development,5,0.9143477279501633,0.9323308270676691,0.0339652448657188,0.17293233082706766,0.870515007898894
15999,feedback_development,6,0.9147017774734527,0.9212598425196851,0.0315955766192733,0.25196850393700787,0.8257598736176948
